Tool ID,Timestamp,Frame #,Tx,Ty,Tz,R00,R01,R02,R10,R11,R12,R20,R21,R22,Tracking Quality
1,1784432977.4247265,93,-91.54,10.9,-2191.86,0.8572247577623161,0.5149365061747229,-0.0024716973738792983,-0.512637048129541,0.8529234550701279,-0.09861458652890026,-0.04867208198103991,0.08580194869468252,0.9951226326618372,0.1605
1,1784432977.4759803,96,-91.55,10.9,-2191.8,0.8571533502043589,0.5150473716719797,-0.0037867092876993557,-0.5129558061825582,0.8529622979928138,-0.09660051297182867,-0.046523920052438564,0.08474386784071337,0.995316031080757,0.1453
1,1784432977.5354671,99,-91.54,10.91,-2191.81,0.8569656582590908,0.5153545090276287,-0.004426125783928958,-0.5134180089863123,0.8529351137665271,-0.09435909999895384,-0.04485318955318937,0.08313496093084664,0.9955283871683079,0.1776
1,1784432977.5955827,102,-91.55,10.91,-2191.82,0.8572399853594389,0.5149071451191718,-0.0031999072132329505,-0.5127589506253535,0.853062240368737,-0.09676297127857081,-0.047094225278004734,0.08458986914693364,0.9953023098451893,0.1154
1,1784432977.6542232,105,-91.55,10.91,-2191.78,0.856957783537979,0.5153707663744925,-0.004041088992111106,-0.5133973889865202,0.8529357374156284,-0.09446559596531197,-0.04523801736921753,0.08302771227624002,0.9955199248526752,0.12250000000000001
1,1784432977.715584,111,-91.54,10.91,-2191.8,0.8571338727998837,0.5150854848374825,-0.0029098812361588386,-0.5129277279876546,0.8529984688867845,-0.09643006760458046,-0.04718760388593066,0.0841460360714455,0.9953355085864101,0.13520000000000001
1,1784432977.7755337,114,-91.55,10.91,-2191.81,0.8571720631622177,0.5150084432401518,-0.004728374517988156,-0.51304663891228,0.8530299294684635,-0.09551484560968015,-0.04515750696218491,0.08429853392784253,0.9954167753974094,0.12240000000000001
1,1784432977.8355026,117,-91.55,10.92,-2191.82,0.8570583406705967,0.5152031730984368,-0.004085476259322942,-0.5132254276358462,0.8530176531405971,-0.09466014926309137,-0.045284225895627056,0.0832260407553432,0.9955012631961969,0.1355
1,1784432977.8952801,120,-91.55,10.91,-2191.78,0.857139667969759,0.5150741938974207,-0.0031881614785445405,-0.5129629555912018,0.8530324931101501,-0.0959404601272076,-0.046696849827688486,0.08386978287323685,0.9953819687622265,0.1413
1,1784432977.9491358,123,-91.55,10.9,-2191.81,0.8570404647228539,0.51523918609992,-0.0031973324392124023,-0.5131280605701921,0.8529335092571272,-0.09593759555979947,-0.0467036966749753,0.08386304247649494,0.995382215444639,0.135
1,1784432978.0129147,126,-91.54,10.91,-2191.81,0.857024378360927,0.5152700459725619,-0.002448391002336582,-0.5130467343675678,0.8528656799642992,-0.09696999687433061,-0.04787758609036926,0.08436179029908797,0.9952842936004224,0.128
1,1784432978.0613904,129,-91.55,10.91,-2191.83,0.8571681437296395,0.5150166982562774,-0.004535845267076032,-0.5130362142573464,0.8530302396385839,-0.09556805492752467,-0.04534993093241091,0.08424494512635633,0.9954125642089731,0.1499
1,1784432978.106894,132,-91.55,10.92,-2191.8,0.8571546974452197,0.5150447343897205,-0.00384008138149716,-0.5129487479774669,0.8529448220035288,-0.09679211003856654,-0.046576889075413935,0.08493557673196245,0.9952972124994954,0.1408
1,1784432978.165945,138,-91.54,10.9,-2191.82,0.8570486625531967,0.515223240270253,-0.003550028337599849,-0.5131174099134704,0.8528810866620699,-0.09645919167097687,-0.04667026526031682,0.08449180255828184,0.995330609215342,0.1268
1,1784432978.225476,141,-91.54,10.91,-2191.8,0.8571534994435097,0.515046642783237,-0.003851512619998193,-0.5130188044051364,0.8530657357507547,-0.09534441155488993,-0.04582122563255724,0.08370069441611888,0.9954368935476472,0.1255
1,1784432978.2772372,144,-91.55,10.91,-2191.78,0.857147863672206,0.5150582514833415,-0.0035408164449172324,-0.512952308635846,0.8529800651546072,-0.09646210403053616,-0.04666335679448615,0.08449855636497623,0.9953303597825727,0.1451
1,1784432978.3314164,147,-91.55,10.91,-2191.83,0.8570530275705088,0.5152139029041086,-0.003839555513422601,-0.5132219805756366,0.8530350760246556,-0.09452173149932824,-0.04542363466572979,0.08298068043783484,0.9955153941993206,0.1525
1,1784432978.3913982,150,-91.55,10.91,-2191.76,0.85717728113058,0.5149974420913854,-0.004974269083664595,-0.5130501748967765,0.853012292964333,-0.09565325969415758,-0.04501807139331584,0.08454385069927303,0.9954022857905065,0.1368
1,1784432978.4512413,153,-91.55,10.91,-2191.77,0.857039130717519,0.515241733649851,-0.0031439345500572434,-0.5131351090740698,0.8529507996266099,-0.09574598295421552,-0.04665070475889403,0.08367131719904063,0.9954008350527318,0.13670000000000002
1,1784432978.509258,156,-91.55,10.91,-2191.84,0.8571695472433939,0.5150141774299188,-0.0045567888626816926,-0.5129979660857464,0.8529610156133058,-0.09638772035796361,-0.0457542792582533,0.08495824203749643,0.9953334330963949,0.1446
1,1784432978.5580928,159,-91.55,10.91,-2191.83,0.857154769246892,0.5150443722874771,-0.003872483996848364,-0.5129804077294172,0.8529968148274029,-0.09616410546594845,-0.04622556482151442,0.08441403005012775,0.9953579600764882,0.1291
1,1784432978.619325,165,-91.55,10.91,-2191.8,0.8571423427697304,0.5150690708378983,-0.0032949199386943817,-0.5129488305242594,0.8529977984458681,-0.09632368924775078,-0.046802793666755736,0.08425323799526492,0.9953446088628303,0.13470000000000001
1,1784432978.680327,168,-91.54,10.91,-2191.81,0.8570449292189123,0.515230099772317,-0.003454502678819388,-0.513201298840677,0.8530357169183774,-0.09462818042101481,-0.045808472670369124,0.08287345745266181,0.9955066920324795,0.137
1,1784432978.7409813,171,-91.54,10.91,-2191.79,0.8570377995469721,0.515244270940855,-0.003090535602523867,-0.5131421474450703,0.8529680532537152,-0.09555436486120847,-0.04659771092173374,0.08347958667359319,0.9954194150937887,0.14800000000000002
1,1784432978.8002832,174,-91.55,10.91,-2191.78,0.8571615241160675,0.5150302641732503,-0.0042365741646032936,-0.5130396252373648,0.8530651008547384,-0.09523799997899536,-0.04543637872150809,0.08380787963746004,0.9954455157362198,0.1472
1,1784432978.8612747,177,-91.56,10.91,-2191.83,0.8570739431326388,0.5151705341695966,-0.0048555871408657416,-0.5132667071215578,0.8530164182378277,-0.09444722112005369,-0.04451452980390913,0.08344046344621861,0.9955180288152582,0.1399
1,1784432978.9063728,180,-91.54,10.9,-2191.79,0.8571534305380802,0.5150469987417661,-0.0038191103545259413,-0.5129874156593127,0.8530141806375987,-0.0959724908833043,-0.046172588101386865,0.08422230534879488,0.995376660058771,0.139
1,1784432978.9672496,186,-91.55,10.91,-2191.79,0.8570715227281124,0.515176148839635,-0.004684078914465719,-0.5132186316827051,0.8529482346729816,-0.09532022378265727,-0.04511142895371908,0.08410020591536241,0.9954356404824709,0.1295
1,1784432979.0275793,189,-91.55,10.91,-2191.81,0.8571467794835689,0.5150599771976974,-0.003552226070172618,-0.513022303336641,0.8531004585116269,-0.09501433558373999,-0.04590767583001427,0.08326360295086621,0.9954695664476774,0.1466
1,1784432979.0732493,192,-91.55,10.91,-2191.79,0.8570381933361173,0.5152432241537563,-0.003155174607882912,-0.513204828324344,0.853070144927687,-0.09429810187716235,-0.04589487278274968,0.08243632571080023,0.9955390061949146,0.1426
1,1784432979.133248,195,-91.55,10.9,-2191.82,0.8570250398213546,0.5152686347946875,-0.0025129894597103633,-0.5131107175376923,0.8529690635117176,-0.0957139918710849,-0.047174915656099756,0.08331872951961397,0.9954057045466825,0.1505
1,1784432979.19459,198,-91.54,10.91,-2191.83,0.8570910443092132,0.5151462333475018,-0.004393180263028586,-0.5132450093695623,0.853130167688871,-0.09353329533592193,-0.04443537017039462,0.08242132762240766,0.995606459717282,0.1312
1,1784432979.2398436,201,-91.54,10.91,-2191.82,0.8571354514768007,0.5150823662022365,-0.002995638357033368,-0.5129524492070077,0.853032826788585,-0.09599365225684414,-0.046889259689113456,0.08381618249825584,0.9953774384007434,0.12710000000000002
1,1784432979.2937107,204,-91.55,10.9,-2191.77,0.8571520946616923,0.5150496149422791,-0.003765735636456583,-0.5129944134586693,0.8530315097054211,-0.09578087079310944,-0.04611960946570913,0.0840305753728991,0.9953953204758551,0.1441
1,1784432979.3412359,207,-91.55,10.91,-2191.82,0.857166810824085,0.515019383934981,-0.004482476201823375,-0.5130431223588615,0.8530475320995473,-0.09537642569913013,-0.04529694274382611,0.08405321023080643,0.9954311853804653,0.1274
1,1784432979.39025,210,-91.55,10.91,-2191.81,0.8570488968961156,0.5152224008292289,-0.003614694028074547,-0.5131804539637147,0.8529842864407376,-0.09520309214926338,-0.045967488497271024,0.08344869542989267,0.9954513073135733,0.139
1,1784432979.4501874,213,-91.54,10.91,-2191.8,0.8570663179248234,0.5151872625482204,-0.004405812848567233,-0.5131839438865946,0.8529142403708356,-0.09580990715808568,-0.04560226327482153,0.08437643676235364,0.995389898734914,0.1252
1,1784432979.510535,216,-91.55,10.91,-2191.81,0.8570543903134764,0.5152109899015828,-0.003925293495561565,-0.5132460326396432,0.8530688634141755,-0.09408519677883918,-0.04512518170668518,0.08265077227635464,0.9955564111681772,0.10980000000000001
1,1784432979.5705762,222,-91.55,10.91,-2191.8,0.8570207123268665,0.5152767353908437,-0.002320475749636213,-0.5131002204708999,0.8529694061433748,-0.09576719655566963,-0.04736731357660139,0.08326510762842275,0.995401054578587,0.1145
1,1784432979.63012,225,-91.54,10.91,-2191.79,0.8570622969843747,0.5151950288765396,-0.004278002894910386,-0.5132357628423527,0.8530173400065013,-0.09460692040152671,-0.04509180443822847,0.08327964858916151,0.9955055144515124,0.1393
1,1784432979.6902165,228,-91.54,10.9,-2191.8,0.8572713365993422,0.5148435581825845,-0.004686794541384503,-0.5128503011885535,0.8530770949855673,-0.09614592337585239,-0.04550191222341546,0.08482676823315281,0.9953562153194863,0.16570000000000001
1,1784432979.7501206,231,-91.55,10.9,-2191.78,0.857063619406452,0.5151923828256469,-0.004331393349043083,-0.5132288941217381,0.8530001963768755,-0.094798561273836,-0.045144817293791425,0.08347139425841384,0.9954870525587295,0.1197
1,1784432979.810098,234,-91.55,10.91,-2191.84,0.8571534305380802,0.5150469987417661,-0.0038191103545259413,-0.5129874156593127,0.8530141806375987,-0.0959724908833043,-0.046172588101386865,0.08422230534879488,0.995376660058771,0.15280000000000002
1,1784432979.8704903,240,-91.54,10.91,-2191.83,0.857164153510482,0.5150247245341141,-0.0043757348204195535,-0.5130569081581401,0.8530820067790121,-0.09499315081153621,-0.04519096068760267,0.08366972468254838,0.9954683090102255,0.1332
1,1784432979.9308991,243,-91.55,10.91,-2191.82,0.8571548296196033,0.5150440271578981,-0.003904887804140046,-0.5130118467607394,0.8530484801390864,-0.09553604354132739,-0.04587420999782225,0.08389243482799287,0.9954183121862419,0.1338
1,1784432979.991741,246,-91.56,10.91,-2191.86,0.8571694794674837,0.5150140023254127,-0.004589213244465902,-0.5130292960221778,0.8530129104328867,-0.09575967866385514,-0.045402917223808445,0.0844366747543742,0.9953939034693714,0.1406
1,1784432980.0510712,249,-91.56,10.91,-2191.79,0.8572525243501143,0.5148823555611357,-0.003777489533087314,-0.5127906783796881,0.8530612483315136,-0.09660345108731175,-0.04651698251451536,0.0847506137257748,0.9953157809513765,0.1359
1,1784432980.1120455,252,-91.54,10.91,-2191.78,0.8571574551611483,0.515039088619357,-0.003979228041561802,-0.5129663614808326,0.8529619729881969,-0.09654731806320993,-0.0463315125026183,0.08479746358367742,0.9953204414252703,0.12760000000000002
1,1784432980.1570344,255,-91.54,10.91,-2191.8,0.8570865773075823,0.5151431807561965,-0.005486558079734079,-0.5132908100227179,0.8529983790955922,-0.09447914905689224,-0.04399026421147928,0.08379301033308806,0.9955117217159842,0.1521
1,1784432980.2175355,261,-91.55,10.91,-2191.81,0.8570675385548961,0.5151842083293197,-0.004523919046987831,-0.5132392389990935,0.8529998861483807,-0.09474533119093985,-0.04495239601047843,0.08352500056235677,0.9954912638360899,0.1237
1,1784432980.2784657,264,-91.55,10.91,-2191.79,0.8570715227281124,0.515176148839635,-0.004684078914465719,-0.5132186316827051,0.8529482346729816,-0.09532022378265727,-0.04511142895371908,0.08410020591536241,0.9954356404824709,0.14980000000000002
1,1784432980.339231,267,-91.55,10.91,-2191.79,0.8571505553939546,0.5150530270337719,-0.003647565103472293,-0.5129381625778847,0.8529451499837917,-0.09684530184965426,-0.04676929290740695,0.08488197960978462,0.9952927623460674,0.15990000000000001
1,1784432980.3892741,270,-91.55,10.91,-2191.83,0.8571506642188531,0.5150526154771916,-0.0036799618589474408,-0.5129698922085991,0.8529971397611171,-0.09621730222185354,-0.046417976223412885,0.08436043414692392,0.9953535495661153,0.1325
1,1784432980.4376519,273,-91.55,10.91,-2191.81,0.857030661433214,0.5152580264288605,-0.002758906302060415,-0.5131141262399562,0.8529514702648666,-0.0958524012532235,-0.04703550591153773,0.08356408064257158,0.9953917347507,0.1343
1,1784432980.489307,276,-91.56,10.91,-2191.82,0.8572606980055614,0.5148657775055775,-0.004162548329438989,-0.5128117791617909,0.8530606016630009,-0.09649709344471204,-0.04613214506107748,0.08485776949658826,0.9953245622148222,0.15130000000000002
1,1784432980.548992,279,-91.55,10.91,-2191.79,0.8570557042639476,0.5152083945588951,-0.003978688813471461,-0.5132391744454762,0.8530518300774287,-0.09427685302382409,-0.045178198316828906,0.08284253362612379,0.9955380680914465,0.15280000000000002
1,1784432980.6054137,282,-91.54,10.91,-2191.79,0.8571494314068266,0.5150548165802,-0.0036589829857691246,-0.5130083786629501,0.853066057605667,-0.09539761413544884,-0.04601364646020602,0.08364709964285257,0.9954325226055123,0.153
1,1784432980.6544209,285,-91.54,10.91,-2191.77,0.8569443752671659,0.515397621995214,-0.0034101231128855114,-0.5133733114659788,0.8529537631072606,-0.09443368612745194,-0.04576221992453641,0.08267508235763364,0.9955253135831035,0.1345
1,1784432980.7150598,291,-91.55,10.91,-2191.8,0.8571494314068266,0.5150548165802,-0.0036589829857691246,-0.5130083786629501,0.853066057605667,-0.09539761413544884,-0.04601364646020602,0.08364709964285257,0.9954325226055123,0.108
1,1784432980.7749028,294,-91.55,10.91,-2191.78,0.857158837143258,0.5150361187587564,-0.004065006904534672,-0.512990913035069,0.8529964928328485,-0.09611090655230968,-0.04603315164817773,0.08446762450061321,0.9953623306919743,0.1345
1,1784432980.834757,297,-91.55,10.91,-2191.81,0.8571668615390222,0.5150195806860067,-0.004450054983069598,-0.5130118929980837,0.8529958576613721,-0.09600450226454472,-0.0456483200333309,0.08457480903052583,0.9953709522361924,0.13290000000000002
1,1784432980.8948767,300,-91.55,10.91,-2191.83,0.8570636475023029,0.5151926070895465,-0.004299038302263328,-0.5131978123508326,0.852948858270858,-0.0954266764210057,-0.04549625839965029,0.08399299241434313,0.9954271785002238,0.17270000000000002
1,1784432980.9558454,303,-91.55,10.91,-2191.81,0.8570393247700373,0.5152412126398481,-0.003176254891729585,-0.5131666102068031,0.8530021194702714,-0.09511789709662277,-0.046299308489193065,0.08314972625717713,0.9954609470274457,0.1463
1,1784432981.0161235,309,-91.55,10.91,-2191.78,0.8571465220596335,0.5150608483274736,-0.003487440502380106,-0.5129593664733131,0.8529974676339519,-0.09627049681684689,-0.046610385842338196,0.08430683679422761,0.9953490991613846,0.124
1,1784432981.0768278,312,-91.54,10.91,-2191.8,0.8570583406705967,0.5152031730984368,-0.004085476259322942,-0.5132254276358462,0.8530176531405971,-0.09466014926309137,-0.045284225895627056,0.0832260407553432,0.9955012631961969,0.12860000000000002
1,1784432981.1218257,315,-91.54,10.91,-2191.78,0.8571411839350935,0.5150711331559528,-0.0032739260512040297,-0.5129874965298978,0.8530667101291075,-0.09550401286589603,-0.04639848280207117,0.08353990578725771,0.9954236610281684,0.1487
1,1784432981.1840405,318,-91.55,10.91,-2191.78,0.857141003953419,0.5150716374953193,-0.003241541240759878,-0.5129558981220923,0.8530151641490836,-0.09613207744280626,-0.04674982271071026,0.08406151306990856,0.9953633085948642,0.1678
1,1784432981.2435725,321,-91.55,10.91,-2191.79,0.8571479895627042,0.5150578182670201,-0.003573210129804473,-0.5129839377177309,0.8530318345685287,-0.09583406939216241,-0.04631202470445142,0.08397697931378467,0.995390909800319,0.1424
1,1784432981.2872546,324,-91.55,10.91,-2191.78,0.8571694002510125,0.5150138442113481,-0.004621638667074037,-0.5130604051954636,0.8530644777107208,-0.09513157987126027,-0.04505152487970147,0.08391505907037547,0.9954539783270893,0.11720000000000001
1,1784432981.3495014,327,-91.54,10.91,-2191.8,0.8570503166493472,0.5152194305190684,-0.0037004252270397726,-0.5132047265567872,0.8530182882253702,-0.09476660061874592,-0.04566906361014282,0.08311882078486518,0.9954926409875196,0.1283
1,1784432981.4050539,330,-91.54,10.91,-2191.79,0.8570726236447032,0.5151732297665222,-0.004802200611696006,-0.5132735060182341,0.853033525215114,-0.09425557213674622,-0.04446150940459376,0.0832487128489418,0.9955364513620081,0.15660000000000002
1,1784432981.456233,333,-91.55,10.91,-2191.77,0.8571760787702604,0.515000264897149,-0.0048884700987928825,-0.5130259134823408,0.852977831524233,-0.09608970300623808,-0.045316465877761586,0.08487370667105038,0.9953606742464091,0.1411
1,1784432981.5163045,339,-91.55,10.91,-2191.79,0.857166810824085,0.515019383934981,-0.004482476201823375,-0.5130431223588615,0.8530475320995473,-0.09537642569913013,-0.04529694274382611,0.08405321023080643,0.9954311853804653,0.13240000000000002
1,1784432981.5771673,342,-91.55,10.9,-2191.8,0.8570223857666353,0.5152735589958987,-0.002406178415021959,-0.5131248832181632,0.8530034603129587,-0.09533074486473471,-0.04706893367403775,0.08293525241909555,0.9954427454097851,0.12760000000000002
1,1784432981.6228082,345,-91.55,10.91,-2191.81,0.8570596541939821,0.515200820703726,-0.004106519097567153,-0.5131873873530937,0.8529491744800242,-0.0954798995367649,-0.04568867052779423,0.08393938348625196,0.995422887664007,0.1502
1,1784432981.6707387,348,-91.54,10.91,-2191.75,0.8571588604881966,0.5150358230884584,-0.004097416523950168,-0.5130222821778665,0.8530481611876147,-0.09548283973281775,-0.04568178932123971,0.08394602807770937,0.9954226431493239,0.1426
1,1784432981.7294395,351,-91.55,10.9,-2191.75,0.8570740737858757,0.5151706208890744,-0.004823216442195402,-0.5132358853672403,0.8529651812217274,-0.0950753679703134,-0.04486600066183477,0.08396208070403567,0.9954583923944089,0.1246
1,1784432981.7895036,354,-91.55,10.9,-2191.8,0.8570502251251505,0.5152198139977316,-0.0036680890217351066,-0.5131734853982852,0.8529670694520125,-0.09539471848389414,-0.046020489970279424,0.08364043098040683,0.9954327665936595,0.1371
1,1784432981.8509676,357,-91.54,10.9,-2191.83,0.8570675385548961,0.5151842083293197,-0.004523919046987831,-0.5132392389990935,0.8529998861483807,-0.09474533119093985,-0.04495239601047843,0.08352500056235677,0.9954912638360899,0.13570000000000002
1,1784432981.911677,363,-91.55,10.91,-2191.8,0.8570530275705088,0.5152139029041086,-0.003839555513422601,-0.5132219805756366,0.8530350760246556,-0.09452173149932824,-0.04542363466572979,0.08298068043783484,0.9955153941993206,0.1395
1,1784432981.9718745,366,-91.55,10.91,-2191.78,0.8570515561889047,0.5152172169084016,-0.003721482948725652,-0.5131665066974681,0.8529498157186237,-0.0955863393455528,-0.04607348953676222,0.0838321612910385,0.9954141863039623,0.1675
1,1784432982.031975,369,-91.55,10.91,-2191.82,0.8570421441063899,0.515235646572679,-0.0033153772569377,-0.5131839845942517,0.8530189350653306,-0.09487304346323198,-0.046053894314043387,0.0830115950987755,0.9954838591849032,0.117
1,1784432982.0918198,372,-91.54,10.91,-2191.78,0.8570461203940867,0.5152279766546627,-0.003475570426088378,-0.5131630496321702,0.8529673944462584,-0.0954479360896385,-0.04621289873677293,0.08358681764431032,0.9954283559887379,0.1605
1,1784432982.1365497,375,-91.54,10.91,-2191.81,0.8570447921298484,0.5152305435529321,-0.0034221737616528785,-0.5131700380885859,0.8529846113999473,-0.09525631067304743,-0.04615989916869461,0.08339508201945138,0.9954468966266884,0.1283
1,1784432982.1965897,378,-91.55,10.9,-2191.81,0.8571601786490686,0.515033462119487,-0.004118377776746716,-0.5129839148646955,0.8529790902472607,-0.09630251653537658,-0.0460861283727302,0.08465934383262556,0.9953435910646341,0.13720000000000002
1,1784432982.2565556,381,-91.56,10.91,-2191.8,0.857154769246892,0.5150443722874771,-0.003872483996848364,-0.5129804077294172,0.8529968148274029,-0.09616410546594845,-0.04622556482151442,0.08441403005012775,0.9953579600764882,0.1335
1,1784432982.3175888,387,-91.55,10.9,-2191.82,0.8571720631622177,0.5150084432401518,-0.004728374517988156,-0.51304663891228,0.8530299294684635,-0.09551484560968015,-0.04515750696218491,0.08429853392784253,0.9954167753974094,0.1437
1,1784432982.3766608,390,-91.55,10.91,-2191.81,0.8570583231998286,0.5152034576583062,-0.004053128523018584,-0.5131943262721753,0.852966428282681,-0.09528827684838337,-0.04563566714693921,0.08374765333794155,0.9954414681157511,0.1351
1,1784432982.4366062,393,-91.56,10.91,-2191.8,0.8571575303467511,0.5150384586474457,-0.004044043016792716,-0.5130292199301717,0.8530654168337657,-0.09529120683501241,-0.04562880304914578,0.08375428774872992,0.9954412245913895,0.1331
1,1784432982.4966152,396,-91.55,10.9,-2191.82,0.8570780748644276,0.5151624400736599,-0.00498336473073279,-0.5132152768977192,0.8529133091825545,-0.09565023041300895,-0.045025027989820554,0.084537254252886,0.9954025313901401,0.15180000000000002
1,1784432982.5565686,399,-91.55,10.9,-2191.87,0.8570250398213546,0.5152686347946875,-0.0025129894597103633,-0.5131107175376923,0.8529690635117176,-0.0957139918710849,-0.047174915656099756,0.08331872951961397,0.9954057045466825,0.1381
1,1784432982.6022382,402,-91.54,10.9,-2191.78,0.8570765906124134,0.5151651122094341,-0.0049623569443161715,-0.5132530789039198,0.8529820940313352,-0.09483050278030374,-0.044620564987998476,0.08382394898929425,0.9954810649911892,0.134
1,1784432982.6625733,408,-91.55,10.91,-2191.83,0.8570431412372486,0.515234060225038,-0.0033041250296897092,-0.513113933166632,0.8528988182992966,-0.0963208042633208,-0.04680967473139646,0.08424647724199302,0.9953448575362488,0.1217
1,1784432982.7225757,411,-91.55,10.91,-2191.83,0.8570902736570143,0.5151349442262764,-0.0056790879140400635,-0.5133010935500393,0.8529980865032248,-0.09442590630844212,-0.04379783285595518,0.08384660791485782,0.9955156935871449,0.1346
1,1784432982.7824173,414,-91.54,10.91,-2191.81,0.857062316542471,0.5151952639766578,-0.004245649405559169,-0.5132047313785659,0.8529661121076721,-0.09523505282497652,-0.04544325311316267,0.08380126235292654,0.9954457590318766,0.15760000000000002
1,1784432982.843549,417,-91.54,10.9,-2191.77,0.8571494314068266,0.5150548165802,-0.0036589829857691246,-0.5130083786629501,0.853066057605667,-0.09539761413544884,-0.04601364646020602,0.08364709964285257,0.9954325226055123,0.1237
1,1784432982.903448,420,-91.55,10.91,-2191.82,0.8570489969600826,0.5152220065091206,-0.0036470287128071073,-0.5132116448187511,0.8530353950022755,-0.0945749570221626,-0.045616054543858406,0.08292706965778833,0.9955110630655112,0.1368
1,1784432982.963869,426,-91.55,10.91,-2191.83,0.857137004501033,0.515079275933901,-0.003081398773965841,-0.5129770401404211,0.8530670407975574,-0.09555720900942764,-0.046590898293216186,0.08348630671138126,0.9954191703940226,0.1124
1,1784432983.0232744,429,-91.54,10.91,-2191.79,0.8571561107879682,0.5150417355798583,-0.0039258565602511356,-0.5129733896696884,0.8529794122769091,-0.09635571452969793,-0.04627853962296654,0.0846057494655406,0.9953392205312416,0.1421
1,1784432983.0831122,432,-91.54,10.91,-2191.8,0.8569430603721858,0.5154001589118373,-0.003356705766790622,-0.5133802304916756,0.8529707945214811,-0.09424204281374109,-0.04570919185750411,0.08248333096478155,0.9955436554429383,0.1237
1,1784432983.143511,435,-91.55,10.91,-2191.8,0.8571615241160675,0.5150302641732503,-0.0042365741646032936,-0.5130396252373648,0.8530651008547384,-0.09523799997899536,-0.04543637872150809,0.08380787963746004,0.9954455157362198,0.1665
1,1784432983.2033322,438,-91.55,10.9,-2191.82,0.8570636475023029,0.5151926070895465,-0.004299038302263328,-0.5131978123508326,0.852948858270858,-0.0954266764210057,-0.04549625839965029,0.08399299241434313,0.9954271785002238,0.1537
1,1784432983.2638428,444,-91.54,10.9,-2191.77,0.8571319916229284,0.5150892689900647,-0.0027917571156907735,-0.5128706969824702,0.8529117722482097,-0.09749439438825856,-0.047837193826846786,0.08499737485180942,0.995232158420875,0.1364
1,1784432983.3236828,447,-91.54,10.91,-2191.81,0.8571433243320734,0.5150675101490321,-0.003283525824267545,-0.5128776928534619,0.8528758808736591,-0.09777118183437342,-0.0475583192120154,0.08548796297056555,0.9952035040437062,0.1311
1,1784432983.3685627,450,-91.55,10.91,-2191.77,0.8571615292687118,0.5150305212100177,-0.004204160303955461,-0.5130083762745077,0.8530135396574093,-0.09586608906871513,-0.045787756157262105,0.0843294929622803,0.9953853615574262,0.14800000000000002
1,1784432983.4294047,453,-91.55,10.91,-2191.76,0.8571641871628206,0.5150249429349808,-0.004343316741917522,-0.5130257793838264,0.8530305527473776,-0.09562126210796912,-0.04554235317941279,0.08419135486689341,0.9954083131220868,0.11080000000000001
1,1784432983.4882421,456,-91.55,10.9,-2191.8,0.8571615229869084,0.5150307952278523,-0.004171747563045042,-0.5129769065645885,0.8529616509233808,-0.09649412098924068,-0.04613910317929074,0.08485105786627975,0.9953248118763964,0.1622
1,1784432983.5481358,459,-91.54,10.9,-2191.81,0.857075532409077,0.5151679970565657,-0.004844228981356632,-0.513197933127101,0.8528962525109489,-0.09589506706213433,-0.04527044488150078,0.08467536395850953,0.9953796610131861,0.1427
1,1784432983.6079743,462,-91.55,10.9,-2191.78,0.8571784578175523,0.514994647674683,-0.005060071141021862,-0.5130743059868518,0.8530466105052009,-0.09521678865462067,-0.04471965999013723,0.08421397254623145,0.9954436994819693,0.10590000000000001
1,1784432983.6528556,465,-91.54,10.91,-2191.78,0.8571534994435097,0.515046642783237,-0.003851512619998193,-0.5130188044051364,0.8530657357507547,-0.09534441155488993,-0.04582122563255724,0.08370069441611888,0.9954368935476472,0.1393
1,1784432983.7126954,471,-91.54,10.91,-2191.78,0.8569497603059135,0.5153869823464758,-0.0036560551733562743,-0.513376728085457,0.8529363728262543,-0.09457208346157711,-0.04562283827106612,0.0829204578966269,0.995511302944525,0.1206
1,1784432983.7725353,474,-91.54,10.9,-2191.76,0.8570393247700373,0.5152412126398481,-0.003176254891729585,-0.5131666102068031,0.8530021194702714,-0.09511789709662277,-0.046299308489193065,0.08314972625717713,0.9954609470274457,0.1254
1,1784432983.832362,477,-91.55,10.91,-2191.82,0.857154769246892,0.5150443722874771,-0.003872483996848364,-0.5129804077294172,0.8529968148274029,-0.09616410546594845,-0.04622556482151442,0.08441403005012775,0.9953579600764882,0.1451
1,1784432983.8922155,480,-91.55,10.91,-2191.78,0.8571534305380802,0.5150469987417661,-0.0038191103545259413,-0.5129874156593127,0.8530141806375987,-0.0959724908833043,-0.046172588101386865,0.08422230534879488,0.995376660058771,0.1652
1,1784432983.9520233,483,-91.55,10.91,-2191.76,0.8571655536811514,0.515022491497896,-0.004364267840601069,-0.512987441433126,0.8529613317984043,-0.09644092175309912,-0.04594669209399072,0.08490465068529464,0.9953291424336111,0.1441
1,1784432984.0118632,489,-91.54,10.9,-2191.81,0.8570419785345282,0.5152361289691771,-0.003283052615835433,-0.5131526036475335,0.8529677223801723,-0.09550115154980296,-0.04640530572443581,0.08353320287429679,0.9954239054886029,0.1178
1,1784432984.0717032,492,-91.55,10.91,-2191.82,0.8572132814429649,0.5149324417748948,-0.005474534275062837,-0.5130803286848695,0.8531256518523022,-0.0944732685377769,-0.04397688522861206,0.08379261637715599,0.9955123459838459,0.11800000000000001
1,1784432984.1316948,495,-91.55,10.91,-2191.77,0.8570910443092132,0.5151462333475018,-0.004393180263028586,-0.5132450093695623,0.853130167688871,-0.09353329533592193,-0.04443537017039462,0.08242132762240766,0.995606459717282,0.161
1,1784432984.1916554,498,-91.55,10.91,-2191.81,0.8571520057955164,0.5150499987012858,-0.0037333361124586403,-0.5129628542598385,0.8529797372460377,-0.09640891036247712,-0.04647094910073009,0.08455215364191553,0.9953348101037114,0.13190000000000002
1,1784432984.2516284,501,-91.55,10.91,-2191.81,0.8570688637781756,0.5151815320883258,-0.00457730675314575,-0.5132323800324814,0.8529827057363101,-0.09493696751507258,-0.045005408876951356,0.08371674091774456,0.9954727622903249,0.1277
1,1784432984.3116014,507,-91.55,10.91,-2191.8,0.8573129249812823,0.5147673096707039,-0.005400514274022792,-0.5128536853973172,0.8531215565936189,-0.09573247646264246,-0.04467265421292807,0.08484236306036316,0.9953924489345425,0.1254
1,1784432984.37164,510,-91.55,10.91,-2191.78,0.8572274176677319,0.5149311669054223,-0.0026547595243433812,-0.5127591564002898,0.8531151289895798,-0.09629446617929727,-0.04732020632219374,0.08390750883271969,0.9953493497436526,0.1708
1,1784432984.41749,513,-91.55,10.91,-2191.81,0.8571561626283656,0.5150414012784086,-0.0039582619150587035,-0.5130048789837944,0.8530311877808343,-0.09572767004394048,-0.045927192457598076,0.08408416998693923,0.9953996912550105,0.13190000000000002
1,1784432984.4769285,516,-91.54,10.9,-2191.82,0.8571265961103213,0.5150993602881796,-0.0025782302151430626,-0.5128994273283262,0.852981748787679,-0.09672803978882202,-0.04762536809946185,0.08423054829348421,0.9953075097916069,0.15080000000000002
1,1784432984.536744,519,-91.55,10.9,-2191.78,0.8571436844185335,0.5150664939255998,-0.003348297569174729,-0.5129417527984118,0.8529803960025784,-0.09651529553069746,-0.046855762692700316,0.08444495763794876,0.9953258695683592,0.13870000000000002
1,1784432984.5965846,522,-91.55,10.91,-2191.78,0.8571495259128276,0.5150544281299195,-0.003691380659967228,-0.5130396165360387,0.8531172820856562,-0.09476948280610986,-0.045662261135094355,0.08312544177653906,0.9954924001907226,0.1426
1,1784432984.6569283,525,-91.55,10.91,-2191.82,0.8570503166493472,0.5152194305190684,-0.0037004252270397726,-0.5132047265567872,0.8530182882253702,-0.09476660061874592,-0.04566906361014282,0.08311882078486518,0.9954926409875196,0.1506
1,1784432984.7018085,528,-91.55,10.9,-2191.78,0.8571924388348386,0.5149641975889009,-0.005744389088541327,-0.5130918100046709,0.8530110932963122,-0.09544039616200552,-0.044248359410397946,0.08475818494428346,0.9954185716443301,0.129
1,1784432984.7616484,534,-91.54,10.9,-2191.78,0.8569443752671659,0.515397621995214,-0.0034101231128855114,-0.5133733114659788,0.8529537631072606,-0.09443368612745194,-0.04576221992453641,0.08267508235763364,0.9955253135831035,0.1228
1,1784432984.8214884,537,-91.55,10.91,-2191.82,0.8571588023662711,0.5150364314064207,-0.004032598437608138,-0.5129593231635575,0.8529444969633493,-0.09673891605514258,-0.04638448345734507,0.08498917239318313,0.9953016227608177,0.1246
1,1784432984.867367,540,-91.55,10.91,-2191.82,0.857139667969759,0.5150741938974207,-0.0031881614785445405,-0.5129629555912018,0.8530324931101501,-0.0959404601272076,-0.046696849827688486,0.08386978287323685,0.9953819687622265,0.1584
1,1784432984.9262092,543,-91.54,10.91,-2191.79,0.857154769246892,0.5150443722874771,-0.003872483996848364,-0.5129804077294172,0.8529968148274029,-0.09616410546594845,-0.04622556482151442,0.08441403005012775,0.9953579600764882,0.13140000000000002
1,1784432984.9860868,546,-91.54,10.91,-2191.76,0.8571520946616923,0.5150496149422791,-0.003765735636456583,-0.5129944134586693,0.8530315097054211,-0.09578087079310944,-0.04611960946570913,0.0840305753728991,0.9953953204758551,0.14400000000000002
1,1784432985.045917,549,-91.54,10.9,-2191.76,0.8571465220596335,0.5150608483274736,-0.003487440502380106,-0.5129593664733131,0.8529974676339519,-0.09627049681684689,-0.046610385842338196,0.08430683679422761,0.9953490991613846,0.1401
1,1784432985.1064498,555,-91.55,10.91,-2191.84,0.8571628679074624,0.5150278548914567,-0.004257530570457948,-0.5130014081248565,0.8529961737774918,-0.09605770548411556,-0.045840736714938025,0.08452121749515444,0.9953666614120488,0.13520000000000001
1,1784432985.1672547,558,-91.55,10.91,-2191.8,0.8571694794674837,0.5150140023254127,-0.004589213244465902,-0.5130292960221778,0.8530129104328867,-0.09575967866385514,-0.045402917223808445,0.0844366747543742,0.9953939034693714,0.1148
1,1784432985.2261288,561,-91.54,10.91,-2191.76,0.857244033309833,0.5148993861522457,-0.00335998433487568,-0.5127375701908319,0.8530096969163907,-0.09733776801123484,-0.0472530577792784,0.08516501104707119,0.9952457331854583,0.1399
1,1784432985.2859693,564,-91.55,10.91,-2191.79,0.857062316542471,0.5151952639766578,-0.004245649405559169,-0.5132047313785659,0.8529661121076721,-0.09523505282497652,-0.04544325311316267,0.08380126235292654,0.9954457590318766,0.1262
1,1784432985.3458047,567,-91.54,10.91,-2191.7200000000003,0.857147863672206,0.5150582514833415,-0.0035408164449172324,-0.512952308635846,0.8529800651546072,-0.09646210403053616,-0.04666335679448615,0.08449855636497623,0.9953303597825727,0.15610000000000002
1,1784432985.4056451,570,-91.55,10.91,-2191.76,0.8572647454137863,0.5148577195695835,-0.004322599940344964,-0.5127906970463953,0.8530080576711526,-0.09707190412657767,-0.04629100661368393,0.08543291021436426,0.9952679842931732,0.132
1,1784432985.4505246,573,-91.54,10.91,-2191.81,0.8570649812964735,0.515189939946585,-0.004352426117657166,-0.5131908831866091,0.8529315676912238,-0.09561829453582385,-0.045549261787912416,0.0841847172212715,0.9954085584004946,0.1443
1,1784432985.5103664,579,-91.54,10.91,-2191.81,0.8571719554421188,0.5150083237654075,-0.0047608041210690675,-0.5130776278894972,0.853081389577707,-0.09488672465342515,-0.04480609961624138,0.08377690140195901,0.9954766919565046,0.116
1,1784432985.5702102,582,-91.55,10.91,-2191.78,0.8570688637781756,0.5151815320883258,-0.00457730675314575,-0.5132323800324814,0.8529827057363101,-0.09493696751507258,-0.045005408876951356,0.08371674091774456,0.9954727622903249,0.1274
1,1784432985.630017,585,-91.55,10.91,-2191.78,0.8571747374022944,0.5150030012623765,-0.0048351060021626854,-0.5130328320920775,0.8529952342469932,-0.09589808938398878,-0.045263481471158065,0.08468198771085726,0.9953794141946317,0.1447
1,1784432985.6898892,588,-91.54,10.9,-2191.81,0.8570790732062558,0.5151596228020314,-0.00510150040422927,-0.5132702122886298,0.8529989730986247,-0.09458562824169818,-0.04437512196141663,0.08368581078749543,0.9955036582673863,0.1413
1,1784432985.7496972,591,-91.54,10.91,-2191.79,0.8571295821209566,0.5150936763257985,-0.0027173631204040452,-0.5129171614015098,0.8529988085157048,-0.0964832535241522,-0.04738000625762043,0.08409243295304165,0.9953308986096363,0.15610000000000002
1,1784432985.8095696,597,-91.54,10.91,-2191.8,0.8571327879355103,0.5150874083713384,-0.002888872305488794,-0.5129665735365723,0.8530673744037739,-0.09561040300092727,-0.046783311982455764,0.08343270620775377,0.9954146398636111,0.1617
1,1784432985.8695881,600,-91.55,10.91,-2191.8,0.8572552862338016,0.5148767172501267,-0.003916664133607798,-0.5128082608865994,0.8530783646795991,-0.09635865961106997,-0.046271608905072724,0.0846124680488256,0.9953389716373121,0.1183
1,1784432985.9295006,603,-91.54,10.91,-2191.78,0.8570764314606628,0.5151650641194587,-0.004994731769543109,-0.5132837804336053,0.8530332238691779,-0.09420233393681617,-0.04426907925902741,0.08330231501075501,0.9955405430897362,0.1321
1,1784432985.9894006,606,-91.54,10.91,-2191.79,0.8570596606450791,0.5152002902065307,-0.00417121877250891,-0.5132494698632714,0.8530515170103701,-0.09422362236391074,-0.04498577308452652,0.08289614163163735,0.9955423195035834,0.1359
1,1784432986.049639,609,-91.55,10.91,-2191.81,0.8571860368008513,0.5149781051527795,-0.005445137913997224,-0.5130950439684844,0.8530460108012359,-0.09511035333272994,-0.044334796363902716,0.08432114010940826,0.9954518427136597,0.1216
1,1784432986.1094456,615,-91.55,10.91,-2191.78,0.8571733988662269,0.5150057273768613,-0.004781740807503874,-0.5130397405689571,0.853012600229095,-0.09570647024802129,-0.0452104951649237,0.08449026345933562,0.9953981145790434,0.1211
1,1784432986.169394,618,-91.54,10.9,-2191.77,0.8571408125527648,0.5150721587922794,-0.0032091577473138443,-0.5129240790076419,0.8529632906450783,-0.09676008467380538,-0.04710113194551273,0.08458307188191105,0.9953025606922101,0.1593
1,1784432986.2291956,621,-91.54,10.9,-2191.79,0.8571548296196033,0.5150440271578981,-0.003904887804140046,-0.5130118467607394,0.8530484801390864,-0.09553604354132739,-0.04587420999782225,0.08389243482799287,0.9954183121862419,0.1363
1,1784432986.289263,624,-91.55,10.91,-2191.79,0.85717728113058,0.5149974420913854,-0.004974269083664595,-0.5130501748967765,0.853012292964333,-0.09565325969415758,-0.04501807139331584,0.08454385069927303,0.9954022857905065,0.1403
1,1784432986.3492622,627,-91.55,10.91,-2191.8,0.8571225792180666,0.5151068210701093,-0.0024180739475506293,-0.5129208687791111,0.8530338454539053,-0.09615321565608163,-0.04746647833420186,0.08365537279320147,0.9953636079530833,0.16740000000000002
1,1784432986.409237,633,-91.54,10.9,-2191.76,0.857063619406452,0.5151923828256469,-0.004331393349043083,-0.5132288941217381,0.8530001963768755,-0.094798561273836,-0.045144817293791425,0.08347139425841384,0.9954870525587295,0.12190000000000001
1,1784432986.469076,636,-91.54,10.91,-2191.78,0.8570475715019588,0.5152249774024519,-0.0035612979709185102,-0.5131874123930561,0.8530014666827415,-0.09501146035300763,-0.04591448512086455,0.08325695465085615,0.9954698084614878,0.154
1,1784432986.5290308,639,-91.54,10.91,-2191.79,0.8571534305380802,0.5150469987417661,-0.0038191103545259413,-0.5129874156593127,0.8530141806375987,-0.0959724908833043,-0.046172588101386865,0.08422230534879488,0.995376660058771,0.1363
1,1784432986.5889275,642,-91.55,10.91,-2191.82,0.8572633856891462,0.5148601583870355,-0.004301727845748015,-0.5128293014645364,0.853077723957113,-0.09625229580403294,-0.04588676406304654,0.08471962106754398,0.9953476732730095,0.1303
1,1784432986.6487675,645,-91.54,10.91,-2191.78,0.8571184828327616,0.5150867243196365,-0.005794205392583449,-0.5133095783839674,0.8531111439552911,-0.093352304730885,-0.04314143166074129,0.0829882069270149,0.9956162786863725,0.11320000000000001
1,1784432986.7086115,651,-91.54,10.9,-2191.76,0.857072745761378,0.5151733273186344,-0.004769831495912617,-0.513242734580035,0.8529823984140142,-0.09488373620744246,-0.04481298778099747,0.08377034567985915,0.9954769335905364,0.1449
1,1784432986.7684474,654,-91.55,10.91,-2191.78,0.8572428585371553,0.514901478022208,-0.003339074361568912,-0.5127766234308166,0.8530793477956673,-0.09651818910137633,-0.04684886284571721,0.08445172760260329,0.9953256199631347,0.15910000000000002
1,1784432986.8282876,657,-91.54,10.91,-2191.79,0.8571451832794763,0.5150634349172436,-0.003434063488566983,-0.5129664141821589,0.8530148333731472,-0.09607888408219395,-0.04655741296389772,0.08411511193972378,0.9953677989775823,0.1278
1,1784432986.8881586,660,-91.54,10.91,-2191.83,0.8571421599027768,0.5150695813024168,-0.0032625349278703384,-0.5129169611410614,0.8529458147644107,-0.09695167894211167,-0.04715409516703008,0.08477478099546198,0.9952837423650353,0.1226
1,1784432986.9479682,663,-91.54,10.9,-2191.79,0.8571655229348201,0.5150222669366079,-0.004396686406100036,-0.5130188412571304,0.8530132235756706,-0.09581288493847949,-0.04559533755843337,0.08438308458761394,0.9953896524619953,0.16340000000000002
1,1784432987.007843,669,-91.54,10.91,-2191.79,0.8571365590768294,0.5150804004851031,-0.003016642179410661,-0.5129134828583174,0.8529636274085055,-0.09681327088924693,-0.047293532285962475,0.08452947032976091,0.9952979907794883,0.1332
1,1784432987.0676491,672,-91.55,10.91,-2191.81,0.8572525243501143,0.5148823555611357,-0.003777489533087314,-0.5127906783796881,0.8530612483315136,-0.09660345108731175,-0.04651698251451536,0.0847506137257748,0.9953157809513765,0.1504
1,1784432987.1141112,675,-91.54,10.9,-2191.78,0.8571669008157685,0.5150197944237963,-0.004417634837897835,-0.5129804428924563,0.8529438557033973,-0.09663252158399716,-0.04599966690911703,0.08509635931984968,0.9953103236050339,0.1593
1,1784432987.1729534,678,-91.54,10.9,-2191.79,0.8571453262371904,0.5150629800379124,-0.0034664541256547326,-0.5129979427043059,0.8530663823984642,-0.09545081457351036,-0.04620606552055594,0.08359350343215685,0.9954281117655096,0.14880000000000002
1,1784432987.2327926,681,-91.54,10.91,-2191.78,0.8571655729909957,0.5150227330432599,-0.004331850374738845,-0.512955820892937,0.8529091125428486,-0.09706890106220285,-0.046298016059774585,0.08542616806354894,0.9952682369687617,0.1527
1,1784432987.2926326,684,-91.54,10.91,-2191.84,0.8570609884171368,0.5151979106074729,-0.004192259430718387,-0.5132116402691106,0.8529833291996042,-0.09504342375908262,-0.04539024593157741,0.08360952704838079,0.9954642999932327,0.1456
1,1784432987.3524725,687,-91.54,10.91,-2191.78,0.8571467794835689,0.5150599771976974,-0.003552226070172618,-0.513022303336641,0.8531004585116269,-0.09501433558373999,-0.04590767583001427,0.08326360295086621,0.9954695664476774,0.12840000000000001
1,1784432987.3975985,690,-91.54,10.91,-2191.8,0.857141003953419,0.5150716374953193,-0.003241541240759878,-0.5129558981220923,0.8530151641490836,-0.09613207744280626,-0.04674982271071026,0.08406151306990856,0.9953633085948642,0.13920000000000002
1,1784432987.4573545,696,-91.54,10.91,-2191.81,0.8571982241272614,0.5149654133065813,-0.004672007175844616,-0.5130081684073832,0.853075509552189,-0.09531418650743848,-0.0450979345466185,0.08409992925237704,0.9954362753081555,0.1359
1,1784432987.5171926,699,-91.55,10.91,-2191.81,0.8570503166493472,0.5152194305190684,-0.0037004252270397726,-0.5132047265567872,0.8530182882253702,-0.09476660061874592,-0.04566906361014282,0.08311882078486518,0.9954926409875196,0.12890000000000001
1,1784432987.5770042,702,-91.55,10.91,-2191.81,0.8571968945998507,0.514968107721474,-0.004618648951428684,-0.5130150447351927,0.8530927622415821,-0.0951225677028084,-0.045044952699724555,0.08390820603964476,0.9954548534190226,0.12000000000000001
1,1784432987.6368766,705,-91.54,10.9,-2191.82,0.8570487854267876,0.5152228120835324,-0.003582360563241504,-0.5131490423156827,0.8529328503071734,-0.09583117048945249,-0.046318892138798556,0.08397027316626952,0.9953911560062287,0.1206
1,1784432987.6817572,708,-91.53,10.91,-2191.78,0.8570542927272271,0.5152116409988053,-0.0038606083912278385,-0.5131839109451845,0.8529667473974739,-0.09534149873574921,-0.04582807943648987,0.08369404287935947,0.9954371373028388,0.1627
1,1784432987.742265,711,-91.54,10.91,-2191.78,0.8571151482743733,0.5151206358019554,-0.0020864250738429637,-0.5128925873050144,0.8530172105164475,-0.09645119206265525,-0.04790424288273038,0.08373988974036416,0.995335528543066,0.13390000000000002
1,1784432987.8021052,714,-91.55,10.91,-2191.79,0.8571520057955164,0.5150499987012858,-0.0037333361124586403,-0.5129628542598385,0.8529797372460377,-0.09640891036247712,-0.04647094910073009,0.08455215364191553,0.9953348101037114,0.1394
1,1784432987.8469858,717,-91.55,10.9,-2191.81,0.857277945854612,0.5148297419133463,-0.004986019728633124,-0.5128469204844798,0.8530418655180972,-0.09647596500160142,-0.04541541259179226,0.08526378196421867,0.9953228259134197,0.11620000000000001
1,1784432987.906858,723,-91.54,10.91,-2191.82,0.8571421599027768,0.5150695813024168,-0.0032625349278703384,-0.5129169611410614,0.8529458147644107,-0.09695167894211167,-0.04715409516703008,0.08477478099546198,0.9952837423650353,0.1259
1,1784432987.966475,726,-91.54,10.9,-2191.83,0.8570596631264595,0.515200546981547,-0.0041388683809149155,-0.5132185390217695,0.8530005095445972,-0.09485178923467141,-0.0453372368580227,0.08341778651206597,0.9954828013820768,0.1285
1,1784432988.0263395,729,-91.54,10.91,-2191.79,0.8571520946616923,0.5150496149422791,-0.003765735636456583,-0.5129944134586693,0.8530315097054211,-0.09578087079310944,-0.04611960946570913,0.0840305753728991,0.9953953204758551,0.14400000000000002
1,1784432988.086176,732,-91.54,10.91,-2191.81,0.8570596606450791,0.5152002902065307,-0.00417121877250891,-0.5132494698632714,0.8530515170103701,-0.09422362236391074,-0.04498577308452652,0.08289614163163735,0.9955423195035834,0.11670000000000001
1,1784432988.1310236,735,-91.53,10.91,-2191.78,0.8570447921298484,0.5152305435529321,-0.0034221737616528785,-0.5131700380885859,0.8529846113999473,-0.09525631067304743,-0.04615989916869461,0.08339508201945138,0.9954468966266884,0.1264
1,1784432988.1908937,738,-91.54,10.91,-2191.83,0.8570351457108778,0.5152493147443277,-0.0029837345450222873,-0.5131561937856183,0.8530024502725496,-0.09517111225830895,-0.0464917174966823,0.0830961099241564,0.9954564564659176,0.1296
1,1784432988.2507036,741,-91.54,10.91,-2191.82,0.8570488968961156,0.5152224008292289,-0.003614694028074547,-0.5131804539637147,0.8529842864407376,-0.09520309214926338,-0.045967488497271024,0.08344869542989267,0.9954513073135733,0.1577
1,1784432988.2958183,744,-91.54,10.92,-2191.81,0.8570662161662874,0.5151868743141509,-0.004470530261396255,-0.5132460878259296,0.8530170298113167,-0.09455368942171144,-0.04489938126278467,0.08333325498439759,0.9955097258067972,0.1399
1,1784432988.355657,750,-91.54,10.9,-2191.81,0.8570609884171368,0.5151979106074729,-0.004192259430718387,-0.5132116402691106,0.8529833291996042,-0.09504342375908262,-0.04539024593157741,0.08360952704838079,0.9954642999932327,0.12190000000000001
1,1784432988.4157827,753,-91.54,10.91,-2191.8,0.8570815215659423,0.5151541526681802,-0.00524064680533449,-0.5132872855172705,0.853015818420424,-0.09434074438357025,-0.04412967161129876,0.08354766611499892,0.9955261722175944,0.1197
1,1784432988.4756808,756,-91.54,10.91,-2191.79,0.8570487854267876,0.5152228120835324,-0.003582360563241504,-0.5131490423156827,0.8529328503071734,-0.09583117048945249,-0.046318892138798556,0.08397027316626952,0.9953911560062287,0.1612
1,1784432988.536133,759,-91.54,10.91,-2191.82,0.8570569950402457,0.5152060843560773,-0.003999736874155582,-0.5132012550546681,0.8529836453405276,-0.0950966486891011,-0.04558266186717711,0.083555917947584,0.9954600089973675,0.1448
1,1784432988.5810084,762,-91.54,10.9,-2191.8,0.8570404647228539,0.51523918609992,-0.0031973324392124023,-0.5131280605701921,0.8529335092571272,-0.09593759555979947,-0.0467036966749753,0.08386304247649494,0.995382215444639,0.1577
1,1784432988.6408525,765,-91.53,10.9,-2191.8,0.856976027969053,0.5153328060991936,-0.004917971565161492,-0.513424977820381,0.8529002548338348,-0.09463586769571536,-0.044574428056073236,0.08362567944304329,0.9954998071828861,0.1173
1,1784432988.7007885,768,-91.54,10.91,-2191.79,0.8571771278445636,0.514997382900946,-0.005006706035011416,-0.5130811442739244,0.8530638663190004,-0.09502515125712274,-0.04466666419943525,0.08402223268906252,0.9954622813161932,0.14500000000000002
1,1784432988.7461724,771,-91.54,10.92,-2191.78,0.8571451832794763,0.5150634349172436,-0.003434063488566983,-0.5129664141821589,0.8530148333731472,-0.09607888408219395,-0.04655741296389772,0.08411511193972378,0.9953677989775823,0.12860000000000002
1,1784432988.8060124,777,-91.54,10.91,-2191.83,0.8571601934622363,0.5150331772758338,-0.004150788954062016,-0.5130153342924115,0.8530308687948069,-0.09567446714783408,-0.045734773691653956,0.0841377631526792,0.9954040221372609,0.1383
1,1784432988.8658547,780,-91.53,10.91,-2191.8,0.8570266762086686,0.5152654879227674,-0.002598696295120989,-0.5131353302906024,0.8530031206939332,-0.09527753614554346,-0.046876530100638594,0.08298887300188827,0.9954473556565412,0.1467
1,1784432988.9256933,783,-91.53,10.91,-2191.81,0.8571733988662269,0.5150057273768613,-0.004781740807503874,-0.5130397405689571,0.853012600229095,-0.09570647024802129,-0.0452104951649237,0.08449026345933562,0.9953981145790434,0.1336
1,1784432988.9866393,786,-91.54,10.91,-2191.78,0.8570543472254277,0.5152113069794202,-0.0038929503661830835,-0.5132150822070954,0.8530179692135659,-0.09471337600322462,-0.04547664562344392,0.08317243148616896,0.995496972041361,0.1371
1,1784432989.046489,789,-91.54,10.91,-2191.82,0.8571269248494808,0.5150675578670411,-0.0062326183065216775,-0.5133232631867257,0.8530935859198437,-0.09343747178596853,-0.04280960370528912,0.08328712082491838,0.9956056414742193,0.1189
1,1784432989.1063185,795,-91.54,10.91,-2191.79,0.857052890087219,0.5152146095616812,-0.003774875805871886,-0.5131595178619653,0.852932525242633,-0.09577795472289337,-0.04612648719359226,0.08402388635042858,0.9953955664467016,0.1567
1,1784432989.1662877,798,-91.54,10.91,-2191.78,0.8571050841081763,0.5151165827570988,-0.0050774958951254594,-0.5132621439063588,0.8530953136127347,-0.09375690654366622,-0.0439641493556306,0.08296560769763929,0.9955821721539599,0.1414
1,1784432989.2260318,801,-91.54,10.91,-2191.78,0.8571849342542562,0.5149808405113901,-0.005359327729155909,-0.5130710128927768,0.8530116872520447,-0.09554683218506027,-0.044633218758079136,0.0846510207711757,0.9954105085168085,0.135
1,1784432989.2858396,804,-91.54,10.91,-2191.78,0.8572661002092138,0.514855013094649,-0.004375948285240442,-0.5127836494253296,0.8529904695367366,-0.09726349655208964,-0.04634395660846174,0.0856246131133243,0.9952490458749842,0.1359
1,1784432989.3456705,807,-91.54,10.91,-2191.8,0.8571408125527648,0.5150721587922794,-0.0032091577473138443,-0.5129240790076419,0.8529632906450783,-0.09676008467380538,-0.04710113194551273,0.08458307188191105,0.9953025606922101,0.1303
1,1784432989.4056425,813,-91.54,10.91,-2191.81,0.8569417483146906,0.5154026855652726,-0.003303287372639123,-0.513387139375059,0.85298778918267,-0.09405039409568988,-0.045656161902368354,0.08229157440081908,0.9955619577218583,0.1454
1,1784432989.4654827,816,-91.55,10.91,-2191.81,0.8572687764330117,0.5148493552447825,-0.004515125366922452,-0.5128012917858611,0.8530077386389054,-0.09701872481584728,-0.046098591039200276,0.0854864856347054,0.9952723148355067,0.1403
1,1784432989.525671,819,-91.54,10.91,-2191.81,0.8570777509161507,0.5151623485882826,-0.005048116630750127,-0.5132770014322442,0.8530161168595972,-0.09439398380457427,-0.04432210154355197,0.08349406550635173,0.995522120467438,0.11660000000000001
1,1784432989.5855632,822,-91.53,10.91,-2191.79,0.8570433096691586,0.5152335717453393,-0.003336449890937485,-0.5131455851662698,0.8529504687173216,-0.09569277056950272,-0.04645830147240519,0.08372493333196114,0.9954053253639231,0.13540000000000002
1,1784432989.6455724,825,-91.54,10.91,-2191.81,0.8571787700012456,0.5149947614162794,-0.0049951949852819035,-0.5130120458670998,0.8529429158650599,-0.09647291366420965,-0.0454224289795721,0.08525712867202814,0.9953230756674925,0.14200000000000002
1,1784432989.7055702,831,-91.55,10.91,-2191.83,0.8573231114472177,0.5147449508168959,-0.005892214097666104,-0.5128608759626019,0.8530861231116711,-0.0960093144500631,-0.04439374376343972,0.08533289027573066,0.995362995771822,0.1741
1,1784432989.765571,834,-91.54,10.9,-2191.77,0.8571668615390222,0.5150195806860067,-0.004450054983069598,-0.5130118929980837,0.8529958576613721,-0.09600450226454472,-0.0456483200333309,0.08457480903052583,0.9953709522361924,0.1787
1,1784432989.8255453,837,-91.54,10.91,-2191.79,0.8571601786490686,0.515033462119487,-0.004118377776746716,-0.5129839148646955,0.8529790902472607,-0.09630251653537658,-0.0460861283727302,0.08465934383262556,0.9953435910646341,0.1301
1,1784432989.8860571,840,-91.54,10.9,-2191.83,0.8570250398213546,0.5152686347946875,-0.0025129894597103633,-0.5131107175376923,0.8529690635117176,-0.0957139918710849,-0.047174915656099756,0.08331872951961397,0.9954057045466825,0.125
1,1784432989.945897,843,-91.54,10.91,-2191.76,0.8570569576193017,0.5152063966979561,-0.003967391820183045,-0.513169983189677,0.8529322031184355,-0.0957247368063159,-0.04593408047901944,0.08407749808979968,0.9953999369929188,0.17200000000000001
1,1784432990.0057704,849,-91.54,10.91,-2191.83,0.8570449292189123,0.515230099772317,-0.003454502678819388,-0.513201298840677,0.8530357169183774,-0.09462818042101481,-0.045808472670369124,0.08287345745266181,0.9955066920324795,0.1247
1,1784432990.0655239,852,-91.54,10.9,-2191.8,0.8570250398213546,0.5152686347946875,-0.0025129894597103633,-0.5131107175376923,0.8529690635117176,-0.0957139918710849,-0.047174915656099756,0.08331872951961397,0.9954057045466825,0.1457
1,1784432990.125445,855,-91.54,10.9,-2191.79,0.8569794427192795,0.5153246091918418,-0.005175124909470472,-0.5134962400258235,0.8530016595650828,-0.09332620349374743,-0.043678899206538786,0.08263604504385481,0.995622136065493,0.14
1,1784432990.1853154,858,-91.54,10.91,-2191.82,0.8570377995469721,0.515244270940855,-0.003090535602523867,-0.5131421474450703,0.8529680532537152,-0.09555436486120847,-0.04659771092173374,0.08347958667359319,0.9954194150937887,0.1331
1,1784432990.2451892,861,-91.55,10.91,-2191.83,0.8571733988662269,0.5150057273768613,-0.004781740807503874,-0.5130397405689571,0.853012600229095,-0.09570647024802129,-0.0452104951649237,0.08449026345933562,0.9953981145790434,0.1383
1,1784432990.3053749,867,-91.54,10.91,-2191.81,0.8571708943432428,0.5150114604253345,-0.0046101541589807634,-0.5129909874338634,0.8529435394837015,-0.09657932110263201,-0.04580725600202728,0.08514995057884416,0.9953146141868837,0.13340000000000002
1,1784432990.3654485,870,-91.55,10.91,-2191.8,0.8571813051333473,0.5149891732021905,-0.0051343562805864105,-0.5130294787411368,0.8529600846976556,-0.09622810325038175,-0.04517703036377219,0.08511900726096923,0.9953460657130354,0.14650000000000002
1,1784432990.411386,873,-91.54,10.91,-2191.8,0.8571534994435097,0.515046642783237,-0.003851512619998193,-0.5130188044051364,0.8530657357507547,-0.09534441155488993,-0.04582122563255724,0.08370069441611888,0.9954368935476472,0.1419
1,1784432990.4704452,876,-91.54,10.91,-2191.81,0.8571681437296395,0.5150166982562774,-0.004535845267076032,-0.5130362142573464,0.8530302396385839,-0.09556805492752467,-0.04534993093241091,0.08424494512635633,0.9954125642089731,0.1183
1,1784432990.5303035,879,-91.54,10.91,-2191.77,0.8571574984696371,0.5150387651452127,-0.004011634949581163,-0.5129979010750033,0.8530138586780648,-0.09591929105138296,-0.04598017300875852,0.08427589988159873,0.9953810307561781,0.16840000000000002
1,1784432990.5906253,882,-91.54,10.9,-2191.84,0.8570237113763254,0.5152711020259577,-0.002459584457646573,-0.513117805444169,0.8529862802854715,-0.09552237110182693,-0.04712192562819494,0.08312699358036656,0.9954242447636992,0.1199
1,1784432990.6504128,885,-91.54,10.91,-2191.81,0.8570303819516848,0.5152586632650136,-0.002726598998846214,-0.513082264601136,0.8528998289952476,-0.09648042004286189,-0.047386856442677504,0.08408562082918013,0.9953311480136912,0.1385
1,1784432990.6953738,888,-91.55,10.91,-2191.82,0.8571352145221134,0.5150829477890256,-0.002963262239276706,-0.5129206104860298,0.852981066516566,-0.09662167201461758,-0.0472405690563671,0.0843377558465345,0.9953167694628685,0.1565
1,1784432990.7553747,894,-91.53,10.9,-2191.83,0.8570322550601617,0.5152549096675146,-0.0028446177274385203,-0.5131387291529079,0.8529856039135256,-0.09541595338105854,-0.046737120470054835,0.0832342332204675,0.9954334251924477,0.1208
1,1784432990.8153496,897,-91.54,10.9,-2191.82,0.8571615229869084,0.5150307952278523,-0.004171747563045042,-0.5129769065645885,0.8529616509233808,-0.09649412098924068,-0.04613910317929074,0.08485105786627975,0.9953248118763964,0.12890000000000001
1,1784432990.860362,900,-91.54,10.9,-2191.79,0.8571336158967675,0.5150860942089432,-0.0028775080031791453,-0.5128957188587309,0.8529464913048875,-0.09705804730709888,-0.04753889014394701,0.0846675765760255,0.995274562822051,0.1272
1,1784432990.9202585,903,-91.54,10.91,-2191.82,0.8571519055028092,0.5150503994292273,-0.0037009378131452448,-0.512931074358812,0.8529276372964927,-0.09703689243240107,-0.04682225806193191,0.08507368326113546,0.9952739042928663,0.1439
1,1784432990.9803758,906,-91.54,10.91,-2191.8,0.8571562030380596,0.515041083952351,-0.003990668435762719,-0.513036147548628,0.8530826357311979,-0.09509956846576555,-0.045575814878498946,0.0835625421771012,0.9954597664612372,0.1389
1,1784432991.0262523,909,-91.54,10.91,-2191.77,0.8570879023679248,0.5151404048490735,-0.005539937407853035,-0.5132840505267239,0.8529811985213617,-0.09467078981365172,-0.04404328654210228,0.0839847501692648,0.9954932197908614,0.1383
1,1784432991.085163,912,-91.54,10.91,-2191.77,0.8571937772061894,0.5149613718159121,-0.005797745808504137,-0.5130850009887455,0.8529937271502969,-0.0956320197560644,-0.04430135527684336,0.0849499086504466,0.9953998708764814,0.1565
1,1784432991.145069,915,-91.54,10.91,-2191.81,0.857075197453014,0.5151788159058268,-0.003590759355252141,-0.5131731827527108,0.8530807514248211,-0.09437434000784033,-0.04555645304816889,0.08272858750355143,0.9955303061159602,0.1338
1,1784432991.2058086,921,-91.54,10.91,-2191.83,0.857130135727047,0.5150924095118428,-0.002782102050197402,-0.5129806573451757,0.8531017750258778,-0.09522713183440683,-0.04667735659015998,0.08304920897263417,0.9954516830418111,0.12660000000000002
1,1784432991.265758,924,-91.54,10.91,-2191.8,0.8571824647292943,0.5149863804913193,-0.005220159869421392,-0.5130537303115039,0.8529946225900108,-0.09579166793607646,-0.04487863605394977,0.08478916051580519,0.9953877165632304,0.1797
1,1784432991.3107107,927,-91.54,10.91,-2191.78,0.8571588604881966,0.5150358230884584,-0.004097416523950168,-0.5130222821778665,0.8530481611876147,-0.09548283973281775,-0.04568178932123971,0.08394602807770937,0.9954226431493239,0.152
1,1784432991.3705819,930,-91.54,10.91,-2191.8,0.8572057778734542,0.5149488823852736,-0.005089490202731357,-0.5130597346660706,0.8531262452585046,-0.09457969293409109,-0.04436172950581641,0.08368547174559891,0.9955042836542538,0.12390000000000001
1,1784432991.4305136,933,-91.54,10.91,-2191.79,0.8572468978865928,0.514893690013551,-0.0034991496171264177,-0.5127553330275766,0.8530269144466671,-0.097093005316437,-0.04700770698080099,0.08502688524124503,0.9952691617198735,0.14650000000000002
1,1784432991.4755485,936,-91.54,10.91,-2191.8,0.8570752654552614,0.5151678283170849,-0.00490897258613034,-0.5132598980832229,0.8529992745092183,-0.09463886467168951,-0.044567548332753955,0.08363220883012347,0.9954995666909162,0.13820000000000002
1,1784432991.5253751,939,-91.54,10.9,-2191.78,0.8570515561889047,0.5152172169084016,-0.003721482948725652,-0.5131665066974681,0.8529498157186237,-0.0955863393455528,-0.04607348953676222,0.0838321612910385,0.9954141863039623,0.128
1,1784432991.580213,942,-91.54,10.9,-2191.8,0.8570609880225478,0.515198173492782,-0.004159908594627395,-0.5131804382981231,0.8529318839346198,-0.09567151674289949,-0.045741672006614574,0.08413110838115617,0.9954042676443565,0.1264
1,1784432991.6400523,945,-91.54,10.91,-2191.8,0.857119550375771,0.5151124952722069,-0.0022789423153628274,-0.5129031646348993,0.8530168621087874,-0.09639801173044789,-0.047711844138972746,0.08379349719708978,0.9953402582817293,0.1448
1,1784432991.7001374,951,-91.54,10.91,-2191.77,0.8570556237560217,0.5152090239768194,-0.003914000642538605,-0.5131769521350747,0.8529494936292925,-0.09553312051267389,-0.04588108091067656,0.0838857731107416,0.995418556931747,0.12480000000000001
1,1784432991.7599776,954,-91.54,10.91,-2191.77,0.8571642093783292,0.5150251783205998,-0.004310899750397167,-0.5129944298441612,0.8529787711571304,-0.09624931638269126,-0.04589371536155604,0.08471293673994457,0.9953479217033641,0.1441
1,1784432991.8198175,957,-91.53,10.9,-2191.77,0.8571561626283656,0.5150414012784086,-0.0039582619150587035,-0.5130048789837944,0.8530311877808343,-0.09572767004394048,-0.045927192457598076,0.08408416998693923,0.9953996912550105,0.15430000000000002
1,1784432991.8796575,960,-91.54,10.92,-2191.79,0.857138126349645,0.515077283008042,-0.003102400179438087,-0.512938284362139,0.8529981321968253,-0.09637687951138767,-0.0469951996851312,0.08419963775326209,0.9953400786709906,0.1593
1,1784432991.9394975,963,-91.55,10.91,-2191.79,0.8571451832794763,0.5150634349172436,-0.003434063488566983,-0.5129664141821589,0.8530148333731472,-0.09607888408219395,-0.04655741296389772,0.08411511193972378,0.9953677989775823,0.1273
1,1784432991.999337,966,-91.54,10.91,-2191.83,0.8570515561889047,0.5152172169084016,-0.003721482948725652,-0.5131665066974681,0.8529498157186237,-0.0955863393455528,-0.04607348953676222,0.0838321612910385,0.9954141863039623,0.1296
1,1784432992.0442452,969,-91.54,10.9,-2191.77,0.857259284535938,0.5148690737344599,-0.004044253794068354,-0.5127552920205081,0.8529734916946673,-0.09756143178106172,-0.04678172273329707,0.08570915574211727,0.9952212874733329,0.17500000000000002
1,1784432992.1040857,975,-91.54,10.91,-2191.78,0.8570569950402457,0.5152060843560773,-0.003999736874155582,-0.5132012550546681,0.8529836453405276,-0.0950966486891011,-0.04558266186717711,0.083555917947584,0.9954600089973675,0.13490000000000002
1,1784432992.1638992,978,-91.54,10.91,-2191.78,0.8570688637781756,0.5151815320883258,-0.00457730675314575,-0.5132323800324814,0.8529827057363101,-0.09493696751507258,-0.045005408876951356,0.08371674091774456,0.9954727622903249,0.1198
1,1784432992.209776,981,-91.54,10.9,-2191.8,0.8570530275705088,0.5152139029041086,-0.003839555513422601,-0.5132219805756366,0.8530350760246556,-0.09452173149932824,-0.04542363466572979,0.08298068043783484,0.9955153941993206,0.1524
1,1784432992.26864,984,-91.53,10.9,-2191.79,0.8570777509161507,0.5151623485882826,-0.005048116630750127,-0.5132770014322442,0.8530161168595972,-0.09439398380457427,-0.04432210154355197,0.08349406550635173,0.995522120467438,0.1159
1,1784432992.32849,987,-91.54,10.91,-2191.86,0.8570583406705967,0.5152031730984368,-0.004085476259322942,-0.5132254276358462,0.8530176531405971,-0.09466014926309137,-0.045284225895627056,0.0832260407553432,0.9955012631961969,0.138
1,1784432992.3883321,990,-91.54,10.91,-2191.78,0.8571423427697304,0.5150690708378983,-0.0032949199386943817,-0.5129488305242594,0.8529977984458681,-0.09632368924775078,-0.046802793666755736,0.08425323799526492,0.9953446088628303,0.13620000000000002
1,1784432992.4481702,993,-91.54,10.9,-2191.78,0.8570447921298484,0.5152305435529321,-0.0034221737616528785,-0.5131700380885859,0.8529846113999473,-0.09525631067304743,-0.04615989916869461,0.08339508201945138,0.9954468966266884,0.17600000000000002
1,1784432992.4930513,996,-91.54,10.91,-2191.81,0.8571628609716879,0.5150283982575069,-0.0041927030824428614,-0.5129381474483123,0.8528918484929006,-0.0973136766680634,-0.046543384740735036,0.08556426685638009,0.9952449294390833,0.12660000000000002
1,1784432992.55289,1002,-91.54,10.91,-2191.8,0.8570110506422641,0.5152944735226604,-0.001914323391329939,-0.5131181631361034,0.8530383980278381,-0.09505389076692577,-0.047347753239976184,0.08244450889600577,0.9954702874601645,0.1495
1,1784432992.6127307,1005,-91.55,10.91,-2191.81,0.8571601934622363,0.5150331772758338,-0.004150788954062016,-0.5130153342924115,0.8530308687948069,-0.09567446714783408,-0.045734773691653956,0.0841377631526792,0.9954040221372609,0.12890000000000001
1,1784432992.6725717,1008,-91.53,10.91,-2191.7400000000002,0.8570406502347684,0.5152386759341598,-0.0032296542817078213,-0.5131596119946122,0.8529849392985083,-0.09530952705506072,-0.04635230806232276,0.08334146717891543,0.9954424460438492,0.1406
1,1784432992.732378,1011,-91.54,10.91,-2191.78,0.8571534305380802,0.5150469987417661,-0.0038191103545259413,-0.5129874156593127,0.8530141806375987,-0.0959724908833043,-0.046172588101386865,0.08422230534879488,0.995376660058771,0.139
1,1784432992.7922466,1014,-91.54,10.91,-2191.81,0.8571466564835382,0.5150604042800546,-0.0035198326605187786,-0.5129909452766901,0.8530491268567145,-0.09564244472578362,-0.04625904606905759,0.08378524399835234,0.9954095305676538,0.14980000000000002
1,1784432992.8520582,1020,-91.55,10.91,-2191.8,0.857029330189877,0.515260523854027,-0.002705504012914246,-0.5131212043894514,0.8529687238195278,-0.09566078502502777,-0.04698251589909921,0.08337234999302444,0.9954103146222824,0.14300000000000002
1,1784432992.9118981,1023,-91.54,10.9,-2191.78,0.8572831773623313,0.5148185904783943,-0.005231893479904207,-0.512850506666958,0.85302404347324,-0.09661438333917353,-0.04527594971936342,0.08550906474990538,0.9953081373236161,0.1431
1,1784432992.971738,1026,-91.54,10.9,-2191.79,0.85703358343192,0.5152524025692775,-0.0028980193977010764,-0.5131316810254771,0.8529683870668472,-0.09560757602067627,-0.046790114317132765,0.08342596904542667,0.9954148848048343,0.13490000000000002
1,1784432993.0317137,1029,-91.53,10.91,-2191.79,0.8571365590768294,0.5150804004851031,-0.003016642179410661,-0.5129134828583174,0.8529636274085055,-0.09681327088924693,-0.047293532285962475,0.08452947032976091,0.9952979907794883,0.13970000000000002
1,1784432993.0920587,1032,-91.54,10.91,-2191.81,0.8572214030397612,0.5149425392205129,-0.0023764409678874937,-0.512723690147649,0.8530810450727123,-0.0967840281194511,-0.047810916451380595,0.08418379795886889,0.995302569286998,0.1323
1,1784432993.1518986,1038,-91.54,10.91,-2191.76,0.8571365590768294,0.5150804004851031,-0.003016642179410661,-0.5129134828583174,0.8529636274085055,-0.09681327088924693,-0.047293532285962475,0.08452947032976091,0.9952979907794883,0.15860000000000002
1,1784432993.2117386,1041,-91.53,10.91,-2191.81,0.8571560475179376,0.5150420868549566,-0.0038934523906799024,-0.5129416796452748,0.852927309280271,-0.09698370155135014,-0.04662985616653221,0.08512728030430881,0.9952783543621755,0.14150000000000001
1,1784432993.2716115,1044,-91.53,10.91,-2191.83,0.8570688637781756,0.5151815320883258,-0.00457730675314575,-0.5132323800324814,0.8529827057363101,-0.09493696751507258,-0.045005408876951356,0.08371674091774456,0.9954727622903249,0.156
1,1784432993.3314464,1047,-91.54,10.91,-2191.82,0.8571601968416322,0.5150329094122539,-0.0041832012578170335,-0.5130465329628096,0.8530823197862637,-0.095046360703226,-0.04538338864887762,0.08361613415146667,0.9954640576858156,0.1252
1,1784432993.3919353,1050,-91.55,10.91,-2191.78,0.85716885265296,0.5150248976726804,-0.0033034555927584208,-0.5129735210528416,0.8531462031861701,-0.09486686822949361,-0.04604046850606664,0.08301150984211357,0.9954844873193527,0.1416
1,1784432993.4518087,1056,-91.54,10.9,-2191.81,0.8571642093783292,0.5150251783205998,-0.004310899750397167,-0.5129944298441612,0.8529787711571304,-0.09624931638269126,-0.04589371536155604,0.08471293673994457,0.9953479217033641,0.1282
1,1784432993.511728,1059,-91.54,10.91,-2191.8,0.8571588604881966,0.5150358230884584,-0.004097416523950168,-0.5130222821778665,0.8530481611876147,-0.09548283973281775,-0.04568178932123971,0.08394602807770937,0.9954226431493239,0.12480000000000001
1,1784432993.571784,1062,-91.55,10.91,-2191.83,0.8571601934622363,0.5150331772758338,-0.004150788954062016,-0.5130153342924115,0.8530308687948069,-0.09567446714783408,-0.045734773691653956,0.0841377631526792,0.9954040221372609,0.1451
1,1784432993.6317902,1065,-91.54,10.91,-2191.81,0.8571824647292943,0.5149863804913193,-0.005220159869421392,-0.5130537303115039,0.8529946225900108,-0.09579166793607646,-0.04487863605394977,0.08478916051580519,0.9953877165632304,0.1567
1,1784432993.691819,1068,-91.54,10.91,-2191.81,0.8571561107879682,0.5150417355798583,-0.0039258565602511356,-0.5129733896696884,0.8529794122769091,-0.09635571452969793,-0.04627853962296654,0.0846057494655406,0.9953392205312416,0.14120000000000002
1,1784432993.752007,1074,-91.53,10.91,-2191.8,0.8570447921298484,0.5152305435529321,-0.0034221737616528785,-0.5131700380885859,0.8529846113999473,-0.09525631067304743,-0.04615989916869461,0.08339508201945138,0.9954468966266884,0.14250000000000002
1,1784432993.8120263,1077,-91.55,10.91,-2191.81,0.8571423427697304,0.5150690708378983,-0.0032949199386943817,-0.5129488305242594,0.8529977984458681,-0.09632368924775078,-0.046802793666755736,0.08425323799526492,0.9953446088628303,0.1432
1,1784432993.85741,1080,-91.54,10.91,-2191.81,0.8571506642188531,0.5150526154771916,-0.0036799618589474408,-0.5129698922085991,0.8529971397611171,-0.09621730222185354,-0.046417976223412885,0.08436043414692392,0.9953535495661153,0.1237
1,1784432993.9172745,1083,-91.54,10.9,-2191.81,0.8571694794674837,0.5150140023254127,-0.004589213244465902,-0.5130292960221778,0.8530129104328867,-0.09575967866385514,-0.045402917223808445,0.0844366747543742,0.9953939034693714,0.1369
1,1784432993.977621,1086,-91.54,10.9,-2191.83,0.8571601934622363,0.5150331772758338,-0.004150788954062016,-0.5130153342924115,0.8530308687948069,-0.09567446714783408,-0.045734773691653956,0.0841377631526792,0.9954040221372609,0.1395
1,1784432994.0234985,1089,-91.54,10.9,-2191.79,0.8571438473318942,0.5150660112522082,-0.0033806854066509846,-0.512973451761676,0.8530321623701181,-0.09588726583792112,-0.046504438162289566,0.0839233818128219,0.9953864592289315,0.1323
1,1784432994.0826814,1092,-91.59,10.86,-2191.82,0.8570371233905832,0.5152459680254613,-0.0029935871291314423,-0.5130464705348731,0.8528124593068314,-0.0974383308700627,-0.047651738710186776,0.08504411610769791,0.9952370622687626,0.1418
1,1784432994.142857,1095,-91.67,10.74,-2191.79,0.8565671290061976,0.5159901070846389,-0.006852948041711878,-0.5140732354690416,0.8520774865226963,-0.09845133587491375,-0.04496067259807002,0.08785309528950383,0.995118270140581,0.1226
1,1784432994.202881,1101,-91.69,10.700000000000001,-2191.8,0.8567784233014198,0.5156328370339011,-0.00731510338296328,-0.5136802838717137,0.8521128105822005,-0.10018145538560845,-0.04542355475531027,0.08959093377163467,0.9949422924267105,0.14070000000000002
1,1784432994.2628493,1104,-91.69,10.71,-2191.85,0.8568963834539071,0.5154228944094755,-0.008235772105485213,-0.5135377711862477,0.8521557506250023,-0.10054617964796246,-0.044805642375441705,0.0903870377614946,0.9948983052634207,0.124
1,1784432994.308556,1107,-91.7,10.71,-2191.79,0.8567956641654466,0.515591004089423,-0.008191847737325604,-0.513709763478749,0.8520750604002252,-0.10035123492294663,-0.04476012481996447,0.09018873513922429,0.9949183500569722,0.1321
1,1784432994.3683965,1110,-91.69,10.71,-2191.82,0.8567639684959734,0.5156656923698038,-0.006663032327829034,-0.5136938076697286,0.8522042651788447,-0.09933057118914145,-0.04554310319693628,0.08852561281208961,0.9950321812019133,0.11040000000000001
1,1784432994.428263,1113,-91.69,10.700000000000001,-2191.78,0.8567770123576004,0.515635936481488,-0.0072616874376937954,-0.5136873246768704,0.8521310566257295,-0.09998997349853139,-0.045370514234506616,0.08939934755229595,0.9949619455513461,0.12340000000000001
1,1784432994.4731393,1116,-91.48,10.64,-2191.89,0.8590207820483383,0.5119286963986769,-0.0035079641692146316,-0.5094444335207146,0.8541361678738899,-0.10448816145604416,-0.050494209210755266,0.0915446149877606,0.9945199436426215,0.1232
1,1784432994.5329769,1119,-90.07000000000001,9.5,-2192.5,0.8661476251830725,0.49871313008393836,0.032764390298074146,-0.48867230109612414,0.8588109718654168,-0.15376311893623007,-0.10482210421062309,0.11717051030638659,0.9875643766273661,0.1115
1,1784432994.5928886,1122,-86.86,7.58,-2194.68,0.8629327790833015,0.4814465941833547,0.15348027799303166,-0.43594889067492126,0.8628901183111415,-0.25567402769990133,-0.2555300050930922,0.1537199423309562,0.9545022764912046,0.11280000000000001
1,1784432994.6524665,1128,-83.68,8.21,-2195.44,0.8090970056002014,0.4802779833674626,0.33866664173087835,-0.4295210263450437,0.8765996512356642,-0.2169901826834852,-0.4010906673762032,0.030101663508772438,0.915543645271877,0.14400000000000002
1,1784432994.7123067,1131,-83.14,8.85,-2195.07,0.7939627888974283,0.47814131723055137,0.3755049541660545,-0.44069197441090513,0.8781076403683549,-0.18632647588718565,-0.41882415586500693,-0.01754573121169568,0.9078978322367618,0.1617
1,1784432994.7571907,1134,-82.96000000000001,9.41,-2194.9,0.7894866130951559,0.47164577129829927,0.39276093767070575,-0.4447210616277348,0.8806108185635404,-0.1635474352399078,-0.4230059870595688,-0.045550550438866695,0.9049812607266938,0.1496
1,1784432994.8171964,1137,-82.76,9.8,-2194.82,0.7895418397590381,0.4611323494828605,0.40494523028470236,-0.43836299335932793,0.8855537689192676,-0.15372835914667884,-0.4294898943199519,-0.056138031790377504,0.901325108972195,0.1796
1,1784432994.8770802,1140,-82.67,9.88,-2194.94,0.7894732831065734,0.4559046930054701,0.41095358151075434,-0.42985936050517665,0.888604466941545,-0.1600094732120975,-0.43812425799881094,-0.050329039600616896,0.8975043856861485,0.17550000000000002
1,1784432994.9219475,1143,-82.68,9.870000000000001,-2194.94,0.7900466839073661,0.45476251615534224,0.41111712582551957,-0.4273209498003601,0.8893598346373038,-0.16259117563885644,-0.43957143117892933,-0.04722434154087649,0.896965338492708,0.16040000000000001
1,1784432994.9823449,1146,-82.71000000000001,9.86,-2195.06,0.79005405735596,0.4552819934380949,0.41052757874035695,-0.4271346091038822,0.889173294495855,-0.1640941134259894,-0.4397392547420109,-0.0457073167711935,0.8969616653082331,0.1603
1,1784432995.0421572,1149,-82.98,9.6,-2195.16,0.788330387572749,0.4624739938387806,0.4057745741815356,-0.4287654183625938,0.8859558853496144,-0.17675515616448215,-0.4412430351243507,-0.03464064429522146,0.896718801920124,0.1608
1,1784432995.102287,1155,-84.31,8.38,-2195.2400000000002,0.7758284035182513,0.5031168372100485,0.3807410358893285,-0.45855114150574056,0.8641109245324993,-0.20746845718655973,-0.43338336253033954,-0.013629314705686402,0.9011065990561546,0.1521
1,1784432995.1620948,1158,-84.59,8.24,-2195.35,0.7729977657001315,0.5099075510198406,0.3774503194270114,-0.46443049456374896,0.8601411812843676,-0.2108588721823295,-0.43217909475340877,-0.012306001449741595,0.9017038274214226,0.2019
1,1784432995.2069747,1161,-84.79,8.18,-2195.48,0.7712314194847798,0.5123750620636076,0.37772197894060344,-0.46793187332358255,0.858624839974779,-0.2092920115679714,-0.4315574811393891,-0.015335578032775816,0.9019550767743516,0.1879
1,1784432995.266815,1164,-84.93,8.2,-2195.6,0.7694206629192876,0.5126107084924416,0.3810801818669152,-0.4684189833492643,0.8584382442366298,-0.20896754980133617,-0.4342528059908028,-0.017721240667889854,0.9006167098817925,0.15410000000000001
1,1784432995.3266547,1167,-85.06,8.26,-2195.69,0.7674960171051189,0.5112515942731608,0.3867449690441106,-0.46979012014827004,0.8590481791904722,-0.20330634235214667,-0.4361732531217988,-0.025652157466489373,0.8994970039296748,0.1531
1,1784432995.3715348,1170,-85.23,8.34,-2195.77,0.7673865900223187,0.5102944750381136,0.38822335091992277,-0.4692467594827367,0.859578408744548,-0.20231766589979508,-0.43694999733249595,-0.026916685638584556,0.8990829727368689,0.1688
1,1784432995.431374,1173,-85.54,8.36,-2195.91,0.7663168524888844,0.5110487726640689,0.38934256580815585,-0.46884656811207415,0.8591737557498196,-0.20494719563897298,-0.4392509273309046,-0.025487435910621893,0.8980027914486916,0.1564
1,1784432995.491214,1176,-86.16,8.18,-2196.32,0.7675990385162227,0.5159833445286129,0.3802011365554255,-0.46803558140508567,0.8565279662244827,-0.21749146561222799,-0.43787488008308256,-0.011001420109162639,0.8989686079879585,0.18760000000000002
1,1784432995.5400836,1179,-87.23,7.73,-2196.77,0.7714783628034622,0.525191939868174,0.35915812955242155,-0.46387735290424037,0.8506367135784949,-0.24745703258330035,-0.4354755299539166,0.024302423950752012,0.8998724659647463,0.19160000000000002
1,1784432995.5959628,1185,-89.22,7.18,-2197.86,0.7748869838916885,0.5375024158891775,0.33262789286008426,-0.4572193969410555,0.8399785016491552,-0.2922097531365055,-0.4364637273085812,0.07434560969241984,0.8966449381239838,0.17
1,1784432995.6563041,1188,-89.89,7.2700000000000005,-2198.26,0.7742079197175535,0.5382646046717865,0.3329764442181213,-0.4574024934026026,0.8394411484547692,-0.293464678130129,-0.4374757777016921,0.07489842213600736,0.8961055575577223,0.21880000000000002
1,1784432995.7161102,1191,-90.51,7.38,-2198.56,0.7718508632282184,0.5401877701784003,0.33532583837745367,-0.4584581755612773,0.8382786815868634,-0.29513548288542885,-0.44052508009746666,0.07406770515331217,0.8946796235851372,0.2505
1,1784432995.776086,1194,-91.11,7.6000000000000005,-2198.69,0.7718065161868661,0.5408339268714443,0.33438505516291545,-0.4584391658365034,0.8377110238131621,-0.29677225579395855,-0.4406225513958899,0.07575555508817253,0.8944902811515948,0.19590000000000002
1,1784432995.820966,1197,-91.79,7.930000000000001,-2198.79,0.7717516080963379,0.5413773816310801,0.33363151238903127,-0.4589429180964225,0.8373231995055691,-0.297087962561423,-0.4401941086950811,0.07616029298809807,0.8946668410319621,0.19640000000000002
1,1784432995.8812401,1200,-92.52,8.19,-2198.77,0.7713575275329921,0.5419680140597365,0.3335839271522758,-0.4589518433727126,0.8368587934283155,-0.29837990100959094,-0.44087500516924133,0.07705862442225134,0.8942545488948725,0.2049
1,1784432995.94108,1203,-93.32000000000001,8.46,-2198.64,0.7701177893730407,0.5428016332856926,0.3350895065405144,-0.4584606293349081,0.8362204297542221,-0.30091401464787965,-0.44354530979486306,0.0781138896999038,0.8928414071910702,0.20900000000000002
1,1784432996.0012612,1209,-94.79,8.92,-2198.43,0.7702838716103015,0.5429871398485943,0.33440652370443896,-0.4599302204721547,0.8362844643299199,-0.2984836461464078,-0.4417317618572153,0.07611347239130481,0.8939126298957065,0.2272
1,1784432996.0611012,1212,-95.52,9.040000000000001,-2198.29,0.7691219316106279,0.543160807753024,0.3367904262840898,-0.46070092119820083,0.8364343835445581,-0.29687065067393265,-0.44295159501086073,0.07317006864502418,0.8935547132279125,0.2214
1,1784432996.105981,1215,-96.3,9.08,-2198.13,0.7687809908102577,0.5427314078340276,0.338257900305806,-0.46025588690759317,0.8367880348037747,-0.296564164012008,-0.44400484990110517,0.07230770193921837,0.8931020599598716,0.2129
1,1784432996.1661425,1218,-97.2,9.14,-2198.04,0.769331877597495,0.5432835832240175,0.3361121989925163,-0.46012017791629034,0.8361976543146646,-0.2984340878534718,-0.44319057298931136,0.074942852347135,0.8932892504085568,0.2242
1,1784432996.2259827,1221,-98.24000000000001,9.09,-2197.92,0.7707200730560357,0.5445560100442046,0.3308312574610127,-0.4588395152736025,0.8345938333464196,-0.3048268895022457,-0.44210504205673146,0.0831377487358475,0.8931020358968794,0.1882
1,1784432996.270973,1224,-99.5,8.96,-2197.86,0.7694883141093173,0.550307629759046,0.32411301590368374,-0.45968153830930175,0.8295368470433547,-0.31711433700632974,-0.44337412845901913,0.09502700682622203,0.8912851677139335,0.19890000000000002
1,1784432996.330848,1227,-100.77,9.0,-2197.79,0.7688970978227244,0.5541465412042681,0.31893394901003874,-0.4608163510653438,0.8260913407361096,-0.32437846314396185,-0.4432217769363476,0.10244368029392134,0.8905390215017102,0.2068
1,1784432996.390688,1230,-102.16,9.15,-2197.69,0.7684768818424706,0.5578560628848496,0.3134324411676118,-0.4624316751763364,0.8227393341710295,-0.330540366372125,-0.4422671453627106,0.10907154124897121,0.8902264717600198,0.18760000000000002
1,1784432996.450529,1236,-105.27,9.69,-2197.04,0.7671157219143941,0.5655439735393553,0.30280931819393353,-0.46741323514306626,0.8160479717702982,-0.33998613998613997,-0.4393840425013754,0.1192716301678634,0.8903459672690441,0.18380000000000002
1,1784432996.5104594,1239,-106.84,10.16,-2196.56,0.7654373111916932,0.5671837836529587,0.30398729940039393,-0.4681633916057551,0.8149194041183337,-0.3416568505849345,-0.44150737411262725,0.11920117596959184,0.8893044013450282,0.169
1,1784432996.5556316,1242,-108.44,10.620000000000001,-2195.96,0.7668189375747946,0.5667213954413453,0.3013562292796971,-0.4677922947794957,0.8149141217999788,-0.3421773561121523,-0.43949867567672646,0.12141595463522749,0.8899994831675014,0.1889
1,1784432996.615911,1245,-110.2,10.88,-2195.39,0.7688794903132883,0.5697978164908354,0.2900944289328117,-0.4664245493020905,0.810165280588363,-0.3550779603657773,-0.43734708091391167,0.13770499791748686,0.8886871577583559,0.15410000000000001
1,1784432996.6759636,1248,-111.55,11.22,-2194.53,0.7712243567941173,0.5695829099533171,0.28423282740846695,-0.4658866298707974,0.8093191361179236,-0.3577040452957837,-0.43377717735622107,0.143449798195916,0.8895276925438691,0.15860000000000002
1,1784432996.7210274,1251,-112.62,11.57,-2193.59,0.7753765373912043,0.5661003883014499,0.27985992143959076,-0.4629222371964285,0.8109586120160921,-0.35783953373822036,-0.42952791244839944,0.14790699767719223,0.8908587387828888,0.1327
1,1784432996.780807,1254,-113.51,11.85,-2192.66,0.7776048424176789,0.5645277006170392,0.27683783029892245,-0.46125259812696706,0.8113977835817708,-0.3589981581007236,-0.4272900066344859,0.15146653767293977,0.891336714264409,0.1504
1,1784432996.840647,1257,-114.23,12.08,-2191.79,0.7801731397466897,0.5638257415387031,0.27098045168632295,-0.4627193187513675,0.8116374981047485,-0.3565605190210135,-0.4209758948824297,0.1527910496351001,0.8941108382518029,0.15760000000000002
1,1784432996.9004877,1263,-115.25,12.450000000000001,-2190.77,0.7834239948946433,0.5616711730159797,0.2660307080511033,-0.4607514048897325,0.8121717107864774,-0.3578900041776865,-0.4170791137367775,0.1578055943273876,0.8950655882579355,0.1545
1,1784432996.960403,1266,-115.75,12.620000000000001,-2190.4,0.7845121956183685,0.5616830595546692,0.26277890998965736,-0.4618282027310952,0.8120055763320078,-0.3568776473357364,-0.41383006909625725,0.15861615496231662,0.8964293554412178,0.1603
1,1784432997.005343,1269,-116.2,12.73,-2189.9700000000003,0.7851639999134288,0.5617866897982061,0.26060162778754725,-0.46266804833956215,0.8118458674889388,-0.3561524455718265,-0.4116500580415431,0.1590660322215475,0.8973528999828818,0.1389
1,1784432997.0651019,1272,-116.73,12.8,-2189.53,0.7853724543730617,0.5624256352259018,0.258587534024311,-0.46351754656375377,0.8111875704067872,-0.3565476260544335,-0.4102945185346153,0.16016282483233915,0.8977785236917699,0.1262
1,1784432997.1250765,1275,-117.08,12.93,-2189.16,0.7858418432269112,0.5613123660194789,0.2595785530188223,-0.4621778297651753,0.8119449501642546,-0.35656282977382686,-0.41090662090952434,0.16023053908784363,0.8974864473830986,0.15
1,1784432997.1700907,1278,-117.36,13.08,-2188.88,0.7874523791429154,0.5592117488714853,0.25923149983413846,-0.4611148809857235,0.8135483122957928,-0.3542770245079253,-0.4090132236440335,0.15944078363066938,0.8984914130917189,0.1317
1,1784432997.2300653,1281,-117.51,13.19,-2188.67,0.7875085815732156,0.5576671269540407,0.2623692235445457,-0.46031884245314125,0.8153018532157934,-0.3512683467457505,-0.40980092390225537,0.15585334021995967,0.8987618923336365,0.1467
1,1784432997.2900658,1284,-117.58,13.25,-2188.53,0.7896345964060617,0.5546074336974,0.26246485221114907,-0.45768872822871254,0.8173038934620855,-0.3500505303296937,-0.4086541718996883,0.15628480482535773,0.8992090010501896,0.1178
1,1784432997.3500428,1290,-117.66,13.11,-2188.2200000000003,0.7939654675822334,0.5480932619321585,0.2630829004543842,-0.45217873704950295,0.821624002063163,-0.34708556436997984,-0.40639048469082245,0.15661345873927085,0.9001772039406912,0.1492
1,1784432997.4098887,1293,-117.86,12.83,-2187.9700000000003,0.7932445466434158,0.5487164654624417,0.2639570604300758,-0.4532972969945581,0.8215957201247029,-0.34569066115560315,-0.40655214887872504,0.15456620977165653,0.9004580151450233,0.12430000000000001
1,1784432997.454769,1296,-118.19,12.42,-2187.59,0.7933662185459752,0.5501808181937375,0.26052084477394355,-0.4574662544734713,0.821196370515753,-0.3411174974547147,-0.4016150760218955,0.15145160396451282,0.9031986173420016,0.14250000000000002
1,1784432997.5146089,1299,-119.05,11.67,-2187.23,0.7955910244888994,0.5558845003403516,0.24088865484713354,-0.4584157072034414,0.8123255012377498,-0.36053060817080046,-0.3960933742716135,0.17640777284517864,0.901105064095154,0.1369
1,1784432997.5744479,1302,-120.01,10.92,-2186.93,0.7968678030539331,0.5619992015761075,0.2217173919290413,-0.45938597815973686,0.8019952555661103,-0.3817959312508079,-0.39238530493154333,0.2023870239844133,0.8972587503036751,0.1568
1,1784432997.619328,1305,-121.02,10.290000000000001,-2186.4700000000003,0.7975087134004504,0.5673533986044658,0.20515840987471276,-0.46356089480263696,0.7938996900860841,-0.39349025259972864,-0.38612323014827404,0.21870848902861975,0.8961447695359724,0.1522
1,1784432997.679169,1308,-121.92,9.77,-2186.03,0.7964917121562557,0.5719208189600274,0.1962333542150465,-0.4676649201761057,0.7884127755597501,-0.3996183401332425,-0.38326293181453525,0.22652124000689805,0.8954315456374452,0.11670000000000001
1,1784432997.739008,1311,-122.68,9.48,-2185.4900000000002,0.7947660062151491,0.5749549769427661,0.19435475258805698,-0.471676723117914,0.7866608658128376,-0.39835380137177484,-0.3819267786285328,0.22492544695374067,0.8964041940325199,0.1236
1,1784432997.7989697,1317,-124.04,9.21,-2184.46,0.7907669826380052,0.5796869441106286,0.1965976245972116,-0.4790414994281878,0.7860064228897996,-0.39078529271401113,-0.3810601277950485,0.21484168590769992,0.8992420302683581,0.1506
1,1784432997.8589427,1320,-124.77,9.200000000000001,-2183.87,0.789986338863123,0.5811660894566135,0.1953651987313667,-0.48253698975287723,0.7859025196463478,-0.3866720614858973,-0.37825869181007676,0.21119471129559408,0.9012863895515675,0.1497
1,1784432997.9039066,1323,-125.27,9.52,-2183.17,0.7869141319042269,0.5812835053056912,0.20706432688646603,-0.48719312087898675,0.7912099320275041,-0.3696345579477453,-0.37869382352714676,0.1899903416507286,0.9058116018807826,0.1645
1,1784432997.9639068,1326,-125.75,9.91,-2182.33,0.7829191236465705,0.5806715249581206,0.22328955625218277,-0.49079517990932414,0.7970532982664376,-0.3518893733836917,-0.38230581633851735,0.1659114818974375,0.9090190553384103,0.164
1,1784432998.0239058,1329,-126.23,10.26,-2181.67,0.7799627149087898,0.5797723069516607,0.2356315671637806,-0.49564188166155065,0.8021370048779537,-0.3330395630378214,-0.3820959153080641,0.1429695684311,0.9129963932061932,0.16060000000000002
1,1784432998.068919,1332,-126.71000000000001,10.58,-2180.98,0.7768514089610272,0.5796281072497153,0.2460348464778502,-0.4989448942129527,0.8049816162166319,-0.32102739772811356,-0.3841300312837988,0.126632755791586,0.9145535874001786,0.1562
1,1784432998.128894,1335,-127.15,10.78,-2180.4,0.7759803911273632,0.5794620281109978,0.24915495291748382,-0.5008576431569614,0.8061677061053308,-0.31501627088790674,-0.3834006440749395,0.11965528659594665,0.915798317596491,0.1678
1,1784432998.1888943,1338,-127.36,11.14,-2179.89,0.7755771432232098,0.5776505468111599,0.2545583247086854,-0.5003333139361467,0.808408423429832,-0.3100683729330783,-0.384898259122327,0.11311793269177547,0.916000907984343,0.1381
1,1784432998.2487872,1344,-126.81,12.33,-2179.2400000000002,0.7782255826995031,0.5664257769843472,0.2711582224453045,-0.4978780175872552,0.8196686419612615,-0.2833033656502619,-0.3827302209591027,0.08547020857035327,0.9198980494661008,0.16060000000000002
1,1784432998.3086271,1347,-126.0,13.38,-2179.3,0.7829193319788847,0.5551711740321945,0.2807530714657484,-0.489353268577007,0.8282161949185685,-0.27311410254252194,-0.3841493175143441,0.07643887753180591,0.9201012986921283,0.17930000000000001
1,1784432998.3533554,1350,-125.24000000000001,14.47,-2179.67,0.7884759563746663,0.544732960074681,0.2856075426653356,-0.47886403554708684,0.8350930756998786,-0.27075596092731813,-0.38599857730128206,0.07671738477289948,0.9193038350811952,0.1683
1,1784432998.413196,1353,-124.45,15.64,-2180.17,0.7969597650508781,0.5318499885013398,0.2863402218012237,-0.46372455255089734,0.8424885184923,-0.2741762855721109,-0.38705900357893674,0.08572447689997481,0.9180613496976694,0.17
1,1784432998.4730358,1356,-123.74000000000001,16.87,-2180.7400000000002,0.8076211322041553,0.5159276131021775,0.2855990281075337,-0.4459819281993518,0.8512357947800104,-0.2765822507046176,-0.38580853611197646,0.09600166521437811,0.9175704080555344,0.1317
1,1784432998.5186503,1359,-123.21000000000001,17.89,-2181.32,0.8144378471717327,0.5069424394540579,0.28231251508681293,-0.4321762204162689,0.8546175044457526,-0.28784133754834906,-0.38718820694977496,0.11242012353347976,0.9151213079279354,0.1514
1,1784432998.5784628,1362,-122.74000000000001,18.94,-2181.91,0.8192067763584214,0.5013954995760055,0.2783932660345272,-0.42450150802332864,0.8565365563016697,-0.2935022953995359,-0.38561473941534313,0.12226070801285445,0.9145236968071591,0.1458
1,1784432998.6383016,1365,-122.18,19.990000000000002,-2182.6,0.8245164570917045,0.49459240972951646,0.27486534925831174,-0.41420695996268553,0.8585125916671966,-0.3023056801771077,-0.38549345818497854,0.1354048676629596,0.912721378904736,0.1403
1,1784432998.698143,1371,-120.95,22.240000000000002,-2184.2200000000003,0.8347016985991458,0.47965701594599236,0.27055909042108844,-0.393290483664383,0.8631077160790117,-0.31680856349522424,-0.38548108879001625,0.15803233054871363,0.9090820164795944,0.11710000000000001
1,1784432998.7587152,1374,-120.09,23.650000000000002,-2184.8,0.8423993079178747,0.46452722040798117,0.27308948628521135,-0.3756422682592781,0.8695997221397567,-0.3204515713044367,-0.38633701908632867,0.16736422782211513,0.9070462628383388,0.1182
1,1784432998.8035953,1377,-119.32000000000001,25.03,-2185.36,0.8494130188162794,0.4502219592030233,0.27531384076505533,-0.3591934382672725,0.8754371779362319,-0.32340349625936554,-0.3866233275051443,0.1758122149864384,0.9053245096043807,0.1441
1,1784432998.8634353,1380,-118.59,26.310000000000002,-2185.79,0.8557596441132328,0.4387453270208996,0.2741860126347023,-0.3466171849414319,0.8796310493691925,-0.3257387666350605,-0.38409889170690203,0.18371650715974633,0.9048294239173219,0.131
1,1784432998.9232752,1383,-117.95,27.45,-2186.06,0.860773934980424,0.4296039164831466,0.27296283226963014,-0.3358331733521595,0.88234989148816,-0.32965853343581186,-0.3824713224995242,0.19209149885711635,0.9037790346828649,0.12140000000000001
1,1784432998.9681554,1386,-117.27,28.37,-2186.37,0.8650308415140795,0.4228866123994934,0.2699788070992316,-0.3274026099407984,0.8835353098517001,-0.3349222107433511,-0.380169928102417,0.2013262757280851,0.9027394731970361,0.1125
1,1784432999.0286722,1389,-116.63,29.25,-2186.6,0.8685701080627465,0.41742770266759543,0.26709563909866174,-0.32011495140954555,0.8840299784618633,-0.34061329255444783,-0.37830197628869633,0.21034521678985496,0.9014668626797635,0.12840000000000001
1,1784432999.0885124,1392,-115.95,30.060000000000002,-2186.98,0.8714484887236915,0.4125054353373426,0.26536163497827575,-0.3119934540126406,0.8836456467485878,-0.3490421974998618,-0.37846745719342434,0.221381202452737,0.8987506589962111,0.12660000000000002
1,1784432999.1483526,1398,-113.55,30.830000000000002,-2187.7400000000002,0.8779943949135912,0.40260398238620876,0.2589128731196692,-0.2989802954632341,0.8836625317432465,-0.3602100955245883,-0.3738136239157608,0.2388525975573243,0.8962214074742273,0.1199
1,1784432999.2081926,1401,-112.13,30.990000000000002,-2188.26,0.8801443639369955,0.39864197974255083,0.25774109221635877,-0.2938815028802589,0.8839645197550191,-0.36364871796710496,-0.3727996256634149,0.24431803003711855,0.8951698941005554,0.1169
1,1784432999.2530725,1404,-110.60000000000001,31.060000000000002,-2188.75,0.882090920783394,0.393792912807759,0.25853964743126856,-0.28737985684097445,0.8847010755195801,-0.3670379065662825,-0.37326723048449484,0.24946171809894757,0.8935549372308096,0.1263
1,1784432999.313048,1407,-109.0,31.02,-2189.4900000000002,0.8851093974159073,0.3893254638720254,0.25496477754168684,-0.2829688389707159,0.8851746268761359,-0.3693162819403698,-0.3694725846089458,0.254738224684726,0.8936433550957896,0.127
1,1784432999.3736057,1410,-107.58,30.78,-2190.16,0.8856509052339282,0.38710668564392803,0.2564583552705908,-0.2771362941402958,0.8837936130014936,-0.3769672719055985,-0.37258280761262574,0.2627874874257507,0.8900139256910276,0.1361
1,1784432999.4184902,1413,-106.12,30.52,-2191.17,0.888006776837415,0.3852780652256399,0.2510075232872774,-0.27202675689808026,0.8802615368929999,-0.3887686589712274,-0.3707363049693654,0.27694844127158635,0.8864841527376,0.14650000000000002
1,1784432999.4782977,1416,-104.76,30.26,-2192.28,0.8916622164791458,0.3810911644756201,0.2443522376859133,-0.2639282417626921,0.8761553496475103,-0.4033530543879679,-0.36780480543836175,0.29516322203598633,0.8818153420381072,0.12390000000000001
1,1784432999.5381377,1419,-103.38,30.34,-2193.31,0.8972375374217312,0.3711635071438666,0.23917034181949118,-0.25176460791800775,0.8750269518874692,-0.41345182992752183,-0.362738726415142,0.31074987439287804,0.8785528623387048,0.13040000000000002
1,1784432999.5845578,1422,-102.01,30.51,-2194.59,0.9014584049498366,0.3604370735468807,0.2397036924168185,-0.23947399289465612,0.8765647692397376,-0.41747624130574856,-0.36058972652085697,0.3189346662572852,0.876501983903612,0.1453
1,1784432999.6434002,1428,-100.14,31.240000000000002,-2196.9,0.90875327302141,0.34363765765397775,0.23681353216183057,-0.215213136137667,0.8720499249373221,-0.4395591364658468,-0.3575622950013952,0.34848542101341706,0.866433561523581,0.12290000000000001
1,1784432999.7034535,1431,-99.29,31.85,-2198.14,0.9106128122599301,0.33940955751691215,0.23576568540446124,-0.20754003809973584,0.8689294111864647,-0.44932038787562695,-0.3573673722286657,0.360226082677695,0.8616993272743463,0.1241
1,1784432999.7632923,1434,-98.41,32.82,-2199.18,0.9135184900893041,0.32997229349999047,0.23791228170759468,-0.19508079743269424,0.8685544580567655,-0.4555838406514681,-0.3569698176848876,0.36977214458646596,0.8578118152310236,0.1444
1,1784432999.8231325,1437,-97.37,34.08,-2200.19,0.9192936297146402,0.3117329694729105,0.24025357044107246,-0.1746815260363421,0.8701958151364201,-0.4607012131313267,-0.3526834087786051,0.3815518301131091,0.8544194602826182,0.1411
1,1784432999.8685498,1440,-96.34,35.5,-2201.09,0.9260540031957016,0.29153196632957157,0.23965203060526882,-0.15447769014758764,0.872209274360375,-0.46409872329754787,-0.3443263370871898,0.3927595884606276,0.8527480749086199,0.1386
1,1784432999.9284236,1443,-95.19,37.04,-2202.08,0.9323544262795722,0.26691397901925934,0.24386912801951055,-0.12777147400806746,0.8742463657769062,-0.4683671021278909,-0.33821542576691527,0.4055246228405605,0.8492114613235773,0.1502
1,1784432999.9888256,1446,-93.95,38.53,-2202.89,0.9405540659513587,0.2383016529860883,0.2420131632917213,-0.10010836306699196,0.875401285748638,-0.47291743946875003,-0.32455564186501934,0.4205768789338396,0.8472182270465243,0.14120000000000002
1,1784433000.0336802,1449,-92.60000000000001,40.02,-2203.52,0.9486633144313982,0.20374663404826554,0.2419198730283158,-0.06508018939214781,0.8742498605041165,-0.4810943258418409,-0.30951976479817317,0.4406523465528527,0.8426286398388964,0.1434
1,1784433000.0934846,1455,-89.46000000000001,42.52,-2204.53,0.9575556370416327,0.14691398318918783,0.24799895869394298,-0.005790889802126345,0.8699962591189913,-0.4930243145264345,-0.2881903321853331,0.47066207693253564,0.833920584811563,0.1228
1,1784433000.1538222,1458,-87.74,43.71,-2204.91,0.9592125352218699,0.12490054739665075,0.25359646198882646,0.017368210810133164,0.8693623729100601,-0.49386983084760755,-0.2821518341717595,0.4781306493294555,0.8317339867080733,0.16390000000000002
1,1784433000.2136621,1461,-85.95,44.72,-2205.42,0.95940362282634,0.10475603626691042,0.2618603852692111,0.041694776774835525,0.8655796931418378,-0.4990324041684855,-0.2789376885567646,0.4896917067769555,0.8260725138972254,0.12340000000000001
1,1784433000.2734585,1464,-84.28,45.33,-2206.13,0.9601196236265414,0.09021669342977688,0.2646341938484636,0.061634481840899265,0.8549288437651288,-0.5150707356729014,-0.2727113840224357,0.510840112290546,0.8152735005503061,0.1504
1,1784433000.3184717,1467,-82.94,45.39,-2206.9700000000003,0.962442645464973,0.08330810191363229,0.2583871404422677,0.0734442495641698,0.8363690599334606,-0.5432243899089724,-0.2613620025871019,0.5417993685319016,0.7988387495997503,0.1658
1,1784433000.3783424,1470,-81.96000000000001,44.87,-2207.88,0.9660906681487061,0.07991562873169417,0.24552456740702094,0.07916095362864746,0.8134331448232486,-0.5762465291206215,-0.2457689246763917,0.5761423532317149,0.7795239729963614,0.1701
1,1784433000.4387877,1473,-80.99,44.35,-2208.8,0.968641949808613,0.07757223502376277,0.23604093167157808,0.08245679002492384,0.7958062301159643,-0.5999110949860841,-0.2343792884402419,0.6005622302992711,0.764454940914251,0.1817
1,1784433000.4835033,1476,-80.04,43.59,-2209.86,0.9713717824909964,0.07471676727415483,0.2255089019714384,0.08518806990645861,0.7765721246053968,-0.6242425234085486,-0.2217653104655378,0.625582240775711,0.7479752717170293,0.2757
1,1784433000.5438228,1482,-77.67,42.47,-2211.86,0.969313287389523,0.07617982945941532,0.23372715818588688,0.09110872101281889,0.7717366881150144,-0.6293819866922453,-0.22832203539195364,0.6313629049926861,0.7411139793268456,0.2775
1,1784433000.603849,1485,-76.35000000000001,42.01,-2212.7400000000002,0.9672407970246533,0.07731609174301118,0.24180046014989257,0.09338182146381405,0.7773483780679948,-0.6221007430755555,-0.23606159363863885,0.6243009859616148,0.7446631472928831,0.21960000000000002
1,1784433000.6636558,1488,-74.97,41.730000000000004,-2213.62,0.9625202175671158,0.07864695866722068,0.25955632657854544,0.09664562660161068,0.7947411392303403,-0.599204593168012,-0.2534057095515689,0.6018315192038858,0.75735352964082,0.2348
1,1784433000.7234957,1491,-73.77,41.13,-2214.6,0.9609183358365396,0.07950911097654173,0.26516834864827854,0.09715154540774273,0.800090268251207,-0.5919604208683201,-0.2592248619982704,0.5945871373662832,0.7610969760815937,0.1925
1,1784433000.768373,1494,-72.49,40.52,-2215.59,0.9582436471108893,0.08069763658850612,0.27433010082863785,0.09873737961722515,0.8069742855087627,-0.5822743617865599,-0.26836550195199305,0.5850473433634675,0.7653101092925688,0.19390000000000002
1,1784433000.8284335,1497,-70.96000000000001,40.14,-2216.43,0.9525649693720064,0.08063379104368218,0.2934589764638869,0.10063106515921072,0.8265702763352131,-0.5537643605397987,-0.28721658700400815,0.5570276205189947,0.7792476256805121,0.18560000000000001
1,1784433000.8888917,1500,-69.36,39.89,-2217.14,0.9431940485958842,0.08025416467370572,0.3224038705503251,0.10374470684887395,0.8507244939262772,-0.5152716480020232,-0.3156295653042444,0.5194488468428873,0.794072334878535,0.1804
1,1784433000.933835,1503,-68.05,39.27,-2217.93,0.9359386461559056,0.08351827194999614,0.34211627976805903,0.09985839115476133,0.8686575309833987,-0.48524467599532534,-0.3377086797046132,0.4883224263909165,0.8046701532527814,0.18130000000000002
1,1784433000.993991,1509,-65.59,38.17,-2219.2200000000003,0.9177385361964799,0.08826476589569014,0.3872535477969456,0.08826476589569014,0.9052938212085692,-0.4155146548353815,-0.3872535477969456,0.4155146548353815,0.823032357405049,0.1749
1,1784433001.0537755,1512,-64.55,37.61,-2219.8,0.9075199838829187,0.09142249266179335,0.409938296196698,0.07956546847278952,0.9209286692128441,-0.38152289898322733,-0.412403704008406,0.3788565877180503,0.828487097583772,0.1859
1,1784433001.1000984,1515,-63.68,37.02,-2220.32,0.9008289613857484,0.09343063658209078,0.42400223876359316,0.07237692195728279,0.9305923080644953,-0.35883079207223106,-0.4280990113240898,0.3539331466803591,0.8315422804549846,0.2043
1,1784433001.1594164,1518,-62.96,36.52,-2220.9,0.8933666214341376,0.09173915056931074,0.439863624274815,0.06837628089790654,0.939778216911498,-0.3348754801851216,-0.4440954446038879,0.32924281506430253,0.8332937086109606,0.20090000000000002
1,1784433001.2192788,1521,-62.21,36.25,-2221.31,0.8843207087451248,0.08727842338590396,0.4586494967791759,0.0631360894821404,0.9509920947145256,-0.302700958035124,-0.4625913080564999,0.2966420614170378,0.8354715848602075,0.1988
1,1784433001.279157,1524,-61.47,36.22,-2221.84,0.8711370774214146,0.0811730720901779,0.48428413633849227,0.0528075839635056,0.965035419252564,-0.2567450070867311,-0.48819212551782715,0.249233970307964,0.8363915809158502,0.1966
1,1784433001.338961,1527,-60.64,36.45,-2222.51,0.8567831963839453,0.06970940923119014,0.5109433947696637,0.044043126413449596,0.9773085388589257,-0.20719127126681916,-0.5137925236998284,0.20002154418479579,0.8342713134538974,0.1852
1,1784433001.3841293,1530,-59.97,36.6,-2223.09,0.8434193066274132,0.060303862932437655,0.5338607658590012,0.035822294219461905,0.9851571807759487,-0.167875228674271,-0.5360602918002675,0.1607133263952005,0.8287403636085319,0.2313
1,1784433001.444365,1536,-58.550000000000004,37.49,-2224.62,0.815386796115099,0.030356722227799185,0.5781200931785181,0.020076739650318746,0.9965407374201211,-0.08064417639963038,-0.5785683168357626,0.0773629632171986,0.8119566950743661,0.2389
1,1784433001.5041678,1539,-57.92,37.99,-2225.4900000000002,0.799864042206209,0.011578517316284691,0.6000695392388288,0.009301858409251806,0.9994546604943008,-0.03168370316671196,-0.600109147918675,0.030924416776692446,0.7993201430161405,0.23550000000000001
1,1784433001.5500462,1542,-57.45,38.33,-2226.39,0.7834649553262005,-0.004570138764047467,0.6214191641777651,-3.692855523839226e-05,0.9999726136554056,0.007400714523533668,-0.621435968070723,-0.005821148585492801,0.7834433303163345,0.2293
1,1784433001.608888,1545,-57.06,38.550000000000004,-2227.14,0.7740450518010477,-0.01779031819634226,0.6328805277149758,-0.0076204104079344815,0.9992709549960519,0.03740972930258985,-0.6330846603160813,-0.033779625216264604,0.7733451685972575,0.23700000000000002
1,1784433001.668738,1548,-56.72,38.730000000000004,-2227.96,0.761593544946205,-0.03091323260402768,0.6473172671466767,-0.01590538736214965,0.9976691070385091,0.0663579046824391,-0.6478597772273972,-0.060833583742477174,0.7593266649735898,0.2326
1,1784433001.728567,1551,-56.34,39.050000000000004,-2228.73,0.7499432154861003,-0.04663336622129143,0.6598564258240115,-0.023091585486741433,0.9950585945468482,0.0965669306655209,-0.6610990487257388,-0.08765684555881487,0.7451606036289097,0.2349
1,1784433001.788407,1554,-55.89,39.54,-2229.79,0.7329093300394565,-0.067892562272775,0.6769302134852249,-0.03484674971370277,0.9899557426975449,0.13701580760825535,-0.6794333064955717,-0.12400898148194452,0.7231819650242289,0.22360000000000002
1,1784433001.833287,1557,-55.51,40.04,-2230.75,0.7159199174256997,-0.09052368978297642,0.6922890533738452,-0.04886459487066432,0.9826309630484487,0.17902134461176455,-0.696470331888807,-0.1619933703784009,0.6990616744981384,0.24280000000000002
1,1784433001.893127,1563,-54.79,40.95,-2232.96,0.6853022161941426,-0.13482563045757223,0.7156695619146555,-0.07669274723104516,0.9638878830271774,0.25502621723176117,-0.7242092895023866,-0.22965669666940822,0.6502143544042562,0.28350000000000003
1,1784433001.9529955,1566,-54.49,41.300000000000004,-2233.94,0.6703436490279027,-0.15541520211445553,0.7255932105247948,-0.09234115906829629,0.9527498912680304,0.28937994925474725,-0.7362828957336166,-0.26098612921088243,0.6243186188234666,0.29700000000000004
1,1784433001.998846,1569,-54.300000000000004,41.5,-2234.98,0.6568436866727339,-0.17223521123386784,0.7340922307785283,-0.10820030007775738,0.9419572224919595,0.3178195809863139,-0.7462232014225063,-0.2881867849268211,0.6000827531701669,0.2987
1,1784433002.0576873,1572,-54.09,41.77,-2236.02,0.6429286578756819,-0.19337963055244412,0.741112042386018,-0.12779904336798545,0.9269531868719489,0.35273955528429984,-0.7551888144010095,-0.3214997789040267,0.5712510365577114,0.3299
1,1784433002.1175604,1575,-53.92,41.72,-2237.1,0.6312292981537371,-0.21139549085564455,0.7462315455662818,-0.14209872703568777,0.9143322826203744,0.3792155438969412,-0.7624680484631324,-0.3454105143218963,0.5471142948860918,0.3387
1,1784433002.1773672,1578,-53.83,41.45,-2238.09,0.6203043179778964,-0.2248069016405172,0.7514548622989724,-0.15282123420569166,0.9050478358583883,0.39690563763178865,-0.7693297235086045,-0.36104054035916583,0.5270498123928474,0.331
1,1784433002.2372081,1581,-53.63,41.09,-2239.2200000000003,0.6108648335099436,-0.23901711537393058,0.7547946566710672,-0.16227056222597333,0.8953076562966421,0.4148402887997744,-0.7749273642192122,-0.3758922972540657,0.5081265207104682,0.3624
1,1784433002.282065,1584,-53.47,40.58,-2240.34,0.6029281569959706,-0.2501257786248788,0.7575716021398504,-0.16962445784053634,0.8876786801937382,0.42808188939945435,-0.779554475841006,-0.38660529690732465,0.49277902106263927,0.36060000000000003
1,1784433002.341969,1590,-53.18,39.54,-2243.27,0.5809718055700044,-0.28080833497528607,0.763949239243771,-0.19338529254258296,0.8640993115438608,0.46468753847897115,-0.7906161456490427,-0.41770690537484917,0.4477131352118433,0.4077
1,1784433002.4018364,1593,-53.09,38.93,-2244.96,0.5684445966034469,-0.2967288581583713,0.7673478515825619,-0.20600675333928833,0.8516457526384701,0.4819343623269246,-0.7965123716370952,-0.4320318237686698,0.4229852776163339,0.40540000000000004
1,1784433002.461648,1596,-53.18,38.2,-2246.57,0.5593648823023081,-0.3096641474551289,0.7689076955186581,-0.22066147637368716,0.8385024390011195,0.4982190006751637,-0.7990115401491457,-0.4483545199616731,0.40069787014461145,0.4025
1,1784433002.521488,1599,-53.22,37.4,-2248.03,0.5525486582209911,-0.32051105541206265,0.7693910862863099,-0.23207476032775234,0.8274374619704296,0.5113595135975765,-0.8005193850975745,-0.4611072650550839,0.3828169330063938,0.40790000000000004
1,1784433002.5813582,1602,-53.33,36.44,-2249.32,0.5499530199308506,-0.32388014666782544,0.7698398057150366,-0.23597546175232306,0.8239360026946907,0.5152135915465279,-0.8011661858314512,-0.4650065742093572,0.3766983257493483,0.42560000000000003
1,1784433002.6411688,1608,-53.38,34.52,-2251.56,0.5352896744711123,-0.33986653364512165,0.7732759557316264,-0.24922358396420596,0.8111720034728773,0.5290440302827683,-0.8070641669660766,-0.47591041183173094,0.34950924209454787,0.41090000000000004
1,1784433002.7010088,1611,-53.34,33.42,-2252.56,0.5277831888979296,-0.34922629827196167,0.7742647467836794,-0.25915257998019514,0.8018913093392165,0.5383402904259029,-0.8088787584096525,-0.4847796619099236,0.3327218561984758,0.4469
1,1784433002.7608845,1614,-53.43,32.07,-2253.5,0.5243550273038805,-0.35173294618227974,0.7754584063062829,-0.264168786951424,0.7985648054549453,0.5408411074329672,-0.8094854275042633,-0.48844466018028965,0.3258146046444226,0.41150000000000003
1,1784433002.820722,1617,-53.61,30.44,-2254.58,0.5184332776443256,-0.3550519263816901,0.7779235606430832,-0.2730449489077682,0.7933703665885797,0.5440679344484997,-0.8103538686937429,-0.49447102138725346,0.3143644644379042,0.4184
1,1784433002.865589,1620,-53.97,28.82,-2255.0,0.515889920436182,-0.3562909391692562,0.7790470824399762,-0.28065166464251967,0.7889236501470724,0.5466572210919768,-0.8093776826214895,-0.5006558108166819,0.30700411392969706,0.433
1,1784433002.9254415,1623,-54.300000000000004,26.94,-2255.35,0.5110963154792927,-0.3563548948318714,0.7821711738697976,-0.28540040352456564,0.7880153562042859,0.5455074775420108,-0.8107571559792156,-0.5020388304858483,0.3010479143141427,0.4298
1,1784433002.985282,1626,-54.76,25.21,-2255.4700000000003,0.5070972290201428,-0.35649998626802837,0.7847038677813359,-0.29216274872746223,0.7854419737585921,0.5456389228365408,-0.8108596232247024,-0.5059532247640116,0.2941394325397241,0.43
1,1784433003.030161,1629,-55.02,23.23,-2255.29,0.5053912776232279,-0.34996325467759987,0.7887365700142366,-0.29883277716763945,0.786514267644891,0.5404574711124795,-0.8094928213348388,-0.5088428314975876,0.29291695929201583,0.41150000000000003
1,1784433003.0900044,1635,-55.08,19.51,-2253.66,0.5156437340962329,-0.32117910991105203,0.7943270855535757,-0.2945305099426402,0.8041399156118598,0.5163436596228126,-0.8045889125511372,-0.5002029342941673,0.3200526617969036,0.38780000000000003
1,1784433003.1498091,1638,-55.04,18.06,-2252.93,0.5166392379499735,-0.3165774610744371,0.7955266236589031,-0.29182974315506843,0.8083878241903178,0.5112186681948252,-0.8049343444160633,-0.4962739534173713,0.32525815030368627,0.3709
1,1784433003.209649,1641,-54.93,16.61,-2252.32,0.5137550575190364,-0.31354858697924554,0.7985881444630453,-0.2963076487857223,0.8086988317239294,0.5081416897278045,-0.8051444082552448,-0.4976881384679263,0.32256627021999923,0.3542
1,1784433003.2694883,1644,-55.0,15.13,-2251.9700000000003,0.514372891103025,-0.31093769938482724,0.7992110334571128,-0.30053043528027634,0.8074917794564035,0.5075810118400593,-0.803182411640446,-0.5012731522948357,0.3219056389997466,0.3997
1,1784433003.3143692,1647,-55.06,13.6,-2251.76,0.5144541567814167,-0.3071875893942833,0.8006077101130434,-0.3036096779023592,0.8079069839819447,0.5050816455952678,-0.8019713735878279,-0.5029136010840503,0.3223659811306483,0.3894
1,1784433003.374209,1650,-55.230000000000004,11.96,-2251.52,0.516195121552137,-0.29886116728845213,0.8026360315689536,-0.29886116728845213,0.8153842565631726,0.4958129857475561,-0.8026360315689536,-0.4958129857475561,0.33157937811530963,0.3745
1,1784433003.434077,1653,-55.43,10.23,-2251.2200000000003,0.523750279312582,-0.2798733727613319,0.804584700413318,-0.2673071948470468,0.8427926811006066,0.4671695198386278,-0.8088464060023974,-0.4597514457861417,0.366600735943829,0.34540000000000004
1,1784433003.4939227,1659,-55.84,6.84,-2250.4500000000003,0.5471600404397038,-0.23832992375674192,0.8023806687527605,-0.22073671655174162,0.8835872868541282,0.4129755543318716,-0.8073977905047659,-0.40307859525391093,0.43085549078102287,0.33130000000000004
1,1784433003.553762,1662,-56.050000000000004,5.68,-2250.64,0.5444263431359755,-0.23773679026483335,0.8044135599641291,-0.22218566153324382,0.8838686955428562,0.4115940486066392,-0.8088470119303302,-0.4028118017063853,0.4283796957109801,0.31930000000000003
1,1784433003.598645,1665,-56.21,4.66,-2250.9900000000002,0.539270337597998,-0.24373198499573345,0.8060907036289283,-0.22992382694713825,0.8782213341858962,0.4193594186169267,-0.8101373567420056,-0.4114875546973249,0.417558924632551,0.341
1,1784433003.6584823,1668,-56.39,3.6,-2251.16,0.5342721207114651,-0.24395889051891564,0.8093437840418949,-0.23555903499082947,0.8765551110240252,0.4197178556743184,-0.8118283328787329,-0.41489178959632184,0.4108522372592105,0.32280000000000003
1,1784433003.7183206,1671,-56.54,2.43,-2251.06,0.5375970462570878,-0.23538562461869017,0.8096808158642045,-0.23336406064959941,0.8812032126152762,0.41112299044646805,-0.8102657780338404,-0.40996890833255345,0.41880169907466913,0.3224
1,1784433003.7632408,1674,-56.72,1.44,-2251.0,0.5434633334954637,-0.23000974093295135,0.8073060907871034,-0.21204147984526245,0.8929242915639435,0.39714559088583695,-0.8122105736636462,-0.3870164448844339,0.4365000062061678,0.3239
1,1784433003.8231866,1677,-56.81,0.22,-2250.59,0.5558830446838675,-0.21481102385931405,0.803025693649653,-0.18019703026170694,0.9119232284106558,0.36868015375111857,-0.8114943443535849,-0.3496458916012029,0.46821435215993223,0.3049
1,1784433003.8831768,1680,-56.9,-1.26,-2249.63,0.5835976493617002,-0.18366796472934435,0.7909992809046533,-0.12918081556585503,0.9406825647191314,0.31373337298282117,-0.8017020023358048,-0.2852759912183599,0.5252537560885631,0.2817
1,1784433003.9434066,1686,-57.03,-3.93,-2248.9900000000002,0.610576416863303,-0.1578368773784808,0.7760695582934432,-0.088334910586242,0.9602506663986882,0.2647935068172849,-0.7870154907891522,-0.23023070564172213,0.5723639047298704,0.2695
1,1784433004.0031967,1689,-57.160000000000004,-5.23,-2248.68,0.6195367628129477,-0.1463589527970994,0.7712024743602617,-0.0793854916720174,0.9657447529399603,0.24705265811346236,-0.7809431113949631,-0.21428049165771412,0.5866956005116135,0.2615
1,1784433004.04811,1692,-57.36,-6.5200000000000005,-2248.38,0.6341581809425859,-0.13417595528699122,0.7614723990837842,-0.06460607101587769,0.9721891024604233,0.22510976132786376,-0.7704994854842421,-0.19195093664793547,0.6078530914526128,0.2773
1,1784433004.1077778,1695,-57.6,-7.95,-2247.87,0.6522106090567887,-0.11711528386545321,0.7489361332709797,-0.0451777879273207,0.9802314547857565,0.1926272631965511,-0.7566903520673213,-0.15946882245038888,0.634026344684919,0.28650000000000003
1,1784433004.1677153,1698,-57.78,-9.14,-2247.32,0.6622866860320129,-0.10595943698579084,0.7417202594094275,-0.03260839050650986,0.9849353749206716,0.16982049375281816,-0.7485406056943801,-0.13665615589328647,0.6488544187128271,0.276
1,1784433004.2131603,1701,-57.92,-10.41,-2246.46,0.6627981954289299,-0.09485303869284435,0.7427660824155127,-0.032339908623167095,0.9873927525306183,0.1549505810258694,-0.7480993800601625,-0.1267219527183159,0.6513745959529414,0.43220000000000003
1,1784433004.2731383,1704,-58.06,-11.6,-2245.7000000000003,0.6511964744302527,-0.08713286962980246,0.7538905853767409,-0.042951468456469535,0.9875633490812236,0.1512408771096961,-0.7576927629633544,-0.13086823366101163,0.6393552864967995,0.8068000000000001
1,1784433004.3333433,1707,-58.02,-12.71,-2244.98,0.6312441239200682,-0.08555013319606233,0.7708514971941883,-0.05785174493127335,0.9859353823153485,0.15679476237137008,-0.7734235783998265,-0.1435708766039391,0.6174166921669546,1.3246
1,1784433004.393281,1713,-58.09,-15.35,-2246.32,0.6987764015775114,-0.07387476100851033,0.7115153268091419,-0.012049981662775697,0.9932963868517252,0.11496558532549998,-0.7152386584492698,-0.08890898465983924,0.6932018853886976,0.2442
1,1784433004.4530528,1716,-58.120000000000005,-16.8,-2245.88,0.7044280105888797,-0.0670502773775652,0.7066013290402056,-0.009158614885254303,0.994586454766401,0.10350798891189772,-0.7097163501506619,-0.07938541615935203,0.700000470021292,0.2343
1,1784433004.4980052,1719,-58.01,-18.16,-2245.34,0.7098794882064491,-0.06278697130137958,0.7015190007822666,-0.00404135767373667,0.9956391424264222,0.0932006732622232,-0.7043115643320811,-0.06899633543296697,0.7065300602556969,0.2235
1,1784433004.55792,1722,-57.94,-19.38,-2244.4900000000002,0.7135663630212469,-0.06315314478272507,0.6977354268407777,0.000844157625741767,0.9960056048721566,0.08928674291938485,-0.700587134454047,-0.0631230177296807,0.7107694082261599,0.2082
1,1784433004.6177602,1725,-57.870000000000005,-20.61,-2243.78,0.717129347622083,-0.06370591980351457,0.6940223732424723,0.0048044618068859325,0.9962417492415099,0.08648291284966353,-0.6969235366421997,-0.058685030886968886,0.7147402683660153,0.20750000000000002
1,1784433004.6625645,1728,-57.84,-21.44,-2242.9700000000003,0.7241462881219233,-0.07056276945862146,0.6860270030877575,0.022238495951347255,0.9966237063223039,0.07903567102401517,-0.6892877502879785,-0.041977179070584035,0.7232705674505314,0.2003
1,1784433004.7225637,1731,-57.99,-22.87,-2241.54,0.7500056582931229,-0.06183892796253251,0.6585343267565815,0.04816777167655591,0.998082831270459,0.03886550777822527,-0.6596752066737195,0.0025707803462811383,0.751546414260887,0.1978
1,1784433004.7825384,1734,-58.17,-24.45,-2239.94,0.7718329288641725,-0.05199123379125567,0.6336961744636115,0.07712646738457218,0.9969473444418887,-0.01214497587656437,-0.6311302860342937,0.058248639633289294,0.773486688981227,0.1658
1,1784433004.8285494,1737,-58.71,-26.990000000000002,-2238.37,0.8040746878762564,-0.022736875961283723,0.5940933687462114,0.10686673736040977,0.9885200508570908,-0.1068064113217733,-0.5848447629607721,0.1493691518521004,0.7972737671040871,0.1545
1,1784433004.8876634,1743,-59.67,-30.73,-2235.33,0.905881991240358,-0.0001749059962782221,0.42353014928608834,0.1082572102691623,0.9668763568329161,-0.23115035587739408,-0.4094608581673494,0.2552451370847249,0.8758948142462414,0.8817
1,1784433004.9481335,1746,-59.76,-32.01,-2234.0,0.9429158334202047,-0.011488152068687392,0.3328329212195323,0.10443060500231621,0.9591974882052967,-0.26274403391799384,-0.3162340586090165,0.2825034530456157,0.9056422136765561,1.3836000000000002
1,1784433005.008401,1749,nan,nan,nan,nan,nan,nan,nan,nan,nan,nan,nan,nan,nan
1,1784433005.0684755,1752,nan,nan,nan,nan,nan,nan,nan,nan,nan,nan,nan,nan,nan
1,1784433005.1133676,1755,nan,nan,nan,nan,nan,nan,nan,nan,nan,nan,nan,nan,nan
1,1784433005.1582475,1758,nan,nan,nan,nan,nan,nan,nan,nan,nan,nan,nan,nan,nan
1,1784433005.2180877,1761,nan,nan,nan,nan,nan,nan,nan,nan,nan,nan,nan,nan,nan
1,1784433005.2633855,1764,nan,nan,nan,nan,nan,nan,nan,nan,nan,nan,nan,nan,nan
1,1784433005.3085213,1767,nan,nan,nan,nan,nan,nan,nan,nan,nan,nan,nan,nan,nan
1,1784433005.3689299,1770,nan,nan,nan,nan,nan,nan,nan,nan,nan,nan,nan,nan,nan
1,1784433005.42877,1773,nan,nan,nan,nan,nan,nan,nan,nan,nan,nan,nan,nan,nan
1,1784433005.4736502,1776,nan,nan,nan,nan,nan,nan,nan,nan,nan,nan,nan,nan,nan
1,1784433005.5334973,1779,nan,nan,nan,nan,nan,nan,nan,nan,nan,nan,nan,nan,nan
1,1784433005.5783691,1782,nan,nan,nan,nan,nan,nan,nan,nan,nan,nan,nan,nan,nan
1,1784433005.624247,1785,-67.62,-43.9,-2217.88,0.960144022687113,0.021146014502788184,0.27870468558827044,0.12135421781719594,0.8667088308309139,-0.4838274035001397,-0.2517868334845676,0.49836597860443715,0.8295991452825011,0.14880000000000002
1,1784433005.6834602,1788,-68.45,-44.160000000000004,-2216.4900000000002,0.9708144039030655,0.01589651569060474,0.23930460497707504,0.10928674255811807,0.8588641362668334,-0.5004086363519934,-0.21348489659779493,0.5119567327651081,0.832060396065757,0.076
1,1784433005.7289672,1791,-69.15,-44.17,-2215.34,0.9753429223491024,0.011031773261576762,0.220418882589986,0.10626928939151299,0.851862493705092,-0.5128714555819666,-0.19342446059311041,0.5236493022980623,0.8296857153446822,0.08410000000000001
1,1784433005.7888112,1797,-70.72,-44.26,-2212.77,0.9847596094065091,0.006818621119795367,0.17378727826732362,0.08754826604577771,0.8439667476531818,-0.5292026360177058,-0.1502791162933733,0.5363521560148102,0.8305074063151678,0.067
1,1784433005.8486154,1800,-71.55,-44.21,-2211.5,0.9858599886528243,0.014453771510687177,0.16694661201285346,0.07831345660530407,0.8410398193853672,-0.5352747189273545,-0.14814548689711252,0.5407800945831364,0.8280155819878462,0.12050000000000001
1,1784433005.9084554,1803,-72.49,-44.02,-2210.01,0.9878545632655205,0.023271346442132305,0.15362879375383484,0.06381768747780311,0.8407136833200083,-0.5377060585891613,-0.1416709730342582,0.5409796180201943,0.829017724953002,0.1136
1,1784433005.9682953,1806,-73.29,-43.38,-2208.28,0.9885568035190472,0.026629673335761935,0.148479987588343,0.05763837240745908,0.8429307289097021,-0.5349257932517155,-0.139403243299512,0.5373626771164786,0.83175001593014,0.1039
1,1784433006.0281355,1809,-74.15,-42.75,-2206.56,0.989892276116671,0.027264693129044875,0.13917585348448608,0.051780523784547755,0.8441163805520039,-0.5336537392733066,-0.13203052314201444,0.5354663132190141,0.8341725051609423,0.10020000000000001
1,1784433006.0879755,1815,-76.64,-42.43,-2203.75,0.9948722860650031,0.033115559777621754,0.09556408384120856,0.026626823634227168,0.8257849563305618,-0.5633562089489067,-0.09757123901512445,0.5630120474721185,0.8206688051329273,0.1005
1,1784433006.1483543,1818,-78.02,-42.71,-2202.53,0.9969439529737236,0.04586695095085532,0.06323746863685979,-0.0009961309008343253,0.8168880715425071,-0.5767953591134315,-0.07811377824913089,0.5749696525748431,0.8144373126678381,0.1223
1,1784433006.2083073,1821,-79.12,-42.58,-2201.41,0.9977602739429416,0.04566082404928882,0.04888276678386626,-0.008351032019093551,0.8100924808858044,-0.5862426397631776,-0.06636788384092146,0.5845213952965473,0.8086594106513914,0.1107
1,1784433006.26832,1824,-80.15,-42.58,-2200.28,0.9985568297733931,0.04128229359170751,0.03435156399232676,-0.012623078803889362,0.8021246154927388,-0.597023248376591,-0.052200724079476665,0.5957280197006298,0.8014881227748447,0.0976
1,1784433006.3282945,1827,-81.07000000000001,-42.67,-2199.21,0.9989090316173903,0.0434440488250807,0.017127789550656785,-0.024463467276184234,0.7992404946996841,-0.6005132558079225,-0.03977795019900657,0.5994391097133122,0.7994313406566427,0.1218
1,1784433006.38832,1833,-82.84,-42.54,-2197.08,0.998868081298696,0.04723600965946093,-0.0055960302101266965,-0.04117809549603242,0.799823338838352,-0.5988213348744265,-0.023810094791515884,0.5983739516731338,0.8008630927599905,0.1275
1,1784433006.448309,1836,-83.7,-42.29,-2195.89,0.9986389210353663,0.05112995688653058,-0.01029722788429965,-0.047255516651058434,0.8034363493198501,-0.5935123829690778,-0.022073095373354706,0.5931911665731153,0.8047589815343881,0.1423
1,1784433006.4941905,1839,-84.67,-42.07,-2194.88,0.9979673550126595,0.06371357774789571,0.0013184610721713285,-0.050709578131959324,0.806471759948519,-0.589094083395188,-0.038596593304522295,0.5878298056547497,0.8080633778171018,0.11130000000000001
1,1784433006.5530286,1842,-85.69,-41.74,-2193.77,0.9971433819523171,0.07552793699137339,0.0007788212392317315,-0.06126150977479767,0.8147391029363176,-0.5765823632115684,-0.04418261251677992,0.5748875758618825,0.8170386599609839,0.12710000000000002
1,1784433006.6128685,1845,-86.91,-41.52,-2192.71,0.9966859681969527,0.08134513528964286,0.00022307848996265886,-0.06661703410306413,0.817796702643074,-0.5716386305293115,-0.04668245459071508,0.5697293411005135,0.8205054700137963,0.11220000000000001
1,1784433006.6737485,1848,-88.22,-41.43,-2191.57,0.9955527583628974,0.09398125964036558,-0.006498319200881012,-0.08122331957540978,0.8213684775264435,-0.5645853314451615,-0.047722926075181096,0.5626022991086175,0.8253491233196534,0.1182
1,1784433006.7335882,1851,-89.27,-40.97,-2190.4500000000003,0.9939515291002825,0.10981965884062139,1.820274133285113e-05,-0.09192524394173762,0.8320841118672472,-0.5469787750035153,-0.060084168675802574,0.5436687165087061,0.8371464742590233,0.1018
1,1784433006.7784688,1854,-90.22,-40.52,-2189.54,0.9922037924543903,0.12403843194817489,0.012087251092095838,-0.09838494242065644,0.8391281023567256,-0.5349620836471357,-0.07649861007893873,0.5296022047112708,0.8447895994985686,0.09820000000000001
1,1784433006.8383088,1860,-92.24,-39.52,-2187.52,0.9893024951199326,0.14500669197933985,0.015925841600507452,-0.1166587971524838,0.8519612604056099,-0.5104436656625488,-0.0875859474825228,0.5031253025333682,0.8597637069301631,0.0989
1,1784433006.898142,1863,-93.23,-38.81,-2186.34,0.9886636548178617,0.14927846575440223,0.016128152535233867,-0.12117397500058953,0.8566987427891027,-0.5013822213502661,-0.08866253676014756,0.4937440670687421,0.8650755752011918,0.10590000000000001
1,1784433006.9440632,1866,-94.19,-38.050000000000004,-2185.3,0.9876687970139655,0.15516156508866785,0.020862313491597485,-0.12485083738392959,0.8610166167009284,-0.4930138478475207,-0.09445959882149708,0.48432971670559494,0.8697712973571617,0.1037
1,1784433007.0032027,1869,-95.08,-37.19,-2184.29,0.9859521679845684,0.16545166812717182,0.02289253066975811,-0.13490285148837813,0.8696205774231514,-0.4749329131388238,-0.09848625846702785,0.4651728676913145,0.8797241954482125,0.09230000000000001
1,1784433007.0630822,1872,-95.86,-36.43,-2183.43,0.983678366318571,0.177021549713066,0.032252791724308554,-0.1422662377628224,0.8748960695875869,-0.4629440409088384,-0.1101689122649362,0.45079955452215853,0.8858005263110788,0.10540000000000001
1,1784433007.1230466,1875,-96.67,-35.71,-2182.61,0.9818669036505048,0.18624520019760968,0.03535687937477763,-0.15043481437996897,0.8789816927004456,-0.4525047519307655,-0.11535488779516265,0.43898053407960086,0.8910607950981536,0.1182
1,1784433007.1830397,1878,-97.44,-35.050000000000004,-2181.82,0.9803073743197097,0.19367095284454897,0.03858774259633528,-0.15683956978052668,0.8822996080205419,-0.4437890839552699,-0.11999500491877081,0.4289976266963289,0.8953000810250502,0.1208
1,1784433007.228064,1881,-98.14,-34.37,-2180.9900000000002,0.9783645018515771,0.20249121096646136,0.04242889343420924,-0.1646743590370649,0.8863301165848164,-0.432783178867291,-0.12524079603885982,0.41643274837130884,0.9004990333650953,0.1165
1,1784433007.2882826,1887,-99.26,-32.95,-2179.58,0.9723839362187422,0.2273264771734659,0.052840830421624685,-0.18832024016577353,0.8979796691340248,-0.39770340829046547,-0.13785850618532972,0.3767694077255331,0.9159911820942931,0.0976
1,1784433007.3481462,1890,-99.77,-32.15,-2179.04,0.968522108167599,0.23991142078310607,0.06638852437297713,-0.19759864978785469,0.9031666305901433,-0.38110997230519233,-0.15139253479814224,0.35599515104321167,0.9221430219012203,0.10500000000000001
1,1784433007.3930151,1893,-100.21000000000001,-31.51,-2178.43,0.9646401970159835,0.2536496778691341,0.07163191479954403,-0.21152245594153504,0.9071572599023967,-0.3637635996616991,-0.15724993142582297,0.3357492319027104,0.9287329607283862,0.0988
1,1784433007.4529624,1896,-100.61,-30.79,-2177.7,0.9612971714157919,0.26602047036181753,0.07169977389416882,-0.2266327253550755,0.9114848788412433,-0.3432680052697818,-0.15666957594290123,0.3137330473384043,0.9364967800166907,0.10840000000000001
1,1784433007.5129902,1899,-100.98,-30.14,-2177.31,0.9578773795472655,0.27612001981484113,0.07892186268148635,-0.2362838995293775,0.9139725916034329,-0.3298848596418078,-0.1632202333500804,0.2973412794335087,0.9407163860430992,0.1028
1,1784433007.558976,1902,-101.41,-29.47,-2176.78,0.9562547107721541,0.2809690310664457,0.08144526817223285,-0.24127450457876332,0.9149400632112453,-0.3235294332379592,-0.16541929018810528,0.2897258778787035,0.9427064092924574,0.11760000000000001
1,1784433007.6178174,1905,-101.88,-28.91,-2176.2200000000003,0.9554342130090133,0.28421838094093904,0.0797833099536392,-0.24547737754447876,0.9150444383868512,-0.32005395309412676,-0.16397049041133183,0.286205499095673,0.9440339456617353,0.1211
1,1784433007.6780198,1908,-102.49000000000001,-28.25,-2175.75,0.9554778598560618,0.2856554721530946,0.07391218136323749,-0.24931158315142402,0.9155650346869277,-0.31556996334450943,-0.15781569577012963,0.28309295026142384,0.9460193379000625,0.1323
1,1784433007.7380219,1914,-103.58,-26.88,-2174.75,0.956007151613396,0.2843428451999922,0.07210736749885448,-0.24881074161481972,0.9162004671377093,-0.31411768315987404,-0.15538191954382918,0.28235766396578804,0.9466417530822621,0.125
1,1784433007.7979746,1917,-104.11,-25.94,-2172.66,0.9594800185939838,0.2808529127365538,-0.022797704408169445,-0.27799906129888324,0.93030976886798,-0.2392493591752033,-0.04598495227602513,0.23589272001526326,0.9706904804354334,1.4107
1,1784433007.8438854,1920,-104.78,-25.310000000000002,-2172.36,0.9593782202575875,0.28205092608391996,-0.006380093305528948,-0.27437257774917306,0.9275191618641566,-0.25382650167798965,-0.06567434106755932,0.24526614008055744,0.9672287224102303,1.1015000000000001
1,1784433007.9027274,1923,-105.48,-24.64,-2171.9700000000003,0.9583058283584358,0.2853872791473777,0.014284265298191526,-0.2718140578289235,0.925865329362336,-0.26247001705213435,-0.08813091001928355,0.247643882996592,0.9648344158007338,0.7677
1,1784433007.9632425,1926,-106.16,-23.98,-2171.51,0.9552885425621346,0.2934054058379129,0.036565944191317194,-0.27409069473553666,0.9251377113929268,-0.26266805290717943,-0.11089676058796202,0.2409013963922741,0.9641931475110933,0.5002
1,1784433008.0232847,1929,-106.82000000000001,-23.34,-2170.87,0.95182896118042,0.3016308368286894,0.055140429198789226,-0.2781287785184226,0.9249946110280337,-0.2589002744860394,-0.12909690630705434,0.23109263909333178,0.9643288759229532,0.3255
1,1784433008.0832992,1935,-108.09,-22.19,-2169.43,0.9386466769679439,0.33136426953530285,0.09560406211229257,-0.3023704122482825,0.9240253169202955,-0.23398578479717663,-0.1658751024531398,0.190722139684102,0.9675280439452274,0.1275
1,1784433008.1431377,1938,-108.76,-21.73,-2168.76,0.9304125931860796,0.35071291379414743,0.10645589950196915,-0.3236264849255904,0.9224628812043025,-0.21054246853061076,-0.17204157839156528,0.16143941556594996,0.9717710689284093,0.1144
1,1784433008.202978,1941,-109.23,-21.28,-2168.2400000000002,0.916812311576601,0.3764941380709246,0.13306896460031914,-0.3503020449542383,0.9182694523619717,-0.18457976638766121,-0.1916863653013648,0.12261067187270573,0.973767405749687,0.10980000000000001
1,1784433008.2629151,1944,-109.43,-20.84,-2167.86,0.9001777160974566,0.4040701384037608,0.1625035467057021,-0.38177256762249684,0.9116605361795886,-0.15206831814573002,-0.20959433688077747,0.07484911504560642,0.9749193935523063,0.11710000000000001
1,1784433008.3083742,1947,-109.59,-20.47,-2167.67,0.8876992147657357,0.4222493113563346,0.18356367604566454,-0.40266879970176506,0.9053069963523888,-0.1351927516627863,-0.22326652649028292,0.04609513439092313,0.9736669331626943,0.1202
1,1784433008.3684294,1950,-109.81,-20.0,-2167.52,0.8780539829347539,0.43523629754442195,0.19897378810345465,-0.418062855996237,0.8999570969004663,-0.12369588584409046,-0.232904812077133,0.02542811511512591,0.9721670429885018,0.11800000000000001
1,1784433008.4282432,1953,-110.05,-19.32,-2167.39,0.8719484257146598,0.4425824962329621,0.20934821929485378,-0.4273269665305314,0.8966542293810764,-0.11577070704129705,-0.23895105475711995,0.01148594624869374,0.9709636792739632,0.12010000000000001
1,1784433008.4881907,1959,-110.62,-17.43,-2167.11,0.8654958129911733,0.44886116740204635,0.22235253561230195,-0.43629341034526653,0.8935839801470985,-0.1056206916932781,-0.2460996907434967,-0.005596679635444759,0.9692283628706979,0.1573
1,1784433008.547962,1962,-111.05,-16.29,-2167.01,0.8667609867928154,0.4477875792875644,0.21957157286344764,-0.4353745279451378,0.8941273519731266,-0.10481077649780626,-0.24325791290417148,-0.0047499778218351675,0.9699500118666935,0.129
1,1784433008.592741,1965,-111.45,-15.11,-2166.73,0.8684676364811865,0.44546513948305066,0.21754257948762062,-0.4318162457709732,0.8952986106028803,-0.10943092680231807,-0.24351323223398755,0.0010987983882770238,0.9698969524485876,0.1379
1,1784433008.6527734,1968,-111.63,-13.68,-2166.46,0.8687605840940686,0.44145198063069413,0.2244441942260262,-0.43067879084920985,0.8972069043454038,-0.09765014033579336,-0.24448072855993272,-0.011828761227398552,0.9695819995083602,0.12040000000000001
1,1784433008.7127802,1971,-111.54,-12.040000000000001,-2166.23,0.8656138055540589,0.4364560408025354,0.24539532204423822,-0.43164905913333373,0.8988312306705801,-0.07603623163017822,-0.2537554519286781,-0.04010664805472837,0.9664365614970734,0.136
1,1784433008.7581167,1974,-111.7,-10.68,-2166.08,0.8623168050939196,0.43400558797683064,0.26086179723658354,-0.43297489206926826,0.8990891538958328,-0.06458665639651244,-0.2625689823460121,-0.05725244930796574,0.9632132092937774,0.13970000000000002
1,1784433008.818012,1977,-111.9,-9.51,-2165.7200000000003,0.8596319329462064,0.43312993932784144,0.27098227897231436,-0.43552963828233726,0.8985202976586824,-0.0545454752753098,-0.26710835635903524,-0.0711317815973514,0.9610376660724393,0.1424
1,1784433008.877768,1980,-111.94,-8.35,-2165.55,0.8547481827129707,0.43295403690288686,0.2862801880647127,-0.44143533649185634,0.8964959148599015,-0.0378142610112827,-0.2730208560626737,-0.09405252026927059,0.9573994650018366,0.14120000000000002
1,1784433008.9378045,1986,-111.82000000000001,-6.43,-2165.2200000000003,0.8352932893845563,0.44042628800356093,0.3291045510845031,-0.46616861363895806,0.8846955522488914,-0.0007768455193753089,-0.29149947575777857,-0.1527693184721118,0.9442931700306355,0.1676
1,1784433008.9978206,1989,-111.78,-5.73,-2165.2,0.8337872433228944,0.43776746874205863,0.3363903627977158,-0.4664325119134557,0.8845426648870113,0.0049985822678356,-0.2953634112447108,-0.16107115603283864,0.9417093702369816,0.1831
1,1784433009.0433695,1992,-111.95,-5.23,-2165.2,0.8364802156555695,0.43823184107895474,0.3290193038126508,-0.4648190158986394,0.8854023743679658,0.0024326780692712773,-0.290248395819567,-0.15496931608585646,0.9443200621590382,0.1617
1,1784433009.1039212,1995,-112.13,-4.4,-2165.13,0.8384874130870149,0.43726376930280975,0.32517572810673434,-0.46140470117326216,0.8871838865720226,-0.0032331319448857224,-0.28990439774149396,-0.14732666921524948,0.9456480807933162,0.1752
1,1784433009.1637285,1998,-112.31,-3.29,-2165.07,0.8407291033617889,0.4347495802812218,0.3227497129445414,-0.4576721696139747,0.8891043067550414,-0.005451318232718962,-0.28932811809659903,-0.14313047947568222,0.9464686502593426,0.1751
1,1784433009.2086082,2001,-112.49000000000001,-1.92,-2164.91,0.8419858344563546,0.43075054218306513,0.32482891648348033,-0.4546211689451382,0.8906808121076959,-0.002698831252887552,-0.2904814061550111,-0.1454017240343831,0.9457689418277788,0.18510000000000001
1,1784433009.2684484,2004,-112.71000000000001,-0.54,-2164.81,0.8449281063554134,0.42712403248540126,0.321965147126308,-0.4501649476603011,0.8929395876475016,-0.0032268730852499077,-0.28887370075632324,-0.14221094783918614,0.9467460226090345,0.1655
1,1784433009.3285713,2007,-113.08,0.5,-2164.4700000000003,0.8480514428293557,0.4267489111901155,0.31415619859092253,-0.44676757221647195,0.8946028031541736,-0.009195705763817005,-0.28496927331003213,-0.13255637060038306,0.9493267729725137,0.1862
1,1784433009.388678,2013,-114.09,2.2600000000000002,-2164.02,0.8574229287351703,0.4297526699002469,0.2830875553478335,-0.43683920907869206,0.8986024550145096,-0.04105037458293014,-0.2720246802970385,-0.08846621137759629,0.958215165165835,0.1526
1,1784433009.4485466,2016,-114.02,3.31,-2163.69,0.8610419708385816,0.4270236138986973,0.2761477097991352,-0.433431314436931,0.9002680636736687,-0.040678116902549494,-0.26597748047510605,-0.0846654988892139,0.9602539940963303,0.1404
1,1784433009.5085843,2019,-113.51,4.5200000000000005,-2163.25,0.861727241653002,0.42078988104933196,0.28348198708136246,-0.4308511294751866,0.9019528932639933,-0.029125290773955922,-0.26794302607656095,-0.09704047783889262,0.9585351743351596,0.1557
1,1784433009.568452,2022,-112.74000000000001,5.63,-2162.93,0.8593245167245077,0.4134662790691278,0.30100998493226316,-0.43047472397277375,0.9025379917648775,-0.0108021035722753,-0.2761392528720889,-0.12029467774491123,0.9535598059531937,0.1698
1,1784433009.6284769,2025,-112.13,6.36,-2162.67,0.8550619682851437,0.41144207552970014,0.3155700379886349,-0.4365051479885253,0.8996486235526497,0.009778032488107933,-0.27987905632942883,-0.1461087698382113,0.9488519068877467,0.1686
1,1784433009.673513,2028,-111.54,7.03,-2162.56,0.8491123261938062,0.4057535550990722,0.33818975447255556,-0.44142521904064774,0.8967109051123617,0.0324550249959097,-0.29008969905989307,-0.17684344821630574,0.9405181344994404,0.1701
1,1784433009.733353,2034,-111.07000000000001,7.5600000000000005,-2162.55,0.8455534348071918,0.3992531338382921,0.3544521462850279,-0.44451127085570646,0.8941934936667105,0.05317636661494656,-0.29571797200712174,-0.2025214334445251,0.9335608978677127,0.18330000000000002
1,1784433009.7934694,2037,-111.04,7.58,-2162.64,0.8443068664456759,0.3986628211470824,0.35806964449354406,-0.44512823699068804,0.8938100012481379,0.05444753715610659,-0.29834002062453086,-0.20535733905525055,0.9321060000825558,0.18860000000000002
1,1784433009.8534477,2040,-111.15,7.48,-2162.4700000000003,0.8461897744489829,0.40056579040254314,0.35143977176347785,-0.44422328063015537,0.8945179030368452,0.05003396938828314,-0.2943272711866194,-0.19845596162814383,0.934872552132154,0.1728
1,1784433009.9133599,2043,-111.84,6.71,-2162.36,0.852764336489452,0.4129318463455764,0.31981287761023297,-0.4405344551438004,0.8975981827361738,0.015712930340120276,-0.2805750884217262,-0.15428801840179254,0.9473504246765231,0.1736
1,1784433009.958596,2046,-112.92,5.58,-2162.21,0.8593520202636833,0.43240654221895547,0.27301774212489005,-0.4403683408045709,0.897142798389089,-0.03479258133027885,-0.2599804409676922,-0.09032929505338437,0.9613796278106808,0.1547
1,1784433010.0184503,2049,-114.17,4.26,-2162.21,0.8596297452291872,0.4573337473315412,0.22777740157639148,-0.4497752497578002,0.8888711639197182,-0.0872369110945249,-0.24236114751030371,-0.027457194024436513,0.969797492610593,0.1376
1,1784433010.0784726,2052,-115.07000000000001,3.5700000000000003,-2162.29,0.8650663084562655,0.46621864965203264,0.18520381391992108,-0.4513504858744594,0.8844709852745135,-0.11829545683761775,-0.2189589479211547,0.018741582755106127,0.9755540642122786,0.14400000000000002
1,1784433010.1239626,2055,-116.24000000000001,2.96,-2162.23,0.8732016907500105,0.4723566398072877,0.11999171680283394,-0.4543133206944963,0.8780535262809376,-0.15040416093031062,-0.176403554133308,0.0768193323036548,0.9813157373004663,0.1177
1,1784433010.1837707,2061,-116.60000000000001,2.59,-2162.55,0.8784827768985165,0.4745321322042119,0.055563173041101914,-0.4599802478766467,0.8714692829479168,-0.17017479379033243,-0.12917500631317866,0.1239376632988046,0.9838461634625723,0.13
1,1784433010.2436106,2064,-116.2,2.7800000000000002,-2162.91,0.8787284460259616,0.47495575346820634,0.0474694680004648,-0.4620170462190735,0.871317663851925,-0.1653655879033682,-0.11990232336281582,0.1233797426933307,0.9850892710537082,0.14070000000000002
1,1784433010.3034422,2067,-115.71000000000001,2.83,-2163.48,0.8813529320737243,0.4709785356923126,0.03736613496435316,-0.45854419828024967,0.8717696378837494,-0.17249613528296692,-0.11381663915514428,0.13489595020296777,0.9843012014979288,0.1306
1,1784433010.3634167,2070,-115.31,2.66,-2164.25,0.8837649904349497,0.46775826458255004,0.012714070797123061,-0.45782989772681254,0.8699831814687152,-0.18308754383908446,-0.09670173953435132,0.1559854796969686,0.9830143964839665,0.1087
1,1784433010.4084918,2073,-114.93,2.37,-2164.94,0.8875310232936475,0.4604660257551902,-0.016115887085466508,-0.45416938856086714,0.8684339239059136,-0.1988785717557981,-0.07758124248540443,0.18383024488532484,0.9798916225174202,0.13390000000000002
1,1784433010.468349,2076,-114.01,2.2,-2165.85,0.8943926926775113,0.4456848067123134,-0.03777253434545679,-0.44305182962335243,0.871180378822234,-0.21154154160010494,-0.06137416029951669,0.20593639945613515,0.9766388338718527,0.1145
1,1784433010.528498,2079,-112.97,1.98,-2166.91,0.9001686636867768,0.43207477617472057,-0.05484309172473398,-0.43268377447972267,0.8727436973846098,-0.22606014681367734,-0.04981092468869648,0.22722197620170004,0.9725682728285203,0.11950000000000001
1,1784433010.5738237,2082,-112.12,1.47,-2168.15,0.9047679057193577,0.41773584975482847,-0.08301684533767364,-0.42467471685107366,0.8700460658498065,-0.25034222210153634,-0.03234844119379249,0.2617567632915832,0.9645916105914701,0.1254
1,1784433010.6336637,2088,-111.06,-0.09,-2171.2200000000003,0.9074827917593027,0.3889677917908563,-0.158679045907414,-0.4199970962683067,0.8479810948804681,-0.3233117719037045,0.008798965105784026,0.3600446078955598,0.9328935944352923,0.12890000000000001
1,1784433010.6935039,2091,-110.82000000000001,-1.07,-2172.95,0.9064825499574092,0.37132597776876575,-0.20101344446773514,-0.4210909079344012,0.8301439836677218,-0.3654359227487998,0.031174250234686778,0.4159062209373107,0.9088730282651972,0.17120000000000002
1,1784433010.7533672,2094,-110.61,-2.05,-2174.63,0.9037901621101567,0.35346153454557516,-0.24130538010907251,-0.42516973158293336,0.8059988305071724,-0.4118210589160866,0.04892895072033745,0.47479556528863837,0.878734959452308,0.1938
1,1784433010.8133514,2097,-110.25,-2.84,-2176.25,0.9051261448928147,0.31699270657132605,-0.2833059932512128,-0.4176768516497883,0.7873609837477368,-0.4534409871942731,0.07932659974681795,0.5287516479902273,0.8450615275352599,0.2041
1,1784433010.8733175,2100,-109.67,-3.3200000000000003,-2177.43,0.9082016708675138,0.2643235735959866,-0.32450388822771153,-0.4007077606081704,0.7730077330492529,-0.49182551299667243,0.12084293782361161,0.5767079790392203,0.8079634220004372,0.2679
1,1784433010.9333167,2106,-108.38,-3.91,-2178.52,0.908893180424862,0.15715187803592554,-0.38628548226274395,-0.36293333039970954,0.7543164373272954,-0.5470704799775177,0.20540833542520706,0.6374245050259976,0.7426287202433041,0.32530000000000003
1,1784433010.993211,2109,-107.71000000000001,-4.2700000000000005,-2178.68,0.9042579640967917,0.10829410787920932,-0.41302532678538234,-0.3483865617309196,0.7463857772801787,-0.5670406291256137,0.24686907050668347,0.65664347835984,0.7126534952939307,0.3496
1,1784433011.053211,2112,-106.99000000000001,-4.83,-2179.46,0.8936035151449603,0.06152647821632191,-0.4446203438877566,-0.34298754577601315,0.7325659001419205,-0.5879683200579814,0.2895380824056099,0.6779097981498381,0.6757262792058097,0.2999
1,1784433011.113051,2115,nan,nan,nan,nan,nan,nan,nan,nan,nan,nan,nan,nan,nan
1,1784433011.173397,2118,nan,nan,nan,nan,nan,nan,nan,nan,nan,nan,nan,nan,nan
1,1784433011.2182772,2121,nan,nan,nan,nan,nan,nan,nan,nan,nan,nan,nan,nan,nan
1,1784433011.2781172,2124,nan,nan,nan,nan,nan,nan,nan,nan,nan,nan,nan,nan,nan
1,1784433011.322997,2127,nan,nan,nan,nan,nan,nan,nan,nan,nan,nan,nan,nan,nan
1,1784433011.367877,2130,nan,nan,nan,nan,nan,nan,nan,nan,nan,nan,nan,nan,nan
1,1784433011.4277494,2133,-98.83,-8.26,-2176.79,0.9141837322039613,0.0044173421038009465,-0.4052759440953459,-0.25376981218494044,0.78591224761162,-0.563864187085571,0.3160205471124559,0.6183222672221902,0.7195891797824329,0.0545
1,1784433011.47263,2136,-96.52,-7.83,-2175.78,0.9364991964523268,0.028850747356692654,-0.34948088563053975,-0.2179031107657646,0.8287216664697941,-0.5154984324342127,0.27474986690214986,0.5589168398791432,0.7823838423285359,0.2225
1,1784433011.5324728,2142,-91.68,-6.84,-2175.13,0.9716988071432772,0.07172149844532676,-0.22507211034930422,-0.16084484300601679,0.898685106762046,-0.4080367818744528,0.1730039441015788,0.43269054247215405,0.8847872793957036,0.1711
1,1784433011.5927804,2145,-90.08,-6.91,-2175.34,0.977841421878148,0.07963817854248925,-0.19360762944098162,-0.14948170284672566,0.9130807340538405,-0.3793926641538332,0.14656525568280176,0.39992666029927876,0.9047526138168933,0.1385
1,1784433011.6526203,2148,-88.65,-7.17,-2175.9900000000002,0.9816987714709565,0.10192452815848249,-0.16086924085133583,-0.1535695506087442,0.9232393260501239,-0.35220099369584573,0.11262288940638464,0.37045989984637134,0.9219954161423871,0.1428
1,1784433011.7124956,2151,-87.19,-7.03,-2176.7,0.9852715195824971,0.12016853612020724,-0.1216534242276963,-0.15336095735082717,0.9356631487207921,-0.3178283953430386,0.07563365295974517,0.33180415165066807,0.9403114141003212,0.1484
1,1784433011.7723002,2154,-85.85000000000001,-6.78,-2177.44,0.9871979167924098,0.14060473102794838,-0.07530327146468872,-0.15616746113665453,0.9480716471250108,-0.27707738269263393,0.03243450574400355,0.2852901357043862,0.9578922388801961,0.1441
1,1784433011.8321404,2160,-83.60000000000001,-5.55,-2178.57,0.9849369171942959,0.1720235221451692,0.017526465033402817,-0.16612952540355794,0.9695319229755888,-0.1800245292187853,-0.04796092093554082,0.1744011415101036,0.9835059694292595,0.1288
1,1784433011.8919806,2163,-82.73,-4.83,-2178.9900000000002,0.9796062031230506,0.18977438421410733,0.06601037720689856,-0.1799989255495868,0.9748511000136126,-0.1313990852450797,-0.08928646932114055,0.11683756201840992,0.9891293699500381,0.132
1,1784433011.9518204,2166,-82.14,-4.36,-2179.36,0.9701532858410712,0.21593503359011146,0.11033885643874757,-0.20782245269946245,0.974847183078633,-0.08051582327489402,-0.12494971038683046,0.05518179873918302,0.9906273461610858,0.15860000000000002
1,1784433012.0116606,2169,-81.53,-3.87,-2179.63,0.957779956130889,0.23853550660562078,0.16049413609946175,-0.23719704964174695,0.9710656097353383,-0.027733395583424074,-0.16246573569575634,-0.011506245162340816,0.9866470954941798,0.1519
1,1784433012.056573,2172,-80.75,-3.1,-2179.82,0.9440584318718064,0.25089757049617745,0.21401889246246814,-0.26317039992182734,0.9642689079899851,0.030443614909976904,-0.19873353470597582,-0.08506398887259625,0.9763550071466585,0.17700000000000002
1,1784433012.1163807,2175,-79.57000000000001,-1.69,-2180.13,0.9312968629297947,0.24015351257367729,0.2738839964212001,-0.27697612911681124,0.9552052982159054,0.10424520209453696,-0.2365805930261205,-0.1729425588419113,0.9560964879888543,0.1462
1,1784433012.1762207,2178,-78.46000000000001,-0.33,-2180.56,0.9167681436933499,0.22203688798842355,0.33201775717793414,-0.29079763993134117,0.9408780771800367,0.17373881688430784,-0.27381180273942074,-0.2558281928451461,0.9271348512628438,0.1716
1,1784433012.2211006,2181,-77.64,0.99,-2180.9700000000003,0.9063272766113827,0.19928766313051877,0.3726329225849092,-0.29835318417080964,0.9262566069932229,0.2302912840220865,-0.2992594946953781,-0.3198954912551586,0.8989497369204175,0.1928
1,1784433012.281045,2187,-76.75,3.27,-2181.58,0.8897471476390564,0.15596378165255403,0.42898171532222396,-0.3085253831800985,0.8981097502348381,0.3133862863411388,-0.33639575086754087,-0.41118630247826987,0.847209374034844,0.21660000000000001
1,1784433012.3415253,2190,-76.48,4.33,-2181.77,0.8824630489643108,0.13363647002457568,0.4509991808107673,-0.3122670536894023,0.8834775233078841,0.34922307052929225,-0.35177870087990326,-0.4490086409960701,0.8213665356697398,0.2374
1,1784433012.388406,2193,-76.17,5.5,-2182.18,0.8723454403818305,0.10664347983455458,0.4771169676859195,-0.3181019802847788,0.8648944930667019,0.3882893843537246,-0.3712473067699374,-0.49049432623799966,0.788410269557924,0.23140000000000002
1,1784433012.4477344,2196,-75.84,6.23,-2182.48,0.8588185152406831,0.08522326488682296,0.5051413198322019,-0.3270610358270667,0.8501611179593584,0.4126222877569995,-0.3942864906682889,-0.5195797038300517,0.7580073183316643,0.2482
1,1784433012.5079734,2199,-75.55,6.1000000000000005,-2182.64,0.8408031917321779,0.07898709769128649,0.5355474126268277,-0.33784411967771416,0.8495563622379653,0.4051115132654038,-0.422979129003043,-0.5215505975255922,0.7409950274114698,0.2923
1,1784433012.5531502,2202,-75.34,5.48,-2182.59,0.8225914984301639,0.08365365006040605,0.5624458138718689,-0.34594634601887925,0.8586317285641173,0.3782494948829172,-0.45129187050799363,-0.5057208929187792,0.7352428347687784,0.2682
1,1784433012.6137764,2205,-75.06,4.55,-2182.31,0.8048385391104508,0.09505099485537954,0.5858329406405535,-0.3509116683171465,0.8722811063037209,0.34056816149551333,-0.4786396630048878,-0.47967799612089745,0.7353999544710402,0.2816
1,1784433012.6735806,2208,-74.74,3.87,-2181.86,0.7952276372195888,0.10787194564878673,0.5966377865540327,-0.35050357554322215,0.8847436351826304,0.307206678858454,-0.4947325019983697,-0.4534229188580676,0.741382093202057,0.24050000000000002
1,1784433012.7330227,2214,-73.75,3.74,-2180.75,0.7854896532744138,0.11739426141168924,0.6076385372789034,-0.3496131709581058,0.8943384644862609,0.2791582734453261,-0.5106629370646155,-0.4317143712316757,0.7435361903637101,0.2495
1,1784433012.792864,2217,-72.65,3.63,-2180.46,0.7807878582191438,0.11697996233521281,0.6137475123123629,-0.34758578975115945,0.8976005037306499,0.27110413952122886,-0.5191863241848967,-0.42500473422602636,0.7414961474376247,0.2325
1,1784433012.837739,2220,-71.49,3.65,-2180.14,0.7765592489989996,0.11461751943927473,0.6195309169296536,-0.34520145157253274,0.8999872226010434,0.2661934578217061,-0.5270594754165094,-0.42057796351264953,0.7384595357778423,0.2519
1,1784433012.8975518,2223,-70.14,3.7,-2179.98,0.7746847774044204,0.11061652616938819,0.6225973657156607,-0.3416567248535572,0.9017172997929908,0.26490865145626685,-0.5321035406950454,-0.41793527655876844,0.7363395457175592,0.2553
1,1784433012.9575293,2226,-68.74,3.91,-2179.87,0.7741925594927829,0.10448586855651817,0.6242664367864124,-0.3352774396507572,0.9042422010613601,0.26445241591057467,-0.5368565164801921,-0.41403954532350734,0.7350893385303969,0.2197
1,1784433013.0040126,2229,-67.27,4.03,-2179.81,0.7758742420983998,0.09847807998504639,0.6231542571552352,-0.3282704954813641,0.9065139126444102,0.26546376019815376,-0.5387556424248879,-0.4105296505060043,0.7356682430353811,0.2248
1,1784433013.062882,2232,-65.89,4.15,-2180.05,0.773904086057456,0.09243596850950206,0.6265205960774826,-0.3237142013719524,0.9080243198166414,0.2658965032708112,-0.5443175373012455,-0.4085920047519724,0.7326465670697375,0.2741
1,1784433013.1227274,2235,-64.52,4.23,-2180.31,0.7720160335599906,0.0885061951936522,0.6294107540697429,-0.31700810618423314,0.911917224876459,0.2606009124832517,-0.5509057129307929,-0.40071639395707354,0.7320719002080697,0.21880000000000002
1,1784433013.1825666,2241,-61.83,4.3500000000000005,-2181.09,0.7637071804733478,0.07010746838449435,0.6417447197836273,-0.3049526106230387,0.9153591278873555,0.26290981774649114,-0.5689949452918213,-0.3964878432815021,0.7204457941874186,0.2561
1,1784433013.2425146,2244,-60.51,4.45,-2181.56,0.76046139966787,0.05819180084077144,0.6467705728696167,-0.2976096065990362,0.9164547802692394,0.26746805002023494,-0.5771715357457878,-0.3958842634363836,0.7142469238913676,0.24380000000000002
1,1784433013.2875605,2247,-59.410000000000004,4.54,-2181.94,0.755922288760341,0.048807345699500765,0.65283944148703,-0.2959494819798393,0.9149795112790997,0.27427431169419547,-0.5839481119681719,-0.40053755996813745,0.7060979150114934,0.2531
1,1784433013.3475497,2250,-58.53,4.61,-2182.17,0.7542837951351145,0.041174027833953596,0.6552561757270949,-0.2936740739937607,0.9137823021879229,0.28063756425690195,-0.5872065178967923,-0.40411211766051813,0.701342927318338,0.23650000000000002
1,1784433013.4078004,2253,-57.82,4.58,-2182.38,0.7555257947971337,0.035200876767826045,0.6541725091066851,-0.29112160855802405,0.9125843650038967,0.2871201591338085,-0.5868807224869022,-0.40737043955742697,0.6997287635563089,0.2331
1,1784433013.4526803,2256,-57.22,4.28,-2183.0,0.7530141515014003,0.031857249365598514,0.6572326858133917,-0.29188869830230574,0.9113476821295057,0.29025228695147787,-0.5897208453514357,-0.41040287272390724,0.6955564726303339,0.2524
1,1784433013.512546,2259,-56.75,3.89,-2183.94,0.7491384372003695,0.02884933276610103,0.6617849483842456,-0.2922588445554327,0.9109506653435692,0.29112480672253277,-0.594454682619383,-0.4115052870973341,0.6908596304625342,0.2504
1,1784433013.5727124,2262,-56.120000000000005,3.3200000000000003,-2185.2400000000002,0.7470840417957886,0.02750710446091687,0.6641602168891515,-0.29056075221097544,0.9121503721843884,0.28906080294372993,-0.5978627633233738,-0.4089316051958542,0.6894454717403555,0.23120000000000002
1,1784433013.6325524,2268,-54.77,2.08,-2188.38,0.743653138681167,0.027298411062428075,0.6680080883365977,-0.2874103945677024,0.9151811636872993,0.28255743261573973,-0.603635050692127,-0.4021171898656253,0.6884231919324669,0.25420000000000004
1,1784433013.6926343,2271,-54.07,1.52,-2190.02,0.7428922203657466,0.027256672365442616,0.6688559058060365,-0.2839160561923536,0.9176804745118576,0.27794643321307766,-0.60622011015491,-0.39638317384981736,0.6894762922193295,0.2798
1,1784433013.7377334,2274,-53.49,1.06,-2192.06,0.7397890584316684,0.025653466185370698,0.6723496476517716,-0.2796019883679122,0.9206276073390335,0.2725207087652538,-0.6119925466257701,-0.3895981369024787,0.688242990953502,0.25420000000000004
1,1784433013.7976162,2277,-53.11,0.63,-2194.11,0.7389963535602729,0.024909222535190963,0.6732487802122724,-0.2739320827561615,0.9240900449406243,0.266493532526601,-0.615504348856685,-0.3813621893611471,0.6897226087813717,0.2466
1,1784433013.8581665,2280,-52.89,0.13,-2196.6,0.7320075360456263,0.024605454006743428,0.6808520682244662,-0.27096963703713894,0.9274201495457495,0.2578125714942949,-0.6250923315610042,-0.3732109830238946,0.6855458694893916,0.2535
1,1784433013.9030232,2283,-52.61,-0.25,-2198.91,0.7298418843386764,0.023439742403936845,0.6832140238175788,-0.2659359881415754,0.930425244644613,0.2521644589135743,-0.629768905294739,-0.3657313803928355,0.6852967848456732,0.22790000000000002
1,1784433013.9628556,2286,-52.31,-0.62,-2201.37,0.7244119015157238,0.02138531759888001,0.6890356051276076,-0.2618693268322597,0.9331316571519853,0.24635292993023036,-0.6376926004014728,-0.35889828449295336,0.6815718368457009,0.23220000000000002
1,1784433014.0227296,2289,-51.95,-1.08,-2203.7400000000002,0.7211580175785013,0.020583416275384615,0.6924647548118824,-0.25817384064573473,0.9355399352525967,0.241062849800209,-0.6428665348954454,-0.3526206921353334,0.6799862247057079,0.26080000000000003
1,1784433014.068574,2292,-51.51,-1.44,-2206.01,0.7206983187659884,0.020090355258401936,0.6929576545168318,-0.2515750197834539,0.9390188323038242,0.23442193156724303,-0.6459906676948455,-0.3432783276065554,0.6818035252525569,0.2419
1,1784433014.127416,2298,-50.43,-1.97,-2209.93,0.7165424046011422,0.01608110497470542,0.6973581436186186,-0.23738218288078633,0.9456844379453716,0.2221050271351368,-0.6559090498378309,-0.3246880685992934,0.6814403689612867,0.2366
1,1784433014.1876307,2301,-49.86,-2.24,-2211.84,0.7151510845327176,0.012799139949516198,0.6988527085933276,-0.23151671192637532,0.9477309375332807,0.21955883526082165,-0.659514168453171,-0.3188138203698854,0.6807340226187324,0.2179
1,1784433014.2476275,2304,-49.38,-2.5,-2213.68,0.7112283726756055,0.009245120021552436,0.702900227384369,-0.22718269480792197,0.9492787612981816,0.21738872217297953,-0.6652384723398228,-0.3142997949473995,0.677254319893939,0.2272
1,1784433014.307466,2307,-48.93,-2.87,-2215.36,0.7081173621238177,0.005633967190733495,0.7060722766633027,-0.22332106379411562,0.9504239013341885,0.21638417280051933,-0.6698488664800967,-0.31090620158883003,0.674269849458609,0.2252
1,1784433014.3523462,2310,-48.63,-3.25,-2217.14,0.706307206650169,0.002243807924280627,0.7079018965647955,-0.2200328819779436,0.9511590807208751,0.21652236376573258,-0.6728414825815334,-0.30869300038747044,0.6723042249080884,0.25620000000000004
1,1784433014.4126172,2313,-48.4,-3.68,-2218.91,0.6990010804339533,0.00023490434289279733,0.7151205733106237,-0.21691696741593905,0.9529554193945189,0.21171442533206988,-0.681428293218911,-0.3031103981498587,0.6661678224998532,0.2272
1,1784433014.4725916,2316,-48.24,-4.16,-2220.53,0.6990194936792982,-0.0035989780580305926,0.7150935566856098,-0.2131087645069031,0.9535017924273846,0.21311730649599073,-0.6826099925628683,-0.3013658560532406,0.6657493663974593,0.2629
1,1784433014.5184686,2319,-48.19,-4.71,-2222.28,0.6941928687603004,-0.007150203687835559,0.7197535241661321,-0.20734830534861481,0.9555761576659574,0.20947765315045755,-0.6892771149772797,-0.29465756648623204,0.6618715715915058,0.23240000000000002
1,1784433014.5773108,2325,-48.54,-6.01,-2226.23,0.6819798046936641,-0.01924942585759101,0.7311176414190431,-0.20553407091047066,0.9543235105267959,0.21684645016873558,-0.7018969238320973,-0.29815448488990637,0.6468729484644363,0.2447
1,1784433014.6371508,2328,-48.93,-6.890000000000001,-2228.11,0.6771590366006347,-0.021429145029886614,0.73552459570934,-0.20278309757852528,0.95543538855268,0.21452793206864124,-0.7073433780608668,-0.29442148366666,0.6426362388388661,0.24150000000000002
1,1784433014.697213,2331,-49.25,-7.68,-2230.08,0.6711705246751277,-0.024814373704978923,0.740887558044366,-0.20079712040351755,0.9559907502898225,0.2139210176629632,-0.7135899685708661,-0.2923455698619909,0.6366501586720125,0.229
1,1784433014.757618,2334,-49.64,-8.46,-2231.91,0.6689175005877924,-0.027713917736424863,0.7428198409917975,-0.1978093435411784,0.9566358614228501,0.2138207011670515,-0.716533907791661,-0.28996511411454334,0.6344283975212263,0.2401
1,1784433014.802521,2337,-49.86,-9.17,-2233.62,0.6667740968753633,-0.030500097373316905,0.7446355133864232,-0.19473139092194633,0.9573205915764815,0.21358129677773688,-0.7193691605327878,-0.28741438552006016,0.632377246483836,0.2508
1,1784433014.8624907,2340,-50.050000000000004,-9.77,-2235.2000000000003,0.662055811304893,-0.0347729313581135,0.7486474109767453,-0.18943188910825182,0.9587228803388126,0.2120518759731445,-0.7251190675373934,-0.2822078701234514,0.6281409522822774,0.24450000000000002
1,1784433014.9223614,2343,-50.11,-10.38,-2236.62,0.6577957728225559,-0.0383566036413911,0.7522190453676866,-0.1849357750899676,0.9599050207565183,0.2106682468202102,-0.7301393568002272,-0.27768889441878175,0.6243279567405462,0.23600000000000002
1,1784433014.9822404,2349,-50.02,-11.290000000000001,-2239.05,0.6551735154604118,-0.04631938881462392,0.7540571456190077,-0.17625559673809926,0.9612029376719662,0.21218594965095774,-0.7346302670444108,-0.27192540673982996,0.6215906562293515,0.2555
1,1784433015.042048,2352,-49.96,-11.69,-2240.17,0.6539945101419145,-0.04977149929777686,0.7548602377671569,-0.17211570780856222,0.9618750775476087,0.21253827494910052,-0.7366595983422703,-0.2689221691315783,0.620494563328134,0.2514
1,1784433015.10253,2355,-49.82,-12.06,-2241.16,0.6511039353730332,-0.052538113123094234,0.757168020990859,-0.1686735798987734,0.9626383598924194,0.21184100525574548,-0.7400087085878659,-0.2656447528807931,0.6179158328453975,0.2531
1,1784433015.16237,2358,-49.730000000000004,-12.58,-2242.2200000000003,0.6500967308105683,-0.05427825680558146,0.7579103584379611,-0.1646617940368939,0.963680513997524,0.21025308684064392,-0.7417956148252447,-0.26148372373747314,0.6175479965528362,0.23900000000000002
1,1784433015.2222104,2361,-49.660000000000004,-13.16,-2243.15,0.6497419117162457,-0.057208535151229825,0.7579990974039275,-0.16289743601720813,0.9635200670688555,0.2123523150206928,-0.7424957060470706,-0.2614503085893732,0.6167202466598479,0.2651
1,1784433015.26709,2364,-49.54,-13.52,-2243.8,0.6422777896676147,-0.07297545788979737,0.7629900546176588,-0.152571802384737,0.9633634752866502,0.22057347891507853,-0.7511332012477921,-0.25808021433151795,0.6076129664135236,0.2411
1,1784433015.3269303,2370,-49.82,-15.33,-2244.59,0.6161156338318671,-0.08490358944589288,0.7830663485600439,-0.1704197348853419,0.9562550481832471,0.23776752676861793,-0.7689984653492924,-0.27994224997891787,0.5746944379121609,0.4796
1,1784433015.3867702,2373,-50.03,-16.1,-2244.6,0.6031415359331118,-0.08348807339741332,0.7932528154583727,-0.17886700878490566,0.9550224569665364,0.23651363567020964,-0.777320320589001,-0.2845379557984985,0.5610804495876008,0.8007000000000001
1,1784433015.4466102,2376,-50.28,-16.580000000000002,-2244.54,0.594104046646309,-0.08157347149444838,0.8002413076733944,-0.18511377455567468,0.954277982843159,0.23470496784376316,-0.7827983598783473,-0.2875748601827626,0.551840038020651,1.0988
1,1784433015.5067246,2379,-50.49,-16.77,-2244.68,0.5902156669738939,-0.08067744980532907,0.8032039688344861,-0.18725288323849973,0.9541709905817712,0.23343966768968408,-0.7852272436546189,-0.28818200815649464,0.548059582524984,1.1654
1,1784433015.5516088,2382,-50.45,-16.59,-2244.96,0.5919787350488624,-0.08095618556543806,0.8018773430323636,-0.1847894204389971,0.9548037884357011,0.23281450917554988,-0.7844832995951972,-0.28599968812487714,0.5502636922864389,1.094
1,1784433015.61118,2385,-50.4,-16.25,-2245.28,0.596083606363094,-0.08179483634962566,0.7987452278240578,-0.17946157073925517,0.9560582891171198,0.23183203496981353,-0.7826096593148895,-0.28153534868109104,0.5552116430605981,0.9686
1,1784433015.671019,2388,-50.4,-15.46,-2245.59,0.6084164300056077,-0.08485907527322968,0.7890680484235844,-0.16913699744244223,0.9575594802260416,0.23339348303966917,-0.775385145457009,-0.2754610302257025,0.5682421112796973,0.6491
1,1784433015.7308593,2394,-50.6,-13.58,-2245.98,0.6300640365040108,-0.08740408054096549,0.7716086032497701,-0.1487974151160339,0.9616445683930268,0.2304323183387605,-0.7621539471517937,-0.26000048227835576,0.5928921571887784,0.25670000000000004
1,1784433015.7907,2397,-50.83,-12.26,-2245.86,0.638434835758173,-0.08495885952564913,0.7649725175968974,-0.13940265249520264,0.964687667426305,0.22348289597393414,-0.7569464056112137,-0.24931846402482014,0.6040467221404053,0.2641
1,1784433015.8353362,2400,-51.07,-10.38,-2245.4500000000003,0.643961604075578,-0.08581546754561,0.7602296745104974,-0.13248012879476906,0.9661696107559825,0.22128104014161376,-0.7535001446256859,-0.24321181875386205,0.6108072881584736,0.2763
1,1784433015.8951755,2403,-51.42,-8.16,-2244.92,0.6455096691470458,-0.08710527833259157,0.7587686983028975,-0.12805935345373193,0.967066491017818,0.21996182383199325,-0.7529396184493707,-0.23915491305236955,0.613096125034427,0.2656
1,1784433015.9550154,2406,-51.64,-5.45,-2244.2000000000003,0.6481899110100935,-0.09059759790031385,0.7560700460403257,-0.12008904201403624,0.9683102395265704,0.21898379395778847,-0.7519497730918456,-0.23273881344264252,0.6167691492482683,0.2504
1,1784433015.999926,2409,-51.92,-2.5300000000000002,-2243.69,0.6501507884010395,-0.09692420143561076,0.753597804878422,-0.11419562096750571,0.9680991568932316,0.2230322455934574,-0.751174621837927,-0.23106215959928117,0.6183421107347968,0.2625
1,1784433016.0597694,2412,-52.08,0.5700000000000001,-2243.15,0.6521737251923996,-0.10363138711974243,0.7509527067481059,-0.10723186612746961,0.9680398280187198,0.22671616231823485,-0.7504470394741316,-0.2283843842584818,0.62021755374335,0.24810000000000001
1,1784433016.119649,2415,-52.28,3.63,-2242.67,0.6564871303787173,-0.10880137115836122,0.74644953565608,-0.09726090563091148,0.9690751487808154,0.22678992978370005,-0.7480407501486613,-0.22148502804817577,0.6256032436516988,0.26080000000000003
1,1784433016.179391,2421,-52.45,10.040000000000001,-2241.4500000000003,0.6652916356207965,-0.11921672086344372,0.7370036723379151,-0.07724280130447511,0.9708793081492149,0.2267750397515985,-0.7425769921157285,-0.2077997653373782,0.6367092494271526,0.2634
1,1784433016.2392385,2424,-52.54,13.1,-2240.64,0.6706094088040995,-0.12345968841925474,0.731464781215635,-0.06616984952772482,0.9721668964914979,0.22475114322193698,-0.7388535523612879,-0.19912114579197737,0.6437749587096376,0.24980000000000002
1,1784433016.2841191,2427,-52.63,16.13,-2239.8,0.6753516867720538,-0.12835286629824424,0.7262407595881455,-0.05643645005138401,0.9728567770713901,0.2244206283118047,-0.7353332756510745,-0.19254930023059702,0.6497766852549944,0.26230000000000003
1,1784433016.343926,2430,-52.69,18.94,-2238.79,0.679502398540528,-0.1330421816990025,0.7215097146029561,-0.04792050394229362,0.9732728840478965,0.2245963456492702,-0.732106628626996,-0.1871888646951507,0.6549658107524045,0.2472
1,1784433016.4038012,2433,-52.82,21.56,-2237.87,0.6839468209496151,-0.1366217407058729,0.7166248991483708,-0.0393346707873773,0.9739729536108009,0.22322515384405356,-0.7284706787420917,-0.1808623388136678,0.6607717341199503,0.2479
1,1784433016.4636056,2436,-52.85,24.16,-2236.85,0.6888173365051867,-0.14155883055056098,0.710979447257836,-0.032450992834327466,0.9737451622384629,0.22531598274702147,-0.7242082642403128,-0.17827354405617007,0.666138824492077,0.2611
1,1784433016.5240402,2442,-53.050000000000004,28.98,-2234.86,0.6965037401489302,-0.15152949923651277,0.7013710507425318,-0.021335098940412738,0.9726427711854373,0.23132413020244105,-0.7172359120343559,-0.17608194263423146,0.674216431100875,0.26930000000000004
1,1784433016.5838516,2445,-53.22,31.11,-2233.82,0.6957883583188385,-0.15645187232979643,0.7010002653868803,-0.01714365439944743,0.9720923185466339,0.233971407091682,-0.7180422379928689,-0.17481228751758365,0.6736883616265473,0.23670000000000002
1,1784433016.6437232,2448,-53.35,33.160000000000004,-2232.92,0.699095706826197,-0.16142230525820842,0.6965687561628826,-0.015450159442601861,0.9705460389300259,0.24041979720986895,-0.714861165031629,-0.17883854641089572,0.6760105687393206,0.2571
1,1784433016.7036374,2451,-53.550000000000004,35.07,-2232.12,0.6995774006514469,-0.16450953601486004,0.6953618288761184,-0.012295117628802886,0.9702218133995788,0.24190589675765792,-0.7144510414158963,-0.177781453936591,0.6767225901770481,0.2409
1,1784433016.7641404,2454,-53.65,36.83,-2231.3,0.7034689812710645,-0.16682697618379808,0.6908691282774336,-0.008576394981581187,0.9699978592616287,0.24296213383360238,-0.7106742135736814,-0.17684149130005627,0.6809326318485563,0.24710000000000001
1,1784433016.8239803,2460,-53.78,40.31,-2230.35,0.706722602668723,-0.17535390969217132,0.6854153260854442,0.00027177758412211457,0.9688647943124054,0.2475902592569526,-0.7074906988887492,-0.17479135189605366,0.6847663063325027,0.25070000000000003
1,1784433016.8838203,2463,-53.88,41.92,-2229.94,0.7070126054509642,-0.1797698321687354,0.6839707473097545,0.004300179992996808,0.968226845686869,0.2500365648125969,-0.7071878705022216,-0.17383780582278652,0.6853216274722783,0.2469
1,1784433016.9436603,2466,-53.94,43.4,-2229.54,0.7083741631043036,-0.18215463364930584,0.681927954029137,0.010111613432180293,0.9686462366612052,0.24823823935059386,-0.7057646918910551,-0.16895016319072245,0.6880058444793565,0.2328
1,1784433017.0040586,2469,-54.02,44.74,-2228.93,0.7115530516366562,-0.18422307450522987,0.6780517041689396,0.015982816873555232,0.9690103529200997,0.24650250606931084,-0.7024505706961515,-0.16456243421116723,0.6924466773515103,0.2348
1,1784433017.0489664,2472,-53.99,46.02,-2228.18,0.7152110319452225,-0.18651836833765761,0.6735607456321278,0.020538795556614954,0.9689251169896547,0.24650005181270823,-0.6986067117205028,-0.16246542998201843,0.6968167954346569,0.2553
1,1784433017.1088116,2475,-54.0,47.15,-2227.14,0.7194797317488274,-0.18831185033359785,0.6684964941019301,0.024910851840610867,0.968917148267355,0.24612803427084726,-0.6940665422444813,-0.16043131495251442,0.7018072585257271,0.2514
1,1784433017.1686876,2478,-53.89,48.160000000000004,-2225.87,0.7224940682761749,-0.19067243785720625,0.6645647769385103,0.026022984515324678,0.9680375956230027,0.24945143362456623,-0.6908872017794637,-0.16293322221703596,0.704363286603807,0.2399
1,1784433017.2291477,2484,-53.52,50.14,-2223.65,0.7288042757105714,-0.19577964883572663,0.6561361572171958,0.029742114077445182,0.9663988901634054,0.2553205666238863,-0.684075825004943,-0.16656384419404385,0.710138543842755,0.2427
1,1784433017.2889876,2487,-53.33,50.93,-2222.85,0.7318278184784366,-0.19757601491465235,0.6522206393786824,0.03258360320834581,0.966101320599352,0.25609870585020267,-0.6807101827525817,-0.1661684586996961,0.713457560356826,0.23900000000000002
1,1784433017.333871,2490,-53.15,51.660000000000004,-2222.21,0.7325358606240231,-0.20003942645164066,0.650673067496051,0.03495094631134801,0.9656398803988958,0.2575229169125486,-0.6798305996730092,-0.16590313212264798,0.714357408094948,0.2325
1,1784433017.3937082,2493,-53.01,52.27,-2221.77,0.7342409743083917,-0.20290667336741208,0.6478572941239712,0.036594851177193445,0.964732376476883,0.26067654026510445,-0.6779019165882204,-0.16769115564106504,0.7157713795659767,0.2403
1,1784433017.4541993,2496,-53.03,52.74,-2221.57,0.7353529231141611,-0.20364802406864527,0.6463617878250503,0.038169366687770725,0.9647121494448428,0.2605255614333567,-0.6766085854569932,-0.16690701305351935,0.7171770151639267,0.2386
1,1784433017.4990792,2499,-53.11,53.14,-2221.35,0.7340959071602959,-0.20481110138325193,0.6474222824715576,0.0383850928744714,0.9644211075401693,0.26156932537285676,-0.6779600163250928,-0.16716560675322092,0.7158392809725569,0.2295
1,1784433017.5589192,2502,-53.230000000000004,53.47,-2221.05,0.7348779123152488,-0.20588320929745618,0.646193901333463,0.03844725276966404,0.9639227848671386,0.2633907241503498,-0.6771087525247675,-0.16871564522402765,0.7162812075651525,0.23700000000000002
1,1784433017.6194258,2505,-53.45,53.76,-2220.65,0.7349569640976366,-0.20679768817302657,0.6458118743803625,0.03825586698197684,0.9634928339879467,0.2649868817419688,-0.6770337876102216,-0.17004786096910057,0.7160369930485371,0.2311
1,1784433017.6792657,2511,-53.93,54.38,-2219.3,0.7391378230787026,-0.20641618531856015,0.6411455661025902,0.038541748004330675,0.9632859833816472,0.26569653343847777,-0.6724506020186521,-0.17167548648245412,0.7199567453575009,0.2404
1,1784433017.7391057,2514,-54.22,54.77,-2218.4500000000003,0.7412872867003877,-0.20571119309250502,0.6388865811807568,0.03940979436935418,0.9635723145870528,0.26452837781439514,-0.6700298699939748,-0.1709131346556146,0.7223909424390987,0.23900000000000002
1,1784433017.7989461,2517,-54.44,55.19,-2217.37,0.7447502659637193,-0.20421710705289509,0.6353285878456245,0.041598004007324725,0.9643814761423025,0.26122399303318183,-0.66604552953201,-0.16811823714439672,0.7267183848850148,0.23750000000000002
1,1784433017.858786,2520,-54.67,55.53,-2216.28,0.7495399680101417,-0.20154858950560384,0.6305299377695381,0.04241789689414574,0.9651872305645148,0.25809752416146836,-0.6605986363734287,-0.1667086561145034,0.731995673209933,0.24480000000000002
1,1784433017.9186978,2523,-54.96,55.85,-2215.05,0.7539937081493101,-0.19870371895406894,0.6261072752692426,0.04376784823996536,0.9662295911987091,0.25393848182663975,-0.6554218973544416,-0.16406464934835185,0.7372278666074051,0.2346
1,1784433017.9646482,2526,-55.2,56.04,-2213.76,0.7577537070132295,-0.19663809485301012,0.6222079870592208,0.04313355732646342,0.9665243424837672,0.25292329196554114,-0.6511135198566173,-0.16481551819807586,0.7408691039725076,0.2383
1,1784433018.0232859,2532,-55.93,56.34,-2210.89,0.7660960900028752,-0.19247357531372022,0.6132297315755819,0.04268212602333652,0.9672365485464911,0.25026325194482585,-0.6413072719067159,-0.1655517501019697,0.7492113193470453,0.2379
1,1784433018.0831356,2535,-56.21,56.58,-2209.29,0.7722066369540845,-0.1899345722756451,0.6063182069660539,0.04455241225368699,0.9681111873090149,0.24652750671985305,-0.6338075357759958,-0.16335723816714526,0.7560439275147723,0.2283
1,1784433018.1429658,2538,-56.370000000000005,56.96,-2207.76,0.7768259386017123,-0.18850708403966393,0.6008381981718802,0.045956605323108184,0.968569303844682,0.24446164132027798,-0.628036186491467,-0.16229166003430753,0.7610729042217731,0.2283
1,1784433018.202806,2541,-56.45,57.45,-2206.17,0.7829357030386092,-0.18712997319101998,0.5932908713615666,0.04777608975383962,0.9689565122707903,0.24257106706253953,-0.6202653707529318,-0.16157243100713106,0.7675709865433776,0.2311
1,1784433018.2478912,2544,-56.5,57.99,-2204.61,0.7865218679261549,-0.18656579239766607,0.5887075304265974,0.0493350223052707,0.9692111856987041,0.24123791802005445,-0.615588666926293,-0.16069499875087284,0.7715100197200074,0.221
1,1784433018.307895,2547,-56.660000000000004,58.45,-2203.17,0.7905974567174113,-0.18619683841228876,0.5833407227317746,0.05189612030678103,0.9695945573594978,0.2391509712209918,-0.6101331445914614,-0.15879902929208217,0.7762218846224495,0.2192
1,1784433018.3678732,2550,-56.96,58.93,-2201.8,0.795371419405739,-0.18616772873955162,0.5768239609867611,0.05260043620120781,0.9692726318756361,0.2402993117100424,-0.6038356558733033,-0.16078601267782644,0.7807242527443495,0.22760000000000002
1,1784433018.4277823,2556,-57.68,59.49,-2199.19,0.8038963977549779,-0.18335929424227923,0.5658002747361861,0.054521759489806,0.9700065210912078,0.23688547186914635,-0.5922651090674733,-0.1595829510176624,0.7897818194449581,0.21680000000000002
1,1784433018.487732,2559,-58.1,59.72,-2197.88,0.8067190008238914,-0.18275965506787226,0.5619638442010079,0.056871931349652516,0.9705709236255582,0.2340035590267619,-0.5881921770427271,-0.15681514815891734,0.7933719002924379,0.2064
1,1784433018.532717,2562,-58.33,59.92,-2196.92,0.8080693709530038,-0.1839951285854483,0.5596156577370235,0.05951111298195236,0.9706079574285079,0.23319223916783677,-0.586073646531958,-0.15513215538141867,0.7952683164866114,0.19640000000000002
1,1784433018.5926223,2565,-58.480000000000004,60.03,-2196.02,0.8105392239152355,-0.18407392860049288,0.5560062547350243,0.0622949989733228,0.9710375112580201,0.23066314146985953,-0.5823620004754789,-0.15232511460495068,0.7985308759608405,0.19590000000000002
1,1784433018.6524622,2568,-58.51,60.13,-2195.42,0.8138006300493672,-0.18378909035319846,0.5513167009971643,0.06396924860108666,0.9712394572271991,0.22935093624929487,-0.5776127333816882,-0.15137862131806987,0.8021521322312714,0.19590000000000002
1,1784433018.6973438,2571,-58.5,60.28,-2194.8,0.8143232130369501,-0.18345751277122832,0.5506551059574153,0.06550862540933027,0.9717206318157303,0.22686479167252388,-0.5767029778891017,-0.14866860701382859,0.8033127165571385,0.1922
1,1784433018.7572494,2574,-58.51,60.33,-2194.77,0.8156694946874251,-0.1830300592733448,0.5488016698578426,0.06564428224383509,0.9717885457458536,0.22653443571750975,-0.5747817878508785,-0.14875153699896593,0.8046731489215935,0.2003
1,1784433018.8170872,2577,-58.49,60.32,-2194.82,0.8149053951449855,-0.18350101569506905,0.5497786592825089,0.06587800618137855,0.9717360744965728,0.22669161833547616,-0.5758378984272929,-0.14851390090112435,0.8039616508105157,0.19010000000000002
1,1784433018.876927,2583,-58.49,60.32,-2194.84,0.8150934091547366,-0.18361456791808267,0.5494619411758787,0.06617477095134291,0.9717457728893473,0.22656357289119172,-0.5755376912436285,-0.1483099569143651,0.8042142268313914,0.19740000000000002
1,1784433018.9369292,2586,-58.53,60.36,-2194.73,0.8170954653052147,-0.18335429497615563,0.5465676564629957,0.06695125347650346,0.9718403057561804,0.22592908127476322,-0.5726015457851815,-0.1480122380802699,0.8063621067131628,0.196
1,1784433018.9823341,2589,-58.49,60.34,-2194.78,0.8159446341865896,-0.18337625450672318,0.5482768490691522,0.06646369868836226,0.9718280419444041,0.22612570319883588,-0.5742969011746233,-0.14806554688242266,0.8051457403027317,0.20040000000000002
1,1784433019.0421956,2592,-58.53,60.34,-2194.78,0.8148741667512686,-0.18357654734991652,0.5497997304696592,0.06618806190554805,0.9717881148559017,0.22637800309659156,-0.5758465358258339,-0.1480794080481717,0.8040356062323918,0.1943
1,1784433019.1020353,2595,-58.52,60.34,-2194.7400000000002,0.8151940083156494,-0.18349254275020138,0.5493534523067372,0.06669106425249921,0.9719179853048386,0.22567173458333786,-0.575335580991767,-0.14732927949341568,0.80453903115313,0.1913
1,1784433019.1469107,2598,-58.51,60.34,-2194.77,0.8154755046701054,-0.18337916261223042,0.5489733909787196,0.06605787567026664,0.9717720715075783,0.22648487388742328,-0.5750096158717422,-0.14842885082593474,0.8045699583613125,0.1998
1,1784433019.206722,2601,-58.53,60.36,-2194.75,0.8156015155530758,-0.18364707614888778,0.5486965639125969,0.0661496911973705,0.9716716931559642,0.22688838461656466,-0.5748203077327892,-0.14875440209078275,0.8046451029345765,0.2001
1,1784433019.2665622,2604,-58.51,60.33,-2194.78,0.8151136634340923,-0.1833717150024434,0.5495129933132754,0.0660467985094805,0.9718107385612582,0.22632213507226737,-0.5755237059319984,-0.14818469068727794,0.8042473259863625,0.19640000000000002
1,1784433019.3264022,2610,-58.51,60.33,-2194.73,0.815082626423169,-0.18344557544336618,0.5495343783180092,0.06672810293721743,0.9719584450458719,0.22548645498657024,-0.5754890723389182,-0.14712070538935948,0.8044674174037308,0.1893
1,1784433019.3862424,2613,-58.53,60.35,-2194.78,0.8152360618328698,-0.18358572473914025,0.5492599067465588,0.06582783666605509,0.9716528614795639,0.22706257441164376,-0.5753754073707886,-0.14895300752445623,0.8042115033635858,0.1976
1,1784433019.4310954,2616,-58.53,60.34,-2194.78,0.8145081458150832,-0.18351301649626506,0.5503630194492689,0.06623788349481836,0.9718656588746868,0.22603027206592802,-0.5763584155636158,-0.1476486162363607,0.8037480095978377,0.19260000000000002
1,1784433019.4911554,2619,-58.53,60.33,-2194.81,0.815590566752692,-0.1834801230763421,0.5487686870257021,0.06633147614313016,0.9717887626636412,0.22633324111438533,-0.5748148942891929,-0.148194619323913,0.8047522551113134,0.1942
1,1784433019.5517743,2622,-58.53,60.36,-2194.76,0.8158370708627335,-0.183385133537562,0.5484339218206018,0.06644002095975933,0.9718297106458563,0.2261254897636665,-0.5744524326878442,-0.14804359595538688,0.805038816626637,0.1884
1,1784433019.5967557,2625,-58.51,60.32,-2194.7400000000002,0.8158552835485438,-0.18366447327279192,0.5483133388522962,0.06576627304560952,0.9715376609510961,0.22757278106874587,-0.5745040936630611,-0.14960593106926243,0.804713061751382,0.2033
1,1784433019.6566021,2628,-58.53,60.34,-2194.7200000000003,0.8156254282405175,-0.18345996527003466,0.5487236116211787,0.06596103279929717,0.9716976613921285,0.22683208987512835,-0.5748080574935625,-0.14881564429919975,0.8046425299797989,0.1913
1,1784433019.717834,2631,-58.53,60.33,-2194.78,0.8148429152216384,-0.1836520646240132,0.5498208277906893,0.06649812734606815,0.9718399607494583,0.2260643486929268,-0.575855036074677,-0.1476448774926796,0.8041094251267075,0.1894
1,1784433019.7628362,2634,-58.54,60.35,-2194.73,0.8154444114154726,-0.18345337458253305,0.548994782530357,0.06673890280471709,0.9719199756830849,0.22564901887802252,-0.5749750696714562,-0.14736492195387765,0.8047901894492947,0.1956
1,1784433019.8229146,2640,-58.53,60.34,-2194.8,0.8145430376261972,-0.18349347778252736,0.5503178930999435,0.0658669450453443,0.9717747839848411,0.22652883869743654,-0.5763516161208202,-0.14826972996026117,0.8036385392528348,0.1991
1,1784433019.8828533,2643,-58.54,60.35,-2194.76,0.8137860602991107,-0.18355301526559814,0.5514168465414884,0.06615551290739792,0.9719039202595654,0.22588983575195973,-0.5773869553209627,-0.14734673518946836,0.8030649061278878,0.19720000000000001
1,1784433019.9429536,2646,-58.51,60.35,-2194.77,0.8152325324053445,-0.1835283530144209,0.5492843177697531,0.06625977647432288,0.9717884359420277,0.22635564448654766,-0.5753308266810858,-0.14813702916273735,0.8043940952426842,0.20350000000000001
1,1784433020.0029626,2649,-58.53,60.35,-2194.78,0.8142573770922829,-0.18355000897437562,0.5507216339098205,0.06656159441476706,0.9719594840868624,0.225531185077728,-0.5766753662154815,-0.14698352118216174,0.8036425614047163,0.19340000000000002
1,1784433020.047979,2652,-58.52,60.34,-2194.76,0.8153475543190235,-0.1836308745316724,0.5490792907993529,0.06616219390245319,0.9717087479690643,0.22672598708222164,-0.5751790414853459,-0.14853218856236766,0.8044297726942184,0.1933
1,1784433020.1079154,2655,-58.54,60.34,-2194.73,0.8157367065525005,-0.18350664514485723,0.5485425569366148,0.06592419097671946,0.9716568814666899,0.22701741286185903,-0.57465435404854,-0.14902421241565478,0.8047137115067378,0.1956
1,1784433020.1687694,2658,-58.53,60.34,-2194.7400000000002,0.8157222161487313,-0.18328271801935977,0.5486389626674709,0.06653748731317065,0.9719091507615539,0.22575510060241163,-0.5746042367259854,-0.14764839295228108,0.8050030578793826,0.20350000000000001
1,1784433020.2136576,2661,-58.52,60.34,-2194.7200000000003,0.8149470727712611,-0.18358747694555397,0.5496880086833971,0.06658250636528461,0.9718771616746981,0.22587950872367613,-0.5756978707861177,-0.14748023909628752,0.8042521623523509,0.196
1,1784433020.2734213,2667,-58.53,60.34,-2194.76,0.8141803384901745,-0.183485779011196,0.5508569190966741,0.065855988752173,0.9718134620669284,0.2263660391732044,-0.576865118690235,-0.14802555132863238,0.8033150508937049,0.19210000000000002
1,1784433020.3334212,2670,-58.54,60.34,-2194.78,0.8152398423111115,-0.18363978032683156,0.5492362247613198,0.06613846686113675,0.971710426604957,0.2267257154106491,-0.5753344268421734,-0.14851019462893914,0.8043227084830206,0.1966
1,1784433020.393438,2673,-58.53,60.34,-2194.76,0.8150407349107395,-0.18336077118164704,0.5496248065979495,0.0656523869137771,0.9717212619722644,0.22682053064824978,-0.5756720980981147,-0.14878379153221494,0.8040304837806916,0.2049
1,1784433020.4536607,2676,-58.53,60.34,-2194.73,0.8147975679288475,-0.18350991420396665,0.5499354822941397,0.06585429155822836,0.9717377537137994,0.2266913105759086,-0.575993173206592,-0.14849191693864014,0.8038544737844587,0.19840000000000002
1,1784433020.5137072,2679,-58.53,60.35,-2194.76,0.8148668568176565,-0.18346497715990767,0.5498478042293405,0.06630949437506796,0.9718659734667886,0.22600792148323892,-0.5758429096688049,-0.1477062347132497,0.804106840917921,0.1957
1,1784433020.574013,2685,-58.53,60.34,-2194.76,0.8160449175474584,-0.18325618012108164,0.5481677343591023,0.06660842480571168,0.971904158281834,0.2257556751432429,-0.5741376231269498,-0.14771418199316289,0.8053238542029082,0.2051
1,1784433020.6338508,2688,-58.53,60.35,-2194.7400000000002,0.8153329563618087,-0.18340806250032385,0.549175429967684,0.06640475367400706,0.9718646241603435,0.22598575396508747,-0.5751717821310497,-0.14778577372518611,0.8045724244122716,0.19360000000000002
1,1784433020.6936963,2691,-58.54,60.35,-2194.75,0.814978316632191,-0.18351192272917308,0.5496669151728184,0.06627245683432942,0.9718253895898289,0.22619322185626825,-0.575689417033614,-0.1479147942729836,0.8041784060459958,0.1963
1,1784433020.7535727,2694,-58.53,60.34,-2194.76,0.8152012906541092,-0.18360400818070358,0.5493054012986351,0.06656974025796078,0.9718402812539411,0.22604189305137262,-0.5753393132733606,-0.147702525070632,0.8044679227227752,0.197
1,1784433020.8137703,2697,-58.54,60.34,-2194.75,0.814292280767993,-0.18353062669809403,0.5506764844674822,0.06619056139011827,0.9718690059089156,0.22602974347744037,-0.5766687880096522,-0.14760468968640988,0.8035334246427199,0.1927
1,1784433020.8736103,2703,-58.54,60.34,-2194.76,0.8154515898958716,-0.1835662863330884,0.5489463753939668,0.06624654483312198,0.9717460978803883,0.2265412027687505,-0.5750218255283607,-0.14836758330618435,0.8045725327090865,0.20800000000000002
1,1784433020.9337792,2706,-58.53,60.34,-2194.7000000000003,0.8149987984937387,-0.18326724815542686,0.5497181770755805,0.06651584266112495,0.9719861224526697,0.22542985701655452,-0.5756323489249389,-0.1471600948387875,0.8043576973947575,0.1943
1,1784433020.9786305,2709,-58.53,60.34,-2194.76,0.8148429152216384,-0.1836520646240132,0.5498208277906893,0.06649812734606815,0.9718399607494583,0.2260643486929268,-0.575855036074677,-0.1476448774926796,0.8041094251267075,0.1993
1,1784433021.038829,2712,-58.54,60.34,-2194.77,0.815287623980699,-0.1832655780381775,0.5492902858145581,0.06576117164293958,0.9717623269731234,0.2266129920810548,-0.5753099673115826,-0.1486327951096696,0.804317557765484,0.2029
1,1784433021.0988598,2715,-58.53,60.34,-2194.75,0.81499516282715,-0.18321146332707103,0.5497421616302506,0.06657653625780412,0.9720248761688651,0.22524476670683338,-0.5756304798985723,-0.1469734663619791,0.8043931568563246,0.19410000000000002
1,1784433021.144786,2718,-58.53,60.35,-2194.73,0.8167700394233379,-0.183326292153791,0.5470632260585077,0.06657018040428099,0.971788109494999,0.22626595264218852,-0.5731100363641701,-0.1483891534084566,0.8059314768448872,0.2034
1,1784433021.2036607,2721,-58.53,60.35,-2194.78,0.8144038872354876,-0.18357768817958398,0.5504957228338531,0.0661534297311489,0.9718284237093481,0.22621502736425242,-0.5765154223353725,-0.14781321751874207,0.8036051396900246,0.1905
1,1784433021.263819,2724,-58.53,60.34,-2194.75,0.8151138490969345,-0.18336998647503322,0.5495132947168121,0.06641810304327503,0.9719068332960709,0.22580022803473035,-0.5754807108830953,-0.14755526236820382,0.8043938065083157,0.1869
1,1784433021.3108304,2727,-58.53,60.35,-2194.78,0.8148668568176565,-0.18346497715990767,0.5498478042293405,0.06630949437506796,0.9718659734667886,0.22600792148323892,-0.5758429096688049,-0.1477062347132497,0.804106840917921,0.1985
1,1784433021.3696635,2733,-58.53,60.35,-2194.79,0.8149088811399641,-0.18355862652374796,0.5497542597087605,0.06544581257891588,0.9716001412066222,0.2273983536069632,-0.5758822458238294,-0.1493298236655601,0.8037787274548359,0.2005
1,1784433021.4295356,2736,-58.54,60.35,-2194.81,0.8151414010601821,-0.18323863384917558,0.5495162412001408,0.06616878326070208,0.9718939357109883,0.22592890441464888,-0.5754704061890947,-0.14780318262234104,0.8043556618855028,0.2008
1,1784433021.4893768,2739,-58.52,60.34,-2194.7400000000002,0.8164130894213012,-0.1833746424701559,0.5475795904893727,0.0664985257347778,0.971787764135727,0.22628850512384852,-0.573626719650216,-0.14833166207869244,0.8055743941612749,0.2024
1,1784433021.5492158,2742,-58.53,60.34,-2194.75,0.8156216780709884,-0.18340575398425937,0.5487473076618511,0.06565049673270643,0.9716399763433419,0.22716903101052036,-0.5748489284493918,-0.14925845294982518,0.8045313068387152,0.20350000000000001
1,1784433021.5940914,2745,-58.53,60.34,-2194.76,0.8145632355639689,-0.183250560130715,0.5503689376039832,0.06573909324979592,0.9718397050351459,0.2262873379928605,-0.5763376674192418,-0.1481445912916825,0.803671620243472,0.19110000000000002
1,1784433021.653932,2748,-58.53,60.34,-2194.7400000000002,0.8145816041489465,-0.18352972547715693,0.5502487165349943,0.06543526403683034,0.9716443828977366,0.227212278285543,-0.5763462816767012,-0.1490772720757801,0.8034929561283563,0.1973
1,1784433021.7136786,2751,-58.53,60.34,-2194.8,0.815009537347863,-0.18343635413326714,0.5496458478095846,0.06596241698640691,0.9717734230120281,0.22650689586146697,-0.5756808261331393,-0.1483493117940918,0.804104513177787,0.2073
1,1784433021.773514,2757,-58.53,60.34,-2194.75,0.8150370702588526,-0.18330501429507498,0.5496488386580546,0.0657130775707076,0.9717603282609371,0.22663551322416703,-0.5756703618739217,-0.1485972279434505,0.8040662275630471,0.199
1,1784433021.833355,2760,-58.53,60.34,-2194.77,0.8143473668040431,-0.18326828132687956,0.5506823977927869,0.06569175110317002,0.9718430551129136,0.2262866988265058,-0.5766480382489136,-0.1481006863194439,0.8034570472000286,0.19310000000000002
1,1784433021.8789036,2763,-58.53,60.34,-2194.8,0.815364314005493,-0.18333077690382715,0.5491546791990315,0.06646598045018454,0.9719088232099292,0.2257775737523246,-0.5751202560240317,-0.14759087236861854,0.8046450307460568,0.19290000000000002
1,1784433021.9387221,2766,-58.53,60.34,-2194.78,0.8139639558318741,-0.18350583012121524,0.5511699274434797,0.06543672261987414,0.9717203252123593,0.22688685484610213,-0.5772180817847763,-0.14861096823825032,0.8029533399768588,0.1963
1,1784433021.999163,2769,-58.53,60.35,-2194.7400000000002,0.8152564419294981,-0.1833412472970958,0.5493113151319567,0.06607112614174153,0.9718144075585524,0.22629927872616326,-0.5753186423042599,-0.14819832759233417,0.8043915187991594,0.199
1,1784433022.0440383,2772,-58.53,60.34,-2194.7000000000003,0.815475631028228,-0.18337764042139335,0.5489737117500214,0.06642900964812501,0.9718682876691737,0.22596286885273278,-0.5749666789269466,-0.14779943307222185,0.8047165002081459,0.202
1,1784433022.1040738,2775,-58.54,60.35,-2194.75,0.8154611030044026,-0.18315484116593145,0.5490696619230803,0.06667147675008439,0.9720235373504145,0.22522246119059808,-0.5749592191406329,-0.14705287142477,0.8048585896484698,0.1981
1,1784433022.1639488,2778,-58.53,60.35,-2194.77,0.8147900094320468,-0.18340023785161383,0.549983266368802,0.06560423611923788,0.9717192630800885,0.22684302493641123,-0.5760323990305897,-0.1487481983590439,0.8037789800386684,0.1973
1,1784433022.223722,2784,-58.53,60.34,-2194.75,0.8157294014065368,-0.18339538489445165,0.5485906274084067,0.06604533995011293,0.9717350481000987,0.22664732375382887,-0.5746508128871023,-0.14865103125547044,0.8047852596530817,0.21150000000000002
1,1784433022.2840896,2787,-58.53,60.35,-2194.75,0.8141730009005754,-0.18337396124765104,0.5509049962932779,0.0659776524466966,0.9718913244299989,0.22599602402548016,-0.5768615726343492,-0.14765244269583713,0.8033862596433786,0.1899
1,1784433022.3289676,2790,-58.53,60.34,-2194.81,0.8145283909634128,-0.1832700809595777,0.5504140057625928,0.06611003537549996,0.971930507016093,0.22578873478119,-0.5763444833927049,-0.1475234454468518,0.8037809835435806,0.195
1,1784433022.3888423,2793,-58.52,60.34,-2194.71,0.8144277854349123,-0.18339062632732636,0.5505227156865151,0.06596482123959808,0.9718543954068476,0.22615852070443612,-0.576503273772502,-0.1478746506459506,0.8036025528990844,0.2155
1,1784433022.448768,2796,-58.53,60.34,-2194.77,0.8145357071641887,-0.18338179111810454,0.5503659695519437,0.06598848805100427,0.9718527213130402,0.22615881039919838,-0.5763480729552911,-0.1478966083544649,0.8037098307461272,0.19490000000000002
1,1784433022.493748,2799,-58.53,60.34,-2194.73,0.8149292636988998,-0.18331392876189537,0.5498056917575952,0.06568937234049736,0.9717620055940972,0.22663519330688553,-0.5758256693902076,-0.14857526040904867,0.8039590726310033,0.1993
1,1784433022.554048,2802,-58.53,60.35,-2194.77,0.8145705723075921,-0.18336224390942424,0.5503208793413006,0.0656175582786478,0.9717616898560846,0.22665734970125026,-0.5763411479115732,-0.14851769469173498,0.803600258578494,0.1993
1,1784433022.6139183,2805,-58.53,60.34,-2194.73,0.8152600946822585,-0.1833969683247388,0.5492872927967383,0.06601047372842501,0.9717754208106769,0.22648432366585713,-0.5753204284369049,-0.14838491674535717,0.8043558423394771,0.2024
1,1784433022.6591756,2808,-58.53,60.34,-2194.76,0.8169470673856131,-0.18327626389571572,0.5468155997980256,0.06548357633879892,0.9715065573356954,0.2277869844473688,-0.5729828883308185,-0.15028246786027008,0.8056710181791942,0.21450000000000002
1,1784433022.7189565,2814,-58.53,60.34,-2194.78,0.8148907627412797,-0.18327788109339196,0.5498747703803586,0.06612085510442522,0.9718919474258036,0.22595148826493408,-0.5758307714243789,-0.14776759059684064,0.8041042605595431,0.2044
1,1784433022.7788792,2817,-58.53,60.35,-2194.75,0.8153570461854155,-0.18321934422511849,0.5492026576205837,0.06658724588618832,0.971986443516422,0.22540739186102549,-0.5751165324706696,-0.14721761281183426,0.804716067042841,0.1985
1,1784433022.8389127,2820,-58.54,60.34,-2194.78,0.8158681872780246,-0.18331053912539955,0.5484125702728063,0.06575925705834568,0.9716811333699653,0.22696143981741512,-0.5744865717306235,-0.14910741530324736,0.8048180897586611,0.2018
1,1784433022.8987954,2823,-58.53,60.35,-2194.7400000000002,0.8145320472809314,-0.18332593897410224,0.550389992688456,0.06604926117518922,0.9718916331200004,0.2259737784999639,-0.5763462839739202,-0.14771003205809294,0.8037454244839288,0.1945
1,1784433022.943748,2826,-58.54,60.34,-2194.76,0.8152564419294981,-0.1833412472970958,0.5493113151319567,0.06607112614174153,0.9718144075585524,0.22629927872616326,-0.5753186423042599,-0.14819832759233417,0.8043915187991594,0.19720000000000001
1,1784433023.0037587,2829,-58.53,60.35,-2194.78,0.8139257297281458,-0.18346670443051669,0.5512393988567135,0.06624067323663647,0.9719463999354734,0.22568200828074422,-0.5771802835299058,-0.14717392438159071,0.8032451408421089,0.19390000000000002
1,1784433023.0638738,2832,-58.53,60.34,-2194.75,0.8157148336144838,-0.18317279395529695,0.5486866480751154,0.06628765080463561,0.971890926609115,0.2259070032683329,-0.5746435917785021,-0.1479045446546056,0.8049279396929989,0.19970000000000002
1,1784433023.108956,2835,-58.53,60.35,-2194.75,0.8160724660437819,-0.18312461569299926,0.5481706899246911,0.0663592000619242,0.9718912594861573,0.22588456410643104,-0.5741273262372747,-0.14796200479076432,0.8052856998643002,0.20270000000000002
1,1784433023.1689537,2841,-58.53,60.34,-2194.7400000000002,0.8145779233056157,-0.18347390417195766,0.5502727808560133,0.0654960276840074,0.971683523103024,0.22702731396841064,-0.5763445820173262,-0.14889075665733872,0.8035287582664848,0.2083
1,1784433023.2287278,2844,-58.53,60.34,-2194.75,0.8155760179773224,-0.18325743681571025,0.5488647107912753,0.0665738710096493,0.9719443247261624,0.22559288404423217,-0.5748075143898562,-0.1474480975948479,0.8048946390159492,0.1995
1,1784433023.288931,2847,-58.53,60.34,-2194.73,0.8152912834093745,-0.18332129175680517,0.5492662625587991,0.06570052433161852,0.9717232634097834,0.22679801685815384,-0.5753117105528495,-0.1488193647912036,0.8042818115336796,0.2025
1,1784433023.3487015,2850,-58.54,60.34,-2194.77,0.8160069955651685,-0.18322436431181707,0.5482348178574922,0.06584419706708691,0.9717239239888322,0.22675351653356307,-0.5742796573981162,-0.14893437437434234,0.8049977808841622,0.2051
1,1784433023.3935814,2853,-58.53,60.34,-2194.7400000000002,0.8143121868923677,-0.18328986642374728,0.5507272347949885,0.06569105624700321,0.971837719563306,0.22630981411142112,-0.5766977955634325,-0.14810898588660243,0.8034198036468354,0.19770000000000001
1,1784433023.4534214,2856,-58.53,60.34,-2194.78,0.8152491470774575,-0.18322978763555411,0.5493593296855052,0.06619243419193777,0.9718922673470324,0.22592915333526684,-0.5753150353025929,-0.1478251182785736,0.8044627676659137,0.2146
1,1784433023.5137706,2859,-58.53,60.34,-2194.78,0.8168737578778177,-0.18326190911991486,0.5469299190538917,0.06665426419857551,0.9718253932532573,0.2260809901170333,-0.5729524175310887,-0.14822441665891514,0.8060738486958904,0.19790000000000002
1,1784433023.5588498,2862,-58.53,60.34,-2194.78,0.8151341166020171,-0.1831271176930012,0.5495642189197756,0.06629012745791107,0.9719716393123512,0.22555875370748638,-0.5754667592077436,-0.14742995332670458,0.8044267635459567,0.19440000000000002
1,1784433023.618708,2868,-58.53,60.35,-2194.79,0.8147661400776549,-0.18358732427605368,0.5499562085731177,0.0657928718769321,0.9716933296852565,0.22689947345766437,-0.5760446467012301,-0.14868680980617902,0.8037815608711837,0.2112
1,1784433023.6785479,2871,-58.54,60.34,-2194.75,0.8148980718272445,-0.18338946014051233,0.5498267349280231,0.06599942848389691,0.9718140867637935,0.22632157698119082,-0.5758343581031252,-0.14814076642445706,0.8040330250376141,0.1968
1,1784433023.738822,2874,-58.53,60.34,-2194.76,0.8148871135362886,-0.18322208276762034,0.5498987730289921,0.06618157002499428,0.9719308208933988,0.22576642617207418,-0.5758289607005909,-0.14758098720288848,0.8041398262955879,0.19870000000000002
1,1784433023.798827,2877,-58.53,60.34,-2194.73,0.8153989991709983,-0.18331234700248722,0.5491093293574371,0.06572424554348137,0.9717215855246716,0.22679833282711506,-0.5751563228363875,-0.14884133720797602,0.8043888740152161,0.2104
1,1784433023.8437662,2880,-58.53,60.35,-2194.76,0.8145320472809314,-0.18332593897410224,0.550389992688456,0.06604926117518922,0.9718916331200004,0.2259737784999639,-0.5763462839739202,-0.14771003205809294,0.8037454244839288,0.2033
1,1784433023.9039824,2883,-58.53,60.34,-2194.77,0.8156143600841378,-0.18329444330843428,0.5487953741393906,0.06577169246632329,0.9717182308543392,0.22679895126615646,-0.5748454575750407,-0.14888528092986292,0.8046029287964206,0.2005
1,1784433023.9638984,2886,-58.53,60.34,-2194.75,0.8153568695718587,-0.18322093670642806,0.5492023885548912,0.0662160866065445,0.9718905993473099,0.22592939776585313,-0.5751596344637663,-0.14784705358154956,0.8045698500632255,0.19770000000000001
1,1784433024.0091174,2889,-58.52,60.34,-2194.77,0.8158885036042787,-0.18306648169965214,0.5484638665987779,0.0660021145506756,0.9718426662451514,0.22619803920537201,-0.5744298656591686,-0.14835260477533393,0.8049980335970786,0.2041
1,1784433024.068958,2895,-58.53,60.34,-2194.7400000000002,0.814779276757052,-0.18323089871567524,0.5500556043920478,0.06615793503588366,0.9719324887050483,0.2257661733550858,-0.5759842513463741,-0.14755905650097123,0.8040326280975792,0.19740000000000002
1,1784433024.1289525,2898,-58.53,60.35,-2194.81,0.8154098768974353,-0.18348096105012998,0.5490368563131532,0.06517106228092155,0.9715068819468472,0.22787520920690524,-0.5752038467354731,-0.15003038113007405,0.8041339561532512,0.2036
1,1784433024.1889312,2901,-58.54,60.35,-2194.7000000000003,0.8146511692770078,-0.18348261489864334,0.5501614330590252,0.06626217223205778,0.9718693170503517,0.22600742268158355,-0.5761534491146375,-0.14766231952004208,0.8038924321495181,0.20400000000000001
1,1784433024.2491515,2904,-58.53,60.35,-2194.75,0.8146784676665947,-0.18335334321601968,0.5501641081094965,0.0656412634473103,0.9717600107907141,0.22665768454008373,-0.5761859238591742,-0.14853966796630386,0.8037075016366404,0.19940000000000002
1,1784433024.308955,2907,-58.53,60.34,-2194.7200000000003,0.8156180173059235,-0.18335010158473627,0.5487713459126858,0.0657110940542367,0.9716791225437733,0.22698399708075787,-0.5748471987964706,-0.14907187213364273,0.8045671351568006,0.2059
1,1784433024.3688624,2913,-58.53,60.35,-2194.78,0.8151485160497515,-0.1833518354725567,0.5494679255522861,0.06567610957573974,0.971719582718165,0.22682085705029528,-0.5755167637983133,-0.14880576934675463,0.8041376111066046,0.1961
1,1784433024.429445,2916,-58.54,60.34,-2194.78,0.8152527927277547,-0.18328552039970217,0.5493353274288911,0.06613177963077113,0.971853356405532,0.226114221945832,-0.5753168445930152,-0.14801172809987798,0.8044271605760364,0.196
1,1784433024.4753034,2919,-58.52,60.34,-2194.76,0.8155103505398237,-0.18335907232144072,0.548928336634059,0.06568735390390024,0.9716808019814416,0.2269836791441324,-0.5750026432108968,-0.14904988982928952,0.8044601237117717,0.2083
1,1784433024.534167,2922,-58.54,60.34,-2194.73,0.8155999336354517,-0.1830702949313656,0.5488916244283468,0.06638519211212456,0.9719703001443512,0.22553656445360684,-0.5747954023146695,-0.1475093310643176,0.8048920689924051,0.2076
1,1784433024.5940094,2925,-58.53,60.34,-2194.7400000000002,0.8145247382120636,-0.18321421707753602,0.5504380087723181,0.06617081064835291,0.9719693429967436,0.22560367925328287,-0.5763426712110676,-0.14733684853132914,0.8038165079208981,0.19140000000000001
1,1784433024.6538172,2928,-58.54,60.34,-2194.8,0.8148834678905316,-0.18316627857770962,0.549922765623223,0.06624228601432647,0.9719696564459529,0.2255813522699353,-0.5758271383864236,-0.1473943735029576,0.804175357342771,0.1952
1,1784433024.7136896,2931,-58.53,60.34,-2194.71,0.8150227044569998,-0.18308014277330717,0.5497450795975378,0.06632719950674187,0.9720120961490897,0.2253734401952582,-0.5756202687755102,-0.14722141916840167,0.8043551205237964,0.1933
1,1784433024.7585363,2934,-58.53,60.34,-2194.76,0.8146747994302036,-0.18329752077217065,0.5501881405956812,0.06570201446619231,0.9717990396166413,0.22647267361705709,-0.5761841862360001,-0.14835311078285304,0.8037432040475421,0.19490000000000002
1,1784433024.8184094,2940,-58.53,60.33,-2194.7400000000002,0.8155103505398237,-0.18335907232144072,0.548928336634059,0.06568735390390024,0.9716808019814416,0.2269836791441324,-0.5750026432108968,-0.14904988982928952,0.8044601237117717,0.20800000000000002
1,1784433024.8782167,2943,-58.53,60.34,-2194.77,0.8145632355639689,-0.183250560130715,0.5503689376039832,0.06573909324979592,0.9718397050351459,0.2262873379928605,-0.5763376674192418,-0.1481445912916825,0.803671620243472,0.2003
1,1784433024.938096,2946,-58.53,60.34,-2194.75,0.8158645352776883,-0.18325492402363433,0.5484365896776162,0.06581981211571111,0.9717202389436074,0.22677638669057107,-0.5744848234802852,-0.148920818049294,0.8048538858341648,0.1966
1,1784433024.9979892,2949,-58.54,60.33,-2194.79,0.8157148336144838,-0.18317279395529695,0.5486866480751154,0.06628765080463561,0.971890926609115,0.2259070032683329,-0.5746435917785021,-0.1479045446546056,0.8049279396929989,0.2038
1,1784433025.057979,2952,-58.53,60.35,-2194.73,0.8156383589915817,-0.1831058661085845,0.5488226572747749,0.06595413544260685,0.9718406665462185,0.22622062431400916,-0.5747905004082253,-0.1483170949136576,0.804747115556704,0.19740000000000002
1,1784433025.1180646,2958,-58.53,60.35,-2194.77,0.8148944155050749,-0.18333367355202285,0.5498507576793569,0.06606014125619945,0.9718530360477421,0.2261365385381079,-0.5758325705583641,-0.14795418367422564,0.8040686601388218,0.1973
1,1784433025.1779044,2961,-58.54,60.33,-2194.76,0.8151414010601821,-0.18323863384917558,0.5495162412001408,0.06616878326070208,0.9718939357109883,0.22592890441464888,-0.5754704061890947,-0.14780318262234104,0.8043556618855028,0.1993
1,1784433025.2378786,2964,-58.53,60.35,-2194.73,0.8155031834549431,-0.18324620817706982,0.5489766706915512,0.06617973626016413,0.971855351299123,0.22609161563356073,-0.5749563464154378,-0.14804730102229025,0.8046783185699904,0.2111
1,1784433025.2979484,2967,-58.53,60.35,-2194.75,0.8144516479705816,-0.18320355588277631,0.5505496982379614,0.06577620646383527,0.9718803283462694,0.2261020080334861,-0.5764911133584202,-0.14793608243242806,0.8035999699684632,0.1918
1,1784433025.3577597,2970,-58.53,60.35,-2194.77,0.8151341166020171,-0.1831271176930012,0.5495642189197756,0.06629012745791107,0.9719716393123512,0.22555875370748638,-0.5754667592077436,-0.14742995332670458,0.8044267635459567,0.19310000000000002
1,1784433025.4177902,2976,-58.53,60.33,-2194.75,0.8147480808621073,-0.18330634953940217,0.550076673701086,0.06646803705873713,0.9719841418364902,0.22545249625572913,-0.5759926777148048,-0.14712447191721617,0.8041062274239696,0.20570000000000002
1,1784433025.4776294,2979,-58.53,60.34,-2194.78,0.8157497618603754,-0.18315123679701856,0.548641914625982,0.06628824731776291,0.971896254225257,0.22588390666546745,-0.5745939386142879,-0.14789623214482825,0.8049649124185992,0.2025
1,1784433025.53747,2982,-58.54,60.33,-2194.7400000000002,0.8156347173280496,-0.1830501944828305,0.5488466399541774,0.06601472670739182,0.9718796159730456,0.22603554568658774,-0.574788712264725,-0.14813047747132613,0.8047827644135875,0.2015
1,1784433025.5973105,2985,-58.54,60.36,-2194.86,0.8148944155050749,-0.18333367355202285,0.5498507576793569,0.06606014125619945,0.9718530360477421,0.2261365385381079,-0.5758325705583641,-0.14795418367422564,0.8040686601388218,0.20550000000000002
1,1784433025.6422231,2988,-58.550000000000004,60.31,-2194.79,0.8150022249723616,-0.1833248198592561,0.5496939000149733,0.06608380959277654,0.9718513640445866,0.22613680884451773,-0.5756772562815086,-0.14797613533353135,0.8041758265279719,0.2054
1,1784433025.7020307,2991,-58.54,60.31,-2194.76,0.8156108386284798,-0.18323733169125325,0.5488196791173013,0.06620340313223703,0.971853682386026,0.2260918606372898,-0.574800895376354,-0.14806924159794566,0.8047853318538745,0.1942
1,1784433025.7618704,2994,-58.54,60.35,-2194.78,0.8163331809880165,-0.18325297212896874,0.5477394324164415,0.06585488557467757,0.971679794456048,0.22693944366680338,-0.5738146666511167,-0.14918688029364882,0.8052825610208607,0.2046
1,1784433025.8067505,2997,-58.53,60.35,-2194.79,0.8150299856166047,-0.18319170368355428,0.5496971186456356,0.06620582131237669,0.9719344729209393,0.22574359253863552,-0.5756239325898037,-0.1475946477668235,0.8042840966850187,0.19110000000000002
1,1784433025.8665905,3003,-58.53,60.34,-2194.7400000000002,0.8153605133127041,-0.18327665294851125,0.5491783879710079,0.0661554479832819,0.9718516861296761,0.22611447735392134,-0.57516144692823,-0.14803367404376847,0.8045342387471949,0.19770000000000001
1,1784433025.9264305,3006,-58.54,60.34,-2194.78,0.8147900094320468,-0.18340023785161383,0.549983266368802,0.06560423611923788,0.9717192630800885,0.22684302493641123,-0.5760323990305897,-0.1487481983590439,0.8037789800386684,0.1983
1,1784433025.9862704,3009,-58.550000000000004,60.33,-2194.76,0.8152527927277547,-0.18328552039970217,0.5493353274288911,0.06613177963077113,0.971853356405532,0.226114221945832,-0.5753168445930152,-0.14801172809987798,0.8044271605760364,0.2043
1,1784433026.0461097,3012,-58.52,60.34,-2194.79,0.8155270593228419,-0.18305908218167766,0.5490036319943975,0.06599107071163633,0.9718812833703593,0.2260352840171535,-0.5749441660705584,-0.14810855297782505,0.804675749874597,0.2112
1,1784433026.0909898,3015,-58.53,60.35,-2194.71,0.8154959060992615,-0.18313482314402815,0.5490246476137022,0.06630095973566687,0.9719331298375951,0.2257214519318577,-0.5749527022925225,-0.1476740589138864,0.8047495029202715,0.203
1,1784433026.1508298,3018,-58.54,60.34,-2194.78,0.8148031445913934,-0.18304380086886896,0.5500825415584963,0.06596929745466515,0.9719584234060754,0.22570971393210837,-0.5759721237675612,-0.14762042586801505,0.8040300507501141,0.2025
1,1784433026.2106698,3021,-58.54,60.34,-2194.77,0.8148522796644933,-0.18324176635632844,0.5499438311211348,0.06655237210951276,0.9720212357381405,0.22526761649357263,-0.575835518262095,-0.14695976434626964,0.8042488940440723,0.1912
1,1784433026.2555792,3024,-58.53,60.34,-2194.75,0.815287623980699,-0.1832655780381775,0.5492902858145581,0.06576117164293958,0.9717623269731234,0.2266129920810548,-0.5753099673115826,-0.1486327951096696,0.804317557765484,0.1978
1,1784433026.315421,3030,-58.550000000000004,60.35,-2194.75,0.8153605133127041,-0.18327665294851125,0.5491783879710079,0.0661554479832819,0.9718516861296761,0.22611447735392134,-0.57516144692823,-0.14803367404376847,0.8045342387471949,0.201
1,1784433026.3752637,3033,-58.54,60.33,-2194.79,0.8150956802771134,-0.18309114493965903,0.5496332091843384,0.0667214913322584,0.9721006131967479,0.22487472160495578,-0.5754713499280303,-0.1466220667812037,0.8045711248515068,0.19260000000000002
1,1784433026.4351058,3036,-58.52,60.34,-2194.79,0.814316176547211,-0.18334357166405812,0.5507034586263264,0.06600196088718314,0.9718949771082154,0.22597321662283015,-0.5766566619510941,-0.14766613762568642,0.8035308370100886,0.191
1,1784433026.4949389,3039,-58.53,60.35,-2194.78,0.8151414010601821,-0.18323863384917558,0.5495162412001408,0.06616878326070208,0.9718939357109883,0.22592890441464888,-0.5754704061890947,-0.14780318262234104,0.8043556618855028,0.198
1,1784433026.539825,3042,-58.54,60.35,-2194.78,0.815499383755922,-0.18319203029668335,0.5490003962926533,0.0658692002190112,0.9717980063738901,0.2264285389924164,-0.5749973943908085,-0.1484901169893521,0.8045673878552805,0.2018
1,1784433026.5886948,3045,-58.550000000000004,60.32,-2194.78,0.8153807470958262,-0.18303380232095454,0.549229336865199,0.06602741324757248,0.9719165357710713,0.2258730355633326,-0.5751474749707997,-0.14790833209354357,0.8045672795559236,0.1983
1,1784433026.6451905,3048,-58.53,60.34,-2194.7400000000002,0.8145669021537647,-0.18330640495809084,0.5503449135014875,0.06567832521894917,0.9718007163946619,0.2264723497720106,-0.5763394134640222,-0.14833114816572537,0.8036359567439628,0.1976
1,1784433026.6900706,3051,-58.53,60.35,-2194.77,0.8160033504012624,-0.18316876998312648,0.5482588201176366,0.06590472579930481,0.9717629866526688,0.22656845519445856,-0.574277893751129,-0.14874777132701322,0.8050335404652489,0.20420000000000002
1,1784433026.7500815,3054,-58.54,60.35,-2194.81,0.814806795282788,-0.1830996201299921,0.550058556400358,0.06590856952501659,0.9719195511928799,0.22589476858085328,-0.5759739115829461,-0.1478070198511688,0.8039944888234977,0.1938
1,1784433026.8099494,3057,-58.54,60.32,-2194.77,0.8151341166020171,-0.1831271176930012,0.5495642189197756,0.06629012745791107,0.9719716393123512,0.22555875370748638,-0.5754667592077436,-0.14742995332670458,0.8044267635459567,0.1976
1,1784433026.8697968,3063,-58.53,60.35,-2194.76,0.814312516409513,-0.18328768063915166,0.5507274750225626,0.06606276692819911,0.971933846445394,0.22578819490764335,-0.5766548677021616,-0.14747957234743345,0.8035663876094004,0.194
1,1784433026.9296014,3066,-58.54,60.34,-2194.77,0.8161072503558762,-0.18310423056985836,0.5481257124638392,0.06598894499058304,0.9718003415695804,0.22638364619441184,-0.5741205579454554,-0.14858309753355853,0.8051761596518691,0.2019
1,1784433026.9894407,3069,-58.56,60.31,-2194.81,0.8146256700018809,-0.1830917032796904,0.5503293976920809,0.06668744236848122,0.9721405960113972,0.2247119191697577,-0.5761404367030118,-0.14635603771880074,0.8041406017724237,0.191
1,1784433027.0492814,3072,-58.53,60.33,-2194.79,0.8155068274525855,-0.18330189189931656,0.5489526671802861,0.06611912612471099,0.9718164051731872,0.22627667974576585,-0.5749581511194735,-0.1482339065881844,0.8046426743585515,0.20720000000000002
1,1784433027.1092525,3075,-58.52,60.370000000000005,-2194.7200000000003,0.8151138490969345,-0.18336998647503322,0.5495132947168121,0.06641810304327503,0.9719068332960709,0.22580022803473035,-0.5754807108830953,-0.14755526236820382,0.8043938065083157,0.20750000000000002
1,1784433027.1546378,3078,-58.54,60.34,-2194.79,0.8144241236397747,-0.18333475767711713,0.5505467404871796,0.0660256102846389,0.9718933049324684,0.22597349980470072,-0.5765014879600278,-0.1476880850133714,0.8036381424030079,0.1928
1,1784433027.2144778,3084,-58.54,60.34,-2194.77,0.8143892597714761,-0.18335419605187783,0.5505918382604638,0.06639660402183473,0.9719838302470997,0.2254748870995287,-0.5765081305092191,-0.14706689813940824,0.8037472879757779,0.1854
1,1784433027.2743168,3087,-58.53,60.36,-2194.78,0.8155343500163622,-0.18317045261934656,0.5489556532458824,0.06586985737598318,0.9718033511704234,0.226405407495498,-0.5749477244347152,-0.1484817562569846,0.8046044259300245,0.2019
1,1784433027.3341577,3090,-58.53,60.36,-2194.77,0.8149256006855106,-0.183258149486236,0.5498297154521934,0.06575008001512511,0.9718010317025515,0.22645017500514517,-0.5758239247594391,-0.14838869710573172,0.8039947774991446,0.19820000000000002
1,1784433027.3939967,3093,-58.54,60.32,-2194.7200000000003,0.8156108386284798,-0.18323733169125325,0.5488196791173013,0.06620340313223703,0.971853682386026,0.2260918606372898,-0.574800895376354,-0.14806924159794566,0.8047853318538745,0.1951
1,1784433027.4388776,3096,-58.53,60.34,-2194.7400000000002,0.8142041989814023,-0.1832987203354149,0.5508839274152516,0.06566738298401131,0.9718393957830074,0.2263094863591669,-0.5768529424152086,-0.14808702822164446,0.8033124640508185,0.19440000000000002
1,1784433027.4987168,3099,-58.53,60.35,-2194.79,0.8157459915329737,-0.1830969571663177,0.5486656373186871,0.06597780886745537,0.9718389972376754,0.22622089245938093,-0.5746350198473245,-0.14833902967359897,0.8048541024561904,0.2019
1,1784433027.558557,3102,-58.54,60.34,-2194.76,0.8140613232238733,-0.1833268319924222,0.5510856872598114,0.06601485098160512,0.9719318700012128,0.22581071614478812,-0.5770149057700963,-0.14744393086040478,0.8033144376715504,0.1983
1,1784433027.6183972,3108,-58.52,60.33,-2194.71,0.8142740136730114,-0.18325113500029544,0.5507965615160898,0.0664946168523125,0.9720629683277678,0.22510453468438404,-0.576659602006685,-0.14667176663186543,0.8037108287727489,0.1879
1,1784433027.678238,3111,-58.54,60.35,-2194.76,0.8137921077521578,-0.18308351095274267,0.5515639884705288,0.06664327246389815,0.9722188091090566,0.22438641101873957,-0.5773223359576548,-0.1458458612089662,0.8033852781652224,0.186
1,1784433027.7231178,3114,-58.550000000000004,60.33,-2194.83,0.8151448533158713,-0.18329609510240655,0.549491955930982,0.06573678430222801,0.9717586512934531,0.2266358286457179,-0.5755150243931509,-0.14861919511469032,0.8041733591342183,0.19590000000000002
1,1784433027.782958,3117,-58.54,60.32,-2194.7400000000002,0.8150370702588526,-0.18330501429507498,0.5496488386580546,0.0657130775707076,0.9717603282609371,0.22663551322416703,-0.5756703618739217,-0.1485972279434505,0.8040662275630471,0.20070000000000002
1,1784433027.842798,3120,-58.52,60.34,-2194.76,0.8150299856166047,-0.18319170368355428,0.5496971186456356,0.06620582131237669,0.9719344729209393,0.22574359253863552,-0.5756239325898037,-0.1475946477668235,0.8042840966850187,0.19190000000000002
1,1784433027.8876781,3123,-58.53,60.36,-2194.77,0.8157257541453955,-0.18333974595997019,0.5486146476127477,0.06610591605563351,0.9717740745789645,0.22646226140053163,-0.5746490249590364,-0.14846442512444114,0.8048209817009606,0.20270000000000002
1,1784433027.9475543,3126,-58.550000000000004,60.34,-2194.8,0.8140925155658283,-0.18325164265389315,0.5510646165054981,0.06570455551924978,0.9718800212399334,0.22612415991813986,-0.5770063149426701,-0.14787853048808855,0.8032407190481343,0.18760000000000002
1,1784433028.0073943,3129,-58.54,60.31,-2194.8,0.8137404145300073,-0.18341166099081635,0.5515312324548098,0.065511083902171,0.9718017832801318,0.22651620670388764,-0.5775247489471721,-0.14819398309697154,0.8028098826791809,0.1966
1,1784433028.0672343,3135,-58.53,60.36,-2194.78,0.8148177687168138,-0.18326704271657757,0.5499865405964703,0.06572639221270925,0.9718027071157286,0.2264498615792078,-0.5759792054840641,-0.14836673985924675,0.8038875949742506,0.1928
1,1784433028.1270733,3138,-58.54,60.34,-2194.78,0.8146641211393529,-0.18312802966070782,0.5502603878899812,0.06625579829195322,0.9720117809697182,0.22539580042399388,-0.5761358684554727,-0.14716393039282344,0.8039964170755953,0.19490000000000002
1,1784433028.1718557,3141,-58.550000000000004,60.33,-2194.78,0.8151448533158713,-0.18329609510240655,0.549491955930982,0.06573678430222801,0.9717586512934531,0.2266358286457179,-0.5755150243931509,-0.14861919511469032,0.8041733591342183,0.1988
1,1784433028.2318583,3144,-58.53,60.34,-2194.76,0.8149219412292212,-0.18320236433792628,0.5498537290991046,0.0658107887765059,0.9718400199133136,0.2262651448533435,-0.5758221685414794,-0.14820212345268233,0.8040304476948023,0.20520000000000002
1,1784433028.291898,3147,-58.53,60.36,-2194.7400000000002,0.8148871135362886,-0.18322208276762034,0.5498987730289921,0.06618157002499428,0.9719308208933988,0.22576642617207418,-0.5758289607005909,-0.14758098720288848,0.8041398262955879,0.1923
1,1784433028.337785,3150,-58.54,60.33,-2194.79,0.8144095121396301,-0.18311122439633812,0.5506427390210129,0.0662687772005861,0.9720485639018714,0.2252332981258504,-0.5764942286830185,-0.14694171945496973,0.8037801536357988,0.1898
1,1784433028.3967378,3153,-58.54,60.32,-2194.77,0.8148104495344429,-0.18315543352698568,0.5500345611859505,0.06584784267242103,0.9718806410703702,0.2260798114118871,-0.5759756878071047,-0.1479936035178152,0.8039588922158548,0.1922
1,1784433028.456789,3156,-58.52,60.35,-2194.7400000000002,0.8144901543001898,-0.1832399281634803,0.5504806238867048,0.0653444635363219,0.9717501972252124,0.22678548295230727,-0.5764858104352643,-0.14874368194785126,0.8034546828834798,0.19740000000000002
1,1784433028.5169134,3162,-58.550000000000004,60.32,-2194.77,0.8149985741191528,-0.18326904391625987,0.5497179110469003,0.06614450751007755,0.9718902777011349,0.22595174758399192,-0.575675453975586,-0.14778953160501831,0.8042114311783762,0.19890000000000002
1,1784433028.5771778,3165,-58.54,60.31,-2194.77,0.8158298068578423,-0.18327387676703927,0.5484819161440746,0.06656113167402994,0.9719074862369022,0.22575529660882399,-0.574448728776179,-0.14767032298822183,0.8051100134242437,0.19410000000000002
1,1784433028.6220248,3168,-58.53,60.34,-2194.82,0.8153605133127041,-0.18327665294851125,0.5491783879710079,0.0661554479832819,0.9718516861296761,0.22611447735392134,-0.57516144692823,-0.14803367404376847,0.8045342387471949,0.19490000000000002
1,1784433028.682369,3171,-58.52,60.370000000000005,-2194.78,0.8145210890273139,-0.18315834733098324,0.5504620017155967,0.06623158699016403,0.9720081410573815,0.22541861192665086,-0.576340847428432,-0.14715024132211474,0.8038519976117,0.189
1,1784433028.7422087,3174,-58.53,60.35,-2194.77,0.8150755842016175,-0.1833409175910765,0.5495797485126739,0.06528168229287788,0.9716297255258772,0.2273191114524252,-0.5756649146816258,-0.14940476703027397,0.803920469694127,0.20370000000000002
1,1784433028.7870896,3177,-58.54,60.33,-2194.78,0.8145320472809314,-0.18332593897410224,0.550389992688456,0.06604926117518922,0.9718916331200004,0.2259737784999639,-0.5763462839739202,-0.14771003205809294,0.8037454244839288,0.19490000000000002
1,1784433028.8469288,3180,-58.53,60.34,-2194.76,0.8149366003952524,-0.18342546968327045,0.5497576142334913,0.06556796026581344,0.9716838397024824,0.22700519431859076,-0.5758291238925045,-0.14894835592416605,0.8038875588940773,0.20070000000000002
1,1784433028.9067688,3183,-58.52,60.370000000000005,-2194.8,0.8144516479705816,-0.18320355588277631,0.5505496982379614,0.06577620646383527,0.9718803283462694,0.2261020080334861,-0.5764911133584202,-0.14793608243242806,0.8035999699684632,0.1991
1,1784433028.966609,3189,-58.54,60.33,-2194.76,0.8158609868465648,-0.18319799768998385,0.5484608862846377,0.06625134485426569,0.9718556811738485,0.22606922452009323,-0.5744402575087776,-0.14810478929628113,0.8050362488365065,0.1965
1,1784433029.026449,3192,-58.53,60.35,-2194.79,0.8140925155658283,-0.18325164265389315,0.5510646165054981,0.06570455551924978,0.9718800212399334,0.22612415991813986,-0.5770063149426701,-0.14787853048808855,0.8032407190481343,0.1968
1,1784433029.071329,3195,-58.54,60.33,-2194.77,0.8149182853304621,-0.18314657331996553,0.5498777326962917,0.06587149862106102,0.9718789702217951,0.2260801028618813,-0.5758204007357464,-0.14801553946048282,0.8040660832137785,0.1951
1,1784433029.1311698,3198,-58.53,60.36,-2194.79,0.8145595725386368,-0.18319470943029942,0.5503929516467497,0.06579986236760604,0.9718786557729491,0.22610231437419967,-0.5763359097766487,-0.14795802408018796,0.8037072490728256,0.1922
1,1784433029.19101,3201,-58.54,60.32,-2194.77,0.8146329376856797,-0.1832034216115356,0.5502814581170492,0.06656593133313668,0.972063277354287,0.22508212191330357,-0.5761442125226565,-0.1467293124398429,0.8040698696304813,0.19390000000000002
1,1784433029.235889,3204,-58.54,60.35,-2194.81,0.8151341166020171,-0.1831271176930012,0.5495642189197756,0.06629012745791107,0.9719716393123512,0.22555875370748638,-0.5754667592077436,-0.14742995332670458,0.8044267635459567,0.2
1,1784433029.295729,3207,-58.54,60.34,-2194.81,0.8152912834093745,-0.18332129175680517,0.5492662625587991,0.06570052433161852,0.9717232634097834,0.22679801685815384,-0.5753117105528495,-0.1488193647912036,0.8042818115336796,0.19820000000000002
1,1784433029.3555691,3210,-58.59,60.28,-2194.87,0.8139386523012061,-0.18311175426306456,0.5513383314633579,0.06623468947239645,0.9720886414698207,0.22507029798677058,-0.5771627467193214,-0.1466756918376782,0.803348868937616,0.1898
1,1784433029.4154093,3216,-58.43,60.47,-2194.76,0.8143484458406307,-0.1838422255182395,0.5504894593663444,0.06628059493632042,0.9717581171427268,0.22647967790093232,-0.5765791285607179,-0.14794660484013616,0.8035348845099631,0.1922
1,1784433029.475249,3219,-58.47,60.43,-2194.76,0.8144589814152956,-0.18331528442100595,0.550501656754641,0.06565463747538247,0.9718023935372943,0.22647202143567732,-0.5764946107032873,-0.1483091851937414,0.8035286861196888,0.2063
1,1784433029.5201302,3222,-58.620000000000005,60.26,-2194.77,0.8150131988692951,-0.183492112458285,0.5496218066401979,0.06590172230449537,0.9717343956451898,0.22669192159708515,-0.5756825936800072,-0.14853588450497043,0.8040688044863985,0.2005
1,1784433029.5799704,3225,-58.54,60.32,-2194.87,0.8137257048423111,-0.18318770312070315,0.5516273585530772,0.06575470022813583,0.9719575045996977,0.22577628008769368,-0.5775177890565727,-0.1474478710517376,0.8029522580113454,0.195
1,1784433029.6398127,3228,-58.5,60.38,-2194.7000000000003,0.81499516282715,-0.18321146332707103,0.5497421616302506,0.06657653625780412,0.9720248761688651,0.22524476670683338,-0.5756304798985723,-0.1469734663619791,0.8043931568563246,0.1951
1,1784433029.699652,3231,-58.46,60.43,-2194.78,0.8146714164958268,-0.18323970995107852,0.5502124061139735,0.06613430153250564,0.9719341568798724,0.22576591605248905,-0.5761395120155284,-0.14753712545409214,0.803925406556636,0.2146
1,1784433029.7594917,3234,-58.57,60.32,-2194.83,0.8143198402543907,-0.18339945681748612,0.5506794321627734,0.06594115592436686,0.971856069864433,0.22615822652076284,-0.5766584445956044,-0.14785269259201667,0.8034952517407111,0.1973
1,1784433029.8043716,3237,-58.58,60.29,-2194.85,0.8162293407452903,-0.18331751992970918,0.5478725674765338,0.06577065069358883,0.9716423274135048,0.22712421510224115,-0.5739720244174367,-0.14935151310009503,0.8051398889142566,0.20350000000000001
1,1784433029.864868,3243,-58.5,60.42,-2194.7000000000003,0.8139698186949779,-0.1830366384402909,0.5513172618757219,0.06592435284876047,0.9720371031690429,0.225383783276898,-0.5771543242107239,-0.14711036350717724,0.803275436568086,0.1902
1,1784433029.9248364,3246,-58.54,60.32,-2194.86,0.8157184702489406,-0.18322845048740125,0.5486626579481371,0.06622707148646666,0.9718520138380586,0.22609210114737913,-0.5746454144053138,-0.14809118181342276,0.8048923217251169,0.19970000000000002
1,1784433029.969716,3249,-58.61,60.28,-2194.81,0.8149109842072546,-0.1830349736870927,0.5499257097333503,0.06599292154537759,0.9719567571135869,0.22570998340158901,-0.5758168303586387,-0.14764234050097297,0.804137250204917,0.2109
1,1784433030.0295606,3252,-58.51,60.32,-2194.79,0.8143819674536406,-0.1832424147831695,0.5506398355647457,0.0665181975579343,0.9720613060054473,0.22510474619747076,-0.5765044149700685,-0.1466936767260844,0.8038181540178112,0.1907
1,1784433030.0894005,3255,-58.49,60.4,-2194.7200000000003,0.814312516409513,-0.18328768063915166,0.5507274750225626,0.06606276692819911,0.971933846445394,0.22578819490764335,-0.5766548677021616,-0.14747957234743345,0.8035663876094004,0.186
1,1784433030.1354518,3258,-58.54,60.34,-2194.81,0.814786582545468,-0.18334252252585614,0.5500075857092639,0.06603647441035734,0.9718547084152368,0.22613626374065976,-0.5759878548644298,-0.14793223166366057,0.8039614703974821,0.1985
1,1784433030.1943302,3261,-58.58,60.28,-2194.82,0.8147900094320468,-0.18340023785161383,0.549983266368802,0.06560423611923788,0.9717192630800885,0.22684302493641123,-0.5760323990305897,-0.1487481983590439,0.8037789800386684,0.19840000000000002
1,1784433030.254135,3264,-58.53,60.34,-2194.77,0.8147994974606889,-0.1829879757466193,0.5501065166583317,0.06603002645778618,0.9719972577053823,0.22552464747605858,-0.5759703243603725,-0.14743382157894133,0.8040655779915193,0.19790000000000002
1,1784433030.3143175,3270,-58.53,60.39,-2194.77,0.815384588305784,-0.18308794403829584,0.549205588009843,0.06633795549910358,0.9719736247010691,0.22553613578685025,-0.5751062934915653,-0.1474655133693823,0.8046779937049965,0.2
1,1784433030.3741584,3273,-58.57,60.29,-2194.84,0.8138580929512004,-0.18298940651569182,0.5514978527980592,0.06596164517691201,0.9720775238141222,0.22519846593829063,-0.5773076007670347,-0.14690188834197868,0.8032034420358085,0.18910000000000002
1,1784433030.4193356,3276,-58.56,60.31,-2194.84,0.8140925155658283,-0.18325164265389315,0.5510646165054981,0.06570455551924978,0.9718800212399334,0.22612415991813986,-0.5770063149426701,-0.14787853048808855,0.8032407190481343,0.1928
1,1784433030.4791749,3279,-58.51,60.370000000000005,-2194.78,0.815572667694331,-0.18320748459430952,0.5488863646498954,0.06506757903314511,0.9715757381061272,0.22761106142342777,-0.5749847249003383,-0.14991865364977044,0.8043114840776069,0.1996
1,1784433030.5390148,3282,-58.49,60.4,-2194.8,0.8137367317373196,-0.18335568034070956,0.5515552791046975,0.06557198634388592,0.971840770466594,0.22633124279651298,-0.5775230264053395,-0.14800747057392885,0.8028455284959398,0.20420000000000002
1,1784433030.5853271,3285,-58.59,60.300000000000004,-2194.79,0.8157496348280316,-0.18315260640195255,0.5486416462920988,0.06591723462165813,0.9718000076312427,0.22640597021224906,-0.5746367996028153,-0.14852564740167934,0.8048184146788304,0.1975
1,1784433030.6441696,3288,-58.550000000000004,60.28,-2194.8,0.8154886429325727,-0.18302341467955802,0.5490725843884627,0.06642218746013778,0.9720107567277007,0.22535124099647935,-0.5749490118793156,-0.14730077557391727,0.8048205484791758,0.1933
1,1784433030.7042437,3291,-58.53,60.36,-2194.71,0.8149292636988998,-0.18331392876189537,0.5498056917575952,0.06568937234049736,0.9717620055940972,0.22663519330688553,-0.5758256693902076,-0.14857526040904867,0.8039590726310033,0.1998
1,1784433030.7642999,3297,-58.550000000000004,60.32,-2194.81,0.8153953416593547,-0.18325664980372464,0.5491333509293888,0.0657848769204596,0.9717606513727673,0.22661329707705785,-0.5751545764129712,-0.14865475689089103,0.8044246244894085,0.197
1,1784433030.824327,3300,-58.57,60.29,-2194.83,0.8144589814152956,-0.18331528442100595,0.550501656754641,0.06565463747538247,0.9718023935372943,0.22647202143567732,-0.5764946107032873,-0.1483091851937414,0.8035286861196888,0.19720000000000001
1,1784433030.8692071,3303,-58.52,60.34,-2194.79,0.8138374806721473,-0.18323489896945158,0.5514467579493662,0.06571743437442071,0.9719169573960911,0.22596160458177017,-0.5773645069386026,-0.14765635687493925,0.8030241754779022,0.1915
1,1784433030.929234,3306,-58.51,60.39,-2194.73,0.8151689200531488,-0.18310727561658455,0.5495192056658762,0.06591946410251291,0.9718809594118607,0.22605757006815463,-0.5754600386054803,-0.14805109371076347,0.8043174855859009,0.1991
1,1784433030.9892178,3309,-58.53,60.34,-2194.82,0.8155031834549431,-0.18324620817706982,0.5489766706915512,0.06617973626016413,0.971855351299123,0.22609161563356073,-0.5749563464154378,-0.14804730102229025,0.8046783185699904,0.1963
1,1784433031.0342515,3312,-58.58,60.300000000000004,-2194.79,0.8148837310053396,-0.18316441562451966,0.5499229962383331,0.0666136517108214,0.9720652512186159,0.22505947831415324,-0.5757839233154802,-0.14676492844756084,0.8043214092818962,0.19
1,1784433031.094224,3315,-58.53,60.33,-2194.82,0.8146747994302036,-0.18329752077217065,0.5501881405956812,0.06570201446619231,0.9717990396166413,0.22647267361705709,-0.5761841862360001,-0.14835311078285304,0.8037432040475421,0.1908
1,1784433031.1541736,3318,-58.52,60.38,-2194.83,0.8151723541662623,-0.18316472193610128,0.5494949659834061,0.06548745061881893,0.9717454770627456,0.2267644628674093,-0.5755044976492205,-0.1488670965867461,0.804135038870556,0.19640000000000002
1,1784433031.2141564,3324,-58.550000000000004,60.300000000000004,-2194.84,0.8153953416593547,-0.18325664980372464,0.5491333509293888,0.0657848769204596,0.9717606513727673,0.22661329707705785,-0.5751545764129712,-0.14865475689089103,0.8044246244894085,0.2003
1,1784433031.2741563,3327,-58.550000000000004,60.33,-2194.78,0.8152839681017667,-0.1832098584472988,0.549314299034677,0.06582182004079591,0.9718013526437707,0.2264279554433489,-0.5753082124937509,-0.148446215066127,0.8043532693224953,0.19590000000000002
1,1784433031.3190904,3330,-58.51,60.36,-2194.78,0.814914632989663,-0.18309077643535393,0.5499017262417184,0.0659322095452114,0.9719178826234125,0.22589504904116137,-0.5758186213416592,-0.14782894513971748,0.8041016840518799,0.1923
1,1784433031.3792324,3333,-58.53,60.36,-2194.75,0.8149185464132216,-0.18314472991365954,0.5498779597479924,0.06624289377725465,0.9719749680355292,0.22555828633935693,-0.5757774237809062,-0.14738612355708616,0.8042124649910856,0.1975
1,1784433031.4390728,3336,-58.56,60.31,-2194.83,0.813806286264009,-0.18330998728068398,0.551467838591098,0.06602781549423978,0.9719687329001858,0.2256481992958635,-0.5773730648534278,-0.1472217063736274,0.8030978229046551,0.19090000000000001
1,1784433031.484072,3339,-58.53,60.33,-2194.79,0.8146916324551114,-0.18299678170773462,0.5502633205041356,0.0660064197827439,0.9719989220853635,0.22552438451829349,-0.5761255909565982,-0.14741191725740027,0.8039583509706255,0.19
1,1784433031.5438874,3342,-58.52,60.35,-2194.82,0.8152730217677265,-0.18304266447111045,0.5493862784608265,0.0660037717178253,0.9719182022536551,0.22587277447059545,-0.5753028785750524,-0.14788641286926854,0.8044601959027674,0.1957
1,1784433031.6037235,3345,-58.52,60.35,-2194.7400000000002,0.815641862255186,-0.18316296278758637,0.5487983979566318,0.06552241027563191,0.9717050170811654,0.2269276834830068,-0.5748349035058362,-0.14913312456381111,0.8045645684898576,0.1951
1,1784433031.6635635,3351,-58.54,60.33,-2194.81,0.8156493052425494,-0.18327284579667405,0.5487506490665273,0.06577236811611208,0.9717235908753441,0.22677578911498758,-0.5747957954349919,-0.14887688514311145,0.8046399608646961,0.2011
1,1784433031.7234035,3354,-58.53,60.36,-2194.76,0.8150370702588526,-0.18330501429507498,0.5496488386580546,0.0657130775707076,0.9717603282609371,0.22663551322416703,-0.5756703618739217,-0.1485972279434505,0.8040662275630471,0.1985
1,1784433031.7682836,3357,-58.53,60.36,-2194.78,0.8152491470774575,-0.18322978763555411,0.5493593296855052,0.06619243419193777,0.9718922673470324,0.22592915333526684,-0.5753150353025929,-0.1478251182785736,0.8044627676659137,0.203
1,1784433031.8281238,3360,-58.54,60.34,-2194.84,0.8136175757597337,-0.18319648434879376,0.5517839147139906,0.06573107777371374,0.9719591764121955,0.22577596152565232,-0.5776728017048753,-0.14742593906897458,0.8028447712105192,0.19540000000000002
1,1784433031.8879647,3363,-58.550000000000004,60.32,-2194.81,0.8152766669948508,-0.18309840166076888,0.5493622953598463,0.06594312008181426,0.9718792902886219,0.22605784662771639,-0.5753046681260657,-0.1480730239353423,0.8044245883953329,0.19690000000000002
1,1784433031.9338422,3366,-58.52,60.370000000000005,-2194.81,0.815384588305784,-0.18308794403829584,0.549205588009843,0.06633795549910358,0.9719736247010691,0.22553613578685025,-0.5751062934915653,-0.1474655133693823,0.8046779937049965,0.198
1,1784433031.9926856,3369,-58.53,60.35,-2194.79,0.8147683447837812,-0.18306341902328155,0.5501275569845634,0.06634013398871912,0.9720488747815144,0.22521094924170698,-0.5759787591228137,-0.14699921649960712,0.804139104501109,0.1894
1,1784433032.0525248,3372,-58.53,60.33,-2194.79,0.8150297516199082,-0.18319348289943244,0.5496968726467034,0.06583446214886404,0.9718383471480083,0.22626544280158428,-0.5756668546720061,-0.14822406969113544,0.8041376111066046,0.2003
1,1784433032.1123648,3378,-58.52,60.36,-2194.79,0.8146747994302036,-0.18329752077217065,0.5501881405956812,0.06570201446619231,0.9717990396166413,0.22647267361705709,-0.5761841862360001,-0.14835311078285304,0.8037432040475421,0.194
1,1784433032.1722047,3381,-58.52,60.35,-2194.77,0.815412097449511,-0.18295653824105515,0.5492085363938171,0.06608866570928544,0.9719607271688953,0.2256648690117246,-0.5750959916377053,-0.14771340479510262,0.8046398886744819,0.1888
1,1784433032.2180243,3384,-58.53,60.33,-2194.82,0.8155687648652621,-0.1831460585261766,0.5489126624723439,0.06669507478094511,0.9720218782688599,0.22522263466765954,-0.5748037550121914,-0.14707477490380258,0.8049656227509847,0.19140000000000001
1,1784433032.2774546,3387,-58.54,60.32,-2194.79,0.8140466975894909,-0.18310303653139445,0.5511816870657322,0.06625825925452704,0.9720869789600246,0.22507054097978368,-0.5770076405249794,-0.14669759149132422,0.8034562834569412,0.1925
1,1784433032.3373294,3390,-58.53,60.34,-2194.8,0.815426499522974,-0.1831809219623864,0.5491123507122379,0.0654749532342551,0.9717083732963729,0.2269270097733829,-0.5751457679359918,-0.1490891917434896,0.8043505196931195,0.21100000000000002
1,1784433032.3821754,3393,-58.53,60.36,-2194.82,0.814486479087038,-0.18318407414786828,0.5505046506279384,0.06540524236130064,0.9717892603931517,0.22660050232996182,-0.5764841104974705,-0.14855715520674126,0.8034904118785865,0.19010000000000002
1,1784433032.4419804,3396,-58.53,60.33,-2194.77,0.815307805838411,-0.18302273998731297,0.5493412949947349,0.06563316007810642,0.9718272457173531,0.22637158121015347,-0.5752959847218801,-0.14850751202871817,0.8043507001513224,0.1963
1,1784433032.502388,3399,-58.54,60.33,-2194.82,0.8149327163754391,-0.18337153361901704,0.5497813642159559,0.06525716849618242,0.9716260342716221,0.22734192636964573,-0.5758699243238953,-0.1493911984817388,0.803776150476848,0.20120000000000002
1,1784433032.562363,3405,-58.52,60.36,-2194.8,0.8143158587049409,-0.18334575441952772,0.5507032019136705,0.06563024487328509,0.9717987282132013,0.22649481848615702,-0.5766995346101011,-0.14829553661367836,0.8033841426123334,0.196
1,1784433032.622709,3408,-58.54,60.34,-2194.83,0.8150334091617655,-0.18324925153333763,0.5496728606749854,0.06577376931692912,0.9717993566543828,0.22645048393847872,-0.5756686140654133,-0.1484106539928969,0.8041019366730857,0.19920000000000002
1,1784433032.6675892,3411,-58.54,60.33,-2194.83,0.8143470394309462,-0.18327044757114158,0.5506821609759357,0.06532001125884619,0.9717465252134924,0.22680826013319663,-0.5766907277728655,-0.1487300702029587,0.8033101335836775,0.2011
1,1784433032.7274282,3414,-58.54,60.33,-2194.8,0.8144443287929296,-0.18309180386248522,0.5505976994643328,0.06589777978996081,0.9719581115347145,0.22573194731943808,-0.5764875696108185,-0.14756293836954107,0.8036711151360106,0.1898
1,1784433032.787298,3417,-58.54,60.34,-2194.83,0.8150755842016175,-0.1833409175910765,0.5495797485126739,0.06528168229287788,0.9716297255258772,0.2273191114524252,-0.5756649146816258,-0.14940476703027397,0.803920469694127,0.20220000000000002
1,1784433032.8321483,3420,-58.54,60.34,-2194.81,0.8144241236397747,-0.18333475767711713,0.5505467404871796,0.0660256102846389,0.9718933049324684,0.22597349980470072,-0.5765014879600278,-0.1476880850133714,0.8036381424030079,0.1922
1,1784433032.8919883,3423,-58.53,60.33,-2194.73,0.8143675239848878,-0.18302532983880376,0.5507333878712277,0.06556394192109258,0.9719078939427064,0.2260451618850102,-0.5766341174423264,-0.14797558693666313,0.8034900872271288,0.1932
1,1784433032.9518783,3426,-58.54,60.33,-2194.8,0.8160724660437819,-0.18312461569299926,0.5481706899246911,0.0663592000619242,0.9718912594861573,0.22588456410643104,-0.5741273262372747,-0.14796200479076432,0.8052856998643002,0.2051
1,1784433033.0118809,3432,-58.65,60.02,-2194.57,0.8191007431040157,-0.1810377203766215,0.5443338281305745,0.08115154167843784,0.975921736808128,0.20246281364393773,-0.5678806211957425,-0.12166391176615732,0.8140697099414119,0.18730000000000002
1,1784433033.0717745,3435,-58.74,60.03,-2194.4700000000003,0.8221811547547071,-0.18962054627410058,0.5367142602884036,0.10425198598219983,0.977097261937077,0.1855059679197257,-0.559597777144427,-0.09656598337809631,0.823119273659193,0.1953
1,1784433033.1166546,3438,-58.800000000000004,59.93,-2194.4500000000003,0.8232658200791201,-0.19140746571471656,0.5344123609705557,0.1102594624213819,0.9774263234782193,0.18022384170358557,-0.5568448980066188,-0.08944810920595697,0.8257861680383594,0.1902
1,1784433033.1764946,3441,-58.9,59.68,-2194.34,0.8257358237888458,-0.19118977234000153,0.5306663926275476,0.11807245484292886,0.9785477976981214,0.16882862028554577,-0.5515607352949633,-0.07675075617044332,0.8305962176100639,0.182
1,1784433033.2363346,3444,-59.03,59.31,-2194.04,0.8300915210164969,-0.18870175504711592,0.5247282290659203,0.13073121018945202,0.9806319784257502,0.14584331856893668,-0.5420861715806077,-0.0524649457346264,0.8386834993310305,0.2084
1,1784433033.2813628,3447,-59.14,59.13,-2193.88,0.8329997155276595,-0.18658757416896743,0.5208613549655784,0.13314613587937443,0.9813554912012084,0.13861279302296134,-0.5370135756489116,-0.04611374041405916,0.8423122595058173,0.2015
1,1784433033.3416932,3450,-59.230000000000004,59.17,-2193.89,0.8320807824812448,-0.18711286516005302,0.5221401604138441,0.13138126093269653,0.9810788793232736,0.1422082867540563,-0.5388696834125425,-0.04972934985886117,0.8409200057445898,0.19460000000000002
1,1784433033.4023626,3453,-59.17,59.0,-2194.19,0.8242353198129381,-0.1776964652859312,0.5376431007627177,0.11678474637074446,0.9824174271435271,0.1456616691508576,-0.5540735155085333,-0.05727097929648887,0.8304953788808439,0.2107
1,1784433033.4622025,3459,-63.45,57.84,-2190.9900000000002,0.9317224061754018,-0.14854461880714062,0.33140285764332333,0.12332448135650334,0.9877119122675408,0.09600130552730603,-0.3415910275883561,-0.048576481842955516,0.9385925075787107,0.1607
1,1784433033.5226867,3462,-65.09,58.5,-2189.81,0.9498505767554217,-0.15111643131626368,0.2737657868025686,0.117788081924803,0.9838977739181953,0.13442893377281365,-0.2896719689474085,-0.09544105335261437,0.9523555826166373,0.1389
1,1784433033.582527,3465,-64.75,58.57,-2189.85,0.9498959075267902,-0.15337115417695493,0.27235097563674,0.12066390574128212,0.9837263788358801,0.1331263814339793,-0.28833658580748023,-0.09359327245520961,0.952944023873391,0.1257
1,1784433033.6423666,3468,-64.52,59.07,-2189.9700000000003,0.9466302915103207,-0.15768441062285002,0.2811169113404767,0.11262836163115722,0.9790071062024281,0.16988213020040874,-0.3020032174520105,-0.12915383328291802,0.9445175191583065,0.15460000000000002
1,1784433033.7022066,3471,-64.53,59.01,-2189.92,0.9466511307950246,-0.15742827464965056,0.2811902823806956,0.11168743670729318,0.9787516825257577,0.17196238087079563,-0.30228720291513417,-0.13138296043944359,0.9441191474914128,0.1247
1,1784433033.762047,3477,-64.66,58.57,-2189.43,0.9476639811668142,-0.15498104275095811,0.2791305343148436,0.1106999733121858,0.9795451630374423,0.16803805961338628,-0.2994636784448921,-0.12834387386149873,0.9454360662331843,0.1283
1,1784433033.8224785,3480,-64.8,58.13,-2189.08,0.9497522192579295,-0.15340825503470018,0.27283077044542803,0.11250393176355773,0.9807169882460609,0.1598031736334298,-0.2920848975082043,-0.12107888442161892,0.9486971679070396,0.1394
1,1784433033.8823192,3483,-65.03,57.06,-2188.7200000000003,0.9519034269702388,-0.1450400454068236,0.26989488870799694,0.11297955716825665,0.9849459481818789,0.13083233095135263,-0.2848078042898055,-0.09404713918289159,0.9539599835565085,0.1285
1,1784433033.942232,3486,-64.88,55.94,-2188.87,0.9469259997826721,-0.13896754784588106,0.289860607156767,0.11338078211669697,0.9881609916646784,0.10335691945334584,-0.3007922026618924,-0.06500673194356171,0.9514715842419178,0.1903
1,1784433034.0027819,3489,-65.09,54.96,-2188.6,0.9472257636620658,-0.13778397482660112,0.2894458998427838,0.11824540839418206,0.9894227374209993,0.0840277934259228,-0.2979620379318637,-0.045367642161776564,0.9534990304117628,0.1516
1,1784433034.0476618,3492,-65.44,54.2,-2188.19,0.9484207494525254,-0.14068426291231698,0.28408805004210996,0.12493621708404747,0.9894823207973468,0.07290869968820443,-0.2913572097419902,-0.033655237308851144,0.956022123872166,0.1373
1,1784433034.1075404,3498,-65.95,52.99,-2187.73,0.944815681422224,-0.14337592788715792,0.29456182957259597,0.11791027948534522,0.9877136148799002,0.10256208350344895,-0.305647663381133,-0.06217039716277475,0.9501128078214064,0.1653
1,1784433034.1676733,3501,-66.34,52.15,-2187.35,0.9439674647717953,-0.14511507809419807,0.2964237499965624,0.11685161114832086,0.9869230063434896,0.11103459155583124,-0.30866021192300014,-0.07017544912320442,0.9485801389002436,0.1554
1,1784433034.227513,3504,-66.53,51.480000000000004,-2187.02,0.940170062161499,-0.15672499910093782,0.3025186421892938,0.12620668845457353,0.984955239504364,0.11804680411697271,-0.31646820694119204,-0.07280419513813575,0.9458051718856876,0.151
1,1784433034.2876177,3507,-66.72,50.59,-2186.73,0.9364290367165122,-0.16449489954259758,0.3099065782113309,0.13311377191009338,0.9838125375246901,0.11997339178792003,-0.3246249881356219,-0.07109373413811407,0.9431671633619602,0.1618
1,1784433034.3326175,3510,-67.19,49.730000000000004,-2185.98,0.9347289296593584,-0.17101627841659833,0.31150483234519305,0.13983073384784764,0.982875774720366,0.12001073843374531,-0.3266943432773862,-0.0686195597798249,0.9426357526034012,0.14830000000000002
1,1784433034.3925009,3513,-67.84,48.88,-2185.09,0.9351049254127114,-0.17890562292393744,0.30589468212946375,0.1492810077035225,0.9817478208549743,0.11784055747292926,-0.3213937759321244,-0.0645290193068808,0.9447444344685942,0.154
1,1784433034.452582,3516,-67.98,48.22,-2184.6,0.9249726149065282,-0.19582861663107434,0.3256943576136061,0.16724806629125874,0.9793197663397393,0.11384585885359877,-0.34125319924480496,-0.05083255024724345,0.9385959225569581,0.1539
1,1784433034.497462,3519,-68.28,47.5,-2183.78,0.9145300434332767,-0.2070667694568746,0.34750273760737854,0.18131927852859317,0.9777560224462002,0.10543471821016065,-0.36160492100053,-0.033414271754432595,0.9317324549200383,0.16190000000000002
1,1784433034.5575686,3525,-69.4,46.22,-2181.06,0.9085745616686559,-0.23506448541530342,0.3453070424782103,0.2192763635468675,0.9719789838528673,0.08470378585405602,-0.35554204009972146,-0.0012420325222789832,0.9346594647661478,0.1764
1,1784433034.6175442,3528,-70.06,45.660000000000004,-2179.6,0.9071980026170446,-0.24051692405305156,0.3451715418334824,0.22143441184031876,0.9706018497335175,0.09433371903411085,-0.3577129929155174,-0.009146504137269673,0.933786783029986,0.1446
1,1784433034.6775432,3531,-70.66,45.06,-2178.16,0.9058734557902236,-0.24758297056595713,0.343650919946993,0.22548663906157218,0.9687296138704149,0.10353120696289315,-0.3585373867526153,-0.016297481284344044,0.9333730949649193,0.16240000000000002
1,1784433034.737519,3534,-71.10000000000001,44.57,-2177.02,0.9010060543430494,-0.2566679393033411,0.3497279785360992,0.23128834317175787,0.9662675643787164,0.11328149161485374,-0.36700652902916187,-0.021179305073572106,0.9299772280473148,0.1577
1,1784433034.7825618,3537,-71.91,44.35,-2175.4700000000003,0.9065826151222657,-0.26373912872860206,0.32946871465368593,0.2264674840061726,0.9627789780547361,0.14754361424267737,-0.35611857666511587,-0.05914652477834935,0.9325670206267516,0.1463
1,1784433034.8425047,3540,-72.63,44.17,-2174.21,0.9095988315024305,-0.2690578063268283,0.31660363640363975,0.22018204520077425,0.9583571428214257,0.1818555849413426,-0.35234902114326544,-0.09570519138348052,0.9309622353466516,0.11800000000000001
1,1784433034.902422,3543,-73.08,43.79,-2173.31,0.9094591703132263,-0.27040109093082937,0.31585956936049214,0.2158067009187171,0.9562968350517719,0.19729123424152323,-0.3554032714702519,-0.11126371058607358,0.928067293537953,0.1545
1,1784433034.9473312,3546,-73.62,43.68,-2172.33,0.907429497049992,-0.27291312309089716,0.3195154693099723,0.21232280420965727,0.9539648559292643,0.21182558972986673,-0.3626165118912079,-0.12437636791863287,0.9236015290195349,0.1353
1,1784433035.0073698,3552,-74.77,44.4,-2170.2,0.9023577593252974,-0.2813991007853764,0.3264429816409139,0.19830743306983767,0.9435760550740077,0.2652138576323355,-0.3826547218768903,-0.17458171258225896,0.9072467081544936,0.1466
1,1784433035.0674722,3555,-75.60000000000001,44.730000000000004,-2169.0,0.9035131784821879,-0.2807739323626759,0.3237745129169577,0.19116947434585135,0.9402136699781428,0.2818731751418757,-0.38355986284717614,-0.19278032496038378,0.9031708464741453,0.14120000000000002
1,1784433035.1273124,3558,-76.54,44.96,-2167.68,0.9054586545306273,-0.27878782266488245,0.3200343338914744,0.18819022256717538,0.9395592785894663,0.2860293728737636,-0.3804327339566124,-0.1987604385943429,0.9031972226397076,0.1477
1,1784433035.187394,3561,-77.52,45.160000000000004,-2166.43,0.908302472772186,-0.27570914785808315,0.3145967001468741,0.18658911365872194,0.9401303563623881,0.2852006586773284,-0.37439433839200226,-0.20034814407250962,0.9053670529385947,0.1389
1,1784433035.2473953,3564,-78.47,45.36,-2165.19,0.9112022001390838,-0.2745126585310649,0.3071699053746961,0.18738908713971417,0.9402198998887508,0.2843797986393055,-0.3668731122372385,-0.2015672100302882,0.9081711178836113,0.1363
1,1784433035.3074226,3570,-80.07000000000001,45.97,-2162.71,0.9090678386397663,-0.28269618776723077,0.3060694858568861,0.19727995162594789,0.9390855284827593,0.28142315270908375,-0.3669826772986535,-0.1954513638124104,0.9094627419232638,0.1385
1,1784433035.3673973,3573,-80.9,46.11,-2161.2200000000003,0.909446335845559,-0.2873742632779009,0.300538508385482,0.2035689520475391,0.9379210381736744,0.28082700709419617,-0.3625838440683113,-0.19421678340632836,0.9114893291004267,0.1446
1,1784433035.4274616,3576,-81.8,46.07,-2159.54,0.9106203006146392,-0.29515694151060085,0.2892283664971541,0.21504176576879833,0.9361229947877228,0.2782638632749542,-0.35288483544003646,-0.19119654418365647,0.9159236728072299,0.13540000000000002
1,1784433035.4872696,3579,-82.55,45.85,-2157.94,0.9109288935259399,-0.30513222361551784,0.2776740482131096,0.22932898008209332,0.933983650644387,0.27401233407182707,-0.3429530140327004,-0.1859270460165312,0.9207683550847374,0.13870000000000002
1,1784433035.5471647,3582,-83.21000000000001,45.5,-2156.5,0.9099717514112994,-0.3132076625142024,0.27175792863473586,0.23730686892357983,0.930770413473129,0.27812207277515316,-0.34005420390746477,-0.1885932065198801,0.921301113024081,0.1516
1,1784433035.6074386,3588,-84.33,44.76,-2153.7400000000002,0.9092525540130018,-0.32619680127096096,0.2585641890545302,0.240652637938077,0.9188032647940552,0.312868771943175,-0.3396264136875671,-0.22225257578795088,0.9139243358622983,0.1467
1,1784433035.6673162,3591,-85.04,44.36,-2152.34,0.9097468007010292,-0.33340635181150885,0.24738828425368464,0.24382275025953262,0.9113632083821251,0.331613583653198,-0.33602265559054056,-0.24136550494877956,0.9104018167549432,0.15180000000000002
1,1784433035.7274835,3594,-85.81,43.61,-2150.7400000000002,0.91445050504111,-0.3326434564433391,0.2304964310254877,0.24483039638842516,0.908223220714649,0.33939454674316233,-0.32223958607586634,-0.2539269821033959,0.9119664121696128,0.1368
1,1784433035.7872913,3597,-86.27,42.36,-2149.19,0.9196862917366425,-0.3253995092457261,0.21975505494605513,0.24172303499502254,0.9102402571533991,0.3362032846509814,-0.30943028155708713,-0.2560816932932816,0.9157920436515854,0.1701
1,1784433035.847189,3600,-86.99,41.07,-2147.73,0.9236698229476528,-0.31943076940726534,0.21165547886065825,0.23814694297527084,0.9112593343391371,0.33599473080887204,-0.30020008615485966,-0.2599430882629422,0.9177742092350053,0.1517
1,1784433035.9075599,3606,-88.66,38.72,-2144.64,0.9348264687603002,-0.30539645035420626,0.1811973548819037,0.23808383307319397,0.9176165019644029,0.31827039408620544,-0.26346833155869653,-0.2543874278215491,0.9305221517148385,0.13
1,1784433035.9673722,3609,-89.77,37.83,-2143.02,0.9383997068116777,-0.3106396967602839,0.15135709118649313,0.2558407973486949,0.9190080861830603,0.29994936896438545,-0.23227457172006918,-0.2427490810009955,0.9418712263390526,0.1574
1,1784433036.0132499,3612,-90.98,36.94,-2141.39,0.9406084839850446,-0.3167058092564147,0.12228291065637627,0.2729729294510205,0.9196926484045255,0.282225463517376,-0.20184513777221402,-0.23208374103738713,0.9515228202748512,0.1595
1,1784433036.0721245,3615,-91.76,36.24,-2140.2200000000003,0.944330606288473,-0.31267006523846,0.10235788357826747,0.273962845150226,0.9196011601500169,0.2815636086711779,-0.18216494038106856,-0.23784687627656606,0.9540675017740838,0.1584
1,1784433036.1319323,3618,-92.43,35.97,-2139.33,0.945913440442192,-0.310275936255067,0.09474495539002224,0.27388807045225416,0.9202902402633947,0.2793764459289373,-0.17387664608784228,-0.23831642213029505,0.9554957848615859,0.1436
1,1784433036.1917725,3621,-92.89,35.74,-2138.64,0.951258963795765,-0.2981980550311125,0.07864034444144535,0.26633551927850796,0.9229255894110199,0.27798155978584105,-0.1554727467077593,-0.24348773354315656,0.9573619736782748,0.12490000000000001
1,1784433036.2516127,3624,-93.97,35.72,-2137.7,0.9586550893873889,-0.28306145617428463,0.029268269852371572,0.2636419614973696,0.9221546118554704,0.28306145617428463,-0.10711365799690131,-0.2636419614973696,0.9586550893873889,0.1572
1,1784433036.2964926,3627,-94.22,35.26,-2137.5,0.9687321387546772,-0.2474787843822394,0.017671859677971247,0.23199325189531414,0.9287600537661709,0.28910879198546857,-0.08796120973944227,-0.2759692261991338,0.9571331212387466,0.1583
1,1784433036.3563325,3633,-94.27,35.13,-2137.38,0.9730708425165421,-0.2298613610151811,0.017230500758696504,0.2157685468211147,0.934607541780018,0.28275904415352693,-0.08109913468620548,-0.2714267812139406,0.9590361999387658,0.1704
1,1784433036.4161727,3636,-94.2,35.26,-2137.53,0.9720856004088673,-0.2328423822676532,0.028879239907859802,0.21604665966571518,0.9363054368996883,0.2768681449343178,-0.09150642777979201,-0.2629002735867877,0.9604738517122544,0.16340000000000002
1,1784433036.476575,3639,-94.60000000000001,35.51,-2137.39,0.9719910892048937,-0.2331595444717499,0.02949490342433089,0.21607012917084442,0.9359307347011394,0.27811393190899336,-0.09245010430702132,-0.2639512960065013,0.9600951471339231,0.1741
1,1784433036.5364141,3642,-95.04,35.79,-2137.12,0.972205199395891,-0.2325330300281056,0.027302751025193295,0.21585134918194354,0.9353594868218921,0.28019783273362625,-0.09069313824060912,-0.26651645419792497,0.9595539246534479,0.1584
1,1784433036.596254,3645,-95.67,36.0,-2136.48,0.9729195167742477,-0.2301390894673726,0.021531683141193223,0.21522309485524427,0.9359402851325628,0.2787378734705911,-0.08430085005914593,-0.2665554016805988,0.9601258170230605,0.1864
1,1784433036.65623,3651,-96.8,35.87,-2135.25,0.97255745201237,-0.23058759038012966,0.031005897792072867,0.21378776689444834,0.9382664532925228,0.2719390618358373,-0.09179756675147747,-0.2578476794321715,0.9618148371437988,0.14930000000000002
1,1784433036.7165754,3654,-97.14,35.88,-2134.77,0.9682340732257834,-0.24545013959557455,0.047718009358325215,0.22360443280582912,0.935345917127733,0.27409683132437607,-0.1119099507380452,-0.2547199330342895,0.9605175264620709,0.1459
1,1784433036.7764144,3657,-97.76,35.79,-2134.2,0.9625969242593349,-0.26596145289480366,0.051688170605600554,0.24256643161041264,0.9309599658205473,0.27290120610799184,-0.1207008188135423,-0.25015604652594503,0.9606525202820475,0.15230000000000002
1,1784433036.8362544,3660,-98.37,35.59,-2133.66,0.9556470165307328,-0.2880591671811805,0.06132451384881858,0.2620884062346124,0.9267719023496683,0.26907900017016834,-0.13434450905530157,-0.24107209962594464,0.9611637715127576,0.1398
1,1784433036.8960948,3663,-98.96000000000001,35.53,-2133.19,0.9457692729784996,-0.31599403575377333,0.07528779222266685,0.28562581434836937,0.9193471385268865,0.270589602646252,-0.15472031691911461,-0.23441119480619674,0.9597463286108366,0.134
1,1784433036.9559355,3669,-100.74000000000001,35.25,-2131.83,0.9335930338867992,-0.34741338714786385,0.08779513374037794,0.3091012166604133,0.9047203747018171,0.29315095336439945,-0.18127461194854233,-0.24654610528226265,0.9520265400885908,0.1637
1,1784433037.0158029,3672,-101.88,34.78,-2130.85,0.9326917800816257,-0.3519301078980349,0.07893821965972023,0.31463524418152444,0.9009070122730348,0.29895019377164944,-0.17632556957798612,-0.25399164236673577,0.9509981803982841,0.14400000000000002
1,1784433037.0756147,3675,-103.24000000000001,34.32,-2129.6,0.929663781197715,-0.3647884796379669,0.05152299537670566,0.3358010560539907,0.8965757511665559,0.2887725284253176,-0.15153515988770402,-0.25115988442334264,0.9560103596584408,0.1542
1,1784433037.1354558,3678,-104.46000000000001,33.53,-2128.88,0.9283007554985014,-0.3702036861625787,0.0347410145584463,0.34621777428864986,0.8946529679706821,0.2823638072909896,-0.13561327408305102,-0.25009057889670405,0.9586781223328226,0.1506
1,1784433037.195326,3681,-105.36,32.92,-2128.51,0.9261981274558687,-0.3763430209768267,0.022868302501020673,0.3552189357899924,0.8913280039226786,0.2816982376221738,-0.12639832417191163,-0.25278512611553955,0.9592304955855413,0.14300000000000002
1,1784433037.2551687,3687,-105.41,31.98,-2128.42,0.9258361152658166,-0.37717750542728257,0.023761672271838924,0.3559268761787643,0.8913576922376416,0.2807089654827801,-0.12705725671180168,-0.2514330803383641,0.9594987543652328,0.1497
1,1784433037.315017,3690,-105.18,31.900000000000002,-2128.43,0.9255399713040605,-0.3778300036795385,0.024904815558417604,0.35586295760940956,0.8904303701770597,0.2837169562571614,-0.12937278276346395,-0.2537286822293932,0.9585846018449146,0.1526
1,1784433037.375389,3693,-104.98,31.830000000000002,-2128.38,0.925647564587345,-0.37770264406276033,0.02274420456989064,0.3563473733576679,0.8903708125992169,0.28329554456874373,-0.1272522521396304,-0.2541269933309132,0.9587629193841312,0.1487
1,1784433037.4353027,3696,-104.77,31.93,-2128.3,0.9255863716053121,-0.3779197517236805,0.021599304517152126,0.3569262924075889,0.8903273570301635,0.28270270446505447,-0.12606938758749217,-0.2539564107889291,0.9589643637448262,0.153
1,1784433037.4960554,3699,-104.62,31.92,-2128.17,0.9253902200417597,-0.3784601457210858,0.02051484223283252,0.3580029886683824,0.8905768538014714,0.2805471931379438,-0.12444597524857734,-0.25227125395860545,0.9596209739634619,0.1615
1,1784433037.5558922,3705,-104.25,31.44,-2128.02,0.9257193718363499,-0.3778417187183472,0.0167116786373822,0.3588831337152821,0.8914983858049044,0.27646613615766513,-0.11935887458254936,-0.2499325182988701,0.9608783457624446,0.1575
1,1784433037.615731,3708,-104.25,30.93,-2127.64,0.9246175129275592,-0.38089684218047315,-0.0002245096846705132,0.3681041907360991,0.8934118869196885,0.25751602876932395,-0.09788646254807812,-0.23818647301546214,0.966274000748379,0.18430000000000002
1,1784433037.6615815,3711,-104.2,30.28,-2127.46,0.9223734764712286,-0.3862498514320243,-0.0061824081973935316,0.37642775662571665,0.8950929404148673,0.23897860168056276,-0.0867716194623003,-0.22275475368262293,0.9710051522868886,0.17320000000000002
1,1784433037.7204232,3714,-104.13,29.61,-2127.36,0.92028196218911,-0.3909407024077399,-0.015699594590448427,0.3843959144868141,0.8959374680358008,0.22256647163363205,-0.07294443772630954,-0.21085876925217348,0.9747910998948704,0.158
1,1784433037.7803695,3717,-104.06,28.91,-2127.12,0.9179044504313287,-0.3963715626085137,-0.01846629994463878,0.3909459052024214,0.8954136492249243,0.21306265742068284,-0.06791700143424746,-0.20279048581476658,0.9768640129409984,0.1782
1,1784433037.840797,3720,-103.78,28.080000000000002,-2127.08,0.9166963985696125,-0.39898038158461313,-0.02196287686299618,0.39454904955889014,0.8950780230674497,0.20776520429042716,-0.06323575208439526,-0.19912304671298842,0.9779321305315919,0.1948
1,1784433037.900636,3723,-103.44,27.12,-2126.7400000000002,0.9148765905168474,-0.40300773096478953,-0.024199026982105493,0.39936423179707287,0.894554041832375,0.20070195963790588,-0.05923710395860605,-0.19328175036452244,0.979353424709703,0.19770000000000001
1,1784433037.9455116,3726,-102.83,25.98,-2126.67,0.9125079925988812,-0.4082495451155299,-0.025719104885728674,0.40514308093326856,0.8933058941064616,0.19458587699664712,-0.05646456778422392,-0.18798108539855324,0.9805482467055472,0.1607
1,1784433038.005357,3732,-101.22,23.48,-2126.2400000000002,0.910402049517245,-0.41298055325528116,-0.02480263832259644,0.41003176587308277,0.8926608988622835,0.18716428777248467,-0.05515486569470631,-0.1805646207742311,0.9820154573706348,0.17930000000000001
1,1784433038.066086,3735,-100.25,22.240000000000002,-2126.15,0.9095107511573312,-0.4150966566040599,-0.022021789331443133,0.41174811082458335,0.8923719577053864,0.18475871382276596,-0.05704109712842097,-0.17710746674600494,0.9825371537306866,0.17400000000000002
1,1784433038.1109662,3738,-99.28,21.03,-2125.98,0.9073867622593726,-0.41975405560597256,-0.021349390595298768,0.4165534491104227,0.8913803296047459,0.1786738146118361,-0.05596863148821001,-0.1710194164300427,0.983676710862499,0.19190000000000002
1,1784433038.1708062,3741,-98.39,19.91,-2125.94,0.9045594990138696,-0.42572549654041486,-0.023019868357453753,0.423045555625131,0.8895381681503705,0.1724943630079182,-0.05295819681221648,-0.16576986758485548,0.9847414789635389,0.2101
1,1784433038.2306464,3744,-97.46000000000001,18.86,-2125.77,0.9004606431022179,-0.43423168160589104,-0.02476846611440351,0.4322283019903657,0.8870533087450866,0.16221936506755155,-0.04846983786300067,-0.15677778584389548,0.9864438152694862,0.2223
1,1784433038.2904863,3747,-96.48,17.78,-2125.71,0.8936165523129723,-0.44803678807357383,-0.026692582583784447,0.44702032857003443,0.8830989166105783,0.14251010254140276,-0.040277577849407296,-0.1392815135398026,0.9894333614289779,0.1726
1,1784433038.3507864,3750,-95.58,16.92,-2125.56,0.8866890592065647,-0.4612923830767641,-0.031493643783101606,0.46146965743430735,0.8786747059447592,0.12237857819223943,-0.028779637781598453,-0.12304510737225983,0.9919836863582531,0.215
1,1784433038.3956664,3753,-94.49,16.21,-2125.61,0.8810016194827373,-0.47216217683220035,-0.029983749563263953,0.4724752695601466,0.8747548674672304,0.1075687756575085,-0.02456147639824023,-0.10893484571736729,0.9937454066639365,0.20770000000000002
1,1784433038.4555063,3759,-92.55,15.280000000000001,-2126.11,0.8739700969303241,-0.48516662555305107,-0.028100091122013265,0.4856863512577296,0.8699724853803644,0.08518593125079417,-0.016883064696709423,-0.08809778731941686,0.9959687454914785,0.2033
1,1784433038.515776,3762,-91.28,14.870000000000001,-2126.79,0.8718364580621163,-0.48965674528337966,-0.011724427158336017,0.48899813881869364,0.8687982437160942,0.07791297676051046,-0.02796445289215154,-0.07366059675510107,0.9968912206756186,0.1897
1,1784433038.5606549,3765,-89.92,14.38,-2127.62,0.8702902218367058,-0.49230021994371354,0.015343507382244591,0.49058653647019157,0.8691903482618639,0.06191113569141953,-0.04381529424298258,-0.046353337871087696,0.9979637208128409,0.1951
1,1784433038.620495,3768,-89.17,13.83,-2127.91,0.8697213745917641,-0.4935031321815173,0.006276074031139309,0.4930014894967413,0.8692923580867498,0.03578166466184608,-0.023114106779345858,-0.028025964729338826,0.9993399238341193,0.20850000000000002
1,1784433038.6804674,3771,-88.59,13.040000000000001,-2128.2400000000002,0.8716372597377235,-0.4900462387177907,-0.010157330134371846,0.49013696934869866,0.8715837934730813,0.01036543451796247,0.0037734221318711917,-0.014013381947962844,0.9998946876605533,0.1975
1,1784433038.7406604,3774,-88.2,11.700000000000001,-2128.63,0.882679196356121,-0.4688262043217927,-0.032854626178565584,0.46851652961276913,0.8832903638002669,-0.017040971134286147,0.03700942852463157,-0.0003512247329668298,0.9993148547086986,0.2257
1,1784433038.8008964,3780,-86.58,9.700000000000001,-2130.03,0.8959975589162428,-0.44091532320202764,-0.05274516263872545,0.4383329476511404,0.8971959589466934,-0.053885417815825086,0.0710816531855914,0.025161260210389766,0.9971531023694549,0.2023
1,1784433038.8617735,3783,-85.75,8.91,-2130.76,0.9006681839776545,-0.43057738155019953,-0.05830901189154131,0.4266202886880747,0.9017732327835266,-0.06928322967970867,0.08241329777467832,0.0375253931694442,0.995891506750299,0.26030000000000003
1,1784433038.9216194,3786,-84.97,8.22,-2131.44,0.9051299717924169,-0.42059327291408405,-0.061976067497681635,0.41520030286472354,0.9058661096636789,-0.08375738692099642,0.09136981265221163,0.0500788392658061,0.9945570205843852,0.2655
1,1784433038.981421,3789,-84.0,7.54,-2132.16,0.9133433467225582,-0.40222087647530536,-0.06342158563985689,0.39569184025196635,0.913472647243844,-0.09484561294723085,0.09608276929631501,0.061531205617643574,0.9934696835734799,0.22970000000000002
1,1784433039.0266268,3792,-82.98,6.93,-2132.78,0.9233394451424721,-0.37828145657262746,-0.06593488194638157,0.37108939837168864,0.9232037338528772,-0.09993760161342802,0.09867587070875063,0.067808593949421,0.9928066615038765,0.2679
1,1784433039.0864668,3795,-82.31,6.29,-2133.04,0.9328754842972243,-0.35134735355270924,-0.07936225770936049,0.342864236226234,0.9336870009280491,-0.10330875962369496,0.11039676768012995,0.06916372929139053,0.991478155198735,0.2321
1,1784433039.1466954,3798,-81.84,5.75,-2133.26,0.943530477373176,-0.3156567688742261,-0.10055367985225712,0.30558744416171535,0.9464915116726733,-0.10377924793660999,0.12793182652748036,0.06719094131995218,0.9895043330707963,0.2841
1,1784433039.1926875,3801,-81.53,5.12,-2133.23,0.9508818133836201,-0.2842910898503672,-0.12248409369370579,0.27132863501948096,0.9559120809324592,-0.11230701378738886,0.14901190823133362,0.07355725497234016,0.9860957263096675,0.2851
1,1784433039.2515259,3807,-80.61,4.71,-2133.02,0.9558728877629953,-0.25284919307740256,-0.14958043989686165,0.23753812810904612,0.964792480077245,-0.112920804464231,0.17286601786957043,0.07240687775691683,0.9822802980409473,0.2806
1,1784433039.311136,3810,-79.93,4.5,-2133.04,0.9576125588778918,-0.2415544959638791,-0.15693824441152873,0.2253142738056959,0.9675479211717884,-0.11438749169189254,0.17947608503293216,0.07417847205077238,0.9809617164729032,0.2607
1,1784433039.3715758,3813,-79.08,3.9,-2133.16,0.9610875919650734,-0.2253415727009493,-0.15978678350676936,0.2078187574603186,0.9708770321075704,-0.11920215003784544,0.18199451809992975,0.08135701652997453,0.9799280745253275,0.254
1,1784433039.4314148,3816,-78.23,3.16,-2133.35,0.964563017555848,-0.20694419284064566,-0.1636834940154032,0.18730467536229398,0.9739748431137389,-0.12763214159839764,0.18583633592756435,0.0924505599285446,0.9782217285554008,0.2987
1,1784433039.476295,3819,-77.52,2.27,-2133.4900000000002,0.9682273403975687,-0.18310426109838585,-0.1703192498640839,0.16193167510724377,0.9780749803901237,-0.13094833077141885,0.19056219431884214,0.09920767259881169,0.9766493166914696,0.23670000000000002
1,1784433039.536593,3822,-76.86,1.3800000000000001,-2133.59,0.9716940209052465,-0.15817011223537042,-0.175479187747279,0.1364283022745478,0.9821118789978152,-0.12978280113275922,0.19286795502487988,0.10216884420815889,0.9758911205650401,0.2464
1,1784433039.596433,3825,-76.18,0.54,-2133.86,0.9761290664675452,-0.13437131723642812,-0.17063526804663282,0.11372564926898628,0.9855507006590365,-0.12552407390150325,0.18503654313552922,0.10312209042988667,0.9773061506865819,0.23420000000000002
1,1784433039.6425135,3828,-75.57000000000001,-0.26,-2134.21,0.980720578022229,-0.10463982334833831,-0.1650383446759376,0.08574995414364212,0.9893382630280685,-0.11771468333630908,0.17559639292453674,0.10129318179538443,0.9792372532301143,0.2526
1,1784433039.7014127,3834,-75.68,-1.6300000000000001,-2134.54,0.983046920223978,-0.013612373590387049,-0.18284817724929,-7.880911033315491e-05,0.9972088773462213,-0.07466223095389829,0.18335415574040356,0.0734108862984561,0.9803020429161612,0.2364
1,1784433039.7614515,3837,-75.41,-2.2600000000000002,-2134.92,0.9849625583572278,0.03308834805988179,-0.16956980821199455,-0.04259809739208448,0.997698608339196,-0.05275309485334511,0.1674340489057079,0.059183174472983935,0.9841052744124184,0.21380000000000002
1,1784433039.821491,3840,-74.76,-2.33,-2135.28,0.98744168858944,0.06203545013733715,-0.14529457857020345,-0.06635087205217662,0.9974820771638289,-0.025041316156479847,0.1433752887130511,0.03436726150264298,0.9890714928271152,0.1865
1,1784433039.8814821,3843,-73.97,-2.49,-2135.68,0.9893095926954816,0.09340255863748406,-0.11199326694347052,-0.0940969850951321,0.9955626109354766,-0.0009192950251404584,0.1114104447379445,0.011447696157223589,0.9937085402953851,0.1983
1,1784433039.9263332,3846,-73.25,-2.88,-2136.18,0.9886164602274773,0.12589509925836626,-0.08238882539531162,-0.1253970537668911,0.9920432732325771,0.011212624161090876,0.0831448944546595,-0.0007536688401118568,0.9965371837063599,0.165
1,1784433039.9861732,3849,-72.56,-3.59,-2136.73,0.9867251747115229,0.15067719811474078,-0.06057896960832115,-0.15113478103239195,0.98850855992699,-0.0030174348972983782,0.05942817137356387,0.012132968283138932,0.9981588468414407,0.1511
1,1784433040.046335,3852,-71.92,-4.25,-2137.39,0.9830054692280237,0.17876875129531639,-0.04173704623121019,-0.1797002089088642,0.9835237858041147,-0.019717953130395482,0.03752442385838084,0.02688301169614799,0.9989340425154412,0.13670000000000002
1,1784433040.0913877,3855,-71.25,-4.83,-2138.19,0.9772011793796301,0.21176556572552804,-0.015270893621751916,-0.2121573614808087,0.9767196354339296,-0.031749137426281514,0.008192007602613812,0.034265127035493254,0.9993792033460972,0.163
1,1784433040.1514335,3861,-70.48,-5.51,-2139.6,0.9614740410557848,0.27446161064257496,0.015443207547088668,-0.27372404144833234,0.9610453492140805,-0.03830125177037659,-0.025353846040601685,0.032598482134444516,0.9991468968342341,0.13970000000000002
1,1784433040.2114356,3864,-69.88,-5.45,-2140.35,0.9568853961758969,0.2883786459953602,0.03475766274045663,-0.2872965808363192,0.9572728881579463,-0.033004427543955016,-0.04279034032415448,0.021595697062760967,0.9988506458141357,0.1236
1,1784433040.2714372,3867,-69.11,-5.36,-2141.21,0.9503229205596039,0.3044061288005228,0.06498657867393884,-0.3035381448367026,0.952539788249279,-0.023076967545837147,-0.0689270722442024,0.002204665665847338,0.9976192651313146,0.1252
1,1784433040.331437,3870,-68.35000000000001,-5.21,-2142.01,0.9435299181980179,0.3183987698847807,0.09150692214854497,-0.318858842898368,0.9477500879389559,-0.009940277522042748,-0.08989066564863843,-0.0197988420762375,0.9957548262909324,0.1227
1,1784433040.3764238,3873,-67.67,-5.0200000000000005,-2142.67,0.9356106970772845,0.3317517440519423,0.12072035384744609,-0.33484911140970863,0.9422542282048944,0.005748218691714456,-0.11184228226697879,-0.04580119811199055,0.9926699119792137,0.1143
1,1784433040.4363987,3876,-66.98,-4.7700000000000005,-2143.3,0.928840814640113,0.33910278122851994,0.14921140982436237,-0.34617741453559087,0.9378744611616074,0.023509418671634308,-0.13196946133157075,-0.07349012766288451,0.9885258026030216,0.1373
1,1784433040.4963987,3879,-66.36,-4.64,-2143.86,0.9232476912254345,0.3438437259211964,0.17142109786001888,-0.3551676625890242,0.9339683412754669,0.039485047121689903,-0.14652519270744546,-0.09733770923841498,0.9844062871915559,0.1426
1,1784433040.5413873,3882,-65.83,-4.66,-2144.35,0.9182284517089815,0.34714976584250795,0.1906398451206316,-0.362797163446624,0.930342129152058,0.053307981765385475,-0.15885442602335673,-0.11811250060982939,0.9802115631497533,0.138
1,1784433040.6013873,3888,-64.65,-4.57,-2144.95,0.9045918655783309,0.34734117756289173,0.24711872267948246,-0.383246418408973,0.9164966085533399,0.11470025844312942,-0.18664334841137437,-0.198464286156099,0.9621726391944123,0.1678
1,1784433040.661608,3891,-64.35,-5.0600000000000005,-2145.05,0.9016967916304947,0.3467283513783478,0.25830669041611276,-0.38783026310954644,0.9127003029408554,0.12870836813529704,-0.19112975430228682,-0.2162350743106311,0.9574506826245536,0.1665
1,1784433040.7214832,3894,-64.19,-5.91,-2145.14,0.8987128491843157,0.3478347089234047,0.26706970996198687,-0.3924108621304233,0.909732111605844,0.1356510243058634,-0.19577775663508695,-0.22671237368379876,0.95408205602327,0.1592
1,1784433040.7814643,3897,-64.01,-6.78,-2145.2200000000003,0.8961192018705164,0.3479833123174084,0.27545959846691465,-0.39639252991231333,0.90669881434098,0.1441187784515849,-0.19960796143607268,-0.23833773184551835,0.9504482033809466,0.1569
1,1784433040.8417149,3900,-63.690000000000005,-7.47,-2145.28,0.8930251749483408,0.34553680637446704,0.28828866149923316,-0.4002519590158536,0.9027004331620753,0.15789330977901928,-0.20568034960213585,-0.2563908021157076,0.9444359959139673,0.1799
1,1784433040.9015536,3906,-62.88,-8.57,-2145.4,0.8857131461300244,0.3405756494452272,0.31546861932277187,-0.41074003530362313,0.8915991702786435,0.19063982521292058,-0.2163442769551176,-0.2984277912048344,0.9295891604711036,0.17830000000000001
1,1784433040.9620676,3909,-62.54,-8.72,-2145.19,0.884855630340897,0.33883080200227844,0.3197251961740063,-0.4174249378623463,0.8813782979881486,0.22119836592102288,-0.206850029501159,-0.3291898896533841,0.9213289759067401,0.20750000000000002
1,1784433041.0218747,3912,-62.09,-9.11,-2145.05,0.8833708748979229,0.3329771180524793,0.3298213701923265,-0.4179430441891717,0.8781210636792859,0.23286693482898677,-0.2120837315683747,-0.3435544154515043,0.9148720426528558,0.21930000000000002
1,1784433041.081745,3915,-61.83,-9.48,-2144.96,0.8843914669819902,0.33117408592653264,0.32890037692311785,-0.416675018242442,0.8777189280073364,0.23662504641375737,-0.21031800280076848,-0.3463137424769306,0.9142390986331301,0.1904
1,1784433041.1415882,3918,-61.71,-9.700000000000001,-2144.82,0.8860865406466542,0.33424015121305406,0.32114508216991317,-0.4179154601872468,0.8757686607409125,0.24161109453117105,-0.20049266974462499,-0.34829983373688744,0.9156909496099268,0.2046
1,1784433041.2015376,3924,-60.36,-9.44,-2145.12,0.8749976169196245,0.3118203807355243,0.3703339311255863,-0.4303332433580874,0.8514014903189522,0.2998813130949911,-0.22179375565125128,-0.4217624360236692,0.8791609508579719,0.2295
1,1784433041.2614791,3927,-60.01,-9.38,-2145.41,0.8693957794845324,0.30029321778876256,0.3923964346990849,-0.4336871034510976,0.8443026553747183,0.31475152490082847,-0.23678360355962,-0.44382092050428484,0.8642664609991817,0.2575
1,1784433041.321135,3930,-59.51,-8.89,-2145.73,0.8666501072554583,0.2767738495826456,0.4151070076273171,-0.43019306062524726,0.8359454544356225,0.34077724072816656,-0.25268858736394245,-0.4739107863254681,0.8435384071993354,0.2655
1,1784433041.3809426,3933,-59.160000000000004,-8.48,-2146.0,0.8693575319913279,0.2550426920268559,0.42328560903205953,-0.41870306793793005,0.8351075540825934,0.35676759103589206,-0.26249804279139377,-0.4873895755531531,0.832794199771351,0.231
1,1784433041.4407825,3936,-58.910000000000004,-8.2,-2146.25,0.8725360049049287,0.2334902008094461,0.4291424545189055,-0.402359420250486,0.841668183845851,0.3601410352033213,-0.2771061476767326,-0.4869055292637285,0.828332776420304,0.2506
1,1784433041.5006218,3942,-58.050000000000004,-7.26,-2147.07,0.876912093532314,0.1721826014303973,0.4487519715627275,-0.36099765379859605,0.8523507032893087,0.3783899741723207,-0.3173418884557837,-0.4938131532947269,0.8095941547864802,0.2404
1,1784433041.5604618,3945,-57.79,-6.92,-2147.42,0.8781586154283003,0.15135198348927753,0.45379513356019147,-0.3460400624812328,0.8559703941803062,0.3841496576137947,-0.3302933867140471,-0.4943756278182337,0.8040516260242823,0.225
1,1784433041.6203017,3948,-57.69,-6.7700000000000005,-2147.59,0.8786670763786136,0.13670948460584978,0.45744364211021954,-0.33543475579137144,0.8585787413172477,0.38771906010057566,-0.3397465135883556,-0.49411846937439374,0.8002619850571835,0.18680000000000002
1,1784433041.680142,3951,-57.26,-6.890000000000001,-2148.2,0.8770747675418284,0.11114557473426014,0.46731842822473724,-0.30929429105264905,0.8750268941785901,0.3723774643911874,-0.36752808554406713,-0.4711417999723245,0.801840701545607,0.20170000000000002
1,1784433041.7250218,3954,-56.82,-7.03,-2148.67,0.8751876824509236,0.09264497203641736,0.4748298954810584,-0.290180605375697,0.8858586482255291,0.3620078336553404,-0.3870939637219566,-0.45461122348706934,0.8021763513901508,0.20450000000000002
1,1784433041.7855473,3957,-56.61,-7.18,-2148.84,0.8749370295041492,0.08974484154039711,0.4758477254535791,-0.286800069798405,0.8878185880001915,0.3598942549763421,-0.39016780283114827,-0.4513579712581083,0.8025241849412883,0.2412
1,1784433041.8455265,3960,-56.27,-7.3500000000000005,-2149.2200000000003,0.8744535905747708,0.08805679590401035,0.47705022652338225,-0.2868170547944486,0.8869441205316136,0.3620305292837064,-0.39123764518503223,-0.4534050371902828,0.800847661693876,0.1952
1,1784433041.8903282,3963,-55.92,-7.390000000000001,-2149.77,0.8701833716453488,0.08310697142669705,0.485668746176049,-0.2901232604835015,0.8831117316770863,0.3687033537964097,-0.39825794836808426,-0.46174332769903703,0.7925804097295519,0.215
1,1784433041.950483,3969,-55.36,-7.69,-2151.16,0.8577651019469851,0.06909693924731991,0.5093767199907455,-0.3051899314901976,0.865833197338669,0.3964744381461507,-0.41364010395377127,-0.4955385831324838,0.7637691909393595,0.2273
1,1784433042.0102925,3972,-54.9,-7.86,-2152.2,0.8584895435951698,0.03492347175708259,0.5116405522026076,-0.27215577936973756,0.8766223146529338,0.3968180303466354,-0.4346572618666433,-0.4799100630044808,0.7620757154860843,0.2399
1,1784433042.070095,3975,-54.800000000000004,-8.34,-2153.31,0.8566722846913154,0.005606956882957626,0.5158305522904535,-0.24052968940875208,0.8889326087867045,0.3898003149672825,-0.4563530049804546,-0.45800368892638416,0.7628725685035036,0.2005
1,1784433042.1308224,3978,-54.82,-9.290000000000001,-2154.41,0.849437052196519,0.0016091309952491807,0.5276875070087674,-0.236203275000251,0.8953804005916428,0.3774943060703097,-0.4718736136242878,-0.4452991679015232,0.7609493700840859,0.21250000000000002
1,1784433042.1906288,3981,-54.93,-10.05,-2155.2,0.8566782694644397,-0.005196121186154683,0.5158249150167447,-0.20645119156577668,0.9129213602541445,0.3520688789041055,-0.47273697563072437,-0.4081024262563768,0.7810071456492409,0.1825
1,1784433042.250469,3987,-54.45,-11.34,-2157.43,0.8528871766809917,-0.025307613332408066,0.5214815323293281,-0.16974383756017117,0.9311197912252308,0.3228048388717689,-0.49373119555429457,-0.3638343841586441,0.7898443184833496,0.18810000000000002
1,1784433042.310309,3990,-54.19,-11.97,-2158.8,0.848417134625922,-0.032528738341630725,0.5283277835350343,-0.15438484536980188,0.9395070868625902,0.3057642118612186,-0.5063138208594377,-0.34098139966407487,0.7920719663577585,0.1757
1,1784433042.3701491,3993,-54.120000000000005,-12.74,-2159.73,0.8518484439145444,-0.026081235371287873,0.5231386028213527,-0.13970694303257214,0.9512639220272361,0.27491620672098305,-0.5048130333785601,-0.30727303788466076,0.8066889620667119,0.1618
1,1784433042.429989,3996,-54.13,-13.6,-2160.57,0.8570785781543758,-0.014191739913370352,0.5149901993117004,-0.1256954101981767,0.9636517093960248,0.23574572495218576,-0.49961682790313,-0.26678451509851686,0.8241414003553418,0.16010000000000002
1,1784433042.489829,3999,-53.96,-14.01,-2161.55,0.8610026569236664,-0.007154262361920363,0.5085501364668423,-0.11479685761996113,0.9713641871366263,0.20802234838830058,-0.4954756363848475,-0.23748775227042332,0.8355258591273955,0.1572
1,1784433042.549669,4005,-53.67,-14.51,-2163.33,0.8764398628703839,0.013938205591182515,0.4813095606744591,-0.10294913396374045,0.9818914209268369,0.15903054211815212,-0.47037712804499615,-0.18893110896614,0.8620037085053439,0.1588
1,1784433042.6099684,4008,-53.96,-15.47,-2164.19,0.8832361517580364,0.05184761340654683,0.46605335017753075,-0.12193668212102711,0.9850732708786135,0.12149936853261999,-0.4527972457744972,-0.16414163391582007,0.8763744509252164,0.1505
1,1784433042.6702802,4011,-54.27,-16.6,-2165.35,0.8878866170269558,0.08851465473154248,0.45146706546788523,-0.13236913274807738,0.9889720278203198,0.06642846441463574,-0.44060840663785544,-0.1187412484637099,0.8898116361979819,0.1506
1,1784433042.730292,4014,-54.550000000000004,-17.56,-2166.5,0.8871749228645275,0.12161066790243856,0.4451196487380023,-0.149491950944361,0.9883685691654529,0.02792361166976665,-0.4365464612651997,-0.09131493272273689,0.8950356251114665,0.1452
1,1784433042.7902913,4017,-54.89,-18.78,-2167.8,0.8872827132196726,0.15667925806744476,0.43379833668764944,-0.16158183176760735,0.9865216030555828,-0.02581546720994256,-0.43199617876106366,-0.04718831207066035,0.9006400861275057,0.16390000000000002
1,1784433042.8502705,4023,-55.14,-20.490000000000002,-2170.83,0.885719620533039,0.18943901956021955,0.4238084610656945,-0.16781574289325119,0.9818677460794708,-0.08816805343210204,-0.43282632803469306,0.006970443090833091,0.9014503772716066,0.1459
1,1784433042.9102702,4026,-55.11,-21.43,-2172.4,0.8882839457904208,0.19578776785978347,0.4154741647894419,-0.15757020476082062,0.9795976803729339,-0.12473978988117605,-0.4314200531067533,0.0453380035340158,0.9010112114801433,0.14850000000000002
1,1784433042.9702735,4029,-55.08,-22.5,-2174.07,0.890301231975519,0.20064855830107925,0.4087834052338368,-0.14671167354832648,0.9762125076580455,-0.15963967156267816,-0.431090943059028,0.08215409876377969,0.8985606840212791,0.1406
1,1784433043.0302873,4032,-54.99,-23.64,-2175.88,0.8914410795528069,0.20410717075103832,0.40456527845791795,-0.13714282422313112,0.9724639293889709,-0.1884296998922042,-0.43188499331399505,0.1124907502213816,0.8948861288816591,0.1385
1,1784433043.090239,4035,-54.96,-24.88,-2177.4900000000002,0.8898149273292054,0.20864452563482866,0.4058286054786407,-0.13294484364550227,0.9692995934179981,-0.2068428552011802,-0.4365261316922434,0.13009903966717346,0.8902354611154767,0.1396
1,1784433043.1505585,4041,-55.15,-27.830000000000002,-2179.53,0.9111367848855568,0.21448903670311822,0.35188664703648403,-0.14972515597258038,0.9678220678613094,-0.20224446254383757,-0.3839428823372002,0.13158608625089369,0.9139326917272275,0.9384
1,1784433043.210539,4044,-55.33,-29.66,-2182.31,0.8674633418803314,0.22932886605800043,0.44149249335221924,-0.1187888849855793,0.9572290124529468,-0.2638215656883251,-0.48311132391788386,0.17641113601728237,0.8576027983812795,0.0979
1,1784433043.2565532,4047,-55.300000000000004,-31.43,-2183.86,0.8594194636594946,0.22957025493914524,0.45683222689561015,-0.10910473030192332,0.9552899061790109,-0.274804208443468,-0.4994940873613731,0.18632952852318463,0.8460419395581738,0.1673
1,1784433043.3157773,4050,-54.85,-33.07,-2185.25,0.8520312045679034,0.2260363400968513,0.47217623764669514,-0.0992516165763211,0.9553674382214494,-0.2782484044755193,-0.5139960535350001,0.19021206833901422,0.836437341352381,0.276
1,1784433043.375617,4053,-53.97,-33.56,-2186.31,0.8334597570368584,0.1989708933175835,0.5155147107624224,-0.07062723772655605,0.9636292986842908,-0.25774089316276266,-0.5480480149504948,0.17840728216534463,0.8171990057380133,0.5035000000000001
1,1784433043.4217389,4056,-51.74,-32.74,-2187.48,0.9778053841525691,0.12402277227203873,0.16886379919984273,-0.10022917016141526,0.9846617258705919,-0.14281246113102752,-0.18398571730164506,0.12271771495389411,0.9752382366711705,1.4040000000000001
1,1784433043.4808264,4059,-51.15,-32.64,-2188.76,0.9591861575154889,0.10691117774577363,0.261786010519438,-0.0833432423197804,0.9915346301098628,-0.09956395558897789,-0.27021439486137316,0.07368227307778438,0.9599766160921799,1.1404
1,1784433043.5406666,4062,-50.65,-32.19,-2189.59,0.9247225757885751,0.08271149137296709,0.3715467225286779,-0.07268249529230658,0.99651440894511,-0.04094249189853637,-0.37363807716161185,0.01085550365655485,0.927511048632487,0.7799
1,1784433043.600621,4068,-49.94,-31.52,-2191.06,0.8582741273024328,0.04381995163578375,0.5113172540037006,-0.0875408975064618,0.9942461249518558,0.061735194840395545,-0.5056699651620714,-0.0977468918015096,0.857171763111766,0.5292
1,1784433043.6608365,4071,-49.49,-31.14,-2191.68,0.8184220425479615,0.023852175637909655,0.5741223162262212,-0.10813913934130108,0.9876789030428526,0.113120780701825,-0.5643503227731385,-0.1546656335499455,0.8109175389547624,0.4641
1,1784433043.7057164,4074,-48.99,-30.240000000000002,-2191.91,0.7657918043997624,-0.010526944430711374,0.6430024072700731,-0.13673217600909623,0.9743392089507883,0.17879434539428152,-0.6283846149914666,-0.22483836270108537,0.7447016089011232,0.2797
1,1784433043.765731,4077,-48.51,-29.1,-2192.21,0.7298786883187531,-0.04927047533999326,0.6817987390703123,-0.17007285269956815,0.9529473499580117,0.25093141091269144,-0.6620818114951714,-0.2991049455755858,0.6871563915292489,0.1887
1,1784433043.8257062,4080,-48.300000000000004,-28.17,-2192.33,0.7260076758491364,-0.07579246198047003,0.6834971523825641,-0.18918346124331656,0.9335457353836174,0.30446999513754935,-0.661152382284246,-0.3503539105732942,0.6634226893511153,0.1958
1,1784433043.8707194,4083,-48.25,-27.47,-2192.16,0.7324668856899588,-0.09471535355024277,0.6741819214199573,-0.1983235329673268,0.9176408598435327,0.3443879042837882,-0.6512757001754407,-0.3859588762387446,0.6533572592491148,0.2096
1,1784433043.930693,4086,-48.26,-26.94,-2191.83,0.7482362138865294,-0.10846538624040757,0.6545057892917917,-0.1990436633332085,0.9043956372021476,0.37742569003264487,-0.6328698036054876,-0.41267879930696827,0.6551122196134879,0.216
1,1784433043.9906232,4089,-48.15,-26.44,-2192.01,0.7570222937571564,-0.1273448028785972,0.640859226300492,-0.19635875307757927,0.8911441272379419,0.4090298089126819,-0.6231857562913903,-0.4354830027327566,0.6496107045657344,0.2132
1,1784433044.0508518,4095,-47.65,-25.79,-2193.37,0.7439905801515253,-0.1685258038559729,0.6465887952017842,-0.18724995518756463,0.8763145777050229,0.4438583278298631,-0.6414167685117467,-0.45130013775354133,0.6204133418420197,0.2218
1,1784433044.1106577,4098,-47.52,-25.39,-2194.55,0.734080356076436,-0.19257093385190738,0.6511854315462668,-0.18434021084549132,0.8664268294485656,0.46402934807741,-0.6535630937316864,-0.46067448881733253,0.6005283489268066,0.22560000000000002
1,1784433044.15568,4101,-47.5,-24.990000000000002,-2195.69,0.716240535800523,-0.21604751408410486,0.663568358599367,-0.19266361468141113,0.8526965586811118,0.48558141479187783,-0.670731113378582,-0.4756385712612755,0.569111345058645,0.2526
1,1784433044.2156265,4104,-47.67,-24.75,-2197.07,0.709730013015083,-0.2334261325652152,0.6646770262776176,-0.19786412775014756,0.8394778356173682,0.5060896664197486,-0.6761161849677048,-0.49070276557486997,0.5496159570844817,0.2361
1,1784433044.2756,4107,-47.81,-24.34,-2198.32,0.6946883704990988,-0.2534270877786142,0.6731885167420472,-0.21196574166418194,0.8222000596333578,0.5282590144045403,-0.6873707822231465,-0.5096682971491886,0.5174549590321714,0.265
1,1784433044.320479,4110,-47.99,-24.28,-2198.73,0.6699345753844751,-0.271800393420396,0.6908778552254667,-0.23815890607979395,0.8027182345614018,0.5467392169558556,-0.7031841865111153,-0.530818219392613,0.473037015255209,0.9958
1,1784433044.3805926,4113,-48.2,-24.14,-2200.3,0.6679715087148667,-0.2831482039918405,0.688215924053912,-0.23832740973450572,0.794690675120235,0.5582712393148929,-0.7049922760672104,-0.5369300005150955,0.4633487511933464,0.6858000000000001
1,1784433044.4405944,4116,-48.43,-24.03,-2201.8,0.6620563331721457,-0.29575595950833794,0.6886289451671017,-0.23886954694322168,0.7876487091155225,0.5679356042473399,-0.7103680392935713,-0.540497847769955,0.4508207241312824,0.47650000000000003
1,1784433044.5005946,4122,-48.99,-23.07,-2204.9500000000003,0.6509547896483573,-0.32937353979075146,0.683937813781029,-0.24633083061611727,0.7605595377921222,0.6007248216624709,-0.7180382884789898,-0.5595196696802929,0.41395501629889614,0.36660000000000004
1,1784433044.5604339,4125,-49.31,-22.3,-2206.2200000000003,0.6382273718983361,-0.34751988611536316,0.6869466868062671,-0.2678960136196539,0.7362887483133403,0.6213779888231257,-0.7217323240969888,-0.5806107197266852,0.37682044065047676,0.3708
1,1784433044.6053138,4128,-49.53,-21.11,-2207.55,0.6275519862564808,-0.37037882799313804,0.6848343072013662,-0.2853068346965365,0.7090163777830578,0.6448998264155724,-0.7244159817542604,-0.6000960754827694,0.33927302511279817,0.3889
1,1784433044.6651537,4131,-49.77,-19.86,-2208.43,0.6226787635972884,-0.3851364302057386,0.6811322099954844,-0.29830588625500454,0.6879006021152396,0.6616693735054593,-0.7233842378643378,-0.6151932149641045,0.3134526322613361,0.3548
1,1784433044.7249937,4134,-49.9,-18.62,-2209.1,0.619937436854461,-0.3941505772192714,0.6784709992800255,-0.30922764641796596,0.671973946461054,0.6729259082308854,-0.7211489701005795,-0.6269739530118231,0.2946995506742447,0.36860000000000004
1,1784433044.7698739,4137,-50.03,-17.32,-2209.69,0.6188397871682525,-0.3991734260607232,0.6765337343728666,-0.31357988793835684,0.6641181223639723,0.6786860639709051,-0.7202117547625279,-0.6321453119929755,0.28580995928620856,0.48700000000000004
1,1784433044.8297138,4140,-50.19,-15.99,-2210.31,0.6174265240164041,-0.40502396824026254,0.6743441796233817,-0.3092427039860891,0.6632610195209456,0.681508451903135,-0.7232934656641058,-0.6293174120703688,0.2842642386805992,0.39890000000000003
1,1784433044.889622,4143,-50.29,-14.75,-2210.94,0.6173938692447969,-0.40751756605375955,0.6728701535783544,-0.3052891821479068,0.6641939225809833,0.6823818201490635,-0.7249988451593565,-0.6267183311218097,0.2856585513396946,0.41190000000000004
1,1784433044.9494646,4149,-50.69,-12.1,-2212.91,0.6125270263461005,-0.4171847064311757,0.6713922569672198,-0.2964638566434608,0.6661281617551881,0.684384726466583,-0.7327481311471828,-0.6182476792003249,0.2843413150840432,0.3794
1,1784433045.0092688,4152,-50.97,-10.56,-2214.13,0.6076058057761582,-0.42531911502707964,0.6707598938366003,-0.29102593926636894,0.6665691133017253,0.6862867621237344,-0.7389987059942889,-0.6122003492197088,0.2812323682544974,0.36100000000000004
1,1784433045.054149,4155,-51.370000000000005,-8.790000000000001,-2215.2400000000002,0.6029627873408288,-0.43461647896100863,0.6689875882987021,-0.2839034904553569,0.6667758929801241,0.6890636521017657,-0.7455432148369695,-0.6054076517158445,0.2786519155765182,0.3763
1,1784433045.114045,4158,-51.81,-7.0200000000000005,-2216.15,0.6037460752143252,-0.4376225227377507,0.6663161443758849,-0.2700299150782389,0.6741638304622006,0.6874496160878789,-0.7500496794387271,-0.5949702995017314,0.2888525940418098,0.36860000000000004
1,1784433045.174546,4161,-52.11,-5.18,-2216.7200000000003,0.6106505649367405,-0.4316373575327314,0.6639240010156289,-0.2522714162521661,0.6886817068647376,0.6797621931028512,-0.750643071029478,-0.582586215260911,0.31165410586642606,0.37420000000000003
1,1784433045.2196114,4164,-52.43,-3.4,-2217.46,0.6126601730448455,-0.43013502969523854,0.6630470334702779,-0.23950750050338157,0.6984398786130938,0.6744018780857222,-0.7531823614286796,-0.5719839090324157,0.32488573105126467,0.38480000000000003
1,1784433045.2794514,4167,-52.72,-1.7,-2218.35,0.61434404695663,-0.43072395445072,0.6611038246987264,-0.23149765282661272,0.7025955619590905,0.6728806083185628,-0.754314409715683,-0.5664241797255165,0.33192381643617674,0.36300000000000004
1,1784433045.3393073,4170,-53.050000000000004,-0.11,-2219.07,0.6118871316869329,-0.43463659784045083,0.6608215840100989,-0.22595033474982298,0.7046124076013779,0.6726572688082934,-0.7579845541317983,-0.560903184936463,0.3329369802616571,0.37010000000000004
1,1784433045.3991485,4176,-53.32,1.98,-2219.88,0.5964191475841053,-0.45268075357793114,0.6628456349220122,-0.23180836783946518,0.6934717601624641,0.6821743167671859,-0.7684719129510539,-0.5605149892708402,0.3086646494305066,0.3781
1,1784433045.4589875,4179,-53.25,2.48,-2219.9500000000003,0.5972203374608732,-0.45308805416671605,0.6618452112802056,-0.23262771168736887,0.6918492751640394,0.6835414604909434,-0.7676015999711173,-0.5621883986942567,0.3077856203518423,0.3791
1,1784433045.5038674,4182,-53.32,2.88,-2219.89,0.5974366521775177,-0.45413826624331616,0.6609295588551285,-0.2348666222103874,0.6889530680258789,0.6856977029487644,-0.7667510133064077,-0.5648912330628292,0.30494389385976145,0.3831
1,1784433045.5637372,4185,-53.59,3.34,-2220.01,0.5972679300628357,-0.45990939433556915,0.6570801843917875,-0.2391671655135954,0.679857338629657,0.6932481994578797,-0.7655521449637822,-0.5712069223261301,0.2960617591450512,0.37570000000000003
1,1784433045.6237478,4188,-54.21,4.15,-2220.38,0.5953773254731715,-0.4775579392191457,0.6461147382633953,-0.2502447340053687,0.653955268615263,0.7139468325813353,-0.763481115296898,-0.5867545665259893,0.2698437793351976,0.3875
1,1784433045.669082,4191,-54.870000000000005,5.2,-2220.9500000000003,0.5971191435845354,-0.49642683467661686,0.6300866021253158,-0.2596870737331291,0.6235599068546563,0.7373843409642876,-0.7589541172566332,-0.6039316520736162,0.2434239255349346,0.3951
1,1784433045.7293837,4194,-55.7,6.33,-2221.4,0.5962158674693439,-0.5132464592646588,0.6173367893055367,-0.2759831419584308,0.5910626754451922,0.7579434141479982,-0.7538965079721024,-0.6222724369179967,0.21075357534240619,0.5251
1,1784433045.7892678,4197,-56.43,7.47,-2222.15,0.5974272988958815,-0.528801172462494,0.6028680971292665,-0.2927472386436699,0.556079056643456,0.7778657577172492,-0.7465786474313856,-0.6412062092375709,0.17741172575313968,0.4253
1,1784433045.8345633,4200,nan,nan,nan,nan,nan,nan,nan,nan,nan,nan,nan,nan,nan
1,1784433045.8946693,4206,nan,nan,nan,nan,nan,nan,nan,nan,nan,nan,nan,nan,nan
1,1784433045.955182,4209,nan,nan,nan,nan,nan,nan,nan,nan,nan,nan,nan,nan,nan
1,1784433046.0007904,4212,nan,nan,nan,nan,nan,nan,nan,nan,nan,nan,nan,nan,nan
1,1784433046.0605977,4215,nan,nan,nan,nan,nan,nan,nan,nan,nan,nan,nan,nan,nan
1,1784433046.120438,4218,nan,nan,nan,nan,nan,nan,nan,nan,nan,nan,nan,nan,nan
1,1784433046.1653178,4221,nan,nan,nan,nan,nan,nan,nan,nan,nan,nan,nan,nan,nan
1,1784433046.2257814,4224,nan,nan,nan,nan,nan,nan,nan,nan,nan,nan,nan,nan,nan
1,1784433046.2856226,4227,nan,nan,nan,nan,nan,nan,nan,nan,nan,nan,nan,nan,nan
1,1784433046.3305025,4230,nan,nan,nan,nan,nan,nan,nan,nan,nan,nan,nan,nan,nan
1,1784433046.3903425,4233,nan,nan,nan,nan,nan,nan,nan,nan,nan,nan,nan,nan,nan
1,1784433046.4352226,4236,nan,nan,nan,nan,nan,nan,nan,nan,nan,nan,nan,nan,nan
1,1784433046.481101,4239,nan,nan,nan,nan,nan,nan,nan,nan,nan,nan,nan,nan,nan
1,1784433046.5399787,4242,nan,nan,nan,nan,nan,nan,nan,nan,nan,nan,nan,nan,nan
1,1784433046.5848553,4245,nan,nan,nan,nan,nan,nan,nan,nan,nan,nan,nan,nan,nan
1,1784433046.6446629,4251,nan,nan,nan,nan,nan,nan,nan,nan,nan,nan,nan,nan,nan
1,1784433046.7045054,4254,nan,nan,nan,nan,nan,nan,nan,nan,nan,nan,nan,nan,nan
1,1784433046.7493877,4257,nan,nan,nan,nan,nan,nan,nan,nan,nan,nan,nan,nan,nan
1,1784433046.809194,4260,nan,nan,nan,nan,nan,nan,nan,nan,nan,nan,nan,nan,nan
1,1784433046.8691678,4263,-64.6,43.36,-2220.87,0.6824515034873547,-0.565103625709162,0.46359231831233827,-0.09996540138938914,0.5561294498104817,0.8250617877338334,-0.7240627486018787,-0.6094078496900497,0.3230405683861432,0.42500000000000004
1,1784433046.9292316,4266,-64.32000000000001,43.980000000000004,-2218.89,0.7017804475588683,-0.527975677466576,0.4782738623715336,-0.061567657998451084,0.6239003462357835,0.7790749523989687,-0.7097278541192111,-0.5761857703645411,0.40533483827171835,0.4198
1,1784433046.9891856,4269,-64.34,44.58,-2216.92,0.7302671620911599,-0.4912919014675646,0.47470215875189387,-0.029072660285171557,0.6718820993412852,0.7400873090444737,-0.6825427842965351,-0.5542623134736225,0.4763702713935887,0.3891
1,1784433047.034061,4272,-64.42,45.17,-2215.61,0.7482343279115751,-0.4698726441432769,0.4683642693678917,-0.008215951982356196,0.6993522839491413,0.7147299357576564,-0.6633836662654102,-0.5386335314672911,0.5194189350720069,0.38470000000000004
1,1784433047.0941782,4278,-64.75,46.85,-2214.31,0.7590801613128053,-0.4592287322639282,0.4614176851450222,0.012495714434123947,0.7189336893000521,0.6949663355229496,-0.6508772279179126,-0.5217694144473031,0.5514666919454086,0.37770000000000004
1,1784433047.1539605,4281,-64.97,48.15,-2214.0,0.7633552573950375,-0.4615999462145262,0.4519006977889085,0.022453154898703857,0.7180965855325757,0.6955811596654635,-0.6455885739714192,-0.5208289388092818,0.5585271789773051,0.3622
1,1784433047.2143326,4284,-65.4,49.92,-2213.68,0.7717975764846032,-0.46793352758124646,0.43054234948244513,0.03631275644205427,0.7084234872535972,0.7048528544505105,-0.634830595239449,-0.528369545368413,0.5637514868052265,0.3688
1,1784433047.2741392,4287,-65.75,51.65,-2213.31,0.7801624199426946,-0.47100401242373,0.41170598585629686,0.052819054653279206,0.7053670540329767,0.7068716054209374,-0.6233432007928638,-0.5297287413059502,0.5751788544963394,0.3476
1,1784433047.3190193,4290,-66.12,53.0,-2212.54,0.7916155173490635,-0.46180212716154145,0.400104571382595,0.07418197470794696,0.7226080058814403,0.6872661089159554,-0.6064997174942492,-0.5143699691711442,0.6062851041335849,0.3352
1,1784433047.3788762,4293,-66.56,53.980000000000004,-2211.26,0.8061465262838369,-0.4466921824167107,0.38806426314245845,0.10903343680167403,0.7567371083066042,0.6445623775640137,-0.5815836034653303,-0.47729974133614905,0.6587453750127789,0.3068
1,1784433047.4387317,4296,-67.01,55.02,-2210.08,0.8150749852355912,-0.4399184291975076,0.37699409026614494,0.151953026793073,0.790259017430278,0.5936336943086662,-0.5590733816697272,-0.42657058152494387,0.7109672938228923,0.2948
1,1784433047.4836013,4299,-67.42,55.730000000000004,-2208.81,0.8303688779585019,-0.4227204497791281,0.3630357390897901,0.1732314144564968,0.8150766460267276,0.5528480244580982,-0.52960211816357,-0.3961785991700614,0.7500427414463177,0.25630000000000003
1,1784433047.5434515,4305,-68.11,56.5,-2206.4,0.862272927504274,-0.3825216830489591,0.3319074577206737,0.21397715481932733,0.8691719378358173,0.4458182585921711,-0.4590197988198709,-0.3133964015047429,0.8313143327377697,0.20320000000000002
1,1784433047.6039567,4308,-68.31,57.04,-2205.68,0.8731813419822603,-0.37159215159521647,0.3153943830934486,0.2257042490411977,0.8818177007681192,0.4140714124118897,-0.4319860367868485,-0.29037357917838513,0.8538566908658185,0.18760000000000002
1,1784433047.6637955,4311,-68.39,57.81,-2205.4,0.8799723518700647,-0.36651430334816476,0.3021852501123716,0.22887923669812332,0.8845738386492122,0.4063784184548707,-0.4162486696107887,-0.2884378432498188,0.8622880351881508,0.1889
1,1784433047.7236354,4314,-68.68,58.620000000000005,-2205.14,0.8895766782689014,-0.3633796772968573,0.27678248428630603,0.23631749890437373,0.8846562991089659,0.4019169966030411,-0.3909058367326441,-0.2921274423508676,0.8728425884624853,0.17750000000000002
1,1784433047.7685113,4317,-68.77,59.120000000000005,-2205.19,0.8954454598442386,-0.35581914127601316,0.26752601209217175,0.23386575943426405,0.887338875857912,0.3974122871218905,-0.3787931295688653,-0.2932958542032558,0.8777774814260203,0.1877
1,1784433047.8283572,4320,-68.85000000000001,59.76,-2205.17,0.8993204313155421,-0.35585219597411955,0.25414951591302376,0.23958878300327624,0.8871638421028916,0.39438246959549905,-0.36581412886524284,-0.2937848394414397,0.8831027636900085,0.1842
1,1784433047.8881621,4323,-69.10000000000001,60.370000000000005,-2205.11,0.9068366171912865,-0.35460931297185583,0.22781480389714004,0.2463094390297719,0.8844717133985336,0.3962845548879001,-0.3420219436906104,-0.303252408649116,0.889414957532538,0.1675
1,1784433047.9330423,4326,-69.32000000000001,61.01,-2205.0,0.9102522298739889,-0.3568463643054066,0.2100036911376653,0.25217298878501404,0.8800531472619115,0.40238693035638895,-0.328404722464011,-0.3133163421789825,0.8910573539267372,0.1721
1,1784433047.9928823,4332,-69.79,62.43,-2204.9900000000002,0.9148304534406302,-0.3636994237113875,0.1755219947744885,0.2588049439262493,0.8616582254595727,0.43653763124980527,-0.3100084554603985,-0.3539319591247231,0.8823983940676645,0.1681
1,1784433048.0527222,4335,-70.18,63.230000000000004,-2204.82,0.9148705435407335,-0.37153668649118055,0.15802651408114107,0.266069820182331,0.8491896894046809,0.4561619473355089,-0.30367538482666806,-0.3752830425158267,0.8757533320806945,0.1882
1,1784433048.1125631,4338,-70.5,63.32,-2204.27,0.9223107089574741,-0.3583346726860361,0.14470389937162273,0.25580939192453833,0.8467710164941911,0.4664122646635617,-0.28966275415655235,-0.39316040998094637,0.8726513512726917,0.20470000000000002
1,1784433048.1724248,4341,-70.9,63.27,-2203.68,0.9304764320969311,-0.34301616450756134,0.1286604842159651,0.2479776063977332,0.8482166509173147,0.4680124141856337,-0.2696677882829462,-0.4035696024146712,0.8743059304210673,0.201
1,1784433048.217317,4344,-71.39,63.300000000000004,-2202.84,0.9385902669972476,-0.32881319637490564,0.10454756136683924,0.2461803395574199,0.8505023511164749,0.4648020989203272,-0.2417510105737486,-0.4105211719693223,0.8792205731507339,0.1841
1,1784433048.2771564,4347,-71.79,63.440000000000005,-2202.12,0.942787755503204,-0.32252313183057396,0.08443978628246875,0.24915231950266395,0.8498841375454469,0.4643490868248526,-0.22152735668461637,-0.41674426472697884,0.8816177448630991,0.1922
1,1784433048.3369958,4350,-72.13,63.690000000000005,-2201.42,0.9447496802969743,-0.32019617987014004,0.07016015945915394,0.2531327456010442,0.8486471437739378,0.4644586509785501,-0.20825910468270545,-0.42103732822744644,0.8828112559068625,0.25980000000000003
1,1784433048.382841,4353,-72.38,63.86,-2200.89,0.9464704788944406,-0.3181323204036825,0.0546393566570569,0.2580370057741055,0.8473850490028004,0.46406409296309054,-0.19393436062869981,-0.42512398831528003,0.8841148445346041,0.2286
1,1784433048.441719,4359,-72.94,64.16,-2199.82,0.9480571396367237,-0.31638401737986194,0.03299717458227188,0.2666233010226281,0.8469259774159607,0.4600308730181233,-0.17349258005929472,-0.4273377380066015,0.8872895707376315,0.2109
1,1784433048.5015562,4362,-73.28,64.29,-2199.17,0.9477860663213629,-0.31814437536111545,0.022039258453108345,0.2740600170929852,0.8478933363313657,0.4538369720900428,-0.16307262038144194,-0.42410027898004415,0.8908121428511058,0.2026
1,1784433048.5614016,4365,-73.71000000000001,64.4,-2198.53,0.9463918115136072,-0.3226591357732526,0.015284672127676535,0.28336826067594617,0.8520014740514084,0.4402225767219534,-0.15506439933615276,-0.4122918508972557,0.8977585765350465,0.2139
1,1784433048.6212034,4368,-74.14,64.63,-2197.89,0.9452293798094581,-0.32624453465307346,0.010291897493996446,0.2896363536286945,0.8528690013813157,0.43442519395116946,-0.15050648558019405,-0.40765054898998604,0.9006491146425792,0.16720000000000002
1,1784433048.6660838,4371,-74.43,65.07000000000001,-2197.32,0.9403192561023014,-0.33989076963262854,0.01655177699686224,0.30018074585283755,0.8514056534560172,0.43011618556195524,-0.16028479785197522,-0.39947800688106927,0.9026217954358733,0.2127
1,1784433048.7257147,4374,-74.75,65.56,-2196.48,0.9348218185671496,-0.35452821982356597,0.020442819755128076,0.3119953652525287,0.8474391957159848,0.42954126882662397,-0.16960854810931136,-0.39516648505785273,0.9028158115004817,0.2064
1,1784433048.785555,4377,-75.09,65.98,-2195.52,0.9284444942206415,-0.3700329282345234,0.032656594641225216,0.32261116577135857,0.846784924962683,0.4229389158916312,-0.1841544375545217,-0.3821399257839036,0.905569555722171,0.1888
1,1784433048.845394,4383,-76.16,66.2,-2192.66,0.925650444976178,-0.3739516975353845,0.05771812216113682,0.3243033103748331,0.8626609578547115,0.3881281163135651,-0.19493233850577035,-0.3405527854879416,0.9197962729328032,0.18460000000000001
1,1784433048.9052474,4386,-76.78,66.39,-2190.9900000000002,0.9256341368892194,-0.37271212289444594,0.06547608779443899,0.3247391971729364,0.8711805504616478,0.3682239838967812,-0.1942830369456542,-0.3195780373318161,0.9274286924666055,0.1685
1,1784433048.950777,4389,-77.29,66.92,-2189.4500000000003,0.9251943834719862,-0.37119045531573,0.07894934245699602,0.31900851391201923,0.8733974393431032,0.36798163133579803,-0.20554542282312202,-0.31526902612120206,0.9264753209476508,0.16870000000000002
1,1784433049.0111926,4392,-77.39,67.8,-2188.27,0.9220104478227096,-0.37454937247465186,0.09802806580062236,0.3144647356354689,0.8721770680549865,0.3747253554281084,-0.225850977743027,-0.31467432297194525,0.921938938495748,0.1494
1,1784433049.0710323,4395,-77.10000000000001,68.55,-2187.52,0.9143582787774562,-0.38160252119606203,0.13538262018418942,0.3049783781616082,0.8689981909880222,0.3896541195900026,-0.2663402464612559,-0.31499469817181686,0.9109562081892869,0.16870000000000002
1,1784433049.11588,4398,-76.58,68.84,-2187.05,0.9068262064535274,-0.3808004045784075,0.1807132622748698,0.2890405431147469,0.8738460730944378,0.3909585719399983,-0.30679275696312797,-0.302298019196871,0.902493275246199,0.1789
1,1784433049.1757464,4401,-75.88,68.64,-2186.9,0.8944068101697756,-0.3765731082975352,0.24130717359635123,0.2695440053196251,0.8843846600328964,0.38106403962425045,-0.35690683254622724,-0.2757833700672162,0.8925026866492829,0.1685
1,1784433049.2355595,4404,-75.22,68.25,-2187.32,0.8754496445960624,-0.3729805512453165,0.3073653008544845,0.25156573346065914,0.8946754410511225,0.3691483941836667,-0.4126773576597443,-0.24584825314148362,0.8770724228376198,0.1709
1,1784433049.2960384,4410,-75.41,67.05,-2187.19,0.8548499407499383,-0.36687667011792785,0.3669238173286222,0.23925859220909243,0.9061958935999672,0.3486607641772733,-0.4604203566893521,-0.21026295761673788,0.8624399015585443,0.1689
1,1784433049.3560238,4413,-75.91,66.75,-2186.9,0.8506341175313162,-0.3750107699903798,0.3684949395621894,0.24256035567616327,0.9017552051469769,0.3577737047975816,-0.4664612223389768,-0.21495225605132945,0.858026488910728,0.1638
1,1784433049.4160714,4416,-76.33,66.46000000000001,-2186.63,0.8456937201532995,-0.38326939784345276,0.37135791410711827,0.2405149564755821,0.894908266953764,0.37588794799695213,-0.47639761481856885,-0.22856894455399593,0.8490003240168114,0.16670000000000001
1,1784433049.4761455,4419,-76.79,65.77,-2186.07,0.8438919597847467,-0.39065488501207124,0.36774328141635015,0.24699778747677312,0.8913610799880939,0.38008882917554637,-0.47627560633758925,-0.22992213007595486,0.8487033409319757,0.1636
1,1784433049.53611,4422,-76.85000000000001,65.31,-2186.02,0.8264108316584795,-0.41032490404586885,0.38558865444575596,0.26739626929478305,0.8886489297280548,0.3725618268964421,-0.495524340960938,-0.20478416152850082,0.8441084496095846,0.1565
1,1784433049.5814905,4425,-76.26,64.28,-2186.9,0.7939499265084177,-0.4144957245261853,0.44478849866739,0.25268270279396027,0.8903644814422752,0.37868528080025404,-0.552987310800182,-0.18826679084623732,0.8116407145766172,0.1618
1,1784433049.641966,4431,-74.95,62.93,-2189.37,0.7107046049998641,-0.44036816925380184,0.5486117387916906,0.2255799030171584,0.8813184371705969,0.4152005776223657,-0.6663427584860185,-0.17132917968411462,0.7256952806805428,0.20500000000000002
1,1784433049.701805,4434,-74.57000000000001,62.88,-2190.09,0.6811650930052341,-0.46474147979568436,0.5657114750723095,0.22891762096903986,0.869147431732169,0.43838278333352637,-0.6954213391038887,-0.16910972435283553,0.6984204050915624,0.23370000000000002
1,1784433049.7615156,4437,-74.11,62.93,-2191.19,0.6492281268436002,-0.4863752469343043,0.584758034134414,0.21912048833912035,0.8558263694684239,0.4685588937503181,-0.7283467930218238,-0.17606914690567174,0.6622013323776489,0.24680000000000002
1,1784433049.8215415,4440,-73.54,63.190000000000005,-2192.4900000000002,0.620996790300464,-0.5092300492052569,0.5958588284341629,0.19058219402453147,0.8354890803299102,0.5153992859621331,-0.7602903483257679,-0.20650121945376596,0.6158862172567188,0.27240000000000003
1,1784433049.8665295,4443,-72.93,63.550000000000004,-2193.7200000000003,0.6071630203704824,-0.5304329596436103,0.5916028583588091,0.14841075430246617,0.8071534785050478,0.5713821052015668,-0.7805942061673057,-0.2591218583233022,0.5687956995592639,0.31070000000000003
1,1784433049.9265037,4446,-72.51,64.01,-2194.07,0.6137684526632606,-0.5478596303493237,0.5684523831851258,0.1315955447386388,0.7809500331764461,0.6105732210690613,-0.7784413267037457,-0.29994478010995657,0.5514183799661578,0.31320000000000003
1,1784433049.9864233,4449,-72.02,64.07000000000001,-2194.42,0.6203458948152286,-0.5538403986719936,0.5553663507854437,0.13663332814046844,0.7735616693552038,0.6188163518731948,-0.7723356164434944,-0.30799863068403044,0.5555488629001143,0.3326
1,1784433050.0311542,4452,-71.69,63.92,-2194.43,0.6317921120645513,-0.5497996510976133,0.54640559183262,0.14630388148353704,0.7768256844618165,0.6124843101853967,-0.7612055579118326,-0.30702149698900993,0.5712301628859972,0.3012
1,1784433050.0909946,4458,-71.3,63.99,-2196.09,0.6273653621259022,-0.5600910159139831,0.5410275004998153,0.12997519375286218,0.760328126951818,0.6364020650303125,-0.7678015052170329,-0.32893645778232367,0.5498014690122937,0.3151
1,1784433050.1508284,4461,-71.16,64.25,-2197.88,0.5990414591875617,-0.5829462702690138,0.5489289354314297,0.09446048418091199,0.732207783047661,0.6744990580962564,-0.7951267490801354,-0.35220080696085193,0.4936882057264283,0.3124
1,1784433050.2106354,4464,-71.15,64.64,-2200.2200000000003,0.5555913532498626,-0.6172217470792879,0.5570956498900148,0.03898292896063588,0.6886249581298001,0.7240690562994534,-0.830541136515005,-0.38056928669182266,0.40665518388831706,0.3739
1,1784433050.2709734,4467,-71.22,64.62,-2202.53,0.5110494858361582,-0.6456606113262704,0.5674070831496422,-0.01678613384504152,0.652497435459553,0.7576049910271465,-0.8593873682671479,-0.3966982123737049,0.3226203334608223,0.3846
1,1784433050.315901,4470,-71.28,64.47,-2203.76,0.48689748480561557,-0.6572856074137772,0.5752447040839812,-0.04384733085872668,0.639359069602839,0.7676570794913294,-0.8723578685760395,-0.3989932460622535,0.28248210338032975,0.40850000000000003
1,1784433050.3759918,4473,-71.25,64.24,-2204.6,0.4752564553402342,-0.6585902044275176,0.5834297252365162,-0.058704064331265696,0.6378903587019058,0.7678865300981288,-0.8778867435429395,-0.3991927265210058,0.2644995890437239,0.44210000000000005
1,1784433050.4364197,4476,-71.37,63.980000000000004,-2205.38,0.4655335309357167,-0.658394934646579,0.5914343933237657,-0.07027753229217211,0.6386541049065875,0.7662780192207579,-0.8822355694651213,-0.3982926616417786,0.25104452922312576,0.4096
1,1784433050.4813921,4479,-71.46000000000001,63.74,-2205.9500000000003,0.4648425458925677,-0.6576797251284745,0.5927721203658709,-0.08283516009854924,0.6342604522363597,0.7686689892147182,-0.8815099226778811,-0.4064124233876997,0.2403522380519337,0.4307
1,1784433050.5413923,4485,-71.9,62.95,-2207.32,0.46636847973108525,-0.6600697337700084,0.5889043960390399,-0.13846762286669503,0.6030568141363443,0.7855884395415766,-0.8736859610471963,-0.44791787805859334,0.18984840263885316,0.4408
1,1784433050.601367,4488,-72.43,62.83,-2207.82,0.46606765424325874,-0.6640796193296913,0.5846188509269254,-0.16125819052465987,0.5859450289795908,0.7941437017333947,-0.869929156688577,-0.4643992702460232,0.16600174739460524,0.4545
1,1784433050.661367,4491,-72.85000000000001,62.9,-2208.42,0.46020210982589893,-0.6734442280140721,0.5785212959488368,-0.18414197870658666,0.5650506914853881,0.8042446442034338,-0.8685077718649467,-0.47664513823851723,0.13602816768511777,0.49570000000000003
1,1784433050.721313,4494,-73.48,63.38,-2208.61,0.45223556383502533,-0.6963097206611197,0.5573470801176323,-0.20893750226676194,0.5248019707810418,0.8251836229657382,-0.8670802240561964,-0.48962808781479045,0.09184890131889592,0.6758000000000001
1,1784433050.781153,4497,-74.01,64.31,-2208.93,0.45885990762421713,-0.7253564172008717,0.5131331729683921,-0.21663041134536537,0.46876050627783533,0.8563497256579728,-0.8616953348228321,-0.5041048063445364,0.057961143578303474,0.47090000000000004
1,1784433050.840993,4503,nan,nan,nan,nan,nan,nan,nan,nan,nan,nan,nan,nan,nan
1,1784433050.9008331,4506,nan,nan,nan,nan,nan,nan,nan,nan,nan,nan,nan,nan,nan
1,1784433050.945847,4509,nan,nan,nan,nan,nan,nan,nan,nan,nan,nan,nan,nan,nan
1,1784433051.0062516,4512,nan,nan,nan,nan,nan,nan,nan,nan,nan,nan,nan,nan,nan
1,1784433051.066273,4515,-73.79,66.7,-2201.62,0.5975470296452158,-0.6721488734674798,0.4372109779712506,-0.07615014214178865,0.4952285846527513,0.8654188608960507,-0.7982096862441377,-0.5504221478458424,0.24473813749966414,0.5057
1,1784433051.1127658,4518,-73.97,66.55,-2200.79,0.6043014387890155,-0.6660020149397605,0.437334068160376,-0.05053352894269171,0.515750912636683,0.8552469576485067,-0.7951516418458328,-0.5389270008179283,0.27801358646524604,0.4521
1,1784433051.1723077,4521,-74.48,66.83,-2200.5,0.5961018771603162,-0.6808173324888627,0.42561756522575134,-0.014686765101877388,0.5207600308520807,0.853576762334696,-0.8027744708053374,-0.515069655531841,0.3004270277014388,0.44720000000000004
1,1784433051.2331583,4524,-75.33,67.6,-2199.96,0.58911728743799,-0.7055753881618281,0.3938326970453191,0.046935524083758555,0.5164446215176741,0.8550333382298312,-0.8066832576796715,-0.48523017684986547,0.3373630051644083,0.4173
1,1784433051.2920244,4530,-77.11,68.89,-2197.16,0.6056789109590343,-0.7311166461522063,0.31404061288092616,0.19645686584216984,0.5198498144077489,0.8313608544571367,-0.7710757139755795,-0.4418423023878299,0.4584949543208426,0.3643
1,1784433051.3518555,4533,-77.71000000000001,69.01,-2195.23,0.6252329024390857,-0.7309059409880696,0.27360614601273375,0.26762663923682123,0.530119034695553,0.8045805062417679,-0.7331164980263376,-0.4298259118315224,0.5270577632857705,0.37270000000000003
1,1784433051.3967905,4536,-78.10000000000001,68.7,-2193.29,0.652129505002347,-0.7191831976805722,0.23979707437610845,0.3244820338872054,0.5506624325353722,0.7690788614171171,-0.6851558351133094,-0.4237291747899521,0.5924652462735768,0.3632
1,1784433051.4574633,4539,-78.19,67.62,-2190.91,0.690512319137742,-0.6895501355309539,0.2184338520199199,0.3657600340829496,0.5934010373491688,0.7170040490405685,-0.624029113572962,-0.41520575557447836,0.6619606075524207,0.3562
1,1784433051.5172708,4542,-78.24,65.65,-2187.65,0.7449777767109531,-0.6393090177346248,0.19050483471553786,0.42125674599840773,0.6722834979576976,0.6087508951324796,-0.5172531934726339,-0.37325444165736527,0.7701495021263146,0.2913
1,1784433051.5631483,4545,-78.47,63.050000000000004,-2184.6,0.7861416397846724,-0.5962933444712143,0.16252867296572548,0.47399619289469563,0.7504506026816493,0.4605990686661054,-0.39662189969541595,-0.2850581349024841,0.8726012424973485,0.2094
1,1784433051.6219907,4548,-78.64,60.54,-2182.63,0.8219112749246595,-0.5526806572547555,0.13786205876952734,0.48174073091484393,0.8035968676889819,0.34951100471671726,-0.30395349040495173,-0.22085326652985843,0.9267341098361161,0.16190000000000002
1,1784433051.6824665,4551,-78.61,58.410000000000004,-2181.44,0.8429226154446486,-0.5222508249572031,0.12936591592638946,0.47814823350567187,0.8373669630922832,0.26493553162422795,-0.2466895440981606,-0.1614640670648663,0.9555488600168565,0.1421
1,1784433051.742344,4557,-77.7,55.6,-2181.05,0.8590381483752823,-0.4852075166034374,0.16317820156960752,0.46264463717928483,0.8723077772226083,0.15823742125742635,-0.21911960050441487,-0.0604384614999198,0.9738243132343268,0.14070000000000002
1,1784433051.8021798,4560,-77.74,54.81,-2180.73,0.8677934019196969,-0.47405837468898815,0.1490076138050482,0.4611508878095279,0.8799769141829147,0.11393194976651501,-0.18513365511738733,-0.03015440087865083,0.9822506003309572,0.1363
1,1784433051.8470602,4563,-77.88,54.4,-2180.62,0.8762312466880947,-0.46220999220954084,0.13631113464821393,0.454559344811758,0.886686631422751,0.08463226158197507,-0.15998313777311837,-0.01219593201976752,0.9870444036974408,0.1165
1,1784433051.9069004,4566,-78.93,53.32,-2179.39,0.8927787451703569,-0.4461194229943399,0.06263842749654709,0.44664370844011847,0.8946908026683544,0.006145350397989727,-0.058783585148418464,0.02249062133096586,0.9980173656150708,0.1297
1,1784433051.966799,4569,-79.76,51.44,-2178.48,0.9122410283930268,-0.4096525911929579,0.0010298763655315236,0.40828462319219205,0.90898362359766,-0.08397879789611913,0.0334659914128165,0.07702938763980145,0.9964670094180712,0.2023
1,1784433052.0269954,4572,-80.47,49.76,-2177.87,0.9248192412298604,-0.3768247333029494,-0.0520815842902875,0.36418808867169566,0.9166028939465173,-0.1649429321872469,0.10989270731346278,0.13357490475396439,0.9849270722745349,0.2262
1,1784433052.0868356,4578,-81.93,47.28,-2177.4900000000002,0.9300848969351515,-0.3400655833171751,-0.1389153826481373,0.28832848425285657,0.9101286484146593,-0.29754416227403296,0.22761539855989357,0.2366880697839569,0.9445475043428816,0.29550000000000004
1,1784433052.1470563,4581,-82.35000000000001,46.61,-2177.85,0.9289802090323689,-0.33116957911961,-0.16529513329773754,0.26076972576196816,0.9025364985442529,-0.34267625964094445,0.26266884351251935,0.2752354967318359,0.9247975454047093,0.26080000000000003
1,1784433052.2068963,4584,-82.89,46.0,-2178.18,0.9269346613801929,-0.3223012582487148,-0.19213024869416745,0.2297540827974365,0.8923528679132967,-0.3884834881495263,0.2966566954745773,0.31595610147330555,0.9012028334242487,0.23750000000000002
1,1784433052.266957,4587,-83.46000000000001,45.33,-2178.75,0.9258961752888862,-0.30485105474704555,-0.22311904222863985,0.18917865753756646,0.8853730003900311,-0.4246481905208568,0.3269980246388285,0.350970774566726,0.8774347880511327,0.2785
1,1784433052.3118362,4590,-84.26,44.660000000000004,-2179.23,0.925053216519304,-0.27976028848122114,-0.2569255292807509,0.14034747637695666,0.88028727493162,-0.4532073471029375,0.352957692198243,0.38318206453638554,0.8535762256153365,0.2288
1,1784433052.3716762,4593,-85.37,43.79,-2179.63,0.9177960186869115,-0.25543025499481786,-0.30398331025853476,0.08411726426739766,0.8733080496465883,-0.4798513689410927,0.38803962933523045,0.4148354315337037,0.8230047453141583,0.19720000000000001
1,1784433052.4318862,4596,-86.48,43.11,-2179.82,0.9092617321540429,-0.229097411643316,-0.34750176750422757,0.03200485070908846,0.8709007571191906,-0.490415702012394,0.41499252037996803,0.4347944884972132,0.7992089594099457,0.233
1,1784433052.491912,4602,-87.87,42.480000000000004,-2179.7200000000003,0.9032807416038553,-0.17768918241271053,-0.39052587148752615,-0.03452578819433421,0.877155703920387,-0.47896329820717004,0.42765859256789085,0.44612153672898713,0.7861829956628531,0.1955
1,1784433052.551914,4605,-88.38,42.230000000000004,-2179.5,0.9013755850088355,-0.15907475625252776,-0.4027620596247594,-0.05403085387341465,0.8815023521171254,-0.4690781065469642,0.4296541883651189,0.44457713069294763,0.785969753416209,0.19990000000000002
1,1784433052.5969293,4608,-88.91,42.0,-2179.16,0.8976398356787335,-0.1436615246440392,-0.4166582433357183,-0.0715027475128536,0.8853878149244728,-0.4593209926417262,0.4348908857412048,0.44209702953109475,0.7844871789768223,0.19770000000000001
1,1784433052.656903,4611,-89.32000000000001,41.76,-2178.82,0.8956094140584533,-0.13075418817920578,-0.42519068630847345,-0.08389132329498028,0.8890290509060985,-0.45009953623706267,0.4368592717634489,0.43878319124437604,0.7852536454902393,0.2011
1,1784433052.716879,4614,-89.85000000000001,41.550000000000004,-2178.33,0.8918411626675492,-0.11578494891369286,-0.43727929996381903,-0.09877763102874661,0.893508772668461,-0.4380468613891091,0.44143212409173715,0.43386163551246854,0.7854309397078161,0.1923
1,1784433052.7618673,4617,-90.5,41.32,-2177.73,0.8870761396937197,-0.07563187091594822,-0.4553852681936932,-0.1335326723541914,0.9022715358497175,-0.4099696342527582,0.44188793579372215,0.42448309235721676,0.7902842251385371,0.2071
1,1784433052.8219168,4620,-90.87,41.9,-2176.61,0.8920516441224504,-0.027772955611796837,-0.45107929142781367,-0.14683886308278582,0.9261448982503532,-0.34741038518357237,0.4274133976690344,0.3761439756016683,0.8220909299533621,0.2469
1,1784433052.8818407,4623,-91.52,42.1,-2175.69,0.8892350692687754,0.020483152415009476,-0.4569917198918376,-0.17187231599841593,0.9407645991808455,-0.2922702104584791,0.4239350169258219,0.33844114613215476,0.8400813603627071,0.21610000000000001
1,1784433052.9277842,4626,-92.10000000000001,42.02,-2174.82,0.8869412763540399,0.05826700093701033,-0.45819224011464127,-0.19399749397243374,0.9472619398813387,-0.2550682057502633,0.4191660108261191,0.3151186663053294,0.8514693661630278,0.2092
1,1784433052.9864445,4632,-93.53,40.59,-2173.46,0.8722399693021896,0.09366791241985581,-0.4800247474189447,-0.23451906446898288,0.9413938251924859,-0.24244272373088907,0.42918322934652103,0.32404318859122067,0.8430882323786321,0.2091
1,1784433053.047005,4635,-94.68,39.04,-2172.87,0.8603798190031717,0.0951276235516406,-0.5006968167359234,-0.2544692408755613,0.9313864670283842,-0.2603164506607295,0.4415789538692769,0.35138295956662696,0.825553174075367,0.2036
1,1784433053.1080432,4638,-95.9,36.78,-2172.85,0.8415334062229888,0.08847896336300726,-0.5329099354046067,-0.29508625286992524,0.9016025256501594,-0.31628624552522094,0.4524882645748075,0.42341983749401896,0.7848375702262333,0.2112
1,1784433053.167536,4641,-97.29,34.58,-2172.8,0.8183390076373361,0.08409085164234523,-0.5685507868688644,-0.3385218157240654,0.8699564736124933,-0.3585787421175398,0.46446124580854076,0.4859058166865059,0.7403859050874739,0.22190000000000001
1,1784433053.2125914,4644,-98.65,32.230000000000004,-2173.27,0.7902280699022183,0.07020446732059377,-0.6087782275236576,-0.3852395784762883,0.8294855610027642,-0.4044059486003403,0.47658164538096337,0.5540983999761784,0.6825283132807111,0.0952
1,1784433053.2725742,4647,nan,nan,nan,nan,nan,nan,nan,nan,nan,nan,nan,nan,nan
1,1784433053.3326118,4650,nan,nan,nan,nan,nan,nan,nan,nan,nan,nan,nan,nan,nan
1,1784433053.3778055,4653,nan,nan,nan,nan,nan,nan,nan,nan,nan,nan,nan,nan,nan
1,1784433053.4238162,4656,nan,nan,nan,nan,nan,nan,nan,nan,nan,nan,nan,nan,nan
1,1784433053.4827938,4659,nan,nan,nan,nan,nan,nan,nan,nan,nan,nan,nan,nan,nan
1,1784433053.5277808,4662,nan,nan,nan,nan,nan,nan,nan,nan,nan,nan,nan,nan,nan
1,1784433053.573781,4665,nan,nan,nan,nan,nan,nan,nan,nan,nan,nan,nan,nan,nan
1,1784433053.6327155,4668,nan,nan,nan,nan,nan,nan,nan,nan,nan,nan,nan,nan,nan
1,1784433053.6777554,4671,nan,nan,nan,nan,nan,nan,nan,nan,nan,nan,nan,nan,nan
1,1784433053.7237418,4674,nan,nan,nan,nan,nan,nan,nan,nan,nan,nan,nan,nan,nan
1,1784433053.7827437,4677,nan,nan,nan,nan,nan,nan,nan,nan,nan,nan,nan,nan,nan
1,1784433053.827706,4680,nan,nan,nan,nan,nan,nan,nan,nan,nan,nan,nan,nan,nan
1,1784433053.8736632,4683,nan,nan,nan,nan,nan,nan,nan,nan,nan,nan,nan,nan,nan
1,1784433053.9325056,4686,nan,nan,nan,nan,nan,nan,nan,nan,nan,nan,nan,nan,nan
1,1784433053.9777062,4689,nan,nan,nan,nan,nan,nan,nan,nan,nan,nan,nan,nan,nan
1,1784433054.0227191,4692,nan,nan,nan,nan,nan,nan,nan,nan,nan,nan,nan,nan,nan
1,1784433054.0827196,4695,-99.42,16.46,-2165.78,0.7520121250339724,0.2406543063624026,-0.6136475117126442,-0.5416235202233376,0.7561817855831048,-0.3671962275040785,0.3756617176966115,0.6085019408198943,0.6990019040572444,0.053000000000000005
1,1784433054.1276817,4698,-98.03,16.93,-2163.08,0.778286328942525,0.29580028987809764,-0.553870543258261,-0.5145282727353124,0.8060297552535544,-0.2925349384294316,0.35990421883771206,0.5126579972593122,0.779519551460313,0.24330000000000002
1,1784433054.187706,4704,-95.43,17.94,-2159.46,0.8138494845376908,0.4083168798198118,-0.4134323912950562,-0.4890022153515827,0.865606444170402,-0.10771405289894685,0.3138882761413358,0.28983238167065833,0.9041412171979191,0.17200000000000001
1,1784433054.2477062,4707,-94.3,17.97,-2158.48,0.822393435794452,0.451545555077456,-0.3460861864507001,-0.4926595478432886,0.8694654581885178,-0.036282047018837485,0.2845269876146075,0.20034078143708758,0.9375009144593589,0.1589
1,1784433054.3075452,4710,-93.25,17.990000000000002,-2157.7200000000003,0.8264368488484677,0.48848433729833024,-0.27997354710691164,-0.5009624793717451,0.8649370438606934,0.030339815741675692,0.25698001698017064,0.1151823006009869,0.9595281697277757,0.153
1,1784433054.3673854,4713,-92.2,18.01,-2157.08,0.8317481044262793,0.5114582545719603,-0.21588317353025777,-0.5036617687594088,0.8587664058690077,0.09404830057460296,0.23349499667752024,0.03050760529820505,0.9718792993708293,0.1648
1,1784433054.4276662,4716,-91.23,18.2,-2156.54,0.8376764814617229,0.5209099729761183,-0.16416733067187167,-0.5002861053305285,0.8524143365274796,0.15199872267762105,0.2191162367765549,-0.045195120714926075,0.974651463777921,0.18050000000000002
1,1784433054.4876692,4722,-89.57000000000001,18.990000000000002,-2155.38,0.8473386897070192,0.5273031590473446,-0.0629962172220094,-0.4941994263979777,0.82638857317792,0.2699052668416665,0.1943812539148299,-0.1975684807342816,0.9608239295244713,0.18780000000000002
1,1784433054.5476778,4725,-88.91,19.43,-2154.87,0.8487586516910027,0.5286446419259867,-0.011983060653114582,-0.4973109886440585,0.8057423908688974,0.3216535094332746,0.17969566425915798,-0.2670468912378833,0.9467816148017671,0.2209
1,1784433054.6078713,4728,-88.51,19.7,-2154.2200000000003,0.8481340019858014,0.5290762714240287,0.02733155121093416,-0.5014829699230113,0.7851253961423607,0.36344592886631305,0.1708319219371618,-0.3219571576286952,0.9312142842004232,0.2046
1,1784433054.6677442,4731,-88.29,19.82,-2153.64,0.847452621794327,0.5282436460128965,0.05275134368831422,-0.5041404437893242,0.7696645763709385,0.3917382452807572,0.16633239837693745,-0.3585736888377968,0.9185632492776044,0.23820000000000002
1,1784433054.7275515,4734,-87.82000000000001,20.09,-2153.05,0.8473353526787721,0.5235444702792456,0.0890167834779751,-0.5077512770885471,0.7495721570105116,0.42465306080323767,0.15560025936896787,-0.405021936535088,0.9009693614156237,0.24250000000000002
1,1784433054.7878935,4740,-86.41,19.98,-2151.86,0.853532409959832,0.4931183545799251,0.16827570687579463,-0.511091958549456,0.7295635091193446,0.4544470222892311,0.10132835266716922,-0.47388962273704105,0.8747349257963253,0.301
1,1784433054.8477345,4743,-85.85000000000001,19.91,-2151.18,0.8564925060239647,0.4772273141308923,0.19665878513863472,-0.5099012414769374,0.7231384999613888,0.4659092549133046,0.08013308346162021,-0.49932434400999054,0.8627015059763868,0.2979
1,1784433054.8936126,4746,-85.73,19.830000000000002,-2150.2400000000002,0.8552805899900078,0.47301347371608754,0.21154991389595046,-0.5132523428212306,0.7172645845078317,0.47127863138415843,0.07118388142593787,-0.5116539548306527,0.8562377505875867,0.3123
1,1784433054.9524546,4749,-85.58,19.89,-2149.45,0.8616322177519654,0.4628598343207833,0.20820829739558144,-0.5024837619606538,0.7202494601173046,0.4782789815229187,0.07141421635570037,-0.516721868100498,0.8531696904655209,0.3027
1,1784433055.012373,4752,-85.53,19.93,-2148.69,0.8649826465431417,0.45731122023518955,0.20657073613226173,-0.49683560375785774,0.7227181852974217,0.4804506295957646,0.07042303613014342,-0.5182131535260405,0.8523471848342135,0.32120000000000004
1,1784433055.072213,4755,-85.67,19.740000000000002,-2147.9700000000003,0.8651734130117893,0.4588285284385146,0.20236439140441395,-0.4960440729860823,0.7238139729617081,0.4796181921078116,0.07358833516876098,-0.5153345651480546,0.8538237774217553,0.3111
1,1784433055.1320531,4758,-85.54,19.32,-2147.25,0.8668914607795278,0.4574447565606853,0.19809969692725796,-0.4928590218763346,0.72690614143594,0.4782232178573261,0.07476081716138988,-0.5122028467685906,0.8556045020799696,0.33140000000000003
1,1784433055.1769361,4761,-85.25,18.73,-2146.7,0.86834562441778,0.45281106264114623,0.20233145604253402,-0.49081623166308247,0.7259772833693553,0.4817223378334267,0.07124116289440623,-0.5176090470436608,0.8526462168613699,0.30610000000000004
1,1784433055.236776,4767,-83.57000000000001,18.26,-2146.15,0.8716644611497517,0.4226220241050054,0.24817673523096676,-0.4871318485291085,0.6914156798019534,0.5335231202793524,0.05388533489852985,-0.5859479349442159,0.8085551237964437,0.31020000000000003
1,1784433055.2966166,4770,-82.63,18.21,-2146.07,0.8731691140022496,0.40408640242679444,0.2725616952660388,-0.48540342956430826,0.6701161219462964,0.5615406429412425,0.04426295199976969,-0.6226223273232554,0.7812696260567404,0.3542
1,1784433055.3564906,4773,-81.88,17.96,-2145.7,0.8721534568245165,0.3925493042875974,0.291981834113648,-0.4879703433939388,0.6551505940457263,0.5767691419359514,0.03511825333139511,-0.6455096767863789,0.7629442741498862,0.3396
1,1784433055.4163287,4776,-81.53,17.650000000000002,-2145.12,0.8742113710127651,0.38713866499140653,0.2930497105623093,-0.4845047632010562,0.6560418552594698,0.5786745359726844,0.031774411520438674,-0.6478678400849857,0.7610897769357734,0.30660000000000004
1,1784433055.4761364,4779,-81.23,17.19,-2144.33,0.8766412916939241,0.38150143815491816,0.29318372803233356,-0.4805808507944262,0.664791500014346,0.5719215919672742,0.023282859508952307,-0.6422685685866971,0.7661259650075055,0.3357
1,1784433055.5359755,4785,-80.93,16.82,-2142.19,0.8822735609267546,0.3774787944726071,0.281252774942989,-0.4703382240402874,0.682296989083785,0.559689890648232,0.019373143685339114,-0.6260835235100095,0.7795152999736688,0.3403
1,1784433055.5958154,4788,-80.29,17.64,-2141.4700000000003,0.8830176402479027,0.35849602323789603,0.3029198711435731,-0.46910468681115164,0.6537113287733726,0.5938032430402874,0.014853949738584973,-0.6664398697226668,0.7454107996408411,0.3698
1,1784433055.6556556,4791,-79.66,18.34,-2140.91,0.884138513222772,0.3379496786750932,0.32262843042674877,-0.4671067104884287,0.6238174084402359,0.6266284081842979,0.010507637836613227,-0.7047282140019009,0.7093995587373773,0.39840000000000003
1,1784433055.7154956,4794,-79.18,18.72,-2140.2200000000003,0.8841910378285751,0.32309933611392827,0.33736186451104094,-0.46707218118159766,0.6005947167495805,0.6489449620566877,0.007055932956875139,-0.7313636613991906,0.6819511775742294,0.3835
1,1784433055.7605107,4797,-78.77,18.830000000000002,-2139.53,0.8849853228230841,0.3131401237748983,0.3445928630572068,-0.46556754057655947,0.5841145972723308,0.6648736740275375,0.006916903152074662,-0.7488346947996093,0.6627207227144484,0.3745
1,1784433055.820351,4800,-78.56,18.72,-2138.77,0.8843459789372007,0.3108053897106914,0.3483277181970869,-0.4667764173978895,0.577183816106034,0.6700586680183066,0.007208723797954693,-0.755154853094424,0.6555068131981113,0.36660000000000004
1,1784433055.8801901,4803,-78.44,18.66,-2137.98,0.8838869626376596,0.3087814555058967,0.35128030120522286,-0.46758814711965846,0.5669440888455002,0.678185612348382,0.010254850187923272,-0.7636939261633584,0.6454970373199382,0.3644
1,1784433055.92507,4806,-78.13,18.96,-2137.42,0.883936092263822,0.2982236406321429,0.3601661352230029,-0.46749352897951746,0.5465840615786899,0.694763027218936,0.010333690320551085,-0.7825014529036054,0.6225630016697953,0.3957
1,1784433055.9852881,4812,-77.99,19.28,-2136.54,0.8831259897674959,0.28788391067282776,0.37042049102729147,-0.46901794081634673,0.5240868335647202,0.7108833674214771,0.010519381615581415,-0.8015334334011428,0.5978574225938833,0.4554
1,1784433056.0452871,4815,-78.75,18.330000000000002,-2135.26,0.8860937107887695,0.3180935482145979,0.3371267273368219,-0.4629864985330772,0.5729926777717215,0.6762565292816575,0.02194169265734893,-0.7553117805279087,0.6549982261953776,0.3743
1,1784433056.1052637,4818,-79.55,17.48,-2134.29,0.903326899391886,0.32641285581750445,0.27830767217614155,-0.4283033576789389,0.6506593819871803,0.6270555018760362,0.023595479143016428,-0.6856362127171535,0.7275618442269288,0.3592
1,1784433056.1652622,4821,-79.8,17.0,-2133.93,0.9162279680107929,0.3212952443945915,0.23936515319534984,-0.40008719350496397,0.7018352970657332,0.5893703872659158,0.021366989215494372,-0.6357645646951973,0.7715872407251115,0.3249
1,1784433056.2252376,4824,-79.81,17.0,-2133.71,0.92311099274865,0.3171524699008283,0.21744058016480236,-0.3840256645483811,0.7312953941994541,0.5636766230657781,0.01975813844409255,-0.6038388504050308,0.7968615053487996,0.3083
1,1784433056.2852383,4830,-79.99,19.02,-2133.56,0.9318329933463048,0.3131380708223473,0.18338980645860428,-0.3619220809404685,0.765109467961335,0.5325597706958759,0.026451461944223292,-0.5626295856401274,0.8262858279817171,0.29200000000000004
1,1784433056.3452122,4833,-79.96000000000001,21.06,-2133.48,0.9393969324613743,0.30052245437694,0.1649838104100531,-0.34158152073983217,0.7794067295748163,0.5252115902972373,0.029248384078850567,-0.5497375776757029,0.8348252078848761,0.3048
1,1784433056.3918135,4836,-79.99,23.22,-2133.59,0.9482793358506552,0.2853507679667095,0.13907278820621208,-0.31561315255038186,0.8006325247097217,0.5092896016159632,0.03397998139861465,-0.5268420062957643,0.8492837342528137,0.2692
1,1784433056.450939,4839,-79.95,25.400000000000002,-2133.78,0.957786667121671,0.26564010767201623,0.10990920561973369,-0.28473492990135196,0.823866151415528,0.49007201944799744,0.039632309774140534,-0.5006794361143324,0.8647250327556157,0.2629
1,1784433056.5113328,4842,-79.67,27.64,-2134.09,0.9635776927442647,0.249961929348031,0.09506347312321987,-0.2642614522552018,0.8354317882032766,0.4818917016420257,0.04103553213510077,-0.4894617054847962,0.8710587373801514,0.2847
1,1784433056.5713654,4845,-79.37,29.78,-2134.61,0.9687977169383184,0.23406363155274776,0.08151809639240365,-0.2440050677360108,0.842968496281263,0.47944305313191343,0.04350299500317707,-0.48437416390807375,0.87377866691978,0.2674
1,1784433056.6312392,4848,-79.21000000000001,31.71,-2135.23,0.9721043603927063,0.22345470114578514,0.07128189841281989,-0.23016822420896443,0.8503661502090182,0.4731807256674618,0.04511874410906844,-0.47638787465104704,0.8780768143024157,0.2763
1,1784433056.6760862,4851,-79.21000000000001,33.17,-2136.01,0.9741835982458322,0.21642770206928313,0.06422901747506755,-0.2211578933008367,0.8577627332045646,0.46403909291801115,0.04533765697010204,-0.4662640274591688,0.8834830805159863,0.2521
1,1784433056.7360575,4857,-79.35000000000001,35.56,-2137.09,0.9771399958683498,0.2067163580921682,0.04965657833068889,-0.20690071602934454,0.8709499040712597,0.44568863380706486,0.048882739090049955,-0.44577417140899256,0.8938097481699784,0.23800000000000002
1,1784433056.7962987,4860,-79.42,36.51,-2137.56,0.9791709993287327,0.19903363538548913,0.04012189002037785,-0.19622975568181328,0.8769390595201985,0.4387160458347585,0.05213479700379587,-0.4374511376977619,0.8977296169049493,0.2296
1,1784433056.8421986,4863,-79.55,37.25,-2137.91,0.9802511659369681,0.19502908009029896,0.032730866141092836,-0.1899964641391359,0.8828864754232066,0.42943313231446584,0.054854309710727696,-0.4271710774782385,0.902505332545044,0.2531
1,1784433056.9009852,4866,-79.81,37.910000000000004,-2138.19,0.981145794534307,0.19172793131379137,0.024358370671653744,-0.18430119950151239,0.8902130123115327,0.4165979603569018,0.05818932659815986,-0.41323261374843234,0.9087644409882528,0.2272
1,1784433056.9609468,4869,-79.95,38.800000000000004,-2138.4900000000002,0.9823126109597435,0.18641429926960165,0.01765342395330549,-0.17733978017887742,0.8959260728479306,0.4072678165008774,0.060104381833267176,-0.4031949665101343,0.9131381507008306,0.2421
1,1784433057.0073297,4872,-79.88,39.92,-2138.94,0.9837265682298779,0.17926037852873838,0.012155478123093715,-0.16876389122276847,0.8986722452816523,0.4048542263331128,0.06165053104408069,-0.40031726449176186,0.9143004428369352,0.2215
1,1784433057.066163,4875,-79.7,41.08,-2139.44,0.9852943609091361,0.17044192565601474,0.012023823823002914,-0.16043282365388428,0.8986283189779195,0.4083239564676071,0.05879057284206991,-0.4042483077386821,0.9127578946442004,0.2189
1,1784433057.1260357,4878,-79.37,42.230000000000004,-2139.9700000000003,0.9865700488338677,0.1625342282167008,0.0161914607723152,-0.1545660102795836,0.8969347977443038,0.4142672049072151,0.052809915832082686,-0.41120626606775623,0.9100112744007197,0.2177
1,1784433057.185876,4884,-78.76,44.410000000000004,-2141.26,0.988762620182421,0.14768075074549344,0.023213719849289646,-0.14350237718304323,0.8940989044360766,0.42425725312482676,0.04189926816555938,-0.4228209372127345,0.9052441142486018,0.2069
1,1784433057.2459571,4887,-78.41,45.480000000000004,-2141.9700000000003,0.9897168093006462,0.13979913684702933,0.030279344850473053,-0.13908872781773057,0.8911488365017118,0.4318658090144326,0.033391064400428536,-0.4316363660982131,0.9014294671685277,0.21180000000000002
1,1784433057.2908373,4890,-78.13,46.42,-2142.7200000000003,0.9905268192627529,0.13304570281639902,0.03399207677244892,-0.13448204184169515,0.8898086657520993,0.43606779148953123,0.027770501315283937,-0.43650816637785733,0.8992716052128736,0.20900000000000002
1,1784433057.3510273,4893,-78.01,46.95,-2143.4900000000002,0.9909659658943886,0.13035621274584774,0.03152320157536002,-0.13115367754783755,0.8928351117811835,0.4308644520453732,0.02802083697321245,-0.43110639170539,0.901865905623491,0.2054
1,1784433057.410965,4896,-78.02,47.47,-2144.19,0.9924780439749722,0.12016460026167264,0.023405150534989056,-0.11878001224697064,0.8988936688474788,0.42175998007934395,0.02964187777828154,-0.42136758412325875,0.906405382889966,0.2068
1,1784433057.4569702,4899,-77.83,48.07,-2145.01,0.9939590670816877,0.10813719427425576,0.01875420434443774,-0.10608808178989913,0.9028704638715596,0.4166176236916709,0.02811924373522047,-0.41609046213875994,0.9088883514760834,0.2041
1,1784433057.516057,4902,-77.49,48.84,-2145.92,0.9952355167600968,0.09544653387845038,0.01990541006491783,-0.09492827780413933,0.9019933315237977,0.42118481924179096,0.022246083979048033,-0.4210676775260597,0.9067563744967041,0.2011
1,1784433057.5759625,4905,-77.04,49.65,-2147.11,0.9965652706287726,0.07904553866107179,0.024687328619805233,-0.08201869720859958,0.9010100894537738,0.4259738865361429,0.01142780314869427,-0.4265356040476383,0.9043985757368876,0.21450000000000002
1,1784433057.635938,4911,-75.65,50.46,-2149.82,0.9981464179767449,0.053322389744526334,0.029333445623142926,-0.06070959224696209,0.9060831837441695,0.4187213984802267,-0.004251316196268053,-0.419726085546231,0.9076408647822316,0.2305
1,1784433057.6959379,4914,-74.77,50.79,-2151.15,0.9984769985528738,0.043236459980599315,0.034267942587655774,-0.05361895155836331,0.906743208165096,0.41826040032526574,-0.012988125139015512,-0.419460800283907,0.9076805306001434,0.2146
1,1784433057.7409263,4917,-73.79,51.370000000000005,-2152.66,0.9984445779724969,0.03364242901843208,0.04445910128491672,-0.04944685605405058,0.9027294917508673,0.42735754720092534,-0.025757195959434827,-0.42889118863991704,0.9029888787595042,0.19970000000000002
1,1784433057.8009317,4920,-72.81,52.1,-2154.07,0.9981132388705994,0.023198101117835455,0.05684901490587295,-0.04575990789613432,0.8983845620415982,0.43681942437884186,-0.04093889618173392,-0.4385966561544355,0.8977510679412021,0.2019
1,1784433057.8608475,4923,-71.93,52.800000000000004,-2155.41,0.9979943457193053,0.015186439728598525,0.06145451944865512,-0.040876818599412765,0.8958671139012986,0.4424377921599242,-0.048336028110366996,-0.44406248015175437,0.8946910875313259,0.2058
1,1784433057.9068613,4926,-71.01,53.79,-2156.7400000000002,0.9977060874198009,-0.00046051881318969043,0.06769306499114258,-0.03002349822148562,0.8932365885097575,0.4485833105477671,-0.060672503492247655,-0.44958668226480275,0.8911737554765122,0.216
1,1784433057.9657037,4929,-70.04,55.17,-2158.19,0.9969404504937379,-0.030247666697219157,0.0720750777225883,-0.005761349838079297,0.8911472630593026,0.4536775974080687,-0.07795219700166549,-0.45270479807628317,0.8882464865009743,0.20550000000000002
1,1784433058.0255437,4932,-69.23,56.5,-2159.76,0.9955552286275826,-0.055997294476554674,0.07572377277703551,0.015491572017434682,0.890452003537023,0.45481341294351746,-0.09289670580117855,-0.4516187910264673,0.8873616340833548,0.2275
1,1784433058.0853837,4938,-68.01,58.480000000000004,-2162.7,0.9926202138407345,-0.0924509553053352,0.07847249159995698,0.048790204277904835,0.896908665149889,0.4395160547074071,-0.11101633682163506,-0.43244383131474434,0.8948003719917254,0.199
1,1784433058.1452236,4941,-67.42,59.27,-2164.13,0.991053122945194,-0.10821090264737543,0.07812879142044002,0.06429404889145741,0.9000444293212716,0.43102934995762116,-0.11696145851399624,-0.4221497670211211,0.8989491595336702,0.197
1,1784433058.1901593,4944,-66.96000000000001,59.93,-2165.42,0.989099221628126,-0.12335665442839695,0.0804106061590644,0.07803291490327399,0.9022004664539023,0.4241994607753045,-0.12487431267612051,-0.4133006824801936,0.9019916584398507,0.20550000000000002
1,1784433058.2500317,4947,-66.44,60.35,-2166.78,0.9867219213210232,-0.13833444160672673,0.0851083559346765,0.09079594364937343,0.9042869228306686,0.41715855236859306,-0.13466976869872568,-0.4038919947990991,0.904839936085845,0.2152
1,1784433058.3100622,4950,-65.99,60.63,-2168.06,0.9841810321176149,-0.15153598430363743,0.09178530100748211,0.1010029051801521,0.9055528891158336,0.4120344380742174,-0.14555448864626455,-0.3962458964772943,0.9065335517011105,0.1913
1,1784433058.355806,4953,-65.47,60.92,-2169.63,0.9796922679049649,-0.16841774503642223,0.10880497858128174,0.10809488990470298,0.9006718910581321,0.42083920852774453,-0.168874376338498,-0.4005316564450493,0.9005863851967052,0.2122
1,1784433058.414645,4956,-65.0,61.11,-2171.19,0.9742300226755446,-0.18795799706736263,0.12469023320225628,0.1182976485916038,0.8964606672499085,0.4270409095292233,-0.192045643676979,-0.40128551358387476,0.8955938852696688,0.2021
1,1784433058.4747627,4959,-64.71000000000001,60.83,-2172.85,0.9682236084470441,-0.20680109944598676,0.14062840862967851,0.13025086354368662,0.8970266543627728,0.4223480719842985,-0.21348947653668715,-0.3906104026144994,0.895458405944927,0.1816
1,1784433058.5346067,4965,-64.56,59.44,-2176.28,0.9593303514678639,-0.22564702350036836,0.16961337664809473,0.14184634221401957,0.9048244630986895,0.40146270832877007,-0.24405919764075165,-0.3610763240141785,0.9000327751161954,0.1564
1,1784433058.5944467,4968,-64.66,58.58,-2178.07,0.9560584078950879,-0.22932500301618453,0.18265367142419303,0.14292819612482854,0.9085472057028623,0.39257293050084796,-0.2559762712549986,-0.34921629114511255,0.9014012039892334,0.1774
1,1784433058.639327,4971,-64.83,57.82,-2179.91,0.9532289001480064,-0.2330188712550673,0.1925016092442764,0.14555495092528783,0.9120835320667381,0.3832980391207351,-0.264893224118245,-0.3373512059733563,0.9033414324852831,0.15510000000000002
1,1784433058.699167,4974,-64.95,56.97,-2181.75,0.9496014242105248,-0.23803303798225764,0.20395442619928592,0.14868727156597286,0.9148473743196128,0.37542825809304375,-0.27595150010755426,-0.3261817814186555,0.9041328525493049,0.1453
1,1784433058.7590067,4977,-64.93,56.14,-2183.68,0.9453642430467984,-0.24288342307120253,0.2174720459410099,0.15246394237019822,0.9189918945090055,0.3636050661138887,-0.28816869060585043,-0.31058258261525834,0.9058130409364538,0.1652
1,1784433058.8188472,4980,-64.78,55.27,-2185.71,0.9382901425749007,-0.2511739649753755,0.23774618328234184,0.157977695890687,0.9227885899672014,0.3514317370804942,-0.30765996806188756,-0.29218634044885267,0.9055233219013551,0.1545
1,1784433058.8787153,4983,-64.61,54.230000000000004,-2187.85,0.9305571843541728,-0.259041269279951,0.25876813454648173,0.1668555961929211,0.9290996122713031,0.3300501787553207,-0.32591799070615757,-0.26395365367265944,0.9078028046040146,0.1458
1,1784433058.923568,4986,-64.43,53.160000000000004,-2189.77,0.922998659762965,-0.26641397277702344,0.27766358995182205,0.1795254674893471,0.9363628413633279,0.30165416595287814,-0.3403587527866759,-0.22857870509555034,0.9120897406386828,0.155
1,1784433058.9834082,4992,-64.05,50.93,-2193.04,0.9113802455100491,-0.2751155196865259,0.30610047193961565,0.20139913937611018,0.9467352031102103,0.2512585159759388,-0.3589212096722689,-0.16734367636538192,0.9182437907374672,0.1507
1,1784433059.0438876,4995,-63.84,49.800000000000004,-2194.44,0.9081534139292524,-0.27578469214898327,0.3149606012582115,0.20951524141723663,0.950759098192687,0.22838673520523317,-0.36243722267797035,-0.1414211468632565,0.9212162172027587,0.1542
1,1784433059.0888047,4998,-63.64,48.78,-2195.62,0.9035933653829392,-0.27864686009244216,0.3253843226041428,0.21656348516058532,0.9524669260361067,0.21425921614350796,-0.3696204633553652,-0.12313684325965359,0.920987530263582,0.1428
1,1784433059.1486404,5001,-63.56,47.730000000000004,-2196.7000000000003,0.9005405333184872,-0.2787619471768216,0.33364430859321076,0.21857338850289856,0.9536497087160842,0.20682820625845216,-0.37583563121239016,-0.11333141608536773,0.9197301606663063,0.14930000000000002
1,1784433059.2084806,5004,-63.61,46.4,-2197.59,0.8998750834726165,-0.27544352807788647,0.3381651918591831,0.21811611571614567,0.9556329361240381,0.19796729896589213,-0.37769060646255487,-0.10438656156305044,0.9200289406073001,0.14170000000000002
1,1784433059.2543263,5007,-63.730000000000004,44.86,-2198.46,0.8983057502133989,-0.2698638856191731,0.3467279371092904,0.21635683522398805,0.9585298638004134,0.18549991928467438,-0.38240881133337173,-0.09161868500083634,0.9194397846369902,0.1437
1,1784433059.313188,5010,-63.9,43.1,-2198.9700000000003,0.8995403894108835,-0.26126865517355297,0.35009395544956057,0.21132088976452368,0.9616759826613984,0.17470771568927226,-0.38232259855735157,-0.08317448043743127,0.9202779126091841,0.14300000000000002
1,1784433059.373046,5013,-64.19,41.230000000000004,-2199.66,0.9008065389810039,-0.25219926333417575,0.3534729281044929,0.2042656517636234,0.9644655260541449,0.16757622910986975,-0.3831750550840269,-0.07875138491988888,0.9203124993905887,0.1458
1,1784433059.4334915,5019,-64.71000000000001,36.65,-2200.56,0.9056036039103142,-0.2288640352255461,0.35707613468969107,0.18871466094253672,0.971415849027407,0.14400703109121152,-0.3798274467833963,-0.06302778465598921,0.9229076925843474,0.15860000000000002
1,1784433059.4933314,5022,-64.88,34.1,-2200.89,0.9063807403906065,-0.21627516440056782,0.3629035777069213,0.1800568679740702,0.9748580998498074,0.13126770148285127,-0.3821694359107545,-0.05363523488090701,0.9225344350401916,0.2142
1,1784433059.5382123,5025,-64.99,31.57,-2201.18,0.9061291671282302,-0.20504116546272103,0.3699838549790909,0.17104768932014286,0.9775741150952725,0.12284761891845841,-0.38687545858808337,-0.0480309271343366,0.9208802362853035,0.1781
1,1784433059.598052,5028,-65.26,29.0,-2201.04,0.9101617612612695,-0.18915135996556307,0.36854759714446944,0.16048591787499045,0.9811942157282217,0.10724822229436594,-0.3819029176395566,-0.038466531487227854,0.9234015851479443,0.1651
1,1784433059.6584878,5031,-65.6,26.12,-2200.77,0.9176266965681757,-0.16231368710640443,0.3627885234172953,0.14350614063253933,0.9865388801546136,0.07840296897461731,-0.3706308585994035,-0.019882276559921586,0.9285674244408231,0.1431
1,1784433059.7183657,5034,-66.04,22.92,-2200.18,0.9257978580660438,-0.11962158247905251,0.3585930883404376,0.11118334682526837,0.9928190578578464,0.044142742812271374,-0.36129847687065847,-0.0009976770346621189,0.9324496851044977,0.18710000000000002
1,1784433059.778201,5037,-66.44,19.8,-2199.71,0.9332106554388351,-0.07751565942358632,0.3508691994455292,0.0797981579393682,0.9967791552071189,0.007973063029118675,-0.35035714144984065,0.02055816841815504,0.9363905355920612,0.1779
1,1784433059.8231955,5040,-66.9,16.75,-2199.14,0.9402660883085914,-0.03540964297097975,0.33859391660443044,0.051249652529378596,0.9979644395117971,-0.0379532684432125,-0.33656077652108873,0.053038991832163776,0.9401668517092854,0.15130000000000002
1,1784433059.8835406,5046,-67.61,11.59,-2197.96,0.9444704674980996,0.03579513287915295,0.3266408493836698,-0.004391996664274935,0.9953353938870974,-0.09637512148328586,-0.3285669587606497,0.08958885052159613,0.9402220968861544,0.135
1,1784433059.9433815,5049,-67.93,9.44,-2197.16,0.9438859179629191,0.06948287386199777,0.3228800150383657,-0.03448058977420138,0.9930085321182789,-0.11289439343530054,-0.32846683668236704,0.09542633483571974,0.9396825803534407,0.169
1,1784433059.9882798,5052,-68.24,7.45,-2196.28,0.9429093422699976,0.09934091255329448,0.3178889041049396,-0.06363135056414736,0.9906312751416932,-0.12083347192117631,-0.3269143977945042,0.09370730923584254,0.9403966805079839,0.155
1,1784433060.0481198,5055,-68.60000000000001,5.47,-2195.31,0.938939171158547,0.13805243847088589,0.31517416946244675,-0.10423664617844783,0.9870635727253959,-0.12182046212375833,-0.32791455359219707,0.0815293053497896,0.9411827760385391,0.1212
1,1784433060.1084008,5058,-69.15,3.43,-2194.0,0.9298412778546219,0.19074739735772853,0.3146595436323787,-0.16215686551395136,0.9800498528659998,-0.11492361316989015,-0.33030341954689824,0.055836514026083965,0.9422218076106288,0.1457
1,1784433060.1542785,5061,-69.97,1.48,-2192.51,0.9232859011219509,0.2380707724828023,0.301438969078102,-0.21550451342684115,0.97067302479397,-0.10654428013734629,-0.31796375498173945,0.033409373336934355,0.9475140443767289,0.1423
1,1784433060.21312,5064,-70.72,-0.27,-2191.16,0.9179693580256157,0.2729804881316125,0.2877740621137797,-0.25403473906078167,0.9618002732291074,-0.10201267453966213,-0.30462864126073175,0.020539900580114522,0.9522497064361846,0.1149
1,1784433060.2734187,5067,-71.62,-2.57,-2190.06,0.913885579299805,0.30837800882749167,0.26403816318754214,-0.2830443142947377,0.9502365428523281,-0.1301400352446445,-0.291031036305892,0.04419860065258902,0.9556921154885979,0.13620000000000002
1,1784433060.3332639,5073,-73.76,-7.17,-2188.36,0.9018332496298355,0.37992662696786494,0.20579734688015788,-0.34126527243783333,0.9184302660647057,-0.20005964161780732,-0.2650184968828074,0.11018894906992703,0.9579267152621032,0.10070000000000001
1,1784433060.3930979,5076,-74.65,-8.91,-2187.31,0.8917169839665429,0.41296803090310696,0.1851978022483607,-0.3741441124808441,0.9028629701812863,-0.211789140824895,-0.25467038226211913,0.11956530653762502,0.959607802110336,0.10540000000000001
1,1784433060.4379783,5079,-75.29,-10.1,-2186.11,0.8814366612961054,0.43873932197271454,0.17486343093425094,-0.4037658156848853,0.8920653900114721,-0.2029593703872758,-0.24503587126682908,0.10829195398829458,0.9634470792388667,0.1017
1,1784433060.4978514,5082,-76.04,-10.82,-2184.62,0.8720569473628521,0.4614049487017501,0.16316296721290324,-0.4329297471645177,0.8827655701631788,-0.1824740588537022,-0.22822908354600718,0.08848966859477425,0.9695777761354353,0.1102
1,1784433060.5577295,5085,-76.86,-11.35,-2182.94,0.8605774175188161,0.48752581736783174,0.14739432097768507,-0.46557712792963757,0.8703417785392186,-0.1604466468268492,-0.20650531810448636,0.0694533363418737,0.9759773499756782,0.11270000000000001
1,1784433060.6026092,5088,-77.96000000000001,-11.93,-2181.34,0.841230347691485,0.5249316503841667,0.12953094050387542,-0.5084060881389056,0.8495133112105732,-0.14089138944358254,-0.18399660775720506,0.052667793773832704,0.981514825070329,0.1134
1,1784433060.6624513,5091,-79.03,-12.34,-2179.52,0.8189092332104094,0.5628476123028399,0.11220620788410672,-0.5516287916461089,0.8258712424813877,-0.11680054395979064,-0.15840878760281313,0.033752869022368986,0.9867965341664743,0.1358
1,1784433060.72229,5094,-80.12,-12.620000000000001,-2177.79,0.7949992282966521,0.5987462113255889,0.09736119057910474,-0.591778769666347,0.8007813280132056,-0.09245081112457303,-0.133319596383698,0.015882037925281776,0.9909458340855103,0.1688
1,1784433060.7824268,5100,-82.47,-12.44,-2174.23,0.7457697230237018,0.6610751887824652,0.08250524224180467,-0.6604758096751296,0.7498709411601207,-0.038278929420979754,-0.08717353414387068,-0.025945450080170754,0.9958552146597438,0.189
1,1784433060.8422601,5103,-83.73,-12.38,-2172.4700000000003,0.719382074484577,0.6907238928994212,0.07341617456756579,-0.691287879791857,0.7222584596458567,-0.021535661653953275,-0.06790064921004478,-0.03525934270322254,0.9970688444580902,0.2245
1,1784433060.8872871,5106,-85.22,-12.32,-2170.65,0.6911851407988008,0.7199029291779677,0.06326826771711035,-0.721260192351297,0.6926614270507051,-0.001970382057080871,-0.04524197241845194,-0.04427098414382549,0.9979946111551029,0.2519
1,1784433060.9471264,5109,-86.77,-12.16,-2168.64,0.6621604464552839,0.7473342540559309,0.05509134110552018,-0.7489650521618072,0.6624115708017894,0.01619449005581091,-0.024390444653609167,-0.05198483993023124,0.9983499800305642,0.21930000000000002
1,1784433061.0070717,5112,-88.16,-11.71,-2166.5,0.639632532621652,0.7673280667383429,0.045583562910424376,-0.7686470060056627,0.6379224446026804,0.0472941310383326,0.007211336252195622,-0.06528853396835742,0.9978403699799486,0.2235
1,1784433061.0673072,5115,-89.64,-11.46,-2164.44,0.6163664987658127,0.7864203651351697,0.04043944237795471,-0.7869273775617455,0.6132498447269443,0.06833688891201495,0.028942039371263387,-0.07394347329579014,0.9968423752599942,0.2472
1,1784433061.1271436,5121,-92.7,-11.16,-2160.56,0.5827383032813193,0.8125522544963908,0.013225112537971753,-0.8100465889805945,0.5794834064117439,0.08957402176047326,0.06511984006209877,-0.06291117075905064,0.9958923591553519,0.2786
1,1784433061.1871026,5124,-94.08,-10.82,-2158.84,0.5717453170139613,0.8204301781325806,0.0012709374283761204,-0.8161049820641169,0.5685709140386386,0.10343971171360757,0.08414244305184014,-0.06017838913271883,0.9946349133016892,0.251
1,1784433061.2471848,5127,-95.45,-10.28,-2157.14,0.5568582592059255,0.8305934356623091,-0.004839812891828971,-0.824459974610552,0.5534350237570093,0.11821770063846908,0.10086936809217324,-0.061840270970947984,0.9929759067907568,0.2756
1,1784433061.307127,5130,-96.79,-9.47,-2155.56,0.540051548311471,0.8415784483238997,-0.009488966388390375,-0.8323003763016336,0.5357040521600331,0.1424684249491075,0.12498163374889096,-0.06904262318349123,0.9897538620330817,0.23040000000000002
1,1784433061.3669934,5133,-97.99000000000001,-8.44,-2153.9900000000002,0.5242434126914557,0.8514102375683074,-0.01641498137356978,-0.8385620536883842,0.5194966170790292,0.16412479080676395,0.1482650544246204,-0.07227635994793191,0.9863029967657715,0.26480000000000004
1,1784433061.4272275,5139,-99.92,-5.99,-2151.42,0.5064570040314601,0.8620158064583914,-0.020737706801067273,-0.8425102416716775,0.49982925254841765,0.2008661518903121,0.1835151104018668,-0.08425833912901211,0.9793991711970209,0.223
1,1784433061.487253,5142,-100.75,-4.6000000000000005,-2150.42,0.4986210799568804,0.8664321548496464,-0.02592951340138105,-0.8437402502598162,0.49198448594439254,0.21460115489329096,0.19869425938898352,-0.08512688548649001,0.9763575188696162,0.20170000000000002
1,1784433061.5471325,5145,-101.39,-3.09,-2149.52,0.4938651595099337,0.8690223415762061,-0.02995620242346475,-0.8442068923141394,0.4874480752172957,0.2229553698305036,0.2083552907692308,-0.08482065673149145,0.9743682717536053,0.2119
1,1784433061.6072347,5148,-101.79,-1.54,-2148.88,0.4926904145701776,0.869456334340779,-0.03608099313159478,-0.8433542761955645,0.48729793750814304,0.22648241636596306,0.2144987650624639,-0.08115665576528869,0.9733467403816958,0.2361
1,1784433061.6521502,5151,-102.02,0.37,-2147.94,0.4931985155007962,0.869204952142965,-0.0351848756990386,-0.8400795703606158,0.48639472582891186,0.24018011189218186,0.22587948063189417,-0.08889837937759919,0.9700904794778177,0.2152
1,1784433061.7121902,5154,-102.06,2.54,-2147.09,0.49419734962833295,0.8686315367243798,-0.0353303414669818,-0.8353749137329933,0.48574174034196815,0.2573008262620815,0.24066103366753228,-0.09764330544076373,0.9656852757377408,0.24200000000000002
1,1784433061.7721505,5157,-101.85000000000001,5.0,-2146.2400000000002,0.4988639284527844,0.866219797257047,-0.02824966776115188,-0.826461063375129,0.48527511304761456,0.2854298081516291,0.2609538112645725,-0.11904338493417059,0.9579831840329498,0.21400000000000002
1,1784433061.8321254,5163,-100.62,10.040000000000001,-2144.88,0.5243953315892891,0.8514444377207664,-0.00720455978719394,-0.7992728225660855,0.49514523894423146,0.3405791353828103,0.2935515139027599,-0.1728396997950056,0.9401882507562886,0.2303
1,1784433061.8921254,5166,-99.83,12.700000000000001,-2144.5,0.5380581539538158,0.8428998130585584,0.0036507683655527872,-0.7842684282973676,0.4990346856802584,0.3686291020307299,0.30889554114585144,-0.2012070765004372,0.9295693933356233,0.2338
1,1784433061.9370873,5169,-99.21000000000001,15.41,-2144.34,0.5492523941143597,0.8356129912630019,0.00852856331056859,-0.7680548522002446,0.5007722646299999,0.3991476957079944,0.32926213200321786,-0.22578323190582503,0.9168469777552064,0.20220000000000002
1,1784433061.9970875,5172,-98.61,17.93,-2144.15,0.5596818662937253,0.8285987068910549,0.01343098955565855,-0.7542823450395942,0.5026378032200948,0.4223900836142438,0.34324095400103866,-0.24653482859942705,0.9063146395065611,0.2346
1,1784433062.0570633,5175,-97.98,20.35,-2144.23,0.5701103151178647,0.8212339928213777,0.023429844875004248,-0.7411458181841606,0.5017878941233807,0.4459952751984648,0.3545096681112384,-0.27163143843428844,0.8947285939712551,0.21760000000000002
1,1784433062.102029,5178,-97.39,22.62,-2144.2200000000003,0.5814941814005867,0.8127991914736118,0.034956992678210355,-0.7289593048138862,0.5014720559798029,0.46598724123804625,0.36122409792608984,-0.2964510944679277,0.8841006162571375,0.2199
1,1784433062.1620758,5181,-96.82000000000001,24.85,-2144.4,0.5933039352107575,0.8036403674343274,0.04639612368989942,-0.7163771849494429,0.5008357244535777,0.485764661122,0.3671432545306271,-0.321443209511539,0.8728574303467778,0.2571
1,1784433062.222051,5184,-96.42,27.02,-2144.76,0.6025745795194822,0.796420572347028,0.05116784204313371,-0.7068759885899512,0.5028652698871258,0.497446335895971,0.3704459648476389,-0.3359178356142765,0.8659844079683662,0.25470000000000004
1,1784433062.2670374,5187,-96.29,29.04,-2145.11,0.6076529818301568,0.7922774719388969,0.055265370088593765,-0.7012692837243286,0.5025843451830198,0.5055990186716368,0.3727992024906784,-0.34598465780300935,0.860996731229131,0.22820000000000001
1,1784433062.3270128,5193,-96.2,32.8,-2145.86,0.6216619969223354,0.7814125393021729,0.05413690981081567,-0.6910091054363683,0.514568920219612,0.5076664678192297,0.3688397725118112,-0.3530060477744719,0.8598511222578492,0.2331
1,1784433062.3869846,5196,-96.13,34.59,-2146.41,0.6275074469997997,0.7770304680266997,0.049578782941917185,-0.6866075251689043,0.5222095589559498,0.5058332560404316,0.36715733731089456,-0.35145530056216323,0.8612053537719871,0.2492
1,1784433062.446825,5199,-96.08,36.43,-2146.88,0.6328078441756871,0.7727093063691752,0.049744951504522635,-0.6826878763962138,0.5264632624812556,0.5067284249765555,0.36536488032013603,-0.35462199749601064,0.8606693576052259,0.24750000000000003
1,1784433062.506665,5202,-96.11,38.1,-2147.48,0.6330193251272179,0.7723886189438921,0.051984183569896446,-0.6838726007009474,0.5264794869483328,0.5051114885182706,0.3627737587340136,-0.3552958923891007,0.86148710311033,0.24000000000000002
1,1784433062.5521986,5205,-96.08,39.97,-2148.07,0.6368795767418293,0.7691067457833684,0.053471659032289245,-0.6813520095191938,0.5290438367489411,0.5058379759588202,0.3607545479315604,-0.3585908983625725,0.8609696416008049,0.24980000000000002
1,1784433062.6112583,5208,-95.96000000000001,41.9,-2148.73,0.6458466577987639,0.7614988988597926,0.05478614464889485,-0.6735279381292012,0.5345043750919435,0.5105538067304934,0.3595027276246918,-0.3666394687467436,0.8580986474686417,0.2424
1,1784433062.6710649,5211,-95.78,43.85,-2149.4,0.6533676779860773,0.7552005301312373,0.05275259853864876,-0.6676700703122957,0.5419904133734526,0.5103558258905724,0.3568295875796396,-0.36867133208424596,0.858343808929133,0.2446
1,1784433062.7309053,5217,-95.2,47.74,-2151.14,0.6723133300895683,0.7383332281150085,0.05346803199245184,-0.651958505093247,0.5563533745037035,0.5151902855401297,0.35063498658926445,-0.38122823470935696,0.8554064175816859,0.24450000000000002
1,1784433062.7909696,5220,-94.71000000000001,49.65,-2151.9900000000002,0.6831279729448672,0.7283554061182899,0.053240726502349366,-0.6411439191986598,0.5632296312254408,0.5212550790009021,0.3496722000028305,-0.390218893555803,0.8517385559297321,0.2427
1,1784433062.8359156,5223,-94.24,51.38,-2153.03,0.6917681847807441,0.7200748469666415,0.05430463415880832,-0.6350502417894209,0.57083694125559,0.5204386389394621,0.34375568203064244,-0.3945090636017501,0.8521705403308177,0.23170000000000002
1,1784433062.8959157,5226,-93.69,52.93,-2154.05,0.7006235512052356,0.7114705429758781,0.0541876920912306,-0.627802973493388,0.578574510869525,0.5206870094835768,0.3391018519109344,-0.39882477587243637,0.8520262508754504,0.2096
1,1784433062.9558907,5229,-93.08,54.410000000000004,-2155.23,0.7100157149065348,0.7022678328405513,0.051938189641127015,-0.6217898455759133,0.5906095080100039,0.5143518221867821,0.33053755085382375,-0.3974925156598758,0.8560050393951774,0.2152
1,1784433063.0009263,5232,-92.45,55.68,-2156.42,0.7200652538468298,0.6922943222700128,0.04727157237922675,-0.6147655221678987,0.6048642652894172,0.5061645713891131,0.32182197401068097,-0.39353245346298643,0.8611404212526963,0.2111
1,1784433063.0611725,5235,-91.77,56.92,-2157.73,0.728825604266511,0.6833907039152859,0.04231293381136873,-0.6092796812119388,0.6191103600618734,0.4954600207144226,0.3123963966306807,-0.3868843598108197,0.8675995525044599,0.2162
1,1784433063.1211216,5238,-91.15,58.18,-2159.14,0.7369975496915225,0.6747522092372251,0.03929462912632798,-0.6047285190746984,0.6323146074706714,0.4842330589674075,0.301890758332238,-0.3806411608177637,0.8740562205744499,0.22560000000000002
1,1784433063.1812248,5244,-89.47,60.980000000000004,-2162.03,0.7677262488397111,0.6402980357342154,0.02479581169091629,-0.5771268267616187,0.674132832345128,0.46094419422138305,0.2784259913775485,-0.3681892852721827,0.8870826441410002,0.22110000000000002
1,1784433063.2412217,5247,-88.56,62.61,-2163.53,0.786067539827441,0.6178443676499789,0.019135312718434553,-0.5566408086630238,0.6940601896000254,0.4565429479724246,0.2687914302216674,-0.36952508788386046,0.8894955741676379,0.2081
1,1784433063.3009474,5250,-87.62,64.4,-2165.14,0.8049715136241332,0.5930735573503713,0.016870620185639455,-0.533274118520748,0.7107570858850342,0.458740753999613,0.26007609803592374,-0.3782699042165398,0.8884099857579374,0.2025
1,1784433063.360951,5253,-86.59,66.01,-2166.87,0.8213326535582338,0.570207442783265,0.01661759289307655,-0.5130285665857982,0.7256071768744959,0.45858032528134607,0.24942806992379923,-0.3851722952949673,0.8884975750508803,0.22660000000000002
1,1784433063.4210076,5256,-85.56,67.36,-2168.53,0.8372896390624184,0.5465051412219096,0.01667905683021807,-0.49432484767410206,0.7436048797697383,0.45021631218183206,0.23364290122043252,-0.38520632575368446,0.8927637320750913,0.24550000000000002
1,1784433063.4659727,5259,-84.52,68.44,-2170.28,0.852171916072775,0.5229296947479484,0.01864295598002377,-0.4773443610653688,0.7623033513526639,0.4370766082457307,0.21434874950871627,-0.3813635206300082,0.899231048572465,0.259
1,1784433063.5261364,5265,-82.8,69.29,-2173.66,0.8733247313374827,0.48598031463590224,0.03357152693434066,-0.4597688738600716,0.7995229633794029,0.38649141472801135,0.16098601263387846,-0.352967654063949,0.921681799169777,0.22
1,1784433063.5861166,5268,-82.0,69.12,-2175.33,0.8811618965664174,0.4710008767981882,0.04137494525449496,-0.45419560319547836,0.8189001340875451,0.3508688137029229,0.13137757067844602,-0.3279645475455217,0.935510122594027,0.2422
1,1784433063.6462018,5271,-81.22,68.48,-2177.08,0.8854173263248052,0.4620109520419616,0.05081376228064264,-0.4539409168999764,0.8360638896450858,0.3081149402342226,0.09986892513611044,-0.29587675242372485,0.9499911289940279,0.2164
1,1784433063.7061625,5274,-80.58,67.6,-2178.84,0.8869593101777221,0.4582428164081336,0.057590826521253406,-0.45622834519452593,0.8499367559968793,0.2635587369953156,0.07182533766105079,-0.26004044303885326,0.9629226806208446,0.1827
1,1784433063.7517211,5277,-79.88,66.36,-2180.73,0.8872179926215037,0.4561191075014939,0.06927909742996072,-0.4598448626229319,0.8621732855404266,0.2126027469712537,0.037241588150429605,-0.2204826194339742,0.9746796800177826,0.1719
1,1784433063.811562,5280,-79.13,64.83,-2182.71,0.8878804704424809,0.4528976028966407,0.08094461994052118,-0.4600727944773204,0.8744629518004929,0.15377766323558847,-0.0011375362271122942,-0.1737766014710999,0.9847844428058794,0.16
1,1784433063.8713987,5283,-78.48,63.160000000000004,-2184.54,0.8886807246383045,0.4496351813431132,0.08985974268204752,-0.45741139135991565,0.8829882753327897,0.10538749773579287,-0.03195917255693925,-0.13475870778310142,0.9903629142723915,0.1829
1,1784433063.9164402,5286,-77.83,61.67,-2186.34,0.8886518372230916,0.44873263209635816,0.09453537481757156,-0.45536754488872744,0.8878356708149227,0.066243646417068,-0.054206192100507374,-0.10191587962869751,0.9933150770110519,0.1335
1,1784433063.9758027,5292,-76.8,58.54,-2189.9900000000002,0.8832117100750285,0.4545799404289184,0.11530027296578647,-0.45639705883235354,0.8896998128398046,-0.011660519799470135,-0.10788326967385196,-0.042323997831698726,0.9932622409676215,0.12010000000000001
1,1784433064.0356746,5295,-76.17,57.050000000000004,-2191.91,0.882813181818741,0.45298608726381856,0.12427586552700745,-0.45049312731459296,0.8914281180997475,-0.04911061497742232,-0.13302942625369996,-0.012629925041696084,0.9910316123838092,0.09670000000000001
1,1784433064.0954828,5298,-75.49,55.64,-2193.75,0.8825111258009608,0.44962669699368546,0.13787656141661356,-0.44192572728758,0.8931204617285409,-0.08388976339900721,-0.1608594554226268,0.013102449860486434,0.9868903492327753,0.0908
1,1784433064.1553228,5301,-74.93,54.35,-2195.63,0.8828454606336148,0.4462109414139688,0.14655950464258552,-0.43299541997547286,0.8941536270261233,-0.11403621160092982,-0.18193091798505323,0.03721675749562168,0.9826067647042879,0.0867
1,1784433064.2002745,5304,-74.4,53.11,-2197.15,0.8847452239707572,0.4402631774852739,0.1529517022183964,-0.42263866082650964,0.8961994457059129,-0.1349189233991621,-0.19647506466651007,0.05472557050396695,0.9789804190571465,0.10840000000000001
1,1784433064.260049,5307,-73.84,51.97,-2198.4,0.8865965972824069,0.4338652465422475,0.16033534086436688,-0.4138064058626641,0.8988791465651017,-0.1441545640533757,-0.20666574983359484,0.06145915483660286,0.976479411013099,0.13770000000000002
1,1784433064.319888,5310,-73.41,50.67,-2199.64,0.8871037380088501,0.4313475035579938,0.16427504127228781,-0.4109654502655368,0.9001533604301329,-0.14433061488950957,-0.21012938085562877,0.06052486167374432,0.9757983318394249,0.0927
1,1784433064.379728,5316,-72.46000000000001,47.88,-2201.78,0.8863309610831316,0.42928436882763915,0.17358674519014367,-0.4100029069495597,0.901786211237568,-0.1366720363304185,-0.21520930211857262,0.04996558717805709,0.9752888784250484,0.1047
1,1784433064.439568,5319,-72.04,46.03,-2202.9700000000003,0.8859358658355853,0.42940845825634644,0.17528838411047032,-0.4085143989734732,0.9014024444237755,-0.14349083252314282,-0.21962155508395398,0.05551584606893938,0.9740042933056074,0.1202
1,1784433064.4844801,5322,-71.60000000000001,43.94,-2204.4900000000002,0.8852915806560934,0.4302085051815374,0.17657706331486678,-0.4069157976596256,0.9004428501654017,-0.15369517624518447,-0.22511852619112904,0.064213048950153,0.972213111159307,0.10930000000000001
1,1784433064.5445309,5325,-71.23,41.67,-2206.13,0.881766007523868,0.43594979006845813,0.18010132846452057,-0.4094079057327009,0.8969793803286188,-0.16677277352389022,-0.23425173360934118,0.07331965496750627,0.9694072175801375,0.0949
1,1784433064.6050107,5328,-70.97,39.47,-2207.92,0.8779555461056775,0.4432493469427179,0.180897969853549,-0.4141019144734633,0.8927256813746596,-0.17765264491012298,-0.24023668223586073,0.08106092923846757,0.9673238662719441,0.101
1,1784433064.650263,5331,-70.51,37.59,-2209.77,0.8770031686437179,0.4437655695277211,0.18422150116263736,-0.4118621997703426,0.8917618843540547,-0.1874307072324053,-0.24745700755729813,0.0885034514301139,0.964848261902225,0.1038
1,1784433064.7102995,5334,-69.97,36.0,-2211.78,0.8773649656026417,0.44183876747914236,0.1871075110346667,-0.4079202455251149,0.8921680174054616,-0.1940033556656641,-0.2526495407156038,0.09388680562954806,0.9629919404153257,0.09330000000000001
1,1784433064.770186,5337,-69.46000000000001,34.53,-2213.7200000000003,0.8771223784622159,0.4408274981650937,0.1905976129501356,-0.40654371058404287,0.8927931468908443,-0.1940170308228156,-0.25569228495467633,0.0926904187402757,0.9623044953071813,0.10400000000000001
1,1784433064.8156495,5340,-69.06,33.14,-2215.62,0.8753841682787457,0.44067243974970477,0.1987721277542989,-0.40430005027944543,0.8927741292704935,-0.19873556161228403,-0.2650358980798005,0.0936063830641633,0.9596842281598039,0.14350000000000002
1,1784433064.8754885,5346,-69.18,31.470000000000002,-2217.13,0.8794044854664063,0.43111376704530735,0.2019620528851145,-0.39468230287417067,0.8974270932511438,-0.19710528175760356,-0.2662210185907693,0.09362442076086434,0.9593543855623353,0.092
1,1784433064.9353287,5349,-68.2,32.11,-2216.37,0.8988883450541745,0.38150029333567653,0.2155394843423362,-0.3544022080967449,0.9222613197539912,-0.15437983346855297,-0.25767968104202355,0.06238256383332892,0.9642144977688636,0.09390000000000001
1,1784433064.9954495,5352,-66.71000000000001,33.05,-2215.7200000000003,0.9221079943542432,0.3156224472186561,0.22382876839160282,-0.29478942102506545,0.9477451228692663,-0.12197696228889399,-0.2506312909428946,0.04649357901072112,0.9669655128860968,0.10350000000000001
1,1784433065.0552895,5355,-66.13,32.99,-2215.44,0.9290363752827145,0.287391472842708,0.23301835708556132,-0.2652192771632882,0.9564169423239774,-0.12216942111934714,-0.25797315446095953,0.051698875935096256,0.964767888045881,0.1047
1,1784433065.100443,5358,-66.07000000000001,32.31,-2215.48,0.9285701620609772,0.2836586785335672,0.23936417489390688,-0.2581150271365044,0.9569534970435839,-0.13272768084456663,-0.26670974278487103,0.06146347361356912,0.9618150313417763,0.1072
1,1784433065.1604295,5361,-66.22,31.650000000000002,-2215.29,0.9269683303358692,0.28630694169821763,0.2424005975441158,-0.26032308091349227,0.9561939185499835,-0.13388459086741572,-0.27011406497633245,0.06100430528611357,0.9608937853053898,0.10360000000000001
1,1784433065.220431,5364,-66.34,30.95,-2214.85,0.9267930009053192,0.28837412850203614,0.2406139968572157,-0.2646320477945154,0.9560195623828633,-0.1264771743096739,-0.26650443289557935,0.053543985208139695,0.9623452753014565,0.1071
1,1784433065.265311,5367,-66.47,29.87,-2214.28,0.9246997150109475,0.29195879672346864,0.24431638928745059,-0.26987587830050597,0.955360699999741,-0.12022039430785231,-0.2685096783548095,0.045232664212815694,0.9622144037157248,0.108
1,1784433065.325349,5373,-66.99,26.650000000000002,-2212.85,0.9222803492542659,0.303862773063989,0.23888568924339532,-0.28353333076294873,0.9519006019250782,-0.1161640839551639,-0.26269337206312926,0.03940379677818785,0.9640744437405058,0.1178
1,1784433065.3854208,5376,-67.34,24.71,-2212.03,0.9204483595471891,0.3117460662615759,0.23577363630677978,-0.2917931787792983,0.9493998151172592,-0.1161754357563877,-0.26006068181245895,0.03813635045133745,0.9648388780254928,0.1236
1,1784433065.4453928,5379,-67.71000000000001,22.28,-2211.2400000000002,0.9157542640855324,0.3294128799420396,0.22995930582921995,-0.3106266527440529,0.9435882899739889,-0.11468313576541808,-0.25476501018426945,0.033590081158805074,0.9664194203520303,0.10740000000000001
1,1784433065.5053668,5382,-68.19,19.61,-2210.48,0.9072096844047405,0.3544406088343036,0.2265887096291853,-0.3356922092324276,0.9345691335683347,-0.11786125420164205,-0.25353762873171937,0.03086080670527231,0.9668331197402148,0.0912
1,1784433065.550247,5385,-68.75,16.68,-2209.59,0.8976308335872107,0.38027593623250605,0.22282077756802715,-0.3622618011032693,0.9245183974740766,-0.11845725048886131,-0.25104835003430037,0.025611424295741148,0.967635665367187,0.1
1,1784433065.610283,5388,-69.14,13.72,-2208.7400000000002,0.8871345293945548,0.40455782409942026,0.22209298439132324,-0.38761542920615727,0.9143370470313317,-0.1172264623169668,-0.25049272603656286,0.017908975011631703,0.967952820553153,0.10790000000000001
1,1784433065.670339,5391,-69.55,10.620000000000001,-2207.87,0.8776862711629503,0.4241076803162323,0.22315798195193642,-0.4096353355875301,0.9055974017423196,-0.10996471159263535,-0.24872816738392914,0.005101122851331879,0.9685598986616614,0.1067
1,1784433065.7153208,5394,-69.81,7.61,-2206.9500000000003,0.8716351745804642,0.43744881884062514,0.22111230931141246,-0.4251873924366209,0.8992330647998544,-0.10293481667350374,-0.2438602135384753,-0.004292559330141521,0.9698008920326722,0.1291
1,1784433065.7753446,5400,-70.39,1.6400000000000001,-2205.31,0.8575800881499401,0.4658088528930047,0.21812497558795094,-0.45859994041584584,0.8844901606376596,-0.08580938401917376,-0.23290016543429895,-0.02644368169658703,0.9721410621093042,0.12940000000000002
1,1784433065.8353198,5403,-70.94,-1.49,-2204.71,0.8484979754402588,0.4841646000197518,0.2136254333207905,-0.4767386023974688,0.8745701145229501,-0.08858566344178906,-0.2297204619921568,-0.026678734434517147,0.9728909262970246,0.13540000000000002
1,1784433065.8952918,5406,-71.48,-4.46,-2204.09,0.8405430246979924,0.5003843561784467,0.20761242670763047,-0.49341435608383044,0.8653343132620572,-0.08797044675152166,-0.22367319205020716,-0.028496006442389244,0.9742475459424602,0.1448
1,1784433065.955132,5409,-71.91,-6.91,-2203.6,0.833768670216471,0.5125895446037654,0.2051384004236202,-0.5073779237718642,0.8578699362114323,-0.08140525175653719,-0.21770954741216464,-0.03620954718713266,0.9753416948219188,0.1505
1,1784433066.0154464,5412,-72.37,-9.01,-2203.03,0.8278127075343568,0.5239969162959333,0.20038301564002362,-0.5219150830008408,0.8503249554025384,-0.0674693734660129,-0.20574442247813868,-0.04873091351517489,0.9773916976765832,0.1432
1,1784433066.0753198,5418,-73.23,-11.91,-2201.56,0.8137659278695842,0.5455500177847968,0.2004000816705477,-0.5492404944098529,0.8346191210594847,-0.04178279624813545,-0.19005234526039036,-0.07606642397865683,0.9788227649600945,0.1365
1,1784433066.135277,5421,-73.65,-12.69,-2200.4500000000003,0.8072485170200009,0.5559947310674165,0.19803961925402824,-0.5615102710438892,0.8268314204623844,-0.03249642516298781,-0.1818132208647858,-0.08496858926348465,0.97965519013444,0.1701
1,1784433066.1950834,5424,-74.01,-13.16,-2199.2000000000003,0.7996960844255043,0.567145005252192,0.197060182614367,-0.5740659076461285,0.8184039186897577,-0.025755767347822315,-0.17588208047707213,-0.09252874629400065,0.980053021461756,0.1524
1,1784433066.2551656,5427,-74.41,-13.07,-2198.17,0.7946207837641811,0.5747328538113863,0.19560152545370954,-0.5833746309928637,0.8120438668212118,-0.016087208334393966,-0.16808286624144256,-0.10132573763794525,0.9805515004160605,0.19140000000000001
1,1784433066.3152168,5430,-75.4,-12.44,-2196.84,0.7915329807929915,0.5787374752647815,0.1963121877039431,-0.588819743779398,0.8082192622057025,-0.008540113303350567,-0.16360577511972457,-0.10883271072529793,0.9805042536489365,0.1588
1,1784433066.3751698,5436,-78.47,-10.83,-2194.65,0.7837842675882262,0.5917674884717576,0.18839708455551052,-0.6035118699568471,0.797329005948554,0.006314989650058073,-0.14647745458731087,-0.11864946633221238,0.9820726345014933,0.1559
1,1784433066.4357855,5439,-80.55,-9.84,-2193.69,0.7769372947498066,0.6021377948365302,0.1838437272692569,-0.6147912382752982,0.7885379714064399,0.015479050040045562,-0.13564723869942127,-0.1250517640004226,0.9828335988119277,0.16160000000000002
1,1784433066.480455,5442,-83.11,-8.91,-2192.8,0.7674284736493637,0.6169642364546091,0.17438081536737074,-0.6290354077154916,0.7771511035627839,0.01872479829937793,-0.12396771221738796,-0.12406165067065773,0.9845002352262079,0.1772
1,1784433066.5402954,5445,-85.7,-7.97,-2192.03,0.7594764830479126,0.6289770479516321,0.1660823435745771,-0.6404080808660686,0.7677492358560165,0.020942798378954106,-0.11433705286831718,-0.12226603777236358,0.9858894736981598,0.16290000000000002
1,1784433066.6001356,5448,-88.25,-6.890000000000001,-2191.15,0.7539229945485796,0.6379232863226542,0.15701591976040918,-0.6485780209646252,0.7607930677792515,0.02324776850893777,-0.10462633039781263,-0.11936410174897713,0.9873224104623309,0.19970000000000002
1,1784433066.6605923,5451,-90.88,-5.72,-2190.3,0.7502015804354193,0.6448594283626706,0.14612975865294683,-0.6547723991813287,0.7552911826414257,0.028431227452279932,-0.09203637314956402,-0.11701088443339781,0.9888567939502605,0.1701
1,1784433066.7204323,5454,-93.28,-4.42,-2189.3,0.7467658414804919,0.6499096974539165,0.14127336321222034,-0.6601450061404852,0.7501487740222467,0.03854072781745875,-0.08092804746014828,-0.12204180426509335,0.9892201216847588,0.1796
1,1784433066.7653124,5457,-95.94,-3.2800000000000002,-2188.3,0.741779664268044,0.6582089828677757,0.1285451848594715,-0.6668766426500383,0.7442238503194862,0.03750205465640044,-0.07098220316530493,-0.11354204282029946,0.9909943144872185,0.2088
1,1784433066.8251529,5463,-100.89,-1.1400000000000001,-2186.13,0.7352674660772608,0.6691808832004749,0.10760436277101532,-0.6754091323088346,0.7366652043546092,0.03386562692478575,-0.0566061597544916,-0.09757726298792162,0.9936168378331935,0.19390000000000002
1,1784433066.8849926,5466,-103.31,-0.05,-2184.91,0.7326461239961196,0.673115505015652,0.10072325402302298,-0.6789082580735496,0.733225319291508,0.03826497444667806,-0.04809609249202396,-0.09641653414943942,0.9941783631872143,0.2021
1,1784433066.9448326,5469,-105.49000000000001,1.02,-2183.57,0.7313691710438328,0.6745198391432737,0.10060875831054128,-0.6808109921463507,0.7307656127524432,0.049779636310920576,-0.03994406863801236,-0.10490283990759348,0.9936799613356221,0.2093
1,1784433067.0046725,5472,-107.82000000000001,1.75,-2182.38,0.7289736695644151,0.6777358964942891,0.09628833618291033,-0.6836902711346161,0.7278419006787633,0.05304508245068863,-0.03413212911123425,-0.10449986707842049,0.9939390200323792,0.20800000000000002
1,1784433067.0645158,5475,-109.93,2.46,-2181.2400000000002,0.7264491943531352,0.6803482162495069,0.09694262565969053,-0.6867028608552725,0.7241160255024716,0.06399345672557373,-0.026659874659584942,-0.11305877346149651,0.9932305698207828,0.2016
1,1784433067.1243844,5481,-114.15,3.64,-2179.46,0.7263818839269662,0.678850636966645,0.10738329196244539,-0.6871588014469933,0.7203908092365727,0.09407371344540107,-0.013495936301085055,-0.14212281540082253,0.9897570232364612,0.19240000000000002
1,1784433067.184225,5484,-116.31,4.01,-2178.89,0.7293260534105589,0.6756304905494863,0.10773554685636107,-0.6841003020990796,0.7223443395844765,0.10112087686632415,-0.009501814801741776,-0.14745201019357743,0.9890235690848559,0.2129
1,1784433067.2440329,5487,-118.44,4.38,-2178.62,0.7335037563094787,0.6706170980562841,0.11065688986436002,-0.6796316407480197,0.725707750231697,0.10700043994210245,-0.00854823806638296,-0.15369114824288685,0.9880819594435186,0.22970000000000002
1,1784433067.3038728,5490,-120.56,4.5200000000000005,-2178.33,0.7350828087935972,0.668852035819313,0.11086125741879344,-0.6779206173874714,0.727243251094973,0.10742853558437548,-0.008769306535022984,-0.1541240017556455,0.9880125967545761,0.2286
1,1784433067.3637128,5493,-122.82000000000001,4.47,-2178.12,0.7333976656985669,0.6719121990044192,0.10325628686398862,-0.6797826780205463,0.7259500254829541,0.10436508594598214,-0.0048347296829377075,-0.1467329456200736,0.9891643281369122,0.2005
1,1784433067.4235528,5499,-126.63000000000001,4.93,-2177.13,0.7310092396746566,0.6754460682448522,0.09694380022905498,-0.6823658073566731,0.7232701867448595,0.10609967915376431,0.0015480506310254637,-0.1437109802994414,0.9896184909754957,0.19940000000000002
1,1784433067.4833932,5502,-128.39000000000001,5.25,-2176.39,0.7295105284076203,0.6766916906691189,0.09951253550082997,-0.6839627151355223,0.7210888585182723,0.11057062189053458,0.0030648404328892103,-0.14872529677289079,0.9888738002662102,0.19920000000000002
1,1784433067.5432692,5505,-130.05,5.61,-2175.84,0.7281181940897015,0.6780723189283264,0.10030865236216652,-0.6854272662645252,0.719020949718701,0.11488401336459797,0.005775646863477789,-0.1524034257120866,0.9883014913145325,0.2073
1,1784433067.6033144,5508,-131.76,5.92,-2175.15,0.7259884177745015,0.679529005577656,0.10574094682722293,-0.6876516406052624,0.7153479659039743,0.12414712582229677,0.00872000172973523,-0.1628423110118749,0.9866135734491721,0.2091
1,1784433067.648162,5511,-133.48,6.28,-2174.56,0.7238684477629866,0.6807256690949206,0.11237007505771619,-0.6898866616434512,0.7121626661702454,0.1299258673234148,0.008418100715615662,-0.17157185185385193,0.985135643062305,0.21250000000000002
1,1784433067.7082908,5514,-135.13,6.67,-2173.94,0.7227664066439887,0.681303335939491,0.11590722956165113,-0.6910062316649367,0.7097912599827351,0.1367726399991791,0.010913717385019278,-0.17894728746153785,0.9837981292333288,0.18910000000000002
1,1784433067.768102,5517,-136.76,7.11,-2173.15,0.7228833386469848,0.6809852462840186,0.11704175771955676,-0.6907981415144503,0.708481244743958,0.14440309389425598,0.015414486263581821,-0.18523881933748815,0.9825726301010441,0.2218
1,1784433067.81296,5520,-138.36,7.58,-2172.41,0.7227629333464187,0.6805716291036574,0.12014990569981368,-0.6909202146268679,0.7076537192257137,0.14783595870415794,0.01558843162229788,-0.18986434980061045,0.981686573950336,0.2277
1,1784433067.873393,5526,-141.5,8.19,-2171.3,0.7259586119689108,0.677875325830925,0.11605660833313047,-0.6874815135025367,0.7106683395286207,0.14939772348966504,0.0187952733535258,-0.18824333672470406,0.9819425563027177,0.1952
1,1784433067.933276,5529,-143.15,8.44,-2170.9700000000003,0.7232084071266119,0.6808399030343865,0.11587332004182617,-0.6903458180604104,0.7078519782145579,0.1495601164222582,0.019805336348846594,-0.1881557954830623,0.9819394814744159,0.222
1,1784433067.979373,5532,-144.86,8.68,-2170.73,0.7188404080367763,0.6855954036085294,0.11501047919376126,-0.6949342365808483,0.7043338770604619,0.14484542261587616,0.01829957926605617,-0.18404546225276971,0.982747369990299,0.2064
1,1784433068.0383883,5535,-146.51,8.97,-2170.46,0.7144715934021156,0.6907119934318977,0.1115673982432863,-0.6993533319151681,0.7002612429759719,0.14331471914949784,0.020862870382443277,-0.18041932744326714,0.9833685000671541,0.2036
1,1784433068.0989249,5538,-148.07,9.48,-2170.12,0.7104489344819277,0.6950140715498054,0.11053393977080438,-0.703411824370504,0.6964355437685574,0.142089192803511,0.021774223964432377,-0.17869799585769247,0.983663006037734,0.183
1,1784433068.1587658,5541,-149.46,10.1,-2169.58,0.7078108388808942,0.698076251490866,0.10813585652865561,-0.7060236698730576,0.6940842999621972,0.14063272067682756,0.023116962207537277,-0.17588783826759566,0.9841387475391097,0.17830000000000001
1,1784433068.218606,5544,-150.86,10.8,-2168.9700000000003,0.7049569735850229,0.7006571675990366,0.11006906416400968,-0.7089146578282983,0.6913145115298958,0.13972921693177967,0.021809936039157,-0.17653265884894245,0.9840531220669394,0.2034
1,1784433068.2634525,5547,-152.26,11.540000000000001,-2168.23,0.7025579364473425,0.7033956489475568,0.10792083661877946,-0.7110965392798674,0.6880627358872967,0.1446076875808627,0.027460112145583127,-0.17833741201703493,0.9835861475824161,0.1918
1,1784433068.324399,5553,-155.05,12.98,-2166.63,0.7032169762684938,0.7033159877260996,0.10407932405938014,-0.7102353884391502,0.6882403631748266,0.1479557214360846,0.032428032571929215,-0.17796579420170502,0.9835022108758426,0.1826
1,1784433068.3842392,5556,-156.5,13.59,-2165.7,0.7020665312544904,0.7046394786066192,0.10288727268850732,-0.7112895019141823,0.6869588021909678,0.1488450488226768,0.034202779988795284,-0.177681764065259,0.9834934471361237,0.19770000000000001
1,1784433068.4291189,5559,-157.84,14.09,-2164.77,0.7009269188726631,0.7062211746947182,0.09976525854468139,-0.7121560273092442,0.6853035749029931,0.15229183494952223,0.0391822302426742,-0.1777938768292927,0.9832873894214347,0.2167
1,1784433068.488959,5562,-159.08,14.57,-2163.77,0.6997143053761868,0.7078143785722641,0.09694687379322707,-0.713037243571081,0.6834503328126796,0.15644018620160383,0.04447224002088763,-0.17859016788333268,0.9829179883402926,0.2081
1,1784433068.548799,5565,-160.36,14.98,-2162.66,0.6966120763375393,0.7115661908565684,0.09167972038884102,-0.7157876227053385,0.6806135040418387,0.1562476793355023,0.048782110271516826,-0.17446722943224496,0.9834538583846696,0.18100000000000002
1,1784433068.5946763,5568,-161.56,15.370000000000001,-2161.5,0.6931087675724973,0.7158750564233276,0.08439869610978347,-0.7187527286486276,0.6774661057456927,0.15631439673273304,0.05472432159731452,-0.16900467199655617,0.9840948478012932,0.22190000000000001
1,1784433068.653552,5571,-162.62,15.76,-2160.45,0.6905047022953839,0.7189845560152195,0.07914836902653871,-0.7208257810067721,0.6748906782663574,0.1579011267380737,0.060111975046080145,-0.16608365542934622,0.9842777909997186,0.2194
1,1784433068.7133594,5574,-163.52,16.14,-2159.37,0.6885367629459378,0.7211247719823459,0.07678664796264426,-0.7221418274533431,0.6720616164239337,0.16384249989546518,0.06654552662858462,-0.16826243479475417,0.9834934905339564,0.1917
1,1784433068.7738066,5580,-165.16,16.78,-2157.34,0.6833339975138482,0.7268441347002085,0.06893657732763728,-0.725998637071583,0.6664530055451656,0.1696065162958648,0.07733451242458406,-0.16594575996909536,0.9830978475901223,0.219
1,1784433068.8336132,5583,-165.70000000000002,17.12,-2156.28,0.6821048891021357,0.7283117081922142,0.06553606620100016,-0.7264805891165304,0.6647012357843182,0.17435085541430204,0.08341986513931639,-0.16653625087931753,0.9825002815486615,0.2204
1,1784433068.8785217,5586,-166.25,17.56,-2154.9700000000003,0.680608739377688,0.7301414358613807,0.06054112256141048,-0.7269968742414992,0.6628073864892708,0.17933742849263837,0.09081458432324754,-0.1660718279948278,0.9819230413941065,0.2054
1,1784433068.9383655,5589,-166.55,17.98,-2153.71,0.6799688808879439,0.7312831308916795,0.05354720811825326,-0.7266084230474177,0.6622187731666329,0.18304779709743643,0.09839979969767022,-0.1633746581907432,0.9816446406314843,0.2351
1,1784433068.998173,5592,-166.70000000000002,18.59,-2152.16,0.6803891175836256,0.7313535740459416,0.04682518984481095,-0.7249455922583867,0.662314660707485,0.1891908519909616,0.10735239605575699,-0.16266911182568256,0.9808232374484872,0.2242
1,1784433069.0440512,5595,-166.55,19.18,-2150.62,0.6818511656262065,0.7304175455475853,0.03961309241178419,-0.7217874398870259,0.6630274583340977,0.19853836182551593,0.11875133496309273,-0.16396584599015546,0.9792922555566422,0.184
1,1784433069.1029289,5598,-166.32,19.740000000000002,-2149.07,0.6830675581719649,0.729761851397501,0.02943384476891926,-0.7187383515401103,0.6644974515232542,0.2045930569313261,0.12974549317180095,-0.1609061128857192,0.9784044817137818,0.1905
1,1784433069.1629515,5601,-166.02,20.18,-2147.7,0.6844065639542918,0.7289108768770899,0.016630958678081398,-0.7158161252353052,0.6674271533429342,0.20530043797727615,0.1385457688613911,-0.15241367573423142,0.9785576842372589,0.1847
1,1784433069.222574,5607,-165.27,20.85,-2145.45,0.6852615853095637,0.7280324119521674,-0.01963076274965902,-0.7111088729499364,0.6746673705205702,0.19785881321470367,0.1572918640963197,-0.12162543443691903,0.9800339398138902,0.1769
1,1784433069.282413,5610,-164.59,21.37,-2144.5,0.6877496469011912,0.7253024737024536,-0.030606287399622054,-0.7071692787678978,0.6788907596162799,0.19753214339575684,0.1640488779424538,-0.1142088356859135,0.9798185074273142,0.1691
1,1784433069.3422532,5613,-163.88,21.93,-2143.75,0.690954213567312,0.7218985155919071,-0.03801062929995126,-0.7029681110900093,0.6832366680714237,0.19754364123707838,0.16857671708786387,-0.1097733509958594,0.9795568905719658,0.1746
1,1784433069.4035983,5616,-162.92000000000002,22.29,-2142.9700000000003,0.6945402382393455,0.718167943059957,-0.04299608153615519,-0.6976290786987002,0.6868756478713677,0.20375355927024225,0.17586223591333167,-0.1115197288479465,0.9780776165812426,0.1656
1,1784433069.4634383,5619,-161.93,22.61,-2142.17,0.6984006818861503,0.7140285597285443,-0.048986767937280504,-0.6924058531621774,0.6914011690805665,0.20624877672554323,0.18113702561242787,-0.11012556145603349,0.9772726020237527,0.1883
1,1784433069.5234933,5625,-159.79,22.87,-2140.7200000000003,0.7051745957487257,0.70624197176297,-0.06285751212841592,-0.6825367964270784,0.7001581075163318,0.20957611028504616,0.1920216420971412,-0.10488518388934251,0.9757698433374628,0.1751
1,1784433069.5835726,5628,-159.35,22.42,-2140.69,0.7031466543255359,0.7066177774174548,-0.07922183504831166,-0.6835159229012973,0.7024169401544567,0.19853570289607514,0.1959356160864929,-0.08545032955856276,0.9768866236811413,0.1625
1,1784433069.6284263,5631,-158.81,22.01,-2140.81,0.7031545586288475,0.7060839892391251,-0.08377987120802687,-0.6837351692474674,0.7037825423641988,0.1928635564266139,0.19514068005827895,-0.07832964447479426,0.9776423588321267,0.17750000000000002
1,1784433069.689149,5634,-158.14000000000001,21.39,-2141.06,0.7030101047823608,0.7054993595371726,-0.08970755969556492,-0.6839770962920242,0.7052725690602605,0.18645625513527617,0.19481304967025476,-0.06972271526396118,0.9783591460472966,0.16240000000000002
1,1784433069.7491567,5637,-157.24,20.86,-2141.09,0.7035114406222931,0.7042054838334234,-0.09574074081852335,-0.6832584996741895,0.7072604140333777,0.18149525989488102,0.19552359329891877,-0.062268316825405554,0.9787201751181028,0.15510000000000002
1,1784433069.7941039,5640,-156.23,20.28,-2141.09,0.702659994761659,0.7041534930088792,-0.10216060906699449,-0.6828036583650788,0.7076917185095613,0.1815257438388509,0.20012020358976673,-0.057795240603164724,0.9780652402978098,0.1733
1,1784433069.8540907,5643,-155.0,20.080000000000002,-2141.08,0.7041525647662337,0.7018374959029158,-0.10767216389513057,-0.6788068970666626,0.7098714913162616,0.1878926882855103,0.20830353340225494,-0.05921651088295784,0.9762699641036716,0.1741
1,1784433069.914519,5646,-153.54,19.990000000000002,-2140.9900000000002,0.7081766691613723,0.697415418448779,-0.10998881472867471,-0.671767521893247,0.713522381173669,0.1990331833983059,0.21728829187259557,-0.06706374336533952,0.973800930653138,0.1562
1,1784433069.9595075,5649,-151.74,20.16,-2140.63,0.7140491697101514,0.6903125534981216,-0.11662916324464544,-0.661523879341212,0.719812877378507,0.21037009916199553,0.22917229391354607,-0.07306161812454778,0.9706400257868134,0.1865
1,1784433070.0195854,5655,-147.76,20.66,-2139.66,0.7211277664519167,0.678465816770172,-0.1402101277599208,-0.6434474906188374,0.7309144426511298,0.2274629735590154,0.2568074595263757,-0.0738120112066565,0.963639826767884,0.17850000000000002
1,1784433070.0793989,5658,-145.44,21.13,-2139.2400000000002,0.7305972298585606,0.6677414150055657,-0.142650238027712,-0.6273546976372141,0.7389210885315545,0.2458082754421885,0.269543634826567,-0.09009454816862109,0.9587644138758878,0.2026
1,1784433070.1394744,5661,-143.47,21.38,-2139.15,0.7388468188433491,0.6582136245097436,-0.14443061584999767,-0.6152666022421327,0.7463360434064573,0.2538297036948512,0.2748679436574675,-0.09867793482912392,0.9564048717605815,0.1799
1,1784433070.1996002,5664,-141.56,21.45,-2139.2400000000002,0.7441919313822494,0.6519647374114805,-0.14532842267614574,-0.6074491981729117,0.7510482980197709,0.25871205167268896,0.2778197993387872,-0.10425178757980401,0.9549595404423012,0.1973
1,1784433070.2444577,5667,-139.45000000000002,21.67,-2139.36,0.7494551965253305,0.6468017859623225,-0.14129528681852163,-0.5999373812904469,0.7537461792501413,0.26821975280760874,0.2799857977318475,-0.11625036318981552,0.9529395605843516,0.18660000000000002
1,1784433070.3044827,5670,-137.11,21.990000000000002,-2139.28,0.7547477846332014,0.642114642750295,-0.13433006795552382,-0.5928264806577915,0.7552806451981331,0.2794779254610079,0.2809137686589458,-0.13130092366298352,0.9507089575801185,0.21150000000000002
1,1784433070.3642867,5673,-134.74,22.62,-2138.92,0.7605752935869476,0.635697485429736,-0.13196184980303594,-0.5804836637809327,0.7568604295484433,0.30033482360061253,0.2907987944758257,-0.1518255485814445,0.9446613488067298,0.1835
1,1784433070.4241266,5679,-129.44,24.0,-2138.16,0.7755810044248606,0.6189728327681864,-0.12388195134986897,-0.5561925657730672,0.7628878446726245,0.329623977024624,0.29853632166638755,-0.18674787480901706,0.9359494088358724,0.2011
1,1784433070.483967,5682,-126.68,24.79,-2137.79,0.7824143278100328,0.6131672478038138,-0.10887490922279047,-0.5471543320515946,0.7603315662359891,0.35002577948245606,0.29740537411880763,-0.2142938067369747,0.9303914272172912,0.1912
1,1784433070.5438068,5685,-123.71000000000001,25.7,-2137.45,0.7911531791410616,0.6054776254487669,-0.08644936214868053,-0.536596770023722,0.7549688067151712,0.37694297617435346,0.29349710992631567,-0.25183118545564026,0.9221933097224827,0.1967
1,1784433070.6036477,5688,-120.69,26.63,-2137.36,0.7943314505767343,0.6044058756824544,-0.0610826003472901,-0.5343839171567092,0.7430262782380236,0.40292155431548055,0.2889141320685312,-0.2874117034643454,0.9131939208091624,0.22970000000000002
1,1784433070.6634877,5691,-117.73,27.39,-2137.27,0.7969138327646617,0.6033000459525998,-0.030941843867616274,-0.5360895931873737,0.7298858262023593,0.4241162915817971,0.27845339147608383,-0.32139653897092707,0.9050789874441768,0.199
1,1784433070.723328,5697,-112.36,28.96,-2137.59,0.7964799595497302,0.604558995129426,0.01131792577103048,-0.5438761489750097,0.7081025176125999,0.4503216174322641,0.2642317327872883,-0.36482769351955197,0.8927946826843396,0.21910000000000002
1,1784433070.783837,5700,-110.21000000000001,29.71,-2137.87,0.7928405562363311,0.6085016638234109,0.033609187895656534,-0.5532411540076154,0.695517890508443,0.4584529305119635,0.25559357953435946,-0.3820740623319331,0.8880829538922514,0.23620000000000002
1,1784433070.8439243,5703,-108.46000000000001,30.21,-2138.2400000000002,0.7805265586708093,0.6231559797340083,0.04954711022099988,-0.5740923285544277,0.6831897982620719,0.4512977928658465,0.24737883802875854,-0.3806945290812276,0.890996849614612,0.2117
1,1784433070.9037852,5706,-107.17,30.53,-2138.67,0.7653988222122546,0.6414803902890764,0.051648347801911236,-0.5953960770077369,0.6753747754207686,0.43516942012179904,0.24427065816403318,-0.363829385289204,0.8988659655144307,0.23140000000000002
1,1784433070.9636254,5709,-106.0,31.17,-2139.26,0.750093318891398,0.659328093981519,0.051443925211681306,-0.6127358310841562,0.6636009721605393,0.4291719364697508,0.24882687608073253,-0.35344053847045426,0.9017566032503557,0.23950000000000002
1,1784433071.0085053,5712,-104.69,31.990000000000002,-2140.0,0.7412603430538017,0.6686621720991026,0.058514984572075594,-0.6231282935900369,0.6531295200794233,0.43027079813576813,0.2494879426812626,-0.3554050219179974,0.9008013304009596,0.2328
1,1784433071.068481,5718,-101.71000000000001,34.11,-2142.02,0.7378432995100738,0.6707438409493189,0.07543185796891264,-0.628027640238141,0.6412762231037801,0.44084701289524814,0.24732276172038756,-0.37264930633278476,0.894407035987919,0.2296
1,1784433071.1289947,5721,-100.31,35.13,-2143.2,0.737959109939213,0.6697563193573026,0.082721368090011,-0.6280952204657952,0.6368277120255282,0.4471541783594944,0.24680507710691058,-0.3819383953955004,0.890623554616069,0.22760000000000002
1,1784433071.1888342,5724,-98.83,36.160000000000004,-2144.4700000000003,0.7433592522109104,0.6632112364167096,0.08699355173261673,-0.6234941430794338,0.6399250957030832,0.44916692379898404,0.24222319397216832,-0.388132358584052,0.8892025621431273,0.23800000000000002
1,1784433071.2486396,5727,-97.31,37.08,-2145.66,0.7512930854541071,0.6536135631745633,0.09136744378113493,-0.6157901797936717,0.6444503826983261,0.45330581146689364,0.23740504252969297,-0.39682869638451357,0.8866599300223522,0.2451
1,1784433071.2935195,5730,-95.64,38.24,-2146.67,0.7619082741211626,0.6395013629559351,0.10263424673671294,-0.6038661210409199,0.6440908801837986,0.469566444630632,0.2341825990220112,-0.41974390387659094,0.8769113783466006,0.24830000000000002
1,1784433071.3540556,5733,-93.91,39.4,-2147.85,0.7715589199311941,0.6265843411381741,0.10994951803009365,-0.5928539786132663,0.6455408179987757,0.48145738372143854,0.23069675575748871,-0.43665674818776357,0.8695457958871734,0.25320000000000004
1,1784433071.4138956,5736,-92.19,40.46,-2149.01,0.7800043052719237,0.6148261559181541,0.11654218873939652,-0.5826659366727365,0.6456386148186146,0.4936103577685369,0.22824042148258075,-0.4529233677500047,0.8618391572372699,0.258
1,1784433071.4587758,5739,-90.63,41.38,-2150.1,0.7869566115864087,0.6050138385639636,0.12106835518225328,-0.5748572858394381,0.647662557690857,0.5000723070543419,0.2241392254777212,-0.4631322343687983,0.8574789449839639,0.2957
1,1784433071.5186157,5745,-88.45,42.17,-2152.38,0.7937582798761937,0.5962789129900974,0.1199968793399804,-0.5701561080168456,0.6607346053690355,0.4882128570192596,0.2118249409750162,-0.45593995129969994,0.8644356281353506,0.23920000000000002
1,1784433071.5791347,5748,-87.62,42.21,-2153.56,0.7988137986921132,0.5901019591820458,0.11694525551978308,-0.5665958628180751,0.6726842304293155,0.4758834462020724,0.2021525247344616,-0.4464029613490831,0.87169877414291,0.22870000000000001
1,1784433071.638974,5751,-86.69,42.35,-2154.78,0.8133017478487943,0.5708323355177685,0.11265305887292207,-0.5504830394225951,0.692203063340962,0.46671548336159757,0.18843749694303852,-0.4415941166147008,0.8772034803380139,0.2651
1,1784433071.6988146,5754,-85.86,42.22,-2156.17,0.8257833761488355,0.5521306165807399,0.1150373761453345,-0.5371332060162929,0.7077393239860255,0.458904094859114,0.17195852601976377,-0.4407457674419302,0.8810070566182399,0.2667
1,1784433071.7436948,5757,-84.94,41.76,-2157.61,0.8361235005171955,0.5351849570199412,0.12031023922524066,-0.5270984948040539,0.7231526869028986,0.4463377288560971,0.15187056547656522,-0.43660881026919485,0.8867401412686505,0.2937
1,1784433071.8035338,5760,-84.16,41.14,-2159.11,0.8416809284111882,0.5258362940261881,0.12275751151633933,-0.5221332463261148,0.7346022792846696,0.4332855459748465,0.13765931799130987,-0.42878395860219914,0.8928573396772829,0.25570000000000004
1,1784433071.863374,5763,-83.38,40.57,-2160.53,0.8440814210107638,0.521055981650296,0.12659865201058015,-0.5207827186579478,0.7403782954297774,0.42500039953361674,0.1277181062014558,-0.42466533134097906,0.8962965143887206,0.26530000000000004
1,1784433071.9080882,5766,-82.65,39.77,-2161.92,0.8455112237884074,0.5199391131315871,0.12154871074498635,-0.5202868643440804,0.7510536207604593,0.40647267747489335,0.12005144413472991,-0.40691740854692227,0.9055417568409658,0.2762
1,1784433071.9677165,5772,-81.56,37.28,-2164.92,0.8489874355400069,0.5220113149017009,0.08200317926641529,-0.5177800004726486,0.790849626531156,0.3262832194981459,0.10547134874337549,-0.3194699599807913,0.9417084152029889,0.23550000000000001
1,1784433072.0275552,5775,-80.98,36.67,-2166.4,0.8478085783845287,0.5239877589665749,0.08159315455839877,-0.5209753262106992,0.7942492465867753,0.3126545118433368,0.09902183545693198,-0.30757919752403,0.9463560182897416,0.2464
1,1784433072.0873961,5778,-80.44,36.39,-2167.82,0.8461671802349715,0.5258785418460655,0.08632996188493071,-0.5236751687974501,0.7904703325542298,0.3176806115213324,0.09882014307902952,-0.3140197646286957,0.944259586525008,0.2421
1,1784433072.1480553,5781,-80.09,36.230000000000004,-2169.29,0.8463869909616526,0.5249957139545528,0.08949056855461804,-0.523080158446606,0.7879098181831565,0.32493886540403033,0.10008101403539484,-0.3218347693148371,0.9414914614003214,0.2313
1,1784433072.1929028,5784,-79.83,35.93,-2170.83,0.847270462892275,0.5216953405971936,0.09983353299111686,-0.5228842949210483,0.7861500044766836,0.3294847258769801,0.09340651388007445,-0.3313640627172606,0.9388679785274833,0.24300000000000002
1,1784433072.2527428,5787,-79.60000000000001,35.57,-2172.39,0.848139840002538,0.5189202539138122,0.10667981007901182,-0.5220622871687778,0.7844452771592676,0.334808266711897,0.0900543175898525,-0.3396577354051351,0.9362279864770554,0.2782
1,1784433072.3130035,5790,-79.45,35.27,-2173.95,0.8493353830543605,0.5151125953198138,0.11527541470230539,-0.5215611213926431,0.7853345718978704,0.33350203422713537,0.08126132993959259,-0.3433782525508488,0.9356751423071868,0.2257
1,1784433072.3579166,5793,-79.3,34.85,-2175.29,0.8530917870047836,0.510426476485937,0.10816290975716354,-0.5157462163375809,0.7935532973094068,0.3229225985632434,0.0789952104779421,-0.331267228127866,0.9402243244513653,0.27
1,1784433072.418325,5799,-79.89,33.64,-2177.6,0.856360310893914,0.5141211996194462,0.048232872893296176,-0.5076734088690028,0.821163679369711,0.2606874020955461,0.09441783651940838,-0.2477288917059535,0.9642176457424612,0.2182
1,1784433072.4781325,5802,-80.38,33.11,-2178.57,0.8524693882920711,0.5222852265666759,0.022673423542506746,-0.5127709679644965,0.8269209019922616,0.23079808547961897,0.10179330251885559,-0.20837457608475216,0.9727374566674218,0.21480000000000002
1,1784433072.5379722,5805,-81.12,32.6,-2179.2200000000003,0.8451045185620543,0.5345764449773189,-0.005135872020410831,-0.5221153915200805,0.8273929789799933,0.2069211837208687,0.1148645752346284,-0.17218850951798131,0.9783441350292567,0.18910000000000002
1,1784433072.5978122,5808,-81.55,32.45,-2179.87,0.8451788569787212,0.5338171425090067,-0.02668254260113643,-0.5204225378452366,0.8332936074948888,0.18649972067238563,0.12179114014929783,-0.14373942420809058,0.9820926107600346,0.1839
1,1784433072.6426926,5811,-81.96000000000001,32.34,-2180.38,0.8492608616250942,0.52501156132838,-0.055846659553988015,-0.5100790769156571,0.8431792883406649,0.1699059239879553,0.13629132109079248,-0.11580823884709751,0.9838765814930549,0.1698
1,1784433072.7025647,5814,-82.16,32.86,-2180.79,0.8543478117378704,0.514630984600448,-0.07242075854260002,-0.4962138075723049,0.8491961594227971,0.1806591818761687,0.1544722426629058,-0.1184095963625606,0.980875880902343,0.17500000000000002
1,1784433072.762372,5817,-82.56,33.11,-2181.15,0.8534559879432984,0.5150002232778093,-0.0799227543790579,-0.49312101822281973,0.8476066194044468,0.19594560502510586,0.16865508599096016,-0.12781935990127574,0.9773523792388341,0.18430000000000002
1,1784433072.8072522,5820,-82.74,33.31,-2181.75,0.8570653569819654,0.5092271703560964,-0.07827300193872433,-0.4855301658173357,0.8491384948880604,0.20790448427253866,0.17233523128706701,-0.1401838274208653,0.9750123397100523,0.18150000000000002
1,1784433072.8670952,5826,-82.74,34.47,-2182.86,0.8702176004151305,0.49020801632675753,-0.04916735356634211,-0.4640411145588623,0.8490846155377256,0.2524305046069538,0.1654907004236223,-0.19685379444180887,0.9663650509446009,0.1749
1,1784433072.9269323,5829,-82.22,35.61,-2183.41,0.8833542524020923,0.4679819224839232,-0.026041985166114813,-0.44207540366601306,0.8503391909726442,0.2854690837367868,0.1557388912143412,-0.24065780794364502,0.9580340376203171,0.1918
1,1784433072.9867723,5832,-81.11,36.24,-2184.21,0.896620791057438,0.44209937500801433,0.024885732077984068,-0.42843665622876176,0.8519691755627515,0.3009826498163029,0.11186236473028796,-0.2805292614121537,0.9533048540988865,0.2132
1,1784433073.046645,5835,-79.93,36.85,-2184.92,0.9080414097109905,0.4124266740083217,0.07324641162890315,-0.41359833558124176,0.8550952970716292,0.31264748476584403,0.06631150016779673,-0.3141914567463853,0.9470409249093097,0.2013
1,1784433073.0919907,5838,-79.04,37.480000000000004,-2185.56,0.9159902290961914,0.3849406870135487,0.11306001805166978,-0.400088008140753,0.8554575698252088,0.32881899575710755,0.029857761842970468,-0.34642894467738267,0.9376009280858479,0.23290000000000002
1,1784433073.1518333,5841,-78.19,38.11,-2186.1,0.9193816797877378,0.36326816505786863,0.15090913533039155,-0.39336287800766484,0.8507085382464702,0.34865545909978335,-0.0017242610603690472,-0.37990949344553476,0.9250220557985377,0.271
1,1784433073.2116373,5844,-77.61,38.45,-2186.65,0.9190268286770491,0.3500973540198807,0.18116713520968453,-0.3930180602339065,0.8492683235380523,0.35253385506195495,-0.030438339340101893,-0.395190026877127,0.9180949570469671,0.2474
1,1784433073.2567945,5847,-76.98,39.04,-2187.4500000000003,0.9179498029257072,0.3304714811278972,0.21944648429580463,-0.3914439908519054,0.8443027834053073,0.36595684439559795,-0.06434097710315226,-0.42183102078342266,0.9043886490719723,0.28240000000000004
1,1784433073.3166845,5853,-75.57000000000001,39.97,-2189.9,0.8978240861145079,0.28704173968625474,0.333944531427806,-0.4135346039493351,0.8102099809972229,0.4153900793578806,-0.1513309014349518,-0.5110448379255661,0.8461277278877679,0.32330000000000003
1,1784433073.3767703,5856,-75.06,40.09,-2191.31,0.876641906359576,0.26920189385388066,0.39878478952905466,-0.44013303974542034,0.7835138245134051,0.4386216981874393,-0.19437560376421906,-0.5600325232893718,0.8053457006276462,0.29300000000000004
1,1784433073.4366102,5859,-74.65,40.25,-2192.58,0.8582393543818223,0.2479411968754187,0.44938888891722484,-0.4600024316251442,0.7599390327550429,0.4592280799279206,-0.22764659779849017,-0.6008475924785875,0.7662631383039757,0.3186
1,1784433073.4969373,5862,-74.38,40.52,-2193.44,0.8465283414257928,0.22600573154265266,0.48198669740228983,-0.4705877057693947,0.7409783054921275,0.4790598730521194,-0.248871409249021,-0.6323547739203726,0.7336146546781359,0.3242
1,1784433073.5418174,5865,-74.07000000000001,40.78,-2194.16,0.836371170700681,0.2034311338893276,0.509017719323478,-0.478180466533137,0.7247619111348489,0.49604799525279125,-0.26800504892058286,-0.6582825730130369,0.7034467626056801,0.3649
1,1784433073.601692,5868,-73.66,41.04,-2194.8,0.8254693565315223,0.1788473262338841,0.5353634049189626,-0.4847673114464489,0.7104880863824666,0.5101052174420119,-0.2891383668426175,-0.6806029040546119,0.6731854809872334,0.3976
1,1784433073.6615567,5871,-73.31,41.24,-2195.28,0.8157981680066226,0.15910487050635558,0.5560206734089963,-0.4908095390296576,0.6989994239828481,0.5201017224247014,-0.3059074132389292,-0.6971982827379899,0.6483326376734898,0.44120000000000004
1,1784433073.7065456,5874,-73.10000000000001,41.32,-2195.68,0.8056768293192149,0.14568775993530644,0.5741601895840299,-0.49775129252860023,0.6919886605234584,0.522872206655754,-0.32113625999604034,-0.7070549980814662,0.6300355007487858,0.43710000000000004
1,1784433073.76656,5880,-72.76,42.03,-2196.02,0.8017611998351142,0.11561150442968188,0.5863556586939909,-0.48795339880829597,0.6931247808941083,0.5305464340676757,-0.3450803660459259,-0.7114857821165509,0.6121335824929146,0.43310000000000004
1,1784433073.8268073,5883,-73.07000000000001,41.480000000000004,-2195.36,0.806711600666144,0.13671581704778138,0.5749131923339601,-0.4742343717922898,0.7302371849936417,0.49178797694060583,-0.35258779610394886,-0.6693746626677165,0.653926147983884,0.4128
1,1784433073.8866472,5886,-74.04,39.33,-2193.85,0.8177470029241872,0.20668981821521853,0.5371863347616629,-0.45108619295282737,0.8098356636899933,0.37508324988342623,-0.3575067632029274,-0.5490405420931573,0.7554756100644269,0.3674
1,1784433073.946844,5889,-75.12,36.980000000000004,-2192.8,0.836823249585684,0.2693325855130665,0.47664117251209276,-0.41880863178763583,0.8756504586704642,0.2404903411165906,-0.3525991759675912,-0.4008693460605991,0.8455634739603664,0.2252
1,1784433074.0067153,5892,-75.61,35.72,-2192.11,0.8513957040041575,0.2974861370484528,0.4320038813104047,-0.3938514769113356,0.9065270812648966,0.15195283830224188,-0.3464193547393459,-0.2995173604272994,0.8889786169895418,0.2102
1,1784433074.066523,5898,-76.86,34.85,-2189.7400000000002,0.8879464926378962,0.34510367909520573,0.30406327776798703,-0.38134132833222184,0.9219896330556066,0.06718562229975088,-0.2571571844570464,-0.1756091319178517,0.9502797563187291,0.1532
1,1784433074.1268535,5901,-77.39,34.28,-2188.75,0.8992964195175805,0.36944953388917046,0.23403630434600176,-0.3848300165025938,0.9227223629464982,0.022120111144477456,-0.20777826700950472,-0.10995673161523743,0.9719761874300323,0.1374
1,1784433074.1866937,5904,-78.16,33.56,-2188.15,0.90350438465273,0.39389586064830495,0.16889605642945962,-0.3936530620117579,0.9185395772029203,-0.036363606540708825,-0.16946118635858526,-0.03363177182385033,0.9849628471378651,0.11040000000000001
1,1784433074.2466211,5907,-79.4,32.94,-2187.36,0.9027149114011621,0.42146625625191836,0.08644063613245903,-0.4141091850601447,0.9056517714307155,-0.09115070901111912,-0.11670206331858382,0.0464872428242324,0.992078406514216,0.0952
1,1784433074.3065948,5910,-81.36,31.79,-2186.87,0.8934272151186865,0.44847834204228815,-0.025592733427065886,-0.44600962319840337,0.8788386126967563,-0.16946418160679033,-0.053509132862406064,0.16281851722774482,0.9852039906273584,0.1163
1,1784433074.3665557,5916,-84.34,30.78,-2186.01,0.8611676070558881,0.46691977912349636,-0.20093847919425667,-0.5061611882939618,0.8240689824645789,-0.25438389022231284,0.04681029825241302,0.32077442541926343,0.9459981839171052,0.1494
1,1784433074.4265995,5919,-85.22,31.0,-2185.41,0.8553967443996427,0.4543845695800524,-0.2486585461994874,-0.5116874119236011,0.8158405181230215,-0.26940720381550054,0.08045124081963544,0.3576854930190912,0.930370187578187,0.14450000000000002
1,1784433074.4870012,5922,-85.89,30.990000000000002,-2185.35,0.8544192033216734,0.4285492885294289,-0.29379130738685494,-0.5075616930841472,0.8093444925679624,-0.2955378487833017,0.11112584176829045,0.40163042669950705,0.9090346790087059,0.1734
1,1784433074.546839,5925,-86.59,30.95,-2185.29,0.8521464893558124,0.4089340728681855,-0.3265260858277665,-0.5062341551733873,0.8022529629897659,-0.31641296356190635,0.13256447795111312,0.43492885328703934,0.8906534408870658,0.1884
1,1784433074.6068769,5928,-86.91,31.13,-2185.43,0.850566250673727,0.4043342557728985,-0.3362303716552315,-0.5076886132871904,0.7980458443362481,-0.3246153142970532,0.1370741593203052,0.4468071619235991,0.8840667593006823,0.19090000000000001
1,1784433074.666515,5934,-87.82000000000001,32.99,-2183.92,0.837186081675337,0.42183054285765353,-0.34810696310403405,-0.522123138006887,0.805909467244347,-0.27910098416840834,0.16280937751535457,0.4154141592656059,0.8949436758113399,0.17370000000000002
1,1784433074.7263577,5937,-88.43,33.74,-2183.19,0.8312392630781353,0.42581241333496933,-0.3573864521315372,-0.5288819422392761,0.8037754677016067,-0.2724497911437525,0.17124595963271455,0.4154862045494563,0.8933342236467592,0.1952
1,1784433074.7723372,5940,-89.03,34.43,-2182.38,0.826187205664248,0.43287716186091335,-0.3605995894838793,-0.5370899776871845,0.7984428334689393,-0.27207241232817314,0.17014422430597317,0.4184571715496491,0.8921572386715171,0.17350000000000002
1,1784433074.8316016,5943,-89.61,35.32,-2181.32,0.8231568772705599,0.43910045199093883,-0.36000492838784004,-0.541822049950479,0.7970521855177535,-0.2667146035537485,0.1698282119956552,0.4146065684751339,0.8940132950843812,0.1806
1,1784433074.8919199,5946,-90.26,36.58,-2179.63,0.8195594336911439,0.44827749101542813,-0.35688881419395063,-0.543610476659227,0.8051911201721232,-0.23697027168463425,0.18113526524169565,0.38821972006181515,0.9035903190279024,0.201
1,1784433074.9517598,5949,-91.08,37.86,-2177.86,0.8141400442589001,0.45757625262710827,-0.3574912045992866,-0.5459146631645423,0.8129510481458811,-0.20270119353486166,0.19787159694119952,0.36018684921891014,0.9116535881428283,0.1883
1,1784433075.011901,5955,-92.79,40.35,-2174.09,0.8061725868553723,0.4795769606796037,-0.3465424923270321,-0.5490247736264693,0.8246747213485341,-0.13595367561460706,0.22058458275074774,0.29986253976452515,0.9281297856973706,0.1905
1,1784433075.0717368,5958,-93.7,41.69,-2172.08,0.8016498472568314,0.49780499612959955,-0.3309799211757536,-0.5526555337624487,0.8282165517915285,-0.09289351075448227,0.22788019526681455,0.2573859537095209,0.9390543580848761,0.1671
1,1784433075.131671,5961,-94.43,42.81,-2170.43,0.8003204610632347,0.5082442493063373,-0.3180800884220339,-0.5522237136986202,0.8314698012834565,-0.060884641598301564,0.2335297189490786,0.22437859211762354,0.946106821541245,0.1562
1,1784433075.1916068,5964,-95.25,43.78,-2168.75,0.7991175882820032,0.5176476692717432,-0.30569915046641327,-0.5527085012157847,0.8326444208147566,-0.03487952364725564,0.2364833879623593,0.19683536009465,0.9514890688989832,0.1613
1,1784433075.2516787,5967,-96.03,44.76,-2167.12,0.7977535706809187,0.5279066793255797,-0.29138252931375935,-0.5525999010985327,0.8334414519086639,-0.0029488211661421833,0.24129357590233538,0.16337038949521315,0.9566020729981961,0.1905
1,1784433075.311435,5970,-96.59,45.69,-2165.71,0.798943588617033,0.5332991024370572,-0.2779949811553556,-0.547891577106339,0.8360387272367116,0.02922441267755665,0.2479999232735082,0.12896245151302252,0.9601378672649493,0.15380000000000002
1,1784433075.3564444,5973,-97.0,46.56,-2164.4,0.8043804003221078,0.5321181380207981,-0.26423939669724605,-0.5367088625320179,0.8415662130613644,0.06090899698026554,0.2547857304819742,0.09282562266332156,0.9625318879496583,0.1585
1,1784433075.416397,5979,-97.39,48.160000000000004,-2162.2200000000003,0.8164851194970758,0.5255453017915159,-0.2390694154523123,-0.5109348972615553,0.8505230674389143,0.12472386505646814,0.2688820938630347,0.020313727357739668,0.9629588631300225,0.1487
1,1784433075.4763968,5982,-97.32000000000001,48.96,-2161.46,0.8229712892262954,0.5216521044844761,-0.2249385227037079,-0.4980373019686487,0.8530008826368073,0.15603954648939722,0.2732711162142797,-0.0163882917884974,0.9617974427784972,0.1738
1,1784433075.5214102,5985,-97.16,49.77,-2160.9,0.8282335761312859,0.5232545427721975,-0.20058371528376853,-0.48966870957014014,0.8498232600938684,0.19499995249061694,0.2724953178252705,-0.06328593897294718,0.9600735345230683,0.1814
1,1784433075.5813313,5988,-97.01,50.42,-2160.37,0.8325412523490944,0.5249263674048712,-0.17699540090106297,-0.4839863474997669,0.8446891042260051,0.2285990652555346,0.2695037635559784,-0.10465479446731267,0.9572957199445572,0.17300000000000001
1,1784433075.6411712,5991,-96.67,50.61,-2160.09,0.8409269639278812,0.5225504940797993,-0.14065142187689963,-0.48310820755437417,0.8420393542482971,0.2399503817265365,0.24382022297716743,-0.13383088968570944,0.9605420302273585,0.1786
1,1784433075.6873546,5994,-96.60000000000001,50.410000000000004,-2159.96,0.8459359704522154,0.5197520676746136,-0.11937387504404905,-0.48503022842640453,0.8429142179749994,0.23289761408873363,0.22167095300850348,-0.13911653130939827,0.9651469210999652,0.1887
1,1784433075.7462204,5997,-96.58,50.300000000000004,-2159.66,0.850494072953826,0.5158909375056789,-0.10254936601424532,-0.48430512164243456,0.844134967545625,0.2299667491565971,0.20520326756978957,-0.14592017395226148,0.9677804099135418,0.1836
1,1784433075.8065627,6000,-96.51,50.15,-2159.31,0.854765332446863,0.5113577890186312,-0.08882250872938116,-0.4821811933061029,0.8457096205747417,0.228640623007438,0.19203521361694748,-0.15260553488423587,0.9694503738994533,0.18910000000000002
1,1784433075.8664026,6006,-95.95,49.36,-2158.66,0.8705218902031691,0.49102922892848994,-0.03289278059079679,-0.47414719438906205,0.8547400473992137,0.2111963290991833,0.1318183474713692,-0.1682550079786103,0.9768900529537778,0.1752
1,1784433075.926746,6009,-95.21000000000001,49.61,-2158.35,0.8960343285141997,0.4437903584321338,-0.013137727611180872,-0.43184878811563726,0.8780314611371397,0.20631863089996336,0.10309755732878874,-0.1791950641509359,0.9783966591606797,0.1668
1,1784433075.971626,6012,-94.38,50.1,-2157.9,0.918708893900399,0.39481117968982743,0.009904577741249082,-0.38783096264939143,0.897163126065072,0.2113893792024432,0.0745728682481233,-0.19804660466939297,0.977351743079314,0.1695
1,1784433076.031466,6015,-93.60000000000001,50.870000000000005,-2157.32,0.9354315525345309,0.3521424464369765,0.03104042429185429,-0.3497566107821279,0.909172619863776,0.22599880642215167,0.05136266871022481,-0.2222630079599824,0.9736329038993826,0.1621
1,1784433076.0912855,6018,-92.92,51.71,-2156.59,0.9473403722379328,0.31655616234127565,0.04835716298397704,-0.3186345855112175,0.9167684012149618,0.24084787615807915,0.0319095603885364,-0.24357318123620814,0.9693574600415905,0.1665
1,1784433076.1364195,6021,-92.2,52.43,-2155.77,0.9575046536545986,0.2831447961210196,0.05489865808353989,-0.28766916517380325,0.9238532887127603,0.2524708940508277,0.020767514006117486,-0.25753470710605864,0.9660458503600138,0.18730000000000002
1,1784433076.196295,6024,-91.55,53.28,-2154.9700000000003,0.962645901008541,0.26204850624803677,0.06814286202257018,-0.270629393746667,0.923280351438219,0.2726043357843567,0.008520593392824252,-0.2808629078772979,0.9597100741718525,0.1932
1,1784433076.2564037,6027,-91.08,54.1,-2154.26,0.9641423505952943,0.25445882516142176,0.07536732770935471,-0.26532557843443866,0.9181956047994012,0.29414140945384093,0.005644928432743443,-0.30359106973778155,0.9527857036912646,0.2019
1,1784433076.3161483,6033,-90.39,55.410000000000004,-2153.59,0.9659634561447364,0.24406225130259077,0.0857217526770578,-0.2586662967006101,0.9081118841438479,0.32927883750387354,0.0025195920518194365,-0.3402446522222229,0.9403335728825547,0.22410000000000002
1,1784433076.3764915,6036,-90.25,55.7,-2153.54,0.9659141204956441,0.2430854437020242,0.08899089215934675,-0.2588580234577917,0.9049541239330935,0.3377137208761479,0.0015606148313539502,-0.3492384581295098,0.9370325841958064,0.2295
1,1784433076.4213836,6039,-90.01,55.86,-2153.63,0.965990975887275,0.24236994301457893,0.09010130535935398,-0.2585711993212537,0.9033586307936506,0.3421755675851054,0.001539280974436546,-0.35383611304349694,0.9353061721812548,0.20370000000000002
1,1784433076.4812124,6042,-89.39,55.75,-2153.79,0.9661385248040224,0.24087115990526536,0.09250640634788303,-0.25802293209374755,0.902908050960444,0.3437749525846201,-0.0007193074814868522,-0.356002999758014,0.9344845353241769,0.2144
1,1784433076.5410523,6045,-88.84,55.39,-2154.02,0.9661019824291796,0.24129158730571035,0.09178959332026805,-0.25815981027244944,0.9039163658635998,0.3410113134252818,-0.0006869545125631096,-0.3531480899274887,0.9355671834101836,0.2068
1,1784433076.6008928,6048,-88.54,54.43,-2154.43,0.9651068127911523,0.24696313671928857,0.087051990246482,-0.26185635953163316,0.9098404845323906,0.321902997312396,0.000294748950241891,-0.3334658930200124,0.9427621180952392,0.2054
1,1784433076.6607316,6054,-88.23,52.61,-2155.02,0.9632992803252944,0.2594745801580846,0.06875637262505796,-0.26827337577632887,0.9218803053119354,0.2795820068022006,0.009159278047026133,-0.28776665013472086,0.957656756200205,0.17980000000000002
1,1784433076.7205718,6057,-88.13,51.9,-2155.28,0.9625857939709236,0.2646294219966437,0.058308303517501055,-0.270598049613777,0.9273447094693971,0.2584733745752923,0.014327762930291142,-0.26458091169402564,0.9642570489120479,0.16720000000000002
1,1784433076.780412,6060,-88.03,51.4,-2155.53,0.9622825544754879,0.2667970343476278,0.05321304177962185,-0.27154084753208396,0.9299374898845159,0.24795530449829709,0.016668937389247258,-0.2530525782729675,0.9673089160943966,0.1625
1,1784433076.840252,6063,-88.05,50.82,-2155.62,0.9636103887993238,0.2644013676322539,0.03933109955505603,-0.2664357607176859,0.938107961220267,0.22128135598360316,0.021610275537439338,-0.22370822490321582,0.9744165567670986,0.16090000000000002
1,1784433076.8851318,6066,-87.94,50.69,-2155.79,0.9651154463649468,0.2591858228743931,0.03707943377012695,-0.26101876979528527,0.9413442384781469,0.2138696483808624,0.020527469457909907,-0.2160873293483945,0.9761582295369605,0.1521
1,1784433076.9449718,6069,-87.88,50.67,-2155.86,0.9652620130302108,0.2585816489246304,0.03748035539164719,-0.2605368827127987,0.9417093676403047,0.21284736231580337,0.01974282014207672,-0.21521848837383062,0.9763663366354459,0.15330000000000002
1,1784433077.004812,6072,-87.81,50.71,-2155.92,0.9653719669910336,0.25818501893298285,0.03738263428971298,-0.26007565671727717,0.9412483618399946,0.2154348488908041,0.020435707253240603,-0.2176970769948505,0.9758024208501218,0.1467
1,1784433077.06521,6078,-87.59,51.120000000000005,-2156.09,0.9661552485590584,0.2535523325964489,0.04748947585185206,-0.25755834641825276,0.9378727781742662,0.23250451640770084,0.014412975823165659,-0.2368667697136585,0.9714352266277652,0.1608
1,1784433077.1250172,6081,-87.33,51.67,-2156.09,0.9669943112737841,0.2478201223326452,0.05922152422196415,-0.2546689391516368,0.9326404404972085,0.2555886151231164,0.00810761342935331,-0.26223461959894884,0.9649700880795605,0.16140000000000002
1,1784433077.1698966,6084,-87.31,51.75,-2156.14,0.9668901956834841,0.24823712244536902,0.05917499920740894,-0.25506550702675745,0.9327448923881355,0.254810817762961,0.008058325901646096,-0.26146758262524367,0.9651786190233259,0.15280000000000002
1,1784433077.2297375,6087,-87.29,51.69,-2156.14,0.9670247161796564,0.24759472746492583,0.0596661481011168,-0.25457603332971823,0.9329444603483393,0.25456959197722745,0.007364886405198506,-0.2613646587373951,0.9652120355711088,0.16240000000000002
1,1784433077.2895775,6090,-87.3,51.69,-2156.15,0.9669519883182788,0.24813184649000802,0.05860408727031335,-0.2548243976404933,0.9331110923846768,0.2537089191097446,0.008269138678675998,-0.2602580950251773,0.9655036744204439,0.16820000000000002
1,1784433077.3494174,6093,-87.3,51.7,-2156.18,0.9668974603230637,0.24828625847112754,0.05884925721891251,-0.2550358891144394,0.9330112399339144,0.25386358821340765,0.008123822032554589,-0.26046873135059356,0.9654481050290562,0.1558
1,1784433077.4092565,6096,-87.31,51.69,-2156.14,0.9669606799832937,0.24815446432240731,0.058364417268614896,-0.25477298193156656,0.9327936699898774,0.2549248848278901,0.008818789256104577,-0.26137201660406273,0.9651978542725744,0.1552
1,1784433077.4541376,6099,-87.3,51.7,-2156.18,0.9669895963761148,0.2478338888336363,0.059240898422923155,-0.25469860152129925,0.9330092685721834,0.2542092192299359,0.007729352071986877,-0.26090624427942694,0.9653332009273022,0.16440000000000002
1,1784433077.5139775,6105,-87.3,51.71,-2156.13,0.9669523354242345,0.24768660016704339,0.06045270147238925,-0.2548723162323991,0.9329464993578966,0.25426547495516977,0.006579014816110994,-0.2612703148724272,0.9652432538642848,0.15710000000000002
1,1784433077.5738173,6108,-87.29,51.69,-2156.12,0.9670717997826288,0.24778662970114249,0.05808545606721541,-0.254346852879935,0.9329562591719373,0.2547553667775778,0.00893378392732921,-0.26114058400266776,0.9652594381260853,0.161
1,1784433077.6336577,6111,-87.3,51.71,-2156.15,0.9669950673386244,0.2478925942666226,0.05890502058851271,-0.254663833981243,0.9328943611109806,0.25466535427754877,0.008177493793540365,-0.26126111979224753,0.9652335240138304,0.1633
1,1784433077.693526,6114,-87.3,51.69,-2156.13,0.9669624709386782,0.24770878371588112,0.060199155028662125,-0.2548301595330151,0.9330607914196111,0.2538880645240876,0.00672083242940555,-0.26084079049375697,0.9653584372791528,0.1686
1,1784433077.75337,6117,-87.3,51.7,-2156.13,0.9669341263070913,0.24799730275320275,0.0594620316662494,-0.25491422276176484,0.9329600168562924,0.25417384991629605,0.007558731143985351,-0.2609270870849609,0.9653289184567351,0.1648
1,1784433077.8131776,6123,-87.28,51.71,-2156.16,0.9670042747171549,0.2479553999092295,0.05848805292197359,-0.2546167870480696,0.9329447287448785,0.25452784692536684,0.00854543340430772,-0.26102155612707373,0.9652951480272413,0.157
1,1784433077.8730454,6126,-87.3,51.7,-2156.16,0.9670157382366139,0.24795906180219937,0.05828263611805663,-0.2545667145025398,0.9329577419097121,0.2545302333282108,0.00873784127111051,-0.26097156067453803,0.9653069432305027,0.1587
1,1784433077.9328582,6129,-87.29,51.7,-2156.19,0.9669926050176948,0.24792826432614992,0.05879521740171856,-0.25468902524979187,0.9335268384456671,0.2523115976703178,0.007668263063007738,-0.2589579457167904,0.9658581573356082,0.1685
1,1784433077.9926977,6132,-87.3,51.69,-2156.18,0.9669861416486142,0.24787030764150464,0.059144842963964744,-0.25471477561214917,0.9332115690455549,0.2534493055512007,0.007627905635147337,-0.26014703148265833,0.9655388842850308,0.15760000000000002
1,1784433078.0525737,6135,-87.29,51.71,-2156.16,0.9670068735138434,0.247928249416789,0.058560137620299,-0.25460435414223603,0.9327924868918165,0.25509762689996773,0.008621451664120462,-0.2615908246466354,0.965140358202835,0.15380000000000002
1,1784433078.1124103,6141,-87.3,51.7,-2156.16,0.9669405354758289,0.24804686810450002,0.059150250018625124,-0.2548754274488023,0.9327943582793946,0.25481993965332195,0.00803226845339502,-0.2614716741555021,0.9651777278189813,0.1558
1,1784433078.1722505,6144,-87.29,51.7,-2156.17,0.9670022899118792,0.24794156613666377,0.058579442527908455,-0.2546342884382448,0.9331605285524792,0.25371796763967397,0.008243206701939511,-0.2602621903645558,0.9655027922331002,0.16440000000000002
1,1784433078.232063,6147,-87.3,51.71,-2156.15,0.9669447627566776,0.2480828678720168,0.05892975857601968,-0.2548539344167148,0.9328449286317653,0.25465626094466576,0.008203529103583117,-0.26125701865096823,0.9652344131431775,0.1589
1,1784433078.2918978,6150,-87.29,51.71,-2156.16,0.9669921388942337,0.24788799997295655,0.05897239003264543,-0.25468526098200855,0.9331608734878446,0.25366553181291474,0.007849914348650538,-0.2603119737177108,0.965492648953843,0.1584
1,1784433078.3517382,6153,-87.3,51.7,-2156.15,0.9669678017326858,0.24773563664739912,0.0600027061653467,-0.2548046685652493,0.9330606100032712,0.2539143141645954,0.006917462656968339,-0.2608159358536807,0.9653637637259637,0.1648
1,1784433078.4115782,6159,-87.29,51.69,-2156.17,0.9669405354758289,0.24804686810450002,0.059150250018625124,-0.2548754274488023,0.9327943582793946,0.25481993965332195,0.00803226845339502,-0.2614716741555021,0.9651777278189813,0.1587
1,1784433078.4714181,6162,-87.3,51.71,-2156.14,0.9669989609000517,0.24789665316849474,0.05882396591593757,-0.25465161289509614,0.9330595496017464,0.2540717082772349,0.00809726300341548,-0.26066669569556683,0.9653948974834125,0.1598
1,1784433078.531289,6165,-87.29,51.7,-2156.18,0.9669656398320645,0.24771278557588683,0.060131749071527525,-0.2548092835667426,0.932793895739567,0.25488777349885855,0.007048431908573716,-0.2617898468872252,0.9650991636481682,0.16110000000000002
1,1784433078.5911303,6168,-87.3,51.71,-2156.14,0.9669865712178397,0.24782055602387537,0.059345961078940815,-0.25470686068714904,0.9327931805685103,0.2549927399040601,0.007834934796355369,-0.2616903786861482,0.965120075171912,0.1603
1,1784433078.6360104,6171,-87.29,51.7,-2156.15,0.9670073064418396,0.247968341985796,0.05838296550290427,-0.254608794329782,0.9331603580889198,0.25374417814265876,0.008439854147600347,-0.26023729068712254,0.9655078049388276,0.1597
1,1784433078.6958172,6174,-87.3,51.7,-2156.17,0.9670198111766987,0.24799490536968602,0.058062136564738145,-0.2545453043544882,0.93300823953187,0.25436649346311685,0.008909142655879167,-0.26075688270172537,0.9653633902841022,0.159
1,1784433078.7557273,6177,-87.3,51.71,-2156.15,0.9670018569191605,0.24790133329826158,0.05875659676870163,-0.25462998861685004,0.93279265829582,0.2550714126012566,0.008424821177829729,-0.2616157211987878,0.9651353463684562,0.1587
1,1784433078.8007553,6180,-87.3,51.7,-2156.18,0.9669835582337097,0.247816166575272,0.059413346056345955,-0.2547281642634322,0.9330600737816992,0.2539930334585424,0.007507358833568989,-0.26074133983399594,0.9653795073777551,0.164
1,1784433078.860556,6186,-87.3,51.69,-2156.17,0.9670092523767589,0.2479822533799283,0.0582915759467451,-0.25459120537596597,0.932944559056221,0.25455405687713234,0.008742080013065387,-0.26099665081377316,0.9653001213617654,0.1587
1,1784433078.9210541,6189,-87.3,51.7,-2156.14,0.9669766174826246,0.24780761458846073,0.05956179474998039,-0.2547616805924207,0.9331614009112003,0.25358684104497925,0.007259982340702421,-0.2603866087213839,0.965477139374615,0.1883
1,1784433078.9808931,6192,-87.3,51.7,-2156.13,0.9669796628855359,0.2478119181755331,0.05949440961920746,-0.2547405743192379,0.9328948866464448,0.25458666552752024,0.007587579408479948,-0.2613357680821351,0.9652181333562069,0.1537
1,1784433079.0407333,6195,-87.3,51.7,-2156.15,0.9669553718410514,0.2477003666855947,0.060347636337771744,-0.2548635001607473,0.933162122846025,0.25348185097026776,0.0064734189997835935,-0.26048604728338565,0.9654559099291542,0.1698
1,1784433079.0856133,6198,-87.3,51.7,-2156.16,0.966996801004527,0.24787441235883165,0.058953053735790906,-0.25465561786687185,0.9327928310432839,0.255045193334627,0.008228191529910034,-0.2616406123903921,0.9651302952514379,0.1598
1,1784433079.1456983,6201,-87.31,51.7,-2156.18,0.9669809677115955,0.24784353179155108,0.05934131640464865,-0.25474022946826025,0.9332117447250515,0.25342307510896306,0.007431256556217431,-0.2601719109671823,0.9655337141548607,0.1618
1,1784433079.2058954,6204,-87.3,51.7,-2156.17,0.9669660732920328,0.2477540002587093,0.05995472006434969,-0.2548126008451878,0.9331617592067292,0.25353435586664236,0.006866698820980272,-0.26043633868953414,0.9654666032221375,0.1645
1,1784433079.2507753,6207,-87.3,51.71,-2156.14,0.9670047215743259,0.24799539109964072,0.05831084329947822,-0.2546211204585327,0.9333118147561166,0.25317413266976013,0.008363819067953939,-0.259667753927938,0.9656617959206102,0.16160000000000002
1,1784433079.3107598,6213,-87.31,51.7,-2156.15,0.9669992577339551,0.24792854161475922,0.05868452772885294,-0.2546423634967142,0.9329448997740796,0.25450163201508175,0.008348787623791435,-0.26104645609222776,0.9652901354032898,0.1565
1,1784433079.371167,6216,-87.3,51.7,-2156.14,0.9669805298088038,0.24780277164173548,0.05951841175097779,-0.2547365267282285,0.9328441399945939,0.2547765931717139,0.007612944313704529,-0.2615255185338906,0.9651665380826545,0.15940000000000001
1,1784433079.4309874,6219,-87.3,51.71,-2156.15,0.9669482353386188,0.2476920040598793,0.060496126325012396,-0.25489673858942563,0.9332633109735791,0.25307557181029294,0.006225980405134387,-0.26013124286681427,0.9655531956617209,0.1699
1,1784433079.490827,6222,-87.3,51.71,-2156.15,0.9669678017326858,0.24773563664739912,0.0600027061653467,-0.2548046685652493,0.9330606100032712,0.2539143141645954,0.006917462656968339,-0.2608159358536807,0.9653637637259637,0.1675
1,1784433079.535745,6225,-87.3,51.7,-2156.19,0.9670198111766987,0.24799490536968602,0.058062136564738145,-0.2545453043544882,0.93300823953187,0.25436649346311685,0.008909142655879167,-0.26075688270172537,0.9653633902841022,0.1584
1,1784433079.595605,6228,-87.3,51.7,-2156.11,0.9669460689386695,0.24811413017637948,0.05877651036657579,-0.2548539651417547,0.9331617830626772,0.25349268842081074,0.008047124677725661,-0.2600931852973153,0.965549987699403,0.16190000000000002
1,1784433079.6557302,6231,-87.3,51.7,-2156.17,0.9670163595583249,0.2480308615091228,0.0579659562640595,-0.25456194272961885,0.9332105430053946,0.25360658457007557,0.008807818134292126,-0.259997642609734,0.9655690799611877,0.1637
1,1784433079.700863,6234,-87.3,51.71,-2156.15,0.9669453776017648,0.24763745721435995,0.060764516940287706,-0.2549104922196612,0.9331119357718187,0.25361931368982765,0.006105545914208707,-0.2607255359656495,0.9653936591901329,0.1668
1,1784433079.7607572,6240,-87.31,51.7,-2156.18,0.9669562360287943,0.2476911485666872,0.06037162020968176,-0.2548595751590353,0.9331115665194885,0.25367183796650083,0.00649881179776941,-0.2606758511048959,0.9654045090509757,0.1658
1,1784433079.8206608,6243,-87.3,51.7,-2156.15,0.966984417976354,0.2478884901515217,0.05909680060147372,-0.2547228333542425,0.9333125031175058,0.2530692586872657,0.0075771735441536,-0.25976733431079113,0.9656415061844366,0.1852
1,1784433079.867131,6246,-87.3,51.71,-2156.15,0.9669783453808339,0.2477893280787441,0.05960980166741881,-0.25475367092896994,0.9330602511842937,0.2539667986334372,0.007310725870841371,-0.2607662105223513,0.9653742987758966,0.159
1,1784433079.9260054,6249,-87.3,51.7,-2156.15,0.9670060066337727,0.24793730406532746,0.05853611182015099,-0.2546085033196219,0.9328432701750583,0.25490771531369005,0.008596113746685759,-0.26140108366630876,0.9651919914123478,0.1574
1,1784433079.9858456,6252,-87.31,51.71,-2156.17,0.9670208208748245,0.24801796565717368,0.05794670573775026,-0.2545316265838997,0.9328427643931845,0.2549863290214516,0.009186025426409804,-0.26132635846879043,0.965206791991388,0.1542
1,1784433080.0458183,6255,-87.3,51.71,-2156.12,0.9670073064418396,0.247968341985796,0.05838296550290427,-0.254608794329782,0.9331603580889198,0.25374417814265876,0.008439854147600347,-0.26023729068712254,0.9655078049388276,0.15910000000000002
1,1784433080.105781,6258,-87.29,51.7,-2156.17,0.9669912762670135,0.24789707867362126,0.05894836731052504,-0.2546893165275654,0.9332113947011103,0.2534755310611461,0.007824555592094464,-0.26012214666401023,0.9655440151255111,0.161
1,1784433080.1506314,6261,-87.29,51.7,-2156.18,0.9669506863674693,0.24810067586343953,0.05875733800628062,-0.2548242151469362,0.9327940114477674,0.2548724221682888,0.008425527178033482,-0.26142185609334,0.9651878696132091,0.15660000000000002
1,1784433080.2106774,6267,-87.3,51.7,-2156.18,0.966987004407767,0.2478612096616706,0.05916886048883224,-0.25471073941433175,0.93316104795961,0.25363930649236344,0.007653269464609776,-0.26033685739052786,0.9654875183815306,0.161
1,1784433080.2704825,6270,-87.3,51.7,-2156.17,0.9670157382366139,0.24795906180219937,0.05828263611805663,-0.2545667145025398,0.9329577419097121,0.2545302333282108,0.00873784127111051,-0.26097156067453803,0.9653069432305027,0.1539
1,1784433080.3303225,6273,-87.3,51.7,-2156.19,0.9669805298088038,0.24780277164173548,0.05951841175097779,-0.2547365267282285,0.9328441399945939,0.2547765931717139,0.007612944313704529,-0.2615255185338906,0.9651665380826545,0.1579
1,1784433080.3901625,6276,-87.3,51.7,-2156.13,0.9669796628855359,0.2478119181755331,0.05949440961920746,-0.2547405743192379,0.9328948866464448,0.25458666552752024,0.007587579408479948,-0.2613357680821351,0.9652181333562069,0.1582
1,1784433080.4504755,6279,-87.3,51.7,-2156.15,0.9670051403681764,0.24794635422977304,0.058512083586959064,-0.2546126476217773,0.9328940174613726,0.25471778865208616,0.008570774326280745,-0.26121132748972453,0.9652435880224762,0.1585
1,1784433080.510414,6285,-87.31,51.69,-2156.18,0.9670317992790882,0.24810214883851392,0.05740054812248082,-0.254481245481274,0.9331595258131752,0.2538751564892273,0.009423103594300744,-0.2601127123495543,0.965532279104541,0.1638
1,1784433080.5704596,6288,-87.3,51.7,-2156.15,0.9669831557305608,0.24786587149535258,0.05921221395299436,-0.25473571001322404,0.9334768916712929,0.2524492241219211,0.0073003135154888,-0.25919761276591785,0.9657967192732769,0.1701
1,1784433080.6163044,6291,-87.3,51.7,-2156.14,0.9669104427550961,0.24791746769319936,0.06017578336619579,-0.25502815309695465,0.9331125051986926,0.25349890289659255,0.006696030100002716,-0.26045725533071884,0.9654621594482553,0.163
1,1784433080.6755204,6294,-87.32000000000001,51.7,-2156.14,0.9670224907679086,0.24758135812267676,0.059757622602986865,-0.2545930480429795,0.9331604193600403,0.25375975178892907,0.007062735816614175,-0.26060526251387295,0.9654196056186449,0.1579
1,1784433080.7356737,6297,-87.31,51.7,-2156.15,0.9669180255170345,0.24795756994033283,0.05988802417448967,-0.25498581196196,0.9328965196541501,0.25433505325706457,0.007194972434921855,-0.26119174398602046,0.9652601230990544,0.16110000000000002
1,1784433080.7957435,6300,-87.3,51.7,-2156.14,0.9669895528583358,0.24791522262063717,0.05890031456448571,-0.2546974129696587,0.9333123290274504,0.2530954845743377,0.007773833635895356,-0.25974244720167633,0.9656466375606998,0.1579
1,1784433080.855586,6303,-87.29,51.7,-2156.16,0.9669980971737998,0.2479057215589499,0.05879994286210852,-0.25465569754897427,0.9331101429868436,0.253881737745979,0.008071912294876723,-0.26047689777292937,0.9654463371718259,0.1645
1,1784433080.9004653,6306,-87.31,51.7,-2156.15,0.9669127335564747,0.24793067810146838,0.06008447838245489,-0.25501135063993696,0.932896700194959,0.25430878437472776,0.006998337741258861,-0.26121662585199806,0.9652548355990538,0.16690000000000002
1,1784433080.9603052,6312,-87.31,51.69,-2156.18,0.9669469252389645,0.24765969372563332,0.0606491539482432,-0.25489784036433577,0.9329466837913751,0.254239210548399,0.006382377966697229,-0.2612951612762875,0.9652378483799156,0.15990000000000001
1,1784433081.0201452,6315,-87.32000000000001,51.69,-2156.14,0.9670040164893511,0.2479234723952901,0.05862750147264209,-0.25462608532004377,0.9330593775511091,0.25409792332588366,0.008293899447945102,-0.2606418036298066,0.9653999489499411,0.1579
1,1784433081.0660233,6318,-87.31,51.68,-2156.12,0.966909139195104,0.24788532916004033,0.06032893276199686,-0.25502893875374305,0.9327954310150244,0.2546623731053228,0.006852513343486667,-0.2616209996630881,0.9651463596761706,0.16040000000000001
1,1784433081.1252778,6321,-87.31,51.7,-2156.18,0.9669805298088038,0.24780277164173548,0.05951841175097779,-0.2547365267282285,0.9328441399945939,0.2547765931717139,0.007612944313704529,-0.2615255185338906,0.9651665380826545,0.1572
1,1784433081.1852527,6324,-87.31,51.71,-2156.18,0.9670199051596107,0.24760881134852053,0.05968567305200479,-0.25460496790327647,0.933311989194705,0.2531897334893236,0.006986654712348724,-0.2600357809379239,0.9655737047413496,0.1847
1,1784433081.2452528,6327,-87.31,51.69,-2156.13,0.9669219301030794,0.24796192626843244,0.059806890965709285,-0.2549732577280652,0.9330615898357696,0.25374141840993136,0.007114698115411652,-0.260597299860138,0.9654213734822386,0.161
1,1784433081.3053799,6330,-87.3,51.7,-2156.13,0.9669921388942337,0.24788799997295655,0.05897239003264543,-0.25468526098200855,0.9331608734878446,0.25366553181291474,0.007849914348650538,-0.2603119737177108,0.965492648953843,0.1647
1,1784433081.3502517,6333,-87.31,51.69,-2156.19,0.9669826941110948,0.24782529279389734,0.05938933861618334,-0.25473219088314725,0.9331106667843312,0.25380306235578126,0.007481992884282013,-0.260551545351241,0.9654309462605597,0.1593
1,1784433081.4101043,6339,-87.32000000000001,51.7,-2156.17,0.9669489515957798,0.2481188197817634,0.05870925206411147,-0.25483246995727266,0.9328954645783971,0.2544925626114302,0.00837479929898511,-0.26104234031888734,0.9652910231104089,0.16
1,1784433081.4699817,6342,-87.3,51.7,-2156.18,0.9670048807002389,0.2479144187968102,0.058651527299435596,-0.2546219764437839,0.9330087480264448,0.25428787862968855,0.008319243582067792,-0.26083158754024766,0.9653484723805473,0.1514
1,1784433081.5163968,6345,-87.31,51.69,-2156.15,0.966973093213616,0.24776248476890336,0.05980625504100906,-0.254779172363405,0.9330604299248249,0.25394055886825023,0.007114093808044011,-0.26079107586272926,0.9653690508917564,0.1709
1,1784433081.5752728,6348,-87.3,51.7,-2156.17,0.9669938659939366,0.24786982912179517,0.05902042816883435,-0.2546771352450054,0.9330597229904043,0.25404548828205376,0.007900627411648051,-0.2606915824191529,0.9653898067321305,0.1658
1,1784433081.6350787,6351,-87.31,51.7,-2156.16,0.966990838498641,0.24785659906684107,0.05912549838026103,-0.2546853330464057,0.9328437880394418,0.254829056913191,0.008006209511151417,-0.26147576066481604,0.9651768372655963,0.15430000000000002
1,1784433081.6810985,6354,-87.31,51.7,-2156.19,0.9669852883241679,0.2477979007029207,0.05946135359921863,-0.25472009637281035,0.9329587797412094,0.2543729305716698,0.007558086295621994,-0.26112088332996036,0.9652765197706453,0.1593
1,1784433081.7409396,6357,-87.31,51.69,-2156.19,0.9669713650451952,0.24778080982982928,0.059758258531398066,-0.2547871433352126,0.933161579390983,0.25356060092137295,0.0070633401244218404,-0.260411476376522,0.9654718909412571,0.1567
1,1784433081.8007798,6360,-87.31,51.7,-2156.19,0.9670153239357462,0.24791897437410326,0.058459776074979354,-0.2545619916491263,0.9325888233498449,0.25588333077905234,0.008919399143111658,-0.26232473903207165,0.964938430994787,0.15910000000000002
1,1784433081.8606534,6366,-87.31,51.7,-2156.18,0.9670060066337727,0.24793730406532746,0.05853611182015099,-0.2546085033196219,0.9328432701750583,0.25490771531369005,0.008596113746685759,-0.26140108366630876,0.9651919914123478,0.15610000000000002
1,1784433081.920493,6369,-87.3,51.7,-2156.17,0.9669950673386244,0.2478925942666226,0.05890502058851271,-0.254663833981243,0.9328943611109806,0.25466535427754877,0.008177493793540365,-0.26126111979224753,0.9652335240138304,0.1584
1,1784433081.965374,6372,-87.32000000000001,51.69,-2156.16,0.9669197618846616,0.24793919473957252,0.05993604749065047,-0.25497778926415915,0.9327950680631935,0.2547149151089201,0.0072457614417841334,-0.26157124595198655,0.9651569728454817,0.17600000000000002
1,1784433082.0251813,6375,-87.31,51.7,-2156.2,0.9669992577339551,0.24792854161475922,0.05868452772885294,-0.2546423634967142,0.9329448997740796,0.25450163201508175,0.008348787623791435,-0.26104645609222776,0.9652901354032898,0.1577
1,1784433082.0850186,6378,-87.3,51.69,-2156.18,0.9670068735138434,0.247928249416789,0.058560137620299,-0.25460435414223603,0.9327924868918165,0.25509762689996773,0.008621451664120462,-0.2615908246466354,0.965140358202835,0.16
1,1784433082.1448596,6381,-87.31,51.7,-2156.16,0.9670247093665738,0.24802172457733815,0.057865668683394524,-0.2545197365512973,0.9330080727118099,0.25439268849645064,0.009105777306281213,-0.2607319704069238,0.9653682843492277,0.1621
1,1784433082.2046998,6387,-87.31,51.7,-2156.13,0.9670400319630238,0.24809323007246742,0.05730031215590342,-0.25443875270204536,0.9329569139009453,0.25466118260907333,0.009720992973027011,-0.26084697812440566,0.9653312158523543,0.1583
1,1784433082.2645388,6390,-87.31,51.7,-2156.21,0.9669839708488254,0.24784793780521028,0.05927393902165294,-0.2547190614869469,0.9329454209047359,0.25442295754922356,0.007758855369639961,-0.26112112388428027,0.9652748618009087,0.153
1,1784433082.324379,6393,-87.3,51.69,-2156.12,0.9670016846139401,0.24834275356082042,0.05686491631605297,-0.2545548412213909,0.9326399046344855,0.25570420625036716,0.010467796547248493,-0.26174163795087596,0.9650812091208895,0.1595
1,1784433082.38422,6396,-87.31,51.7,-2156.19,0.9669280476878699,0.24797959988583934,0.05963445845300614,-0.2549437646505366,0.933010820812463,0.2539576443280766,0.007336719998480739,-0.26076220256646293,0.9653751841912815,0.1623
1,1784433082.4440598,6399,-87.32000000000001,51.7,-2156.15,0.9670022899118792,0.24794156613666377,0.058579442527908455,-0.2546342884382448,0.9331605285524792,0.25371796763967397,0.008243206701939511,-0.2602621903645558,0.9655027922331002,0.15910000000000002
1,1784433082.5038998,6405,-87.3,51.69,-2156.17,0.9669465109971004,0.24771044754111798,0.06044815174605051,-0.2549045156336122,0.9333641711311943,0.25269549255610446,0.006175174501830807,-0.2597515317135931,0.9656557404128628,0.1661
1,1784433082.5648978,6408,-87.3,51.7,-2156.17,0.9669836692444594,0.24822610413747442,0.057674818068661905,-0.2546534205321685,0.9325896620967631,0.25578928351577096,0.00970663823309003,-0.26203114962724683,0.9650105998377608,0.156
1,1784433082.6239011,6411,-87.32000000000001,51.7,-2156.16,0.9669917057705497,0.24784748660015185,0.0591495085097946,-0.25468124189080393,0.9327930051341877,0.25501896910169075,0.008031562732154331,-0.26166549821999624,0.9651252048523864,0.1603
1,1784433082.6839042,6414,-87.31,51.7,-2156.15,0.9669616062734265,0.24771798703298348,0.06017516841224093,-0.2548341087722378,0.9331113838986225,0.2536980927107196,0.0066954461669278716,-0.26065100064861485,0.965409875059035,0.17450000000000002
1,1784433082.7299013,6417,-87.32000000000001,51.69,-2156.14,0.9669989609000517,0.24789665316849474,0.05882396591593757,-0.25465161289509614,0.9330595496017464,0.2540717082772349,0.00809726300341548,-0.26066669569556683,0.9653948974834125,0.1562
1,1784433082.788918,6420,-87.3,51.7,-2156.17,0.9669498186738301,0.24810975006603636,0.058733296253626006,-0.25482834499250423,0.9328447560135589,0.2546824999217366,0.008400163988189576,-0.26123210579898687,0.9652394646639758,0.1584
1,1784433082.8488448,6423,-87.31,51.71,-2156.17,0.9669495277891096,0.2480778466001774,0.05887268241414319,-0.25483761681119127,0.9329594919200065,0.2542525820800168,0.00814860518187848,-0.26085238826313645,0.9653443073696595,0.1615
1,1784433082.9088933,6429,-87.31,51.7,-2156.16,0.9669998252411308,0.2478875802946999,0.058847986535316664,-0.25464752336181057,0.9330089202027002,0.2542616637794368,0.008122612222570293,-0.2608564784662821,0.9653434211786247,0.1545
1,1784433082.9688928,6432,-87.32000000000001,51.69,-2156.19,0.96696693720461,0.24774482069050166,0.05997871434240066,-0.2548086371497641,0.9331112026146523,0.253724342523372,0.006892081471950055,-0.26062614484366053,0.9654152017846599,0.1658
1,1784433083.0140145,6435,-87.31,51.7,-2156.17,0.966973093213616,0.24776248476890336,0.05980625504100906,-0.254779172363405,0.9330604299248249,0.25394055886825023,0.007114093808044011,-0.26079107586272926,0.9653690508917564,0.16590000000000002
1,1784433083.0745072,6438,-87.32000000000001,51.7,-2156.2,0.9669839708488254,0.24784793780521028,0.05927393902165294,-0.2547190614869469,0.9329454209047359,0.25442295754922356,0.007758855369639961,-0.26112112388428027,0.9652748618009087,0.15610000000000002
1,1784433083.1351528,6441,-87.3,51.7,-2156.17,0.9669388001802707,0.24806508912024752,0.059102184948629545,-0.25488360488923545,0.9328958109046301,0.2544400793021029,0.007981520193951827,-0.2610921629546853,0.965280880251462,0.1552
1,1784433083.1947763,6444,-87.31,51.69,-2156.15,0.9669848370235833,0.24783881502320987,0.059297948820891316,-0.2547149994353929,0.9328947101265108,0.2546129000671427,0.007784216665901524,-0.2613108906759612,0.9652233028605526,0.1584
1,1784433083.254662,6450,-87.31,51.69,-2156.16,0.9670060066337727,0.24793730406532746,0.05853611182015099,-0.2546085033196219,0.9328432701750583,0.25490771531369005,0.008596113746685759,-0.26140108366630876,0.9651919914123478,0.1617
1,1784433083.3153007,6453,-87.31,51.7,-2156.16,0.9669572921831215,0.24776393650038056,0.06005519847374367,-0.25485378159695926,0.9333638058882846,0.2527480086241351,0.006568492948518146,-0.25970182445945944,0.9656665145239393,0.16770000000000002
1,1784433083.373246,6456,-87.31,51.7,-2156.15,0.966990838498641,0.24785659906684107,0.05912549838026103,-0.2546853330464057,0.9328437880394418,0.254829056913191,0.008006209511151417,-0.26147576066481604,0.9651768372655963,0.1555
1,1784433083.4353619,6459,-87.31,51.7,-2156.16,0.9669293590914932,0.2480021923540652,0.059519132339872896,-0.2549306713034155,0.9328454545409083,0.2545775142685544,0.0076136296011805995,-0.26133172507359936,0.9652190228721937,0.1569
1,1784433083.4802916,6462,-87.3,51.7,-2156.18,0.9669011640143732,0.24788611868793578,0.060453380298216,-0.2550663582541664,0.9329477366917294,0.25406627774802576,0.006579659155864164,-0.2610766032481852,0.9652956621272999,0.16090000000000002
1,1784433083.5403533,6465,-87.31,51.7,-2156.2,0.9669683300732888,0.24776729064110756,0.05986333037545148,-0.25479571241226756,0.9329459540995337,0.25434423851472626,0.007168930994268182,-0.26119574349073116,0.9652592346156155,0.16590000000000002
1,1784433083.5972562,6468,-87.31,51.7,-2156.14,0.9670391680211374,0.24810215322734078,0.05727625229484986,-0.25444300184238033,0.9330075802863051,0.2544712438405017,0.00969568596978236,-0.26065720149700594,0.965382730828206,0.1621
1,1784433083.6606646,6474,-87.31,51.71,-2156.18,0.9669951826539942,0.24790110267199805,0.058867308567453216,-0.2546769361672203,0.9333758441315887,0.2528817743059425,0.007744346870193138,-0.2595276033212104,0.9657046381818317,0.1583
1,1784433083.7207754,6477,-87.3,51.7,-2156.15,0.9669489515957798,0.2481188197817634,0.05870925206411147,-0.25483246995727266,0.9328954645783971,0.2544925626114302,0.00837479929898511,-0.26104234031888734,0.9652910231104089,0.16590000000000002
1,1784433083.7823324,6480,-87.3,51.7,-2156.17,0.9669792102527969,0.24778017810777236,0.05963380145318452,-0.2547496587687586,0.93300962229749,0.25415675489251954,0.0073360954245627425,-0.2609559886976649,0.9653228235501045,0.1632
1,1784433083.8432817,6483,-87.31,51.69,-2156.17,0.9669792102527969,0.24778017810777236,0.05963380145318452,-0.2547496587687586,0.93300962229749,0.25415675489251954,0.0073360954245627425,-0.2609559886976649,0.9653228235501045,0.15480000000000002
1,1784433083.902283,6486,-87.3,51.7,-2156.13,0.9669345329648955,0.24802908901437992,0.059322676630915436,-0.2549050975736648,0.9328452778954609,0.25460376811646096,0.007810261898285372,-0.26130682828972723,0.9652241922466733,0.161
1,1784433083.9490838,6489,-87.31,51.7,-2156.18,0.9669464990205506,0.2480646764348544,0.0589778292002289,-0.2548457085272131,0.9327434037569929,0.2550360907657624,0.008254264180598945,-0.2616365017597706,0.9651311869739504,0.15080000000000002
1,1784433084.0083401,6495,-87.32000000000001,51.69,-2156.2,0.9669565710147038,0.2481185130903011,0.058584923259693056,-0.25479444708693333,0.9327430593612277,0.2550885629484803,0.008647514391429755,-0.26158667526331486,0.9651412496725724,0.1635
1,1784433084.0694795,6498,-87.31,51.7,-2156.16,0.9669336654925632,0.2480382165549034,0.059298648090650545,-0.2549091645085559,0.9328959860799101,0.25441383021672004,0.007784881930124221,-0.2611170662447303,0.9652757498917494,0.16790000000000002
1,1784433084.1282418,6501,-87.31,51.7,-2156.16,0.966959598875846,0.24813151838500708,0.058479771937089704,-0.25478652003155694,0.9329591486622045,0.2543050454428769,0.008541858818322194,-0.26080256231763826,0.9653543702374182,0.1542
1,1784433084.1846666,6504,-87.31,51.69,-2156.16,0.9670157382366139,0.24795906180219937,0.05828263611805663,-0.2545667145025398,0.9329577419097121,0.2545302333282108,0.00873784127111051,-0.26097156067453803,0.9653069432305027,0.1617
1,1784433084.236175,6507,-87.31,51.7,-2156.14,0.9669183710175854,0.24791671554212316,0.060051360879710615,-0.2549907816139003,0.9329605538515731,0.2540950732479842,0.006968865089199937,-0.26100173775623065,0.9653131760250642,0.16790000000000002
1,1784433084.297171,6510,-87.31,51.69,-2156.16,0.9670042747171549,0.2479553999092295,0.05848805292197359,-0.2546167870480696,0.9329447287448785,0.25452784692536684,0.00854543340430772,-0.26102155612707373,0.9652951480272413,0.1592
1,1784433084.3582244,6516,-87.32000000000001,51.7,-2156.14,0.9669577062921406,0.2477135018011949,0.0602562467104586,-0.2548467868620825,0.9329463162647489,0.25429173441955866,0.006775652611706073,-0.26124546310591595,0.9652486200654529,0.15380000000000002
1,1784433084.4145563,6519,-87.31,51.7,-2156.15,0.9670255736810852,0.24801274359393422,0.05788971291842343,-0.25451554543313465,0.9329574066859546,0.25458262792793257,0.009131099585593579,-0.26092174367964743,0.9653167701306812,0.1641
1,1784433084.4656682,6522,-87.31,51.69,-2156.18,0.9670073064418396,0.247968341985796,0.05838296550290427,-0.254608794329782,0.9331603580889198,0.25374417814265876,0.008439854147600347,-0.26023729068712254,0.9655078049388276,0.1703
1,1784433084.5241594,6525,-87.31,51.7,-2156.21,0.9669673542732281,0.2481633050815556,0.05821606119304091,-0.25473896711920957,0.9326919034208363,0.25533090671568814,0.009066112776234316,-0.26172655062911737,0.9650994862162721,0.165
1,1784433084.5804584,6528,-87.31,51.7,-2156.13,0.9669835582337097,0.247816166575272,0.059413346056345955,-0.2547281642634322,0.9330600737816992,0.2539930334585424,0.007507358833568989,-0.26074133983399594,0.9653795073777551,0.1605
1,1784433084.6289032,6531,-87.31,51.71,-2156.23,0.9670208208748245,0.24801796565717368,0.05794670573775026,-0.2545316265838997,0.9328427643931845,0.2549863290214516,0.009186025426409804,-0.26132635846879043,0.965206791991388,0.1567
1,1784433084.6851356,6534,-87.31,51.69,-2156.15,0.967014873668622,0.24796808133594994,0.05825860230237445,-0.2545708669386291,0.933008407691009,0.25434029347313886,0.008712508810514533,-0.2607817896565159,0.9653584569338849,0.15990000000000001
1,1784433084.7503924,6537,-87.3,51.69,-2156.17,0.9670206756174439,0.2479859051109073,0.058086175590292964,-0.2545411325773004,0.9329575736278048,0.2545564331082288,0.008934470026109897,-0.26094665484892315,0.9653118763221084,0.1598
1,1784433084.7950678,6540,-87.31,51.7,-2156.17,0.9669938659939366,0.24786982912179517,0.05902042816883435,-0.2546771352450054,0.9330597229904043,0.25404548828205376,0.007900627411648051,-0.2606915824191529,0.9653898067321305,0.1665
1,1784433084.8554826,6546,-87.3,51.7,-2156.16,0.9669380090119116,0.24799253403943367,0.059418766301399445,-0.25488878098696605,0.932642085209448,0.2553633689924042,0.007911766873363198,-0.2620657244984026,0.9650175956883215,0.1723
1,1784433084.9163144,6549,-87.31,51.7,-2156.16,0.967010560047433,0.24801311168007423,0.058138396877769415,-0.25459155599281597,0.9332611963552906,0.25339036878825627,0.008585824008611223,-0.25983270735659647,0.965615476167317,0.1603
1,1784433084.972965,6552,-87.31,51.7,-2156.2200000000003,0.9669438955482135,0.2480919568630842,0.05890571960252548,-0.25485804003831,0.9328956370707857,0.2544663234342108,0.008178159320836787,-0.2610672543122533,0.9652859713245523,0.1562
1,1784433085.0360472,6555,-87.32000000000001,51.7,-2156.21,0.9669579662512656,0.247672698914437,0.06041958056503926,-0.25485171047990784,0.9330103458148914,0.25405176690557074,0.006549593016506197,-0.26105541330303006,0.9653015974380768,0.1716
1,1784433085.0960138,6558,-87.3,51.7,-2156.17,0.9670040164893511,0.2479234723952901,0.05862750147264209,-0.25462608532004377,0.9330593775511091,0.25409792332588366,0.008293899447945102,-0.2606418036298066,0.9653999489499411,0.1545
1,1784433085.1570618,6564,-87.31,51.7,-2156.2,0.9670057455257611,0.24790536071432892,0.058675550694179304,-0.2546178626902575,0.9329580824936164,0.25447781889367016,0.008344586221732462,-0.26102135628896894,0.9652969592005639,0.1631
1,1784433085.2175922,6567,-87.31,51.7,-2156.16,0.9669783453808339,0.2477893280787441,0.05960980166741881,-0.25475367092896994,0.9330602511842937,0.2539667986334372,0.007310725870841371,-0.2607662105223513,0.9653742987758966,0.15960000000000002
1,1784433085.2629929,6570,-87.3,51.7,-2156.2,0.9669456305808233,0.24807377439564052,0.05895379510900419,-0.2548498239128055,0.9327941841918741,0.2548461833919197,0.008228897390638656,-0.2614467678035373,0.9651828183576504,0.15710000000000002
