Tool ID,Timestamp,Frame #,Tx,Ty,Tz,R00,R01,R02,R10,R11,R12,R20,R21,R22,Tracking Quality
1,1787779715.406226,92,118.07000000000001,-223.85,-1588.6100000000001,0.9050679404664481,-0.2910776777782456,-0.31004162404271757,0.2063802863989358,0.938078173514484,-0.2782382392152867,0.3718322209353504,0.18783803096006318,0.9090971750034929,0.1293
1,1787779715.4580922,95,118.08,-223.85,-1588.6100000000001,0.9053162988233795,-0.291521417997044,-0.30889749421730534,0.2067132962524818,0.9377340117455032,-0.27914966660936225,0.37104179311389046,0.18886552375877702,0.909207238036605,0.1318
1,1787779715.5069792,98,118.08,-223.84,-1588.58,0.9054368026463466,-0.29112215051131385,-0.3089208472978622,0.20678235884917048,0.9380739339698106,-0.2779538639328058,0.3707091211210402,0.18779027634058104,0.909565588415478,0.1337
1,1787779715.5608423,101,118.08,-223.85,-1588.6000000000001,0.9051086342690443,-0.29147879591914083,-0.3095455890513593,0.20673947586299038,0.9378808529694452,-0.278636492142005,0.37153351032110304,0.18820100202398884,0.9091442314317597,0.1432
1,1787779715.6067193,104,118.07000000000001,-223.84,-1588.57,0.9051576180217906,-0.29129257687627635,-0.30957764970019563,0.20655107802054098,0.93793067935459,-0.278608493937263,0.3715189614349055,0.18824100345625058,0.9091418953673366,0.1336
1,1787779715.6665583,107,118.07000000000001,-223.84,-1588.58,0.9050837571827034,-0.2912219188176418,-0.3098599465633009,0.20664017817500233,0.9380728154657693,-0.2780633554568594,0.3716493364017272,0.18764111192458674,0.909212617525659,0.1242
1,1787779715.7269812,110,118.07000000000001,-223.84,-1588.58,0.9054944295436506,-0.2912512410868422,-0.30863012268862033,0.20666782392247807,0.9378730468370033,-0.2787159101519391,0.3706322282540555,0.18859178821478487,0.9094310797401766,0.1232
1,1787779715.772858,113,118.08,-223.84,-1588.5900000000001,0.9052131920203366,-0.2911380089633968,-0.3095605542203051,0.20678302824918632,0.9381615857384069,-0.2776573756861031,0.3712544359606354,0.18732725050463606,0.909438642789014,0.12490000000000001
1,1787779715.8316996,116,118.07000000000001,-223.82,-1588.57,0.9052892493311053,-0.29123673700013325,-0.30924511001314,0.2066539071076875,0.9379730088139854,-0.27838965033486196,0.37114085967817007,0.18811644733503402,0.9093220906364227,0.1303
1,1787779715.8895478,119,118.07000000000001,-223.83,-1588.56,0.9053359265009304,-0.29102236311989327,-0.3093102719775325,0.20650557850234913,0.9380694629670147,-0.2781746370469224,0.3711095609575591,0.18796719610849622,0.9093657278306666,0.14650000000000002
1,1787779715.951382,125,118.07000000000001,-223.83,-1588.56,0.9052131920203366,-0.2911380089633968,-0.3095605542203051,0.20678302824918632,0.9381615857384069,-0.2776573756861031,0.3712544359606354,0.18732725050463606,0.909438642789014,0.1258
1,1787779716.0092273,128,118.07000000000001,-223.83,-1588.58,0.9054990941944732,-0.2910521736582171,-0.3088041816779941,0.20689372365235112,0.9381648829103956,-0.27756375769719666,0.37049477395268765,0.18744408414924843,0.9097243196656866,0.13090000000000002
1,1787779716.057099,131,118.07000000000001,-223.84,-1588.5900000000001,0.9052846908829363,-0.29118049938391927,-0.3093114049489897,0.20673410830437136,0.9380662838588064,-0.27801556710178227,0.3711073118608457,0.1877380192338795,0.9094139867065805,0.1193
1,1787779716.113947,134,118.07000000000001,-223.84,-1588.5900000000001,0.9053722132116789,-0.29116407478200235,-0.30907060212923265,0.20671098763858597,0.9380294949686268,-0.2781568517192831,0.37090662320005324,0.18794719504489407,0.909452653380642,0.14600000000000002
1,1787779716.1758034,137,118.06,-223.84,-1588.5900000000001,0.9052177463845776,-0.29119431265751095,-0.3094942712011744,0.20670280019455042,0.9380684599753618,-0.2780315032351275,0.37128800683857016,0.1877057182809642,0.9093468971203834,0.13290000000000002
1,1787779716.2336268,140,118.06,-223.84,-1588.5900000000001,0.9054253108035467,-0.29123708599939757,-0.3088461854951106,0.2066765206702276,0.9379219580241613,-0.27854481948112475,0.3707962005737785,0.18837027471101403,0.9094101479779887,0.1404
1,1787779716.289478,143,118.05,-223.85,-1588.6100000000001,0.9053584377266023,-0.2912509689195609,-0.30902908008901564,0.2066451629035081,0.9379241367239268,-0.27856074813092296,0.37097692096116824,0.18833795914284998,0.9093431350486336,0.1169
1,1787779716.340341,146,118.05,-223.85,-1588.6000000000001,0.9052869692145608,-0.29120862178132595,-0.309278259776751,0.2066940088083564,0.9380196645979275,-0.27820261600193913,0.3711240898851029,0.18792723971742883,0.9093680566630554,0.11910000000000001
1,1787779716.4001803,152,118.05,-223.86,-1588.6100000000001,0.9052333348559883,-0.2915941767654923,-0.309071909985299,0.20665606849383344,0.9376772905882741,-0.27938247631106927,0.371276014334589,0.18903474493195158,0.9090764469440037,0.1411
1,1787779716.4580252,155,118.04,-223.85,-1588.6000000000001,0.9051599047756672,-0.2913207150925367,-0.3095444842740344,0.20651093624759922,0.9378839537198942,-0.2787954851945763,0.37153570487457177,0.18843017357289757,0.9090958638618056,0.12810000000000002
1,1787779716.5198603,158,118.05,-223.85,-1588.6200000000001,0.9050860401069128,-0.2912500972580335,-0.3098267916929938,0.20660002516207834,0.9380262009641996,-0.2782503834816756,0.3716660996198286,0.18783031478400114,0.9091666971691862,0.1316
1,1787779716.5797324,161,118.03,-223.87,-1588.6200000000001,0.9048331451479421,-0.2919089329998829,-0.3099454053160867,0.2066612557636454,0.9375794336102974,-0.2797068662675038,0.37224737045125855,0.18903433684350576,0.9086792144020132,0.12240000000000001
1,1787779716.639561,164,118.0,-223.89000000000001,-1588.65,0.904815046161484,-0.2917366706303727,-0.3101603573142397,0.20644139516917417,0.9376314954410913,-0.279694706988723,0.3724133222649215,0.18904204232500296,0.9086096101369363,0.1285
1,1787779716.6993794,170,117.97,-223.92000000000002,-1588.69,0.9044366281001179,-0.29228014391371365,-0.31075183543250096,0.20658541983212297,0.9373875996018931,-0.28040497931632163,0.37325172479665086,0.1894117356089112,0.9081884960458074,0.1183
1,1787779716.7592204,173,117.98,-223.94,-1588.73,0.9043202627201128,-0.292480192992735,-0.3109022340555931,0.20674218325851507,0.9373398834554914,-0.2804489481976149,0.37344682632916937,0.1893390598650432,0.9081234433236997,0.1301
1,1787779716.8190613,176,117.98,-223.93,-1588.71,0.904481042083551,-0.29203751806436246,-0.31085065956864366,0.20647773611393241,0.9375314366665376,-0.28000312453835796,0.37320368299457995,0.18907377741184805,0.9082786564124999,0.1265
1,1787779716.8792505,179,117.97,-223.92000000000002,-1588.69,0.9047910099698754,-0.29217953934139257,-0.3098134036286111,0.20672891749466604,0.9373886828839166,-0.2802955794739541,0.3723122116573355,0.1895615308848496,0.9085428130030063,0.12000000000000001
1,1787779716.9390905,182,117.96000000000001,-223.94,-1588.7,0.9044319945087953,-0.29222366537816113,-0.3108184304409811,0.2066660869150374,0.9374815379193822,-0.2800312385780136,0.37321829514115296,0.18903358287156985,0.9082810185832735,0.15360000000000001
1,1787779716.990251,185,117.96000000000001,-223.92000000000002,-1588.69,0.9045575564303456,-0.29187982525905964,-0.3107761167005964,0.20665619270740884,0.9377287478178084,-0.27920962292106494,0.37291935471417975,0.18833736517957805,0.9085483981367057,0.1293
1,1787779717.044106,188,117.95,-223.95000000000002,-1588.72,0.9043736737054533,-0.29255357237002605,-0.3106777520229572,0.20670731196840256,0.9372314359972427,-0.28083682550075906,0.3733367722141761,0.1897620685808474,0.9080803994364255,0.1394
1,1787779717.0895207,191,117.95,-223.94,-1588.7,0.9042834847357963,-0.29233885273323107,-0.31114204861558503,0.20653652870357403,0.9373798997054329,-0.2804667287563897,0.37364962403990526,0.18935923217749587,0.9080358140756271,0.1285
1,1787779717.1493359,197,117.94,-223.94,-1588.71,0.9042973790421477,-0.29225145311774803,-0.31118376951259286,0.2066030349722633,0.937485957059562,-0.2800629683774108,0.3735792234556835,0.18896869705504554,0.9081461310469624,0.1164
1,1787779717.2091768,200,117.94,-223.95000000000002,-1588.71,0.9043040550556795,-0.29253929963369335,-0.3108937667108854,0.20671607172707943,0.937280719130778,-0.2806658497847861,0.3735005243631918,0.189540527897121,0.9080593298815343,0.13970000000000002
1,1787779717.2547567,203,117.94,-223.96,-1588.71,0.9042858082327698,-0.2923671232314958,-0.31110873064275396,0.20649614811714204,0.9373328702422202,-0.2806535785915879,0.3736663188482334,0.18954829362677109,0.9079894969335217,0.1396
1,1787779717.3056233,206,117.89,-223.95000000000002,-1588.74,0.9041954341776484,-0.29215224640886583,-0.3115729155920765,0.2063254587363665,0.9374812199891149,-0.2802833695475856,0.3739791730691988,0.18914551828149104,0.9079446850026186,0.1529
1,1787779717.3594503,209,117.85000000000001,-223.99,-1588.76,0.904583657331784,-0.2917216871428887,-0.31084861932902363,0.20602034712603734,0.9375371727648989,-0.28032064899694326,0.37320774838998283,0.18953233743745931,0.908181407873544,0.1126
1,1787779717.4192874,212,117.85000000000001,-223.96,-1588.75,0.9043677754947438,-0.2915935805796121,-0.3115960693132215,0.2061679444689736,0.9378251890987946,-0.2792466532749287,0.37364917411942294,0.18830055352168057,0.9082561291966611,0.12610000000000002
1,1787779717.4798195,215,117.85000000000001,-223.91,-1588.67,0.905122197595163,-0.2905321393123677,-0.3103947220026163,0.2053771110615289,0.9380356680417519,-0.2791224242755938,0.3722553554652007,0.1888919307647712,0.908705556723097,0.1446
1,1787779717.5396602,218,117.88,-223.86,-1588.6100000000001,0.9057969310017024,-0.29004272480606946,-0.3088804583895976,0.20514275391225356,0.9380476710972392,-0.2792543952498196,0.37074030035213845,0.18958318632230167,0.9091808649321046,0.129
1,1787779717.597504,224,117.9,-223.82,-1588.56,0.9057719155820695,-0.28978613338426834,-0.3091944919318315,0.20504303798967294,0.9382399164908749,-0.27868120079252134,0.37085656191410976,0.18902342712317727,0.9092499955918917,0.1285
1,1787779717.6593413,227,117.9,-223.83,-1588.57,0.9054576184278396,-0.2902594265889805,-0.30967073886181246,0.205300032622928,0.9380885476560088,-0.2790013859493615,0.3714813559736333,0.18904851766907907,0.9089896919828708,0.127
1,1787779717.7141917,230,117.9,-223.81,-1588.52,0.9060811851936725,-0.2892566609064043,-0.30878385637741335,0.20486575309407984,0.9384845464386974,-0.2779870128350387,0.3701984725079577,0.18861956477796754,0.9096019737971907,0.1264
1,1787779717.7795238,233,117.89,-223.84,-1588.56,0.9056540257705351,-0.2899583049687882,-0.309378355715538,0.20524026778237453,0.9382393325274648,-0.2785379460307632,0.37103533266555894,0.18876211557948902,0.909231348797276,0.1307
1,1787779717.8393643,236,117.89,-223.82,-1588.53,0.9062283047475636,-0.28939687825788196,-0.3082202240751728,0.20468857176134692,0.9381994398370703,-0.27907776636576986,0.3699362759512198,0.18981901365247877,0.9094591215614602,0.11080000000000001
1,1787779717.8992252,242,117.89,-223.82,-1588.56,0.9058669327127157,-0.28938529115636874,-0.3092915347693822,0.2047060392334438,0.9383856450518122,-0.27843817745066896,0.37081064941424213,0.18891409270628312,0.9092914427497654,0.1272
1,1787779717.9590802,245,117.9,-223.81,-1588.56,0.9058160337196212,-0.2895435395308019,-0.3092925019660664,0.20493462105404686,0.9383829307370716,-0.27827913395498904,0.3708087298728125,0.18868495970076543,0.9093397999828403,0.1193
1,1787779718.0188828,248,117.89,-223.83,-1588.54,0.9059565932041059,-0.2895998856560393,-0.3088277148476464,0.20487717201139505,0.9382382578269276,-0.27880874437238323,0.370496957637473,0.1893168713503915,0.9093355412626716,0.12430000000000001
1,1787779718.0787559,251,117.9,-223.8,-1588.55,0.9060325538968167,-0.289443049433334,-0.3087518945916681,0.2050542947503315,0.9384350884102772,-0.27801496550516724,0.37021311090189135,0.18857970721985887,0.9096042801906862,0.1375
1,1787779718.138563,254,117.89,-223.82,-1588.55,0.9058297449874155,-0.2894567049284334,-0.3093336209790451,0.2050005130839713,0.9384882273055299,-0.2778752181181916,0.3707388066163861,0.18829408695149707,0.9094493246397845,0.1345
1,1787779718.1984024,260,117.89,-223.82,-1588.54,0.9058251291713829,-0.28965599416364757,-0.30916054147758903,0.20477441410799355,0.9381957389130374,-0.279027229517385,0.37087501221890784,0.1894417074735351,0.9091554128866726,0.1232
1,1787779718.2582426,263,117.9,-223.8,-1588.54,0.9059565932041059,-0.2895998856560393,-0.3088277148476464,0.20487717201139505,0.9382382578269276,-0.27880874437238323,0.370496957637473,0.1893168713503915,0.9093355412626716,0.1241
1,1787779718.3180814,266,117.89,-223.82,-1588.56,0.9057954643397159,-0.2893429496292126,-0.3095403596971887,0.2047548498798823,0.938481260154735,-0.27807980111659863,0.3709582567247491,0.18850353269434272,0.9093164410311119,0.1491
1,1787779718.377956,269,117.89,-223.81,-1588.56,0.905733045481521,-0.289413208724055,-0.30965730241480716,0.20464341172927258,0.9383899734628066,-0.27846962444811857,0.37117209533930773,0.18884981419244065,0.9091573149465985,0.136
1,1787779718.4377625,272,117.89,-223.81,-1588.53,0.9060393510721175,-0.28952724033356986,-0.308652995147696,0.2049343341737498,0.9382948708812137,-0.2785761187804309,0.3702628971225422,0.18914732983268406,0.9094661481504344,0.1274
1,1787779718.489622,275,117.89,-223.79,-1588.53,0.9058897396417727,-0.2896138918318469,-0.3090106361758,0.2048458214989352,0.9382404241892125,-0.2788244892968925,0.37067771584786113,0.1892847063955719,0.9092685691799505,0.1384
1,1787779718.5425024,278,117.89,-223.82,-1588.56,0.9060834480345642,-0.2892847368903072,-0.30875091287330814,0.20482577193009005,0.9384378413976648,-0.27817408395847054,0.3702150568940141,0.188808789083552,0.9095559646408596,0.1312
1,1787779718.58736,281,117.88,-223.81,-1588.54,0.9057307723255171,-0.2893850417712279,-0.30969027376023167,0.2046834923774017,0.9384367158533834,-0.2782825871061761,0.3711555415332132,0.18866061575586207,0.909203352420022,0.13
1,1787779718.6472,287,117.89,-223.8,-1588.53,0.9060121052395962,-0.28924250257631706,-0.3089997408780534,0.20487448508164502,0.9385333697819003,-0.2778156928043512,0.3703626743097173,0.18839821790351424,0.9095810029727612,0.1359
1,1787779718.7070432,290,117.89,-223.81,-1588.54,0.9059520506248411,-0.28934076064508557,-0.3090838174314027,0.20472318560254274,0.9383954200862116,-0.2783926235336875,0.3705931721516091,0.1889337444464221,0.9093760173679872,0.1335
1,1787779718.7569106,293,117.88,-223.82,-1588.55,0.9062927454712979,-0.28935481815160613,-0.3080702009583987,0.2047598764429719,0.9382441695132143,-0.27887501030662065,0.3697388977442813,0.18966198245012045,0.9095721411234703,0.115
1,1787779718.8122919,296,117.89,-223.81,-1588.55,0.9060789241225274,-0.289228577783823,-0.30881679529149675,0.20490573208581966,0.9385312149521606,-0.2777999271396516,0.3701818799176122,0.18843032758441125,0.9096479469701968,0.1337
1,1787779718.8721318,299,117.88,-223.81,-1588.55,0.9057399632718451,-0.2892417596568017,-0.3097972294952836,0.20482960794752883,0.9386352114653095,-0.27750454321602613,0.371052490411233,0.1878913097195041,0.909404698190806,0.12840000000000001
1,1787779718.931971,302,117.88,-223.82,-1588.54,0.9058692045731246,-0.2894134136058422,-0.30925856533177604,0.20466599210580763,0.938338862962043,-0.278625214096725,0.3708272048830832,0.18910328997697015,0.9092453628358442,0.1348
1,1787779718.9918115,305,117.88,-223.81,-1588.54,0.9059520506248411,-0.28934076064508557,-0.3090838174314027,0.20472318560254274,0.9383954200862116,-0.2783926235336875,0.3705931721516091,0.1889337444464221,0.9093760173679872,0.1306
1,1787779719.0356936,308,117.88,-223.81,-1588.55,0.9059452529175225,-0.28925642060669715,-0.3091826674540598,0.20484323617077882,0.9385355256900128,-0.2778314518064036,0.37054344861471883,0.18836610670599138,0.9095140254735703,0.1292
1,1787779719.096531,314,117.89,-223.81,-1588.55,0.9058114479860705,-0.2892842363806215,-0.30954846353852095,0.20478073263727462,0.9385398407403843,-0.27786294982158943,0.3709049369284796,0.18830187976941376,0.9093799700001018,0.1494
1,1787779719.1563704,317,117.89,-223.76,-1588.5,0.9063232832487724,-0.28874121856230955,-0.3085556918034701,0.20465673416902794,0.9387308457754933,-0.27730852916723436,0.36972114816498297,0.1881831764339725,0.9098864570410898,0.12840000000000001
1,1787779719.21621,320,118.01,-223.63,-1588.28,0.9072943886772815,-0.28763879441150125,-0.3067259627488624,0.20436112733501732,0.939126112646687,-0.2761859413139696,0.3674961522371074,0.18789909125544146,0.9108460405558672,0.1227
1,1787779719.2765598,323,118.10000000000001,-223.31,-1588.0900000000001,0.9087663338394681,-0.28421751303277654,-0.3055554872121198,0.2026438548146187,0.940642725807729,-0.27226224580517494,0.36480024477218226,0.18550382117484604,0.9124193738318399,0.1086
1,1787779719.3363986,326,118.13,-223.36,-1588.06,0.9089604458302618,-0.2848200026247949,-0.30441497009980245,0.20320644631365453,0.9403026203201486,-0.273016707173093,0.36400281330317713,0.1863023035925064,0.9125751495539959,0.1312
1,1787779719.3962674,332,118.37,-223.57,-1587.42,0.9109150540241308,-0.2851990825019573,-0.2981530608467009,0.2037246370570456,0.9392983920622181,-0.27607028620499247,0.3587896829734515,0.19073545556443658,0.9137231251218484,0.10990000000000001
1,1787779719.4561064,335,118.41,-223.65,-1587.3,0.9112008130985304,-0.28520297449918075,-0.2972748585827546,0.2041699522824872,0.9393908317752098,-0.27542602593372745,0.3578095985206993,0.19027382508768528,0.9142035674251971,0.1396
1,1787779719.5159528,338,118.46000000000001,-223.45000000000002,-1587.14,0.9124446365836757,-0.28289417487796353,-0.29566141275080227,0.20279263751508889,0.940181272743589,-0.2737413387705976,0.35541515350271413,0.1898158586692942,0.9152322155924586,0.1037
1,1787779719.5687766,341,118.47,-223.67000000000002,-1587.22,0.9113543305847133,-0.28615792895627296,-0.2958832942562762,0.20514543438889243,0.9389470023456237,-0.2762134637116017,0.35685940491162915,0.19102922939075148,0.9144174094167793,0.1121
1,1787779719.6206377,344,118.44,-223.46,-1587.19,0.9120641883393973,-0.28346611815534617,-0.2962868140952878,0.2029611513424496,0.9399296964811471,-0.27447939215650735,0.356294383052194,0.1902081111067501,0.9148088254245575,0.1033
1,1787779719.6805112,347,118.44,-223.61,-1587.23,0.9113014149708822,-0.2848830912074703,-0.2972731999628358,0.20371482237530408,0.9393954092580327,-0.2757472324603307,0.357812803315737,0.1907298859880368,0.9141072739970536,0.11800000000000001
1,1787779719.7403176,350,118.26,-223.66,-1587.52,0.9100926883471411,-0.28624751695939055,-0.29965589874330306,0.20412722469711544,0.9389456039760455,-0.27697153086826864,0.3606430018099986,0.19090183814893558,0.9129584401476503,0.127
1,1787779719.7851975,353,118.25,-223.65,-1587.52,0.9103341504180088,-0.2851110758203553,-0.30000568165833374,0.2029488356815904,0.9392529612406189,-0.27679531227283305,0.360698634150739,0.19109042164715626,0.9128970073762446,0.1048
1,1787779719.8450363,359,118.24000000000001,-223.75,-1587.57,0.9100568518447856,-0.2861231758797468,-0.29988340173281575,0.20342859417596781,0.9387075090834376,-0.2782894526602784,0.36112786306507466,0.1922543643584077,0.9124828359499138,0.1149
1,1787779719.9049075,362,118.26,-223.84,-1587.6000000000001,0.9092692381745253,-0.28779691673320273,-0.3006698974429934,0.20514209563301147,0.9384519148096263,-0.27789336837974776,0.36214109558128665,0.19099983850518767,0.912344720257742,0.1335
1,1787779719.964717,365,118.23,-223.75,-1587.56,0.9096125051527625,-0.2865448405044381,-0.30082743367253184,0.20374260025385804,0.938702127268637,-0.2780778112383871,0.36206911399829733,0.19165169094380965,0.9122365844707535,0.1259
1,1787779720.0245554,368,118.24000000000001,-223.83,-1587.6100000000001,0.9095772584013769,-0.2875706510643731,-0.29995388253104394,0.204584568851269,0.9382150125332428,-0.2791016740279204,0.36168268577162377,0.1924985997446728,0.9122115565532839,0.1297
1,1787779720.0694394,371,118.21000000000001,-223.78,-1587.6200000000001,0.909623473862006,-0.28643280001330534,-0.3009009585823118,0.20384570837878413,0.9388547203248419,-0.27748647047975983,0.3619835120206002,0.19107083817343962,0.9123923891752557,0.1492
1,1787779720.1293035,374,118.22,-223.81,-1587.6100000000001,0.9096784919541906,-0.28700410864879006,-0.30018941169645347,0.2044273015143245,0.9386074565525537,-0.2778948018576761,0.36151697010171013,0.19142801289952088,0.9125024910682819,0.1273
1,1787779720.1891158,377,118.22,-223.79,-1587.6100000000001,0.909671928207213,-0.2871702473296613,-0.3000503825699811,0.20424618798974542,0.9383604586589135,-0.27886043878092687,0.36163583578432656,0.19238736620177183,0.9122535961028144,0.12150000000000001
1,1787779720.2429712,383,118.22,-223.83,-1587.6100000000001,0.909882569264992,-0.2870692780431498,-0.29950782919904057,0.20436474183709832,0.9384131944538201,-0.2785959956080359,0.36103845008751223,0.1922808000783265,0.9125126472984609,0.1139
1,1787779720.3054023,386,118.22,-223.81,-1587.6100000000001,0.9096631606029855,-0.28706160746491,-0.30018089173271656,0.20440252670082784,0.938548603684205,-0.2781117142458158,0.3615695525346463,0.19163024824408828,0.9124392070915216,0.1232
1,1787779720.3542726,389,118.22,-223.81,-1587.58,0.909600160758372,-0.28710322241181024,-0.30033196171752735,0.20433222448717236,0.9385037215081046,-0.27831476200798616,0.3617677287769978,0.19178765444155363,0.9123275760489429,0.1236
1,1787779720.414112,392,118.22,-223.81,-1587.6100000000001,0.9093368697103208,-0.28713366849761995,-0.3010991760210151,0.2042464926018945,0.9385591034578684,-0.27819090491277154,0.36247734776846346,0.19147079602764838,0.912112441875057,0.1265
1,1787779720.4729555,395,118.21000000000001,-223.82,-1587.6100000000001,0.9093390665926667,-0.28716093267229476,-0.3010665386839847,0.20420732166426406,0.9385121297182925,-0.27837807411924975,0.3624939058068221,0.1916600665720757,0.9120661089715493,0.127
1,1787779720.5188322,398,118.22,-223.82,-1587.6100000000001,0.9096257092500936,-0.28738402795937246,-0.29998581557318854,0.20439584017756346,0.9382641899948716,-0.27907463211724465,0.36166754013786245,0.19253760735792413,0.912209329136418,0.1179
1,1787779720.5776732,401,118.22,-223.8,-1587.6000000000001,0.9098065842560726,-0.28719542865574005,-0.2996176980813112,0.20423062040165044,0.9382619562627931,-0.279203071473567,0.36130573332657623,0.19282968440870946,0.912291006135752,0.13340000000000002
1,1787779720.638511,404,118.22,-223.81,-1587.6200000000001,0.9095268421957045,-0.2868061647450245,-0.300837409890725,0.204223252221406,0.9387566094852411,-0.27754079231688883,0.36201351712004093,0.19099280617872572,0.9123968223368347,0.1095
1,1787779720.683897,407,118.22,-223.81,-1587.5900000000001,0.909667541003827,-0.28711594152033365,-0.3001156459915796,0.2043243617263548,0.938454604159853,-0.2784861058226986,0.36160271023482177,0.19200883327614363,0.9123464736024168,0.109
1,1787779720.7437391,413,118.22,-223.8,-1587.6200000000001,0.909646351558383,-0.28688936024352446,-0.3003964215425737,0.20418255549766065,0.9385998166702777,-0.27810046417970224,0.3617360904402091,0.1916373635948437,0.9123717015270971,0.12010000000000001
1,1787779720.8039832,416,118.22,-223.81,-1587.6000000000001,0.9096763222111,-0.28722452488397343,-0.299985101486162,0.20416800551103995,0.9382661672252518,-0.2792347130391919,0.36166892917989396,0.19276584693770732,0.9121605746359888,0.13520000000000001
1,1787779720.8638232,419,118.22,-223.75,-1587.53,0.9101808864302221,-0.28673345153256435,-0.29892253469639507,0.20396398494034976,0.9383636917726512,-0.27905604241810145,0.36051275542530764,0.19302204468667047,0.91256399416185,0.0995
1,1787779720.923691,422,118.51,-223.45000000000002,-1587.06,0.9118123259237474,-0.2849864091166504,-0.2956028229099359,0.20445752012411184,0.9394425151696627,-0.27503614881756255,0.35608342387455244,0.19034313045259915,0.9148628793055714,0.10540000000000001
1,1787779720.968544,425,118.95,-223.12,-1586.48,0.9150660678470897,-0.2807369764907999,-0.2895528302497997,0.2030282479664794,0.9410026680489119,-0.27072774008677253,0.3484732730103229,0.1889463647589796,0.9180771477614719,0.0988
1,1787779721.0283828,428,118.97,-223.41,-1586.32,0.9146731916828769,-0.2825717050811446,-0.2890089685532162,0.20463979199720436,0.9403571111679927,-0.27175551329665526,0.3485620575277811,0.18942474749441346,0.9179448551458185,0.13520000000000001
1,1787779721.0882218,431,119.02,-223.32,-1586.4,0.9148316475246255,-0.2819542242023202,-0.2891104843167173,0.2040953911182949,0.940560583710219,-0.2714606043148107,0.34846538997675125,0.18933463451032873,0.9180001460583711,0.13040000000000002
1,1787779721.1480834,437,119.07000000000001,-223.17000000000002,-1586.27,0.9154477299070728,-0.28099364287917294,-0.28809378068517666,0.2039967671226142,0.9410941011268118,-0.2696798320747026,0.34690167599985555,0.18810759018659964,0.9188442532348348,0.12040000000000001
1,1787779721.2079012,440,119.04,-223.34,-1586.31,0.9149265728758988,-0.2820728249265595,-0.2886941074624018,0.2048135137404924,0.9407903926993867,-0.2701200873570991,0.34779417883977787,0.1880115912450193,0.9185264561909364,0.111
1,1787779721.2687385,443,119.04,-223.22,-1586.28,0.9156811898942651,-0.280737147521081,-0.28760148204685887,0.203935631275972,0.9411824905119659,-0.26941747873841426,0.346320973621139,0.1880483277123727,0.9190754102219721,0.11670000000000001
1,1787779721.327906,446,119.04,-223.04,-1586.38,0.915585629432887,-0.2801149072788979,-0.28851099441116346,0.20382645663503238,0.9417515416643905,-0.26750478378591874,0.34663775148069376,0.18611736214786173,0.919349007045491,0.1307
1,1787779721.3877451,449,119.04,-222.97,-1586.3,0.9154453176997466,-0.27997007696281173,-0.28909622326666157,0.20354716003674372,0.9418055932677167,-0.26752715400613164,0.34717203796185314,0.18606176526917484,0.9191586346014121,0.1139
1,1787779721.4475846,455,119.06,-223.13,-1586.29,0.9158875988194429,-0.28068157596587917,-0.2869978383926708,0.20445500558981192,0.9414113492436674,-0.26822159160755027,0.3454678813117439,0.18698268483613104,0.9196137333432156,0.1242
1,1787779721.5034356,458,119.01,-222.97,-1586.29,0.91559613110924,-0.2800069155481287,-0.28858248724240776,0.20392404553645227,0.9418986551783016,-0.2669117963398277,0.34655260545815875,0.18553449980672027,0.9194989075750073,0.127
1,1787779721.552304,461,118.78,-222.98000000000002,-1586.76,0.913459307192612,-0.2830990009824231,-0.29231327329758316,0.2064321429309713,0.941423174531933,-0.2666611648124728,0.3506819990648515,0.18324126745078959,0.9183924942174276,0.11280000000000001
1,1787779721.6121438,464,118.77,-222.63,-1586.88,0.913779188966194,-0.28307547442313397,-0.29133463507177143,0.20987643492620123,0.9430617930980766,-0.258043284084877,0.3477922884063887,0.17465030826986286,0.9211611118291356,0.1359
1,1787779721.6719837,467,118.67,-222.43,-1586.79,0.9145821931444662,-0.2802184166071126,-0.29157683546067403,0.20826900245354193,0.944418799935597,-0.2543563503143053,0.3466459787738275,0.1719033720507244,0.9221094273878375,0.1364
1,1787779721.716863,470,118.72,-222.51,-1586.63,0.9148823500266804,-0.28156151231552873,-0.2893326811686693,0.20965769776232346,0.943801244277532,-0.2555051096733377,0.3450129495811145,0.17309629136054444,0.9224986387732854,0.1004
1,1787779721.7717166,473,118.71000000000001,-222.4,-1586.52,0.9152236334677754,-0.2808257549333435,-0.28896815760246086,0.20930991847125266,0.9441249221084186,-0.25459279149915076,0.3443182521615729,0.17252543818199736,0.9228650575292734,0.12810000000000002
1,1787779721.8215833,476,118.69,-222.33,-1586.44,0.9156951621866374,-0.280959729732979,-0.28733952080484815,0.20960272625824475,0.9439439732983136,-0.25502249394691484,0.3428834599293172,0.17329571703352709,0.92325485504531,0.12840000000000001
1,1787779721.8664632,479,118.67,-222.4,-1586.51,0.9152014474853231,-0.2813359857121457,-0.2885418057477025,0.20997224992326652,0.9440167859743364,-0.25444834851270987,0.3439737850228282,0.17228572471931486,0.9230382788785143,0.13490000000000002
1,1787779721.9263034,482,118.65,-222.29,-1586.52,0.9153787554081791,-0.2809452778500665,-0.28835999202580403,0.2095699432575591,0.9440813206379045,-0.25454056436178046,0.3437472516695898,0.17256943783978415,0.9230696702271528,0.11280000000000001
1,1787779721.9861422,485,118.49000000000001,-222.19,-1586.69,0.9151044223605492,-0.28093065714417437,-0.2892436033047371,0.2091407405466539,0.9440003008197639,-0.25519322619496104,0.34473764926355666,0.17303582845392942,0.9226128956672454,0.1366
1,1787779722.0405571,491,118.12,-221.69,-1587.47,0.9138231867835533,-0.2783161272062736,-0.2957487390229289,0.20626000880828138,0.9453959966987249,-0.2523553411212698,0.3498342351216628,0.169607024509382,0.9213302693246951,0.1213
1,1787779722.1023915,494,117.89,-221.4,-1587.88,0.913080455839428,-0.27682619169255857,-0.2994183373760822,0.20413315412554492,0.945937294887888,-0.25205612376401715,0.3530067089317413,0.16902631077196187,0.9202262600665128,0.09430000000000001
1,1787779722.1512804,497,117.74000000000001,-221.4,-1588.07,0.9122586562230666,-0.2775425133937761,-0.3012545392274615,0.2044838219057191,0.9458319989625307,-0.25216700084938387,0.3549232462447545,0.16843984979098214,0.9195963822664139,0.1273
1,1787779722.2111008,500,117.62,-221.29,-1588.15,0.9125406699337474,-0.2763895665926204,-0.3014603343652545,0.2033859809321217,0.9461629921969038,-0.2518128967254862,0.35482906938009773,0.16847670365883002,0.9196259738867257,0.1388
1,1787779722.2709398,503,117.55,-221.27,-1588.31,0.9122763959412896,-0.276355056067761,-0.3022906885667438,0.20338669654888322,0.9462963409686684,-0.2513107374073817,0.35550756542625633,0.16778294923827672,0.91949075735953,0.12480000000000001
1,1787779722.3159885,506,117.5,-221.21,-1588.32,0.9120447769848012,-0.2760129430171595,-0.3033004781759341,0.20290405262409347,0.9464433793600745,-0.251147118427031,0.3563765848136815,0.16751652143143453,0.9192028855720855,0.1154
1,1787779722.372809,509,117.53,-221.09,-1588.29,0.9125233074472989,-0.2753043566045412,-0.3025040902202848,0.20253954551356626,0.9466722225394274,-0.2505782025145425,0.355357490238493,0.16738940918355805,0.9196204868447522,0.1091
1,1787779722.42068,512,117.47,-221.17000000000002,-1588.3600000000001,0.911930836352816,-0.2754777195557309,-0.30412855133516725,0.2027084953288679,0.9468372610912158,-0.24981686678603385,0.3567792253346035,0.16616626323552774,0.9192917694246923,0.11080000000000001
1,1787779722.4655597,515,117.36,-221.13,-1588.47,0.9118927516958936,-0.2753805468695063,-0.3043306816775839,0.20198073626820198,0.9465916760886453,-0.2513324112331007,0.35728894690578705,0.1677192689154739,0.9188116538515457,0.1131
1,1787779722.5255115,518,117.19,-221.27,-1588.64,0.9114259628699823,-0.2757837361611725,-0.3053621539672364,0.2019131886396309,0.9464078969535252,-0.25207768016502835,0.3585160783840835,0.1680934961650518,0.9182651022918749,0.1143
1,1787779722.5858927,521,116.96000000000001,-221.36,-1588.83,0.9111891073578136,-0.2756965869369898,-0.30614670108261166,0.20113596941986694,0.9462067066206182,-0.25345056747163525,0.3595535181833178,0.16936428282686528,0.9176257446609377,0.109
1,1787779722.6447008,527,116.36,-221.73000000000002,-1589.55,0.908395028236309,-0.2785414204964528,-0.31182230475604833,0.20304276111710298,0.9458203592234592,-0.25337222664757497,0.36550254422301726,0.16684880924425358,0.9157343310263498,0.1258
1,1787779722.6995537,530,116.10000000000001,-221.83,-1589.95,0.9070127575548107,-0.2795507366647226,-0.31492736188370324,0.20339354666528728,0.9456698202849444,-0.25365262895770774,0.36872608099744403,0.16601197737648887,0.9145934072361414,0.133
1,1787779722.75045,533,115.9,-221.95000000000002,-1590.33,0.9062378291249651,-0.28066720449390464,-0.3161628020252336,0.20495570526613946,0.9457496878955064,-0.2520926153706437,0.3697650009691692,0.1636564944239264,0.9145984888961611,0.14150000000000001
1,1787779722.8102572,536,115.69,-221.99,-1590.74,0.9052766997989258,-0.28109173096529344,-0.3185302742034113,0.20476112438556485,0.9456632455014594,-0.2525745593839676,0.3722189929887036,0.16342724647555323,0.9136435608966409,0.10260000000000001
1,1787779722.8700967,539,115.49000000000001,-222.09,-1591.06,0.9038241164161487,-0.28218476063762865,-0.3216733241169562,0.20588093511303263,0.9457849156494267,-0.251204963897989,0.37511999032516435,0.16081869976433388,0.912919678101287,0.1211
1,1787779722.9149773,542,115.34,-222.0,-1591.28,0.9035924160805016,-0.2816521531724923,-0.32278911105410724,0.2060469742177339,0.946345344656109,-0.2489480529416265,0.37558672769084683,0.15843785299293,0.9131440503674502,0.13340000000000002
1,1787779722.9748168,545,115.22,-222.03,-1591.3500000000001,0.9036528549421714,-0.28152095884217876,-0.3227343605621247,0.20623662054274686,0.9465066255927981,-0.24817667911397753,0.3753371472449406,0.15770592075605597,0.9133733456021774,0.14250000000000002
1,1787779723.0346563,548,115.10000000000001,-221.99,-1591.38,0.903906136309447,-0.2811260472163324,-0.32236910881572944,0.2058604940874199,0.9465702137153247,-0.24824642491082868,0.3749335323976912,0.15802840277445315,0.9134833716058244,0.1145
1,1787779723.0944963,554,114.97,-222.19,-1591.33,0.9038327510380427,-0.2819117352799734,-0.3218883838575691,0.20788330946001657,0.9468370270712352,-0.24552835643741103,0.37399316544417566,0.15500134734362667,0.9143870594680931,0.1165
1,1787779723.154336,557,114.89,-222.49,-1591.38,0.9036022673185894,-0.28323275062054704,-0.3213754058303521,0.21005230285063745,0.9467976848619813,-0.24382816491770626,0.37333761204015947,0.1528180385815467,0.9150222262438439,0.1421
1,1787779723.1992176,560,114.77,-222.78,-1591.52,0.9031579709992299,-0.28500012006535996,-0.3210616934224395,0.21214271941809515,0.9464474490221534,-0.24337767530600188,0.3732306874018393,0.151697586672263,0.9152522582213943,0.1351
1,1787779723.2590554,563,114.60000000000001,-223.17000000000002,-1591.7,0.9020018601253358,-0.28770291924057523,-0.3219001003275473,0.2147413582635603,0.9458049012772334,-0.2435964650217323,0.3745381067148645,0.15059919980004505,0.9148994959218366,0.1193
1,1787779723.3188949,566,114.48,-223.57,-1591.8700000000001,0.901378463219326,-0.2904463706353861,-0.32118183608214523,0.2181769287355606,0.945292186595956,-0.2425314613161646,0.3740530628291716,0.14853816932145117,0.9154347155547181,0.12840000000000001
1,1787779723.3647733,569,114.27,-224.11,-1592.06,0.8995998542233381,-0.2942718856354445,-0.3226827538092314,0.22142635715414208,0.9442166853554439,-0.2437728849848258,0.37641794675439616,0.14784758510350685,0.9145767441501375,0.14020000000000002
1,1787779723.4236143,572,114.22,-224.6,-1592.08,0.8989733202395531,-0.2968010013913524,-0.322111991503831,0.22384909491081736,0.9434387542381785,-0.24457084803614998,0.37648180859781466,0.1477581895348075,0.9145649048702417,0.1245
1,1787779723.4834542,575,114.22,-224.93,-1592.05,0.898589330854054,-0.29875712587240794,-0.32137422767814067,0.22613779270738177,0.9429628758822746,-0.24430045725962796,0.3760304684260259,0.1468509259360942,0.9148966566596554,0.1203
1,1787779723.5432937,581,114.18,-225.39000000000001,-1592.05,0.8978569142424475,-0.30072913086853226,-0.3215819512878288,0.2283242766845053,0.9425313059123441,-0.2439318799412426,0.37645847875101407,0.14559095858681798,0.9149220111868791,0.1228
1,1787779723.6031334,584,114.19,-225.48000000000002,-1592.14,0.8976069088192717,-0.30129973374585806,-0.3217457189840866,0.22845630619384347,0.9422224531626178,-0.24499911207284722,0.3769742078712768,0.1464080571583879,0.9145792078321755,0.1231
1,1787779723.6490116,587,114.18,-225.52,-1592.15,0.8975995163022904,-0.30151052623678143,-0.32156882762841543,0.2282290751020483,0.9419751367848074,-0.24615915777664477,0.37712941759024576,0.14756098484241226,0.9143298956833794,0.1039
1,1787779723.7069767,590,114.17,-225.5,-1592.17,0.8975061272020486,-0.30122392819945537,-0.3220976508993341,0.22814736617273998,0.9421899609359676,-0.2454116069380608,0.37740102138603393,0.14677269021030062,0.9143447087752022,0.1134
1,1787779723.767814,593,114.15,-225.53,-1592.28,0.8972255940469998,-0.3011710635607341,-0.3229275829976507,0.22815579822915635,0.942316079885484,-0.24491904238680678,0.3780623825791516,0.14606983282988392,0.9141840289655169,0.1124
1,1787779723.8276534,596,114.06,-225.56,-1592.47,0.8966101527450747,-0.3014866250705579,-0.3243394038627107,0.2285530689600729,0.9424088341549071,-0.24419067135277917,0.37928054084461793,0.14481506900303465,0.9138790221502299,0.10590000000000001
1,1787779723.8874931,599,113.9,-225.70000000000002,-1592.8400000000001,0.8953060076526402,-0.3027261022409581,-0.32677830356847004,0.22907746711431198,0.9420492759327396,-0.2450850378441982,0.38203490249135813,0.1445685606783085,0.9127701049781487,0.1424
1,1787779723.932403,602,113.72,-225.82,-1593.25,0.8941992640907064,-0.3036380320613,-0.32895534892380146,0.2295764187288654,0.941866548410902,-0.24532034760321586,0.3843206266429994,0.14384488336564127,0.911924506451196,0.1312
1,1787779723.992213,608,113.33,-226.07,-1594.29,0.8910586950115507,-0.30657238893148964,-0.33470550098430063,0.231608146705022,0.9412990581136986,-0.24558857785762095,0.3903486498300938,0.1413133169206045,0.9097573731697476,0.1394
1,1787779724.0520518,611,113.18,-226.17000000000002,-1594.72,0.8893043015451844,-0.3072076202733351,-0.33876442744070157,0.2319310945974146,0.9414087537526302,-0.2448622586614049,0.3941393492307982,0.1391870554466686,0.9084498538631667,0.12100000000000001
1,1787779724.1039138,614,113.02,-226.31,-1595.03,0.8886242144750768,-0.3077122679346473,-0.34008846733029413,0.23172601516030958,0.9411450964821307,-0.24606698532221785,0.39579042351537086,0.13985373620377992,0.9076292597329412,0.1241
1,1787779724.1567717,617,112.88,-226.46,-1595.32,0.8871670339926,-0.3094308458177148,-0.34232616822747686,0.23366809696764598,0.9409529112755363,-0.24496293438316746,0.3979118925796161,0.1373323356628978,0.9070865203083339,0.12010000000000001
1,1787779724.2166114,620,112.85000000000001,-226.5,-1595.42,0.8872370719216734,-0.30939074621340784,-0.3421808649900896,0.23373973295404188,0.9409890276482973,-0.2447557702774039,0.3977136098330411,0.13717512895209097,0.9071972599994715,0.1194
1,1787779724.276451,623,112.84,-226.51,-1595.41,0.887299378947289,-0.30996191303701826,-0.3415017197411854,0.23599702972616185,0.9413373317306726,-0.2412248533020733,0.39623883464418813,0.13344527101628464,0.9083981206294993,0.12200000000000001
1,1787779724.3362916,626,112.83,-226.36,-1595.4,0.8878788473976938,-0.30909941799128693,-0.34077661618894917,0.23621018013816314,0.9418790537307093,-0.23889034920322777,0.3948112246920536,0.1316107820081291,0.909286917818776,0.114
1,1787779724.381187,629,112.8,-226.3,-1595.27,0.8886015680334978,-0.30894103110990667,-0.3390319934536514,0.2373061365517714,0.9421858613971195,-0.23658317805423137,0.39252140176464395,0.12977381045540676,0.9105414363314847,0.1107
1,1787779724.441039,635,112.66,-226.14000000000001,-1595.18,0.8894678475087712,-0.3074319574390893,-0.3381309506585921,0.23666487593106442,0.9428255947697173,-0.23466920195812382,0.39094332677339205,0.12870699045622497,0.9113713984205637,0.1389
1,1787779724.4978583,638,112.63,-225.99,-1595.08,0.8908169894957984,-0.30626828866654565,-0.3356260219096673,0.23651228249738998,0.9432741340193446,-0.23301469549779608,0.3879523571954651,0.12819377304425242,0.9127208363454627,0.1246
1,1787779724.5606909,641,112.59,-225.88,-1594.98,0.8914807500940556,-0.3055731560714873,-0.3344953191006571,0.23741322799514145,0.9438989576352879,-0.22954240773317702,0.38587178101626823,0.1252190243674163,0.9140148601372986,0.1278
1,1787779724.6205397,644,112.59,-225.72,-1594.79,0.8927554113201204,-0.30447467634618464,-0.33208876377036434,0.23759936196860518,0.9444288609727538,-0.22715780804061864,0.3827980129921712,0.12389228396309801,0.9154869650757747,0.1322
1,1787779724.6654098,647,112.56,-225.55,-1594.57,0.8936621175129352,-0.30281732352899504,-0.33116414101323377,0.2367105827117756,0.9450725125989118,-0.2254019653025047,0.38122974668111703,0.1230431408113263,0.9162555679201821,0.1302
1,1787779724.7257562,650,112.46000000000001,-225.57,-1594.56,0.8939799043535861,-0.30221661241077036,-0.33085502836576547,0.23618423933980826,0.9452414223277722,-0.2252457737744406,0.3808108923067057,0.12322245208860488,0.9164056370417207,0.12200000000000001
1,1787779724.7855952,653,112.39,-225.44,-1594.47,0.8945123004205061,-0.3005926956947273,-0.3308954150353118,0.23521771865616706,0.9459146200305047,-0.22342371504102673,0.3801583475692759,0.12202279667145288,0.916836990890897,0.13340000000000002
1,1787779724.8304753,656,112.26,-225.5,-1594.46,0.8949153950396002,-0.300916648461238,-0.32950812797254697,0.2357188000833694,0.9457688758390564,-0.22351259647139438,0.37889719319146875,0.12235360302411852,0.9173148384380597,0.1323
1,1787779724.8903136,662,112.19,-225.51,-1594.22,0.896495493584866,-0.29940888143614136,-0.3265733481152227,0.23511468339768685,0.9462489335877733,-0.22211267711413385,0.37552219059974773,0.12234082475265824,0.9187033291362378,0.13290000000000002
1,1787779724.950715,665,112.17,-225.46,-1594.05,0.8973619499623177,-0.298891039563304,-0.324662405012644,0.2362707167613005,0.9467834458169024,-0.21858008859036898,0.37271662045168835,0.11943723538260463,0.9202266392814501,0.14830000000000002
1,1787779725.0105543,668,112.08,-225.56,-1593.93,0.8980712243298155,-0.2991241281979294,-0.32247919616709414,0.23728821220774618,0.9467993750124631,-0.21740572168933528,0.3703543983510903,0.11872531072116763,0.9212719035204342,0.1177
1,1787779725.0703943,671,112.0,-225.68,-1593.72,0.8985799442391698,-0.2988614647041097,-0.321303452714167,0.23808105550732114,0.94711962183479,-0.21513212903712053,0.3686075078178015,0.11681715135389413,0.9222159499433475,0.1189
1,1787779725.1302338,674,111.94,-225.9,-1593.53,0.8992569688813522,-0.2999738308826567,-0.31835923844598263,0.23977904052216864,0.9467673729481452,-0.21479653918798572,0.36584548055783195,0.11682141202044657,0.9233145953839125,0.1414
1,1787779725.1900733,680,111.77,-226.23000000000002,-1593.33,0.8999865055165516,-0.3010194710704548,-0.31529600048933376,0.24157909679011016,0.9464779163173408,-0.21405395095082802,0.36285510866209525,0.11647674428849963,0.9245373643924677,0.13440000000000002
1,1787779725.2499735,683,111.67,-226.3,-1593.21,0.9002722702237338,-0.30093408587338505,-0.31456082945235664,0.24214729780997107,0.9466555558579436,-0.2126215998590385,0.36176584364687286,0.11524727555494757,0.9251181221052953,0.11120000000000001
1,1787779725.3033412,686,111.59,-226.33,-1593.22,0.9002851325523752,-0.29982125417495087,-0.3155850054266072,0.24176962397583918,0.9472805286653998,-0.21025472392786285,0.3619863658036495,0.11299033390675504,0.9253102481956559,0.1306
1,1787779725.355234,689,111.51,-226.3,-1593.28,0.9011252618606324,-0.29854239374337693,-0.3143973625439337,0.2412460502498374,0.9477934776862208,-0.20853744722306464,0.36024103829999726,0.11207123981394171,0.9261028190925165,0.1448
1,1787779725.4155798,692,111.4,-226.27,-1593.28,0.901612517224828,-0.2976824106034921,-0.31381531384048716,0.24020878030091275,0.9479394019701181,-0.209070878074597,0.35971462390325104,0.11311972688187096,0.9261799591549765,0.12290000000000001
1,1787779725.4753876,695,111.29,-226.22,-1593.31,0.9019435553656014,-0.2964760393571316,-0.3140060206772581,0.2391408070256663,0.9483368987721352,-0.2084917284746846,0.359596297741747,0.11295611764909912,0.9262458734785659,0.13340000000000002
1,1787779725.5357358,698,111.18,-226.23000000000002,-1593.3700000000001,0.9017885041749371,-0.2952829654935785,-0.31557164642478136,0.23799527321132002,0.948799580077479,-0.20769594789949178,0.360743321028953,0.11219325797086643,0.9258925041271714,0.1353
1,1787779725.5806134,701,111.12,-226.21,-1593.3500000000001,0.9026739209010634,-0.29417471379143395,-0.314071696099519,0.2368739842218812,0.9489968084863697,-0.20807636358206694,0.3592638419378615,0.11342969297504264,0.9263170065520955,0.11850000000000001
1,1787779725.6394563,707,111.04,-226.06,-1593.3700000000001,0.9035149082203477,-0.29246666866508697,-0.31324759910256716,0.23563479635402118,0.9495595318651465,-0.20691287584691934,0.3579623630645761,0.11313683380751803,0.9268565171941311,0.1022
1,1787779725.7002928,710,111.02,-225.93,-1593.3500000000001,0.9038089358394429,-0.29097037761936717,-0.3137923626298391,0.2356943415327337,0.9504953585541902,-0.2025012363823791,0.3571800454479851,0.10906334267288882,0.9276462700937201,0.1379
1,1787779725.760132,713,111.01,-225.9,-1593.3500000000001,0.9041025033982947,-0.2905474723794324,-0.3133382032929589,0.23498700418917548,0.9504935047451101,-0.2033302862329022,0.35690302774161653,0.11020101511002746,0.9276184372130528,0.1213
1,1787779725.8199713,716,110.97,-225.82,-1593.29,0.9049173922331888,-0.2894466137538289,-0.31200187662949513,0.23427841177305736,0.9508250574128635,-0.20259648558876459,0.3553000689712552,0.11023777928762217,0.9282292243873572,0.13140000000000002
1,1787779725.8798115,719,110.91,-225.75,-1593.27,0.905065882461843,-0.2881988329494195,-0.31272540844990193,0.23359436913756015,0.9513904403875618,-0.2007234431908402,0.3553722261387216,0.1086170457421567,0.9283926530641309,0.13540000000000002
1,1787779725.939651,725,110.75,-225.82,-1593.38,0.9053184746661536,-0.2873218425589761,-0.3128012439499942,0.2321358675525239,0.9514559641508017,-0.20210019118621672,0.355684408463157,0.11035264867860316,0.9280683673662359,0.1264
1,1787779725.9994922,728,110.67,-225.92000000000002,-1593.44,0.9054810702357234,-0.286852604704282,-0.3127612741679152,0.23189734272244408,0.9516523121083202,-0.20144850284168733,0.3554260174537568,0.10987929756444986,0.9282235108440772,0.1291
1,1787779726.0593317,731,110.55,-226.09,-1593.52,0.9052041873256902,-0.28669637570488327,-0.3137045862044754,0.23158908965741626,0.9517126406247605,-0.20151809652409572,0.35633112802516415,0.10976446525506313,0.9278900200818975,0.1231
1,1787779726.113215,734,110.47,-226.23000000000002,-1593.5900000000001,0.9049691300106233,-0.28647321335964476,-0.3145853966019637,0.23143783370991516,0.951855414976069,-0.20101691000609098,0.35702577337704483,0.10910713545930294,0.9277005067026686,0.11030000000000001
1,1787779726.1640506,737,110.36,-226.39000000000001,-1593.65,0.9045629605313176,-0.2866888353694292,-0.3155556402749573,0.23112083748515622,0.9516999733593928,-0.20211461893660912,0.3582582991571555,0.10989391421844541,0.927132309167775,0.1252
1,1787779726.2238908,740,110.27,-226.46,-1593.73,0.9046642985889448,-0.2863150307485449,-0.31560451521806887,0.2307440762001508,0.9518038194849713,-0.20205608259183633,0.35824527653147287,0.10996905192498378,0.927128432020941,0.1213
1,1787779726.2837293,743,110.15,-226.55,-1593.74,0.9048944369169296,-0.28559878728448956,-0.31559371150012155,0.23033781644779164,0.9520919405563453,-0.2011602024300937,0.3579253390734673,0.10933558171648287,0.9273269014861274,0.092
1,1787779726.32861,746,110.03,-226.64000000000001,-1593.81,0.9051287477048262,-0.2849726621273274,-0.3154877682547414,0.22981638298621543,0.9522858842662405,-0.20083830495798774,0.35766797478866696,0.10928026568108537,0.9274327163429406,0.1168
1,1787779726.3794732,749,109.89,-226.71,-1593.83,0.9051981780094659,-0.2842366879511725,-0.3159521542115052,0.2290146318922471,0.9524955279475188,-0.20075997514254595,0.35800636433952054,0.10936989742394794,0.9272915769216677,0.10980000000000001
1,1787779726.433329,752,109.79,-226.74,-1593.8500000000001,0.9054505655873263,-0.28333131271714024,-0.3160421498970877,0.22803357062845775,0.952721481948089,-0.2008045529889035,0.357994363005938,0.10975037616618571,0.9272512555868305,0.1264
1,1787779726.4782085,755,109.69,-226.79,-1593.88,0.9058822134014359,-0.28244638668154215,-0.3155969804884957,0.2273909514782284,0.9530022012229344,-0.20020029882611912,0.3573104681208503,0.10959399214729876,0.9275334960293761,0.1279
1,1787779726.5380485,761,109.53,-226.82,-1593.95,0.9064158476926939,-0.28075627743027487,-0.3155728501234374,0.2256603063603643,0.9534376044076426,-0.20008538336111,0.3570542496384569,0.11014829633230998,0.9275665019987559,0.1288
1,1787779726.5979106,764,109.48,-226.79,-1593.93,0.9067954342313789,-0.2795671905768045,-0.31553799519252446,0.2245715532580409,0.9537804924994597,-0.19967571107863596,0.3567767620296981,0.11020416544069764,0.9276666340852858,0.13720000000000002
1,1787779726.6581564,767,109.44,-226.8,-1593.9,0.9074590831894703,-0.27914484801290324,-0.31400026459348634,0.2242715711219801,0.9538245864391709,-0.19980220391833375,0.3552749283630987,0.11089099211386806,0.9281610383681257,0.1029
1,1787779726.7180214,770,109.38,-226.79,-1593.95,0.9073709723930747,-0.2781190994215636,-0.315162949909066,0.22336094147536256,0.9542091236627981,-0.1989845173422158,0.35607275700576374,0.11015768178213152,0.9279426042933372,0.1411
1,1787779726.762879,773,109.31,-226.78,-1593.95,0.9078004983698462,-0.2775328758465917,-0.31444197872386426,0.22283272191690232,0.9543315319365353,-0.19898971127867446,0.3553080820957543,0.11057499706527713,0.9281860464483673,0.133
1,1787779726.8227475,776,109.23,-226.79,-1594.01,0.9078573514830426,-0.27703370223172386,-0.3147179009620833,0.22178129951391237,0.9543078987874642,-0.20027353668863698,0.35582029810582116,0.11202125753462631,0.9278163359826368,0.1168
1,1787779726.882587,779,109.16,-226.77,-1594.02,0.9077362386548385,-0.276406574980209,-0.31561737331851064,0.22123371145120552,0.954558143186702,-0.19968574359097457,0.35646958629073916,0.11143678290253102,0.9276374709260312,0.12760000000000002
1,1787779726.9274392,782,109.05,-226.83,-1594.0900000000001,0.9075336715577972,-0.27566438909152546,-0.316846618374917,0.22037396908339535,0.9547983286854647,-0.1994880078848702,0.3575163614986802,0.11121733734557472,0.9272608883882171,0.12940000000000002
1,1787779726.9873137,788,108.89,-226.94,-1594.19,0.9073924921612065,-0.2748546871346477,-0.31795245891420637,0.21961443188695798,0.9550985288696555,-0.19888766039648847,0.35834113143266694,0.11064222119577653,0.9270112903370817,0.1296
1,1787779727.0471184,791,108.83,-226.94,-1594.28,0.9073265711648069,-0.27446042538743093,-0.31848071865415195,0.2188406334293609,0.9551186213303978,-0.1996426716615368,0.35898087751097657,0.11144457853153084,0.9266675970904447,0.1279
1,1787779727.097983,794,108.73,-227.08,-1594.29,0.9075315057625399,-0.2745625082748552,-0.317808110497824,0.21875840019389653,0.9549886285723482,-0.20035339189071044,0.35851266141237476,0.11230382160605963,0.9267451231377969,0.1331
1,1787779727.1523736,797,108.64,-227.07,-1594.4,0.9075887750452947,-0.27355450225212463,-0.31851302910457835,0.21780107422175607,0.9553120317240982,-0.19985398197440235,0.3589502855266043,0.11201275079546961,0.9266109411072163,0.1341
1,1787779727.2126925,800,108.55,-227.12,-1594.48,0.9075034206891691,-0.2725850848610758,-0.3195855330717228,0.21725668399853187,0.955764767642676,-0.198275672211454,0.35949558369390183,0.1105037576022733,0.926580727654293,0.1227
1,1787779727.2725317,803,108.39,-227.15,-1594.52,0.9071946991303492,-0.272551293131829,-0.32048957936563754,0.21640852192464224,0.9555830075772541,-0.20007115551223614,0.36078404830062416,0.1121468155668164,0.9258822615484301,0.1292
1,1787779727.3323932,806,108.28,-227.16,-1594.64,0.9077618835778176,-0.2712784204584433,-0.3199630936792945,0.21546549191200953,0.9559734855242972,-0.19922177784981837,0.359920803119754,0.11190493093737508,0.9262474301791789,0.11080000000000001
1,1787779727.377252,809,108.15,-227.23000000000002,-1594.68,0.9073508811519654,-0.27149864740804114,-0.3209405909640545,0.215148829919847,0.9558173695425728,-0.20031010225357587,0.36114451325871355,0.11270155516372177,0.9256743487894681,0.1278
1,1787779727.4331017,812,108.04,-227.23000000000002,-1594.8,0.9079054086802131,-0.26980117725773967,-0.3208038242283796,0.21424473823846923,0.9564838778906991,-0.19808529342760403,0.3602873312043391,0.11111217793521967,0.9262003686504054,0.10540000000000001
1,1787779727.4819708,815,107.88,-227.36,-1594.9,0.9070303815041464,-0.2705469158036069,-0.32264570875435294,0.21414613072705074,0.9561594076317271,-0.19975140022532345,0.362542855015894,0.11208725862693096,0.9252022074824636,0.1252
1,1787779727.5268517,818,107.72,-227.48000000000002,-1595.06,0.9066484865409347,-0.2700923931046569,-0.3240966230000431,0.21375756453518613,0.9563926195121856,-0.19904989562068504,0.3637254809014875,0.11119018180405749,0.9248462131691746,0.1114
1,1787779727.5846953,824,107.52,-227.75,-1595.26,0.9071344812976647,-0.26995796972507224,-0.32284629070617116,0.21398241190525544,0.9564526402354845,-0.19851920406293255,0.3623790284164167,0.11100018724528184,0.9253974271606151,0.1228
1,1787779727.646531,827,107.42,-227.88,-1595.38,0.9063946213453169,-0.2703843480072516,-0.3245629287965175,0.21426108035280855,0.9564142975572343,-0.19840332878797587,0.3640617802548451,0.11029050630401427,0.9248216175981601,0.13920000000000002
1,1787779727.7063706,830,107.33,-227.96,-1595.55,0.9062156146393266,-0.27024549483052585,-0.32517784719699366,0.21477467234742437,0.9566854774187519,-0.19653177202200917,0.36420474997166585,0.10826019499270594,0.9250052055411457,0.1211
1,1787779727.76621,833,107.24000000000001,-228.05,-1595.67,0.906584949995299,-0.2702447798730137,-0.32414732359439224,0.2152412739338194,0.9567581997277518,-0.19566538081392412,0.36300815753556803,0.10761740660830757,0.9255504153516082,0.13440000000000002
1,1787779727.8110902,836,107.14,-228.15,-1595.8400000000001,0.9058311954420187,-0.27023862277296534,-0.3262528653143973,0.2155650088470848,0.9569890769779883,-0.194174234916928,0.36469380626059383,0.10556037754095544,0.9251245507328034,0.14
1,1787779727.8709326,839,107.03,-228.19,-1595.9,0.9057250067009383,-0.27008996670865504,-0.3266705100248615,0.21534661769108887,0.957032598336255,-0.19420205964604123,0.36508635483347435,0.1055462723409698,0.9249713173441285,0.10840000000000001
1,1787779727.930769,842,106.93,-228.27,-1595.91,0.9056528949188778,-0.27000151894203533,-0.3269434411240723,0.2154401928226198,0.957124385269075,-0.19364512500924957,0.36521001799185143,0.10493851005369391,0.9249916496196614,0.1063
1,1787779727.9766464,845,106.86,-228.27,-1595.9,0.9058897018020627,-0.26915685492056485,-0.326983846112067,0.21513318572349382,0.9574950225606482,-0.19214836499966512,0.36480345471147974,0.10372014857709094,0.9252894521228022,0.1221
1,1787779728.035488,851,106.76,-228.22,-1595.79,0.9070543980231839,-0.267257462607262,-0.32530872676202177,0.21412671523938853,0.9581285389243511,-0.19010379459515891,0.3624942328473511,0.10277719386817537,0.9263016676941666,0.15080000000000002
1,1787779728.0953279,854,106.69,-228.19,-1595.8,0.9075069482366149,-0.2662099398007873,-0.3249052274949221,0.21330709816500856,0.9584326899511587,-0.18949105705919053,0.3618441940596661,0.1026598596543325,0.9265687953093734,0.1418
1,1787779728.1551683,857,106.59,-228.18,-1595.81,0.9077289156571073,-0.26595195251398673,-0.3244961858542721,0.2123763966853986,0.958279944281614,-0.19130032545333805,0.3618348819709045,0.10473350629872455,0.9263403320850695,0.1097
1,1787779728.215007,860,106.48,-228.15,-1595.81,0.9075488392686338,-0.26482621851642985,-0.3259174409700157,0.21156247791394805,0.9587362684394841,-0.1899107303910016,0.3627622117600809,0.10340136152402256,0.9261272785929117,0.1155
1,1787779728.2598867,863,106.4,-228.1,-1595.82,0.9078137261735891,-0.26388327634368186,-0.32594455822570173,0.21100243303147068,0.9590812571817199,-0.18878854673292955,0.36242545692269407,0.10260973924952663,0.9263471431302203,0.1246
1,1787779728.319727,866,106.3,-228.05,-1595.78,0.9080454153367906,-0.2627945297260019,-0.32617872222437305,0.2097483429492382,0.9593178752437896,-0.18898372117140025,0.36257296688512786,0.10319035509111428,0.9262249156119078,0.1298
1,1787779728.3795667,869,106.25,-227.91,-1595.73,0.9087620350091189,-0.26049227586237106,-0.3260296580713587,0.208694579340391,0.960227448829449,-0.18549883845572993,0.3613836414117577,0.10053367958316321,0.9269815764023833,0.13540000000000002
1,1787779728.4397266,875,106.11,-227.74,-1595.53,0.9102893524576648,-0.25761074470808826,-0.3240524633653462,0.20674979459940132,0.961079746044131,-0.18324913144911142,0.358647204415858,0.09981195296502579,0.9281216282416852,0.1106
1,1787779728.4995666,878,106.01,-227.72,-1595.47,0.9105792215140557,-0.25645134798409047,-0.32415765834544036,0.20559306093033836,0.9613669557398926,-0.18304390104208745,0.358576316345838,0.10003140771054991,0.9281253917587295,0.1269
1,1787779728.5449557,881,105.87,-227.71,-1595.44,0.9104933879403786,-0.2557493421374447,-0.3249524034579768,0.20470773088377128,0.9615295185271098,-0.18318223144574466,0.3593000632246938,0.1002659413624044,0.9278201364324026,0.126
1,1787779728.6047957,884,105.45,-227.74,-1595.71,0.909325746693141,-0.25474515437315226,-0.3289857029178629,0.2036238952565402,0.961971543359113,-0.18206608428765603,0.3628553371269535,0.098568027730523,0.9266176925937686,0.1114
1,1787779728.6646345,887,104.85000000000001,-227.8,-1596.19,0.9057799871820351,-0.254318731890629,-0.33894630464139086,0.20252462438381216,0.9624214533592578,-0.18091081402738107,0.37221820393246213,0.09522042177703391,0.9232478973373812,0.1365
1,1787779728.7095141,890,104.58,-227.69,-1596.3700000000001,0.9047126299506045,-0.25280844670815644,-0.3429036985523337,0.20121371861554996,0.9630307493525605,-0.1791223471327576,0.3755104481219701,0.09305732144466158,0.9221346096296257,0.13540000000000002
1,1787779728.7693546,893,104.53,-227.69,-1596.45,0.9045890210586532,-0.25241136497576777,-0.3435217690499646,0.20080926712236777,0.9631537601031751,-0.1789147077154168,0.3760243891264568,0.09286192562178128,0.9219448581948324,0.1237
1,1787779728.829222,896,104.46000000000001,-227.69,-1596.48,0.9050813890967829,-0.25117166994760093,-0.3431333142182077,0.19979667766288153,0.9634851558200632,-0.17826284556593183,0.375378431326991,0.09278548771290739,0.9222157483823217,0.1119
1,1787779728.8750713,899,104.39,-227.68,-1596.53,0.9053338721699205,-0.2508922355827961,-0.34267136738584547,0.19928473143326436,0.9634707996672974,-0.17891230814572312,0.37504156532228544,0.09368620129306782,0.9222617415722527,0.1212
1,1787779728.933913,905,104.13,-227.78,-1596.83,0.9050827345494146,-0.250211513474301,-0.3438305427757309,0.19758794124651277,0.9634329284496851,-0.1809861813863942,0.37654249307949117,0.09587069888012628,0.9214252872597526,0.1155
1,1787779728.9937534,908,103.99000000000001,-227.84,-1597.02,0.9045269666508307,-0.24939627445985701,-0.3458792634532908,0.19678736690111315,0.9637311106014548,-0.18026946132668506,0.3782931387556136,0.09499391951293613,0.9207988143052726,0.0994
1,1787779729.0536234,911,103.83,-227.87,-1597.13,0.9040448160558532,-0.24874359129501222,-0.3476055182994061,0.19580872068922242,0.9638881718795552,-0.18049525482056125,0.3799498854646346,0.09511160760048785,0.9201042694363841,0.0889
1,1787779729.1134324,914,103.63,-227.89000000000001,-1597.31,0.904240709541851,-0.2477839418652571,-0.3477813355557839,0.19444520842404828,0.9640184275480871,-0.18127198423540813,0.38018390303664656,0.0962890933669464,0.919885107157624,0.1277
1,1787779729.1593108,917,103.46000000000001,-227.91,-1597.42,0.9041444023993196,-0.24670871996972796,-0.34879464889942846,0.1931558720292745,0.9642641795690694,-0.1813433238379617,0.3810691652582084,0.09658881659326644,0.9194872983345254,0.12660000000000002
1,1787779729.2181807,920,103.32000000000001,-227.87,-1597.45,0.9043004735870946,-0.24536111361037516,-0.349340202951267,0.1918210361739504,0.9646047264615363,-0.1809486440104388,0.3813729717105131,0.0966211447662523,0.9193579340130539,0.1247
1,1787779729.2779918,923,103.18,-227.84,-1597.48,0.9048057688922272,-0.24388024476310455,-0.34906868492265775,0.19024553634453373,0.9649046473902241,-0.18101286513871875,0.38096345819556793,0.09737272543703138,0.9194484193583881,0.1469
1,1787779729.3378603,929,103.01,-227.65,-1597.3400000000001,0.9056655329426411,-0.2404250394916425,-0.34923594148535786,0.18759755390856747,0.965897744000541,-0.1784620573180409,0.3802329551830618,0.09611112589137494,0.9198834443953474,0.10500000000000001
1,1787779729.3976712,932,102.92,-227.59,-1597.32,0.9058994961436235,-0.23894251719877968,-0.3496463589992611,0.18638790367041153,0.9663177948604657,-0.17745272243996896,0.3802704987927393,0.09558447996781773,0.9199227983571248,0.1311
1,1787779729.4435484,935,102.9,-227.51,-1597.23,0.907159996068896,-0.23788285530407072,-0.3470914701986537,0.18564470154025778,0.9665065426615288,-0.17720369009274797,0.37761989661868844,0.09631640641573276,0.9209377631158634,0.0896
1,1787779729.4993997,938,102.82000000000001,-227.47,-1597.23,0.9074532822459309,-0.23683700840547767,-0.34704001497036463,0.1847767854932687,0.9667802729441117,-0.17661665660091014,0.3773408009795147,0.09614642632803855,0.9210699129927574,0.0913
1,1787779729.5627396,941,102.76,-227.41,-1597.21,0.9074552677266023,-0.23564188451816095,-0.3478474368684783,0.18402430386459115,0.9671945710747142,-0.17512771702603896,0.37770357777282565,0.0949081869194088,0.9210496421981159,0.1106
1,1787779729.6076183,944,102.71000000000001,-227.37,-1597.17,0.9075930392048521,-0.23480007540644723,-0.34805717888879506,0.18292972049110198,0.9673252063051392,-0.17555244973445233,0.37790421081002423,0.09566017894529982,0.9208895360553327,0.11750000000000001
1,1787779729.6674578,947,102.63,-227.32,-1597.14,0.9081385651028216,-0.23358199119107903,-0.3474533061638622,0.1818923971242533,0.9676064928040021,-0.17507949894813882,0.37709349297141254,0.09579733020679178,0.9212075602620019,0.1311
1,1787779729.7272623,950,102.54,-227.25,-1597.1200000000001,0.9085455780290589,-0.23250949424546424,-0.347108437998217,0.1806544325885019,0.9677791841844916,-0.1754064612416733,0.3767079885401557,0.0966580868055987,0.9212753690537437,0.1085
1,1787779729.7871025,956,102.25,-227.15,-1597.13,0.90949135727482,-0.22912276511682486,-0.3468835965387037,0.17750435808225762,0.9685528436743622,-0.17434905182452923,0.37592243070108433,0.09699560565060159,0.921560729729876,0.13470000000000001
1,1787779729.8469138,959,102.06,-227.16,-1597.2,0.9093178718420332,-0.2282228119194062,-0.3479301022738258,0.17645933100110472,0.9687574156530135,-0.1742732742560853,0.3768330033998059,0.09707428978310123,0.9211804762432757,0.1265
1,1787779729.8917944,962,101.92,-227.09,-1597.29,0.909730087628026,-0.22629668537901027,-0.3481105827905509,0.17453259923423706,0.9691703264151701,-0.17391736601286736,0.37673537061025336,0.09746121578754138,0.9211795546734464,0.10490000000000001
1,1787779729.9522965,965,101.77,-227.09,-1597.3,0.9096768916364869,-0.22507439436548213,-0.3490407853297246,0.173421713126717,0.9694992453392038,-0.17319388760262078,0.37737628732973433,0.09701922638181562,0.9209638469959069,0.0864
1,1787779730.0121312,968,101.66,-227.07,-1597.42,0.9097544180610487,-0.22376904473903264,-0.3496774419875889,0.17196775857907154,0.969762122628546,-0.17317192475764426,0.3778544545558421,0.09741067770813337,0.9207264365927316,0.0976
1,1787779730.0575037,971,101.59,-227.05,-1597.41,0.9097514807815928,-0.22311023781172795,-0.35010579115360685,0.171094962869601,0.9698633764269797,-0.17346914638144803,0.37825752721703854,0.09791247545258261,0.9205076807145057,0.1124
1,1787779730.1133542,974,101.55,-227.03,-1597.39,0.9099548432365722,-0.2224757662076649,-0.34998102337215076,0.1705673457164752,0.9700148577660014,-0.17314143434903356,0.37800656587623177,0.09785555254310667,0.920616818763888,0.1202
1,1787779730.1622267,977,101.5,-227.02,-1597.4,0.9101949247315269,-0.22161650643577885,-0.3499018763427405,0.16988774045571356,0.9702328321102149,-0.1725873898587136,0.3777345028400532,0.09764412716897984,0.9207509271206769,0.1114
1,1787779730.2081065,980,101.42,-227.02,-1597.45,0.9100475482391002,-0.2209685007993384,-0.35069414252093745,0.16897414738651914,0.970334733978361,-0.17291107989409582,0.37849860958661624,0.09809906059507521,0.9203887096500925,0.1213
1,1787779730.2669456,983,101.33,-227.01,-1597.47,0.9099487418627696,-0.2204481436913202,-0.35127753006051193,0.16829890236741643,0.9704287093573022,-0.17304218999146956,0.3790366296867436,0.09833990033639475,0.9201415637593721,0.1014
1,1787779730.3273747,986,101.27,-226.96,-1597.47,0.9100242228512719,-0.21955373870890688,-0.35164196228959893,0.16767145627303356,0.9706961130676313,-0.1721491760847918,0.3791334812110622,0.09769960027724522,0.920169871018633,0.1013
1,1787779730.3792372,989,101.21000000000001,-226.91,-1597.44,0.9107188717260738,-0.21843313554380078,-0.3505397295293225,0.1664973440892899,0.9708530942597151,-0.17240331718835733,0.37798117822611166,0.098647020547203,0.9205427715451141,0.1274
1,1787779730.4320946,995,101.08,-226.79,-1597.3400000000001,0.9115278571408143,-0.21589493393378492,-0.3500090615369867,0.16484570875670096,0.9715622947815888,-0.16997823291008224,0.37675304638552887,0.09724240258477718,0.9211954500423696,0.1017
1,1787779730.4919345,998,100.98,-226.74,-1597.38,0.9116858980128608,-0.2149270448931425,-0.350193073515146,0.1634770433930375,0.9716580160611241,-0.17075115258068066,0.376966947686338,0.09842288960227216,0.9209825487784143,0.0942
1,1787779730.5517747,1001,100.83,-226.72,-1597.4,0.9116826462441577,-0.21399335513175727,-0.350772855986183,0.16208037824680774,0.9717479326942662,-0.1715689549183986,0.3775774139492743,0.09956304165639669,0.9206098507030571,0.0762
1,1787779730.6116421,1004,100.69,-226.68,-1597.43,0.9122162480270979,-0.21216252377846845,-0.3504976181649671,0.16085641143122786,0.9722496227725603,-0.16987020315547322,0.3768112680597965,0.09857857030087729,0.9210296052465432,0.1134
1,1787779730.6714542,1007,100.47,-226.69,-1597.55,0.911922450337672,-0.21080675132631024,-0.35207663677867523,0.15905539386045733,0.972471364941593,-0.17029628901573185,0.3782840549825367,0.09929732103074118,0.9203484208614078,0.09190000000000001
1,1787779730.7313187,1013,100.15,-226.58,-1597.73,0.912415742670161,-0.20778922428299315,-0.35259204585402976,0.1554602630245877,0.9729171386037263,-0.17106825547559498,0.3785889844514553,0.1012713171782089,0.9200078810363561,0.12710000000000002
1,1787779730.7911322,1016,100.03,-226.55,-1597.75,0.91278705228917,-0.20585475811422943,-0.35276566688806366,0.1535263134054995,0.9732878510013173,-0.17070568293221505,0.37848311490126546,0.10165912479934934,0.9200086706546117,0.11470000000000001
1,1787779730.850972,1019,99.94,-226.52,-1597.8400000000001,0.9124508154834498,-0.20551361823288428,-0.3538328165170888,0.1526439694751824,0.9732592921965963,-0.171657125502671,0.3796489535168603,0.1026182385047047,0.9194216493099041,0.1178
1,1787779730.9108124,1022,99.8,-226.57,-1597.96,0.9122438474511996,-0.2044710548583828,-0.3549686613104493,0.15175427675547326,0.9735504898986714,-0.17079251477883903,0.3805020397762087,0.10193640832968821,0.919144801640627,0.1302
1,1787779730.9676604,1025,99.8,-226.48000000000002,-1597.96,0.912366782037511,-0.2039102317583666,-0.3549753124074491,0.15112618533336766,0.973635978934145,-0.1708620982884548,0.38045726585400036,0.10224283793595618,0.9191293004521726,0.1318
1,1787779731.030493,1031,99.63,-226.37,-1598.16,0.9114451251444661,-0.20261823006684165,-0.358069318282046,0.15001996087913722,0.9740753100362033,-0.16932602196855842,0.38309502109556437,0.10061383216265549,0.9182129718041093,0.11220000000000001
1,1787779731.0903306,1034,99.56,-226.28,-1598.2,0.9122626700512028,-0.201272275579601,-0.3567440145455276,0.14911926268819453,0.9743728353434893,-0.16840731349920313,0.3814974001567765,0.10043430105147738,0.9188975377298176,0.1221
1,1787779731.1501713,1037,99.46000000000001,-226.12,-1598.3,0.9129436196246781,-0.20028669002833585,-0.3555547625670118,0.14941229664331915,0.9748280166368506,-0.16548807688662234,0.3797498031577628,0.09795703025999276,0.9198883123642146,0.1061
1,1787779731.2100117,1040,99.33,-225.93,-1598.3700000000001,0.9127396484224798,-0.19893724733964518,-0.35683372292782695,0.14883160109119198,0.9753263877616645,-0.1630570202487951,0.3804674607824441,0.09572047302802311,0.9198272133009825,0.12440000000000001
1,1787779731.269851,1043,99.18,-225.86,-1598.49,0.9130394449773706,-0.1974233886658595,-0.3569075195664893,0.1480303692872763,0.9757797386522471,-0.1610618247891932,0.38006049740020026,0.09422264718973425,0.9201500481293641,0.1364
1,1787779731.3296895,1046,99.08,-225.68,-1598.53,0.9134687060613417,-0.196024475992628,-0.3565800441113235,0.14715738444601417,0.9761452476960503,-0.15964072037993413,0.37936740404207864,0.09335341564309217,0.9205245855153148,0.1207
1,1787779731.37457,1049,98.91,-225.66,-1598.64,0.9136466374858336,-0.1948337914185028,-0.3567767026198891,0.14642063235005914,0.9764761101370664,-0.15828899125900184,0.3792239710685998,0.0923807342094384,0.9206818015546341,0.0917
1,1787779731.4304216,1055,98.56,-225.64000000000001,-1599.04,0.9121316406517277,-0.19437703862936062,-0.36087870119427584,0.14596245706831548,0.9767267713083151,-0.15716162170267392,0.38302849926417687,0.09067734592120721,0.9192751425379226,0.1227
1,1787779731.494249,1058,98.49000000000001,-225.6,-1599.1000000000001,0.9118371184455764,-0.1932914198389342,-0.36220366707353563,0.14510124628203772,0.9770245138243249,-0.15610486127517226,0.3840555920075467,0.08978600338020526,0.9189340432505166,0.12290000000000001
1,1787779731.5401301,1061,98.42,-225.6,-1599.14,0.9114516042935243,-0.1932659656580506,-0.363186232598404,0.14510176819918771,0.9770741811140554,-0.15579320096129878,0.38496941423472847,0.08929899841856934,0.9185990632398939,0.11
1,1787779731.5989711,1064,98.32000000000001,-225.62,-1599.26,0.9109579445776245,-0.19327473592000746,-0.364418028733433,0.14463196495004105,0.977010485433227,-0.1566272839202049,0.38631233209101656,0.08997437306578893,0.9179691684723504,0.093
1,1787779731.6589706,1067,98.22,-225.6,-1599.38,0.910717326201862,-0.1925144452430701,-0.36542049768517976,0.1446180575331871,0.9773549585844411,-0.15447621941817946,0.3868844390655422,0.08783776695225537,0.9179351597502856,0.10020000000000001
1,1787779731.7188098,1070,98.10000000000001,-225.62,-1599.4,0.9102849874471992,-0.19279216872377192,-0.366350134853308,0.1438938288723128,0.9771129479428495,-0.1566679704818431,0.38816981804452266,0.0898969779315121,0.9171928508869132,0.1193
1,1787779731.7789671,1073,98.01,-225.57,-1599.42,0.9103522680519801,-0.1917560439283499,-0.36672655708247337,0.14337801546376802,0.9774284670220357,-0.1551655133611364,0.388202901501634,0.08867475103941506,0.9172978228437101,0.11410000000000001
1,1787779731.8238802,1076,97.89,-225.57,-1599.48,0.9103788520562583,-0.19125842029854107,-0.3669203760949176,0.14270109786522264,0.9774815673228364,-0.15545475937439657,0.3883899360137815,0.08916278488807987,0.917171333718086,0.114
1,1787779731.879726,1082,97.56,-225.42000000000002,-1599.48,0.9102775861793778,-0.18865472482054005,-0.36851609313886335,0.1402327611542637,0.9780233490790483,-0.15428901890689853,0.3895246960059097,0.08876780643391138,0.9167283063931293,0.0984
1,1787779731.9435277,1085,97.36,-225.38,-1599.55,0.9107285054630531,-0.18678762230485904,-0.36835305549259517,0.13864502256586853,0.9783982776405072,-0.15334395334605957,0.38903874749791106,0.08858439176167551,0.9169523752526467,0.0881
1,1787779732.003367,1088,96.89,-225.07,-1599.66,0.9106030752858952,-0.18042410700890743,-0.3718187473620832,0.1325336603183303,0.9796418234080986,-0.15078702434984728,0.3914548098599579,0.0880286285233067,0.915977124385653,0.11410000000000001
1,1787779732.063207,1091,96.71000000000001,-225.08,-1599.8700000000001,0.909357382638008,-0.17979985414208718,-0.3751548521507292,0.13107889102983836,0.9796809376908696,-0.1518011352115852,0.39482587930395224,0.08886660101310495,0.9144480588071902,0.09860000000000001
1,1787779732.1230743,1094,96.58,-225.14000000000001,-1599.94,0.9092044533370272,-0.18024583068497832,-0.37531147404895504,0.1314157493065102,0.9795901221652183,-0.15209567183368844,0.39506602342687713,0.08896422357900231,0.9143348424164198,0.11510000000000001
1,1787779732.1828852,1100,96.32000000000001,-225.17000000000002,-1600.18,0.9084306802383653,-0.17984024838107876,-0.3773740641113177,0.13058041210606525,0.9796367713164148,-0.15251410511477462,0.397117684290024,0.08927083144556369,0.9134157123003449,0.1062
1,1787779732.2427258,1103,96.17,-225.13,-1600.23,0.9082350543303092,-0.17926218976415154,-0.37811923173330103,0.1295822258743031,0.9796632849789912,-0.1531936513098137,0.39789135806534115,0.09013831252654449,0.9129937304230438,0.1047
1,1787779732.3025653,1106,95.99000000000001,-225.23000000000002,-1600.41,0.9077158927880655,-0.17916423085294397,-0.3794101163158914,0.12923365410682722,0.9796716095220674,-0.15343467711908745,0.39918732523235523,0.09024253918920204,0.9124175379148097,0.10830000000000001
1,1787779732.362404,1109,95.85000000000001,-225.24,-1600.52,0.9076462550590381,-0.1789572855940864,-0.379674288845189,0.1282544956276272,0.9795387110524145,-0.15509577009408493,0.3996611815383204,0.09207716048277598,0.9120267191748401,0.08030000000000001
1,1787779732.4072874,1112,95.71000000000001,-225.20000000000002,-1600.6000000000001,0.9070865801536873,-0.1779518416303418,-0.3814801150328262,0.12726426996610124,0.9797727446610298,-0.15443177914337453,0.40124523884413116,0.09153420606397615,0.911385619496574,0.0989
1,1787779732.4671237,1115,95.13,-225.0,-1600.98,0.906090442096436,-0.17218331268415596,-0.3864621812992768,0.1208852550871041,0.9807228002224848,-0.15352375785621428,0.40544650182731956,0.09238883026036165,0.9094379793032128,0.09920000000000001
1,1787779732.5269644,1118,94.92,-224.85,-1601.1100000000001,0.9058353970398358,-0.1696127219197484,-0.3881929391844434,0.11836237970774159,0.981187865655792,-0.15251465293456837,0.40675862687791053,0.09220573112776416,0.9088704652521123,0.10110000000000001
1,1787779732.5718439,1121,94.8,-224.9,-1601.21,0.9057798710583487,-0.16923249948104993,-0.3884883348376343,0.11836342126888655,0.9813418410973148,-0.15151993735893898,0.4068819554748594,0.09126090088931366,0.9089106239217505,0.12290000000000001
1,1787779732.6316836,1127,94.56,-225.0,-1601.47,0.904702330349465,-0.16944763816446143,-0.39089792961940006,0.11724885818606416,0.981100935541902,-0.1539274489260084,0.40959296712017884,0.09342618583293692,0.9074718447899074,0.11560000000000001
1,1787779732.691523,1130,94.42,-224.98000000000002,-1601.56,0.9051586145364942,-0.16857968335606366,-0.3902163155096715,0.11622593875669969,0.9811675026118597,-0.15427852403536224,0.4088757924975482,0.09429327748029165,0.9077055492457488,0.0983
1,1787779732.7518702,1133,94.32000000000001,-224.98000000000002,-1601.58,0.904672908955108,-0.1687108943288031,-0.39128450255214375,0.11604346715000348,0.9811178304162894,-0.15473111054677854,0.4100010262603122,0.09457503356599334,0.9071685187943209,0.10640000000000001
1,1787779732.8117101,1136,94.17,-224.98000000000002,-1601.6200000000001,0.904438509492308,-0.16731262352877982,-0.3924251120344482,0.11509616613713458,0.9814713718669568,-0.1531888336208848,0.41078443871191794,0.09338325445983771,0.9069375461952294,0.0932
1,1787779732.8565893,1139,94.01,-224.98000000000002,-1601.64,0.9043762176784165,-0.1673789722199534,-0.39254036296446415,0.11463717446615991,0.981345986336496,-0.15433202302718865,0.4110498450651653,0.09457449317782014,0.9066938237972407,0.1092
1,1787779732.9134371,1142,93.52,-224.96,-1601.6100000000001,0.9042599369926749,-0.16243133385642392,-0.39487976414552617,0.10984826578422349,0.9821848662033054,-0.15246720009691772,0.41261037899476305,0.09449312346841915,0.9059932255613062,0.10300000000000001
1,1787779732.975275,1145,93.34,-225.08,-1601.3500000000001,0.905156715014438,-0.16193368949900966,-0.39302519190188046,0.10961174787686456,0.9822432537130149,-0.152261141669989,0.4107025517228378,0.09474001657434998,0.9068339116221017,0.1283
1,1787779733.0211768,1148,93.44,-225.11,-1601.02,0.906527056057026,-0.16107038023231635,-0.39021151860035946,0.10980896821087952,0.9825004328632694,-0.15044896119265905,0.40761585731794553,0.09353732963531305,0.908350197240938,0.1264
1,1787779733.0809894,1154,93.71000000000001,-224.99,-1600.25,0.911066990645943,-0.15757089585079367,-0.38095715157498183,0.10897120432626076,0.9832520860065196,-0.14608426332604146,0.39759554220719034,0.09157919056535845,0.9129792093319344,0.0879
1,1787779733.1409945,1157,93.73,-225.04,-1600.06,0.9120414752401607,-0.1566890856162914,-0.37898400743366745,0.1095675065280118,0.9836388906585399,-0.1430017283016928,0.3951902186985221,0.08889917453366808,0.914287497350941,0.0844
1,1787779733.2008603,1160,93.81,-225.01,-1599.83,0.9130382382879518,-0.15634425702964522,-0.3767195889755155,0.11039646954437335,0.9838698465939353,-0.1407577510312108,0.39264971022040923,0.08692869639580651,0.9155706454483751,0.0755
1,1787779733.2607017,1163,93.83,-225.14000000000001,-1599.57,0.9141993023289745,-0.1561260802424983,-0.37398433481808996,0.11108126448495707,0.9840067863234254,-0.13925371503075817,0.3897442601266108,0.08576299631867797,0.9169209999562684,0.11280000000000001
1,1787779733.3055534,1166,93.78,-225.22,-1599.4,0.914734211023506,-0.15588539199056958,-0.3727748217720052,0.1113854580518727,0.9841193428195563,-0.13821142797532657,0.38840005524945315,0.08490502725016251,0.9175709963974835,0.0834
1,1787779733.3658988,1169,93.67,-225.45000000000002,-1599.25,0.915039835710239,-0.1562361430473297,-0.3718768165254101,0.11223843859434733,0.9841505516856247,-0.13729611982420972,0.3874333903592747,0.08389254569134952,0.9180726598761904,0.10840000000000001
1,1787779733.4257402,1172,93.61,-225.66,-1599.17,0.9156328879072393,-0.15681751914580377,-0.37016844850905967,0.11325848399802273,0.9841090463661601,-0.13675489264650192,0.38573168185296697,0.08329255998732482,0.9188435226226712,0.113
1,1787779733.4706187,1175,93.61,-225.56,-1599.1200000000001,0.9163633639214976,-0.1552102863749936,-0.36903651887837485,0.11219299289021033,0.9844131891879716,-0.13543782816888286,0.3843057605719876,0.08270695228430981,0.9194936880887367,0.1178
1,1787779733.5304585,1181,93.56,-225.53,-1599.08,0.9161045200309301,-0.1548978475008208,-0.3698096337556818,0.11171153502561795,0.9844446033447869,-0.1356073592676496,0.3850623862715225,0.08291851292044324,0.9191580271606962,0.1102
1,1787779733.5902984,1184,93.53,-225.6,-1599.17,0.9161073419390677,-0.1550085180187627,-0.3697562675425028,0.11159189683520569,0.9843778545714702,-0.13618916252767868,0.3850903616114753,0.0835020884223657,0.9190934743664796,0.10300000000000001
1,1787779733.648143,1187,93.52,-225.6,-1599.15,0.9161082858891579,-0.1550454003341258,-0.3697384648105467,0.11155201476406632,0.9843555265907171,-0.13638308279398073,0.3850996709000239,0.08369660151728348,0.9190718809577141,0.1163
1,1787779733.706986,1190,93.53,-225.57,-1599.15,0.9162354352595165,-0.1546902840076446,-0.36957210826635495,0.11113983192094863,0.9843866196065032,-0.1364951314159757,0.3849163090015639,0.08398749414832808,0.9191221550432221,0.0936
1,1787779733.7548575,1193,93.52,-225.55,-1599.1000000000001,0.9162750228651816,-0.1543697123486461,-0.3696080009723915,0.11105732715583903,0.9844836189253358,-0.135861231234945,0.3848458815661303,0.08343857607288441,0.9192016380884651,0.1106
1,1787779733.8146973,1196,93.47,-225.48000000000002,-1599.08,0.9164509151231744,-0.15351718715804483,-0.3695269860469972,0.11037660696196763,0.9846349807745223,-0.13531799315212786,0.3846228344826385,0.08322516375614913,0.9193143354219506,0.1106
1,1787779733.8745377,1199,93.47,-225.48000000000002,-1599.04,0.916812558694044,-0.1530191758114986,-0.3688358226295948,0.11012173874357606,0.9847334373724624,-0.13480823408347953,0.3838332123161984,0.08297703992421229,0.9196667200504995,0.1216
1,1787779733.934377,1205,93.44,-225.4,-1598.91,0.9174637015139113,-0.1521755608637705,-0.3675635388340216,0.10943703280938304,0.9848418535424133,-0.13457362059862105,0.3824707730719701,0.08324134902162786,0.9202102942038787,0.1246
1,1787779733.9942164,1208,93.43,-225.37,-1598.88,0.9174422810793047,-0.1518305748270075,-0.36775961909337246,0.10899397085326182,0.9848733424736986,-0.13470268595066323,0.38264863152197504,0.083498358261616,0.9201130631405982,0.1121
1,1787779734.0390978,1211,93.43,-225.34,-1598.8600000000001,0.9175267643791192,-0.15090339386253923,-0.36793043142522464,0.1087600610246305,0.985153322714006,-0.13283139640714559,0.3825125955754963,0.08186022517878239,0.9203168029324337,0.1014
1,1787779734.0989363,1214,93.36,-225.38,-1598.89,0.9172186606028989,-0.15105075042686997,-0.36863749054769746,0.10858842807950554,0.9850871281935143,-0.13346124214421576,0.38329946768688095,0.0823833761321687,0.9199426598478948,0.12240000000000001
1,1787779734.1587768,1217,93.29,-225.41,-1598.88,0.9177075466560172,-0.15102952420155857,-0.3674274644471272,0.10824037177967863,0.984980738929172,-0.13452496368904684,0.38222621669319207,0.08368408903724327,0.9202717492754061,0.1183
1,1787779734.2036562,1220,93.09,-225.53,-1598.9,0.9170609536323008,-0.1506495734843853,-0.3691935987148039,0.10780959678310521,0.9850768616425425,-0.13416656624488585,0.3838962075411519,0.08323630617375972,0.9196169959119225,0.12100000000000001
1,1787779734.2639995,1223,92.94,-225.57,-1598.82,0.9170321904363088,-0.15004654975787146,-0.36951047970165113,0.1076445722498231,0.9852616071187634,-0.1329368707428616,0.38401120786864845,0.08213159223776362,0.9196683063951652,0.09820000000000001
1,1787779734.3238616,1226,92.33,-225.55,-1598.98,0.9166033821566415,-0.14605819886668847,-0.3721629244871455,0.10298542769582589,0.9857225384855881,-0.1332106557443368,0.38630589110355756,0.08377397964372513,0.9185584787226881,0.10110000000000001
1,1787779734.3836846,1232,92.10000000000001,-225.41,-1598.8700000000001,0.9174124277680676,-0.14252101008434037,-0.3715403061058643,0.09994323964123451,0.9862594923573551,-0.13154300659870424,0.38518279586024445,0.0835462471901122,0.9190507267576332,0.1061
1,1787779734.4435241,1235,91.98,-225.38,-1598.77,0.918179601991428,-0.14174824112994894,-0.3699373658113336,0.0995985531096433,0.9863991978403726,-0.13075454377701307,0.38344014748762045,0.08321092858774698,0.919809542600117,0.0766
1,1787779734.4882615,1238,91.81,-225.35,-1598.83,0.917440162569998,-0.14093698762473889,-0.3720756826544832,0.0987852752944306,0.9865650737520357,-0.1301185022878907,0.3854153830460573,0.08262034115098078,0.9190369207706273,0.09000000000000001
1,1787779734.542117,1241,91.76,-225.34,-1598.81,0.9180964013942504,-0.14049052017159386,-0.3706230045326953,0.0985070948220488,0.98661218605192,-0.12997209932739867,0.3839210205454335,0.08281792122340595,0.9196444105781246,0.0961
1,1787779734.5929804,1244,91.66,-225.26,-1598.73,0.9180106040831495,-0.1391951696568687,-0.37132362641648115,0.09745561256274732,0.9868448660790864,-0.12899462730427885,0.3843942434154166,0.08223086426364286,0.9194994021703025,0.09040000000000001
1,1787779734.6378596,1247,91.53,-225.31,-1598.83,0.917456037781727,-0.13962837708978953,-0.3725296431817547,0.09735570752043332,0.9867140038321037,-0.13006667849535766,0.3857412150017804,0.08306257251548634,0.9188603398210522,0.0765
1,1787779734.697426,1250,91.39,-225.28,-1598.8400000000001,0.9179080944892039,-0.1384279875887604,-0.37186344580144576,0.09624118191702075,0.98685831448855,-0.12980100934905336,0.38494462585469835,0.0833568196186978,0.9191677081189493,0.0582
1,1787779734.757261,1253,91.23,-225.3,-1598.8700000000001,0.9175148513981111,-0.13789462503214414,-0.37303025326526346,0.09557705495982638,0.9869301556075631,-0.12974549902650825,0.3860460128392839,0.08339028924086846,0.9187026372179498,0.1024
1,1787779734.816076,1256,90.97,-225.33,-1598.97,0.9173489887131521,-0.13656640199967035,-0.37392572892463777,0.09455191558236417,0.9871816214083551,-0.12857830926434227,0.38669208443755704,0.08259578801873495,0.9185026769884242,0.0983
1,1787779734.8774226,1262,90.32000000000001,-225.38,-1599.3700000000001,0.9156061242573261,-0.13402810555684402,-0.37908032413107556,0.09072006269703141,0.987358626833725,-0.12997235183402528,0.39170817638482425,0.08461329055097928,0.9161906437065438,0.09630000000000001
1,1787779734.9372616,1265,90.04,-225.39000000000001,-1599.54,0.9154912874065461,-0.13262484755558016,-0.3798504343732729,0.088594319556948,0.9873863965846089,-0.13122176032161273,0.39246241759555317,0.0864797875258752,0.9156934515024846,0.0903
1,1787779734.997607,1268,89.86,-225.41,-1599.71,0.9153924765459166,-0.13144089406203652,-0.38049954697910715,0.08742444663890718,0.9875442931343449,-0.13081756467564923,0.3929549338194065,0.08648445216314489,0.9154817636201316,0.1155
1,1787779735.057952,1271,89.17,-225.37,-1600.0900000000001,0.9144663585962329,-0.12659117666867434,-0.38435134055364784,0.0816699492188054,0.9879996870768979,-0.1310978174133705,0.3963348311596439,0.08849458924472257,0.913831171105508,0.1043
1,1787779735.1028316,1274,89.15,-225.44,-1600.1100000000001,0.9148095160363398,-0.12735879798463123,-0.3832796445746473,0.08207593293449857,0.9878010867917214,-0.13233500733375855,0.3954580769212961,0.08960328961039392,0.9141029263101099,0.08940000000000001
1,1787779735.162671,1277,89.03,-225.39000000000001,-1600.3,0.9142085282966367,-0.12527799133590525,-0.385393554274768,0.08024122196913092,0.9881471446810207,-0.13086850941172462,0.3972204842233069,0.08871665765563337,0.9134250059899908,0.0984
1,1787779735.222511,1280,89.0,-225.45000000000002,-1600.28,0.9138720483779401,-0.12674496981709238,-0.38571179891153473,0.08068292512569519,0.9877701223767835,-0.1334183305731099,0.3979046930945516,0.09080692686033653,0.9129216599728107,0.101
1,1787779735.2733755,1283,88.89,-225.41,-1600.41,0.9136588591917334,-0.12552937196211472,-0.3866133285276871,0.07993960406822483,0.9880359211384662,-0.1318888859664764,0.39854378520041656,0.0895957326821976,0.9127625408414087,0.0959
1,1787779735.3272314,1289,88.77,-225.47,-1600.49,0.9134506421021086,-0.12606036729142325,-0.3869324336904272,0.08018104338697295,0.987924813499732,-0.13257285978998737,0.39897233578861296,0.09007411764691763,0.9125282070191076,0.0669
1,1787779735.3870702,1292,88.68,-225.64000000000001,-1600.53,0.9127233971665742,-0.12710951008210333,-0.3883029393545657,0.08064518564742822,0.9877258776474326,-0.1337682498110099,0.40054007826508414,0.09077864876884091,0.9117712885538256,0.0792
1,1787779735.4469116,1295,88.61,-225.69,-1600.5900000000001,0.9125169669281061,-0.12683297407564703,-0.38887810655198335,0.0801344190073642,0.9877213914510816,-0.13410789596549244,0.4011125278007179,0.09121320933431411,0.9114762149854777,0.0763
1,1787779735.5067503,1298,88.44,-225.92000000000002,-1600.63,0.9119708417827634,-0.12734979433433244,-0.38998873524890565,0.08075836615843704,0.9877272280037267,-0.13368997477557457,0.40222788321231245,0.09042650575510025,0.9110629928953677,0.083
1,1787779735.5526288,1301,88.26,-226.04,-1600.7,0.9117613657538636,-0.12699519062800493,-0.3905936935947716,0.08033045730952948,0.9877686353937829,-0.13364183686535455,0.40278807026411734,0.09047289367352446,0.9108108617947241,0.0961
1,1787779735.6044896,1304,88.03,-226.18,-1600.6100000000001,0.9118836641643671,-0.12675777611857342,-0.39038525743634533,0.07979023808553824,0.9877186712415471,-0.13433296091088662,0.40261855513180356,0.09134709997753783,0.9107985542309961,0.09770000000000001
1,1787779735.656349,1307,87.62,-226.08,-1600.49,0.9133351042601934,-0.1205840762029448,-0.3889453276391224,0.07393078540506223,0.9883791951480485,-0.13281869434641552,0.40044128944879354,0.0925529424965966,0.9116362907101765,0.0857
1,1787779735.71619,1310,87.64,-226.07,-1600.22,0.913969825397871,-0.1186772132570608,-0.3880397883152233,0.07313606690283314,0.9887933518306717,-0.13014923393339528,0.3991369113226306,0.09057276869458857,0.9124068717358649,0.10400000000000001
1,1787779735.776643,1316,87.10000000000001,-225.91,-1599.83,0.9160096261795339,-0.11192650645751925,-0.38522567658276,0.06750446065522109,0.9896016080853234,-0.12701104308913277,0.3954358513565482,0.09033888657248733,0.9140401375403407,0.09820000000000001
1,1787779735.8364823,1319,87.14,-225.61,-1599.46,0.9183540143825366,-0.10670170483019455,-0.38110451381977895,0.0634498865914079,0.9902085918426982,-0.12434249688838683,0.39064052037521335,0.09000939299445948,0.9161322464654061,0.0668
1,1787779735.8963213,1322,87.23,-225.46,-1599.1000000000001,0.9198953794912471,-0.10447965791069269,-0.3779900684852962,0.06263349485636868,0.9906268675651906,-0.12138968069838252,0.38712986982759606,0.08799096738212765,0.9178170043894509,0.0738
1,1787779735.9561608,1325,87.27,-225.24,-1598.73,0.9218065202340645,-0.10077459265213791,-0.3743223486912861,0.060156468287789935,0.9911081771243052,-0.11868353112575052,0.382954225172024,0.08688534233766096,0.9196722235175759,0.07780000000000001
1,1787779736.0080228,1328,87.06,-225.02,-1598.58,0.9223442792643255,-0.09765716783892528,-0.3738236323161657,0.05781912539459689,0.9915220951014854,-0.11636530266434507,0.3820182970054913,0.08571471574496839,0.9201711842139936,0.0779
1,1787779736.0608838,1331,87.14,-224.87,-1598.27,0.9237936957314323,-0.0955956332602571,-0.37076499649836414,0.05641531396071189,0.9917458019497094,-0.11514155056208833,0.3787116582277021,0.0854502148429017,0.9215615772729059,0.0999
1,1787779736.1207511,1334,87.17,-224.77,-1598.1000000000001,0.924083266716741,-0.09452358907417614,-0.3703179813115382,0.055938736110147984,0.9919497847670857,-0.11360670007940386,0.3780753548917407,0.08426693069685573,0.9219317276319412,0.0998
1,1787779736.180934,1340,87.22,-224.63,-1597.8600000000001,0.9254585405386385,-0.09313495101317416,-0.3672225083568091,0.055040227686804936,0.9920805676759064,-0.11290137543907967,0.3748293786248321,0.08427353166697717,0.9232556031674528,0.0887
1,1787779736.2407722,1343,87.27,-224.59,-1597.73,0.9256456831902193,-0.09260990991508174,-0.3668834607567267,0.05478524159451759,0.9921715138082342,-0.11222417070714868,0.37440438898968914,0.08378002013008447,0.9234729350296413,0.10400000000000001
1,1787779736.2856536,1346,87.32000000000001,-224.51,-1597.58,0.9263454543834465,-0.0924448952573794,-0.3651548171446979,0.05457722208332104,0.9921269388651104,-0.1127185167033936,0.3727001824158307,0.0844871500229326,0.92409766556799,0.10450000000000001
1,1787779736.3385108,1349,87.36,-224.46,-1597.49,0.9263827488249381,-0.09156503518820147,-0.3652818733670415,0.05429582020827259,0.9923306645379194,-0.11104871059873882,0.3726485832355503,0.08304033085624682,0.9242496074458579,0.1066
1,1787779736.390372,1352,87.41,-224.43,-1597.4,0.9268566801411489,-0.09112677250471185,-0.3641875970027019,0.054355674450177104,0.9924448722040936,-0.10999380114745876,0.37145949325975547,0.08215282690616817,0.9248074166541544,0.09280000000000001
1,1787779736.4352522,1355,87.43,-224.41,-1597.3400000000001,0.9269261091633438,-0.09097393033228869,-0.36404907931651304,0.054519654610289243,0.9925223829502963,-0.10921046929594372,0.3712621653393726,0.08138220531886185,0.9249547779459053,0.09050000000000001
1,1787779736.4949043,1358,87.45,-224.4,-1597.31,0.927169918149853,-0.09067604045988542,-0.3635021300687413,0.054431929865841104,0.9925764313195089,-0.10876209358093604,0.37066576303871807,0.08105481895325754,0.925222680458807,0.0886
1,1787779736.550756,1361,87.48,-224.36,-1597.25,0.9270133524557154,-0.09080880471036615,-0.36386811533286373,0.054297718230121375,0.9925174792148812,-0.10936549386319439,0.37107681437111906,0.08162606470982565,0.9250076666688604,0.0956
1,1787779736.600902,1364,87.55,-224.38,-1597.25,0.9272291889061636,-0.0909382620729029,-0.36328537505875164,0.05456343727785296,0.9925227286650988,-0.10918545871869655,0.370498127596947,0.08141784555210493,0.9252579488298437,0.09630000000000001
1,1787779736.6602519,1367,87.57000000000001,-224.41,-1597.26,0.9274160156957546,-0.09127369219363199,-0.3627239266223744,0.05502803829249837,0.9925115866131122,-0.1090534980658656,0.36996141532961363,0.0811779745501484,0.9254937534177334,0.0816
1,1787779736.7200925,1370,87.57000000000001,-224.42000000000002,-1597.25,0.9271003935797792,-0.09157781760831576,-0.3634533856580737,0.05510404966229426,0.992457609472784,-0.10950542046119154,0.37074034570711867,0.08149476499545841,0.925154148962918,0.09960000000000001
1,1787779736.7799625,1376,87.57000000000001,-224.45000000000002,-1597.3500000000001,0.9270260860380871,-0.09147439610318235,-0.36366890252324774,0.055206250543227836,0.9925159432680607,-0.10892369925626923,0.37091091343591354,0.08089831405084984,0.9251381286477531,0.10400000000000001
1,1787779736.8397722,1379,87.62,-224.41,-1597.3400000000001,0.9270852472575168,-0.09173667449176393,-0.36345195950862735,0.05533771979667856,0.9924620734700037,-0.10934701409423687,0.37074341677927747,0.0812614009035846,0.9251734451647506,0.0952
1,1787779736.8846512,1382,87.77,-224.35,-1597.19,0.9280896858143097,-0.09112351652259891,-0.3610346795276756,0.05520258424347384,0.9925505922407987,-0.10860937590872158,0.36824205324478887,0.08086919425217158,0.9262062209049703,0.1029
1,1787779736.9444907,1385,87.94,-224.20000000000002,-1597.06,0.9287744470985667,-0.08980711550452267,-0.3596007625430028,0.054189998581345586,0.9926782030223991,-0.10795105047184388,0.36666261122523197,0.08077541240364015,0.9268407966207122,0.0877
1,1787779737.00433,1388,88.04,-224.1,-1596.95,0.9293688748005414,-0.0886205830533002,-0.3583572056081319,0.0534353069561702,0.9928281820545665,-0.10694329753998022,0.3652645103517117,0.080240844820565,0.9274390784844073,0.1063
1,1787779737.0641706,1391,88.11,-223.99,-1596.88,0.9301611582496647,-0.08771917893978055,-0.35651867458770375,0.05279759792722816,0.9929047487420201,-0.10654845648183224,0.3633354281332292,0.0802839060564252,0.9281927930616387,0.1072
1,1787779737.12401,1394,88.2,-223.9,-1596.82,0.9305270716314784,-0.08760608862315931,-0.3555904135337406,0.05292583834576503,0.9929427095183115,-0.10613025605279568,0.36237856531028906,0.07993715563231645,0.9285966974704741,0.0819
1,1787779737.16889,1397,88.29,-223.77,-1596.67,0.930778135807505,-0.0868931089637107,-0.3551079406565369,0.052483392923806334,0.9930410871744435,-0.1054271912298006,0.3617976718691142,0.0794920549364544,0.9288613770806,0.0722
1,1787779737.2287517,1403,88.46000000000001,-223.53,-1596.44,0.9321733917411936,-0.08535380727052455,-0.3518060478646516,0.051718407668768694,0.993238153258051,-0.10393833374046324,0.35829872179220296,0.07869370049097335,0.9302845411298153,0.061200000000000004
1,1787779737.2845812,1406,88.51,-223.32,-1596.43,0.9320115985798821,-0.08427032996372849,-0.352495236280402,0.05123113862247744,0.9934594830808999,-0.10204717493431772,0.3587892843271892,0.07705041832745015,0.9302330259067069,0.0941
1,1787779737.3344464,1409,88.52,-223.21,-1596.38,0.9321914260646362,-0.08385694779710093,-0.3521181016047514,0.05085788057927904,0.9934877262686842,-0.10195888257755509,0.3583749728351067,0.077137215788711,0.9303855269649255,0.0912
1,1787779737.3932886,1412,88.56,-223.07,-1596.42,0.9324393870414077,-0.08318044736843896,-0.35162167548294065,0.050375770396228,0.993564166034418,-0.10145210559331978,0.3577975282905551,0.07688472636302966,0.9306286410815281,0.0806
1,1787779737.4531295,1415,88.58,-223.02,-1596.4,0.9325236686939083,-0.08323552611317271,-0.3513850516432323,0.05031045662772731,0.9935289125716557,-0.10182906185413208,0.35758700379007524,0.0772796679395456,0.9306768438311926,0.0818
1,1787779737.5129688,1418,88.61,-222.92000000000002,-1596.42,0.9326177909986566,-0.08273174123380296,-0.3512542026868993,0.0500388901996197,0.9936100856684539,-0.10116870625602642,0.35737958165006656,0.07677536486628261,0.930798247725721,0.1024
1,1787779737.5728073,1421,88.61,-222.89000000000001,-1596.3600000000001,0.9329245317502102,-0.08260783494754005,-0.3504679210197862,0.04977383371516494,0.9935695080615164,-0.10169659840767295,0.3566151756949586,0.07743111942672906,0.9310370767098256,0.09620000000000001
1,1787779737.6176872,1424,88.61,-222.86,-1596.42,0.9326314491197855,-0.08257122820796196,-0.3512557079749138,0.04980628354953273,0.9936054598853198,-0.10132879257676873,0.35737643211565134,0.07700767726863957,0.9307802659113356,0.07740000000000001
1,1787779737.67653,1430,88.59,-222.9,-1596.5,0.9322671975591746,-0.08250487647472574,-0.3522368772758653,0.04986482894644392,0.9936594951670329,-0.10076857892487766,0.3583174168098791,0.07637900904232564,0.9304702444400937,0.0772
1,1787779737.7373667,1433,88.59,-222.93,-1596.51,0.9321011624956833,-0.08290858331516422,-0.3525813235083055,0.050235257280275565,0.9936329976026784,-0.10084584771372856,0.35869742374343927,0.07628651838816924,0.9303314061731074,0.0824
1,1787779737.7969358,1436,88.60000000000001,-222.85,-1596.46,0.9325870587555213,-0.08215027730266625,-0.3514722034255635,0.04943982401126853,0.9936505720373858,-0.10106554552126239,0.35754311857936866,0.07687569595698371,0.9307271596594078,0.0666
1,1787779737.8567755,1439,88.60000000000001,-222.81,-1596.42,0.932657427448643,-0.08217952123826572,-0.3512785921657174,0.04941413615519799,0.9936322578235778,-0.10125798418126912,0.35736307332027817,0.07708088285345484,0.9307793354633617,0.07780000000000001
1,1787779737.9166162,1442,88.60000000000001,-222.78,-1596.42,0.9329018758067128,-0.08154827687922964,-0.35077623729999946,0.049270352479928656,0.9937673667795228,-0.0999942652885517,0.3567443377025354,0.07600196880424985,0.9311053529300846,0.0747
1,1787779737.9764555,1448,88.59,-222.78,-1596.44,0.9327406948866303,-0.08201285847510921,-0.3510964071977207,0.04919240035153874,0.9936272425265185,-0.10141504157076997,0.35717629239642984,0.07732266132181932,0.9308309740205528,0.08410000000000001
1,1787779738.036295,1451,88.58,-222.79,-1596.42,0.9326549919004342,-0.08203814726389183,-0.3513181015500185,0.0495602694175592,0.9937043606151842,-0.10047598414361032,0.35734919305695945,0.07629800841356268,0.9308491650818966,0.0845
1,1787779738.0961344,1454,88.58,-222.79,-1596.43,0.9325301970188126,-0.08196052367108204,-0.3516673203577732,0.04923291120469227,0.9936641400366966,-0.10103314930973599,0.35771993528788076,0.07690285667447289,0.930656971463138,0.07730000000000001
1,1787779738.1559744,1457,88.58,-222.81,-1596.47,0.9324468309214364,-0.0821270649590174,-0.35184947449980236,0.049454720722298645,0.9936690742681455,-0.10087616884758077,0.35790660527971424,0.07666104645974717,0.9306051503472603,0.0796
1,1787779738.2009573,1460,88.57000000000001,-222.82,-1596.51,0.9324431907617657,-0.08191462691787432,-0.35190863856819826,0.0496742491592913,0.9937765048130072,-0.09970319679982081,0.3578856870181846,0.07548676955962952,0.9307091826392245,0.066
1,1787779738.2607973,1463,88.56,-222.86,-1596.54,0.9321303653656431,-0.08269431222864093,-0.352554439325822,0.049659805779026525,0.9935695366788224,-0.101752048990768,0.3587016666441654,0.07733838961901349,0.930242918724908,0.0954
1,1787779738.3211427,1466,88.58,-222.92000000000002,-1596.56,0.9320077724458087,-0.08329739211104532,-0.3527365257073615,0.05024002261884031,0.9935280094835416,-0.10187263861768704,0.3589393433824994,0.07722459996121839,0.9301606898450233,0.0685
1,1787779738.366046,1469,88.59,-222.96,-1596.56,0.9319107500789598,-0.08365959157627786,-0.3529071076424517,0.05065785881678178,0.9935192120430492,-0.10175144540230342,0.3591324758739728,0.0769457473720888,0.9301092498916358,0.0775
1,1787779738.4258623,1475,88.60000000000001,-222.98000000000002,-1596.64,0.9317022839030108,-0.08378445452643872,-0.3534275305485137,0.050514693418142166,0.9934653140766022,-0.10234713222923805,0.35969309128586907,0.07750377349771528,0.9298462481372016,0.0779
1,1787779738.4857025,1478,88.59,-223.01,-1596.69,0.9317476758020101,-0.08409034880996269,-0.3532351651160611,0.05061446814067592,0.9933951635141127,-0.10297681642780489,0.35956146102215775,0.07806959935716419,0.9298498230380124,0.0761
1,1787779738.5455413,1481,88.57000000000001,-223.03,-1596.71,0.9315257411217541,-0.08441135631100426,-0.35374357457528965,0.05066678326194739,0.9933268669889334,-0.1036079745571603,0.36012868630734446,0.07859044626216985,0.9295863978430727,0.0902
1,1787779738.6054096,1484,88.56,-222.99,-1596.75,0.9316920183817167,-0.08397183742503543,-0.35341012068596234,0.050333814098180364,0.9933722162592669,-0.10333512046967565,0.3597450347706454,0.07848802764508722,0.9297435880253498,0.0618
1,1787779738.6502626,1487,88.55,-222.98000000000002,-1596.83,0.9314217290216622,-0.08365839371226155,-0.35419604157553963,0.05024092733969216,0.9934603164786634,-0.10253023360044278,0.36045722620908144,0.07770374986831606,0.9295336009688177,0.0942
1,1787779738.7081065,1490,88.55,-222.94,-1596.8500000000001,0.931564803270099,-0.08378848886629543,-0.35378878789730495,0.050115636991556016,0.9933863141607785,-0.10330563279412074,0.36010476286390897,0.07850554102460426,0.9296028398144888,0.0819
1,1787779738.7699404,1493,88.53,-222.97,-1596.88,0.9309719066696672,-0.08386476118775628,-0.35532803270044017,0.050410845101419785,0.9934651282212675,-0.10240012550998809,0.3615937716388449,0.07741925367259272,0.9291158181156824,0.0922
1,1787779738.8148208,1496,88.55,-222.93,-1596.8700000000001,0.931197778956505,-0.08372209412300902,-0.35476937215905496,0.05017400784424252,0.9934414247435139,-0.10274582492940097,0.361044686158539,0.07787648270970667,0.9292911212518103,0.0792
1,1787779738.8746612,1502,88.54,-222.93,-1596.8600000000001,0.9313410936023654,-0.0838524050811906,-0.35436216153767036,0.05004850730747182,0.9933672556926161,-0.10352121634725218,0.36069227089562655,0.07867826561268731,0.9293604339739967,0.0784
1,1787779738.9345005,1505,88.54,-222.94,-1596.8700000000001,0.931045881265371,-0.08388694344861893,-0.3551289170113249,0.050007082643314896,0.9933669209930086,-0.1035444443819855,0.36145934579741185,0.07864566736774267,0.9290651216895343,0.0543
1,1787779738.9943407,1508,88.54,-222.93,-1596.8700000000001,0.9313417315535121,-0.08388805223363882,-0.35435204777079,0.05001161600120469,0.9933487341199143,-0.10371658829383125,0.3606957406622013,0.07887386839004625,0.929342507127128,0.0779
1,1787779739.0541801,1511,88.55,-222.91,-1596.8700000000001,0.931352343181932,-0.08354967759181794,-0.3544040973575619,0.049963178541778244,0.9934361613575543,-0.10289933963427518,0.3606750526991399,0.078128385888042,0.92941350414065,0.08360000000000001
1,1787779739.09906,1514,88.54,-222.93,-1596.88,0.9314242582665506,-0.08380091280024203,-0.35415569757728305,0.05009346989195845,0.9933867953874492,-0.10331175646574504,0.3604712129793296,0.07848618836266794,0.9294624375678183,0.0917
1,1787779739.1589007,1517,88.54,-222.92000000000002,-1596.89,0.9312090396908731,-0.0834192329593557,-0.3548111553636308,0.050088794480342626,0.9935098519680586,-0.10212387923454584,0.36102747411451636,0.07732661647116632,0.9293437239900064,0.0737
1,1787779739.2187388,1520,88.54,-222.94,-1596.89,0.9311965155405136,-0.08365069955123339,-0.35478952903065625,0.050247861151707485,0.9934780303317546,-0.10235504725129968,0.3610376737888781,0.07748524835558279,0.9293265488472763,0.0839
1,1787779739.2646172,1523,88.53,-222.91,-1596.91,0.9310687543883043,-0.08346716809706997,-0.3551678567264592,0.050029895925615284,0.9934920831352554,-0.10232541356497146,0.3613972663364836,0.07750298444205748,0.9291852900724863,0.0688
1,1787779739.3239648,1529,88.53,-222.91,-1596.89,0.9310844040768167,-0.08341435966430322,-0.3551392361971759,0.049686071199930903,0.9934322543784595,-0.1030710933736854,0.3614043812872703,0.07832241417580184,0.9291138103720338,0.08710000000000001
1,1787779739.3828094,1532,88.53,-222.94,-1596.91,0.9311141495332046,-0.08392398962033763,-0.3549411282244737,0.05035895423896635,0.9934280473606473,-0.10278468001199921,0.36123457235848083,0.07782980588063187,0.9292212357934834,0.0881
1,1787779739.4436452,1535,88.54,-222.89000000000001,-1596.89,0.9312819713702551,-0.08355585498714119,-0.35458751937723204,0.049952136398910885,0.9934364005211735,-0.10290239155976329,0.3608582462268469,0.07811873793720732,0.9293432029735742,0.0625
1,1787779739.503485,1538,88.53,-222.93,-1596.89,0.9311279748636472,-0.08376395388246964,-0.3549426636180819,0.050126031099329005,0.9934233025275537,-0.10294427133880575,0.3612313322962897,0.07806242390051736,0.9292029824221528,0.0743
1,1787779739.5483644,1541,88.53,-222.92000000000002,-1596.89,0.9312826057458016,-0.0835915298480932,-0.3545774448170179,0.049915229049096003,0.9934179979661133,-0.1030977750777175,0.360861716096743,0.07831435024728667,0.9293253920995912,0.0834
1,1787779739.6082034,1544,88.53,-222.91,-1596.89,0.9311292477223969,-0.08383537174444346,-0.35492246263147986,0.05005213874878665,0.993386461062712,-0.10333500076921269,0.3612382973088477,0.07845361318493846,0.9291673278455462,0.060500000000000005
1,1787779739.6680439,1547,88.53,-222.9,-1596.88,0.9312713632146927,-0.08389429704025293,-0.35453546364273586,0.05000049256691522,0.9933489764584519,-0.10371963031177785,0.3608789254020158,0.07886417369799686,0.92927221162995,0.0863
1,1787779739.7278836,1553,88.54,-222.91,-1596.89,0.9312720031592797,-0.08392996049720132,-0.35452534163673066,0.04996358239171585,0.9933304160308445,-0.10391498940275902,0.36088238605713163,0.07905976422256472,0.9292542478325206,0.0737
1,1787779739.7875018,1556,88.53,-222.92000000000002,-1596.9,0.9313410936023654,-0.0838524050811906,-0.35436216153767036,0.05004850730747182,0.9933672556926161,-0.10352121634725218,0.36069227089562655,0.07867826561268731,0.9293604339739967,0.0675
1,1787779739.832406,1559,88.54,-222.9,-1596.91,0.9312819713702551,-0.08355585498714119,-0.35458751937723204,0.049952136398910885,0.9934364005211735,-0.10290239155976329,0.3608582462268469,0.07811873793720732,0.9293432029735742,0.0737
1,1787779739.8927283,1562,88.54,-222.91,-1596.8700000000001,0.9315064361261141,-0.08352771633708715,-0.35400406785676497,0.049982249355935364,0.993436972132359,-0.10288224895389812,0.36027424860090546,0.07814155747105297,0.9295678365730236,0.06470000000000001
1,1787779739.952568,1565,88.53,-222.91,-1596.88,0.9313542485133349,-0.0836566392376996,-0.35437385694717166,0.049852511216062885,0.993380833081336,-0.10348549459747228,0.36068544592430324,0.07871522837472124,0.9293599528279137,0.0916
1,1787779739.9979544,1568,88.53,-222.91,-1596.88,0.9312115660568376,-0.08356203026083488,-0.3547709209344239,0.04994109406172435,0.9934366397986513,-0.10290544120445255,0.361041419183298,0.07810908912701746,0.9292728683383895,0.08410000000000001
1,1787779740.057794,1571,88.53,-222.9,-1596.8700000000001,0.9312096692356988,-0.0834549357721286,-0.3548011071251191,0.05005186986040956,0.993491608236519,-0.10231927817909856,0.3610309713105193,0.07752224234943814,0.9293260674788467,0.0707
1,1787779740.1181405,1574,88.53,-222.92000000000002,-1596.9,0.9311286106101269,-0.08379966398150968,-0.35493256658109157,0.05008908508358048,0.9934049015607677,-0.10313963889083295,0.3612348184474259,0.0782580211328376,0.9291851742627126,0.0758
1,1787779740.1630197,1577,88.53,-222.91,-1596.89,0.9315785930167569,-0.08362830652975307,-0.35379037773784217,0.04988281013569814,0.9933814099339418,-0.10346535483252324,0.3601014166674234,0.07873805144032782,0.9295844711318574,0.0661
1,1787779740.2228596,1583,88.37,-222.99,-1597.1100000000001,0.9303812527122002,-0.08404047645312672,-0.3568303839630371,0.05021746107358271,0.993409509800225,-0.10303277362955816,0.36313762020066204,0.07794064508334549,0.9284698835390364,0.0887
1,1787779740.282729,1586,88.27,-223.18,-1597.18,0.9301671806861258,-0.08547206412200983,-0.35704837519466126,0.0507316013946862,0.9931165776771044,-0.10557351828392929,0.36361424696284284,0.08008738600828172,0.9281005818379846,0.07150000000000001
1,1787779740.3425403,1589,88.41,-223.11,-1597.1100000000001,0.9306138587877705,-0.08422058977005867,-0.3561807660316866,0.04964667513680208,0.9932177908448627,-0.1051362335121023,0.3626197091720145,0.08015804518595718,0.9284835132149465,0.0763
1,1787779740.4023783,1592,88.39,-223.23000000000002,-1597.26,0.9295056064294014,-0.08583725710968876,-0.3586799310084082,0.05033657977979117,0.9929640297346102,-0.10718518735943551,0.36535675216476293,0.08157451161416635,0.927286386561631,0.1451
1,1787779740.4472587,1595,88.29,-223.52,-1597.57,0.9282603823507142,-0.08719873533421131,-0.3615647149739867,0.050495119840681224,0.9926740627928532,-0.10976542229047363,0.3684873205829223,0.08363363925146945,0.9258631156683875,0.0786
1,1787779740.5070984,1598,88.11,-223.77,-1598.0,0.9263800973996972,-0.08887459341952993,-0.365952485694852,0.05109589760610715,0.9924303396228287,-0.11167466249755628,0.37310738988869385,0.08475451398379996,0.9239088418073593,0.083
1,1787779740.5669382,1601,87.97,-223.92000000000002,-1598.26,0.9256690093593092,-0.0900956053265479,-0.36745022385705245,0.05062005116155418,0.9919926281020585,-0.11570754604420862,0.3749326546623496,0.08850654039117072,0.9228174774980311,0.0693
1,1787779740.6128156,1604,87.7,-224.01,-1598.57,0.9238804029677605,-0.09084647832014812,-0.3717417361407719,0.05097238747008976,0.9919710211632705,-0.11573810473606931,0.37927142883128895,0.0879796030289133,0.9210932486578911,0.0951
1,1787779740.666671,1607,87.64,-223.79,-1598.48,0.9244761891635556,-0.08741543138935658,-0.3710826296455312,0.04817359966459111,0.9923408182546994,-0.11374974602586616,0.37818392346183294,0.0872825456812875,0.9216065740078074,0.0823
1,1787779740.7165372,1610,87.73,-223.54,-1598.21,0.9261028678218136,-0.0856730178235402,-0.3674147686596442,0.047224751491482135,0.9925397515971398,-0.11240402281971747,0.37430375506903507,0.08674661674379684,0.9232397973575037,0.0815
1,1787779740.7763777,1616,87.38,-223.63,-1598.51,0.9243712018449872,-0.08556591551402894,-0.37177460281990765,0.04649324151058242,0.9925253432538813,-0.1128353734101322,0.3786505773051094,0.08701676333334497,0.9214400811802665,0.10450000000000001
1,1787779740.8368192,1619,87.37,-223.61,-1598.46,0.9250053127682947,-0.08544411492780386,-0.3702221962209092,0.046234214827848806,0.9924577791178454,-0.11353393346363992,0.37713070510060764,0.08790255907923351,0.9219791599475773,0.09390000000000001
1,1787779740.8816981,1622,87.42,-223.49,-1598.31,0.9254357994063651,-0.08450581931130483,-0.3693607283938385,0.04562495518915823,0.9925723388875659,-0.11277639619731834,0.37614750383471796,0.08751524768743052,0.9224175501263614,0.0995
1,1787779740.9415376,1625,87.49,-222.96,-1597.79,0.9277208293553413,-0.07855723004676103,-0.36491481798855224,0.04185928319324591,0.9933319846088597,-0.10742145392598283,0.3709202922337703,0.08438204761917478,0.9248231219259228,0.10650000000000001
1,1787779741.0013778,1628,87.69,-222.9,-1597.51,0.928783618467171,-0.07936871428426708,-0.36202430479166825,0.04304042235907547,0.9932899496561215,-0.10734336474739262,0.3681148083277563,0.08411707974604059,0.9259674966135784,0.0655
1,1787779741.0462575,1631,87.85000000000001,-222.79,-1597.29,0.9294031436731766,-0.07861378024840922,-0.3605962702046035,0.04303483145046029,0.9934697524383149,-0.10566860589684954,0.3665484958534778,0.08269053479817419,0.9267170418430563,0.0902
1,1787779741.1060977,1634,87.68,-223.05,-1597.51,0.928066005773879,-0.08098288641182168,-0.3635041417031289,0.044943579292502506,0.99329177171537,-0.10654356349831691,0.3696938782388707,0.08254228220101097,0.9254799879207284,0.12390000000000001
1,1787779741.1659367,1637,87.64,-223.16,-1597.5900000000001,0.927780524531508,-0.08288841574109636,-0.36380325566983435,0.046957536234219346,0.9931993264920511,-0.10653679010814981,0.3701598142571012,0.08175945444819922,0.9253632278826954,0.1223
1,1787779741.2257776,1643,87.62,-223.12,-1597.66,0.9280131863684782,-0.08353833887424666,-0.36306042453613147,0.04828197680102939,0.9932849901836892,-0.10513695350338804,0.3694054366714292,0.08003920423092829,0.9258149648518709,0.0884
1,1787779741.2856193,1646,87.63,-223.1,-1597.64,0.9277813247343067,-0.08360640097987013,-0.3636368837033015,0.04859549472612621,0.9933472837288889,-0.10440139750387273,0.36994633579287994,0.07919055261602721,0.9256719532371013,0.09910000000000001
1,1787779741.3305218,1649,87.7,-223.03,-1597.58,0.9282629411147509,-0.08278988698176303,-0.3625930870363353,0.048260896658223786,0.9934800440938462,-0.10328740407733049,0.36878014860718406,0.07837880198648359,0.9262062218493391,0.1037
1,1787779741.3903387,1652,87.78,-222.98000000000002,-1597.55,0.9288371929697596,-0.08300353871557631,-0.36107046613749705,0.04884825895075631,0.9935091526526394,-0.10272979700609826,0.3672537495431973,0.07778159265614279,0.9268628308926496,0.0916
1,1787779741.450179,1655,87.8,-222.93,-1597.54,0.9290574240385915,-0.08250352907062238,-0.3606181783128381,0.04936606151557814,0.993744799960521,-0.10017117610302947,0.3666269150092735,0.07526247565896939,0.9273188582944197,0.10550000000000001
1,1787779741.495094,1658,87.83,-222.93,-1597.51,0.9293440506301264,-0.08266620261051588,-0.35984154082644004,0.04960208185190409,0.9937316815334656,-0.10018472235140452,0.3658678300074309,0.07525718611952047,0.9276190419040705,0.10060000000000001
1,1787779741.5548973,1661,87.85000000000001,-222.89000000000001,-1597.43,0.929260922343132,-0.08294028167631468,-0.35999312199185896,0.04971230992847116,0.9936827251329095,-0.10061475047929344,0.366063962235519,0.07560126617913507,0.9275136786616919,0.097
1,1787779741.6147375,1664,87.91,-222.76,-1597.33,0.9299170130817965,-0.08153423535028358,-0.35861750828267547,0.04918597965829971,0.9939272864306136,-0.09843418457898985,0.3644654828458843,0.07389666944133466,0.9282802346594452,0.1056
1,1787779741.6745775,1670,87.97,-222.42000000000002,-1596.92,0.9312780084390244,-0.07895561645994834,-0.3556505048882593,0.04829116704833872,0.9943716633283489,-0.09430248329032542,0.36109449481119704,0.07064705088708371,0.9298493211364969,0.10060000000000001
1,1787779741.7344172,1673,87.98,-222.19,-1596.82,0.9316581529822363,-0.07744600528909044,-0.35498620007894705,0.04706672577106014,0.9945115367636053,-0.09344263785491179,0.3602746303959243,0.07034855726206864,0.9301899113537115,0.06520000000000001
1,1787779741.779297,1676,87.98,-221.92000000000002,-1596.64,0.932771989356437,-0.07549009876490162,-0.3524736314399996,0.04592168045681753,0.9947437114755652,-0.09152129666825938,0.3575298800604744,0.06918232048929121,0.9313357028460038,0.07300000000000001
1,1787779741.8391364,1679,88.01,-221.6,-1596.5900000000001,0.9330578874823016,-0.07387323913729946,-0.352059260844574,0.04558420650888209,0.9950779976263059,-0.08798783300534818,0.3568263705557929,0.06604939953841225,0.9318328273336345,0.0932
1,1787779741.898977,1682,88.0,-221.33,-1596.51,0.933930998930953,-0.07246207979963061,-0.3500316217528696,0.044272774292853076,0.9951462639586065,-0.08788535023336567,0.35470101591656894,0.06658198194961777,0.932606041685027,0.064
1,1787779741.9588168,1685,87.93,-221.1,-1596.39,0.9339257448295651,-0.07100810489155508,-0.3503434774392867,0.043375521907865644,0.9953410398497161,-0.08610910805545564,0.35482568571590517,0.0652231816963553,0.9326546356104396,0.0795
1,1787779742.0186558,1688,87.82000000000001,-220.97,-1596.44,0.9339730253572764,-0.07040029492857475,-0.3503401010146372,0.04240928480920808,0.9953098475318887,-0.08694688015116091,0.35481803853094607,0.06634836757613981,0.9325781756255257,0.09230000000000001
1,1787779742.0635393,1691,87.69,-220.84,-1596.4,0.9340695000484885,-0.06854039629401319,-0.35045168448022346,0.04112601391002645,0.995524363297851,-0.08508756113722435,0.3547151252188702,0.06506501484106651,0.9327077376030999,0.08310000000000001
1,1787779742.1233752,1697,87.33,-220.65,-1596.47,0.9330888611432077,-0.06651205786912334,-0.35344210752043453,0.039592722181259504,0.9957740977598013,-0.08286351779240071,0.3574599188171306,0.06332529027701567,0.9317791122635141,0.1067
1,1787779742.183216,1700,87.26,-220.5,-1596.41,0.9332095138601317,-0.06545493205039278,-0.3533208953787126,0.03869304363823824,0.9958569599547301,-0.08229072659621182,0.3572434066780605,0.0631234281388579,0.9318758400157461,0.0766
1,1787779742.2430556,1703,87.10000000000001,-220.34,-1596.3500000000001,0.9338424028632257,-0.06290801203562188,-0.3521092850754765,0.03653922086963855,0.9960403769739536,-0.08104599173200551,0.3558135072659228,0.06281838472382577,0.9324433487283894,0.0648
1,1787779742.3028939,1706,86.2,-220.16,-1596.7,0.931799462879681,-0.06006041390965868,-0.3579699815042295,0.03383784202096358,0.996293925204656,-0.07907853721246827,0.3613928076546381,0.06157240681750144,0.9303784591735762,0.07350000000000001
1,1787779742.3627336,1709,85.97,-219.9,-1596.74,0.9320076193307507,-0.057193581974477416,-0.3578975994476007,0.031206863181835614,0.996466902274517,-0.07797335674304752,0.36109268782374515,0.06150290117024637,0.9304995776183169,0.0645
1,1787779742.4229429,1715,84.64,-219.72,-1597.14,0.9288324441418235,-0.0517644445976083,-0.3668660968051249,0.025574065602874365,0.9967876259535741,-0.07589727211420313,0.3696163658146998,0.06111359113436765,0.9271725142068197,0.0594
1,1787779742.4828115,1718,84.41,-219.5,-1596.83,0.9302392255267233,-0.04549048039397306,-0.36412305541529133,0.02049054139772845,0.9971774262423594,-0.07223100654076267,0.36638111442140375,0.05973103704264036,0.928545681272139,0.0763
1,1787779742.5426228,1721,84.23,-219.56,-1596.65,0.9310657155491826,-0.04235072179683572,-0.36238522278395335,0.018149223470252628,0.9973867222507012,-0.06993090851282552,0.36439983399600406,0.05853326098287507,0.9294012149456203,0.0711
1,1787779742.6025014,1724,84.17,-219.65,-1596.6200000000001,0.9315829335773782,-0.04224561451511288,-0.3610658470717035,0.01865397784151845,0.9974713674490817,-0.06857769484276366,0.3630499510784355,0.05715049582899136,0.9300153514047206,0.0707
1,1787779742.6613066,1727,84.06,-219.74,-1596.5900000000001,0.9308412049793443,-0.042230814048578175,-0.3629754942932054,0.018658569790740896,0.9974967986669381,-0.06820553073302742,0.36494726863749294,0.05671591482118849,0.9292990886254162,0.0734
1,1787779742.7221444,1733,84.08,-219.83,-1596.32,0.9324067888280205,-0.041447278412195754,-0.35902604816313916,0.018288519590327682,0.9975405579909062,-0.06766361810002103,0.3609475172356959,0.05652396195785664,0.93087159776522,0.08120000000000001
1,1787779742.7809863,1736,84.11,-219.85,-1596.13,0.9329359239942138,-0.04068445608471799,-0.3577364068055599,0.018272929413841225,0.9976649651266803,-0.06580818649238256,0.35957845009357714,0.05485792916133529,0.9315009102713911,0.0983
1,1787779742.8283875,1739,83.97,-220.0,-1596.1100000000001,0.9327170832343475,-0.04054332867743394,-0.3583225936813983,0.01801995282013949,0.997658448845223,-0.06597651664117493,0.36015847059755635,0.05508046793099028,0.9312636673409589,0.065
1,1787779742.8872297,1742,83.76,-220.15,-1596.15,0.9322804270767564,-0.04068566328351854,-0.35944106901237755,0.01786920971846817,0.9976214042971253,-0.06657495799675046,0.3612947503543582,0.055643602430215086,0.9307899295087857,0.0733
1,1787779742.9474165,1745,83.18,-220.44,-1596.31,0.9310646975608984,-0.039676645199949664,-0.3626903538578188,0.01650135114512824,0.9976315608941337,-0.06677555030338012,0.3644807736578401,0.056187476661720484,0.9295142457758088,0.07440000000000001
1,1787779743.0072565,1748,83.09,-220.29,-1596.23,0.9308325400472378,-0.03707490268289355,-0.3635604956266035,0.013995713004662628,0.9977272855925757,-0.06591193823247864,0.36517790514583254,0.05626468852775189,0.9292359132201986,0.0648
1,1787779743.0670962,1751,83.39,-220.18,-1595.65,0.9333817147069665,-0.03485545047056131,-0.3571885667587601,0.012710546306393946,0.9978587106878962,-0.06415945383871617,0.35866002936384755,0.055345199220741666,0.9318261062343877,0.0656
1,1787779743.1119914,1754,83.76,-219.87,-1595.18,0.935308273404714,-0.032599462140037005,-0.3523289780430686,0.011057861599116814,0.9979534279396959,-0.06298157953135919,0.35366107701802246,0.05501118733121871,0.9337545779651427,0.0819
1,1787779743.1668591,1757,84.31,-219.6,-1594.43,0.9393991839493061,-0.02870259268370544,-0.34162162456233763,0.009096782805029974,0.9982250940913644,-0.05885499187736533,0.34270456918164305,0.052180673620794954,0.9379929400387321,0.0729
1,1787779743.2166965,1760,84.66,-219.33,-1594.14,0.9415078417088438,-0.025694264728803876,-0.3360101021707543,0.00779369689171562,0.9984825583008206,-0.05451457656268304,0.336900938392155,0.04870714043232999,0.9402794117608821,0.0517
1,1787779743.2616036,1763,84.83,-219.22,-1593.97,0.9423287338079744,-0.025038422941927135,-0.33375085740180604,0.0076698270631083134,0.9985513702317453,-0.05325725078452528,0.33460085354446045,0.047626026339439485,0.941155688726596,0.062
1,1787779743.3214152,1769,84.93,-219.13,-1593.96,0.9428697986807566,-0.024304108096176932,-0.33227376222831523,0.007623134732399016,0.9986483136858049,-0.0514143305835042,0.33307421177953916,0.04594405186906691,0.9417806079683799,0.059300000000000005
1,1787779743.3812547,1772,84.94,-219.11,-1593.89,0.9433564673597775,-0.023841310055178002,-0.33092320472480335,0.007299250071759427,0.9986647776701912,-0.0511408133425507,0.3317006126597766,0.04582852578690002,0.9422709004237202,0.0671
1,1787779743.4411175,1775,84.86,-219.09,-1594.01,0.9428205693581022,-0.023457713511288603,-0.3324742240717114,0.00649733842823232,0.9986242316499693,-0.052032956430108274,0.33323739074211545,0.04689754405436215,0.9416758793624567,0.0897
1,1787779743.4959474,1778,84.72,-219.04,-1594.05,0.9432462590689825,-0.022470231227644577,-0.33133304009854847,0.005909429251674797,0.9986859934956679,-0.05090545198198731,0.33204152360554184,0.046058387989020545,0.9421396135910874,0.0722
1,1787779743.5458143,1781,84.55,-218.95000000000002,-1594.24,0.9431836118582165,-0.021744565338698358,-0.3315597204129596,0.0058472505106313966,0.9987880529493418,-0.04886957076881956,0.33222053516234484,0.04415426552320647,0.942167669182376,0.0756
1,1787779743.6056538,1784,84.83,-218.65,-1593.97,0.9465006723585989,-0.014788238670705348,-0.32236281612763307,-0.00019044651205894387,0.998923650161339,-0.04638431716079195,0.3227017833152553,0.04396418025353309,0.945479090144139,0.058300000000000005
1,1787779743.6654935,1787,84.74,-218.54,-1594.0900000000001,0.946974006198888,-0.012459738875229933,-0.3210685074727662,-0.0014115101097071491,0.9990768941493325,-0.042934452554258366,0.32130707932263,0.041111001983468516,0.9460822619059489,0.0644
1,1787779743.7103739,1790,84.56,-218.44,-1594.31,0.9469796536493711,-0.011570855313156573,-0.32108511469926343,-0.0024956182025762715,0.9990562628639438,-0.043363066336660344,0.3212838425192031,0.04186524739748509,0.9460570773459935,0.0637
1,1787779743.7702134,1796,84.31,-218.20000000000002,-1594.73,0.9474269007374576,-0.010275531649935945,-0.31980725634095086,-0.0015925810802715924,0.9993204029864461,-0.03682656460368974,0.3199683288147723,0.03539979695306371,0.9467666676278604,0.045000000000000005
1,1787779743.8300526,1799,84.31,-218.09,-1594.68,0.9484627764076515,-0.010121303278519076,-0.316726887063655,-0.001436276295881359,0.9993422301025879,-0.036235952367610076,0.3168853087151421,0.034823359308516696,0.9478243691565325,0.0531
1,1787779743.882911,1802,84.14,-218.12,-1595.01,0.9476179580512669,-0.010571772741872048,-0.31923101854274955,8.533463232940622e-05,0.9994604474829298,-0.03284519196506625,0.3194060085482857,0.031097452280142473,0.9471075705351196,0.050300000000000004
1,1787779743.935117,1805,84.02,-218.23000000000002,-1595.0900000000001,0.9479910479378125,-0.012562820352869167,-0.31804897197530696,0.0024376708339431904,0.9994780477501594,-0.03221319335979442,0.3182876541599962,0.02976252022782507,0.9475268658982788,0.0577
1,1787779743.994985,1808,83.93,-218.42000000000002,-1595.16,0.9476614034489447,-0.013735255171671689,-0.3189815154182855,0.004420890876494808,0.9995429381981521,-0.02990602651746489,0.3192464880574804,0.026930604589838945,0.9472889856846173,0.06960000000000001
1,1787779744.0547998,1811,83.88,-218.62,-1595.27,0.9472519681794321,-0.015595127671662117,-0.32011013850407316,0.006505856938330836,0.9995452564488316,-0.029444084909157453,0.3204237547462584,0.025808376615824937,0.9469226711251377,0.0386
1,1787779744.1151905,1814,83.75,-218.88,-1595.39,0.9470213247419266,-0.017646889678184806,-0.3206855122526313,0.00919030491242941,0.9995694494973553,-0.02786492288112178,0.3210391701641143,0.02344147854211127,0.9467757645314421,0.0516
1,1787779744.1600716,1817,83.49,-219.16,-1595.71,0.9463816637440162,-0.02131723654260602,-0.3223465866971366,0.013011056036477031,0.9995260182868978,-0.027900738132813865,0.32278856694425173,0.022210677471134956,0.946210455900985,0.0298
1,1787779744.2199104,1823,83.34,-219.61,-1595.8600000000001,0.9466827354034184,-0.02519021497135644,-0.321181026150049,0.018217775284996816,0.999528998404577,-0.024696032313081557,0.3216518477372188,0.017528103663552976,0.9466957560004127,0.0478
1,1787779744.2797506,1826,83.26,-219.86,-1595.94,0.946691495864426,-0.02742589757943923,-0.3209720109292045,0.02071814195601256,0.9994901099266833,-0.024295652957611436,0.32147468057666034,0.01635054435510606,0.9467770009075134,0.031400000000000004
1,1787779744.3395889,1829,83.2,-219.93,-1595.96,0.9466175663409518,-0.027528799679523427,-0.3211811767257512,0.021403519446032672,0.9995157410073623,-0.02258700586236992,0.3216474350124012,0.014506848958616156,0.9467483714711291,0.0453
1,1787779744.3994293,1832,83.08,-220.03,-1596.0900000000001,0.9465934563612817,-0.028677605225080408,-0.32115171388699904,0.02222665607502079,0.9994711510518759,-0.023735921611793675,0.3216625625305581,0.015330139385958414,0.9467302586759769,0.0684
1,1787779744.4444964,1835,82.92,-220.07,-1596.26,0.9459948105737194,-0.028857651439417667,-0.3228948037999279,0.02243594119100935,0.9994698580635176,-0.023593036374439626,0.3234044633434524,0.0150744411469592,0.9461407476235448,0.0432
1,1787779744.5043576,1838,82.76,-220.12,-1596.45,0.9456544604486349,-0.02919458035826186,-0.32386002827040294,0.022884522241921702,0.9994671207768459,-0.0232760204459597,0.32436698363945765,0.014599690535991985,0.945818644857931,0.09480000000000001
1,1787779744.5641763,1841,82.59,-220.14000000000001,-1596.6200000000001,0.9456488949313276,-0.029260532662184948,-0.3238703270500152,0.023213364179936184,0.9994768596770347,-0.02251991770816491,0.3243598422101729,0.013777815445783544,0.9458334232638078,0.0545
1,1787779744.6090567,1844,82.48,-220.12,-1596.78,0.9453872544006238,-0.02932965635600374,-0.32462703287756023,0.023532062893704794,0.9994859863940597,-0.021771656295742146,0.32509872536326034,0.012943502614514204,0.9455914998069997,0.0352
1,1787779744.6688952,1850,82.3,-219.87,-1596.9,0.9465946962215518,-0.025298828188479894,-0.3214318751734466,0.020082554334102543,0.9996074793926683,-0.019534025536340656,0.321799894494461,0.012035631870673209,0.9467312033881781,0.048
1,1787779744.7287345,1853,82.18,-219.85,-1597.01,0.9467166408184846,-0.02533191835915001,-0.32106992370760834,0.02044731706473067,0.9996183330167943,-0.018576746797530772,0.3214179665516825,0.011021896795495525,0.9468732801007803,0.047400000000000005
1,1787779744.788575,1856,82.03,-219.71,-1597.13,0.946682813776427,-0.0234634688327114,-0.3213115555511239,0.019553374088423406,0.9996903408188238,-0.01539116744441674,0.32157318865556056,0.008287828658960217,0.9468484547349776,0.0548
1,1787779744.8484147,1859,81.98,-219.54,-1597.07,0.9477362572171281,-0.022566992919406482,-0.31825574242524707,0.019276243554175728,0.9997232407098774,-0.013485859964439522,0.31847199749822563,0.006646263244548145,0.947908969255157,0.033
1,1787779744.8932943,1862,81.88,-219.35,-1597.06,0.9484067638864567,-0.020958709024773734,-0.3163626759439765,0.018522099147369547,0.9997711153147304,-0.01070741918087063,0.31651467905548025,0.004295287924543815,0.9485778873893548,0.030000000000000002
1,1787779744.948147,1865,81.8,-219.08,-1597.1000000000001,0.9490865687539549,-0.01775218290642844,-0.3145147770978355,0.016605018516149022,0.9998421118690716,-0.006326507193786717,0.31457742826039314,0.0007818793074362061,0.9492314945753885,0.0262
1,1787779744.9980152,1868,81.73,-218.82,-1597.03,0.9502478932873715,-0.01628212467775693,-0.31106885687720376,0.01571502908245243,0.9998671376033859,-0.004329549832215216,0.3110980217935337,-0.0007743105255252874,0.9503775151377267,0.0517
1,1787779745.0428948,1871,81.47,-218.62,-1597.22,0.9503837082379342,-0.015360089923102347,-0.3107006191713613,0.01624100031451085,0.9998680754486028,0.00024820856319543027,0.31065581762570804,-0.005281982228386878,0.9505077925188419,0.027200000000000002
1,1787779745.1028214,1874,81.37,-218.34,-1597.22,0.9512908794424854,-0.012727158462685701,-0.30803194984775256,0.01453575740236052,0.9998879501530594,0.003577554395480275,0.3079519028132192,-0.007880772562292774,0.9513692863328829,0.0284
1,1787779745.1631973,1877,81.23,-218.23000000000002,-1597.3400000000001,0.9516625296683947,-0.012587656841801223,-0.3068875698368788,0.015072625993651388,0.9998699911502977,0.005728589945117566,0.30677556221251984,-0.010077285960855355,0.9517285341613205,0.024900000000000002
1,1787779745.2080815,1880,81.08,-218.04,-1597.41,0.9519909173951872,-0.011035448849371552,-0.3059272986605848,0.014255361458400888,0.9998639969331308,0.008292907005052964,0.3057941756586611,-0.012255876370012145,0.9520187580229933,0.0453
1,1787779745.2678878,1886,80.72,-217.83,-1597.57,0.9515738536569129,-0.008387559600150639,-0.3073057921362468,0.012555774402780256,0.9998540114621607,0.011589145446151814,0.30716372436483885,-0.014886389991515541,0.9515402470875006,0.041
1,1787779745.3277407,1889,80.54,-217.75,-1597.67,0.9517717106349042,-0.0076437871497424285,-0.3067118898137429,0.01211393730444793,0.9998463065856387,0.012673426136633206,0.3065678772443258,-0.015777697077400916,0.9517180259493048,0.025500000000000002
1,1787779745.387569,1892,80.48,-217.58,-1597.72,0.9521523752651689,-0.006522726887703254,-0.305554100464787,0.01165576708675087,0.999819888764661,0.014977754312314,0.30540137093751907,-0.01782257177202714,0.9520569093100026,0.0236
1,1787779745.4479136,1895,80.38,-217.43,-1597.78,0.9525276588195486,-0.005830199101299309,-0.30439623513142966,0.01155919474650059,0.9997882927701981,0.017022181307491648,0.30423254954156675,-0.019732673870812685,0.952393394234413,0.0261
1,1787779745.4927964,1898,80.33,-217.29,-1597.71,0.9527745459563901,-0.004722991460220564,-0.30364182506575293,0.011482237920654803,0.9997243454797845,0.0204790445907541,0.3034614024714315,-0.022998400089643226,0.9525661398576943,0.0207
1,1787779745.553138,1901,80.17,-217.20000000000002,-1597.79,0.9527207290847619,-0.0038994320448113955,-0.30382232768828465,0.010724363211494007,0.9997261738742493,0.020798204356677667,0.30365803201283426,-0.02307318141223854,0.9525016681841615,0.034800000000000005
1,1787779745.6129768,1904,80.01,-217.16,-1597.8400000000001,0.952536667529707,-0.0030711581012794636,-0.30440838523161173,0.009971746913783866,0.9997272851134019,0.021116809969174394,0.30426051547134375,-0.023150019172858728,0.9523075214117593,0.024900000000000002
1,1787779745.6648433,1907,79.82000000000001,-217.21,-1597.8600000000001,0.9526742119468333,-0.001723363375584058,-0.3039882825211457,0.008552572278649428,0.9997400413895631,0.02113535307992699,0.3038728342562044,-0.022734987597762123,0.9524412952723286,0.031400000000000004
1,1787779745.7177012,1913,79.63,-217.29,-1597.67,0.953349980266523,0.00012382181740422645,-0.3018671889987015,0.007634705235062417,0.999670141878999,0.024521800741290616,0.30177065198888037,-0.025682525260950977,0.9530345646902985,0.0446
1,1787779745.7773974,1916,79.62,-217.29,-1597.6100000000001,0.9546812846731554,0.0001359656077625653,-0.2976300156371451,0.008835524082605718,0.9995462145340454,0.02879754372938599,0.29749887093735233,-0.030122193213869903,0.9542468628541501,0.0233
1,1787779745.8372064,1919,79.55,-217.32,-1597.56,0.9562189748311384,-0.002308975366679099,-0.2926430262378428,0.01272192623029719,0.9993515507502795,0.033684278320938475,0.2923754859181555,-0.035932529075583294,0.9556282899686231,0.023
1,1787779745.8970466,1922,80.06,-217.32,-1596.97,0.9592503091737765,-0.0002861158846542535,-0.28255753836646186,0.01158937353922929,0.9991978193905079,0.03833280770074182,0.282319908562932,-0.04004542249688956,0.9584841330799708,0.031
1,1787779745.9419541,1925,80.44,-217.43,-1596.44,0.9619575370755362,0.0018912604543783384,-0.2731924596277537,0.009417259785275722,0.9991522260052741,0.04007673248709211,0.2730366497042196,-0.04112483924101126,0.9611242040005527,0.030600000000000002
1,1787779746.0017982,1928,80.48,-217.70000000000002,-1596.27,0.9621796824389826,0.00159938527028727,-0.2724109040922847,0.00912578418739016,0.9992322678698323,0.038099801976871225,0.2722627017506876,-0.03914481848813211,0.9614263905369704,0.0194
1,1787779746.0619984,1931,80.44,-218.02,-1596.27,0.9621166311197382,0.001207784092260477,-0.2726355247952706,0.009527007640997712,0.9992305372338787,0.03804693922910457,0.27247169439817864,-0.039202993723455454,0.9613648116271495,0.020200000000000003
1,1787779746.1068778,1934,80.37,-218.38,-1596.18,0.9621091703025322,-0.0003163837070232472,-0.27266434369224585,0.010776089873456917,0.9992621714308394,0.036864463028275375,0.27245150083420794,-0.038405893410697174,0.9614027080492928,0.026600000000000002
1,1787779746.1672533,1940,79.86,-219.23000000000002,-1596.44,0.9608072538345074,-0.004097400003286692,-0.2771869987791738,0.013724540643835735,0.999367687283884,0.032800344464299615,0.27687733378358786,-0.03531907312025721,0.9602559581230505,0.0194
1,1787779746.2270646,1943,79.76,-219.53,-1596.46,0.9604200552024619,-0.004354899553003781,-0.2785217270066794,0.013859676832212385,0.9993864459741549,0.03216583531099521,0.2782107598979713,-0.03475293445208158,0.9598911431115316,0.019
1,1787779746.286904,1946,79.76,-219.70000000000002,-1596.4,0.9610336514790019,-0.004223379701097772,-0.2763991385457568,0.013599066607882597,0.9993949369490456,0.03201289408984277,0.2760966970326347,-0.03452423879701728,0.9605095995476338,0.0303
1,1787779746.3467433,1949,79.78,-219.86,-1596.2,0.9616511503874827,-0.004059531068377603,-0.27424548340115984,0.012973130173433432,0.9994445601749644,0.030696400931946817,0.27396854354457206,-0.03307705162460148,0.9611696758657595,0.02
1,1787779746.3916237,1952,79.82000000000001,-219.93,-1596.1000000000001,0.9618758947195672,-0.0031101094279387827,-0.27346862777433584,0.011943783585865193,0.9994590174729915,0.030643407538596717,0.27322538167433497,-0.03274140515110424,0.961392683141309,0.0176
1,1787779746.4514632,1955,79.94,-219.9,-1595.8,0.9632077327924392,-0.001126857188002291,-0.268755639348697,0.009968425897614305,0.999452912235296,0.03153580044187243,0.2685730700833067,-0.03305459752082419,0.962692006619336,0.0522
1,1787779746.5113027,1958,80.11,-219.89000000000001,-1595.56,0.9642874074592097,0.0004724082647601878,-0.2648576460025791,0.008400289510092066,0.9994407755144972,0.032366207302172344,0.26472482118559026,-0.033435207034082245,0.9637441859637055,0.042300000000000004
1,1787779746.5571804,1961,80.31,-219.75,-1595.24,0.9657772503174691,0.0030075945663311566,-0.2593554648434328,0.005783318713582035,0.9994344658075693,0.03312554574034567,0.2593084186714455,-0.033491833793675395,0.9652136763822046,0.0488
1,1787779746.616022,1967,80.91,-219.45000000000002,-1594.3600000000001,0.9696695793612686,0.010511802908720912,-0.24419338414655792,-0.0021894963978268856,0.9994082469197486,0.03432727915694038,0.2444097235522026,-0.03275145780576518,0.969118789955459,0.023100000000000002
1,1787779746.6758628,1970,81.38,-219.26,-1593.79,0.9721725951795148,0.01572255923471271,-0.2337375586272731,-0.0077109774462831,0.99935228445548,0.03515042503919754,0.23413881781701618,-0.032369934889095495,0.9716641401773175,0.0307
1,1787779746.7357016,1973,81.78,-219.08,-1593.25,0.9748443239169029,0.021288760056138365,-0.22186782737086602,-0.013685660038719762,0.9992670525175252,0.035749971499875986,0.22246628247062705,-0.031814249137918124,0.9744211649566574,0.0256
1,1787779746.795542,1976,82.21000000000001,-218.92000000000002,-1592.73,0.9770884087471144,0.02666008144155948,-0.21115748044897958,-0.01946726838247728,0.9991596397809331,0.036069927842463885,0.2119416593163231,-0.03113284905634829,0.9767863014784136,0.027
1,1787779746.840422,1979,82.54,-218.84,-1592.33,0.978668744166644,0.0300531476343722,-0.2032345873825377,-0.023253591331181732,0.9990897337206124,0.03576275247066382,0.20412437307065054,-0.030273954009052237,0.978476738623444,0.0246
1,1787779746.9002607,1982,82.78,-218.84,-1592.18,0.9794210312690796,0.03208428521088961,-0.19926124096351236,-0.025215613912852104,0.9990002691413817,0.03691388723021112,0.20024638903813125,-0.031129742979232163,0.9792508987890878,0.028900000000000002
1,1787779746.9601018,1985,82.82000000000001,-218.88,-1592.1100000000001,0.9795721859096774,0.0324276117555238,-0.19846103544013208,-0.025667117292958803,0.9990023870345878,0.03654353279398855,0.19944806763166656,-0.030703105625145423,0.9794272753109162,0.033800000000000004
1,1787779747.0199404,1991,82.78,-219.05,-1592.13,0.9795097429591835,0.031736834065846126,-0.19888045859639117,-0.025163330041741035,0.99905304467887,0.03549395355676678,0.19981859340222655,-0.029762178706480024,0.9793807954260687,0.0256
1,1787779747.0797803,1994,82.53,-219.18,-1592.32,0.9785671299894879,0.030617511281614693,-0.20363924009644307,-0.023885704349016566,0.9990865307980998,0.035434123462688996,0.20453812659718962,-0.029810601817774708,0.978404559876626,0.029
1,1787779747.1246605,1997,82.32000000000001,-219.24,-1592.52,0.978036705277961,0.03035306339761888,-0.20621080153913102,-0.02374413429838716,0.9991243421977559,0.03444945448511188,0.20707587791785625,-0.028796533997718712,0.9779009870197838,0.027200000000000002
1,1787779747.18481,2000,82.10000000000001,-219.32,-1592.65,0.9777650082593571,0.029641508017091384,-0.20759809639313204,-0.022862149972512822,0.999126475323128,0.03498011445117633,0.20845361767600432,-0.02945619308151973,0.9775885749981587,0.0238
1,1787779747.245238,2003,81.99,-219.33,-1592.77,0.977402170151097,0.029113990279039985,-0.2093737647222256,-0.02219180881928606,0.9991290861917312,0.035335431892142714,0.21022017364005333,-0.029890545256116764,0.9771970292111196,0.0335
1,1787779747.290097,2006,81.94,-219.36,-1592.79,0.9769467604055927,0.028855110413652914,-0.21152401739763124,-0.021647843809938578,0.9991060627448739,0.03631041510113463,0.21238266923503432,-0.030894303511361135,0.9766980822235446,0.0267
1,1787779747.350235,2009,81.88,-219.35,-1592.8700000000001,0.9767502431598181,0.02823006033987711,-0.21251359057820982,-0.021075344331483562,0.9991346472654044,0.03585786517830396,0.2133419610591069,-0.030545381435544673,0.9764999679080443,0.0341
1,1787779747.410075,2012,81.81,-219.34,-1592.9,0.9765854777768539,0.027803816217717582,-0.21332546120678084,-0.02070750020591319,0.9991576637887498,0.03542827017270353,0.21413081055881816,-0.030181297121551195,0.9763386119955948,0.0261
1,1787779747.4559536,2015,81.79,-219.28,-1592.8400000000001,0.9764532664156368,0.02809653154063834,-0.21389156930935593,-0.020808485931447095,0.999126108197666,0.036249508010816535,0.2147231366655067,-0.03094519079229273,0.97618459819204,0.0195
1,1787779747.5147955,2021,81.66,-219.17000000000002,-1592.8400000000001,0.9761397258931871,0.0285813219289951,-0.21525413717270284,-0.021115497468562637,0.999095695911393,0.03690428400585129,0.2161142551980983,-0.03147853948518816,0.9758605075788501,0.027100000000000003
1,1787779747.5746338,2024,81.49,-219.02,-1592.95,0.975748424201927,0.028871224550752864,-0.21698263769342557,-0.02081860231902927,0.9990102838589742,0.039306978279870106,0.2179027270709077,-0.03383644687244919,0.9753837687792993,0.0397
1,1787779747.6351204,2027,81.22,-218.93,-1593.0,0.9750863499849294,0.029055816918699205,-0.219914459679792,-0.020626222529470203,0.9989653534009233,0.0405312428718025,0.22086459430436697,-0.034985457089415,0.9746767919546521,0.045000000000000005
1,1787779747.6949322,2030,80.39,-218.81,-1593.52,0.9727175813011758,0.027722999397627013,-0.23033007257409854,-0.018751123342262865,0.9989810996260954,0.04105067555157074,0.23123343703061974,-0.03561176623303393,0.9722463163750069,0.0228
1,1787779747.7400367,2033,79.94,-218.65,-1593.57,0.9716370089071794,0.0279714860638352,-0.23481720313744112,-0.018489911174246042,0.9989260416155122,0.042483956585188797,0.2357533586328689,-0.036937235274779136,0.971110701487517,0.020800000000000003
1,1787779747.7998762,2036,79.95,-218.4,-1593.42,0.9718709315115259,0.03048343607024298,-0.2335329797015198,-0.02034383114882752,0.9987477946929307,0.04570526370337945,0.2346338019491374,-0.03966866170365304,0.97127409944955,0.027
1,1787779747.8602245,2039,79.93,-218.28,-1593.22,0.9724976061919343,0.0313527697472988,-0.23079300201724173,-0.021472091795490773,0.9987471525990859,0.0452003810730009,0.23192101074478721,-0.03900165386738548,0.9719524246436783,0.027100000000000003
1,1787779747.9051032,2042,79.86,-218.13,-1593.14,0.9725356002614425,0.033446419633863946,-0.23033854049592156,-0.023350094565409627,0.9986490412874829,0.046420527995462854,0.2315799630967719,-0.03976718935588236,0.9720027218803614,0.0234
1,1787779747.9649417,2048,79.73,-218.01,-1593.17,0.9726605675301225,0.03544022139441168,-0.22951124390646963,-0.025331658828351818,0.9985810476674405,0.04684227044455698,0.23084567882675186,-0.03974772882709295,0.9721781681462015,0.0275
1,1787779748.0247824,2051,79.72,-217.93,-1593.06,0.9724662771679308,0.036059233444494444,-0.23023698976172474,-0.025498486613709053,0.998488818856646,0.048681678264726254,0.2316444839653118,-0.04147059562696531,0.9719161603486121,0.0244
1,1787779748.0846214,2054,79.76,-217.77,-1592.92,0.9728640798788297,0.0365256029390513,-0.22847617471293796,-0.026231042754155488,0.9985060122640487,0.0479340783637001,0.22988565522352164,-0.040640174734939846,0.9723687375270587,0.0228
1,1787779748.1444612,2057,79.77,-217.68,-1592.72,0.9730919076687558,0.036621602307370944,-0.22748845569395912,-0.02614085568639775,0.9984607658624001,0.04891579190253785,0.22892967237464992,-0.04165281836695115,0.9725514114063715,0.0229
1,1787779748.189343,2060,79.43,-217.59,-1592.89,0.971736579105153,0.03592922217556469,-0.2333176200437374,-0.02442197009690888,0.9983471695383346,0.05202399880229793,0.23480116738551493,-0.04485554668772545,0.9710079256760703,0.0358
1,1787779748.2491803,2063,78.84,-217.54,-1593.13,0.969210076513129,0.03200988207660337,-0.24414584787552016,-0.019175455282829316,0.9983150714569033,0.05476604802881402,0.24548753430696008,-0.04839819781190305,0.9681908308533236,0.027100000000000003
1,1787779748.30902,2066,78.81,-217.47,-1593.05,0.9690394829091384,0.030915209690350824,-0.2449627122094123,-0.01788932204186232,0.998313764570305,0.0552231801542464,0.24625688359936712,-0.0491312250943069,0.9679585063424261,0.024900000000000002
1,1787779748.3688614,2072,78.77,-217.41,-1592.91,0.9684608848179427,0.02840437719906796,-0.2475413216688893,-0.01444064256567626,0.9982095698804945,0.05804414217893495,0.24874682393939793,-0.052638825546654285,0.9671371007386341,0.043000000000000003
1,1787779748.4287002,2075,79.12,-217.34,-1592.6200000000001,0.9692078501619136,0.028324313133336186,-0.24460964099979074,-0.014528335429920361,0.9982096121951605,0.058021526960458904,0.24581511477970083,-0.052681148494620515,0.9678840973686521,0.0291
1,1787779748.4736135,2078,80.0,-217.20000000000002,-1591.83,0.9723956800091436,0.029649134812257227,-0.23144668998376183,-0.016414146591655583,0.9981288302147402,0.05890173245178489,0.23275999933670433,-0.053476790283623094,0.9710628278385177,0.0233
1,1787779748.5224507,2081,80.82000000000001,-217.12,-1591.25,0.9744304813082928,0.030598648111666054,-0.22259595645704555,-0.01787281871908165,0.9981002191270104,0.05896197867819874,0.22397722975410542,-0.053475932084929144,0.9731261610085942,0.0273
1,1787779748.5783,2084,81.39,-217.12,-1590.81,0.9758704083226958,0.029695094154597274,-0.21632186099246792,-0.01720166577844924,0.9980854546668637,0.05940982980018013,0.2176718834726744,-0.054255198512119046,0.9745128652716027,0.0239
1,1787779748.6231809,2087,82.59,-217.03,-1590.03,0.9791201665461245,0.032186081105824785,-0.200718099945517,-0.020717452662638927,0.9980441895780335,0.05897951173668277,0.2022238527421051,-0.05358966162027386,0.9778720067317419,0.026000000000000002
1,1787779748.683019,2090,83.92,-217.01,-1589.1200000000001,0.9828398703415269,0.03366232443981856,-0.1813632740671583,-0.02366999474642151,0.9980945989946928,0.05698160059464752,0.1829358374287421,-0.051710921195932597,0.9817639533071648,0.0337
1,1787779748.7434664,2093,85.41,-216.97,-1588.21,0.9863522253685866,0.03765889373663307,-0.16028441980732372,-0.028889093005603005,0.9979733443683031,0.05669765635066683,0.16209474950087382,-0.0512933880035007,0.985441160359852,0.040400000000000005
1,1787779748.7883456,2096,86.38,-216.92000000000002,-1587.66,0.9883157097272142,0.0397138042030898,-0.1471559433462054,-0.03165796726256267,0.9978899102765773,0.05668774185842229,0.14909671698329063,-0.05136672779069404,0.9874875332179548,0.0356
1,1787779748.848186,2099,87.04,-216.96,-1587.27,0.9894530106175214,0.03997576844324848,-0.13922886811755128,-0.032608098350911496,0.9979645764337218,0.05480343151116608,0.14113628768626443,-0.04968543167603123,0.9887425884310366,0.0374
1,1787779748.9080548,2102,87.61,-216.85,-1586.97,0.9903569941997822,0.042134814016409276,-0.13197606406987314,-0.03485098835169309,0.9977643830141231,0.05702319352120286,0.13408367779294697,-0.051873822263729504,0.9896113751939537,0.0352
1,1787779748.9618814,2108,87.87,-216.82,-1586.81,0.9907968561031921,0.04224618585932068,-0.12859568311716438,-0.035147858910381406,0.9977565966688425,0.056977204370033285,0.13071426069884778,-0.05193297203269182,0.990058962115795,0.0409
1,1787779749.0277069,2111,87.93,-216.82,-1586.74,0.9907942030411618,0.04171713127708828,-0.1287886958472642,-0.03447788784798781,0.9977246612054735,0.05793768783757763,0.13091265206071764,-0.05296396303556976,0.9899781291271016,0.0396
1,1787779749.0725844,2114,88.06,-216.83,-1586.66,0.991015398579098,0.04126567804646837,-0.127222732223753,-0.03414028523894216,0.9977506992235002,0.0576886741295046,0.12931713228692943,-0.052826944018954214,0.9901951288926355,0.045000000000000005
1,1787779749.132424,2117,88.21000000000001,-216.81,-1586.57,0.9912253376438257,0.04045379733388236,-0.1258404557133868,-0.03335584128833639,0.9977586180930317,0.058009722228527946,0.12790511273921387,-0.0533031922341695,0.9903529935496818,0.0444
1,1787779749.1922665,2120,88.46000000000001,-216.83,-1586.43,0.9914199610338642,0.03919008773576462,-0.12470203641831397,-0.03223389947009772,0.9978353524685253,0.057320023455732366,0.1266784772112574,-0.05280858251531796,0.9905371356108563,0.0446
1,1787779749.2371457,2123,89.06,-216.77,-1586.14,0.9921360639557385,0.037839325906281515,-0.11930723370094988,-0.030796217799426123,0.9977030177881819,0.06033474343696903,0.12131621312778094,-0.056186063319232295,0.9910224531871222,0.039400000000000004
1,1787779749.293994,2126,89.75,-216.81,-1585.77,0.9929100073214318,0.034942758070762664,-0.11361655257647442,-0.02812249076539656,0.9977361591766968,0.061087496138600435,0.11549390838526857,-0.05745920578759759,0.9916448945041536,0.049300000000000004
1,1787779749.3423717,2129,90.57000000000001,-216.51,-1585.43,0.9936591341519954,0.03445907769131294,-0.10702381548501819,-0.027815046701822988,0.9976281032986066,0.06296420162124045,0.10893965436553654,-0.05958808163961038,0.9922607581846764,0.0541
1,1787779749.3872507,2132,91.31,-216.45000000000002,-1584.98,0.99450718409628,0.03247549546612368,-0.09950277873063464,-0.02621765606545343,0.9976332035558951,0.0635659159710256,0.10133161052367345,-0.06060803046652872,0.9930048194000102,0.0577
1,1787779749.447091,2135,91.85000000000001,-216.24,-1584.5900000000001,0.9951244715443821,0.03257473888384214,-0.09309227959483979,-0.02652631924255037,0.997500777850265,0.06548704127962095,0.09499284457766609,-0.06269836181883845,0.9935015223462306,0.0483
1,1787779749.5069802,2138,92.16,-216.13,-1584.3400000000001,0.9953783213390293,0.03214622712878573,-0.09049098015648226,-0.02615548516635753,0.997435056344659,0.06662731399688422,0.09240069265978906,-0.06395254847237501,0.993666032195868,0.0699
1,1787779749.5663319,2144,92.06,-216.02,-1584.32,0.9952272922941152,0.031142845825174313,-0.09248113227482081,-0.024759021252903975,0.9972822503361634,0.06939095064225513,0.09439082338618374,-0.06677002559792125,0.9932935800367033,0.0483
1,1787779749.621183,2147,92.04,-216.0,-1584.29,0.9952382251541756,0.030697954405787837,-0.09251221966457718,-0.02440748638021345,0.9973609700877142,0.06837667697609817,0.09436710126186193,-0.06579309189416584,0.993361021612203,0.0511
1,1787779749.6720471,2150,92.01,-215.91,-1584.39,0.9951553446319024,0.030349493308250396,-0.09351335897342228,-0.023954328215305867,0.9973451148578335,0.06876708536042751,0.09535213794306382,-0.0661938828378226,0.9932403232171656,0.0555
1,1787779749.7318876,2153,91.92,-215.86,-1584.43,0.9950649983715789,0.03021369027729426,-0.09451339553522264,-0.023692684595058227,0.9973094320473416,0.0693725698391525,0.09635510216095876,-0.06679094002360451,0.9931035518103408,0.047
1,1787779749.791727,2156,91.81,-215.79,-1584.51,0.9949882759594489,0.030211505200061994,-0.09531839096832315,-0.023693897596037104,0.9973502266146432,0.06878317154964825,0.0971438619777492,-0.06617998508058506,0.993067610817502,0.0519
1,1787779749.8366315,2159,91.77,-215.74,-1584.57,0.9949217843579836,0.029857291709400168,-0.09612068009385671,-0.02324702050246182,0.9973339492892107,0.06917058358105681,0.09792966377806002,-0.06658480102069562,0.9929633655001328,0.048
1,1787779749.8964715,2162,91.74,-215.69,-1584.58,0.994941157203739,0.029850780899375054,-0.09592197131930927,-0.023254047012730168,0.9973339233989782,0.06916859500619443,0.09773097257069849,-0.06658810792700687,0.9929827193275252,0.049300000000000004
1,1787779749.9562871,2165,91.66,-215.68,-1584.66,0.9948669253805078,0.030497631623291842,-0.09648676204176923,-0.023801913402367026,0.997276954317056,0.06980075434035721,0.09835278187383023,-0.06714589230523833,0.9928837592811215,0.052500000000000005
1,1787779750.0111392,2171,91.46000000000001,-215.68,-1584.76,0.9946490682583112,0.030514515560313954,-0.09870205343858433,-0.0237867486359922,0.9973582103707103,0.0686352008481252,0.10053567328168604,-0.06592013763830988,0.9927472557763858,0.0512
1,1787779750.0749676,2174,91.36,-215.68,-1584.8700000000001,0.9945032829385426,0.03075909301578195,-0.10008545559324487,-0.02393744721782467,0.9973529428413632,0.0686593476983726,0.10193242293379853,-0.0658861563799152,0.992607070069686,0.0448
1,1787779750.1208448,2177,91.17,-215.75,-1585.0,0.9942939162729307,0.03023457216199501,-0.1023009223263366,-0.023263966109769472,0.9973689541895465,0.06865826315669185,0.10410761712517261,-0.06588656816856658,0.9923812594922816,0.0519
1,1787779750.1806846,2180,91.03,-215.74,-1585.08,0.9941276117741722,0.030275680664544537,-0.10389261123140131,-0.023218757477853253,0.9973826175940336,0.06847483787829126,0.10569380686381392,-0.06566046970264651,0.9922285633406561,0.0539
1,1787779750.2405238,2183,90.94,-215.8,-1585.15,0.9940276577637019,0.030087372425240115,-0.1048988351763435,-0.023005905775969754,0.9974148566346037,0.0680759286679248,0.10667588246757552,-0.06525606320579021,0.9921501410142751,0.047400000000000005
1,1787779750.2864013,2186,90.88,-215.79,-1585.22,0.9939427471650224,0.030102333460924103,-0.10569609679763849,-0.022989039111528248,0.997428290197904,0.06788453427412147,0.10746775999701985,-0.06504348878322164,0.9920786385806973,0.041800000000000004
1,1787779750.345244,2189,90.81,-215.8,-1585.25,0.9938571234021711,0.030096001185001782,-0.1064999951898304,-0.022994150773756283,0.9974681307262894,0.0672948528165103,0.10825565709446915,-0.06443259189319016,0.9920328390779057,0.0434
1,1787779750.4049587,2192,90.74,-215.82,-1585.24,0.9939637849499429,0.030033219204948124,-0.105517770788486,-0.023060822560464263,0.9975073694997382,0.06668767694670226,0.10725759959470803,-0.06385180919833422,0.9921787912424257,0.0468
1,1787779750.4583328,2195,90.72,-215.82,-1585.3500000000001,0.9937533941850955,0.029931210281902012,-0.10750960048601714,-0.022762295287824644,0.9974730564827508,0.06730066496097378,0.10925232015308568,-0.06443309896334286,0.9919235385346734,0.0444
1,1787779750.5101938,2198,90.64,-215.84,-1585.31,0.9938193159831276,0.030637305272411465,-0.10669827882619948,-0.023651476441178716,0.9975304225433187,0.0661336810006845,0.10846093693574985,-0.06320135778757446,0.992089619708233,0.0396
1,1787779750.5552773,2201,90.71000000000001,-215.8,-1585.33,0.9938463954549701,0.03048445237766726,-0.10648962580644569,-0.023404114016120445,0.9974705877017452,0.06711686909455325,0.10826629063694534,-0.06421156307993678,0.9920460097588961,0.044000000000000004
1,1787779750.6151175,2207,90.7,-215.82,-1585.32,0.9938355275303168,0.030070529117386988,-0.10670851651643004,-0.023020097488308983,0.9975075298328185,0.06669934811118651,0.10844823341191681,-0.06383174136296824,0.9920506486386698,0.044500000000000005
1,1787779750.6757846,2210,90.68,-215.86,-1585.32,0.99383450018933,0.030126791330148225,-0.10670221496095808,-0.02296736197925247,0.9974412005539008,0.06770193292149852,0.1084688273981921,-0.06483384827189269,0.9919834099424841,0.0429
1,1787779750.7206643,2213,90.65,-215.83,-1585.32,0.9937977028909979,0.029872829358517015,-0.10711554413199253,-0.022817965154932625,0.9975259213737813,0.06649343316130588,0.10883687883600941,-0.06363686237948643,0.9920206064148719,0.0427
1,1787779750.7745187,2216,90.65,-215.86,-1585.3400000000001,0.9938622462630979,0.029854235149184827,-0.10652023327296449,-0.022838265074704545,0.9975258412827184,0.06648766518372155,0.10824162370016038,-0.06364684294497494,0.9920850922586685,0.046
1,1787779750.8253834,2219,90.65,-215.85,-1585.3500000000001,0.9938192567621457,0.02986663201985773,-0.10691711359986823,-0.02282473210534037,0.9975258946278522,0.06649151187349071,0.1086384669123058,-0.06364019043571068,0.9920421410747885,0.0482
1,1787779750.8702693,2222,90.65,-215.84,-1585.31,0.9938621267510389,0.029822533760273034,-0.10653022805767019,-0.022870992472390543,0.9975647363632548,0.06589016973599333,0.10823581067848895,-0.06304929218181225,0.9921238813989627,0.0422
1,1787779750.9307063,2225,90.65,-215.85,-1585.3400000000001,0.9937760286961743,0.0298577336700581,-0.10732064353584805,-0.022833175186297575,0.9975519168875785,0.06609704399464361,0.10903142161676391,-0.06323518683459305,0.992024929246348,0.048
1,1787779750.9903572,2228,90.65,-215.85,-1585.32,0.9937697050309312,0.03011380915925155,-0.10730765052248659,-0.02297967503118468,0.9974809006641296,0.06711026259625183,0.10905827753177236,-0.06422625092745884,0.9919583059754105,0.0437
1,1787779751.0352373,2231,90.64,-215.84,-1585.33,0.9938353672427804,0.030028187978796115,-0.10672193187961797,-0.023063819080099426,0.997559468674701,0.06590270636998719,0.10844041251695871,-0.06303502505875913,0.9921024455916806,0.0476
1,1787779751.095077,2234,90.64,-215.85,-1585.32,0.9938192567621457,0.02986663201985773,-0.10691711359986823,-0.02282473210534037,0.9975258946278522,0.06649151187349071,0.1086384669123058,-0.06364019043571068,0.9920421410747885,0.0451
1,1787779751.1549165,2237,90.64,-215.84,-1585.3500000000001,0.9937749486753532,0.029903643211747846,-0.10731786201729687,-0.02279112779154908,0.997499321259202,0.0669004378268228,0.10905006134472536,-0.06403808406015744,0.991971374541935,0.047
1,1787779751.2147565,2243,90.63,-215.84,-1585.33,0.9938191364156058,0.029834811548404692,-0.10692711589681256,-0.022857578541324274,0.9975647888707971,0.06589402938346355,0.10863266174298777,-0.06304265242700963,0.9920809285424252,0.0471
1,1787779751.2751193,2246,90.62,-215.85,-1585.33,0.9936881653640666,0.029928585893799715,-0.1081115616471852,-0.022763891457087647,0.9974994301065832,0.0669080875737151,0.10984368557693978,-0.06402473493455048,0.9918846697350631,0.0461
1,1787779751.319999,2249,90.62,-215.85,-1585.33,0.9936934096373751,0.02972907137683781,-0.10811840712070594,-0.02256435809384053,0.9975046844051877,0.06689734175226884,0.1098374134212053,-0.0640358251666815,0.991884648388189,0.0534
1,1787779751.379839,2252,90.62,-215.85,-1585.3400000000001,0.9937367576213798,0.0296845326017092,-0.10773154169678044,-0.022611061744179085,0.9975437692513782,0.06629606560388167,0.10943489589225186,-0.06344491273515415,0.9919671096407787,0.041600000000000005
1,1787779751.43968,2255,90.61,-215.86,-1585.3700000000001,0.993737966946189,0.02967054090423784,-0.10772424078221804,-0.022620196136114587,0.9975572237003444,0.06609018210010602,0.10942202601130654,-0.06323957974015494,0.9919816408471831,0.0514
1,1787779751.4845586,2258,90.63,-215.84,-1585.33,0.9938028661938864,0.02965206580443979,-0.10712897898489368,-0.022640373380101952,0.9975571441842058,0.066084473064868,0.10882681947951152,-0.0632494986587314,0.9920464829237554,0.0458
1,1787779751.544398,2261,90.62,-215.85,-1585.3400000000001,0.9937759884254522,0.029847086419233067,-0.1073239780351922,-0.022844163361083056,0.9975648415708964,0.06589788359245481,0.10902948697186342,-0.06303600791543996,0.9920378181686105,0.046900000000000004
1,1787779751.604238,2264,90.61,-215.85,-1585.3600000000001,0.9937150415489372,0.029690710554514766,-0.1079299676001156,-0.02260431418010919,0.9975437960050028,0.06629796401380891,0.10963330324240392,-0.06344160116751006,0.9919454128436008,0.0444
1,1787779751.6641006,2270,90.62,-215.84,-1585.3400000000001,0.9938242613614692,0.029603466099083004,-0.10694378113874003,-0.022690885580571057,0.9976085791684784,0.06528588270842986,0.1086207219682309,-0.062456045058664034,0.9921193381820205,0.041800000000000004
1,1787779751.7239168,2273,90.61,-215.84,-1585.3600000000001,0.9937812725189488,0.029658224897866764,-0.10732740603651282,-0.022633647938841605,0.9975571706413021,0.06608637743968673,0.10902522814284547,-0.0632461935457599,0.9920249082711445,0.0505
1,1787779751.768797,2276,90.61,-215.84,-1585.3500000000001,0.993802946759398,0.02967332105897764,-0.10712234607992861,-0.02261843830046192,0.9975311750477334,0.06648278767272384,0.10883064486248972,-0.06364785012252272,0.9920205854283446,0.046200000000000005
1,1787779751.8286388,2279,90.59,-215.87,-1585.3700000000001,0.9937203280876277,0.029512607642838307,-0.10793014192308568,-0.022382677055192042,0.9975229577343724,0.06668556486011419,0.1096308593109646,-0.06385103588031599,0.9919194120006675,0.046
1,1787779751.8884764,2282,90.61,-215.84,-1585.3600000000001,0.9937149600787663,0.029669290847770945,-0.10793660776699715,-0.02262641177273639,0.9975696896105153,0.06589961957910781,0.10962948328778528,-0.06304321970657059,0.991971233878827,0.0478
1,1787779751.9483497,2285,90.60000000000001,-215.84,-1585.3500000000001,0.9936943817472774,0.029650667964789445,-0.10813100190573365,-0.022639940961667337,0.9975959301654933,0.06549651281172401,0.10981306278010909,-0.06263543730577698,0.9919767604315969,0.0463
1,1787779752.0081558,2288,90.60000000000001,-215.84,-1585.3400000000001,0.9937151646931265,0.029722834614230642,-0.10791999148168833,-0.022571165479025906,0.9975046571764625,0.0668954512667818,0.10963901653987516,-0.06403914438656284,0.9919063837068526,0.0434
1,1787779752.0530357,2291,90.58,-215.88,-1585.3600000000001,0.9937430496190871,0.029438963942652375,-0.10774088701946007,-0.02245374674695523,0.9976010916721956,0.06548199104691037,0.10941014848166712,-0.06265308688665919,0.9920201661825189,0.0463
1,1787779752.1134157,2297,90.51,-215.83,-1585.3600000000001,0.9935403642232944,0.029859609875760466,-0.10948035603299522,-0.022427018586178397,0.9973987650549248,0.06850352037849383,0.11124106029870093,-0.0656056946078532,0.9916255943341934,0.0451
1,1787779752.173223,2300,90.19,-215.91,-1585.65,0.9931888157484301,0.028707383943790993,-0.11292414435954236,-0.021182628006809562,0.9975092497792328,0.06727995894467557,0.11457431013519619,-0.0644296726049099,0.9913231283214712,0.0494
1,1787779752.2270796,2303,89.9,-215.93,-1585.74,0.9926641651996283,0.028455825955240283,-0.11750796184825084,-0.020627932722359778,0.997519327073992,0.0673029011666777,0.11913162267058525,-0.06438523187078586,0.9907886749437634,0.0424
1,1787779752.2929032,2306,89.89,-215.88,-1585.75,0.9928006260652139,0.028687008465767303,-0.1162926155428812,-0.020797209080273757,0.9974343911059665,0.06849898928846487,0.11795928525974866,-0.0655872776104851,0.9908500976619291,0.046200000000000005
1,1787779752.3527422,2309,89.9,-215.87,-1585.71,0.9927905167528053,0.02905129024938118,-0.11628848773865806,-0.021231817654048215,0.9974644948776357,0.06792489512401555,0.11796694352573125,-0.06496617576361928,0.9908901030093334,0.0473
1,1787779752.4125822,2315,89.84,-215.88,-1585.72,0.9928189927372258,0.028868560870908024,-0.11609071389858262,-0.021015518649115123,0.9974427908714374,0.06830978637432968,0.1177658508912859,-0.06537954673933234,0.9908868347253438,0.0463
1,1787779752.4724214,2318,89.79,-215.83,-1585.73,0.9927101709958952,0.02950396306100497,-0.11685902859854456,-0.021574200976667963,0.9974143471492557,0.06855052117265277,0.11857938376260412,-0.06552965942623869,0.9907798915409831,0.049
1,1787779752.5322897,2321,89.73,-215.76,-1585.71,0.9926913300525222,0.029217878709601026,-0.11709072893387042,-0.021463460100484458,0.9975255808948513,0.06694800475670586,0.11875707607999193,-0.06394553169768816,0.9908621124338293,0.0492
1,1787779752.5926096,2324,89.7,-215.73000000000002,-1585.66,0.9926093531028144,0.029767278245262797,-0.11764599984139626,-0.021711431721128875,0.9973683658601551,0.06917338009713714,0.11939550186431425,-0.06610788097733397,0.9906434586708053,0.0548
1,1787779752.6524491,2327,89.75,-215.64000000000001,-1585.5900000000001,0.9926999375844664,0.029914455768596825,-0.11684159899567143,-0.02196118776815542,0.9973905976896104,0.06877282800767946,0.11859401397881952,-0.0657048017760552,0.990766541053926,0.0439
1,1787779752.7123942,2333,90.02,-215.07,-1585.3500000000001,0.993176949616249,0.03186237245512742,-0.11217992678056728,-0.024013631097974133,0.9972131611184687,0.0706346714694809,0.11411788760949403,-0.06745888016889864,0.9911742567348615,0.0471
1,1787779752.772528,2336,90.04,-214.66,-1585.3500000000001,0.9931151673527282,0.03257425324813098,-0.11252191963919567,-0.02449371072707871,0.9970702507853448,0.07246359868008273,0.11455270624817716,-0.06920861958005321,0.9910034533073245,0.0543
1,1787779752.817413,2339,90.02,-214.18,-1585.49,0.9930168457434212,0.033662561066942626,-0.11306801515990683,-0.025401231609903235,0.9969548920137395,0.07372734040078442,0.11520556194249743,-0.07034042416908959,0.9908480727262006,0.0443
1,1787779752.8774393,2342,90.06,-213.57,-1585.51,0.9929938054057493,0.03465046936861494,-0.11297188764619069,-0.026001292860196118,0.996680034062513,0.07715466590392603,0.11527027021486143,-0.07367669016509094,0.9905980567974633,0.045700000000000005
1,1787779752.9442596,2345,89.11,-212.96,-1586.1100000000001,0.9909626736348123,0.029510604589042738,-0.13085145654265284,-0.01914471793822422,0.9966285824986452,0.07978062623097955,0.13276467616655582,-0.07655450844679623,0.988186696934774,0.043000000000000003
1,1787779753.0123923,2351,89.55,-211.57,-1586.13,0.9914900867570039,0.035060060033028605,-0.12537224594410598,-0.02436490902290523,0.9960105068401799,0.08584533459818043,0.12788181681104832,-0.0820601148820085,0.9883887790108996,0.0577
1,1787779753.0724592,2354,89.46000000000001,-210.99,-1586.33,0.9909711990164783,0.03633956793449626,-0.12905626107313492,-0.025064406898374993,0.9958103852991698,0.0879400479710553,0.13171126841191577,-0.08391133613912334,0.987730241230201,0.0432
1,1787779753.1173387,2357,88.72,-210.47,-1586.78,0.9893408930109147,0.03279349222225775,-0.141877356488746,-0.019811873205731505,0.9955653788465744,0.09196230816022953,0.1442639493998622,-0.08817121588106701,0.9856032414686999,0.055
1,1787779753.1776853,2360,88.41,-210.07,-1587.04,0.9886194090773549,0.03279568222881949,-0.1468199823685043,-0.01900364996665278,0.9953554225600634,0.09437395863384462,0.14923312394869495,-0.09050981166384103,0.9846509273387647,0.0434
1,1787779753.237525,2363,87.38,-209.87,-1587.76,0.9864525847919188,0.03174654899102926,-0.16094550190826182,-0.016440326471268286,0.9952882495706427,0.0955563495123382,0.16322075120173982,-0.09161581137427205,0.9823265900317335,0.0555
1,1787779753.2829108,2366,85.01,-209.62,-1589.29,0.9797039688427501,0.02603705940802369,-0.19875161627304314,-0.006558277825132873,0.9951607264496666,0.09804140719176026,0.20034251277682505,-0.09474808741898283,0.9751336716085199,0.041800000000000004
1,1787779753.3427515,2369,84.33,-209.72,-1589.8400000000001,0.9782140136608847,0.0247601349116262,-0.2061171492055437,-0.004645386919801073,0.9952240760255326,0.09750619918492351,0.2075470160176427,-0.0944244365526356,0.9736571583077328,0.0471
1,1787779753.4027781,2372,82.15,-209.97,-1591.38,0.9707946797163249,0.01742621739554725,-0.23927811596918158,0.0055273861431959625,0.9954691834771576,0.09492393138584661,0.23984815579216365,-0.09347423010971546,0.9662998657086183,0.0327
1,1787779753.463126,2378,80.12,-210.42000000000002,-1592.99,0.9620192408034393,0.011072571981053395,-0.2727569952791291,0.01384304510510296,0.9959127140957081,0.08925377305603681,0.27263042828377126,-0.08963963438259233,0.9579339150074826,0.030000000000000002
1,1787779753.5229647,2381,79.97,-210.35,-1593.04,0.9610778317958709,0.012416032151138,-0.27599862930125185,0.012416032151138,0.9960393302456945,0.08804257350470042,0.27599862930125185,-0.08804257350470042,0.9571171620415652,0.045000000000000005
1,1787779753.5828044,2384,79.86,-210.43,-1593.0900000000001,0.9605171560537281,0.011800436637036768,-0.2779703988226685,0.012591762011633745,0.9962325839763653,0.08580259992107946,0.2779356768317095,-0.08591500636646505,0.9567499000392682,0.0286
1,1787779753.6326716,2387,79.75,-210.42000000000002,-1593.16,0.9600619591025596,0.012266919743414937,-0.2795184383259249,0.012662545528070408,0.9961097131230982,0.0872072208166774,0.2795007953922578,-0.087263750216386,0.95617171223231,0.053500000000000006
1,1787779753.6875248,2390,79.66,-210.48000000000002,-1593.21,0.9597817129369467,0.012281042523485275,-0.2804785901033392,0.012281042523485275,0.9962498650122221,0.08564684733056832,0.2804785901033392,-0.08564684733056832,0.9560315779491687,0.032100000000000004
1,1787779753.7324038,2393,79.55,-210.43,-1593.23,0.9592709209942732,0.01309248044770395,-0.28218413685132154,0.011510315801895401,0.9962842612079746,0.08535328640082245,0.28225310054087893,-0.0851249541850489,0.9555558222364897,0.027700000000000002
1,1787779753.7922444,2396,79.51,-210.32,-1593.1200000000001,0.9593824512467904,0.014376179076001444,-0.2817421475655963,0.010420682176404163,0.9962132157639751,0.08631707895994672,0.2819161606270167,-0.08574703617253511,0.9555996673110282,0.033600000000000005
1,1787779753.8520842,2399,79.61,-210.15,-1592.96,0.9604459962342742,0.016389507026713577,-0.2779835829270747,0.008080128986000424,0.9962058681316628,0.08665206180818572,0.278349061132101,-0.08547076903515814,0.9566695081413521,0.0302
1,1787779753.910553,2405,79.82000000000001,-209.74,-1592.57,0.961857876843329,0.02231991071987709,-0.2726375732357882,0.00213503772598021,0.9960227806961276,0.08907335150460195,0.2735413430696569,-0.0862579962659141,0.9579847032765386,0.036500000000000005
1,1787779753.9723864,2408,79.84,-209.6,-1592.45,0.9624816136005199,0.025069672539812987,-0.27018633385070784,-0.0006610352551802719,0.9959365944632622,0.09005477689335033,0.2713461009731502,-0.0864974642846034,0.9585872324201918,0.0426
1,1787779754.017266,2411,79.82000000000001,-209.69,-1592.41,0.963053867667983,0.02683748408746279,-0.26796827688663927,-0.00246072833725991,0.9958576042638889,0.09089321672071017,0.2692975914964514,-0.08687566677524243,0.9591305571905044,0.038700000000000005
1,1787779754.0771065,2414,79.87,-209.78,-1592.13,0.9635728907928813,0.028170580754733388,-0.2659580841203945,-0.004298825058492646,0.9959400441169884,0.08991634238205855,0.2674113016163795,-0.08549764268207719,0.9597819277646572,0.0347
1,1787779754.1369457,2417,80.13,-209.74,-1591.73,0.9645613543369697,0.029829299681471366,-0.26216713485893633,-0.0058156948951687115,0.9957513246756136,0.09189927692668297,0.2637945628941527,-0.08711780694710942,0.9606367244178254,0.0323
1,1787779754.1967866,2420,80.87,-209.51,-1591.06,0.9684928278720188,0.03192887404936925,-0.24698621289942435,-0.0081074659631914,0.9952639891931657,0.09687032987949333,0.2489094440878368,-0.09181578740742617,0.9641648976324736,0.0359
1,1787779754.256625,2426,81.76,-209.22,-1590.25,0.972211819746867,0.03270912280720703,-0.2318065806435792,-0.008945515424369093,0.9946583647412749,0.10283343427118023,0.23393194586947186,-0.09790225092098657,0.9673112187741474,0.0373
1,1787779754.3164642,2429,81.88,-209.23000000000002,-1590.18,0.972532037721021,0.03293398925310287,-0.23042740279331947,-0.009122454091220578,0.9945722006278167,0.10364805145151164,0.23259023289371325,-0.09869898728061062,0.967553767742253,0.0352
1,1787779754.3663309,2432,81.94,-209.22,-1590.23,0.9724522361587299,0.0323579458221977,-0.230845428224285,-0.00850656752536169,0.9945849622038626,0.10357794778270826,0.2329469611281123,-0.09876090471491589,0.9674616255961106,0.0395
1,1787779754.4211845,2435,81.82000000000001,-209.42000000000002,-1590.43,0.9720066907378185,0.03127493723958244,-0.2328623444474758,-0.007600271115963715,0.9947677635047023,0.10187900947111846,0.23483021321771724,-0.097257261901169,0.9671586198590223,0.031900000000000005
1,1787779754.4660635,2438,81.76,-209.56,-1590.6100000000001,0.9712644797780643,0.030370156281095965,-0.23605712005552398,-0.006516262654648484,0.994846634111022,0.10118158389245636,0.23791353186076214,-0.09673586824664553,0.9664570984539903,0.0412
1,1787779754.5270014,2441,81.83,-209.72,-1590.66,0.9714401937151383,0.028341875553952275,-0.2355858402467737,-0.004977525093335599,0.9950566365887854,0.09918424383216627,0.23723232131950173,-0.09517892661034627,0.9667790842021059,0.0357
1,1787779754.587345,2444,81.82000000000001,-209.8,-1590.75,0.9712049925297722,0.02794753951951666,-0.2366005019437835,-0.004578571272690754,0.9951019004849353,0.09874838903177602,0.2382013836449027,-0.09482163617062904,0.9665758936284201,0.0327
1,1787779754.6322262,2447,81.39,-210.01,-1591.15,0.9701959233904942,0.027388222960507524,-0.2407690916200244,-0.00433933484029631,0.995396555565204,0.09574375876302052,0.24228297589721398,-0.09184542673423216,0.9658485270364068,0.033600000000000005
1,1787779754.6920638,2450,79.86,-210.77,-1592.64,0.963939316319267,0.02104130729516082,-0.26528900814254414,0.003222660759878644,0.9958733165853138,0.09069703286764368,0.26610262853187105,-0.08828137233119064,0.9598936349344915,0.0412
1,1787779754.7519038,2453,78.73,-211.41,-1593.3700000000001,0.9586704404979415,0.01836599709596396,-0.28392547731077944,0.004917379937667151,0.9966958156122647,0.08107570854177602,0.28447637140900034,-0.07912105466734773,0.9554125040098099,0.0273
1,1787779754.7983646,2456,78.24,-212.17000000000002,-1593.19,0.9545298720569355,0.023250711361854907,-0.2972072135264187,-0.004813789180362495,0.9980260871870871,0.06261594627377273,0.2980764176930097,-0.05833809831662906,0.9527576373349634,0.0524
1,1787779754.8572066,2462,78.47,-213.49,-1591.02,0.9457049922677998,0.05966745629065321,-0.3195025230879463,-0.0630330269421059,0.9980114228034332,-0.0001935675142909071,0.31885561797508977,0.020322268910479106,0.9475854052654323,0.027200000000000002
1,1787779754.917082,2465,78.38,-214.01,-1590.5900000000001,0.9415924236361937,0.07068757679863041,-0.32925214386129137,-0.08260247700325074,0.9963325567869715,-0.0223218968563048,0.326466749522591,0.048215171602658494,0.9439781558296144,0.0825
1,1787779754.9728959,2468,77.96000000000001,-214.6,-1590.3400000000001,0.9361098616475566,0.07476456994708998,-0.3436692974456976,-0.09557427613490031,0.9944497649362272,-0.043991166835768876,0.33847287139072535,0.07402650943350846,0.938059801523127,0.058600000000000006
1,1787779755.0357273,2471,77.81,-214.63,-1590.63,0.9338675307148893,0.07572855562480456,-0.3495091142437581,-0.0992147660138099,0.99382091746076,-0.049763583294198256,0.3435809442930448,0.08114905963986604,0.9356104770887644,0.0708
1,1787779755.0823598,2474,77.9,-214.49,-1590.77,0.9335331942187959,0.07599796178700675,-0.3503428108237311,-0.1001023606966928,0.9936596374321116,-0.05118634897346773,0.3442314521867535,0.08285429827416965,0.9352218306813063,0.0587
1,1787779755.1422017,2477,77.93,-214.48000000000002,-1590.82,0.9332478254528683,0.07585805971881733,-0.3511325263532115,-0.10023040601261138,0.9936183133284537,-0.05173502806479932,0.34496718974134266,0.08347575812183344,0.9348954143688724,0.0562
1,1787779755.2020397,2480,77.94,-214.57,-1590.96,0.9320689896255909,0.074637613826891,-0.35450899167800815,-0.10060465292593984,0.9933849551613844,-0.05536275524814195,0.3480317548557622,0.08726716141391544,0.9334122027008092,0.046900000000000004
1,1787779755.261881,2486,76.72,-216.71,-1591.07,0.9227216058154277,0.06542032079673778,-0.37987500547976366,-0.10960361338036699,0.9893432688244346,-0.09584854910612817,0.3695563368356245,0.13007720037975426,0.9200587132601918,0.0718
1,1787779755.3222268,2489,76.31,-217.20000000000002,-1591.3600000000001,0.9196424897722817,0.061201667559086056,-0.38795882113109087,-0.10817595177882898,0.9890487549424362,-0.10040181175437649,0.3775654307033195,0.13430158686629098,0.9161918081400929,0.0756
1,1787779755.3820665,2492,76.01,-217.35,-1591.8400000000001,0.9178879220639911,0.05977742472497814,-0.3923116389075119,-0.10833061863239116,0.9887857899241701,-0.10279658900351803,0.38176725841246767,0.1368551100152433,0.9140702594806066,0.06910000000000001
1,1787779755.4419067,2495,75.60000000000001,-217.66,-1592.03,0.9160263273631629,0.05664849291274003,-0.39709786681405224,-0.10822415155738216,0.988167720634246,-0.10868343441483404,0.3862425411541824,0.14253246699343275,0.911318383033902,0.1057
1,1787779755.4987538,2498,75.3,-218.05,-1592.06,0.9140531015824644,0.05471147360300539,-0.4018875242448619,-0.1088830161475914,0.9875884470676773,-0.11319694347930426,0.39070630437974785,0.1472267430687818,0.9086654333929947,0.0791
1,1787779755.561585,2504,75.38,-217.84,-1592.01,0.9144373708388607,0.05476409811228787,-0.40100522237404834,-0.10960450095928452,0.9872878112086856,-0.11510704239198043,0.38960383491795664,0.1492101584903343,0.9088152619870064,0.09140000000000001
1,1787779755.6214256,2507,75.68,-217.46,-1591.73,0.9155091964639739,0.05679770681531697,-0.3982674122877871,-0.11075120488134924,0.9873131612206038,-0.11378441148904161,0.3867519641930966,0.14827927090830817,0.9101846933516748,0.09240000000000001
1,1787779755.6812644,2510,75.97,-217.23000000000002,-1591.5,0.916805955499123,0.058077612904157465,-0.3950871180394202,-0.11109350597161577,0.9874052227581944,-0.11264616727068386,0.38356886329872303,0.14716629012513416,0.9117110343516361,0.078
1,1787779755.7411044,2513,76.34,-216.84,-1591.25,0.9175475039001879,0.060052848383696754,-0.39306517714946365,-0.11191078371412355,0.9875715672907237,-0.11035567936193472,0.38155282016389963,0.14524481016527996,0.912864387817285,0.0789
1,1787779755.8009446,2516,76.42,-216.76,-1591.19,0.917821961789343,0.05982760251624177,-0.39245828368671265,-0.11136850086672012,0.9876852510635946,-0.10988585826275957,0.38105105100479786,0.14456314471054682,0.9131821251642722,0.0814
1,1787779755.860784,2522,76.34,-216.59,-1591.38,0.9164644395091339,0.057548659789793094,-0.3959559102622511,-0.11006531646303927,0.9876840385487653,-0.11120191593624683,0.38467981130688433,0.1454936141292797,0.9115114102524994,0.0921
1,1787779755.920623,2525,76.24,-216.69,-1591.31,0.9150190053569507,0.05443069265689908,-0.3997218026733929,-0.10956667938164139,0.9871412342470175,-0.1163929826860527,0.3882465229784515,0.1502979818432881,0.9092167805583977,0.07930000000000001
1,1787779755.9655032,2528,76.2,-216.73000000000002,-1591.14,0.913916954223023,0.052258801400752876,-0.40252306574887065,-0.10894535128414148,0.9868709322578606,-0.11923369279728084,0.39100730327870853,0.1528227101600348,0.9076114300966323,0.0708
1,1787779756.025344,2531,76.12,-216.83,-1590.95,0.9126084781956256,0.05014534435983792,-0.405747717140217,-0.10902959286536856,0.9863583290747368,-0.12332799578564962,0.3940283154864333,0.15678868295870882,0.9056263001321224,0.0814
1,1787779756.0851831,2534,76.05,-217.04,-1590.54,0.9111522277242453,0.04886162372709084,-0.40916275446318073,-0.11138147622539771,0.9851875969757377,-0.13038238193491644,0.3967313759548091,0.16437134936455153,0.9030981534922327,0.0994
1,1787779756.1310623,2537,75.75,-217.25,-1590.48,0.9080689480939078,0.04484705049365388,-0.41641268901132644,-0.1113198667494533,0.9843318024982863,-0.13674351852047245,0.4037557092779097,0.1705275480750676,0.8988335121550586,0.0935
1,1787779756.19041,2540,75.72,-217.13,-1590.27,0.9068326169094751,0.04623778519772844,-0.4189470994399195,-0.11528784850372027,0.9832702093500939,-0.14102626490127923,0.40541746002916096,0.17618672658469836,0.8969921518490963,0.07930000000000001
1,1787779756.2502825,2543,75.75,-216.99,-1590.31,0.906314094859637,0.046557535881719535,-0.42003232888835956,-0.11688279968837302,0.9827574994717635,-0.14326935600125468,0.40611965305284636,0.1789415912654992,0.8961287487407189,0.09390000000000001
1,1787779756.3016195,2546,75.69,-216.91,-1590.43,0.904628749283219,0.04707134516411118,-0.42359310007921536,-0.11785226561327582,0.9827567088883455,-0.1424784005551925,0.4095823109706973,0.17881146383660387,0.8945774370844115,0.09290000000000001
1,1787779756.3555028,2552,74.82000000000001,-217.78,-1590.55,0.9001519793375624,0.039820002509721154,-0.43375198154566896,-0.12010963889336576,0.9798962293899549,-0.1593017710895082,0.41868853428243513,0.19549359843093222,0.8868382965529575,0.10160000000000001
1,1787779756.41532,2555,74.4,-218.03,-1590.8,0.8987015096218215,0.03831087644950355,-0.4368842791279287,-0.12037336423634158,0.9794666870944405,-0.1617258855429964,0.42171773710135085,0.19793252794301447,0.8848597994011276,0.1237
1,1787779756.4751596,2558,73.85000000000001,-218.27,-1591.1200000000001,0.8963637766688735,0.03498285244889209,-0.44193685059118243,-0.11970130389715399,0.9789533307141326,-0.1652935997824098,0.4268531102396177,0.20106361261612035,0.8816857977536666,0.0975
1,1787779756.5355434,2561,72.84,-218.94,-1591.75,0.8906897269532663,0.029469375837453918,-0.45365555897361903,-0.12104353974183044,0.9772477392070041,-0.17417036975779504,0.43820117729951824,0.21004383376464544,0.8739915995653311,0.1149
1,1787779756.5804229,2564,72.05,-219.07,-1592.3,0.8859720238341764,0.02701685543242615,-0.46295103683404454,-0.12249694384588672,0.9764775523858875,-0.17744319777011444,0.44726733810059405,0.21391979620645127,0.8684412755387662,0.108
1,1787779756.633283,2567,71.65,-219.07,-1592.56,0.8847973834043416,0.027233669067036198,-0.465179446654705,-0.12338459856745905,0.9763510085787537,-0.17752450220630742,0.4493437783670509,0.21446919432962258,0.8672330330000264,0.1333
1,1787779756.6851425,2570,71.41,-218.97,-1592.69,0.8844327922234593,0.030440239432805972,-0.46567373542329904,-0.12672557061060066,0.9760396177735929,-0.17688214802459937,0.44913167979250024,0.21545314191176712,0.8670990011798624,0.114
1,1787779756.730023,2573,71.15,-218.9,-1592.8700000000001,0.8837851068860808,0.03333711944740511,-0.4667038903987284,-0.12997709939383537,0.9756920675316203,-0.17643962987106185,0.44947729473191844,0.2165955350943821,0.8666351802792537,0.108
1,1787779756.7897863,2576,70.8,-219.19,-1593.05,0.8827726949968633,0.03428566044963649,-0.4685476095932056,-0.1324377457948962,0.9750460406694506,-0.17817256260040337,0.4507467276162316,0.2193392624733667,0.8652847366508312,0.116
1,1787779756.8501313,2579,70.42,-219.34,-1593.44,0.8813628880047705,0.03562252206758583,-0.47109499633241153,-0.13487912959233372,0.9746248039870816,-0.17864521223239418,0.45277707544475454,0.22099214324198743,0.8638028667334973,0.12660000000000002
1,1787779756.8960092,2582,70.05,-219.75,-1593.71,0.8797582569147451,0.035241429175671836,-0.4741133314514428,-0.136329736747332,0.9740684979415943,-0.1805678935918827,0.4554553899875736,0.22349184098633762,0.8617492586267801,0.14
1,1787779756.954851,2588,69.36,-220.45000000000002,-1594.48,0.8759467253932252,0.0339223800209134,-0.4812136806103941,-0.13820034367765494,0.9733603764799309,-0.18294874283860293,0.462188272547307,0.22675724824702725,0.8572999189823666,0.1082
1,1787779757.0151975,2591,69.09,-220.93,-1594.79,0.8746745410074703,0.030659926568156203,-0.4837400295780845,-0.13676746167074122,0.9730564415024624,-0.18562279784204058,0.4650151704423342,0.2285194314569332,0.8553009766772668,0.1341
1,1787779757.0750372,2594,68.95,-221.21,-1594.89,0.87409812905554,0.030123610204565335,-0.4848144272707318,-0.1368860153062999,0.9729010205633485,-0.1863486597761253,0.46606295668629116,0.22925132997441489,0.8545344627981917,0.115
1,1787779757.1348774,2597,68.83,-221.64000000000001,-1595.0,0.8736941448920719,0.027868763693184976,-0.4856767167484198,-0.13488930966895205,0.9730898630180937,-0.18681807361297015,0.4674007010246614,0.2287344541201456,0.8539421140686376,0.1003
1,1787779757.179757,2600,68.82000000000001,-221.81,-1594.95,0.87365377895384,0.026823235644655545,-0.4858081808175177,-0.13438999309851687,0.9729388566762665,-0.18796092924983096,0.46761993571131594,0.22950053420205946,0.853616483279414,0.1105
1,1787779757.2376022,2603,68.88,-222.08,-1594.77,0.8746417695573528,0.02602922280534159,-0.4840705057176409,-0.13329207234964077,0.9729817696971652,-0.18851975834302065,0.4660847545182322,0.22941001590410703,0.8544799858443478,0.12010000000000001
1,1787779757.2994373,2606,69.03,-222.27,-1594.52,0.8758715267892014,0.02568858552182717,-0.48186010950673325,-0.13253019808046182,0.9729873550282315,-0.18902738836454255,0.46398794721060016,0.22942472301182762,0.8556164335227786,0.1227
1,1787779757.345314,2609,69.3,-222.4,-1594.21,0.8775999991519017,0.026750423584144246,-0.4786466925892742,-0.13232259206713162,0.9731710273025878,-0.18822561793619294,0.46076997853290935,0.22852257318894137,0.8575945781229539,0.1395
1,1787779757.4041564,2615,69.7,-222.61,-1593.65,0.8809991481896079,0.029495159840950063,-0.4721975608102419,-0.13205645108870326,0.9737186793678883,-0.18556138384888293,0.45431442263595617,0.22583615520109343,0.8617403532323095,0.09670000000000001
1,1787779757.4639955,2618,69.82000000000001,-222.8,-1593.5,0.8831277919552485,0.02957563630352151,-0.46819930031289997,-0.1313017118341649,0.9737072185222563,-0.18615615237501276,0.45038335176343414,0.22587504141647186,0.8637912375796839,0.1048
1,1787779757.5238354,2621,69.89,-222.95000000000002,-1593.41,0.8837822583540881,0.02964142375892785,-0.46695856969980903,-0.13126824789866923,0.9736191258532022,-0.18663988016085908,0.4491075226626262,0.22624584807326298,0.8643582875853327,0.11320000000000001
1,1787779757.583675,2624,69.79,-223.09,-1593.52,0.8838491578243304,0.029114114097446672,-0.4668651138964473,-0.13063107565132853,0.9737156375143008,-0.1865834379957012,0.44916165050836515,0.2258987065488416,0.8644209542185807,0.1052
1,1787779757.6285553,2627,69.66,-223.19,-1593.6100000000001,0.8837191612652509,0.029329512843428024,-0.46709765969121325,-0.13081031742317492,0.9737376359527465,-0.1863429021583715,0.449365224364647,0.22577598633495852,0.8643472098214854,0.1024
1,1787779757.6883943,2630,69.58,-223.37,-1593.69,0.8849096068928523,0.02958634456832752,-0.4648221550698952,-0.1317325669078895,0.9731307903438345,-0.18884648712814867,0.44674547389380004,0.22834428633068052,0.8650302702539004,0.13090000000000002
1,1787779757.7482343,2633,69.51,-223.57,-1593.79,0.8848879866509967,0.029780210617333002,-0.46485093324240295,-0.13229380103726426,0.9729267630664907,-0.1895042583059111,0.4466224370627369,0.2291869384684651,0.8648709417870354,0.1188
1,1787779757.808074,2639,69.31,-224.0,-1593.8500000000001,0.8851340540684772,0.02895987365949282,-0.4644340987114622,-0.13158413268425553,0.9729044745136242,-0.19011180788446838,0.44634439881557175,0.22938659330700867,0.8649615416057356,0.14150000000000001
1,1787779757.8679144,2642,69.24,-224.18,-1593.94,0.8848629116107694,0.02864720161075274,-0.46496985439443783,-0.13150033403992561,0.9728765661315741,-0.19031250410686384,0.4469063546237621,0.22954416767130018,0.8646295075261949,0.11370000000000001
1,1787779757.9127936,2645,69.15,-224.26,-1594.03,0.884520269922456,0.02807064167285987,-0.4656564518745331,-0.13128486421131755,0.9728231911020213,-0.19073364486397248,0.44764737966989304,0.22984141909184683,0.8641670819607309,0.12200000000000001
1,1787779757.9726338,2648,69.06,-224.36,-1594.18,0.8844129266896507,0.02828817212981446,-0.46584713632456826,-0.1314477778878102,0.9728511530754751,-0.1904786487984301,0.44781163092599974,0.2296963501609739,0.8641205528918542,0.1464
1,1787779758.0314763,2651,69.10000000000001,-224.32,-1594.23,0.8843659451083598,0.028866205870937755,-0.46590086637740247,-0.13202323968658727,0.9728019665805672,-0.19033181026733015,0.44773512182456215,0.22983271302318492,0.8641239405948354,0.1265
1,1787779758.0773535,2654,69.18,-224.35,-1594.23,0.8848833196937423,0.029442315011265166,-0.46488134035962275,-0.13262146643056535,0.972620864789798,-0.19084077137066807,0.44653449717752874,0.2305250603780912,0.8645606626304997,0.1121
1,1787779758.1371927,2657,69.42,-224.29,-1594.1000000000001,0.8860857933069867,0.03042420997679869,-0.46252171229772093,-0.13210086071499627,0.9730375362245006,-0.18906960542750084,0.44429869400875494,0.2286314076093689,0.8662138015274713,0.12380000000000001
1,1787779758.1970327,2660,69.73,-224.38,-1593.9,0.8870616583797833,0.030081536467720084,-0.4606698550982581,-0.131336266120669,0.9730849768527358,-0.18935789665337913,0.4425747388114121,0.22847478851560893,0.8671371699902838,0.09430000000000001
1,1787779758.2568722,2666,70.85000000000001,-224.43,-1593.2,0.8915159934908373,0.02946913566368572,-0.45202964879892654,-0.127897440160552,0.9736570291121295,-0.18877032198129012,0.43455894669241774,0.22610519610079113,0.8717998406433666,0.1298
1,1787779758.3166628,2669,71.5,-224.14000000000001,-1592.95,0.8933820507368853,0.028415347262267864,-0.44839834908384985,-0.1259358176698186,0.9738292539868717,-0.1892003010230361,0.43128723752157516,0.22549756566166737,0.873580085986208,0.1143
1,1787779758.3625407,2672,71.99,-223.89000000000001,-1592.73,0.894908389692205,0.028328447907652217,-0.44534983226408453,-0.12417220453926228,0.9743770539675964,-0.1875383169415985,0.42862598810427305,0.2231296836832143,0.8754958061470451,0.1194
1,1787779758.4216008,2675,72.49,-223.58,-1592.52,0.8965932499477185,0.028609727579410542,-0.44192988995543153,-0.12243249592674776,0.9750307412904011,-0.18527098391231636,0.425594675823529,0.2202192930388317,0.8777087414878254,0.0912
1,1787779758.481441,2678,72.9,-223.38,-1592.28,0.8985348258660943,0.028178595781091102,-0.4379967276653943,-0.12138213859578233,0.9749685913821295,-0.18628639845211598,0.42178376348041424,0.2205497960963739,0.879463611700988,0.10880000000000001
1,1787779758.5417862,2681,73.33,-223.12,-1592.02,0.8995453072407128,0.02820740963708772,-0.4359157972163628,-0.12025117348761813,0.9753471035162492,-0.18503427503388076,0.4199498725991738,0.21886609994247302,0.8807608840087694,0.11280000000000001
1,1787779758.602133,2687,74.11,-222.9,-1591.42,0.9022773268727163,0.0269205510373027,-0.43031489556285796,-0.11663008823823809,0.9760793412063952,-0.18348444671859954,0.41508197735985375,0.2157415203477017,0.8838340050422908,0.1258
1,1787779758.6629703,2690,74.48,-222.8,-1591.15,0.903717954054782,0.027092231435549164,-0.42727025465726176,-0.11535811150559586,0.9764940975348254,-0.18207631254369389,0.41229402812665283,0.21383472233360284,0.8856005566256208,0.10980000000000001
1,1787779758.722346,2693,74.86,-222.72,-1590.8500000000001,0.9046476921298335,0.025551955188104995,-0.4253935245278552,-0.11268097641186402,0.9770172517497719,-0.18094277365562744,0.41099337060229435,0.2116232202982172,0.8867356212262917,0.09860000000000001
1,1787779758.7821796,2696,75.17,-222.64000000000001,-1590.66,0.9056076653703654,0.02491348977121985,-0.4233840743932813,-0.11102347626383019,0.9773878558783338,-0.17996323763437996,0.40932694040428247,0.2099816592204493,0.8878959165635891,0.0969
1,1787779758.8275414,2699,75.54,-222.58,-1590.3400000000001,0.9067756577255603,0.023254350889051343,-0.42097166379829665,-0.10846501380408273,0.977737394666542,-0.17962440772668564,0.40742268878507165,0.20853973778493953,0.8891107526218155,0.10600000000000001
1,1787779758.8874137,2702,75.81,-222.5,-1590.08,0.9075358687550306,0.022736290472917718,-0.41935868659011094,-0.1066938692734162,0.9782549113952547,-0.1778587827196887,0.40619584584596496,0.2061562257769417,0.8902272436804478,0.10160000000000001
1,1787779758.9472208,2705,76.14,-222.35,-1589.78,0.908790609719382,0.022644438120266227,-0.4166375608464647,-0.10527436663165168,0.9786657588010832,-0.17643877204459624,0.4037535577752582,0.20420715455761546,0.8917861305331585,0.132
1,1787779758.9940956,2708,76.37,-222.21,-1589.57,0.9102878158179125,0.02344568618142045,-0.41331149533122885,-0.10454795477672389,0.9790517372491947,-0.17472098025519983,0.4005568842567285,0.20225725101665995,0.8936700660119066,0.1033
1,1787779759.0519392,2714,76.64,-222.01,-1589.21,0.9113292743323912,0.02366155128741181,-0.41099766998788434,-0.10321618806913292,0.9795917999928705,-0.17247122631675446,0.3985290105692108,0.19959969032391042,0.8951729393571527,0.0965
1,1787779759.1117792,2717,76.77,-221.84,-1589.13,0.91201624459866,0.02350606387209939,-0.409479956224231,-0.1029948278546783,0.9794921142710389,-0.17316830979147305,0.39701188272310256,0.2001066291807725,0.8957337226735222,0.1143
1,1787779759.1716497,2720,76.91,-221.73000000000002,-1589.08,0.9122081385430106,0.023368598191533998,-0.4090601674502883,-0.10236635026509097,0.9797094170990541,-0.17230957135584823,0.39673346507359314,0.1990561897203754,0.896091061792665,0.0994
1,1787779759.2314594,2723,77.13,-221.56,-1588.98,0.9128135217016976,0.02329053715158029,-0.40771193933675165,-0.10169018271005695,0.9798877317155607,-0.171694903750019,0.395513060895515,0.1981857313545148,0.8968231902379289,0.10550000000000001
1,1787779759.276339,2726,77.39,-221.44,-1588.8600000000001,0.9138545638678469,0.022519440002465273,-0.4054167126795376,-0.10055424184593,0.9799110597751777,-0.1722299607416735,0.3933937983048253,0.19815950583371855,0.8977606193763674,0.1252
1,1787779759.3361793,2729,77.72,-221.28,-1588.7,0.9143984563685909,0.02207113188948243,-0.40421322111956653,-0.09946673776643083,0.980151515869816,-0.17149161500261836,0.392405187362301,0.1970174385053751,0.8984443766065534,0.1042
1,1787779759.3960404,2732,78.02,-221.22,-1588.49,0.9151799680875748,0.020576819493377994,-0.40251983865489444,-0.09709427234716338,0.9805395333252377,-0.1706309639652183,0.3911755722033268,0.19524041099593523,0.899368030133125,0.10350000000000001
1,1787779759.4558582,2738,78.73,-221.05,-1588.1200000000001,0.9169464636088331,0.018239778773145462,-0.3985931426223508,-0.09210327132082702,0.9816525543867802,-0.1669588268942726,0.3882346845495095,0.18980403825055006,0.9018027815307107,0.1028
1,1787779759.5156982,2741,78.94,-221.18,-1587.97,0.9174974392200022,0.012165856706123914,-0.39755558222133486,-0.08649516609734828,0.9817141769135626,-0.16957553210507315,0.38822291955335486,0.18997175257793625,0.9017725311606785,0.08850000000000001
1,1787779759.5605788,2744,79.28,-221.16,-1587.79,0.9183854838199755,0.011005122558346887,-0.39553380435333896,-0.0845607040982057,0.9819787354983859,-0.16901849115231973,0.38654571583599967,0.18867074576220572,0.9027656170138337,0.11960000000000001
1,1787779759.615452,2747,79.65,-221.11,-1587.57,0.919333893100588,0.01045334447400975,-0.3933394470248615,-0.08279832532240536,0.9824039528173844,-0.16741239742797737,0.3846682080966937,0.18647573857766486,0.9040227699574788,0.1003
1,1787779759.6652975,2750,79.96000000000001,-221.12,-1587.45,0.9199344180435471,0.007796413418997852,-0.3919947479707864,-0.08000977484551082,0.9824959896389998,-0.168226235386913,0.3838217065618501,0.18612051547608197,0.9044556657409286,0.1033
1,1787779759.7106838,2753,80.05,-221.17000000000002,-1587.58,0.9186839877145614,0.0012760377437858867,-0.3949912688206516,-0.07401871019295404,0.9828361782083502,-0.1689801093211143,0.38799608407591346,0.18447606493114677,0.9030103101345389,0.1121
1,1787779759.7705255,2756,80.3,-221.14000000000001,-1587.55,0.9189285618168543,-0.0007094540173376244,-0.39442337019021195,-0.07171870241222267,0.9830275692663015,-0.16885859701742684,0.38784884426992267,0.18345652001873358,0.9032812293306561,0.0961
1,1787779759.8303661,2759,80.5,-221.11,-1587.53,0.9189191049000861,-0.003117830454731517,-0.3944337178574878,-0.06983414519041616,0.9828863190110944,-0.17046312230610233,0.38821498015294137,0.1841867612888529,0.9029752854595604,0.1187
1,1787779759.8907993,2762,80.67,-221.1,-1587.54,0.918761904593324,-0.004992855056385059,-0.39478048845710906,-0.06741549391956002,0.9832510573007466,-0.1693295883670231,0.3890137707686317,0.18218789673123092,0.9030370183093385,0.1173
1,1787779759.950639,2768,80.71000000000001,-221.41,-1587.81,0.916637854003224,-0.017218551682917572,-0.3993476756991416,-0.05660007211066591,0.9834139467852406,-0.1723178490619673,0.3956911376887679,0.1805561706124114,0.9004598785111694,0.1046
1,1787779760.0104792,2771,80.82000000000001,-221.39000000000001,-1587.8500000000001,0.9160728424386381,-0.017418844022169432,-0.400633412509897,-0.05640509118945616,0.9835269704945792,-0.17173573884798715,0.3970252045327892,0.17992021060093902,0.8999998359905463,0.1048
1,1787779760.0663288,2774,80.97,-221.52,-1587.8600000000001,0.9161175867080138,-0.01979903050974618,-0.4004204861332131,-0.054107082755193235,0.9835359167572264,-0.17242251605937306,0.39724172857343076,0.17962488368652113,0.8999632827180208,0.09910000000000001
1,1787779760.1281633,2777,81.01,-221.6,-1588.02,0.9150003266730338,-0.02204727455332876,-0.4028502449707729,-0.052447578078730336,0.983532838900471,-0.17295203484797714,0.40002956608470464,0.17937968806180526,0.8987765427340283,0.1121
1,1787779760.189997,2780,81.08,-221.75,-1588.1000000000001,0.9143703005644459,-0.024729813366477452,-0.40412298842870115,-0.05006017593853391,0.9835687393005358,-0.1734546449529613,0.40177223924841793,0.17883224374148537,0.898108064971971,0.1022
1,1787779760.2498596,2786,81.31,-222.01,-1588.22,0.9140829245344857,-0.028516418671066662,-0.40452344918515964,-0.04682958294106626,0.9834284225326009,-0.17514430597825925,0.4028143458667377,0.17904008383939263,0.8975997165455967,0.1082
1,1787779760.309678,2789,81.41,-222.13,-1588.26,0.9138533426566249,-0.03092187674985482,-0.4048652932193377,-0.044947377868271764,0.9832645597572041,-0.17655180188329608,0.4035490073560834,0.17954008762317852,0.8971697473712438,0.1139
1,1787779760.370516,2792,81.5,-222.27,-1588.38,0.9134376725362356,-0.032896724729812615,-0.4056469202319125,-0.04341508428317753,0.9831637991575018,-0.17749387167694566,0.4046563342495324,0.1797407842651144,0.8966306383475262,0.09970000000000001
1,1787779760.4293573,2795,81.57000000000001,-222.43,-1588.44,0.912963863896322,-0.0358249683204363,-0.4064647030977449,-0.04127739745233825,0.9829197169172271,-0.17934605252115246,0.40594723755564577,0.1805142701843763,0.8958914212005505,0.11410000000000001
1,1787779760.4892287,2798,81.64,-222.61,-1588.5900000000001,0.912295500421982,-0.038353007010485454,-0.4077327148550371,-0.039131795380316435,0.9828859175547022,-0.18001104316947986,0.4076587083580067,0.18017857787735184,0.8951815779907317,0.1073
1,1787779760.5490365,2801,81.75,-222.77,-1588.68,0.9121172807662208,-0.040146577453116984,-0.4079587214981882,-0.0374207971762083,0.9828831272646553,-0.1803896950414542,0.40821777284475563,0.17980269869290794,0.8950023684194446,0.09000000000000001
1,1787779760.5939171,2804,81.88,-222.91,-1588.72,0.9118576921745482,-0.043084340435366374,-0.4082392543979038,-0.035687180207694326,0.9823920908810202,-0.1833908529432172,0.4089522886486033,0.18179526777027674,0.8942642261800494,0.1399
1,1787779760.6517613,2810,82.12,-223.24,-1588.93,0.9114129113113717,-0.04787888839521555,-0.4086980757735082,-0.031920239119888824,0.981988813394497,-0.18622316908107073,0.41025309679447747,0.18277194099233732,0.8934689777247079,0.1193
1,1787779760.7136235,2813,82.28,-223.38,-1588.96,0.9114754641095656,-0.050043431466426244,-0.4082990733436919,-0.029802932815479757,0.98193016948349,-0.1868821218140485,0.41027340094362486,0.18250697856572493,0.8935138159272983,0.1038
1,1787779760.7734354,2816,82.42,-223.51,-1589.05,0.9112064349727784,-0.05182379149148385,-0.4086772901687178,-0.02847216145374939,0.9817603597578494,-0.1879785414090907,0.4109649241557615,0.18292318235692492,0.8931108220540517,0.1041
1,1787779760.8332741,2819,82.57000000000001,-223.63,-1589.05,0.9113590809043505,-0.053449755518631424,-0.4081271239309831,-0.02659487400361832,0.981814835827779,-0.18796898899872594,0.41075216168622797,0.18216133449080246,0.8933643768847181,0.0915
1,1787779760.8931158,2822,82.68,-223.73000000000002,-1589.05,0.9110025269293734,-0.05520524179459999,-0.40868909602128606,-0.025241111956931125,0.9816779444279552,-0.1888684719345249,0.4116276013528174,0.18237542241789192,0.8929176463159532,0.10060000000000001
1,1787779760.9529762,2828,82.95,-224.04,-1589.26,0.9105045292604141,-0.059637898188266834,-0.40917578532454446,-0.021508565231673892,0.9813742528093691,-0.19089776725914737,0.41293932219873003,0.18261406578502842,0.892262976459023,0.11570000000000001
1,1787779761.0127933,2831,83.07000000000001,-224.23000000000002,-1589.3600000000001,0.9096849104394192,-0.06235583915327633,-0.41059117506628984,-0.0195673385793084,0.9811302804484502,-0.19235511963051136,0.41483789964243695,0.1830167263138437,0.8912992734820415,0.10940000000000001
1,1787779761.072635,2834,83.23,-224.44,-1589.45,0.9100394286464046,-0.06528150460391624,-0.4093489507322258,-0.017045091399479594,0.9807926854090684,-0.19430690442506596,0.41417110373384186,0.18380433456455045,0.8914472858375722,0.1037
1,1787779761.1324725,2837,83.42,-224.59,-1589.49,0.910000672248012,-0.06747097877730426,-0.40907999649334953,-0.015351976438157205,0.9805098080104881,-0.19586942899461876,0.414322450909444,0.18452149852542468,0.8912287715588648,0.1332
1,1787779761.1921852,2840,83.58,-224.78,-1589.56,0.9095749123277533,-0.07080115777360053,-0.4094638872011516,-0.012858712843198434,0.9801102458555243,-0.19803676293314712,0.4153409832510824,0.1853944498277688,0.8905732791887947,0.1364
1,1787779761.242052,2843,83.74,-225.01,-1589.72,0.9091531565759675,-0.07367960342866384,-0.4098924906930464,-0.010303136088299199,0.979945085808699,-0.19900119141886405,0.4163344608301122,0.18514573945402096,0.8901610370530286,0.1071
1,1787779761.2969048,2846,84.11,-225.57,-1589.69,0.9097778990882275,-0.08347379427727922,-0.4066156662003633,-0.0006416375478411337,0.97928767989994,-0.2024727840907255,0.4150948838902595,0.18446616401157911,0.8908807281016831,0.11570000000000001
1,1787779761.3417842,2849,84.31,-225.88,-1589.71,0.9100323049006244,-0.08775874308416123,-0.4051414654778566,0.0028403526170441853,0.9786311890215224,-0.2056038138540537,0.4145276063596584,0.1859553679962203,0.8908352623684822,0.10890000000000001
1,1787779761.4022052,2855,84.63,-226.11,-1589.92,0.9090720926980611,-0.09049050435771784,-0.4066932491432009,0.004745445907879238,0.9783144909167182,-0.2070706101925087,0.4166118229487771,0.1863121721290596,0.8897878193681056,0.12040000000000001
1,1787779761.462045,2858,85.19,-226.41,-1589.77,0.909784387954948,-0.09579152746240818,-0.4038766528283843,0.01035293096240618,0.977940533311075,-0.20862677231778737,0.4149520264487549,0.18562407326009453,0.8907067526253536,0.11710000000000001
1,1787779761.521665,2861,85.60000000000001,-226.74,-1589.54,0.9113112772839338,-0.10132186450445811,-0.3990559305015595,0.01612456046754177,0.9772853377736165,-0.21131343336957342,0.4114021808946251,0.18613771338997587,0.8922449199682212,0.12300000000000001
1,1787779761.5820124,2864,85.64,-226.8,-1589.7,0.9100428198302013,-0.10161957450861196,-0.4018650621193447,0.015796159216750486,0.9772819265193883,-0.21135400978583804,0.41421316665395264,0.18599327454303752,0.8909735991572721,0.1087
1,1787779761.6418524,2867,85.85000000000001,-226.88,-1589.72,0.9096108937874051,-0.10466776276304297,-0.4020605443729309,0.018559129126845958,0.9770158403108515,-0.21235726149047468,0.41504648008305195,0.18570058486676913,0.8906467942741436,0.13620000000000002
1,1787779761.702081,2873,86.75,-227.38,-1589.3600000000001,0.9120045045612722,-0.1143678149193108,-0.3939134252225105,0.028364389209104866,0.975627831829019,-0.21759088948161817,0.40919829555454224,0.18727075765102683,0.8930209506187791,0.1487
1,1787779761.7619216,2876,86.83,-227.31,-1589.33,0.9122299002906884,-0.11220570499796828,-0.39401331041165244,0.02665483074422529,0.975979845591223,-0.21622409902166095,0.4088106273247272,0.18674373019097926,0.8933088213046603,0.12350000000000001
1,1787779761.8083045,2879,86.96000000000001,-227.45000000000002,-1589.33,0.9119578544100001,-0.11497164159567583,-0.39384564667989447,0.02931074652201687,0.9757384702255529,-0.2169684720419526,0.4092355702016027,0.186322192319361,0.8932022664162221,0.15990000000000001
1,1787779761.8671467,2882,87.08,-227.35,-1589.28,0.9121484031179633,-0.11426524190342334,-0.39360988958879284,0.029260936612518496,0.9760563279285431,-0.2155408135347141,0.40881424666700117,0.1850878148431181,0.8936517288735539,0.1221
1,1787779761.926987,2885,87.2,-227.25,-1589.24,0.9122636288018608,-0.11481439570960612,-0.3931828151167069,0.029887381481471777,0.9760104178545681,-0.21566271969798606,0.40851170851450697,0.18499005048161135,0.8938103071845667,0.1327
1,1787779761.9868274,2888,87.27,-227.12,-1589.3400000000001,0.9122574292241814,-0.1147988285776264,-0.3932017443787506,0.030292463268492914,0.9762034091544473,-0.21473069325171457,0.4084957153929703,0.18397862080263477,0.8940263517330715,0.1263
1,1787779762.0466664,2891,87.37,-226.93,-1589.32,0.9124776885359221,-0.11490635046260056,-0.3926588831893485,0.030593801207745647,0.976226203338764,-0.21458429402554863,0.4079809888362463,0.183790452793795,0.8943000515543148,0.1022
1,1787779762.0915465,2894,87.51,-226.67000000000002,-1589.3700000000001,0.9127343023639218,-0.11492171081211723,-0.3920575132200131,0.030577090172393354,0.9761468614008659,-0.21494731106442744,0.40740782374033263,0.18420180607489847,0.8944766960597191,0.11470000000000001
1,1787779762.151386,2900,88.3,-226.46,-1589.05,0.9145979179478758,-0.12138746534172018,-0.38571457289467737,0.03859464432001263,0.9757287277447163,-0.21555487302190396,0.4025184491613054,0.18225952131943643,0.8970843689270188,0.1268
1,1787779762.2112541,2903,88.42,-226.15,-1589.04,0.9147380376437346,-0.11964459194295941,-0.3859267988964911,0.036845711735251474,0.9758733212940124,-0.2152060740623191,0.4023639099303175,0.18263743429372947,0.8970768370547705,0.1236
1,1787779762.2710683,2906,88.62,-225.9,-1588.92,0.9152042286910116,-0.11951316370686897,-0.38486078455314915,0.0377799652202645,0.9762516149555863,-0.21332008467222513,0.40121552065448063,0.18069141650168344,0.8979848094419911,0.08800000000000001
1,1787779762.3309057,2909,88.76,-225.74,-1588.9,0.9148917785190177,-0.1193582490565476,-0.3856509328142009,0.03753903321432243,0.9763067660231786,-0.21311011145109,0.40195006478870254,0.18049572570982714,0.8976956268228338,0.1077
1,1787779762.3757849,2912,89.0,-225.56,-1588.74,0.9156327260011756,-0.11891977124903202,-0.3840244771908871,0.03762386767743773,0.9764031467525007,-0.21265309683332984,0.40025136558998387,0.18026364863136662,0.8985008966748228,0.0974
1,1787779762.4356253,2915,89.54,-225.67000000000002,-1588.47,0.916229924685591,-0.12654821644171835,-0.3801424391278307,0.04598403306405955,0.9757522882894999,-0.2139928517520344,0.39800526857542967,0.17858617195411491,0.8998326429803353,0.079
1,1787779762.4954958,2918,89.65,-225.58,-1588.43,0.9157217806499128,-0.1269014962284857,-0.3812474664811879,0.04600548604809211,0.9756912817567572,-0.21426623149095383,0.3991705346049877,0.1786687800339719,0.8992999229091151,0.1
1,1787779762.5403469,2921,89.81,-225.65,-1588.33,0.9152627678666715,-0.1291725257955871,-0.38158685031933104,0.048394132746065154,0.9755955107111661,-0.21417611303778752,0.3999400876041253,0.1775608573413839,0.899177439812297,0.10590000000000001
1,1787779762.6001835,2927,90.32000000000001,-225.56,-1588.06,0.9152247503111614,-0.1316019928177057,-0.3808471765738597,0.05182575101693222,0.9757575013174313,-0.212629701956932,0.39959698190727505,0.17486627493365128,0.8998577876205914,0.1096
1,1787779762.6600235,2930,90.45,-225.9,-1588.0900000000001,0.9138567341676852,-0.14068016768382896,-0.3808870696634671,0.06018468041465012,0.9746301049205655,-0.21557820582311746,0.4015515828131667,0.17408402856947483,0.8991390756369467,0.1328
1,1787779762.7098908,2933,90.58,-225.91,-1588.1000000000001,0.9137960521341781,-0.14042651845018944,-0.3811261838550969,0.06005108189020578,0.9747304885133962,-0.21516120079199244,0.40170964970710665,0.17372641617898787,0.8991376366573691,0.10590000000000001
1,1787779762.7647429,2936,90.75,-225.93,-1588.06,0.9138713397435303,-0.14200365923377012,-0.3803605331255914,0.061587653287650285,0.9744844229315369,-0.21584038182487875,0.4013055386583707,0.17382482627061235,0.8992990572741117,0.1187
1,1787779762.8246143,2939,90.95,-225.9,-1588.05,0.9136705080204229,-0.14226910645302662,-0.38074361993703826,0.06209638365798605,0.974602909541271,-0.21515856443630002,0.4016842564879817,0.17294123297451836,0.8993003324957413,0.128
1,1787779762.884458,2942,91.17,-225.89000000000001,-1587.97,0.9138398111559808,-0.14363873654114628,-0.3798219489593312,0.06346130623728165,0.9743738522532983,-0.21579679945663227,0.40108535520143285,0.17309970944496458,0.8995371189856534,0.1155
1,1787779762.9442658,2945,91.33,-226.02,-1588.14,0.9117700825319927,-0.150066244577342,-0.3823028103978006,0.06937307493872366,0.9737527185241638,-0.21677873428993616,0.4047995714834065,0.17113084293970474,0.8982491533653658,0.11520000000000001
1,1787779762.9891446,2948,91.57000000000001,-226.22,-1588.07,0.9117123312899896,-0.15340053495791917,-0.38111533798627967,0.07263209223260109,0.9732459834026449,-0.21798356582213538,0.40435776751743857,0.17105710059872556,0.898462166250238,0.1149
1,1787779763.0489852,2954,91.94,-226.18,-1588.03,0.9120479829347317,-0.15462287855500126,-0.3798160637098605,0.07376493341758586,0.9729429911442924,-0.21895358088210487,0.4033946100564392,0.17167906514937295,0.8987764389250815,0.12050000000000001
1,1787779763.10923,2957,92.12,-226.19,-1587.99,0.912125998711176,-0.15604153562304487,-0.3790477564048388,0.07506465374328596,0.9726575451471012,-0.2197785194845384,0.4029782379155736,0.17201261299339957,0.8988994386123748,0.1449
1,1787779763.1690693,2960,92.31,-226.35,-1588.05,0.9098487886275853,-0.16232688561806025,-0.3818706116454323,0.08067821262890093,0.9719461914310962,-0.2209335351855682,0.40702113930350253,0.17020747095274058,0.8974203078780593,0.1291
1,1787779763.2289178,2963,92.52,-226.44,-1588.01,0.9099959295296864,-0.1646721122096417,-0.3805134737428061,0.08341704756253401,0.9716948341632147,-0.2210220473990611,0.4061391441554876,0.1693878529320743,0.8979748052499636,0.11860000000000001
1,1787779763.2738173,2966,92.7,-226.25,-1587.94,0.9104255628532802,-0.16443042767635002,-0.3795891581136907,0.08329543551210027,0.9716801436089642,-0.22113246921000176,0.40520015415364474,0.16970660850490016,0.8983387457432899,0.14200000000000002
1,1787779763.333653,2969,92.89,-226.21,-1588.04,0.9101332300421043,-0.16596470119735982,-0.37962247237169333,0.08486446957025952,0.9715131413557045,-0.22126960473081084,0.40553116449624993,0.1691683603090183,0.8982908997049194,0.11470000000000001
1,1787779763.3934686,2972,93.27,-226.24,-1588.06,0.9089896915869851,-0.17280751257707685,-0.37930898247407957,0.09235490924634518,0.9708909402817875,-0.22100079822671767,0.40645825287069465,0.1658564007678644,0.8984894785124823,0.11570000000000001
1,1787779763.4453294,2975,93.28,-226.03,-1588.29,0.9077454708506006,-0.1735708258055469,-0.3819310521277393,0.09186983063243209,0.9705440280361222,-0.22272005716366708,0.4093386060094865,0.1670851820856637,0.8969528680803752,0.1194
1,1787779763.4981875,2981,93.45,-225.67000000000002,-1588.76,0.9056501155999338,-0.17477577069231218,-0.38633055547385164,0.09125434466739382,0.9700886440013193,-0.22494592096547542,0.41408998139673814,0.16846795766135983,0.8945099410002436,0.11180000000000001
1,1787779763.558027,2984,93.51,-225.65,-1588.89,0.9047425932702543,-0.17580711474499255,-0.3879854357158995,0.0913017036436013,0.9697220346753335,-0.22650204055793285,0.41605869638116133,0.16950231228562193,0.8934003174923525,0.1223
1,1787779763.617889,2987,93.68,-225.45000000000002,-1588.98,0.9040819943503086,-0.1757422932983614,-0.38955152911752416,0.09132934399107395,0.9699266429775093,-0.22561307180334034,0.41748616554052254,0.16839523030244008,0.8929436421150325,0.10940000000000001
1,1787779763.6777077,2990,93.97,-225.48000000000002,-1589.01,0.9041506059024265,-0.17934839847104891,-0.38774454710820233,0.0947129125994039,0.9691769950812279,-0.22743222373326794,0.41658270011273,0.16890856748901584,0.8932685765186168,0.1149
1,1787779763.7225869,2993,94.12,-225.52,-1589.02,0.9036486739016172,-0.18169315803072653,-0.38782298859230896,0.09698104012126624,0.968837036793675,-0.2279242724982322,0.4171495559302996,0.16835198977639823,0.8931090949741143,0.1316
1,1787779763.7734766,2996,94.21000000000001,-225.56,-1589.15,0.9025647961024166,-0.18319752715367701,-0.38963502779059894,0.09770622387988663,0.9685016576272167,-0.229037186911791,0.41932121655329646,0.1686511346481576,0.8920350397434802,0.11960000000000001
1,1787779763.827307,2999,94.38,-225.52,-1589.28,0.9021971825081191,-0.1840224170126684,-0.39009741592482655,0.09840718851892664,0.9683851507582785,-0.22922963385798664,0.41994793620425375,0.16842193986438275,0.8917834832794932,0.1441
1,1787779763.8721862,3002,94.52,-225.57,-1589.3500000000001,0.9012069199380858,-0.18520819317424045,-0.39182140400550114,0.09909300626854575,0.9681958002449857,-0.22973347273881015,0.4219083592018187,0.16821063453035576,0.8908975916829748,0.1298
1,1787779763.9320254,3005,94.77,-225.81,-1589.48,0.8999705909808703,-0.19201855262461245,-0.3913844795306687,0.10494417356885859,0.9667955512312896,-0.23300876067937137,0.4231307786057318,0.16862751130031015,0.890238791914378,0.1307
1,1787779763.992505,3008,94.79,-225.88,-1589.63,0.8989484530706502,-0.19287222550704824,-0.39330901763097614,0.1051703150138189,0.966619458051283,-0.23363653001304885,0.4252421469724977,0.16866276395399937,0.8892254992371836,0.14500000000000002
1,1787779764.0523736,3014,94.99,-226.03,-1589.8600000000001,0.8975281017364385,-0.19570598360255603,-0.39514867401465664,0.10725062640245898,0.9660913009631497,-0.2348720957023401,0.42771557106290325,0.16842436339640746,0.8880836807896255,0.1519
1,1787779764.1122136,3017,95.09,-226.09,-1589.97,0.896541311645283,-0.19737352018776708,-0.39655689382741166,0.10820163255662323,0.965704277226983,-0.23602469289799344,0.4295417130214916,0.1686977844377327,0.8871499164743031,0.1296
1,1787779764.157064,3020,95.21000000000001,-226.11,-1590.13,0.8964721739599223,-0.19796965941380232,-0.3964160128793411,0.10836598060797394,0.9654295592520404,-0.2370708340755631,0.42964456887343866,0.16956939604183907,0.8869339120608496,0.129
1,1787779764.2089276,3023,95.35000000000001,-226.09,-1590.21,0.8958089700523321,-0.19856070140123752,-0.3976178278609102,0.1084904398317816,0.9652815925434298,-0.23761580663315776,0.43099433133033943,0.1697206379786154,0.8862498470551321,0.1456
1,1787779764.2618084,3026,95.55,-226.13,-1590.41,0.8949293264049962,-0.20081682805247225,-0.39846468138499236,0.10959975489437643,0.9645741802860516,-0.23996779878263702,0.43253831560613487,0.17108258910957405,0.8852351965642647,0.1514
1,1787779764.306669,3029,95.78,-226.36,-1590.52,0.8940070909293272,-0.20707713018028928,-0.39732906201834434,0.11522069599204389,0.9632211633108828,-0.24275333522969098,0.4329844253355897,0.17124267197846815,0.8849861211965326,0.127
1,1787779764.3665068,3032,95.73,-226.27,-1590.68,0.8928576450560354,-0.2059784230724464,-0.4004723647064539,0.11352098667169284,0.9634951867929424,-0.2424665144136783,0.4357960661250582,0.17102606308811938,0.883646917323035,0.12860000000000002
1,1787779764.426935,3035,95.81,-226.31,-1590.83,0.8924018018105238,-0.20835997548928323,-0.40025634878092314,0.11533762864295771,0.9628707927013368,-0.24408414119257832,0.43625251351063854,0.1716565092759509,0.8832993757944391,0.13190000000000002
1,1787779764.4718149,3038,95.85000000000001,-226.24,-1590.94,0.8921303708421654,-0.20791354514983104,-0.40109270644609013,0.11498625401348593,0.9630693039116754,-0.2434659673363546,0.4368999459933205,0.1710832359008619,0.8830905749608721,0.11460000000000001
1,1787779764.5316546,3041,95.96000000000001,-226.15,-1590.99,0.8918297195417642,-0.20731762528157296,-0.4020685931401099,0.1140021383659007,0.9631167434554059,-0.24374095044504887,0.43777078910094025,0.17153874408850917,0.8825707878048518,0.1331
1,1787779764.5914934,3044,96.06,-226.12,-1591.06,0.8912380966820433,-0.2079363260460269,-0.4030597217944867,0.11409907579325765,0.9629200795860419,-0.24447151415478915,0.43894880786453117,0.17189358522205303,0.8819164016128828,0.138
1,1787779764.637371,3047,96.21000000000001,-226.11,-1591.18,0.8904994629091781,-0.20819442738755226,-0.40455628404862815,0.11418140504671241,0.9629704630502907,-0.24423450623175075,0.4404240153534133,0.1712978916901131,0.881296612385693,0.1471
1,1787779764.696213,3053,96.46000000000001,-226.26,-1591.4,0.8895830295101907,-0.21063368480151226,-0.4053091220715471,0.11509015507199873,0.9620620682262865,-0.2473678093157299,0.44203652542858307,0.17340711550307622,0.8800759526767724,0.14150000000000001
1,1787779764.755056,3056,96.61,-226.34,-1591.47,0.8894930273337476,-0.2125021383829959,-0.4045305866152751,0.11626180698701298,0.9613992428186459,-0.24938862873805723,0.44191101656414844,0.1747979893774184,0.8798638055681416,0.1428
1,1787779764.8158927,3059,96.67,-226.42000000000002,-1591.5,0.8890569436553888,-0.21343324286326543,-0.4049987676265311,0.11723474196227861,0.9613155147718591,-0.24925588525840897,0.4425310906763235,0.17412274951822218,0.8796860246048233,0.1462
1,1787779764.8727407,3062,96.75,-226.43,-1591.49,0.8892480307259304,-0.21389196791903628,-0.404336698692781,0.11755902131228954,0.9611140046093136,-0.24987946424615393,0.44206087404129246,0.17467139492077746,0.8798136663170664,0.1418
1,1787779764.920612,3065,97.05,-226.17000000000002,-1591.01,0.8926868271418358,-0.21114044477422006,-0.39815818618733256,0.11716786210884206,0.9618160546153552,-0.24734908363079786,0.43518033128380856,0.17415392520611347,0.8833393966075656,0.14600000000000002
1,1787779764.9804525,3068,97.33,-225.77,-1590.42,0.8947536792419287,-0.208538260770371,-0.3948767494774803,0.11692819612661579,0.9628201762771457,-0.24352639508731266,0.4309798724228403,0.1717239119881532,0.8858708978275996,0.1419
1,1787779765.0402925,3071,98.5,-224.43,-1588.75,0.9043688828866857,-0.19562648195641427,-0.3792719383551134,0.11300296515037035,0.9667944559923355,-0.22921345887558295,0.4115182298920819,0.16443466611344792,0.8964451946698396,0.10890000000000001
1,1787779765.1001315,3077,101.04,-221.15,-1586.29,0.9229742253943357,-0.1753564591956268,-0.3425911433124019,0.11625165331013378,0.9756142918645891,-0.18617815825766743,0.3668843582934366,0.1320108545837389,0.920852323617465,0.10590000000000001
1,1787779765.1599712,3080,101.72,-220.39000000000001,-1585.58,0.9271085545575505,-0.17113175415435927,-0.33344212509258847,0.11738187122592646,0.9774914967164207,-0.17530507737824297,0.35593710732896267,0.12338677630582491,0.9263284941418712,0.0882
1,1787779765.2048516,3083,101.96000000000001,-220.16,-1585.17,0.9281414915486336,-0.17017098770487393,-0.33105166758290977,0.1176810065328972,0.9779112292369544,-0.1727449230329885,0.35313531736047293,0.12137323706574094,0.9276658800219515,0.1051
1,1787779765.2646918,3086,101.92,-220.23000000000002,-1585.31,0.9272476042167189,-0.17199646094705404,-0.33260952766877167,0.11930852667103141,0.9776759182165241,-0.1729603260955067,0.3549328893438063,0.12069389529369226,0.9270682972148776,0.0964
1,1787779765.3245308,3089,101.73,-220.46,-1585.6100000000001,0.924930999028304,-0.1743367948259102,-0.33780072380966253,0.12028388354033659,0.9771975274896822,-0.17497651164801042,0.36060287630155996,0.12120921680251914,0.9248101920746559,0.1222
1,1787779765.3704073,3092,101.72,-220.75,-1585.91,0.9237137869612432,-0.17792852269838896,-0.3392554798202788,0.12203105800301861,0.9761260010002063,-0.17968430942630748,0.3631270585626781,0.12457716878189994,0.9233738508090333,0.1588
1,1787779765.4292724,3095,101.39,-221.46,-1586.69,0.918544208546958,-0.18590780461288095,-0.3488765184543974,0.12608151326245354,0.9742020620166906,-0.18717316681586021,0.374673176192655,0.12793994898563535,0.9182871993528281,0.14780000000000001
1,1787779765.4891176,3098,101.58,-222.0,-1586.94,0.9162032314001759,-0.1945461266548252,-0.3503190593951182,0.13278239929640961,0.9722414866058496,-0.19265338346246635,0.3780746926322423,0.12999344724274367,0.9166030932006413,0.1371
1,1787779765.5389578,3101,101.93,-222.11,-1587.03,0.9150490720761751,-0.2000393944031663,-0.3502419683295322,0.1377208651494214,0.9711184055856439,-0.19483840903500455,0.3791017792031916,0.13005107850229974,0.9161705943684086,0.1469
1,1787779765.5938103,3104,102.24000000000001,-221.77,-1586.97,0.9150592426938862,-0.19835199338208917,-0.3511738445298043,0.1358998307865975,0.9714284442643698,-0.19457135880257498,0.3797338783314779,0.1303198541875254,0.9158705788766645,0.1232
1,1787779765.638564,3107,102.62,-221.41,-1586.8700000000001,0.914822721154804,-0.19722335657003462,-0.35242351862804006,0.13465309348199156,0.9716697508904198,-0.19423295194245294,0.3807465472918298,0.13023380063485118,0.9154623006424416,0.1583
1,1787779765.6984005,3113,103.34,-221.24,-1586.32,0.9160566814859827,-0.20026137214002387,-0.3474701989142144,0.13796301461096927,0.9708826599159549,-0.19583939152778637,0.37657185622978023,0.13146194697749994,0.9170122101654605,0.1375
1,1787779765.758521,3116,103.47,-221.25,-1586.06,0.9168110588131808,-0.1994592219997407,-0.3459385800935077,0.13605955761814542,0.9705116039632806,-0.19898498273330756,0.3754267960849474,0.13536338253707425,0.9169141047281981,0.1574
1,1787779765.8183599,3119,103.55,-221.20000000000002,-1586.0900000000001,0.9163138281303969,-0.20070314695624558,-0.34653602291663244,0.13709688348716448,0.9702723170934704,-0.19943940237619623,0.3762624255956526,0.13524007351346404,0.9165897171586361,0.15180000000000002
1,1787779765.8781707,3122,103.65,-221.16,-1586.0900000000001,0.9159103714433323,-0.20048830105717025,-0.34772493816484645,0.13605617814220353,0.970104700599694,-0.20096165371462033,0.3776200575603391,0.13675273676818117,0.9158066286692506,0.1449
1,1787779765.9380074,3125,103.86,-221.0,-1586.0900000000001,0.9161107160949815,-0.1996447625296951,-0.3476825055282505,0.13538696513183274,0.9703074891767631,-0.20043389463830139,0.37737451626776836,0.1365479594938989,0.9159383872454088,0.1275
1,1787779765.9978468,3131,104.22,-220.93,-1586.2,0.9156928622380985,-0.19979269440056133,-0.34869680427322924,0.13480117169703337,0.9700970339799723,-0.20184248505299304,0.37859638951699703,0.13782098507638343,0.9152432189955136,0.1499
1,1787779766.0577164,3134,104.46000000000001,-220.94,-1586.24,0.9152856903290004,-0.20005581631419525,-0.349613751785919,0.1348906395729026,0.970062955289196,-0.20194647343096836,0.3795479158611973,0.1376790947618864,0.9148703987073629,0.13870000000000002
1,1787779766.1180363,3137,104.71000000000001,-220.91,-1586.23,0.9149658069841576,-0.2005241701607577,-0.3501822800073826,0.13556033042490626,0.9701015662196882,-0.2013115695463081,0.3800802137245764,0.13672237709843738,0.9147928851579646,0.1894
1,1787779766.1778786,3140,104.99000000000001,-220.79,-1586.18,0.9150988555679718,-0.19955500932937845,-0.3503881887132322,0.13418303311651328,0.9701344677029726,-0.2020743135540055,0.38024860047321757,0.13790182314321123,0.9145458375674439,0.12490000000000001
1,1787779766.2382238,3143,105.27,-220.86,-1586.1100000000001,0.9150052696794411,-0.20137224909150392,-0.34959201042741594,0.13587383239582798,0.9697167967886542,-0.20294737173962715,0.37987321322899786,0.13819750837761605,0.9146571983805163,0.1318
1,1787779766.2980638,3149,106.09,-220.96,-1585.8600000000001,0.9149599502508607,-0.20624887254479285,-0.34685687539811577,0.1406978092421495,0.9686325485195016,-0.20482947156860737,0.3782227067633592,0.13860876062723101,0.9152787529304834,0.1336
1,1787779766.358419,3152,106.44,-220.78,-1585.76,0.9146754117719275,-0.20486710532821034,-0.34842267471319255,0.139359672009743,0.9690174568138564,-0.20392167664900887,0.37940449775561713,0.13796607388936613,0.9148866539295248,0.1321
1,1787779766.4107935,3155,106.78,-220.84,-1585.77,0.9146550606294992,-0.20663612234046308,-0.34743004045267106,0.1402675978220478,0.9683111658683534,-0.20663612234046308,0.3791188745843179,0.1402675978220478,0.9146550606294992,0.1194
1,1787779766.47661,3158,107.28,-220.67000000000002,-1585.71,0.9154773350070436,-0.2075635386371016,-0.3447007782364954,0.1417648144798241,0.968131097191575,-0.20645802485284603,0.3765687008553714,0.14014120050535372,0.9157272833420527,0.1355
1,1787779766.5359595,3161,107.51,-220.73000000000002,-1585.83,0.9140917843886434,-0.21079962937016433,-0.3464097659861619,0.14461714167990525,0.9675560882651054,-0.20717407751323982,0.378843096869298,0.1392793319862249,0.9149203110850425,0.112
1,1787779766.5987926,3167,108.06,-220.35,-1586.03,0.913630625321294,-0.2089755201041666,-0.34872383410402896,0.14169206691490419,0.9676693765498531,-0.20866081534634326,0.3810543775478817,0.14122751036824066,0.9137025509796856,0.133
1,1787779766.6586316,3170,108.34,-220.13,-1586.08,0.914400676070584,-0.20711559269041532,-0.3478139371361607,0.14012143104087144,0.968027240281633,-0.20806068017716398,0.37978597678787124,0.14151464001022573,0.9141860962069259,0.11270000000000001
1,1787779766.703511,3173,108.7,-219.95000000000002,-1586.13,0.9147260378436347,-0.20640783703696441,-0.3473788716957427,0.13888728148679835,0.9679159897992585,-0.20940143202024303,0.3794556610884758,0.14329843509488713,0.9140453816782097,0.1444
1,1787779766.7633512,3176,108.99000000000001,-219.9,-1586.21,0.9142801821146371,-0.20649267009977013,-0.34850039567767105,0.13875687715534668,0.9679169309009844,-0.20948351705400314,0.38057624418048197,0.14316980153051237,0.9135995459145061,0.1231
1,1787779766.8231907,3179,109.33,-219.8,-1586.22,0.9141263415768244,-0.20667079480307668,-0.3487982428436751,0.13855966444279766,0.9677702720691526,-0.21029008509365707,0.3810173893995786,0.14390233866988675,0.9133005342714231,0.14750000000000002
1,1787779766.8830588,3182,109.65,-219.78,-1586.2,0.9135810781829866,-0.20809508126485582,-0.34937952249578785,0.1389817847265979,0.9671930050588421,-0.21265407233217146,0.3821696967319901,0.14571934709783685,0.9125306541597159,0.15330000000000002
1,1787779766.9438703,3188,110.60000000000001,-219.97,-1586.17,0.9120415573401183,-0.2183030519421746,-0.34716563078355567,0.14805650526092606,0.9647264673510547,-0.217674331151553,0.38243884339137585,0.14712790593591277,0.9121918166484394,0.1307
1,1787779767.0027094,3191,110.87,-219.72,-1586.06,0.9133526648819263,-0.21618912601141724,-0.3450350291600887,0.14680429139776757,0.9652516572488332,-0.21618912601141724,0.3797833719112556,0.14680429139776757,0.9133526648819263,0.13620000000000002
1,1787779767.0525773,3194,111.2,-219.62,-1586.2,0.9121908365722355,-0.217283165766931,-0.34741315972188674,0.14756062831735078,0.9651377511383239,-0.2161827520831559,0.38227442844667686,0.14593542134094448,0.9124522530816652,0.1308
1,1787779767.1074293,3197,111.44,-219.31,-1586.25,0.9126293916839301,-0.21384669674028084,-0.34839228425424396,0.14322165176998386,0.9655042391249794,-0.2174606233228717,0.38287746329458605,0.1485636379635501,0.9117750235535836,0.1033
1,1787779767.1523104,3200,111.72,-219.13,-1586.26,0.9124817224920693,-0.21312667852394046,-0.34921930791303507,0.14235667186469994,0.9656533165359844,-0.21736662632211967,0.3835514099746114,0.14862937517330416,0.9114810062431804,0.12390000000000001
1,1787779767.212774,3203,112.0,-218.79,-1586.24,0.9126529570242972,-0.21019364214320074,-0.35054701943873734,0.13946598089453632,0.9663111580837047,-0.21631455322297322,0.3842054401071532,0.14853073273065662,0.9112215983099627,0.1139
1,1787779767.2725892,3206,112.21000000000001,-218.64000000000001,-1586.27,0.912456343739178,-0.20982258918053978,-0.3512803749709132,0.13864084764720525,0.966267746772306,-0.21703768546322874,0.3849703055221213,0.14933560398359594,0.9107671169124736,0.1298
1,1787779767.3324285,3209,112.4,-218.44,-1586.3500000000001,0.9123899158545032,-0.20867989559710223,-0.3521325639877613,0.136241248842142,0.9660542158871944,-0.21949390442677752,0.38598311305152444,0.15228904471484583,0.9098489343286026,0.1575
1,1787779767.392269,3212,112.54,-218.41,-1586.47,0.9114044697145024,-0.20850009913493495,-0.3547810610012166,0.13553446690576257,0.9661286938863817,-0.21960363186879442,0.3885515420957655,0.15206266967969662,0.9087929597135346,0.12890000000000001
1,1787779767.437148,3215,112.68,-218.27,-1586.56,0.9110122825404133,-0.2085054598680492,-0.35578377459591864,0.13469440682379044,0.965891028579627,-0.22116043425481274,0.3897615140453113,0.15355778754137953,0.9080231098680822,0.127
1,1787779767.4969878,3221,112.94,-218.18,-1586.69,0.9110521003970319,-0.20931822765115812,-0.35520409616885623,0.13504210137690265,0.9655114979659909,-0.22260093924145616,0.389548073051153,0.15483354568195498,0.9078980514979019,0.1345
1,1787779767.5568311,3224,113.04,-218.13,-1586.81,0.9103929466686217,-0.20931018681414815,-0.35689484214800715,0.13460473193000227,0.9655066101176534,-0.2228868591038293,0.39123681932823856,0.15487488987871606,0.9071645493993795,0.1464
1,1787779767.6027093,3227,113.11,-218.13,-1586.89,0.9102448407915219,-0.20993264220149166,-0.35690701247063983,0.1347261993459963,0.9652018548475101,-0.22412994134811418,0.39153950122841985,0.15592839746892392,0.9068534356998232,0.1275
1,1787779767.662192,3230,113.16,-218.18,-1586.96,0.9097632496636074,-0.21095527976300102,-0.3575313965257131,0.13559613677053783,0.9650258117194827,-0.22436325547660269,0.39235763947503094,0.15563756826443825,0.9065497394463881,0.1343
1,1787779767.7220564,3233,113.25,-218.17000000000002,-1587.04,0.9093388955085974,-0.2108907176439654,-0.3586472895852103,0.13522263508013127,0.9650236964824381,-0.22459764956329578,0.3934686926264783,0.1557381470256553,0.9060507808527211,0.1492
1,1787779767.766908,3236,113.35000000000001,-218.22,-1587.07,0.908898455835942,-0.21216121014163059,-0.3590142307629035,0.13622593889398005,0.9647334176487422,-0.22523748898491838,0.3941396840607326,0.15581095527278074,0.9057465736426993,0.1203
1,1787779767.8271852,3239,113.51,-218.15,-1587.04,0.9091579993462358,-0.21227176927501973,-0.3582909825736655,0.13655878623383103,0.9647312193543017,-0.225045267236405,0.39342525354518454,0.15567392322420248,0.906080680458916,0.1328
1,1787779767.8870237,3242,113.66,-218.16,-1587.14,0.9087525491629734,-0.21311975044192658,-0.3588157972572673,0.13679519953539893,0.9643923505034019,-0.22635032068586464,0.39427893397170977,0.15661215234487488,0.905547765699876,0.12810000000000002
1,1787779767.9473686,3248,114.12,-217.95000000000002,-1587.1200000000001,0.909033011426605,-0.2139095416868151,-0.3576334605598511,0.1371651625803607,0.9639683332769461,-0.22792711688952197,0.39350311601178095,0.15813842168999695,0.90561997398159,0.1327
1,1787779768.0072079,3251,114.38,-217.8,-1586.94,0.9098799010029648,-0.21313639369080004,-0.3559374150539888,0.1372538136965206,0.9642796491242597,-0.22655275083422724,0.39150984199199385,0.15728202684755468,0.9066324545559404,0.09970000000000001
1,1787779768.0525956,3254,114.57000000000001,-217.81,-1586.89,0.9090314439652886,-0.21444229239531368,-0.3573182574605239,0.13823116764390048,0.9640566953941172,-0.22690710072093032,0.39313353733074763,0.15687316946507235,0.9060004583485575,0.11570000000000001
1,1787779768.1124358,3257,114.85000000000001,-217.67000000000002,-1586.69,0.9096933658410975,-0.2141812090426405,-0.3557870006587201,0.13813995560115175,0.9640175791228645,-0.22712872959756472,0.3916316289719297,0.15746909803235862,0.9065473789900165,0.12990000000000002
1,1787779768.1727865,3260,115.17,-217.56,-1586.6000000000001,0.9102145845407688,-0.2136048027965262,-0.354799095702812,0.13802094690026637,0.9642037960605476,-0.22640949158368753,0.3904607897164961,0.15711151416967248,0.9071142947883045,0.10110000000000001
1,1787779768.217689,3263,115.48,-217.47,-1586.46,0.9098527975554982,-0.21433337568648228,-0.3552873356134028,0.13879591947661307,0.9641429340271449,-0.2261948175846874,0.3910288729967073,0.15649155514712518,0.9069767437208957,0.1047
1,1787779768.2775047,3266,115.9,-217.43,-1586.26,0.9099116433540104,-0.21642854978433124,-0.3538636518873556,0.14097500830303056,0.9636625380361806,-0.22689327848049493,0.39011132811386645,0.15656690462520556,0.9073587802260565,0.1368
1,1787779768.3373444,3269,116.21000000000001,-218.32,-1586.43,0.9059464916127137,-0.2341740935420858,-0.35273708090922007,0.1557468971903402,0.9590266665029131,-0.23666591844178053,0.3937052937797469,0.1594689526210427,0.9052987323528906,0.1331
1,1787779768.3971844,3275,116.75,-218.11,-1586.16,0.9074329611046318,-0.23436747715289724,-0.34876540360802133,0.15687431301924695,0.9589473478398732,-0.23624232047965607,0.38981517545577826,0.15966173531519492,0.9069466683661843,0.1254
1,1787779768.4570248,3278,116.86,-218.19,-1586.26,0.9066552583900935,-0.2356019739634901,-0.34995421457399234,0.15789815675842928,0.958744800339508,-0.23638227495784783,0.391208914169761,0.1590601071496684,0.9064521320994577,0.1305
1,1787779768.501904,3281,116.96000000000001,-218.20000000000002,-1586.3400000000001,0.9062316002267483,-0.23627460547915882,-0.3505974865228427,0.1583345036048329,0.9585839499502365,-0.23674246739022878,0.39201335655648034,0.15903182607097943,0.9061094892880504,0.1154
1,1787779768.5617428,3284,117.02,-218.27,-1586.38,0.9058314126469366,-0.23685034683679954,-0.3512426014385827,0.15850680641194503,0.9583745629388422,-0.23747376577817897,0.3928677184284062,0.15943685369158223,0.9056681762664445,0.11960000000000001
1,1787779768.6215825,3287,117.06,-218.35,-1586.48,0.9048329197454164,-0.23821799969644075,-0.352887477768214,0.15932403229632985,0.9580542977062755,-0.23821799969644075,0.3948331800619386,0.15932403229632985,0.9048329197454164,0.1472
1,1787779768.6674623,3290,117.06,-218.44,-1586.55,0.905051984864602,-0.2394131495507869,-0.35151422235069907,0.1596469160534056,0.9573120612496478,-0.24096987276542936,0.39420016094273863,0.16197210009172222,0.9046387521572332,0.14730000000000001
1,1787779768.726304,3293,117.11,-218.38,-1586.53,0.9048595725065955,-0.23905746968833466,-0.35225087683268025,0.15962612741613103,0.9576003375166375,-0.2398355541494029,0.3946500392617619,0.1607890536517739,0.9046536501537242,0.1394
1,1787779768.7861419,3296,117.15,-218.42000000000002,-1586.55,0.9046941235083318,-0.24000766489564304,-0.35202963466281034,0.160190818297118,0.9572284021387898,-0.2409412539855282,0.3948005124398786,0.16158622134996473,0.9044459345074471,0.1335
1,1787779768.8380032,3299,117.22,-218.41,-1586.52,0.9045342755689553,-0.24026328276233758,-0.35226594964204316,0.16071274624401974,0.9573113224813392,-0.24026328276233758,0.39495462716070406,0.16071274624401974,0.9045342755689553,0.1275
1,1787779768.8908615,3305,117.51,-218.44,-1586.6100000000001,0.9044730302879734,-0.24181284100244022,-0.35136176144825265,0.16184651608731804,0.9567299802748556,-0.24181284100244022,0.39463178117339676,0.16184651608731804,0.9044730302879734,0.12760000000000002
1,1787779768.9507353,3308,117.65,-218.42000000000002,-1586.6100000000001,0.9038766419571922,-0.24116411924527068,-0.35333678511137606,0.16086605747124436,0.9569414390394257,-0.24163028329001213,0.39639516606266556,0.16156407347490984,0.903752135535151,0.1449
1,1787779769.0105424,3311,117.8,-218.5,-1586.75,0.9030686794689555,-0.24281986096998937,-0.3542675193701955,0.1614412694751564,0.9562669453421585,-0.2439062232831033,0.3979995938093992,0.1630706729135934,0.9027758741587311,0.156
1,1787779769.0703812,3314,118.03,-218.43,-1586.69,0.9032425550309715,-0.24243786059942032,-0.3540858236771119,0.1610346547876418,0.9563141329270467,-0.2439899979946225,0.39776969057300954,0.1633620608096229,0.9028245180263358,0.1257
1,1787779769.1162584,3317,118.22,-218.4,-1586.7,0.9029974264997273,-0.2433323640724061,-0.3540974559775939,0.1616537408262954,0.9560208230250393,-0.24472893988940433,0.3980750127949944,0.16374842453428598,0.9026199297881722,0.11710000000000001
1,1787779769.1752632,3320,118.44,-218.37,-1586.6200000000001,0.9031011316977674,-0.2434307426883372,-0.3537652038293424,0.1619833022479085,0.9560588692960271,-0.24436212520205455,0.39770561439219626,0.1633796558773657,0.9028495624002478,0.1326
1,1787779769.2353244,3323,118.69,-218.29,-1586.55,0.9031269822716338,-0.24394062152675805,-0.3533477424040956,0.16265179340838926,0.9559737226336364,-0.2442511734567961,0.39737393975192536,0.16311718120150992,0.9030430428295803,0.1178
1,1787779769.2951646,3329,119.19,-218.1,-1586.33,0.903692803978493,-0.24494297273593824,-0.35120116193539375,0.16361533668463102,0.9555125468422561,-0.24540944241939958,0.3956884350585244,0.16431285078869262,0.9035662396452343,0.112
1,1787779769.3550036,3332,119.43,-218.01,-1586.2,0.90370003045032,-0.2461514523476299,-0.3503365774098436,0.16514261863409346,0.955298934310819,-0.24521798795212385,0.3950369229259022,0.16374800338253312,0.9039537714471182,0.1458
1,1787779769.3998837,3335,119.66,-217.84,-1586.16,0.9038958320840756,-0.24674411258068937,-0.3494133192192375,0.16568744192826543,0.9550523624182677,-0.2458102044801107,0.39436023674846366,0.16429342027620653,0.9041502506362765,0.1233
1,1787779769.4597237,3338,119.84,-217.75,-1586.22,0.9036156080240278,-0.2474596979944371,-0.3496319933928652,0.1660889887276022,0.9547980417690427,-0.24652615937754735,0.3948332315786109,0.16469486119033414,0.9038707440440185,0.10650000000000001
1,1787779769.519563,3341,119.98,-217.58,-1586.31,0.9032063774065734,-0.24797042190534616,-0.35032686119134365,0.16633927368469592,0.9546625318361709,-0.24688194818212125,0.3956633491266814,0.16471223442184374,0.9035045069005585,0.10690000000000001
1,1787779769.5674353,3344,120.11,-217.59,-1586.47,0.9025437373274726,-0.24933651466264345,-0.35106424578251155,0.16676780586426532,0.9540712432388603,-0.24887057228984408,0.3969928225272807,0.16607036243876022,0.9026723290216013,0.12990000000000002
1,1787779769.6242826,3347,120.23,-217.5,-1586.57,0.9022267164223456,-0.24934381892161717,-0.35187300569855634,0.16675176306266853,0.9541530043435219,-0.24856768458052406,0.39771950126847455,0.16558896179339683,0.9024408534873302,0.1198
1,1787779769.6842568,3350,120.31,-217.64000000000001,-1586.79,0.9012585852514089,-0.2514541755065503,-0.35285090354277115,0.16758549979059134,0.9532910472555167,-0.2512991832108056,0.39955983628308633,0.1673528513136282,0.9013018142590372,0.1254
1,1787779769.7446032,3356,120.48,-217.93,-1587.22,0.8994851750734301,-0.2549336784535799,-0.35487355411927696,0.16924757568612528,0.9520315528985875,-0.2549336784535799,0.4028420012206895,0.16924757568612528,0.8994851750734301,0.14
1,1787779769.8044424,3359,120.58,-218.09,-1587.49,0.8988811729807217,-0.2562237424419466,-0.355474374139466,0.16977567514963193,0.9515078883658388,-0.2565325681177133,0.40396640576697546,0.17024139386948628,0.8987930856571416,0.12990000000000002
1,1787779769.850321,3362,120.66,-218.33,-1587.88,0.896654579020294,-0.25905168048148397,-0.3590303507527718,0.17091588526920248,0.9506208429244353,-0.25905168048148397,0.4084095078283364,0.17091588526920248,0.896654579020294,0.15910000000000002
1,1787779769.9091625,3365,120.66,-218.65,-1588.24,0.8952969180017701,-0.261766456214357,-0.36044659939789814,0.1714202737015184,0.9492764557319898,-0.26360823271857076,0.4111672632647549,0.1742197835892605,0.8947563627186359,0.1228
1,1787779769.9690015,3368,120.63,-218.97,-1588.74,0.8928217530231238,-0.2642167191459314,-0.36477231618158185,0.17128040772357542,0.9481905059216608,-0.2675776268862378,0.4165721297191661,0.17642077486448388,0.8918202570795604,0.1174
1,1787779770.0188682,3371,120.54,-219.37,-1589.24,0.8903550749545515,-0.26738153897813316,-0.36847652993964225,0.1720190438533491,0.9469441075054611,-0.2714890528409299,0.42151783954472744,0.17833667562890912,0.8891112084948511,0.11320000000000001
1,1787779770.073743,3374,120.42,-219.83,-1589.78,0.8875288152010278,-0.27159884611373925,-0.37219170997960865,0.17312048556182924,0.9451755200578563,-0.2768980566240891,0.426991685711439,0.18132099457328757,0.8858898335912077,0.1337
1,1787779770.1335604,3377,120.27,-220.24,-1590.29,0.8860446874864305,-0.27438868467492417,-0.37367855370550596,0.17346943081856842,0.9437101895524681,-0.2816370620254491,0.4299222817539881,0.18472121658653548,0.8837674489333914,0.1199
1,1787779770.193402,3383,119.9,-221.01,-1591.17,0.8824648856503641,-0.2792812972985515,-0.3784939663631741,0.17455328614465074,0.9416374073131538,-0.2878370084694895,0.4367915703057846,0.18793868715035605,0.879711415170911,0.1345
1,1787779770.2532403,3386,119.64,-221.56,-1591.6000000000001,0.8800616585135954,-0.2822420810303451,-0.38187810216083357,0.17547721310039874,0.9405657578205496,-0.2907641705884209,0.44124735114991587,0.18887949309312324,0.8772829145675114,0.1398
1,1787779770.313081,3389,119.41,-222.11,-1591.94,0.8783539731617637,-0.28600020717625374,-0.3830119832669519,0.17757083312008767,0.9391486316190472,-0.2940551767153734,0.44380502144070194,0.19027277583304303,0.8756902270328285,0.1432
1,1787779770.3729198,3392,119.27,-222.51,-1592.03,0.8781823927808398,-0.28805762444527583,-0.3818618729444759,0.1796738194341538,0.9385234993935717,-0.2947727254954013,0.4432978723382977,0.19025363619386762,0.8759512259797058,0.1335
1,1787779770.432778,3395,119.17,-222.71,-1592.19,0.8780940275041648,-0.2892081044700666,-0.3811948991924558,0.1812294153818177,0.9383309483320529,-0.2944332359001532,0.4428394493062695,0.18945633721546962,0.8763558172494883,0.1444
1,1787779770.4906337,3401,118.95,-223.23000000000002,-1592.46,0.8772264783343309,-0.2939648546979827,-0.37955022053944537,0.1892575963725624,0.9383334608416851,-0.28933005111834825,0.44119753843876774,0.18197521937686914,0.878766039175566,0.1312
1,1787779770.5524397,3404,118.89,-223.37,-1592.46,0.8770686430875142,-0.2954178925131232,-0.3787860399958417,0.19295329477742554,0.9387875938554294,-0.28538899708585314,0.4399086511392593,0.17721772599330446,0.8803830167867844,0.1363
1,1787779770.6122794,3407,118.84,-223.56,-1592.49,0.8778522755211401,-0.297318848333565,-0.3754688865777816,0.19618381534994708,0.9384144446534591,-0.28441209654386673,0.43690650367909867,0.17601088742274584,0.8821184016624771,0.11760000000000001
1,1787779770.6721194,3410,118.7,-223.89000000000001,-1592.6000000000001,0.8771697208366558,-0.29971183447102745,-0.37516142808843633,0.19873597333268092,0.9378334747678475,-0.2845564733201082,0.4371238883324218,0.17504625069642857,0.8822026503963065,0.11750000000000001
1,1787779770.731996,3413,118.58,-224.19,-1592.66,0.8764435318346626,-0.3021154368580506,-0.37493065801192105,0.2016495369130921,0.9373916274355938,-0.28396197117991795,0.4372461546633868,0.17327203936503519,0.8824922665986163,0.14020000000000002
1,1787779770.7916827,3419,118.26,-224.70000000000002,-1592.88,0.8760834045298966,-0.3065648423873962,-0.3721503267757484,0.20717786377584962,0.9363027001799441,-0.28357465753663735,0.4353793760257608,0.17133374170821286,0.8837927063987814,0.1474
1,1787779770.8516912,3422,118.19,-224.71,-1592.8700000000001,0.8766642312057557,-0.3066601810381612,-0.370701172226449,0.20917614026758743,0.9368390869584753,-0.28031744057329866,0.4332495447974248,0.16820243313475722,0.8854393109752761,0.1199
1,1787779770.9115298,3425,118.01,-224.62,-1592.8400000000001,0.8777264072743945,-0.306753693354639,-0.36810124366330504,0.2125084252072721,0.937741526192206,-0.2747380557378929,0.4294607353287481,0.16292023099664582,0.8882682450380012,0.116
1,1787779770.971656,3428,117.93,-224.39000000000001,-1592.55,0.8797948261752989,-0.3070215458037706,-0.3629033400885684,0.21738089101717428,0.938793316540636,-0.26723146715761814,0.4227370483595628,0.1562206107749451,0.8926861199286948,0.12430000000000001
1,1787779771.0165362,3431,117.91,-223.98000000000002,-1592.21,0.8822955757315318,-0.3059711318440064,-0.3576816790425004,0.2226033583210135,0.9407851883216505,-0.25567748101622684,0.41473155403076223,0.14596196735004016,0.8981608108677056,0.0915
1,1787779771.0756283,3434,117.89,-223.92000000000002,-1591.56,0.8849283557561685,-0.30684594373912655,-0.3503532103314155,0.22769621913343657,0.9412843365819648,-0.2492754089311431,0.40627113726060127,0.140816776402158,0.9028368615163441,0.1223
1,1787779771.1364644,3437,117.74000000000001,-223.94,-1590.99,0.8871344832141884,-0.30683022747222666,-0.34474283198006656,0.23005003254860962,0.9415667797558748,-0.24602638432602172,0.40008672961831465,0.13895038959820646,0.9058826623872587,0.1277
1,1787779771.1813447,3440,117.52,-224.11,-1590.67,0.8879664237948326,-0.30754520757574966,-0.34195259248937526,0.23223914636767876,0.9416093627821644,-0.24379660952395923,0.39696424159793986,0.13706842531434807,0.9075415349582724,0.10160000000000001
1,1787779771.241184,3446,116.95,-224.36,-1589.97,0.8893930133029284,-0.30976014463474444,-0.3361974430060393,0.23608330084922258,0.9409992393856976,-0.24245640130892393,0.3914648680891713,0.13626842727279384,0.9100473464499125,0.117
1,1787779771.3010232,3449,116.74000000000001,-224.37,-1589.54,0.8907451342570688,-0.3097986771576302,-0.33256260377369434,0.2378417812034203,0.9412438430900236,-0.2397734659196211,0.38730400580337554,0.1344797660486728,0.9120914425714964,0.12010000000000001
1,1787779771.3478992,3452,116.52,-224.37,-1589.29,0.8918264026004585,-0.30966848311943035,-0.32977431401980906,0.2389266937349431,0.9414436754131021,-0.23790300764294275,0.3841350057539839,0.13337629694657316,0.9135923931202613,0.11810000000000001
1,1787779771.4017553,3455,116.18,-224.54,-1589.18,0.8922840303077175,-0.31056783887506717,-0.3276840348785496,0.24046115595344128,0.9412119976441711,-0.237272855523348,0.3821094630277442,0.1329194979946099,0.9145079361697797,0.1189
1,1787779771.4503365,3458,115.75,-224.76,-1589.18,0.8929483580803314,-0.31157209884927245,-0.3249093058382596,0.24145262367073592,0.9406578744738532,-0.2384604657230434,0.379926124824496,0.13448267698477737,0.9151888052565162,0.08610000000000001
1,1787779771.510152,3461,115.27,-225.02,-1589.15,0.8936376529054264,-0.31125837147972246,-0.3233109517066688,0.24108061161520353,0.940575503394053,-0.23916074326331913,0.3785391446243311,0.13577904329761245,0.9155720438000852,0.10650000000000001
1,1787779771.570438,3464,114.92,-224.70000000000002,-1588.8700000000001,0.8994034453858921,-0.30001845434919755,-0.3179030818943173,0.23224669955620458,0.944107733716412,-0.23392746243677878,0.37031731389881917,0.13656322413731667,0.9188120443485623,0.1313
1,1787779771.6153185,3467,114.3,-224.94,-1589.08,0.8994493057183012,-0.2993261064963629,-0.31842554610551277,0.2305490347844191,0.9439758158623259,-0.2361287818691932,0.3712655235849926,0.13897316660702652,0.9180677371307506,0.11900000000000001
1,1787779771.675634,3470,113.76,-225.33,-1589.23,0.8988208925787343,-0.3020590514082651,-0.31761821819018204,0.23314508354981542,0.9430897322990249,-0.2371183815074292,0.3711662337558693,0.1390758292964389,0.9180923377444073,0.12990000000000002
1,1787779771.735509,3473,113.31,-225.43,-1589.27,0.9002107575854092,-0.3000341629303431,-0.3155948241055165,0.23150850756182767,0.9435953887235284,-0.23670985046294188,0.3688148625719939,0.1400258670902682,0.9188951810144722,0.10450000000000001
1,1787779771.7808585,3476,113.08,-225.69,-1589.18,0.9002394942973105,-0.3020267790258389,-0.3136059273333332,0.2337808959735565,0.9429515010195617,-0.23704210470453765,0.3673082432850152,0.1400795897917784,0.9194902734334081,0.12560000000000002
1,1787779771.8412013,3482,112.87,-225.82,-1588.9,0.9013288610218472,-0.30192405345369744,-0.31056102497761834,0.23528014441928083,0.9432865468286962,-0.23420876203514845,0.36366129561874244,0.13803027391874323,0.9212481237705804,0.12240000000000001
1,1787779771.9010713,3485,112.77,-225.87,-1588.82,0.9011890989920566,-0.3018253996688111,-0.31106210950973734,0.2353825808628943,0.9434392974959515,-0.23348946992673744,0.3639412706525717,0.13719956288235116,0.9212616520080945,0.1217
1,1787779771.960961,3488,112.68,-225.74,-1588.72,0.901977532995599,-0.3002342083733277,-0.31031588759458373,0.23398200754066525,0.9438806287347742,-0.23311323181339888,0.36288972170400907,0.13765456338853663,0.9216085237561003,0.1388
1,1787779772.0207229,3491,112.61,-225.82,-1588.68,0.9019405808295299,-0.3006261269021533,-0.3100437396186229,0.2343454197170589,0.9437344427805624,-0.2333399360745961,0.3627470370802848,0.1378014271822739,0.9216427473571324,0.1353
1,1787779772.0656273,3494,112.49000000000001,-225.78,-1588.6100000000001,0.9023568023768541,-0.299706382712772,-0.3097229170814528,0.233365360061054,0.9439344472455066,-0.23351310033249664,0.3623434971512442,0.13843353446526402,0.9217067573841807,0.10450000000000001
1,1787779772.1154692,3497,112.37,-225.85,-1588.65,0.9024399450074692,-0.2999323644918003,-0.30926157599235304,0.23352942956720854,0.9438025797666636,-0.23388179910331797,0.36203059426094125,0.13884259849249606,0.9217681821710496,0.1421
1,1787779772.170323,3500,112.19,-225.89000000000001,-1588.68,0.9024512281294332,-0.299215238024523,-0.3099226067611166,0.2326966923924024,0.9440217986337178,-0.2338270580022679,0.36253831548860227,0.13889955017309583,0.9215600277596669,0.1293
1,1787779772.2152023,3503,111.99000000000001,-225.99,-1588.72,0.9028513615169582,-0.29895434228624085,-0.30900763782660173,0.2326274115108342,0.9440762382046235,-0.23367615169540998,0.3615852685339159,0.13909118478756446,0.9219054918448245,0.12340000000000001
1,1787779772.2750413,3506,111.67,-226.16,-1588.8400000000001,0.9022809680607988,-0.29959588295724626,-0.31005057908401945,0.2330448882195263,0.9439171221543052,-0.2339028571409142,0.36273838334261826,0.1387903938282561,0.9214977438013515,0.10640000000000001
1,1787779772.335474,3509,111.32000000000001,-226.29,-1588.98,0.9030863318955967,-0.2985888993057337,-0.30867417506935463,0.23181824332645037,0.9439715680978994,-0.2348999375986114,0.36151815888609906,0.14057861798361557,0.9217061749611001,0.11120000000000001
1,1787779772.3803537,3512,111.29,-225.58,-1588.5900000000001,0.910896025472287,-0.2814970255722976,-0.30170822887806653,0.21823599443249314,0.9491936944091113,-0.22672534315343615,0.35020205812195254,0.1406796185946343,0.9260495469461754,0.1197
1,1787779772.4401944,3518,110.42,-225.84,-1589.38,0.9085777749812699,-0.28106416968513986,-0.3090135261267503,0.21474588429496447,0.9488150832835768,-0.2315904637759356,0.3582884759358842,0.14405856535722583,0.9224296709011258,0.11950000000000001
1,1787779772.5000339,3521,110.17,-225.89000000000001,-1589.58,0.9083765927541306,-0.28000162889115277,-0.31056569925653044,0.2125848562485557,0.948800774891363,-0.233633834149359,0.36008283023517995,0.14620594168449666,0.9213925211254823,0.1182
1,1787779772.5598736,3524,110.06,-226.13,-1589.78,0.9081094299402139,-0.28117025060225304,-0.3102910785535509,0.2133296736675911,0.9483041941183689,-0.2349672439945406,0.36031613006711033,0.14718167546871155,0.9211459389367594,0.1262
1,1787779772.6197126,3527,109.8,-226.25,-1590.05,0.9069936518530435,-0.28072675602453023,-0.3139347128786874,0.2120687807205747,0.9484677905487181,-0.2354478340000639,0.36385347015243497,0.1469739389945602,0.9197876458805339,0.1033
1,1787779772.6645927,3530,109.63,-226.48000000000002,-1590.33,0.9060723027165285,-0.28240913182306693,-0.31508421812732745,0.21249502780752555,0.9476549577690536,-0.2383189966679373,0.3658945823690843,0.14898041239933174,0.9186544460863827,0.1441
1,1787779772.7244604,3533,109.48,-226.61,-1590.51,0.9057928090193718,-0.28217367330084964,-0.31609714523339394,0.2115196703125783,0.9475215288030364,-0.23971312339047005,0.36714958286732957,0.15026965944814646,0.9179434695283168,0.11040000000000001
1,1787779772.784838,3536,109.42,-226.64000000000001,-1590.6100000000001,0.9059730695454156,-0.28173053996021286,-0.3159757903893663,0.21119325558729596,0.9476679079046227,-0.2394221065860765,0.36689263559370733,0.1501780249617181,0.9180611933665973,0.1051
1,1787779772.8297184,3539,109.36,-226.70000000000002,-1590.67,0.9058019165603074,-0.28160324850155727,-0.31657937138898334,0.21093753742949747,0.9477126916896625,-0.2394702681201026,0.3674618936146346,0.1501341548206292,0.9178406682520894,0.1335
1,1787779772.8900623,3545,109.34,-226.68,-1590.6000000000001,0.9060246353853072,-0.2808841846912349,-0.31658085043991735,0.21054046389272182,0.948025046547844,-0.23858169288903056,0.36714039976384855,0.14950781219822068,0.9180715336796709,0.11910000000000001
1,1787779772.9499085,3548,109.33,-226.61,-1590.5900000000001,0.906461157845671,-0.2803415616574721,-0.31581130145157155,0.2099496112891596,0.9480585761449829,-0.238968819969214,0.3664005049622836,0.15031149325782642,0.9182358765360816,0.1159
1,1787779773.0097473,3551,109.33,-226.65,-1590.58,0.9063290376147116,-0.280391482029425,-0.31614599852241276,0.20985539969912617,0.9480231654422744,-0.23919195011941766,0.3667811156446181,0.15044166507371765,0.9180625897052643,0.1092
1,1787779773.0699527,3554,109.34,-226.59,-1590.54,0.906465743323173,-0.27971168656939444,-0.3163561736051193,0.20944596279668537,0.9483265614037655,-0.23834664168869676,0.3666773034286919,0.14979354235952697,0.9182100248949844,0.1449
1,1787779773.1297653,3557,109.4,-226.57,-1590.41,0.9071313025098929,-0.2791680796862426,-0.31492536146045946,0.20929474925226232,0.948469108936603,-0.2379118688263347,0.3651143765207526,0.1499050788909508,0.9188144314172259,0.10650000000000001
1,1787779773.189606,3563,109.73,-226.32,-1590.02,0.9099029654153382,-0.27631350893117423,-0.3093985105176102,0.20826844789162557,0.9493385513135612,-0.23533076425041027,0.35874900298284745,0.1496902126794227,0.9213533486598949,0.13870000000000002
1,1787779773.2494452,3566,109.82000000000001,-226.24,-1589.94,0.910583061565352,-0.2753756095113729,-0.30823166884100384,0.2077453639649269,0.9496172537723878,-0.2346677120714912,0.35732387513480046,0.1496507434797038,0.9219133924803464,0.1632
1,1787779773.3092847,3569,109.86,-226.18,-1589.83,0.9110937853273247,-0.27470857654501785,-0.30731630661345827,0.20772584378866282,0.9499537998731686,-0.23331899178767318,0.35603102134535275,0.1487379443152901,0.9225610742713172,0.1291
1,1787779773.3691251,3572,109.89,-226.16,-1589.82,0.9112133252951863,-0.27462529513217165,-0.3070361918049024,0.20741050011942605,0.9498469184227744,-0.23403357879366146,0.35590892127719803,0.1495719854662864,0.9224733388662104,0.1018
1,1787779773.4110122,3575,109.96000000000001,-226.1,-1589.7,0.9114449977115485,-0.27402853474813366,-0.30688170080730875,0.2072984229462113,0.9501798760700493,-0.23277793485534648,0.35538061285136163,0.14854819169312408,0.9228423780657744,0.132
1,1787779773.473844,3578,110.09,-225.96,-1589.5900000000001,0.9124182831861087,-0.27254171625058055,-0.30530949774106597,0.20660843508616922,0.9507095704873664,-0.23122341389870418,0.35327868752439356,0.14789295279666073,0.9237542116029169,0.1468
1,1787779773.5336897,3581,110.18,-225.87,-1589.47,0.9136727819742959,-0.2713902420830117,-0.3025712874373158,0.20597275472626167,0.9509151096601853,-0.2309451851206968,0.3503958786712905,0.1486868881982604,0.9247242494322792,0.1217
1,1787779773.5790713,3584,110.23,-225.77,-1589.42,0.9138218172235562,-0.2706564427671398,-0.30277842782284786,0.20557598742479602,0.9512577919516442,-0.22988502918981588,0.35024020294728814,0.1478299808561185,0.9249205895640565,0.12480000000000001
1,1787779773.6389105,3590,110.28,-225.70000000000002,-1589.32,0.9142280705968775,-0.269703586554625,-0.30240206734128455,0.20501480434089983,0.9516136042523085,-0.22891150736254712,0.3495081757752935,0.14728042504522726,0.9252850973968638,0.11170000000000001
1,1787779773.6987507,3593,110.32000000000001,-225.69,-1589.26,0.9150591239708215,-0.26918545280653294,-0.3003431231693087,0.2048547690072166,0.9516720498890119,-0.22881178526257326,0.34742095971998094,0.14784959065681524,0.9259801160337404,0.11130000000000001
1,1787779773.75859,3596,110.38,-225.6,-1589.23,0.9149593677051325,-0.2688120637830394,-0.3009807798071618,0.2044340293416894,0.9518095396542672,-0.22861611463379652,0.3479311470618078,0.14764374212216066,0.9258213879126035,0.0804
1,1787779773.8164353,3599,110.4,-225.57,-1589.15,0.9155130757100077,-0.2683067996436493,-0.29974534102965517,0.2042588439000632,0.9519401992642407,-0.22822835431507468,0.3465748590025123,0.14772040580007992,0.9263177364261403,0.1208
1,1787779773.8633096,3602,110.42,-225.56,-1589.18,0.9154258105343638,-0.2680270650048815,-0.30026168225794697,0.20416547184472741,0.9521411425861744,-0.22747242624352085,0.3468602679955187,0.14693106213310803,0.926336449388943,0.1159
1,1787779773.9231489,3605,110.43,-225.53,-1589.14,0.9155765518594526,-0.26734990699293193,-0.30040573382681196,0.2036917848708896,0.9524046684428464,-0.22679286652005282,0.34674087509445145,0.1464560506061184,0.9264563620482034,0.1082
1,1787779773.9829893,3608,110.46000000000001,-225.51,-1589.1100000000001,0.9159139564436656,-0.26732653275871704,-0.29939630805157513,0.20373181912929156,0.9523311466216754,-0.22706548185163397,0.3458250573136375,0.14697588937457626,0.9267163091672508,0.1058
1,1787779774.028876,3611,110.48,-225.48000000000002,-1589.13,0.9157427332978197,-0.26682264200684136,-0.3003679811909501,0.20347081135429665,0.9526560437219,-0.2259338205912551,0.346431631550963,0.14578113757488045,0.9266784688274091,0.1085
1,1787779774.087742,3617,110.53,-225.42000000000002,-1589.1000000000001,0.9162959444020273,-0.26634626514544457,-0.29910100186303223,0.20325619613066725,0.9527485003720335,-0.22573704563791322,0.34509224999540167,0.1460478075217637,0.9271361156330807,0.13290000000000002
1,1787779774.1455536,3620,110.02,-225.46,-1589.97,0.9133797162384111,-0.2662174136391873,-0.30800289388169977,0.202295820682869,0.9533397230869618,-0.22409768699993246,0.3532901001988086,0.14237858357118552,0.9246158359241846,0.08310000000000001
1,1787779774.2063904,3623,109.89,-226.13,-1589.93,0.9118574531781882,-0.27307956517129,-0.3065020981481981,0.20842008817605095,0.9512264379254511,-0.22744082886840056,0.3536623416877681,0.1435124206384838,0.9242981841345397,0.128
1,1787779774.2672276,3626,109.56,-226.94,-1590.15,0.9094871176717881,-0.2783267155767494,-0.30881616244186827,0.2104963200913822,0.9488655290859407,-0.23525625802610298,0.35850311298097465,0.14895787024765508,0.9215677245185149,0.1134
1,1787779774.3121078,3629,109.31,-227.74,-1590.13,0.9078743771348683,-0.28467135828644957,-0.30777643365488966,0.21340778467429386,0.9456942191232414,-0.24519290641715727,0.3608617918017714,0.15692247031012,0.9193226340786919,0.1255
1,1787779774.3729455,3632,108.96000000000001,-228.52,-1590.78,0.9046045630495774,-0.2890029542882655,-0.31331753369790527,0.21428726516707647,0.9437503802284621,-0.2518257091836503,0.3684719154794545,0.1606627281957085,0.9156505530340785,0.1343
1,1787779774.4317875,3635,108.86,-229.0,-1591.01,0.9025605075704495,-0.29273503677236645,-0.3157383860414405,0.2164384786261066,0.9423971287961455,-0.2550334029236119,0.37220816103920784,0.1618451416714823,0.9139295568987518,0.1401
1,1787779774.4771736,3638,108.60000000000001,-229.04,-1591.26,0.901409015834744,-0.29294653193420594,-0.3188167429724477,0.21563875102478397,0.9422821622851375,-0.2561332772126988,0.3754486852131856,0.16213160107445826,0.9125522608074145,0.1313
1,1787779774.5370116,3644,108.65,-229.05,-1591.39,0.9015515644974603,-0.29301270266679863,-0.3183525288545387,0.2155760238040525,0.9421520968236717,-0.25666399126405187,0.37514231234694956,0.16276665053584213,0.9125652102509315,0.1155
1,1787779774.597328,3647,108.62,-228.98000000000002,-1591.49,0.9011029954799008,-0.29260840982685593,-0.31999017177992906,0.21558793587186414,0.9426359461848545,-0.2548711730790539,0.3762116870109949,0.16067915688969361,0.9124949178475235,0.12480000000000001
1,1787779774.647194,3650,108.60000000000001,-229.18,-1591.58,0.9002500317408947,-0.29475972455254096,-0.3204162685199182,0.21632829631129055,0.9415236459539348,-0.2583317485805107,0.37782528841459595,0.16324805937995068,0.9113715611884691,0.14200000000000002
1,1787779774.6970599,3653,108.60000000000001,-229.03,-1591.54,0.9010991818903286,-0.2922239203008998,-0.3203520638306458,0.21435704492440127,0.9424159879838503,-0.25671611340876493,0.3769234958023432,0.16265695803253247,0.9118505317845377,0.1275
1,1787779774.7469265,3656,108.62,-229.21,-1591.54,0.9002159911758922,-0.29509088952326434,-0.320207020771835,0.21677464358585657,0.9414612477574614,-0.25818495864242086,0.37765053042387037,0.16300946564949015,0.9114866927055144,0.13970000000000002
1,1787779774.8017805,3659,108.56,-228.97,-1591.55,0.9008906521994249,-0.2915124977324592,-0.32158435354581155,0.21393055017514345,0.9428718550292517,-0.25539456669134114,0.3776635440196141,0.16128586007297852,0.9117878694406196,0.1265
1,1787779774.8672216,3662,108.64,-229.18,-1591.55,0.9007200146976919,-0.29412279031214406,-0.3196799013732144,0.21627202554923058,0.941848910810397,-0.2571906689016957,0.3767358040959506,0.16251896327588125,0.911952696409145,0.1419
1,1787779774.9100823,3665,108.58,-229.04,-1591.54,0.9006834990208525,-0.29243657783878363,-0.3213255086878336,0.214495222995676,0.9424484031367282,-0.2564815914194742,0.3778373114233019,0.1620859505539328,0.9115739743594257,0.1246
1,1787779774.972134,3668,108.61,-229.14000000000001,-1591.57,0.9008038659170053,-0.2936053556391625,-0.31991919337385677,0.21563768228994784,0.9419622009004739,-0.25730837928710165,0.3768989057102683,0.1627977494154521,0.9118355705167825,0.111
1,1787779775.0289829,3671,108.59,-229.06,-1591.53,0.9008457822874831,-0.29267862628374414,-0.32064949438836315,0.21464940827744003,0.942265276350305,-0.25702486360394816,0.3773625684418068,0.16271254008570987,0.9116589939433817,0.11660000000000001
1,1787779775.0773625,3674,108.60000000000001,-229.09,-1591.54,0.9005818269585114,-0.2927790466168923,-0.3212986193779447,0.21491225591909502,0.9423886292778266,-0.25635208925153,0.3778426857937509,0.16181502176856952,0.9116198788542307,0.14120000000000002
1,1787779775.137202,3680,108.60000000000001,-229.1,-1591.58,0.9009826704040098,-0.29265637472011313,-0.32028498866999705,0.21470819472452105,0.9422611186234382,-0.25699100266087915,0.3770021468769065,0.16277662813250415,0.9117966607659933,0.12250000000000001
1,1787779775.1975489,3683,108.60000000000001,-229.08,-1591.57,0.9008479311854022,-0.29270830705973666,-0.3206163624290003,0.21460873254648932,0.9422231830343917,-0.25721307367108875,0.37738057288865645,0.16290279411588515,0.9116175639353749,0.10790000000000001
1,1787779775.2434266,3686,108.60000000000001,-229.08,-1591.53,0.9008248903627998,-0.2924739085826859,-0.32089488886739254,0.21447253447217923,0.9423602488248969,-0.25682424611348115,0.3775129783993253,0.1625305332331274,0.9116291882706617,0.1193
1,1787779775.3022907,3689,108.61,-229.07,-1591.54,0.9009473992153766,-0.2923360429267611,-0.32067650654978164,0.21423238160010208,0.9423248161585451,-0.2571544818308884,0.377356953720211,0.1629833698807563,0.9116129390378986,0.10690000000000001
1,1787779775.362108,3692,108.60000000000001,-229.08,-1591.55,0.9011221361132999,-0.29245820147107693,-0.3200735793515394,0.21449337017301132,0.9422789708071202,-0.25710491112870193,0.376791042832001,0.16302926598306555,0.9118387842566229,0.09530000000000001
1,1787779775.4169612,3695,108.61,-229.07,-1591.56,0.9012337929526637,-0.2921720288921868,-0.3200205555478875,0.2144563351634492,0.942453867537537,-0.2564940308697281,0.37654499166556143,0.16253065279067164,0.9120294162772495,0.1179
1,1787779775.4817867,3698,108.61,-229.07,-1591.54,0.9012172568157996,-0.2920266195573505,-0.3201997962012338,0.21419819407509366,0.9424646788894252,-0.25666994896329615,0.37673145564496424,0.1627291692222357,0.9119170070855501,0.1292
1,1787779775.526667,3701,108.60000000000001,-229.06,-1591.54,0.9009866979182196,-0.2917957642888762,-0.3210579419941102,0.2140145925454573,0.9426496280057309,-0.2561433836706675,0.3773867039947549,0.1620706968076818,0.9117633272314958,0.1252
1,1787779775.5865066,3707,108.61,-229.05,-1591.52,0.9013479950886353,-0.29170991946152,-0.3201204689448191,0.2141456403137933,0.9426504217938181,-0.25603091029508934,0.3764484512975088,0.162220544875457,0.9121244752422867,0.1301
1,1787779775.6463466,3710,108.61,-229.05,-1591.53,0.901102671416896,-0.2915687656825689,-0.3209386708448777,0.21389630310694768,0.9427401639053556,-0.2559088800274111,0.37717681143266785,0.16195258021422917,0.9118711612280758,0.1164
1,1787779775.7061872,3713,108.61,-229.04,-1591.51,0.9015363523593017,-0.29153110166860025,-0.3197527515668585,0.2139754225588831,0.9426550444231396,-0.25615617455832673,0.37609403600088137,0.1625148731147423,0.9122182809509283,0.09680000000000001
1,1787779775.7660499,3716,108.61,-229.04,-1591.54,0.9014471819382688,-0.29133748797185444,-0.3201803339960204,0.21376916255983916,0.9427517632503924,-0.25597237746823576,0.37642492387462695,0.16230089645632104,0.9121198910754308,0.1241
1,1787779775.8109066,3719,108.61,-229.04,-1591.53,0.9015589439027027,-0.29084560741381366,-0.32031282103146147,0.21349891190132406,0.94298964767932,-0.255320854977776,0.3763106234030525,0.1618003616118383,0.9122559715870784,0.10590000000000001
1,1787779775.8647926,3722,108.61,-229.05,-1591.53,0.9014945971047342,-0.29112158388924425,-0.3202432119261715,0.21362145654208203,0.9428442931923442,-0.2557547890059307,0.3763952240608433,0.16215073909312436,0.9121588530051885,0.0937
1,1787779775.9126346,3725,108.61,-229.04,-1591.52,0.9015714381668999,-0.2912290242582373,-0.3199290504334716,0.21348853864383485,0.9426743568435315,-0.2564911320442754,0.37628657396907966,0.162943893347462,0.9120623344220412,0.0993
1,1787779775.9605062,3728,108.61,-229.03,-1591.51,0.9014778566536873,-0.2909761157355369,-0.32042249302215536,0.21336337281516105,0.9428550145537744,-0.25593064035347596,0.3765816579495241,0.16234938128080773,0.9120465631171065,0.1005
1,1787779776.0203466,3731,108.62,-229.02,-1591.53,0.9018238951933965,-0.29077415203171586,-0.31963112265304594,0.2131957565848103,0.9428244792573298,-0.2561826900619465,0.3758473512377601,0.16288767241071872,0.9122534597052391,0.08600000000000001
1,1787779776.0801842,3734,108.62,-229.03,-1591.51,0.901618815173534,-0.29101314727107574,-0.31999196902493643,0.21334080821318224,0.9427669605589869,-0.25627359916564907,0.37625684269660653,0.1627937535464822,0.9121014100034207,0.0951
1,1787779776.125064,3737,108.62,-229.03,-1591.54,0.901751391542344,-0.2907260936245068,-0.3198792996385992,0.21324749931611856,0.9429104684009572,-0.25582289306336453,0.37599193061403363,0.16247518907735456,0.9122674394317764,0.11330000000000001
1,1787779776.1769266,3740,108.62,-229.03,-1591.55,0.9016536056649057,-0.2904136554028844,-0.32043826885534393,0.21320339164551624,0.9431742583407065,-0.25488552762820266,0.37625136435941803,0.1614999292847937,0.9123336471152883,0.0984
1,1787779776.2297843,3743,108.62,-229.02,-1591.52,0.9018586787927724,-0.2901749383512717,-0.3200772229306398,0.21305801283259992,0.9432316575213748,-0.2547946691304657,0.3758419969268716,0.1615937665948642,0.9124857521866881,0.1012
1,1787779776.2896235,3749,108.62,-229.02,-1591.5,0.9014229561048075,-0.290182108222679,-0.3212958111689474,0.21302026732885473,0.9433579608677897,-0.2543582579247415,0.37690717678815,0.16084185318133914,0.9121791920180919,0.115
1,1787779776.347075,3752,108.62,-229.01,-1591.53,0.9016261475818033,-0.29041727991439387,-0.32051223615319413,0.21279848419374953,0.9430065323704531,-0.2558426958728669,0.37654627221848685,0.1624699462478471,0.9120397038751016,0.11280000000000001
1,1787779776.394946,3755,108.63,-229.01,-1591.5,0.9017608169892078,-0.2901598269081305,-0.3203665147789332,0.21266464926440948,0.9431078721942797,-0.2555802972813515,0.3762993168957424,0.16234166518125304,0.9121644631589063,0.11380000000000001
1,1787779776.4518235,3758,108.63,-229.0,-1591.49,0.9021106469256682,-0.29022239899592395,-0.3193232528714485,0.21264887450427675,0.9429297421822062,-0.2562497950833568,0.37546882277416416,0.16326193809105888,0.912342426227858,0.1131
1,1787779776.5126498,3761,108.63,-229.01,-1591.5,0.9019016990509133,-0.2901968338303773,-0.3199361231306967,0.21264206535077398,0.9430199083142695,-0.25592343496894543,0.3759743040321149,0.1627859028226069,0.9122193116514229,0.1097
1,1787779776.5595055,3764,108.63,-228.99,-1591.51,0.9022407666994559,-0.2899058413963131,-0.31924317068635,0.21259576877263767,0.9431151247946696,-0.2556108379617461,0.3751861378110196,0.16275277112181719,0.9125496685039233,0.1312
1,1787779776.6173503,3767,108.63,-229.01,-1591.52,0.9020938944169766,-0.29007689169846,-0.31950274264577516,0.21239079688028445,0.9429401056691382,-0.25642563546032676,0.3756551011981207,0.16346055800478154,0.9122301743094202,0.1331
1,1787779776.6796901,3770,108.64,-228.99,-1591.5,0.9021515825038923,-0.28971226403687406,-0.3196706527855684,0.21238946089393873,0.9432114721783601,-0.25542677160453,0.37551729532327127,0.16253898860814664,0.9124515538346876,0.1134
1,1787779776.7395296,3776,108.64,-228.98000000000002,-1591.49,0.9024326242864122,-0.2897856352452405,-0.31880973044913763,0.21234465404935202,0.9430354123526475,-0.25611317604827233,0.3748667850319635,0.163427343655781,0.9125603524290408,0.10830000000000001
1,1787779776.7993917,3779,108.63,-228.99,-1591.47,0.9021474311338809,-0.28994971024531985,-0.3194670218147639,0.21212150913670888,0.9429061961354442,-0.2567729943957358,0.3756786896539447,0.16388127049190984,0.9121449727547989,0.1342
1,1787779776.8592107,3782,108.63,-228.98000000000002,-1591.48,0.9020495658949816,-0.28963780975683723,-0.32002581119018764,0.21207701163918086,0.9431709719691092,-0.2558356088761704,0.37593872080815266,0.16290628224260809,0.9122124869804303,0.1317
1,1787779776.9120681,3785,108.64,-228.99,-1591.5,0.9023435408291332,-0.28959224924739624,-0.3192373153310506,0.2121382109425381,0.9431318380011383,-0.25592912223249237,0.37519796612194195,0.16321355741613122,0.9124625038288037,0.1218
1,1787779776.9639282,3788,108.64,-228.98000000000002,-1591.51,0.9023906531488437,-0.28937629761171924,-0.3192999647512302,0.21199023484450422,0.9432241156236466,-0.2557115719645115,0.37516829482270364,0.1630632579293179,0.9125015750525045,0.12890000000000001
1,1787779777.0088365,3791,108.64,-228.98000000000002,-1591.48,0.9023969878249417,-0.2894649912629389,-0.31920165287419605,0.21186900338115996,0.9430980037731399,-0.2562765706914949,0.37522153692285054,0.16363426937003583,0.912377457041212,0.1203
1,1787779777.0692918,3794,108.64,-228.98000000000002,-1591.47,0.9023288187143014,-0.2894762807634849,-0.3193840725411859,0.21183974944271408,0.9431000427579054,-0.25629324982543905,0.3754019492140412,0.16360254345631936,0.9123089302976933,0.1159
1,1787779777.1291318,3797,108.65,-228.97,-1591.49,0.9024630117458587,-0.28942415638199276,-0.31905198656828015,0.2119386502329925,0.9431380415766163,-0.2560715584918443,0.3750233605630608,0.1634756625115695,0.9124873625417461,0.1212
1,1787779777.1760058,3800,108.65,-228.97,-1591.49,0.9025991942497625,-0.28919623966688335,-0.3188733753423354,0.211764260682545,0.943197262400495,-0.25599769939940253,0.37479406670497667,0.1635373326269763,0.9125705169464983,0.1129
1,1787779777.2308588,3803,108.66,-228.97,-1591.51,0.9024208123110877,-0.28901472905231723,-0.3195421160013378,0.21158423047735855,0.9433265970327892,-0.25566979630735026,0.3753249138028288,0.16311167254783945,0.9124285130121405,0.1177
1,1787779777.2787595,3806,108.65,-228.96,-1591.49,0.9025036879681656,-0.28891410345732665,-0.3193990200788183,0.21167899673064577,0.9434194351784434,-0.2552484508683533,0.37507212046080884,0.16275260412981427,0.9125965671105697,0.133
1,1787779777.3246083,3809,108.66,-228.96,-1591.47,0.9027823368925435,-0.28895772735446856,-0.31857100306992614,0.21167460102661595,0.9432854391242661,-0.25574683500752027,0.3744034127449445,0.1634503353874854,0.9127464447406286,0.1226
1,1787779777.38345,3815,108.66,-228.95000000000002,-1591.49,0.9028481960624916,-0.2887116033545037,-0.3186075092573559,0.21151127720636628,0.9433885875452591,-0.25550137475930024,0.3743368997056476,0.16328987408235834,0.9128024444209881,0.11810000000000001
1,1787779777.4421482,3818,108.66,-228.95000000000002,-1591.5,0.9025506971433859,-0.2886980760968647,-0.3194615155914042,0.21153096106224273,0.943511488448093,-0.25503082887868284,0.37504251972019387,0.1626022509820604,0.9126355331552103,0.14
1,1787779777.5030243,3821,108.66,-228.95000000000002,-1591.48,0.9030332326003592,-0.2885025692439103,-0.3182722865079656,0.21138114654848533,0.9434346688478399,-0.2554389095259659,0.3739638909081912,0.16339306336448187,0.9129368626258757,0.0868
1,1787779777.5628252,3824,108.67,-228.94,-1591.46,0.9025357962482227,-0.28858207878637415,-0.3196083858316638,0.21123261004522648,0.9434798286150466,-0.25539498321228526,0.3752464802554023,0.16299140099973725,0.9124822640775408,0.14250000000000002
1,1787779777.607705,3827,108.66,-228.95000000000002,-1591.48,0.9026488114923422,-0.28832516978284317,-0.3195210784614322,0.21115407524782528,0.9436117151409557,-0.2549723270376214,0.3750187723537287,0.16268229011923419,0.9126310277784027,0.1221
1,1787779777.6680856,3830,108.66,-228.93,-1591.48,0.9027337275578556,-0.2882542208140019,-0.31934514449481083,0.21120834939089017,0.9436624766477052,-0.2547394027524885,0.37478373801043524,0.1625134897478716,0.9127576432837435,0.1109
1,1787779777.723903,3833,108.66,-228.94,-1591.47,0.9027423256691501,-0.2885778899469709,-0.3190283606189396,0.21127971040507407,0.9434317886082902,-0.2555334502849098,0.3747228007695852,0.16327664155388658,0.9126464599757572,0.1265
1,1787779777.7877316,3839,108.67,-228.94,-1591.48,0.9027211564887572,-0.28837313098236717,-0.31927331701071926,0.21110246218066625,0.9435258714874287,-0.2553324896975475,0.3748736641708258,0.1630946570593726,0.9126170438633198,0.14300000000000002
1,1787779777.8475723,3842,108.67,-228.93,-1591.47,0.9027785460676361,-0.2880085277790649,-0.31944011126741834,0.21110057658060555,0.9437961200401477,-0.25433330565322904,0.3747364985257519,0.16217266022267307,0.9128376553084128,0.11380000000000001
1,1787779777.892497,3845,108.67,-228.93,-1591.47,0.9031802712414935,-0.2879431044933291,-0.31836169087201055,0.21081572297963383,0.9435848291224717,-0.2553515247545817,0.3739279724555468,0.16351280935957055,0.9129301356569539,0.13290000000000002
1,1787779777.9453096,3848,108.67,-228.92000000000002,-1591.48,0.9029804460418562,-0.2880361137695748,-0.3188440233571445,0.21064768173640513,0.94350683183476,-0.25577805312460317,0.3745048307367062,0.163798826142481,0.9126423594756145,0.1105
1,1787779777.9971716,3851,108.67,-228.93,-1591.46,0.9028914483609837,-0.28804802522480966,-0.31908520435879295,0.21067396745657635,0.9435399458918239,-0.25563421121313074,0.3747045661754213,0.16358699725388184,0.9125983686248557,0.11670000000000001
1,1787779778.0420513,3854,108.67,-228.93,-1591.46,0.9029081772247679,-0.2879883427017124,-0.31909173911050753,0.210699178182592,0.9435928946907632,-0.2554179034490078,0.3746500764898194,0.16338654643827735,0.9126566477208968,0.1359
1,1787779778.101893,3857,108.67,-228.92000000000002,-1591.45,0.9028848033341388,-0.2877539683678674,-0.3193691995118163,0.2105622558500114,0.9437287809123308,-0.25502847780018706,0.3747833618500538,0.1630142379250062,0.9126684994641272,0.14
1,1787779778.161732,3860,108.68,-228.91,-1591.46,0.9029487346258855,-0.2876835316604022,-0.3192518884030448,0.21067200137847217,0.9438105165672002,-0.2546350656377547,0.3745676046759795,0.16266497603526384,0.9128193770394809,0.1107
1,1787779778.2066467,3863,108.68,-228.91,-1591.45,0.9029613013130732,-0.2878609693061448,-0.3190563440540375,0.21043003414552966,0.9435588221805358,-0.2557654195054356,0.3746733097786828,0.1638072386538732,0.9125716955418244,0.14100000000000001
1,1787779778.2664502,3866,108.68,-228.91,-1591.44,0.9032458875126962,-0.28769700190958086,-0.31839802415159624,0.2106523308691631,0.9436877044583035,-0.2551060798052569,0.373861554844558,0.16335223153191414,0.9129860821845827,0.12710000000000002
1,1787779778.3263178,3869,108.68,-228.91,-1591.45,0.9030059972569239,-0.28761534506727243,-0.3191513468557853,0.21032220745651833,0.9436928061429984,-0.25535946562555695,0.3746261309207424,0.16346651313277158,0.9126521577882604,0.1315
1,1787779778.3851662,3875,108.68,-228.9,-1591.46,0.9029783689901103,-0.2873217043203779,-0.3194938236686168,0.210265926827877,0.9439123804388767,-0.25459312258862504,0.3747243055249735,0.16271341764171185,0.9127464262149592,0.1338
1,1787779778.4410176,3878,108.69,-228.9,-1591.45,0.9032823023731497,-0.2876290289101115,-0.31835612754851783,0.21035818825630015,0.9436006920676664,-0.25567003454247067,0.3739391860356292,0.16397339923794782,0.9128429270632291,0.15810000000000002
1,1787779778.4908812,3881,108.69,-228.9,-1591.44,0.9029783689901103,-0.2873217043203779,-0.3194938236686168,0.210265926827877,0.9439123804388767,-0.25459312258862504,0.3747243055249735,0.16271341764171185,0.9127464262149592,0.1393
1,1787779778.5507224,3884,108.69,-228.89000000000001,-1591.45,0.9033415632684123,-0.287294433020841,-0.318490076496921,0.21031555138689792,0.9438294754331251,-0.25485935366090995,0.37381999534081406,0.16324163089991828,0.9130228808877292,0.14150000000000001
1,1787779778.6105285,3887,108.69,-228.9,-1591.44,0.9029206847912177,-0.2874810541109123,-0.3195135059796962,0.21003509071520854,0.9437047296117452,-0.25555164639789923,0.37499266345411714,0.16363381935193447,0.9124716299808371,0.17350000000000002
1,1787779778.6554763,3890,108.69,-228.89000000000001,-1591.45,0.9032439953464474,-0.2869826378540768,-0.3190474109609775,0.21027021197285126,0.9440924556582097,-0.25392099780471833,0.37408117144208053,0.16226644982733612,0.9130897417192647,0.1413
1,1787779778.7132864,3893,108.69,-228.89000000000001,-1591.45,0.903025104252848,-0.28710552444197474,-0.31955606538451364,0.21011772871299203,0.9440040765422927,-0.25437539887344957,0.3746948107054946,0.16256297643200224,0.9127853403314177,0.1545
1,1787779778.7751374,3896,108.69,-228.88,-1591.41,0.9031099400137288,-0.28703465625640245,-0.31937993417897725,0.2101719496561205,0.9440547109323715,-0.254142586640141,0.3744598614353001,0.1623939927280725,0.9129118266840947,0.1534
1,1787779778.824987,3899,108.7,-228.88,-1591.41,0.903158722583693,-0.2868480905350396,-0.31940960345204683,0.2099834137068252,0.9441045430429376,-0.2541133167972796,0.37444797741344577,0.16243393968653216,0.9129095943459528,0.1524
1,1787779778.8728883,3902,108.7,-228.88,-1591.44,0.9037315278625185,-0.2868753952849427,-0.31776065383773644,0.20999942403997926,0.9438901127886538,-0.2548954626561634,0.37305437599652264,0.16362751162298625,0.9132669215458944,0.1418
1,1787779778.9247324,3905,108.7,-228.88,-1591.41,0.9033712024857593,-0.286932615055812,-0.31873208959354316,0.20990940859581095,0.9439311752323073,-0.2548175359105256,0.37397661785516767,0.16328995940286198,0.9129500963666205,0.1184
1,1787779778.9772182,3908,108.7,-228.88,-1591.41,0.9033753733941599,-0.28699167684283244,-0.3186670867345756,0.20982890100150037,0.9438472669246667,-0.2551943749837359,0.37401172047071585,0.16367074919415586,0.9128675253336372,0.12710000000000002
1,1787779779.025113,3911,108.7,-228.87,-1591.4,0.9033691197959236,-0.28690307364166556,-0.3187645835630166,0.20994965869990567,0.9439730737739871,-0.2546290965335344,0.3739590541903371,0.1630995472852573,0.9129913271572808,0.13620000000000002
1,1787779779.0726066,3914,108.7,-228.86,-1591.3700000000001,0.903826939291716,-0.28647273994551564,-0.3178525335413862,0.20966242605616345,0.9440315947116321,-0.2546488077459949,0.37301277580106135,0.1635167191889621,0.9133037564988252,0.1199
1,1787779779.1297657,3920,108.71000000000001,-228.86,-1591.4,0.9035004227210024,-0.28661612042627205,-0.3186505698327916,0.2098554908016954,0.9441154014235406,-0.2541786414615648,0.37369460676246,0.1627799382806735,0.9131566309073108,0.1333
1,1787779779.1935892,3923,108.7,-228.86,-1591.38,0.9036870705623581,-0.28643645601592604,-0.31828263409029994,0.20968471689217924,0.9441193460763091,-0.2543048954823498,0.373338985374244,0.1630730420071898,0.9132497933042476,0.11460000000000001
1,1787779779.2404618,3926,108.71000000000001,-228.86,-1591.41,0.9036445793536755,-0.2867115240926204,-0.3181555848279359,0.20975273892533672,0.943943898475817,-0.2548994018109821,0.37340361904785907,0.16360445740493648,0.9131283145315328,0.14170000000000002
1,1787779779.289332,3929,108.71000000000001,-228.86,-1591.42,0.9036912201619711,-0.2864954425682795,-0.31821775561676874,0.2096043551803426,0.9440355845612881,-0.25468181986836014,0.37337406563873804,0.16345389707692107,0.9131673617901411,0.11850000000000001
1,1787779779.3451824,3932,108.71000000000001,-228.85,-1591.3700000000001,0.9039708243999713,-0.28656760090647465,-0.317357462090217,0.20956002262045956,0.9438596176089367,-0.25536957368963153,0.3727215388905617,0.16434120712048797,0.9132746695760439,0.1163
1,1787779779.3900945,3935,108.71000000000001,-228.85,-1591.42,0.9040195180567079,-0.2863809734753806,-0.31738722249613466,0.20937142573661177,0.9439093314132403,-0.25534051804605595,0.3727094271111693,0.1643809967797467,0.9132724515938061,0.1092
1,1787779779.4499357,3938,108.71000000000001,-228.84,-1591.3700000000001,0.9036761487772419,-0.2863791777240799,-0.31836517506978074,0.20930633602426113,0.9440033835374327,-0.2550460146130063,0.37357767041303647,0.16384315193488747,0.9130143184708607,0.12090000000000001
1,1787779779.505411,3941,108.71000000000001,-228.84,-1591.3700000000001,0.9038756300088583,-0.2862861072510237,-0.31788222704508795,0.20947382892404853,0.9440813136700839,-0.25461969321886146,0.3730007513021763,0.16355652837482235,0.9133015392267704,0.1116
1,1787779779.5552983,3944,108.71000000000001,-228.85,-1591.39,0.903886017228628,-0.28643328794571093,-0.3177200645460997,0.2092730763057109,0.9438712358317861,-0.25556187059677143,0.3730882568402714,0.16450854605760243,0.9130947874574147,0.099
1,1787779779.6091523,3947,108.72,-228.83,-1591.38,0.904142100229284,-0.2859765654075663,-0.31740268844272723,0.20943736066310922,0.9442196352972873,-0.25413632616674114,0.3723748844262321,0.1632993703501318,0.9136029012058798,0.1106
1,1787779779.6599886,3950,108.72,-228.84,-1591.4,0.9040805619510914,-0.2860761731833128,-0.3174882055116219,0.2092880983426411,0.9440959152376969,-0.25471826539063974,0.3726081445625143,0.16383932973583187,0.9134111038505026,0.10540000000000001
1,1787779779.705866,3953,108.71000000000001,-228.84,-1591.39,0.9037947843098957,-0.2862106456899358,-0.3181799084605738,0.20910662826513182,0.9440090460326873,-0.25518883013181365,0.3734024716975198,0.16410480584737824,0.9130389952395118,0.11180000000000001
1,1787779779.7647076,3956,108.72,-228.84,-1591.4,0.9041482981823539,-0.2860647675513026,-0.3173055367619233,0.20931712618535275,0.9440939264920052,-0.25470178375192654,0.3724274366631145,0.1638707012456077,0.9134791720087625,0.0879
