Tool ID,Timestamp,Frame #,Tx,Ty,Tz,R00,R01,R02,R10,R11,R12,R20,R21,R22,Tracking Quality
1,1787599908.905797,91,34.51,-398.43,-1694.8600000000001,-0.8835195931778461,0.036399735863693876,-0.46697771649181136,-0.25858560750345355,-0.8691822852026675,0.4214921573196095,-0.3905465555640237,0.49315029587228465,0.77735202683093,0.533
1,1787599908.955664,94,34.49,-398.41,-1694.73,-0.8828672868378376,0.036092047510785215,-0.46823361470325287,-0.25988701717661267,-0.8680037693611965,0.42311723514623867,-0.39115737515051163,0.4952442028749389,0.7757119873923104,0.5148
1,1787599909.0155823,97,34.5,-398.42,-1694.73,-0.8831897758713134,0.036020590653705296,-0.4676305559363471,-0.25927635436181534,-0.8683432077694623,0.4227952762147261,-0.3908344814179337,0.49465401097089917,0.7762511304759409,0.521
1,1787599909.0754466,100,34.49,-398.41,-1694.72,-0.8829831050841577,0.03595536131614656,-0.4680256917398495,-0.259666278473236,-0.8680271560168321,0.4232047734149392,-0.3910425296049,0.4952131545203091,0.7757897083812375,0.5174
1,1787599909.121303,103,34.49,-398.42,-1694.73,-0.8826891497508372,0.03603850291236252,-0.46857346405871036,-0.25992793127487906,-0.8681071904301146,0.4228798605593489,-0.3915320363077658,0.4950667957269688,0.7756362113216003,0.5131
1,1787599909.1801438,106,34.49,-398.41,-1694.72,-0.8831715654108186,0.036112917200367314,-0.46765782711410203,-0.25952617485897755,-0.8681312141930511,0.42307725004633157,-0.3907098035791672,0.49501924422690696,0.7760810506848821,0.5094000000000001
1,1787599909.2400167,109,34.5,-398.42,-1694.76,-0.8828386246807052,0.0360652882584422,-0.46828971561920535,-0.25922564642720597,-0.8688478692470604,0.42178838810384534,-0.39166060180502965,0.49376378470649135,0.7764015056052144,0.5138
1,1787599909.2998226,115,34.480000000000004,-398.41,-1694.72,-0.8828107576423762,0.03585426081002548,-0.4683584505191087,-0.2597403210449468,-0.8680392353509396,0.4231345548579364,-0.3913823345711475,0.4951993112607515,0.7756271722370973,0.5087
1,1787599909.3596992,118,34.5,-398.42,-1694.72,-0.8824945574142388,0.035928427356762875,-0.46894829591535614,-0.2600349375278851,-0.8680945092775203,0.42284010479978124,-0.39189946083034555,0.49509703197443117,0.7754313261217871,0.5075000000000001
1,1787599909.4045415,121,34.49,-398.42,-1694.73,-0.8830903015322028,0.036213801981382444,-0.4678034628835236,-0.2594310586618406,-0.8684357994913061,0.4225101039779907,-0.3909565770534621,0.49447732274387374,0.7763022170203375,0.5249
1,1787599909.464381,124,34.49,-398.42,-1694.74,-0.8829074896017948,0.03600884215199409,-0.46816421060556207,-0.2596041376688688,-0.8682406066835846,0.42280484932285683,-0.3912544651633504,0.4948349342887923,0.7759241788326661,0.5155000000000001
1,1787599909.5242202,127,34.49,-398.42,-1694.73,-0.8829074896017948,0.03600884215199409,-0.46816421060556207,-0.2596041376688688,-0.8682406066835846,0.42280484932285683,-0.3912544651633504,0.4948349342887923,0.7759241788326661,0.5163
1,1787599909.5840611,130,34.5,-398.42,-1694.74,-0.8831199246298893,0.03602653842989776,-0.467761998510415,-0.25924730656522055,-0.8684651920574322,0.4225624737519005,-0.3910115506738604,0.4944393781985878,0.7762986980062615,0.5261
1,1787599909.643899,133,34.480000000000004,-398.42,-1694.7,-0.8832633319714781,0.03611600206628618,-0.46748424656814974,-0.2595221438169187,-0.8680338426872122,0.4232794642057925,-0.39050498494041425,0.49518974377951347,0.7760753664382517,0.5195000000000001
1,1787599909.6888125,136,34.49,-398.42,-1694.74,-0.8831085152170675,0.036121510581068265,-0.4677762144706039,-0.259181157985411,-0.8686475849131206,0.42222801964098083,-0.39108116510060675,0.4941119404527125,0.7764720939001009,0.5269
1,1787599909.7486193,142,34.49,-398.42,-1694.73,-0.8834754804372079,0.03613361877771993,-0.4670818312247555,-0.2591653402104027,-0.8682586142145103,0.4230370022538505,-0.3902619657356719,0.49479424050439846,0.7764497779404699,0.5192
1,1787599909.8084571,145,34.49,-398.41,-1694.71,-0.8832977691468465,0.03608003812670946,-0.46742195270331405,-0.25920637809691627,-0.8683619209479246,0.42279974905563567,-0.3906367936767893,0.49461682653990374,0.7763743235897953,0.5091
1,1787599909.8682966,148,34.49,-398.42,-1694.73,-0.8833724036819598,0.03622540602057932,-0.46726963989949183,-0.25910333854980383,-0.8685383811286185,0.42250034373811385,-0.3905363700931096,0.4942962679053149,0.7766289610678803,0.5273
1,1787599909.928136,151,34.49,-398.42,-1694.73,-0.8827369634301969,0.03575913925003597,-0.4685047890407646,-0.2594942610757798,-0.8683486015869738,0.4226504875079192,-0.3917118607634569,0.49466351197763037,0.7758026991801373,0.5124000000000001
1,1787599909.9879754,154,34.49,-398.43,-1694.75,-0.8826210821081838,0.035895899509060074,-0.4687126089797607,-0.25971494548642843,-0.8683252398478628,0.42256292423038366,-0.3918267123476398,0.494694615133,0.7757248644005508,0.5035000000000001
1,1787599910.0478146,160,34.49,-398.42,-1694.75,-0.8829936411596482,0.03605935456381792,-0.46799781262316537,-0.2595671508916679,-0.8682345780937264,0.42283993612286785,-0.3910845482112642,0.49484183367097184,0.7760054354188131,0.5065000000000001
1,1787599910.1076539,163,34.49,-398.41,-1694.71,-0.8832977691468465,0.03608003812670946,-0.46742195270331405,-0.25920637809691627,-0.8683619209479246,0.42279974905563567,-0.3906367936767893,0.49461682653990374,0.7763743235897953,0.523
1,1787599910.167523,166,34.49,-398.42,-1694.75,-0.8829074896017948,0.03600884215199409,-0.46816421060556207,-0.2596041376688688,-0.8682406066835846,0.42280484932285683,-0.3912544651633504,0.4948349342887923,0.7759241788326661,0.5189
1,1787599910.2273328,169,34.49,-398.43,-1694.74,-0.8833493564509775,0.03616656079550173,-0.4673177659129482,-0.25948508936890907,-0.86802781468263,0.4233145418391705,-0.390334987994739,0.495196620361572,0.7761564947416366,0.523
1,1787599910.287172,172,34.49,-398.43,-1694.77,-0.883011835335482,0.035967104448379444,-0.4679705824675976,-0.25931725528943916,-0.868446499619029,0.4225579704710438,-0.391209227609236,0.4944765360429705,0.7761754283255362,0.5202
1,1787599910.3470118,178,34.49,-398.42,-1694.73,-0.8829831050841577,0.03595536131614656,-0.4680256917398495,-0.259666278473236,-0.8680271560168321,0.4232047734149392,-0.3910425296049,0.4952131545203091,0.7757897083812375,0.5074000000000001
1,1787599910.4068508,181,34.49,-398.42,-1694.72,-0.8832815481173099,0.03602363759643792,-0.4674569544779589,-0.2592723740455357,-0.8682458992841604,0.42299751114283285,-0.3906296747717457,0.49482457084360687,0.776245516107604,0.5307000000000001
1,1787599910.46669,184,34.49,-398.42,-1694.73,-0.8827179171776095,0.0360505046301565,-0.468518345221971,-0.2595787149706185,-0.8685263800922277,0.42223313207053464,-0.39169882489972496,0.49433014089756067,0.7760217409147585,0.5091
1,1787599910.5265632,187,34.49,-398.42,-1694.73,-0.8828098610502699,0.03605341606417742,-0.46834485202947024,-0.25957491064234156,-0.8684291469048776,0.422435418225185,-0.39149408041172656,0.4945007259814386,0.7760163767643097,0.5233
1,1787599910.5714092,190,34.49,-398.43,-1694.75,-0.8826105095706728,0.03579172665205848,-0.4687404833153005,-0.2598142569201545,-0.8681178922124398,0.4229277445636055,-0.3917846861433269,0.49506593250181813,0.7755091760770338,0.5148
1,1787599910.6312501,193,34.49,-398.42,-1694.76,-0.8828280438669501,0.03596124184669253,-0.46831766360761784,-0.259324913612614,-0.8686409422828019,0.4221534111787519,-0.39161873568799616,0.4941353078610045,0.7761862298335662,0.5052
1,1787599910.6911101,196,34.49,-398.43,-1694.76,-0.8829017690478496,0.03605636604230053,-0.46817134115620634,-0.25957105594904967,-0.8683318795680481,0.42263768625066533,-0.39128932150733764,0.49467129024600176,0.7760109415985595,0.5251
1,1787599910.7359684,199,34.49,-398.42,-1694.76,-0.8829362352568959,0.036020638460493304,-0.4681090877939433,-0.2592550137489529,-0.8686596019523174,0.42215794885572333,-0.3914210550243937,0.49409817803847417,0.7763095697868543,0.517
1,1787599910.7958095,205,34.49,-398.42,-1694.75,-0.8829305253413514,0.0360681611439994,-0.46811619836546503,-0.2592218934643457,-0.8687507479062501,0.42199069653381044,-0.39145586899317825,0.49393443468138726,0.776396211265082,0.5136000000000001
1,1787599910.8558073,208,34.49,-398.42,-1694.77,-0.8834125267291089,0.03614188987274106,-0.4672002476610198,-0.2588205283956518,-0.8687747658769411,0.42218756525561224,-0.3906331292902424,0.4938867987422755,0.776840774115919,0.5256000000000001
1,1787599910.9156451,211,34.49,-398.42,-1694.74,-0.8830806762066742,0.03591094159454554,-0.46784497815425596,-0.2596952912396644,-0.8678383272427487,0.42357407082640675,-0.3908028595318988,0.49554721474578084,0.7756971592956815,0.52
1,1787599910.9754853,214,34.49,-398.42,-1694.76,-0.8832969089478372,0.036278767963662806,-0.467408195946792,-0.25904126856873566,-0.8687513976682792,0.42210026087140895,-0.39074824608882913,0.4939178677112725,0.7767631222799226,0.5256000000000001
1,1787599911.0203648,217,34.5,-398.43,-1694.76,-0.8831946105118891,0.03617195247828129,-0.46760974093431945,-0.2591442172593235,-0.8686415795104518,0.42226304717159385,-0.39091118508403544,0.4941188077775386,0.7765533138018915,0.5087
1,1787599911.0802057,220,34.49,-398.42,-1694.74,-0.8828280438669501,0.03596124184669253,-0.46831766360761784,-0.259324913612614,-0.8686409422828019,0.4221534111787519,-0.39161873568799616,0.4941353078610045,0.7761862298335662,0.5164
1,1787599911.1400428,223,34.49,-398.42,-1694.74,-0.8833264995698564,0.03609147241030976,-0.46736677329151277,-0.2588574730906624,-0.8687807597492095,0.4221525791875533,-0.3908031522170483,0.49387994199890556,0.776759614751164,0.5201
1,1787599911.1998823,229,34.49,-398.43,-1694.77,-0.8836063620981143,0.03625162900130717,-0.4668250381615016,-0.2587137049948025,-0.8687874393777092,0.4222269579590876,-0.39026531450744906,0.49385646150908513,0.777044901996099,0.5231
1,1787599911.259722,232,34.49,-398.42,-1694.75,-0.8832920696543942,0.036127487595142144,-0.4674290580673388,-0.25917334979839834,-0.8684531678297449,0.42263254730410665,-0.3906715941042217,0.4944531321839753,0.7764610779900835,0.5346000000000001
1,1787599911.3195617,235,34.49,-398.42,-1694.76,-0.8829936411596482,0.03605935456381792,-0.46799781262316537,-0.2595671508916679,-0.8682345780937264,0.42283993612286785,-0.3910845482112642,0.49484183367097184,0.7760054354188131,0.5035000000000001
1,1787599911.3794012,238,34.49,-398.43,-1694.77,-0.8827073420991128,0.03594639392133763,-0.46854626769228613,-0.2596779956950256,-0.8683192066297477,0.4225980288047965,-0.3916568482180973,0.49470153846732406,0.7758062265037119,0.5309
1,1787599911.4392397,241,34.49,-398.43,-1694.76,-0.883315965068172,0.035987646883501465,-0.46739468880965274,-0.2589565225775811,-0.8685737477250098,0.4225176495455041,-0.39076134055227424,0.494251488652001,0.7765442940972977,0.5176000000000001
1,1787599911.4990795,247,34.49,-398.42,-1694.75,-0.8829822097286967,0.03615437554265056,-0.4680120494514525,-0.25950101239424933,-0.8684171031700749,0.42250557332188543,-0.3911542430665779,0.49451450539980774,0.776178949779106,0.5155000000000001
1,1787599911.558919,250,34.480000000000004,-398.42,-1694.74,-0.8832404426008199,0.03604105883253963,-0.46753327435866743,-0.25889440923248275,-0.8687867556984502,0.4221175878722954,-0.39097315179238507,0.4938730760035322,0.7766784272633931,0.5109
1,1787599911.6037984,253,34.49,-398.42,-1694.75,-0.8826268166635696,0.03584832105572558,-0.4687054516258787,-0.2597480818508961,-0.8682339626853266,0.42273007938223983,-0.39179182799174544,0.4948582462859645,0.7756381112359463,0.5048
1,1787599911.6636386,256,34.49,-398.43,-1694.78,-0.8839097593067796,0.03627177458338519,-0.4662487488141956,-0.2583531006980737,-0.86891458153201,0.42218612644276093,-0.38981689645514567,0.4936312473594272,0.7774130040515493,0.5225000000000001
1,1787599911.7234766,259,34.480000000000004,-398.42,-1694.75,-0.8825396510455573,0.03599719637647481,-0.4688581514545942,-0.25961935468295755,-0.8686296004936482,0.4219957438413918,-0.3920734051250995,0.49415262723097847,0.7759456334011624,0.5203
1,1787599911.7683606,262,34.49,-398.42,-1694.75,-0.8831381042894253,0.035934223632276906,-0.4677347756197156,-0.2589973759477779,-0.8686769467625065,0.42228038246588573,-0.39113609908092806,0.4940739759745648,0.7764685816312463,0.5199
1,1787599911.8281958,265,34.480000000000004,-398.43,-1694.75,-0.8827073420991128,0.03594639392133763,-0.46854626769228613,-0.2596779956950256,-0.8683192066297477,0.4225980288047965,-0.3916568482180973,0.49470153846732406,0.7758062265037119,0.5165000000000001
1,1787599911.8880348,268,34.480000000000004,-398.43,-1694.75,-0.8827016132819485,0.03599396094660248,-0.4685534085724059,-0.25964486757930366,-0.8684104592224612,0.4224308429231465,-0.39169172144579634,0.49453787427092843,0.7758929605702195,0.5129
1,1787599911.9478743,274,34.49,-398.42,-1694.74,-0.8829248172106762,0.036115687741235754,-0.46812330026657634,-0.25918876476394537,-0.8688418653687606,0.42182341945732743,-0.39149067852713154,0.49377066547285875,0.7764828256599473,0.5235000000000001
1,1787599912.0077136,277,34.49,-398.43,-1694.78,-0.8832977691468465,0.03608003812670946,-0.46742195270331405,-0.25920637809691627,-0.8683619209479246,0.42279974905563567,-0.3906367936767893,0.49461682653990374,0.7763743235897953,0.5088
1,1787599912.052777,280,34.49,-398.43,-1694.77,-0.8832977691468465,0.03608003812670946,-0.46742195270331405,-0.25920637809691627,-0.8683619209479246,0.42279974905563567,-0.3906367936767893,0.49461682653990374,0.7763743235897953,0.5281
1,1787599912.112605,283,34.49,-398.43,-1694.77,-0.8827121940856907,0.03609807100695521,-0.4685254653506066,-0.2595455746097712,-0.8686175598186474,0.42206590655391957,-0.39173368136134185,0.4941664335467101,0.7761084066306817,0.52
1,1787599912.1724439,286,34.49,-398.43,-1694.77,-0.8831247706183478,0.036177929159945624,-0.46774116449377023,-0.25911511433831574,-0.86876339413843,0.4220302388769274,-0.3910882215584251,0.4939041632207334,0.7766007214209212,0.5245000000000001
1,1787599912.2322853,289,34.49,-398.42,-1694.73,-0.8833732844394357,0.03602672308843718,-0.4672833354210194,-0.2592683433711473,-0.8681485566794163,0.42319972786029436,-0.39042485379937675,0.49499510983337547,0.7762398307074818,0.5083
1,1787599912.2921228,295,34.49,-398.42,-1694.75,-0.883006123650416,0.03601461241895569,-0.46797770597345617,-0.2592841639162395,-0.8685377223337318,0.42239075182298896,-0.3912440516328943,0.49431282865776976,0.7762621461118864,0.512
1,1787599912.3519633,298,34.49,-398.43,-1694.76,-0.8828155837678594,0.036005872891583475,-0.46833772234780374,-0.2596080174686663,-0.868337906358193,0.422602600142804,-0.39145922178766207,0.4946643887513888,0.7759296489879818,0.525
1,1787599912.4118018,301,34.49,-398.42,-1694.76,-0.8830405690364421,0.035978795164989065,-0.46791546216626784,-0.25896808252151876,-0.8688652298935536,0.421910825314011,-0.3913756324439785,0.49373954528728786,0.7765606066164947,0.5173
1,1787599912.4716434,304,34.49,-398.43,-1694.77,-0.8834125267291089,0.03614188987274106,-0.4672002476610198,-0.2588205283956518,-0.8687747658769411,0.42218756525561224,-0.3906331292902424,0.4938867987422755,0.776840774115919,0.5132
1,1787599912.5316067,307,34.480000000000004,-398.42,-1694.75,-0.883011835335482,0.035967104448379444,-0.4679705824675976,-0.25931725528943916,-0.868446499619029,0.4225579704710438,-0.391209227609236,0.4944765360429705,0.7761754283255362,0.5106
1,1787599912.591446,310,34.49,-398.42,-1694.73,-0.8832299008107773,0.035937193491491964,-0.4675611836302701,-0.2589934975350696,-0.8685797536756915,0.42248263838793026,-0.39093133738335173,0.49424460505768786,0.7764631091191867,0.5163
1,1787599912.6363251,313,34.49,-398.43,-1694.75,-0.8832003103872077,0.036124479816680155,-0.46760264508438604,-0.2591772790675006,-0.8685503934439103,0.42243029254966485,-0.390876386786292,0.4942825467345603,0.7764666214632091,0.518
1,1787599912.696165,319,34.49,-398.42,-1694.75,-0.8835614407125705,0.03618413771561875,-0.46691529067241294,-0.25912829847467217,-0.868252601645769,0.4230720324778923,-0.3900919191877062,0.49480109934511135,0.7765308536505949,0.5182
1,1787599912.756004,322,34.49,-398.42,-1694.75,-0.8832519170979334,0.03621091519082299,-0.46749847118880306,-0.2594561391074255,-0.8682165048314313,0.4229451650246887,-0.39057465716850265,0.49486247620862905,0.7762490365973864,0.5207
1,1787599912.8008838,325,34.480000000000004,-398.42,-1694.74,-0.8829305253413514,0.0360681611439994,-0.46811619836546503,-0.2592218934643457,-0.8687507479062501,0.42199069653381044,-0.39145586899317825,0.49393443468138726,0.776396211265082,0.5136000000000001
1,1787599912.8607233,328,34.480000000000004,-398.42,-1694.74,-0.8831772776831418,0.03606544723415781,-0.46765070266171405,-0.259559189688395,-0.8680398727805927,0.4232443813110295,-0.39067495854290235,0.49518285792104366,0.7759942100226321,0.5196000000000001
1,1787599912.9205625,331,34.49,-398.41,-1694.72,-0.8830280978863185,0.036023569173276995,-0.46793555198049264,-0.2592511853321693,-0.8685624140799314,0.42236022037060605,-0.39121631004744084,0.49426878852670825,0.7763041694086183,0.5095000000000001
1,1787599912.9804018,334,34.49,-398.42,-1694.73,-0.8835098914295998,0.03609748798076405,-0.46701953182659833,-0.2588496167997338,-0.8685864333200951,0.4225570774876533,-0.3903935804142884,0.49422118450523167,0.7767485263311146,0.5193
1,1787599913.040241,337,34.49,-398.42,-1694.73,-0.8833943113442702,0.03623432241342854,-0.46722752975806375,-0.25907038891234435,-0.8685630752562857,0.4224697834048611,-0.39050867374923853,0.4942522212196758,0.7766709197247105,0.5214
1,1787599913.0851204,340,34.49,-398.42,-1694.75,-0.8832920696543942,0.036127487595142144,-0.4674290580673388,-0.25917334979839834,-0.8684531678297449,0.42263254730410665,-0.3906715941042217,0.4944531321839753,0.7764610779900835,0.5201
1,1787599913.14496,346,34.49,-398.41,-1694.73,-0.8828903332909148,0.03615142558543177,-0.4681855762511253,-0.25950486723781485,-0.8685143399611279,0.4223032857577244,-0.3913590209275128,0.49434392452019393,0.7761843859732245,0.5029
1,1787599913.204799,349,34.49,-398.43,-1694.77,-0.8830280978863185,0.036023569173276995,-0.46793555198049264,-0.2592511853321693,-0.8685624140799314,0.42236022037060605,-0.39121631004744084,0.49426878852670825,0.7763041694086183,0.5142
1,1787599913.26464,352,34.49,-398.41,-1694.72,-0.883468928041445,0.036379622293631994,-0.46707512914634286,-0.2589673885755092,-0.8687394095077811,0.4221702618878469,-0.39040817721928095,0.49393153518462934,0.7769254106479424,0.5089
1,1787599913.324478,355,34.49,-398.42,-1694.75,-0.8826202121911634,0.03609521740049715,-0.46869893995232875,-0.25954930346151206,-0.8687147264791202,0.42186358348517267,-0.3919384136624908,0.49399580896918366,0.7761136647531806,0.5125000000000001
1,1787599913.3843176,358,34.480000000000004,-398.41,-1694.73,-0.8836120388226947,0.036204239282479435,-0.4668179708468576,-0.2587467087300661,-0.8686962952930004,0.4223942320458158,-0.39023058000233524,0.494020242097622,0.7769582323579872,0.5217
1,1787599913.4441566,364,34.49,-398.42,-1694.74,-0.8836635435834564,0.03629095071284882,-0.4667137330718758,-0.25902535257199316,-0.868362614755366,0.422909252701071,-0.3899289787467497,0.4946001781151937,0.7767406615736913,0.5135000000000001
1,1787599913.5039964,367,34.480000000000004,-398.42,-1694.72,-0.8828615592082782,0.0361395804429272,-0.46824074790404246,-0.25985395721614646,-0.8680951121920576,0.42295011184224574,-0.3911922649943847,0.49508060648107427,0.7757988172811912,0.5078
1,1787599913.5640516,370,34.49,-398.41,-1694.73,-0.8837161744202171,0.03616210101184357,-0.46662407301649717,-0.2584599068814176,-0.8689019017853425,0.42214684839361727,-0.3901848274894155,0.49366161236643064,0.7772091178523519,0.5345
1,1787599913.6238902,373,34.49,-398.42,-1694.76,-0.8829362352568959,0.036020638460493304,-0.4681090877939433,-0.2592550137489529,-0.8686596019523174,0.42215794885572333,-0.3914210550243937,0.49409817803847417,0.7763095697868543,0.5167
1,1787599913.6837358,376,34.480000000000004,-398.42,-1694.74,-0.8832060120424189,0.03607701106637558,-0.4675955405739484,-0.25921033246432235,-0.8684591789028131,0.42259751315310295,-0.39084158406682096,0.4944462598220035,0.7763799020532215,0.5153
1,1787599913.7438934,382,34.49,-398.42,-1694.76,-0.8837838461701252,0.03630511398474899,-0.46648478211758954,-0.2586727369881492,-0.8686843188664601,0.42246416332580694,-0.3898904056113723,0.49403389848680285,0.7771203116365774,0.5171
1,1787599913.803697,385,34.480000000000004,-398.42,-1694.74,-0.8824082333617269,0.035877893202613545,-0.46911457712884813,-0.26007189992590296,-0.8681005579624755,0.4228049528259687,-0.3920692752108577,0.4950900908365874,0.7753499115825397,0.5194
1,1787599913.8695211,388,34.49,-398.41,-1694.73,-0.8830854773749732,0.03606238162801249,-0.4678242664513366,-0.25956319547113327,-0.868137242493907,0.42304216781768883,-0.39087976054821505,0.49501235623607504,0.7759998582263911,0.5189
1,1787599913.9233782,391,34.49,-398.42,-1694.74,-0.8831036772341598,0.03597009357639865,-0.4677970154069068,-0.25931335058814714,-0.8683492270621158,0.42276022290108434,-0.3910044519724211,0.49464711889258084,0.7761699210282602,0.5102
1,1787599913.9832172,394,34.480000000000004,-398.42,-1694.74,-0.8830166841546588,0.03611857988901901,-0.4679497662049977,-0.2591849865511989,-0.8687447422253947,0.4220257286021638,-0.39128592902245574,0.49394131335871566,0.7764774952994459,0.5287000000000001
1,1787599914.043348,400,34.49,-398.42,-1694.72,-0.8836979574174061,0.036254674696058795,-0.4666513887464466,-0.25870972713311124,-0.8686903060396105,0.42242920031588593,-0.3900605044643913,0.4940270749214973,0.7770392860734223,0.516
1,1787599914.1031878,403,34.49,-398.42,-1694.74,-0.8828394812340189,0.035866160522746465,-0.4683033940767512,-0.25939117151957736,-0.868458540852614,0.42248784947954404,-0.39154906526787875,0.4944627198783597,0.7760128530754794,0.5233
1,1787599914.163027,406,34.49,-398.41,-1694.74,-0.8829362352568959,0.036020638460493304,-0.4681090877939433,-0.2592550137489529,-0.8686596019523174,0.42215794885572333,-0.3914210550243937,0.49409817803847417,0.7763095697868543,0.5137
1,1787599914.2228658,409,34.49,-398.42,-1694.75,-0.8834697870509837,0.03618103359421498,-0.4670889296227684,-0.25913235369647786,-0.8683498973015135,0.42286981344637764,-0.390296757142322,0.49463055775447706,0.7765365752491521,0.5249
1,1787599914.2677457,412,34.49,-398.43,-1694.77,-0.8835155777727342,0.036050082219664714,-0.4670124360280644,-0.2588826250255845,-0.8684952202225512,0.4227243060322469,-0.3903588224861507,0.494384914841197,0.7766617962052004,0.5169
1,1787599914.327585,415,34.480000000000004,-398.42,-1694.73,-0.8829773827659675,0.03600287048331856,-0.46803283521642325,-0.2596332256893753,-0.8681185056102605,0.4230376441111806,-0.3910773959741116,0.4950495465445549,0.7758765474121115,0.519
1,1787599914.3874242,418,34.49,-398.41,-1694.73,-0.8827073420991128,0.03594639392133763,-0.46854626769228613,-0.2596779956950256,-0.8683192066297477,0.4225980288047965,-0.3916568482180973,0.49470153846732406,0.7758062265037119,0.4999
1,1787599914.432304,421,34.49,-398.42,-1694.74,-0.8832863719399765,0.03617494097481515,-0.46743615477472644,-0.2591403130897586,-0.8685443862458503,0.4224653207691264,-0.3907063901152056,0.4942894119504156,0.7765478053261481,0.5195000000000001
1,1787599914.4921432,427,34.49,-398.43,-1694.77,-0.8832519170979334,0.03621091519082299,-0.46749847118880306,-0.2594561391074255,-0.8682165048314313,0.4229451650246887,-0.39057465716850265,0.49486247620862905,0.7762490365973864,0.5157
1,1787599914.5519824,430,34.49,-398.42,-1694.76,-0.8821375653527294,0.035821654520108895,-0.46962764490711256,-0.2601163142870778,-0.8683012864786271,0.4223652198527564,-0.39264846725189845,0.49474203881113943,0.7752789795923349,0.5104000000000001
1,1787599914.611822,433,34.49,-398.41,-1694.73,-0.8827935723300416,0.035996892240929855,-0.46837990179101247,-0.25964103732336624,-0.8683131754931143,0.4226331281415485,-0.39148696069014854,0.4947084525395327,0.7758875605366613,0.5075000000000001
1,1787599914.6716616,436,34.49,-398.42,-1694.75,-0.8825347923665205,0.035845409006590084,-0.4688789256468376,-0.25975188669653687,-0.8683312751468112,0.42252781442113635,-0.3919965530717991,0.49468768253824863,0.7756434742359178,0.5117
1,1787599914.7165406,439,34.49,-398.42,-1694.74,-0.8827935723300416,0.035996892240929855,-0.46837990179101247,-0.25964103732336624,-0.8683131754931143,0.4226331281415485,-0.39148696069014854,0.4947084525395327,0.7758875605366613,0.5141
1,1787599914.77638,442,34.49,-398.41,-1694.73,-0.8833732844394357,0.03602672308843718,-0.4672833354210194,-0.2592683433711473,-0.8681485566794163,0.42319972786029436,-0.39042485379937675,0.49499510983337547,0.7762398307074818,0.518
1,1787599914.8362198,445,34.480000000000004,-398.42,-1694.72,-0.8830740502742785,0.0361573640429888,-0.4678385049968029,-0.2594971071846327,-0.8683198322347021,0.42270784273621637,-0.39094945081811794,0.4946850654440271,0.7761734425575578,0.5189
1,1787599914.8960593,451,34.480000000000004,-398.42,-1694.74,-0.8827705576372132,0.03593739476316823,-0.4684278452723747,-0.2600232171891774,-0.8678022257784334,0.42344683663547067,-0.3912851506145786,0.49560851545512546,0.7754148117729589,0.5065000000000001
1,1787599914.9559,454,34.480000000000004,-398.42,-1694.74,-0.8827188050924248,0.03585127165710673,-0.4685319599096412,-0.25974422663339103,-0.868136616082704,0.4229323262025416,-0.39158708848329377,0.4950287892002239,0.7756326772359048,0.5145000000000001
1,1787599915.0162444,457,34.49,-398.42,-1694.74,-0.8830911935952184,0.03601489630161583,-0.46781713418702026,-0.2595962269822909,-0.8680459049621237,0.4232092931577078,-0.3908449087952043,0.4951759627878473,0.7759130255035013,0.5085000000000001
1,1787599915.0760837,460,34.49,-398.42,-1694.73,-0.8828960502773548,0.036103893854205635,-0.4681784630386266,-0.2595379658051145,-0.868423123997111,0.42247049839348727,-0.3913241734296382,0.4945076203211257,0.7760976773151352,0.5168
1,1787599915.1359253,463,34.49,-398.42,-1694.73,-0.8834697870509837,0.03618103359421498,-0.4670889296227684,-0.25913235369647786,-0.8683498973015135,0.42286981344637764,-0.390296757142322,0.49463055775447706,0.7765365752491521,0.5167
1,1787599915.1808152,466,34.49,-398.41,-1694.73,-0.882713072702807,0.03589883082407958,-0.4685391181374645,-0.259711115379972,-0.8682279255799459,0.42276518990006096,-0.3916219705630159,0.49486517677909786,0.7757194653892169,0.4984
1,1787599915.2406423,472,34.49,-398.42,-1694.71,-0.8828098610502699,0.03605341606417742,-0.46834485202947024,-0.25957491064234156,-0.8684291469048776,0.422435418225185,-0.39149408041172656,0.4945007259814386,0.7760163767643097,0.5067
1,1787599915.3004816,475,34.49,-398.42,-1694.75,-0.8832117154769201,0.036029546229643106,-0.46758842740470136,-0.25924337744903736,-0.8683679358968033,0.42276470897550233,-0.3908067769283583,0.4946099470338332,0.7762931555810968,0.5201
1,1787599915.3603208,478,34.49,-398.43,-1694.76,-0.8828155837678594,0.036005872891583475,-0.46833772234780374,-0.2596080174686663,-0.868337906358193,0.422602600142804,-0.39145922178766207,0.4946643887513888,0.7759296489879818,0.5125000000000001
1,1787599915.42016,481,34.49,-398.42,-1694.72,-0.8827753693628052,0.03608903972461518,-0.46840711828292897,-0.2598909485382498,-0.868101150268432,0.42291498882223816,-0.3913621623435912,0.49507370573923654,0.775717528338356,0.5142
1,1787599915.46504,484,34.480000000000004,-398.42,-1694.73,-0.883011835335482,0.035967104448379444,-0.4679705824675976,-0.25931725528943916,-0.868446499619029,0.4225579704710438,-0.391209227609236,0.4944765360429705,0.7761754283255362,0.5198
1,1787599915.5253851,487,34.49,-398.42,-1694.73,-0.8827992989830212,0.03594934450191566,-0.4683727600373112,-0.2596741403270199,-0.8682218905574148,0.4228002951776777,-0.3914520897383348,0.4948720980079507,0.7758007914746541,0.5118
1,1787599915.585225,490,34.49,-398.43,-1694.76,-0.882886412715543,0.035800753747879555,-0.46821991443483424,-0.25980246230655457,-0.8678255984251365,0.42353442752331827,-0.3911703756954648,0.49557747804872787,0.7754925534324181,0.5091
1,1787599915.6306102,493,34.49,-398.43,-1694.76,-0.882615349340585,0.03594348189273174,-0.4687197576567726,-0.2596818006892028,-0.8684164885541138,0.42239574429456034,-0.39186159227361117,0.4945309580974374,0.7758115905192577,0.523
1,1787599915.6904495,499,34.49,-398.42,-1694.72,-0.8826728539718186,0.035981935275850224,-0.4686085073865486,-0.25999408487578113,-0.8679910671602051,0.42307751436314045,-0.3915248506683191,0.49527447709718775,0.775507242806447,0.5162
1,1787599915.7507932,502,34.49,-398.41,-1694.71,-0.8829313905868335,0.03586911112034776,-0.4681298605983561,-0.25938731732795195,-0.8683612718956327,0.42269010052425776,-0.3913443229763382,0.4946333069448871,0.7760074178350078,0.5217
1,1787599915.8111377,505,34.49,-398.42,-1694.73,-0.8830911935952184,0.03601489630161583,-0.46781713418702026,-0.2595962269822909,-0.8680459049621237,0.4232092931577078,-0.3908449087952043,0.4951759627878473,0.7759130255035013,0.5169
1,1787599915.8709772,508,34.49,-398.43,-1694.75,-0.8830749542799969,0.035958427548355446,-0.4678521311393492,-0.25966227198934455,-0.8679297375725937,0.42340698523111325,-0.3908377280006535,0.4953836514514969,0.7757840603195383,0.5095000000000001
1,1787599915.9158568,511,34.480000000000004,-398.43,-1694.76,-0.8831085152170675,0.036121510581068265,-0.4677762144706039,-0.259181157985411,-0.8686475849131206,0.42222801964098083,-0.39108116510060675,0.4941119404527125,0.7764720939001009,0.5153
1,1787599915.9756963,514,34.49,-398.42,-1694.73,-0.8828041401179921,0.036100963158422726,-0.4683519730390453,-0.25954179539066974,-0.8685203589873199,0.42226821153139704,-0.39152893460882326,0.4943370373374537,0.7761030774842403,0.5173
1,1787599916.0355363,517,34.5,-398.42,-1694.74,-0.8831658549169714,0.03616039108572922,-0.46766494290817,-0.25949315160990233,-0.8682225271670021,0.42291009397660917,-0.3907446442068465,0.49485560463257483,0.7761678643099016,0.5142
1,1787599916.080415,520,34.49,-398.41,-1694.72,-0.8824484728833917,0.03579492241641974,-0.46904521768692237,-0.2597888193243142,-0.8683373125259447,0.42249269937988115,-0.39216637038360225,0.4946807406847595,0.7755620560185555,0.5156000000000001
1,1787599916.1402547,526,34.49,-398.42,-1694.73,-0.8835557512667015,0.036231537159659176,-0.46692238125686647,-0.259095328650256,-0.8683438886052735,0.42290483775134097,-0.3901267038734342,0.49463740945961665,0.7766176588823673,0.5208
1,1787599916.200094,529,34.49,-398.42,-1694.75,-0.8829879245530753,0.03610686309360061,-0.46800493537033605,-0.25953408585402465,-0.8683258548600021,0.4226727671160777,-0.3911193978484936,0.49467818247744294,0.7760922061246622,0.5117
1,1787599916.2599344,532,34.49,-398.43,-1694.75,-0.8830175488029144,0.03591960039778112,-0.46796345029644804,-0.2593503382438739,-0.8683552484377217,0.42272516433665347,-0.3911743991608866,0.494640217550015,0.7760886834783721,0.512
1,1787599916.3197725,535,34.49,-398.42,-1694.73,-0.8830280978863185,0.036023569173276995,-0.46793555198049264,-0.2592511853321693,-0.8685624140799314,0.42236022037060605,-0.39121631004744084,0.49426878852670825,0.7763041694086183,0.5191
1,1787599916.3646524,538,34.49,-398.43,-1694.75,-0.8832977691468465,0.03608003812670946,-0.46742195270331405,-0.25920637809691627,-0.8683619209479246,0.42279974905563567,-0.3906367936767893,0.49461682653990374,0.7763743235897953,0.5108
1,1787599916.4244914,541,34.49,-398.43,-1694.74,-0.8827418142677598,0.03591080646468129,-0.4684840480980328,-0.25936182550430187,-0.8686469582537948,0.4221183547152454,-0.39178863282941184,0.49412840021140847,0.7761048842071375,0.507
1,1787599916.4843307,544,34.5,-398.42,-1694.75,-0.8835050749038742,0.03594633437190779,-0.4670403019701003,-0.25898156023292745,-0.8682879695832721,0.42308929711855964,-0.39031696616777756,0.4947563672376347,0.7764462653650932,0.5203
1,1787599916.5292106,547,34.49,-398.43,-1694.76,-0.8834936926190082,0.036041151105120635,-0.4670545262915745,-0.25891555980487596,-0.8684705130362502,0.42275489456359916,-0.39038651102895056,0.49442896700493794,0.7766198353075158,0.5304
1,1787599916.5890503,553,34.49,-398.43,-1694.76,-0.8832060120424189,0.03607701106637558,-0.4675955405739484,-0.25921033246432235,-0.8684591789028131,0.42259751315310295,-0.39084158406682096,0.4944462598220035,0.7763799020532215,0.5161
1,1787599916.648889,556,34.49,-398.42,-1694.74,-0.8833837930079504,0.036130533915732434,-0.467255453440461,-0.2591693701790474,-0.8683559080826128,0.42283478388020174,-0.3904667870791094,0.4946236967806791,0.7764554634820546,0.5123
1,1787599916.7087283,559,34.5,-398.42,-1694.76,-0.8824945574142388,0.035928427356762875,-0.46894829591535614,-0.2600349375278851,-0.8680945092775203,0.42284010479978124,-0.39189946083034555,0.49509703197443117,0.7754313261217871,0.5016
1,1787599916.7690725,562,34.480000000000004,-398.43,-1694.75,-0.8825347923665205,0.035845409006590084,-0.4688789256468376,-0.25975188669653687,-0.8683312751468112,0.42252781442113635,-0.3919965530717991,0.49468768253824863,0.7756434742359178,0.5041
1,1787599916.813952,565,34.49,-398.42,-1694.72,-0.8831772776831418,0.03606544723415781,-0.46765070266171405,-0.259559189688395,-0.8680398727805927,0.4232443813110295,-0.39067495854290235,0.49518285792104366,0.7759942100226321,0.515
1,1787599916.8737917,568,34.49,-398.43,-1694.75,-0.8828041401179921,0.036100963158422726,-0.4683519730390453,-0.25954179539066974,-0.8685203589873199,0.42226821153139704,-0.39152893460882326,0.4943370373374537,0.7761030774842403,0.5136000000000001
1,1787599916.9338632,571,34.49,-398.43,-1694.77,-0.8833216614274196,0.03594020190165166,-0.46738757401151726,-0.25898956877772783,-0.8684825264422203,0.42268487615345857,-0.39072656131549277,0.4944152133094274,0.7764575655699183,0.5084000000000001
1,1787599916.9937034,577,34.49,-398.43,-1694.76,-0.883097967712121,0.03601758226097054,-0.4678041397751798,-0.2592802843190311,-0.868440482123318,0.42259302310007607,-0.39103927371322195,0.494483430235527,0.7762566738111454,0.5171
1,1787599917.053542,580,34.49,-398.43,-1694.77,-0.8823218795760341,0.0358273629662492,-0.4692808337065334,-0.2601088537315236,-0.8681066087308206,0.42276979561972833,-0.3922390661725158,0.4950831404327547,0.7752684690011287,0.5135000000000001
1,1787599917.1143801,583,34.49,-398.43,-1694.76,-0.8823400303219513,0.0357354096425542,-0.46925371750166955,-0.25985879755425983,-0.8683186257996159,0.4224880701547923,-0.39236395887633724,0.4947178434088923,0.7754384431969714,0.509
1,1787599917.173221,586,34.5,-398.42,-1694.73,-0.8834019995139677,0.03603810416623842,-0.4672281694234916,-0.2589195390606014,-0.8685677438547156,0.4225526554499151,-0.39059132036870625,0.4942583629876508,0.776625450953932,0.5108
1,1787599917.2330606,589,34.49,-398.42,-1694.72,-0.8832003103872077,0.036124479816680155,-0.46760264508438604,-0.2591772790675006,-0.8685503934439103,0.42243029254966485,-0.390876386786292,0.4942825467345603,0.7764666214632091,0.5162
1,1787599917.2779403,592,34.49,-398.41,-1694.71,-0.8832920696543942,0.036127487595142144,-0.4674290580673388,-0.25917334979839834,-0.8684531678297449,0.42263254730410665,-0.3906715941042217,0.4944531321839753,0.7764610779900835,0.5187
1,1787599917.3377793,598,34.49,-398.43,-1694.75,-0.8828041401179921,0.036100963158422726,-0.4683519730390453,-0.25954179539066974,-0.8685203589873199,0.42226821153139704,-0.39152893460882326,0.4943370373374537,0.7761030774842403,0.5113
1,1787599917.3976183,601,34.5,-398.42,-1694.73,-0.8828394812340189,0.035866160522746465,-0.4683033940767512,-0.25939117151957736,-0.868458540852614,0.42248784947954404,-0.39154906526787875,0.4944627198783597,0.7760128530754794,0.5127
1,1787599917.4579659,604,34.5,-398.43,-1694.74,-0.8828280438669501,0.03596124184669253,-0.46831766360761784,-0.259324913612614,-0.8686409422828019,0.4221534111787519,-0.39161873568799616,0.4941353078610045,0.7761862298335662,0.5103
1,1787599917.5183094,607,34.49,-398.41,-1694.73,-0.8828107576423762,0.03585426081002548,-0.4683584505191087,-0.2597403210449468,-0.8680392353509396,0.4231345548579364,-0.3913823345711475,0.4951993112607515,0.7756271722370973,0.5065000000000001
1,1787599917.5631893,610,34.49,-398.42,-1694.72,-0.8829362352568959,0.036020638460493304,-0.4681090877939433,-0.2592550137489529,-0.8686596019523174,0.42215794885572333,-0.3914210550243937,0.49409817803847417,0.7763095697868543,0.5158
1,1787599917.6230283,613,34.49,-398.43,-1694.76,-0.882615349340585,0.03594348189273174,-0.4687197576567726,-0.2596818006892028,-0.8684164885541138,0.42239574429456034,-0.39186159227361117,0.4945309580974374,0.7758115905192577,0.5103
1,1787599917.6828678,616,34.49,-398.42,-1694.73,-0.8830175488029144,0.03591960039778112,-0.46796345029644804,-0.2593503382438739,-0.8683552484377217,0.42272516433665347,-0.3911743991608866,0.494640217550015,0.7760886834783721,0.5106
1,1787599917.7427077,622,34.49,-398.42,-1694.73,-0.8832977691468465,0.03608003812670946,-0.46742195270331405,-0.25920637809691627,-0.8683619209479246,0.42279974905563567,-0.3906367936767893,0.49461682653990374,0.7763743235897953,0.5308
1,1787599917.8025467,625,34.49,-398.42,-1694.73,-0.8830166841546588,0.03611857988901901,-0.4679497662049977,-0.2591849865511989,-0.8687447422253947,0.4220257286021638,-0.39128592902245574,0.49394131335871566,0.7764774952994459,0.5221
1,1787599917.8474257,628,34.49,-398.41,-1694.73,-0.8832060120424189,0.03607701106637558,-0.4675955405739484,-0.25921033246432235,-0.8684591789028131,0.42259751315310295,-0.39084158406682096,0.4944462598220035,0.7763799020532215,0.5171
1,1787599917.907266,631,34.49,-398.42,-1694.73,-0.8831946105118891,0.03617195247828129,-0.46760974093431945,-0.2591442172593235,-0.8686415795104518,0.42226304717159385,-0.39091118508403544,0.4941188077775386,0.7765533138018915,0.5113
1,1787599917.9671044,634,34.49,-398.41,-1694.71,-0.883109388536705,0.03592260881174908,-0.4677898823772109,-0.25934640843973134,-0.8682579435431534,0.4229273979108305,-0.3909696258122092,0.49481078166342735,0.776083141191644,0.5197
1,1787599918.011984,637,34.5,-398.43,-1694.77,-0.8828443367523188,0.036017746292249936,-0.46828260592977994,-0.2592587918146526,-0.8687567556626156,0.42195565923136163,-0.39162578558001643,0.4939275467541707,0.7763148991396737,0.5164
1,1787599918.0718236,640,34.480000000000004,-398.44,-1694.74,-0.8828098610502699,0.03605341606417742,-0.46834485202947024,-0.25957491064234156,-0.8684291469048776,0.422435418225185,-0.39149408041172656,0.4945007259814386,0.7760163767643097,0.506
1,1787599918.1316915,643,34.46,-398.48,-1694.72,-0.8831332674551674,0.035782816501135226,-0.46775551515423697,-0.2591295830256181,-0.8683785854385113,0.422812596256047,-0.39105944703449974,0.4946091612526559,0.7761664038658304,0.5103
1,1787599918.1915023,649,34.49,-398.42,-1694.73,-0.8823400303219513,0.0357354096425542,-0.46925371750166955,-0.25985879755425983,-0.8683186257996159,0.4224880701547923,-0.39236395887633724,0.4947178434088923,0.7754384431969714,0.49770000000000003
1,1787599918.2513416,652,34.5,-398.41,-1694.74,-0.8828337616577422,0.03591369922353912,-0.46831053317784954,-0.25935804677708413,-0.8685497558050281,0.4223206427147522,-0.39158390269419446,0.494299026803722,0.7760995549874233,0.5071
1,1787599918.2962217,655,34.5,-398.42,-1694.74,-0.8829199575428461,0.03596415387157471,-0.46814413187483217,-0.2593211096312365,-0.8685437380299191,0.42235569988889604,-0.39141398885599726,0.4943059323590166,0.7761808645944065,0.5224
1,1787599918.3560605,658,34.49,-398.42,-1694.74,-0.8832060120424189,0.03607701106637558,-0.4675955405739484,-0.25921033246432235,-0.8684591789028131,0.42259751315310295,-0.39084158406682096,0.4944462598220035,0.7763799020532215,0.5118
1,1787599918.4159,661,34.49,-398.43,-1694.75,-0.8833321902334949,0.036044028085412974,-0.4673596791943808,-0.25889053149902114,-0.8686896113506553,0.4223198454152985,-0.3907683897111574,0.494043709777612,0.7766729546158562,0.5099
1,1787599918.461284,664,34.47,-398.42,-1694.72,-0.8829313905868335,0.03586911112034776,-0.4681298605983561,-0.25938731732795195,-0.8683612718956327,0.42269010052425776,-0.3913443229763382,0.4946333069448871,0.7760074178350078,0.5116
1,1787599918.5211277,667,34.5,-398.42,-1694.74,-0.8828394812340189,0.035866160522746465,-0.4683033940767512,-0.25939117151957736,-0.868458540852614,0.42248784947954404,-0.39154906526787875,0.4944627198783597,0.7760128530754794,0.5253
1,1787599918.580965,670,34.49,-398.42,-1694.71,-0.8828155837678594,0.036005872891583475,-0.46833772234780374,-0.2596080174686663,-0.868337906358193,0.422602600142804,-0.39145922178766207,0.4946643887513888,0.7759296489879818,0.5222
1,1787599918.6408045,676,34.49,-398.42,-1694.72,-0.883257623646095,0.036163456670145436,-0.46749136320655127,-0.25948914567100734,-0.8681251879789753,0.42311232701896007,-0.39053982325748027,0.49502612294517867,0.776162215037476,0.5164
1,1787599918.7006438,679,34.49,-398.42,-1694.75,-0.8834000029800586,0.036186892881789764,-0.46722044424275155,-0.2591034043370654,-0.8684718688958172,0.42263700594901715,-0.3904738923356789,0.4944159399940179,0.7765841987087145,0.5259
1,1787599918.7455232,682,34.5,-398.42,-1694.75,-0.8832117154769201,0.036029546229643106,-0.46758842740470136,-0.25924337744903736,-0.8683679358968033,0.42276470897550233,-0.3908067769283583,0.4946099470338332,0.7762931555810968,0.5177
1,1787599918.8053632,685,34.49,-398.42,-1694.75,-0.8831715654108186,0.036112917200367314,-0.46765782711410203,-0.25952617485897755,-0.8681312141930511,0.42307725004633157,-0.3907098035791672,0.49501924422690696,0.7760810506848821,0.5144000000000001
1,1787599918.8652027,688,34.49,-398.41,-1694.74,-0.8826268166635696,0.03584832105572558,-0.4687054516258787,-0.2597480818508961,-0.8682339626853266,0.42273007938223983,-0.39179182799174544,0.4948582462859645,0.7756381112359463,0.5075000000000001
1,1787599918.9100819,691,34.49,-398.43,-1694.75,-0.8832633319714781,0.03611600206628618,-0.46748424656814974,-0.2595221438169187,-0.8680338426872122,0.4232794642057925,-0.39050498494041425,0.49518974377951347,0.7760753664382517,0.5219
1,1787599918.9703505,694,34.49,-398.42,-1694.75,-0.8831028131829826,0.03616900252481745,-0.4677833094549891,-0.2591480710762515,-0.8687387386206952,0.42206075543360067,-0.3911159656748373,0.49394818278447317,0.7765587512340302,0.5194
1,1787599919.0306954,697,34.52,-398.52,-1694.76,-0.8832060120424189,0.03607701106637558,-0.4675955405739484,-0.25921033246432235,-0.8684591789028131,0.42259751315310295,-0.39084158406682096,0.4944462598220035,0.7763799020532215,0.5065000000000001
1,1787599919.0905356,703,34.49,-398.42,-1694.74,-0.8829074896017948,0.03600884215199409,-0.46816421060556207,-0.2596041376688688,-0.8682406066835846,0.42280484932285683,-0.3912544651633504,0.4948349342887923,0.7759241788326661,0.519
1,1787599919.1505272,706,34.57,-398.51,-1694.79,-0.8825808517242989,0.03597896542620351,-0.4687819900726469,-0.25999796653850593,-0.8680884626766044,0.4228752515383366,-0.3917296230379484,0.4951039638445945,0.7755127126101269,0.5055000000000001
1,1787599919.1954079,709,34.46,-398.49,-1694.72,-0.882597162680174,0.03603555293043552,-0.4687469331674653,-0.2599317869938447,-0.8682045354093427,0.4226775967623949,-0.39173679242457293,0.49489627561706806,0.775641645246864,0.5067
1,1787599919.255752,712,34.56,-398.71000000000004,-1694.71,-0.882563537957393,0.03585754004590437,-0.46882388835253036,-0.2594024319400549,-0.8687501427685541,0.42188098765315546,-0.3921632055301907,0.4939508338503672,0.776028732694101,0.5093
1,1787599919.3155913,715,34.59,-398.72,-1694.77,-0.8827409757208101,0.036110019081234235,-0.46847031528734534,-0.2591961701266994,-0.8690360091009179,0.42141874694607534,-0.3919001341861508,0.49342930740674706,0.7764932732593212,0.5088
1,1787599919.3604722,718,34.68,-398.8,-1694.8,-0.8833503659158843,0.03595161009540462,-0.46733244352154824,-0.2586405903703987,-0.8689012081372919,0.4220375996406079,-0.39089279354974643,0.49367820716444677,0.7768427458126728,0.5145000000000001
1,1787599919.4203105,721,34.67,-398.83,-1694.79,-0.8828443367523188,0.036017746292249936,-0.46828260592977994,-0.2592587918146526,-0.8687567556626156,0.42195565923136163,-0.39162578558001643,0.4939275467541707,0.7763148991396737,0.5086
1,1787599919.480152,724,34.62,-398.78000000000003,-1694.74,-0.8833609133709986,0.03605541114298328,-0.46730450891861236,-0.2585415157625461,-0.8691079635511056,0.42167242300066937,-0.3909344975255575,0.4933065527837236,0.777057825148862,0.5036
1,1787599919.5399902,730,34.59,-398.83,-1694.67,-0.8835051516489049,0.035929666762385244,-0.46704143933508707,-0.25797164070113193,-0.8695490055521766,0.4211118135806533,-0.3909850119938256,0.49253790309941103,0.7775198611010675,0.5104000000000001
1,1787599919.5998294,733,34.69,-398.92,-1694.67,-0.8834485618813498,0.03569204849906703,-0.4671666899338126,-0.25782460714012595,-0.8695841900653841,0.42112920623173317,-0.3912098036384242,0.49249305991279735,0.7774351905303204,0.4929
1,1787599919.6447082,736,34.56,-398.95,-1694.55,-0.8850096906367755,0.03681424902582848,-0.46411481181671344,-0.25582785051976636,-0.8713372816731523,0.41871643443370826,-0.38898580742417216,0.48930159680416546,0.7805600482906223,0.5106
1,1787599919.7045484,739,34.550000000000004,-398.87,-1694.49,-0.883794315124166,0.03976836038354166,-0.46618246005894637,-0.2575040944755023,-0.8732442527555451,0.41368601179851505,-0.39063953957908293,0.4856572377117573,0.7820088219295404,0.5046
1,1787599919.764387,742,34.57,-398.84000000000003,-1694.51,-0.8831896759578189,0.043976511677588245,-0.4669497432296046,-0.2587590037245853,-0.8760514591637576,0.4069122987678193,-0.3911774204539198,0.480208191639545,0.7850989226901891,0.501
1,1787599919.8242261,745,34.44,-398.88,-1694.39,-0.8811908580996864,0.0477426948157973,-0.47034381753485865,-0.26112296750437425,-0.8785113725658698,0.40004070307175177,-0.39410337151976793,0.47532978379663693,0.7866029043886085,0.5028
1,1787599919.8840659,751,34.21,-399.22,-1694.24,-0.8770647873288805,0.060758821958077226,-0.47651413870105924,-0.2677355022259306,-0.8854382567052865,0.379890503185499,-0.39884214882027497,0.46076833562753594,0.7928540100216785,0.5089
1,1787599919.943905,754,34.09,-399.39,-1694.19,-0.8729812274680248,0.07149722301843753,-0.4824851537499085,-0.273820324012902,-0.8904506643592719,0.36348321075340023,-0.40364118551739786,0.44942826061873686,0.7969241067450066,0.5125000000000001
1,1787599920.0037446,757,34.1,-399.7,-1694.17,-0.8680372373117795,0.08266854433058192,-0.48956844916558484,-0.28020473550746505,-0.8955720298417348,0.3455952047762617,-0.4098739572592101,0.4371689045934275,0.8005539881964601,0.507
1,1787599920.0635843,760,33.99,-400.04,-1694.03,-0.8640892504960409,0.09395366551784518,-0.49449213938438985,-0.285818462803323,-0.900256947243182,0.3283979830345064,-0.4143157895831819,0.4251001501718711,0.8047560430502633,0.49810000000000004
1,1787599920.1084635,763,33.94,-400.47,-1693.94,-0.860408580207972,0.107038139856469,-0.49823680285640193,-0.2902295691942683,-0.9065662443009677,0.3064383165652555,-0.4188840797521572,0.4082652095269756,0.8110830083413676,0.4958
1,1787599920.168303,766,33.9,-400.89,-1693.93,-0.8555308815096743,0.12085999354317034,-0.5034478848341946,-0.29566642992558023,-0.9122755305788613,0.2834337991879565,-0.4250273791161477,0.3913390068314194,0.8162141316675771,0.49970000000000003
1,1787599920.2281418,769,33.89,-401.32,-1693.8600000000001,-0.8497042162135477,0.1365717569518609,-0.509265058836754,-0.3025306106756569,-0.9173426067985709,0.2587619975116454,-0.431830955992197,0.3739394295271421,0.8207870177407661,0.4964
1,1787599920.2884183,775,33.88,-402.40000000000003,-1693.77,-0.8405949787168241,0.17154188775273932,-0.5137834782301672,-0.3128831004171617,-0.9280524931327413,0.20204636958739833,-0.44215862224930824,0.33059333135489866,0.833788823404502,0.49110000000000004
1,1787599920.3482578,778,33.93,-403.06,-1693.66,-0.837520515888224,0.19165946754355004,-0.5116893920800447,-0.31737116363228723,-0.9329349789094803,0.17002314437115715,-0.44478638688814526,0.304793329369411,0.8421793730618785,0.5051
1,1787599920.4080973,781,34.19,-403.65000000000003,-1693.64,-0.836414128849291,0.21240190583954652,-0.5052690723337518,-0.31933658016321864,-0.9380793658186132,0.13428049744847104,-0.44546105736746733,0.27366500291611456,0.8524505337836213,0.5292
1,1787599920.4679365,784,34.51,-404.3,-1693.56,-0.8380987046001048,0.23183775678298382,-0.49380341825210194,-0.3191344756815526,-0.9425093854433477,0.09914254779187143,-0.44242937038479574,0.24068093584876438,0.8639033159676356,0.522
1,1787599920.5277765,787,35.02,-404.82,-1693.76,-0.8422083427329565,0.2483670508153502,-0.4785383114237481,-0.3170810736609323,-0.9460251862795536,0.0670517684387703,-0.43605584522746316,0.2082070003482624,0.8755027954546698,0.45530000000000004
1,1787599920.5876164,793,35.93,-405.76,-1693.75,-0.854443145491853,0.26638064260696637,-0.4460585884906689,-0.30843322063167905,-0.9509701045480415,0.022908702858451938,-0.4180859475427967,0.1571534711681117,0.8947105269119479,0.4686
1,1787599920.647456,796,35.980000000000004,-405.95,-1693.43,-0.8642741370668129,0.27006662621391514,-0.4243751093111484,-0.3030297574577284,-0.952920814889093,0.01071851884436677,-0.4015011607611191,0.13786202507050377,0.9054230392203049,0.5817
1,1787599920.7072957,799,36.230000000000004,-406.05,-1693.32,-0.8706583377365696,0.26806496370228183,-0.4124260347808896,-0.2941880300400179,-0.9557475493096294,-0.00015801838898741566,-0.3942175312070314,0.12119322268151823,0.9109910761720451,0.31870000000000004
1,1787599920.767134,802,36.27,-406.38,-1693.46,-0.8673087426461021,0.27870516788885336,-0.41243056909216075,-0.29859697483920017,-0.9542295333280859,-0.016906931754207002,-0.3982654787280911,0.10848699054038416,0.910832136750222,0.2315
1,1787599920.8269737,805,36.24,-406.67,-1692.97,-0.87852166991718,0.2956836201563653,-0.37519444593058104,-0.30366828958785624,-0.9519715588360116,-0.03918827715171835,-0.36876177321506004,0.07950690497409806,0.9261173827743028,0.3365
1,1787599920.887321,811,36.4,-407.11,-1692.64,-0.8787758691284719,0.33332794226196566,-0.3415339730464635,-0.32223393755040936,-0.9423184169389983,-0.09056097718299556,-0.3520202569856708,0.030471035508886673,0.9354962611719828,0.5135000000000001
1,1787599920.9471612,814,36.410000000000004,-407.44,-1692.64,-0.8737196253374253,0.3485627607161174,-0.3392904627928528,-0.33035370341770937,-0.9371785382831452,-0.11208397753323979,-0.35704404061464695,0.01415589006125679,0.9339802802190955,0.5216000000000001
1,1787599920.9930384,817,36.5,-407.67,-1692.68,-0.8689973475299843,0.359265306114284,-0.34025292035258375,-0.336862731801064,-0.9332163481932267,-0.12502298744000084,-0.36244600964747326,0.005973883787625961,0.9319856237105354,0.4747
1,1787599921.0518794,820,36.480000000000004,-407.88,-1692.6100000000001,-0.8679185485587672,0.36530550611387486,-0.3365550181924627,-0.33975868708144125,-0.9308852043585101,-0.134226565400112,-0.3623277902953877,-0.0021502347083519145,0.9320482545825407,0.47400000000000003
1,1787599921.1117191,823,36.51,-408.07,-1692.9,-0.856675517985567,0.371303325614485,-0.3581073823195829,-0.34352399246188964,-0.9285088196652588,-0.14093487292672185,-0.38483544988371826,0.002283022437769893,0.9229823748703682,0.2396
1,1787599921.1715589,826,36.49,-408.13,-1692.98,-0.8542865676950976,0.3736232395557647,-0.361386406938038,-0.3454102220637487,-0.9275752953778317,-0.14246350374253794,-0.38844077894783563,0.0031219014372575087,0.921468401510228,0.2087
1,1787599921.2313976,829,36.47,-408.08,-1692.95,-0.8545473372897645,0.374534178299912,-0.35982356456488934,-0.346037288458407,-0.9272108520101893,-0.14331165657716768,-0.38730742741048313,0.0020457760748690294,0.9219483561853803,0.21730000000000002
1,1787599921.276277,832,36.43,-407.95,-1692.76,-0.8601838083375872,0.37333153556962895,-0.3474296769463827,-0.34442310316777447,-0.927688035272492,-0.14410980263862827,-0.37610708831146167,-0.004298111386022816,0.9265662331211879,0.3506
1,1787599921.3361166,838,36.230000000000004,-407.88,-1692.8,-0.8547742331400386,0.37502909852012045,-0.358767592771483,-0.3459693347530461,-0.9270129552337514,-0.14474874866236823,-0.386867199139955,0.0003950847662457404,0.9221353556488514,0.2109
1,1787599921.3959565,841,36.26,-407.88,-1692.81,-0.8556184548276774,0.375036524948898,-0.35674173390921343,-0.34614063192047384,-0.9270100344264208,-0.1443574002482066,-0.38484246477226564,-3.2046535570447425e-05,0.9229822730047564,0.2506
1,1787599921.4557953,844,36.21,-407.85,-1692.77,-0.8542449519479132,0.3751998809577517,-0.35984803931770487,-0.3460523716486753,-0.9269436905823222,-0.14499362250096112,-0.3879604595159597,0.0006661973529301233,0.9216757770676478,0.2323
1,1787599921.5156345,847,36.21,-407.85,-1692.77,-0.8547720601738446,0.37495721609638755,-0.3588478942998113,-0.346052005243218,-0.9270417885055457,-0.1443659656275911,-0.38679805430393444,0.0007800395412735523,0.9221641159387003,0.23750000000000002
1,1787599921.5754962,850,36.2,-407.97,-1693.0,-0.8459643422494796,0.3775833422549299,-0.3765304121767617,-0.3482387518252186,-0.925945244615677,-0.14613410177240663,-0.4038243471729006,0.00749824147455814,0.9148058116371856,0.1373
1,1787599921.6353135,856,36.230000000000004,-407.84000000000003,-1692.76,-0.8552316466390231,0.3750006038774484,-0.3577057137908956,-0.3461067458287072,-0.9270244985204127,-0.14434576417352885,-0.3857317086771163,0.0003552949850065889,0.9226109270361511,0.27790000000000004
1,1787599921.6951525,859,36.26,-407.88,-1692.8600000000001,-0.8540013676459661,0.3754398917957575,-0.36017572337292436,-0.3465853204472673,-0.9268454336314783,-0.14434735122939357,-0.3880209784396771,0.0015587831365565668,0.9216492231244209,0.3487
1,1787599921.7553813,862,36.22,-407.86,-1692.78,-0.8545340413309056,0.3752641192669318,-0.35909387769423756,-0.3460947377153621,-0.9269178690128472,-0.145057563161721,-0.38728543057079334,0.00032387574158092514,0.9219598095210546,0.21660000000000001
1,1787599921.8152208,865,36.26,-407.90000000000003,-1692.8400000000001,-0.8538585850980864,0.3755749196294167,-0.36037341244832577,-0.3467853076847021,-0.926790235102896,-0.14422139401609327,-0.3881564981142534,0.0018275292818236873,0.9215916628900263,0.3488
1,1787599921.8750606,868,36.26,-407.88,-1692.8400000000001,-0.8538560264557628,0.3753893783140612,-0.36057273986556254,-0.3465850042673295,-0.9268654054595095,-0.14421981479461973,-0.3883409853494622,0.001826146588268667,0.9215139414498551,0.3276
1,1787599921.934899,874,36.2,-407.86,-1692.78,-0.8535422190305807,0.3755038271994547,-0.3611960078557267,-0.346405801778618,-0.9268197762478462,-0.14494179124740114,-0.38918980051700347,0.001406454568925071,0.9211565127919795,0.2255
1,1787599921.9947393,877,36.21,-407.86,-1692.79,-0.8539260153492284,0.37532431389679516,-0.3604747143804811,-0.346688823938455,-0.9268910048761168,-0.14380516136743304,-0.38809434376960505,0.0021735863549745965,0.921617087437292,0.2306
1,1787599922.0545788,880,36.26,-407.89,-1692.8400000000001,-0.853612825593495,0.37555178376932663,-0.3609792261196846,-0.3467933090652746,-0.9267989412393013,-0.14414618727273698,-0.3886895223309298,0.002140146113457344,0.9213663088070708,0.2705
1,1787599922.1144176,883,36.35,-407.84000000000003,-1692.74,-0.8580777953596468,0.37412022234080367,-0.35176207349058525,-0.34555730920880373,-0.9273790341783572,-0.1433815644313758,-0.37985871473891386,-0.0014785811053759758,0.9250433344632105,0.453
1,1787599922.159297,886,36.230000000000004,-408.0,-1693.1000000000001,-0.8450491416882393,0.3776309282484931,-0.3785324690989552,-0.3484640232317711,-0.9259152514591498,-0.14578673337607514,-0.40554256576233483,0.008707993197093502,0.9140346810758231,0.2079
1,1787599922.2191362,889,36.2,-407.85,-1692.75,-0.8529310143487097,0.3754481624727328,-0.3626945850959588,-0.34671756112849267,-0.9268389511083766,-0.14407113351894724,-0.39025071116807875,0.00286984392829736,0.9207041579294817,0.218
1,1787599922.2794821,892,36.21,-407.87,-1692.79,-0.8540985991991967,0.37541747552231386,-0.3599684735062544,-0.34698434646180515,-0.92685251403386,-0.14333973817328952,-0.3874499272892486,0.002477155943035094,0.9218874212950244,0.24200000000000002
1,1787599922.3243608,895,36.300000000000004,-407.81,-1692.66,-0.8583577344579181,0.3739264549586565,-0.35128479326370227,-0.3454799950520763,-0.9274572462660545,-0.14306162786507184,-0.3792961543636944,-0.0014361861435113268,0.925274210520467,0.3393
1,1787599922.3842,901,36.18,-407.97,-1693.01,-0.8449039162685409,0.3778051946012728,-0.3786827263110594,-0.3482043064082058,-0.925852060967361,-0.14680504828264637,-0.40606789244270797,0.007822795841910679,0.9138094279401768,0.1487
1,1787599922.4440396,904,36.21,-407.85,-1692.77,-0.8540035404958377,0.37551207821412647,-0.3600953095166361,-0.3465023883639263,-0.9268167570213935,-0.1447300720736437,-0.38809025712927786,0.0011738908190522036,0.9216206238478368,0.2155
1,1787599922.503879,907,36.26,-407.89,-1692.8400000000001,-0.8540767116453901,0.37555527840819136,-0.3598766503744625,-0.34648186420852933,-0.9267995154297606,-0.14488953024198578,-0.38794753304999824,0.0009439591659444243,0.9216809754690143,0.3381
1,1787599922.5637186,910,36.26,-407.88,-1692.8700000000001,-0.8542452932604829,0.37531325583052966,-0.35972897984482594,-0.3463356482337356,-0.9268974335661716,-0.14461246976302844,-0.3877068450580024,0.0010524477811772691,0.9217821297079034,0.33230000000000004
1,1787599922.6085985,913,36.21,-407.86,-1692.79,-0.8541710811796077,0.3752339933544387,-0.3599877974428314,-0.34639761142864045,-0.9269289483067051,-0.1442616358827186,-0.38781498020704736,0.0014747956829733644,0.9217360609766229,0.1855
1,1787599922.6684375,916,36.24,-407.99,-1693.07,-0.8449028430510418,0.37776215151231524,-0.3787280590199953,-0.34866478544709223,-0.925859142492491,-0.1456630208810812,-0.4056748121259189,0.00897803697117155,0.9139733812637787,0.2313
1,1787599922.7282774,919,36.21,-407.85,-1692.77,-0.8539992064139262,0.37536767319296904,-0.3602561107963064,-0.3466682272599187,-0.9268739569129631,-0.14396460747340598,-0.38795166664527886,0.0019436867553272925,0.9216776694858934,0.2187
1,1787599922.7731583,922,36.27,-407.88,-1692.82,-0.854002452618738,0.375475989028988,-0.36013551974761365,-0.3465438575631187,-0.9268311144916546,-0.14453871452116407,-0.3880556219235246,0.0013663355594030224,0.9216349425996639,0.27840000000000004
1,1787599922.8329964,928,36.19,-407.96000000000004,-1693.01,-0.8453037624158473,0.37758747819999117,-0.37800693849740896,-0.34812564306119,-0.9259409340092638,-0.14643060940010122,-0.40530246222894534,0.007815563487251282,0.9141492389530995,0.14020000000000002
1,1787599922.8928359,931,36.22,-407.85,-1692.77,-0.8535378714331584,0.3753589478104111,-0.3613568351754462,-0.346572111046098,-0.9268769738691497,-0.14417644452620929,-0.38905124839075467,0.002176145635989761,0.9212135422993772,0.2152
1,1787599922.9526744,934,36.24,-407.98,-1693.07,-0.8453026468875742,0.37754939485664746,-0.3780474700460781,-0.3481689595861391,-0.9259548221399502,-0.14623967634154048,-0.40526757919375506,0.00800760882862875,0.9141630420528282,0.26480000000000004
1,1787599923.0125139,937,36.27,-407.88,-1692.83,-0.8534703804584638,0.37541982412954983,-0.3614529918684073,-0.3460595321251503,-0.9268544692157107,-0.1455458454239942,-0.38965511661648583,0.0008651851830516878,0.9209604451599382,0.34340000000000004
1,1787599923.0574267,940,36.26,-407.87,-1692.82,-0.8529812902038331,0.37551898168336656,-0.36250298337764303,-0.34590779208129807,-0.9268144232183567,-0.14616026919743377,-0.3908589489056708,0.0007206316064773801,0.920450304335026,0.33190000000000003
1,1787599923.1172476,943,36.26,-407.88,-1692.82,-0.8540737826770266,0.3752565108155848,-0.3601951205031348,-0.34599805720459365,-0.9269208389137032,-0.14526907034246225,-0.3883855277355243,0.0005563074952973089,0.9214968108287565,0.3461
1,1787599923.177072,946,36.22,-407.84000000000003,-1692.76,-0.8533921277236339,0.3753081362470636,-0.36175361671458717,-0.34657189877434563,-0.9268968834116003,-0.14404890316072266,-0.38937102526930994,0.0024434378686765215,0.9210777569196361,0.23170000000000002
1,1787599923.2219515,949,36.21,-407.86,-1692.78,-0.8542420439828847,0.3752050880744829,-0.35984951323430026,-0.34645990354997264,-0.9269403894665664,-0.1440383615836895,-0.38760297409086913,0.0016298032364635679,0.9218249715739552,0.16340000000000002
1,1787599923.282303,955,36.24,-407.98,-1693.05,-0.8444954179868649,0.37776051500833313,-0.3796373036199539,-0.3481693505085855,-0.925866929850725,-0.14679418099918753,-0.40694667017389385,0.008211060189241656,0.9134150130827436,0.2406
1,1787599923.3421364,958,36.26,-407.88,-1692.83,-0.85417216476542,0.37527006792752354,-0.3599476198804877,-0.3463561747519691,-0.926914630207891,-0.1444529976073601,-0.3878496012001812,0.0012823510597487322,0.9217217814637017,0.3315
1,1787599923.401981,961,36.21,-407.85,-1692.76,-0.8536112378753047,0.3754024178306473,-0.36113831042952793,-0.34655145860216613,-0.9268598797691996,-0.14433589233082708,-0.3889086539455006,0.0019462685141207854,0.9212742647687332,0.2217
1,1787599923.4618206,964,36.34,-407.83,-1692.73,-0.8583849999463479,0.3740420205262926,-0.3510950850520656,-0.34569161535056864,-0.9274109142379644,-0.14285063258039102,-0.37904155305642045,-0.0012502131465608605,0.9253788078531219,0.43560000000000004
1,1787599923.5067003,967,36.21,-407.86,-1692.79,-0.8539977265441722,0.37521823125536663,-0.36041526326028367,-0.3464264585049302,-0.9269348504375128,-0.14415440295779303,-0.38817082825106436,0.0017498508450944283,0.9215857779484786,0.2172
1,1787599923.5665395,970,36.26,-407.88,-1692.8500000000001,-0.854458818971479,0.37514908993302404,-0.35939294234067676,-0.3461979919111604,-0.9269640117511163,-0.14451529785789602,-0.387359106099941,0.0009387442144164056,0.9219284363120352,0.34800000000000003
1,1787599923.6264162,973,36.21,-407.87,-1692.79,-0.8537838496948016,0.37538216379124684,-0.3607511179576941,-0.34656410993396086,-0.9268682528317287,-0.14425172303421638,-0.38851828233174057,0.0018635986854280578,0.9214391305419656,0.22340000000000002
1,1787599923.6862178,979,36.26,-407.89,-1692.8600000000001,-0.8537860196950449,0.3754544782043626,-0.360670718758236,-0.3464810810848111,-0.9268396560962202,-0.14463440924531404,-0.3885875615914555,0.0014787439704885543,0.9214106143802973,0.35960000000000003
1,1787599923.7460573,982,36.230000000000004,-407.98,-1693.08,-0.8459599178398117,0.377431609109973,-0.3766924446456496,-0.3484113329630177,-0.926000564084458,-0.14537021145406284,-0.403684729053989,0.008266544618053501,0.9148608111448895,0.2277
1,1787599923.791441,985,36.25,-407.88,-1692.8500000000001,-0.8537849332407103,0.37541832502058714,-0.3607109216670504,-0.3465225986668204,-0.92685397362791,-0.1444430690041844,-0.38855292610447545,0.0016711699167493265,0.9214248915710707,0.32880000000000004
1,1787599923.8512807,988,36.21,-407.86,-1692.78,-0.8536845748000024,0.3754458355682666,-0.3609197574295224,-0.3465308309975099,-0.9268427475063685,-0.14449534443372616,-0.3887660349319555,0.0017163767919867769,0.9213349142054659,0.2283
1,1787599923.9112175,991,36.26,-407.89,-1692.8700000000001,-0.8537849332407103,0.37541832502058714,-0.3607109216670504,-0.3465225986668204,-0.92685397362791,-0.1444430690041844,-0.38855292610447545,0.0016711699167493265,0.9214248915710707,0.3509
1,1787599923.9566016,994,36.21,-407.87,-1692.81,-0.8542431241760347,0.3752411520347222,-0.35980934203772763,-0.34641849142485925,-0.9269261091633438,-0.14422973670581823,-0.3876376060148095,0.0014373485866157204,0.9218107291804256,0.2232
1,1787599924.0164413,997,36.21,-407.87,-1692.78,-0.8539277438964168,0.3752833128261572,-0.3605133053275568,-0.3463225828390316,-0.9269090939095311,-0.14456901550302506,-0.38841740025348725,0.0014024058030515899,0.9214824775535809,0.21810000000000002
1,1787599924.0767856,1000,36.26,-407.91,-1692.8400000000001,-0.8534699051656803,0.3754966380810606,-0.3613743153107398,-0.3463848264048068,-0.9268226312919664,-0.144973660233671,-0.389367015825682,0.0014439234249138022,0.9210815610314573,0.33690000000000003
1,1787599924.121665,1003,36.24,-407.95,-1692.83,-0.8535416605677614,0.37558073788180324,-0.3611173535118307,-0.3467308616053576,-0.9267875529944649,-0.14436946084590851,-0.38890145703717116,0.001985181778114419,0.9212772198245615,0.32530000000000003
1,1787599924.181504,1009,36.18,-408.1,-1692.78,-0.853536277153349,0.3753996044573502,-0.3613183645436058,-0.34693854526033946,-0.926858376519587,-0.14341267617653092,-0.38872801467843854,0.0029473460502886448,0.9213478408046655,0.311
1,1787599924.241344,1012,36.2,-407.98,-1692.79,-0.8536155951449914,0.37554719044576906,-0.3609774556306134,-0.34638519698956066,-0.9268025266771814,-0.14510124689779805,-0.3890471835545986,0.0011765598504561996,0.9212170779328578,0.31520000000000004
1,1787599924.3011827,1015,36.17,-408.0,-1692.98,-0.8449005610405558,0.37769070947736255,-0.3788043953385978,-0.3483344974567063,-0.9258937233522189,-0.14623231837917622,-0.4059632000993909,0.00839887084383478,0.9138508298040828,0.131
1,1787599924.361024,1018,36.11,-408.05,-1693.0,-0.8436114238988643,0.37798876324372344,-0.38137155154627156,-0.34894041710834495,-0.9257541385245198,-0.1456703824151575,-0.40811805984982386,0.01018674954066956,0.9128723236894692,0.21810000000000002
1,1787599924.4059012,1021,36.09,-407.96000000000004,-1692.74,-0.8523006402752324,0.3757140768683509,-0.36389909457072267,-0.34631523264844244,-0.9267338086488511,-0.14570589398802616,-0.39198134932938333,0.0018385728589474864,0.9199713264160784,0.2901
1,1787599924.465741,1024,36.07,-407.98,-1692.6200000000001,-0.8565280977332187,0.3744859537065041,-0.3551336203037442,-0.34532540212261204,-0.9272314327012416,-0.14488697960706856,-0.38354919429242734,-0.0014631087905045618,0.9235192877630098,0.375
1,1787599924.52558,1027,36.07,-407.99,-1692.65,-0.8534703804584638,0.37541982412954983,-0.3614529918684073,-0.3460595321251503,-0.9268544692157107,-0.1455458454239942,-0.38965511661648583,0.0008651851830516878,0.9209604451599382,0.3151
1,1787599924.5704596,1030,36.09,-407.97,-1692.6200000000001,-0.8530807018127772,0.3755316172501412,-0.3622558773023746,-0.34626725623373406,-0.926808454735457,-0.14534467823500155,-0.3903233319377426,0.0014466085745700936,0.9206767097459622,0.3022
1,1787599924.6302998,1036,35.97,-407.85,-1692.41,-0.8543162182784958,0.3752843410286676,-0.3595906875393302,-0.34639796591355165,-0.9269089520920865,-0.14438920923152065,-0.3874948366072552,0.0012074395341843255,0.921871083011333,0.2228
1,1787599924.6901383,1039,35.9,-407.90000000000003,-1692.56,-0.8471681604176216,0.37734152300291796,-0.37405812782569153,-0.34794224000737667,-0.926052552124436,-0.14616041982174197,-0.4015498793341521,0.0063281689023843265,0.9158152917947324,0.1477
1,1787599924.749978,1042,36.06,-407.03000000000003,-1691.95,-0.8636051093492975,0.37219128772849414,-0.3400880186728034,-0.3438996643333663,-0.9281361483747627,-0.14246512187710497,-0.3686722609272167,-0.006077451691761529,0.9295395788258554,0.5195000000000001
1,1787599924.809817,1045,35.65,-404.16,-1690.28,-0.8509937801877238,0.3758916853194431,-0.36676290296255004,-0.34904380788074757,-0.9266194618689866,-0.1398026933422146,-0.3924003137892678,0.009045097751729276,0.9197500638460134,0.1787
1,1787599924.8546968,1048,35.22,-399.39,-1686.9,-0.8305646870357267,0.37977461226317527,-0.40734941331687236,-0.35663303221283776,-0.924477190785515,-0.1347397641826609,-0.4277559829902116,0.03336416637167731,0.9032782801653102,0.3156
1,1787599924.9145365,1051,34.82,-394.79,-1681.58,-0.8243093462065908,0.38050734854512097,-0.4191995461109478,-0.3616172529683611,-0.9235990364818366,-0.12727050783838076,-0.4355996603672679,0.046679519202588324,0.8989293400345413,0.516
1,1787599924.9743755,1054,34.5,-391.62,-1674.94,-0.8270240117705836,0.3807402124766386,-0.41360388605298865,-0.36471341459450346,-0.9232706779138021,-0.1206456817271391,-0.4278030027591056,0.051070009867165846,0.9024280829642105,0.5279
1,1787599925.0342152,1060,33.980000000000004,-385.67,-1657.76,-0.8260646922591003,0.3805832808920079,-0.41566030663073045,-0.3716222352286488,-0.9223196015072697,-0.10594086538788511,-0.4236909705039048,0.06695460388163155,0.9033288673193794,0.5459
1,1787599925.0940542,1063,33.82,-381.24,-1647.5900000000001,-0.8264023884529103,0.38004402227477524,-0.4154824105693708,-0.37611375852071005,-0.9216926103849842,-0.09497985372245259,-0.41904359321047985,0.07777707306734802,0.9046287602626428,0.5216000000000001
1,1787599925.1389337,1066,33.49,-376.46,-1637.02,-0.8251178440328192,0.379723254116071,-0.418319009539531,-0.38112252307845135,-0.9207002841875017,-0.08400362551324274,-0.4170445610015167,0.09011790599295763,0.9044073181694721,0.4995
1,1787599925.199104,1069,33.15,-372.41,-1626.39,-0.8244883298340114,0.37951382555003865,-0.4197478411902758,-0.3850185885571127,-0.9198248263363333,-0.0753855113455021,-0.41470432892967357,0.0994562470220391,0.9045047122570894,0.4566
1,1787599925.258943,1072,32.85,-369.69,-1615.67,-0.8234318348415786,0.3790943263648128,-0.4221936819605904,-0.3889810426492884,-0.9188500826943479,-0.06639483407662433,-0.41310260448090114,0.10955371856125558,0.9040709158691576,0.45880000000000004
1,1787599925.3038225,1075,32.54,-368.46,-1604.98,-0.8220948963264905,0.3788754886744777,-0.4249862886207184,-0.39230460926974653,-0.9179125690967203,-0.059444167417586256,-0.4126221939979094,0.11785533325197552,0.9032458388746762,0.4864
1,1787599925.3636625,1078,32.19,-368.11,-1594.21,-0.8233202546946117,0.3784782551005835,-0.42296331829795525,-0.39449803127228084,-0.9173685809967235,-0.05297348320011378,-0.40806257060883977,0.12324405468855598,0.904597060271605,0.4651
1,1787599925.4235013,1081,31.92,-367.77,-1583.67,-0.8251923184512839,0.37833915099427967,-0.4194247541501603,-0.39683135785424634,-0.916728742408119,-0.046187512017684174,-0.40197327149021966,0.12832731458172217,0.9066143553571685,0.5034000000000001
1,1787599925.4833412,1087,31.26,-365.17,-1564.25,-0.8224173004822535,0.3775200215105208,-0.42556834612806765,-0.40376484923216743,-0.9143432307327115,-0.030828605836020002,-0.4007539524346679,0.1464755603230911,0.9044010061007387,0.4418
1,1787599925.5431802,1090,30.95,-362.90000000000003,-1555.5900000000001,-0.8191671016765036,0.3769260280778601,-0.43231010731691755,-0.4077065316905812,-0.9128150372444865,-0.02332577538226015,-0.4034112585783317,0.15714794665472023,0.9014232520378267,0.4424
1,1787599925.5885737,1093,30.67,-360.17,-1547.65,-0.8126926227536742,0.37565170987930824,-0.4454396634635338,-0.41267728163837514,-0.9107514116276253,-0.015143560936880107,-0.41137350685394825,0.1715157691964206,0.8951838798680664,0.4194
1,1787599925.648413,1096,30.35,-358.31,-1539.97,-0.820807456189702,0.3760784327413053,-0.4299303807481321,-0.4139251945000544,-0.9102909974857731,-0.006019406486344425,-0.3936255240980728,0.17301824274682487,0.9028419764584045,0.4374
1,1787599925.708759,1099,29.990000000000002,-359.45,-1533.19,-0.8212314432481037,0.37615391181247915,-0.42905378596256005,-0.4150694681031077,-0.9097842735990402,-0.0031483583769931307,-0.3915306543161593,0.1755015958333041,0.9032734561530766,0.4415
1,1787599925.7536378,1102,29.86,-364.44,-1527.33,-0.8176669541160699,0.3757624562247112,-0.4361459946377141,-0.4147177348413582,-0.909927210401661,-0.006455399190166045,-0.3992868048841608,0.17559911236285755,0.8998527652803956,0.4268
1,1787599925.813983,1105,29.67,-371.27,-1521.94,-0.8239620778864754,0.3767892186651672,-0.4232214301080401,-0.41097294074522744,-0.9115756395071846,-0.01144969136208979,-0.390112466066161,0.1644984442320357,0.9059539313149527,0.4516
1,1787599925.8743277,1108,29.46,-377.64,-1517.46,-0.826033113262027,0.37723638630249223,-0.4187624680461229,-0.4081086383510783,-0.9127705940728965,-0.017238964558245744,-0.3887372314274413,0.15666062506337863,0.9079321634664561,0.46490000000000004
1,1787599925.920205,1111,29.3,-382.3,-1513.77,-0.8273973831378496,0.3775970728050689,-0.41573311268851576,-0.4065240212269958,-0.9134089372272401,-0.020550755675562676,-0.38749424581801434,0.1520018552598854,0.909254444836802,0.4721
1,1787599925.9790466,1117,29.09,-386.63,-1508.29,-0.8260254303606692,0.37758105449722945,-0.41846688719925207,-0.4063080712099551,-0.9134666047810566,-0.02219263885650468,-0.3906350466447133,0.15169478974087872,0.9079608753125619,0.4943
1,1787599926.0388858,1120,28.98,-389.26,-1506.56,-0.8267994133221409,0.3779222314889597,-0.4166263518748771,-0.40536906114510163,-0.9138254760686759,-0.02447291470578891,-0.389972632881466,0.14865324158679863,0.9087483476569485,0.4902
1,1787599926.0987253,1123,28.82,-393.14,-1505.43,-0.8248325971633992,0.37794794455367836,-0.4204836951230468,-0.4045980516560067,-0.9140679874990306,-0.027930822143921747,-0.39490708179626893,0.14708863123002314,0.9068700741065574,0.47700000000000004
1,1787599926.1585643,1126,28.810000000000002,-397.78000000000003,-1504.78,-0.8267718570462689,0.37833586062682445,-0.4163055043595075,-0.40240088097421345,-0.9148938430213628,-0.03229221257174591,-0.3930926447892924,0.14082340915260483,0.9086511652153412,0.5071
1,1787599926.203444,1129,28.72,-402.11,-1504.52,-0.8271751720077618,0.37842175694701236,-0.41542533466685183,-0.39979517936987846,-0.9158089432714147,-0.03818106830225518,-0.3948987836984766,0.1345026144475678,0.9088256143728743,0.4722
1,1787599926.2632844,1132,28.71,-405.22,-1504.55,-0.8282715233496176,0.37862184464636284,-0.4130517913829804,-0.3975559891470059,-0.9165711457694244,-0.042971737645456407,-0.39486139226499395,0.12861894689162123,0.9096931611257946,0.46130000000000004
1,1787599926.3231232,1135,28.68,-406.44,-1504.65,-0.8275849746545916,0.3786095129895286,-0.41443690279678363,-0.3974466375334433,-0.9165846093133013,-0.043690093652247845,-0.3964079717151491,0.12855928843850387,0.9090287285432002,0.467
1,1787599926.382963,1141,28.53,-404.94,-1504.43,-0.8286946129305153,0.37880094509882173,-0.4120377197444219,-0.3978501363041753,-0.9164708795233425,-0.04238391237792886,-0.393675637476708,0.12880594310027121,0.910180488408402,0.4662
1,1787599926.442802,1144,28.42,-404.32,-1504.3500000000001,-0.8272595036623559,0.37870633885794613,-0.4149978584392007,-0.3984008972612684,-0.9162515411126766,-0.0419504287232099,-0.39612932062866607,0.13063162831969674,0.9088547403302774,0.4484
1,1787599926.487692,1147,28.35,-404.45,-1504.32,-0.8271819303425341,0.3786856211303243,-0.4151713555436353,-0.39838862416955534,-0.9162550965168066,-0.04198931101204259,-0.3963036187660767,0.13066674579294377,0.9087737030178604,0.4436
1,1787599926.547521,1150,28.26,-404.3,-1504.3600000000001,-0.8267623483344116,0.37889866021856844,-0.41581224688691265,-0.398468410335629,-0.9161930981618422,-0.04258089765612929,-0.3970981558017687,0.13048376207474552,0.9084531041796573,0.46180000000000004
1,1787599926.6073596,1153,28.29,-404.35,-1504.23,-0.8268416493638969,0.3788308268169668,-0.4157163594692465,-0.3985621249341382,-0.9161718260543688,-0.04215943206671178,-0.3968389086835801,0.13082962125366182,0.9085166430822543,0.44370000000000004
1,1787599926.6522403,1156,28.23,-404.33,-1504.26,-0.8265761300857503,0.3787558986374755,-0.41631222708417187,-0.39860137475140367,-0.916157597181026,-0.04209751980556468,-0.3973522935868822,0.1311458210344776,0.9082466231186531,0.458
1,1787599926.7120805,1159,28.27,-404.31,-1504.31,-0.8271811301276856,0.37872983815721173,-0.4151326145343164,-0.39834800529852493,-0.9162639695228811,-0.042180621484979884,-0.39634611722000185,0.13047623478467255,0.9087825413821746,0.4585
1,1787599926.771918,1162,28.22,-404.36,-1504.24,-0.8280197052107449,0.37896105784150086,-0.4132455497913579,-0.3983187418371519,-0.9162781377350881,-0.04214918990902656,-0.3946207643852251,0.1297030876593519,0.9096436452631607,0.45480000000000004
1,1787599926.8317587,1168,28.25,-404.37,-1504.25,-0.8269912410844358,0.3788086327724252,-0.41543893282492267,-0.39827751272551104,-0.916272713989171,-0.042653680451977274,-0.39681294085098223,0.13018576472105126,0.9086204689732617,0.45890000000000003
1,1787599926.8922317,1171,28.240000000000002,-404.28000000000003,-1504.29,-0.8265745204380663,0.378844588598776,-0.4162347172593908,-0.3985198998945491,-0.9161753821528422,-0.042480095634689456,-0.39743735550476317,0.13076485317744171,0.9082643346641234,0.46330000000000005
1,1787599926.937113,1174,28.26,-404.39,-1504.3,-0.8272546178417175,0.3785983224752303,-0.41510614001541285,-0.39813244667475933,-0.9163507108388546,-0.04233119003637652,-0.39640932401284895,0.13024855071772376,0.9087876335380058,0.4571
1,1787599926.9969466,1177,28.23,-404.3,-1504.29,-0.8268424546288455,0.378786540929991,-0.4157551101714061,-0.3986027955909336,-0.9161629149853902,-0.04196813734924942,-0.39679637923050437,0.13102011149348514,0.9085077676133523,0.4621
1,1787599927.0567858,1180,28.26,-404.37,-1504.26,-0.826492372870346,0.37867176258455865,-0.4165549829353246,-0.3982795196321552,-0.9162693006795016,-0.04270822958021956,-0.3978489434807193,0.13060729249701453,0.9081067962072933,0.44220000000000004
1,1787599927.1016657,1183,28.240000000000002,-404.29,-1504.27,-0.8267647547379862,0.37876576999392664,-0.4159285176613231,-0.39859050233667875,-0.9161664807730906,-0.042007034587605775,-0.39697059307967875,0.13105522114268495,0.9084265943053463,0.458
1,1787599927.1615045,1186,28.240000000000002,-404.37,-1504.28,-0.8269862640128317,0.37870074063797876,-0.41554719127235723,-0.3980088087194409,-0.9163716665677294,-0.04303436874886508,-0.3970928195218722,0.12980261072924612,0.9085530116245509,0.44830000000000003
1,1787599927.221344,1189,28.25,-404.3,-1504.19,-0.8267605146309815,0.3786136303707895,-0.41607543828561355,-0.39836261324442834,-0.9162568937864433,-0.042196361903463354,-0.3972081064331192,0.13086261301941546,0.9083505362455325,0.4486
1,1787599927.2816904,1195,28.27,-404.31,-1504.27,-0.8264892076207128,0.378849175930002,-0.4163999178477881,-0.3981162799850198,-0.916304258628045,-0.04347336231530817,-0.3980188655043572,0.12984532150704203,0.9081416052496203,0.46830000000000005
1,1787599927.3415296,1198,28.23,-404.34000000000003,-1504.25,-0.8266480235803642,0.37871323436046045,-0.4162082786669634,-0.3983042583811496,-0.9162621652854572,-0.042630531568911584,-0.397500645114093,0.1305370851009186,0.9082694019657578,0.4647
1,1787599927.386897,1201,28.26,-404.34000000000003,-1504.26,-0.826414502665044,0.37865101798635886,-0.41672830041021003,-0.39826713988953955,-0.9162728704325666,-0.04274707233800984,-0.398023058464072,0.1306423877888001,0.9080254464736915,0.47000000000000003
1,1787599927.4467378,1204,28.23,-404.32,-1504.23,-0.8264915763628089,0.3787161266771014,-0.4165162296910083,-0.39823872222750073,-0.9162780975431684,-0.042899511434043594,-0.39789143534377147,0.1304168062688463,0.908115555600006,0.45790000000000003
1,1787599927.5065765,1207,28.26,-404.32,-1504.27,-0.82649995114467,0.3786463503168196,-0.4165630470284309,-0.39867053495536364,-0.916143231226527,-0.04175385534561822,-0.39744136085246906,0.13156185339820575,0.908147478889947,0.4685
1,1787599927.5514555,1210,28.240000000000002,-404.33,-1504.24,-0.8279378602428018,0.3788321609314097,-0.41352762110965324,-0.3980382763573011,-0.9163806006373014,-0.04256906541289364,-0.39507522085177554,0.12935528060213447,0.9094958940255111,0.46040000000000003
1,1787599927.6112947,1213,28.25,-404.34000000000003,-1504.27,-0.8268382510971751,0.37863438246468706,-0.41590204488334714,-0.39837492480994935,-0.9162533301594146,-0.042157493455492794,-0.39703391014525674,0.13082751769932735,0.9084317447158043,0.4575
1,1787599927.671135,1216,28.25,-404.33,-1504.26,-0.8267581185571005,0.3787465561280743,-0.4159592042749464,-0.3982404338391062,-0.9162833975196021,-0.042770226625249035,-0.3973355889617285,0.1302911418748724,0.9083769306259258,0.4677
1,1787599927.7309732,1222,28.26,-404.33,-1504.28,-0.8269159576361441,0.3786551287506549,-0.41572862840743086,-0.39838722945445043,-0.9162497679043219,-0.04211862085685148,-0.3968596910928417,0.1307924167759781,0.9085129219221887,0.4635
1,1787599927.7908127,1225,28.23,-404.35,-1504.27,-0.8265761300857503,0.3787558986374755,-0.41631222708417187,-0.39860137475140367,-0.916157597181026,-0.04209751980556468,-0.3973522935868822,0.1311458210344776,0.9082466231186531,0.46480000000000005
1,1787599927.8356931,1228,28.26,-404.32,-1504.25,-0.8265694169941523,0.37873684745147584,-0.4163428866600997,-0.3982511133802475,-0.916274529519188,-0.042860672484039894,-0.3977172985693989,0.13038169709322076,0.9081968748469416,0.4717
1,1787599927.8955314,1231,28.240000000000002,-404.33,-1504.27,-0.8265710128242697,0.3786481481346274,-0.41642038935777176,-0.39833266320381017,-0.916256896823994,-0.04247809373576605,-0.3976323052565283,0.13076268174323238,0.9081793164786882,0.4666
1,1787599927.955371,1234,28.25,-404.32,-1504.27,-0.8266480235803642,0.37871323436046045,-0.4162082786669634,-0.3983042583811496,-0.9162621652854572,-0.042630531568911584,-0.397500645114093,0.1305370851009186,0.9082694019657578,0.46840000000000004
1,1787599928.0002506,1237,28.240000000000002,-404.35,-1504.27,-0.8265694169941523,0.37873684745147584,-0.4163428866600997,-0.3982511133802475,-0.916274529519188,-0.042860672484039894,-0.3977172985693989,0.13038169709322076,0.9081968748469416,0.46840000000000004
1,1787599928.0600896,1240,28.25,-404.33,-1504.3,-0.8268366509071384,0.37872297076097355,-0.4158245593211751,-0.3982935168670596,-0.9162710382820579,-0.042540084945715144,-0.3971189080594577,0.1304465247659058,0.9084493805590721,0.46730000000000005
1,1787599928.1199296,1243,28.25,-404.34000000000003,-1504.29,-0.8269912410844358,0.3788086327724252,-0.41543893282492267,-0.39827751272551104,-0.916272713989171,-0.042653680451977274,-0.39681294085098223,0.13018576472105126,0.9086204689732617,0.4597
1,1787599928.179769,1249,28.25,-404.35,-1504.22,-0.828171280999915,0.37880587997442405,-0.4130840527347456,-0.3981560070790591,-0.9163525133634555,-0.04206976680869955,-0.3944668849901345,0.12963092435557338,0.9097206714683906,0.442
1,1787599928.239608,1252,28.240000000000002,-404.34000000000003,-1504.28,-0.8269159576361441,0.3786551287506549,-0.41572862840743086,-0.39838722945445043,-0.9162497679043219,-0.04211862085685148,-0.3968596910928417,0.1307924167759781,0.9085129219221887,0.4536
1,1787599928.2994473,1255,28.25,-404.34000000000003,-1504.28,-0.8272603069997588,0.37866213269560256,-0.41503659323616565,-0.39844148945165947,-0.9162426294991931,-0.04175911124470008,-0.3960868136484826,0.13082214319763272,0.9088458631159466,0.45320000000000005
1,1787599928.3592865,1258,28.240000000000002,-404.33,-1504.28,-0.8266539032677834,0.37877668650890695,-0.4161388541934909,-0.39861368571868605,-0.9161540272830354,-0.04205862397701421,-0.39717811340745207,0.13111071676414754,0.9083278737216471,0.457
1,1787599928.419126,1261,28.240000000000002,-404.35,-1504.29,-0.8268416493638969,0.3788308268169668,-0.4157163594692465,-0.3985621249341382,-0.9161718260543688,-0.04215943206671178,-0.3968389086835801,0.13082962125366182,0.9085166430822543,0.4544
1,1787599928.4789655,1267,28.25,-404.34000000000003,-1504.27,-0.8266522942734508,0.3788653404309777,-0.4160613394591709,-0.39853224751549604,-0.9161718129789832,-0.04244121573482995,-0.3972631773304537,0.13072973236001945,0.9083455867754244,0.45740000000000003
1,1787599928.5388048,1270,28.14,-404.38,-1504.17,-0.8279440107500927,0.37885240369212664,-0.41349676090599324,-0.39838738607241336,-0.9162640457289978,-0.04180537193613929,-0.3947102806888112,0.13011938641504178,0.9095453477411299,0.45780000000000004
1,1787599928.5986443,1273,28.26,-404.36,-1504.21,-0.8279402194176743,0.3787000557787981,-0.41364388164669924,-0.3981597296999488,-0.9163543247990192,-0.041995012410967605,-0.3949478734160713,0.12992697631850295,0.9094697125846766,0.4418
1,1787599928.6584833,1276,28.18,-404.39,-1504.2,-0.828097741869195,0.3789376654872436,-0.4131106093847239,-0.3983714115896475,-0.9162658026458995,-0.04191893760267643,-0.3944037884442943,0.1298584790329199,0.9097155748276738,0.4571
1,1787599928.718356,1279,28.2,-404.42,-1504.24,-0.8278345936897619,0.37881945050832255,-0.4137459479041208,-0.39845111199971306,-0.9162427053172104,-0.041665528908099665,-0.3948754193878101,0.13036536683326655,0.9094384389796425,0.46040000000000003
1,1787599928.778162,1285,28.29,-404.35,-1504.3,-0.8269183828562855,0.3785222466584841,-0.4158447990283867,-0.3985092237793141,-0.916222917783019,-0.04154471677578107,-0.3967321346414407,0.13136389806101598,0.9084861802080759,0.46340000000000003
1,1787599928.838002,1288,28.27,-404.19,-1504.32,-0.826768116176535,0.37896221810869907,-0.41574285239801556,-0.3987776664003248,-0.9160849418765903,-0.042008951989726304,-0.3967755724010925,0.13105730240279884,0.9085114906442773,0.46240000000000003
1,1787599928.897841,1291,28.28,-404.3,-1504.3,-0.8265753235311092,0.3788002472009612,-0.4162734765150586,-0.39856064149829623,-0.9161665087905067,-0.04228880725536221,-0.3973948283230531,0.13095533929972197,0.9082554979360079,0.4636
1,1787599928.9576802,1294,28.32,-404.21000000000004,-1504.33,-0.8267639491459616,0.3788100739019156,-0.41588976941372247,-0.3985498133513477,-0.916175391479641,-0.042198321349700633,-0.39701312153401164,0.13086473916816527,0.9084354690192739,0.46240000000000003
1,1787599929.0175202,1297,28.39,-404.22,-1504.3700000000001,-0.8267655637873819,0.3787214589231735,-0.41596725722878203,-0.39863118297055716,-0.9161575318243299,-0.04181574876821037,-0.39692805708191864,0.13124569872058647,0.9084176815036782,0.4656
1,1787599929.0773602,1303,28.41,-403.69,-1504.3600000000001,-0.8276120344164891,0.37860078238422123,-0.41439083974800345,-0.3989252870141734,-0.9160994944265471,-0.04025334386214251,-0.3948631862679265,0.13199683287670236,0.9092083920866879,0.45980000000000004
1,1787599929.1371984,1306,28.48,-401.0,-1504.26,-0.8283546567445006,0.3786654785864606,-0.4128450290079649,-0.3998139943933865,-0.9158170398891249,-0.03778781994143577,-0.392399455321877,0.1337595034964169,0.9100170672506567,0.4703
1,1787599929.1970387,1309,28.560000000000002,-395.46000000000004,-1504.1100000000001,-0.8276215304431841,0.3782880244123576,-0.4146574163488183,-0.4029864730854457,-0.9147090755699893,-0.03015310232876568,-0.3906974594965201,0.14214597305619053,0.9094778818019017,0.4839
1,1787599929.2568996,1312,28.64,-387.28000000000003,-1503.93,-0.8267276047257248,0.377848110412602,-0.41683602656451313,-0.40726572089158786,-0.9130919864152033,-0.01994133724185022,-0.3881444321011453,0.1532769708793988,0.9087629338980078,0.4687
1,1787599929.3017583,1315,28.72,-376.91,-1503.78,-0.8274941573968376,0.37729481187560937,-0.4158149160454036,-0.41234533001713897,-0.9110077017964711,-0.006024622856972897,-0.3810836499866588,0.16647399856812642,0.9094293042967031,0.4736
1,1787599929.3616178,1318,28.75,-364.92,-1503.84,-0.8244136190380664,0.37608413965563103,-0.42296915330085455,-0.42008461839785316,-0.9074060055585425,0.011968895597360783,-0.3793034380678457,0.18755015589376153,0.9060650312721145,0.4505
1,1787599929.4214356,1321,28.8,-351.82,-1504.1000000000001,-0.8268993883291308,0.37587604368639865,-0.4182757479983389,-0.4264851002013753,-0.903970309897585,0.030791851680065613,-0.36653493815342103,0.2038501376166443,0.9077980284768981,0.5059
1,1787599929.4663148,1324,28.95,-338.23,-1504.72,-0.8274201002600531,0.37514268074138274,-0.4179042315792133,-0.4335920095364299,-0.899672496521889,0.050866180004324066,-0.35689486820603666,0.2232876353232324,0.9070659760788932,0.49720000000000003
1,1787599929.5261543,1330,29.34,-311.13,-1506.64,-0.8276392959713749,0.3737367024235821,-0.41872911652469763,-0.4472555568540855,-0.8898917641076741,0.08975029268182667,-0.33908061375895376,0.26155979323068473,0.9036652100960689,0.4575
1,1787599929.5859935,1333,29.5,-297.95,-1508.03,-0.8282175165462768,0.37310470932796874,-0.41814904180592044,-0.4536063225228304,-0.8844811292438045,0.10924484509082526,-0.329085170515524,0.2801535434166349,0.9017854194085597,0.47600000000000003
1,1787599929.6458337,1336,29.66,-285.15000000000003,-1509.74,-0.8287909275215128,0.37234974125566894,-0.4176856098130108,-0.45924160571517164,-0.8791046838958323,0.12756215086207753,-0.3196916421149936,0.29754096346426806,0.8995924794164154,0.4758
1,1787599929.7056725,1339,29.810000000000002,-272.85,-1511.53,-0.8294072659617803,0.37197679057501404,-0.4167935393493004,-0.46449173401511706,-0.8736964150645439,0.1445752514609402,-0.3103723831165305,0.3135089178586098,0.8974302993668584,0.4791
1,1787599929.7505531,1342,29.96,-261.46,-1513.47,-0.8296154370644346,0.37130873173746487,-0.4169748821210967,-0.4695100755202081,-0.8681038447492425,0.16110867051959532,-0.3021564422106462,0.32943214850269004,0.8945255412583287,0.48350000000000004
1,1787599929.810391,1345,30.12,-251.67000000000002,-1515.29,-0.8299859553230845,0.37088801125494514,-0.4166118062102636,-0.4733506206282917,-0.8634497735268342,0.1743378287901674,-0.2950635591143672,0.3419014064080613,0.8922112554652917,0.48450000000000004
1,1787599929.8702343,1348,30.26,-243.53,-1516.93,-0.8298536395762277,0.3703452206409697,-0.41735758580679955,-0.47681642670444413,-0.8591649091026307,0.18569263364892574,-0.2898086128928781,0.3531006605984477,0.8895678115680927,0.48090000000000005
1,1787599929.9151103,1351,30.41,-236.65,-1518.42,-0.8301579487550006,0.3703169689718238,-0.41677706584025387,-0.4796453208328054,-0.8554545693036021,0.19528913451798627,-0.2842149649861619,0.3620259967862947,0.8877832118984932,0.4892
1,1787599929.9749992,1357,30.68,-224.9,-1521.3500000000001,-0.8302176188868291,0.36975140046711386,-0.41716016965008973,-0.48455880616763475,-0.8486417724937886,0.21215538019102212,-0.27557479684339836,0.37827376836255583,0.8837236488368471,0.48500000000000004
1,1787599930.0347898,1360,30.78,-219.31,-1522.89,-0.8308451550137766,0.36962547146838326,-0.4160208399009706,-0.4861991976179644,-0.8458318252709545,0.21949684187808557,-0.27075204269918485,0.38463688616743597,0.8824668816299215,0.4939
1,1787599930.0944333,1363,30.95,-213.17000000000002,-1524.77,-0.831606884564938,0.369360913573278,-0.41473184718383,-0.48816816667843543,-0.8422346211370939,0.22876337993628162,-0.26480526918098424,0.39270008719424765,0.8807183493782886,0.501
1,1787599930.1542757,1366,31.1,-205.8,-1527.04,-0.8303879095569145,0.3687546975002848,-0.4177031155416144,-0.49173093926561956,-0.8375453727469352,0.23815631832716325,-0.262024050481343,0.4031596726629178,0.8768156449948187,0.4913
1,1787599930.199118,1369,31.23,-197.0,-1529.73,-0.8305827004524499,0.3683273233026476,-0.4176929022832716,-0.49456815036767743,-0.8326436224318606,0.24921264547659558,-0.25599750457965437,0.41356931817079445,0.8737423514496331,0.49860000000000004
1,1787599930.2589579,1372,31.41,-186.91,-1532.8400000000001,-0.8311861746944886,0.36807373577356994,-0.4167148521836376,-0.4978732658189976,-0.8263571007007988,0.26316563853226604,-0.24749091736762469,0.42621082477461525,0.8701106703549117,0.5042
1,1787599930.3193147,1375,31.59,-175.74,-1536.3400000000001,-0.8313924168328245,0.3676017182289105,-0.41672008109524517,-0.5017361406311319,-0.8189254271897359,0.2786072322942922,-0.23884617312708195,0.4407154654164763,0.8652874575106742,0.4973
1,1787599930.3791804,1381,31.98,-153.72,-1543.6000000000001,-0.8313997922578311,0.3665054933756492,-0.417669856177229,-0.5092547580992917,-0.8033050417857205,0.30880511847259545,-0.22233752896636041,0.46944087291917147,0.854512311231394,0.49510000000000004
1,1787599930.439491,1384,32.19,-144.5,-1546.97,-0.8309551262551491,0.3657943042948548,-0.41917550631654554,-0.5127517243024391,-0.7959009401794586,0.32191204178522026,-0.21586858820857824,0.4824274249738471,0.8489196265006116,0.4792
1,1787599930.49933,1387,32.37,-136.76,-1549.91,-0.8314838741166725,0.3654430754748269,-0.41843270148427614,-0.5148733471397162,-0.7898033200530411,0.33334089463841454,-0.20866241513285197,0.49260742404138946,0.844865623806669,0.48210000000000003
1,1787599930.5591695,1390,32.55,-130.26,-1552.46,-0.8318395324039205,0.3653411501769607,-0.4178143562844654,-0.516567323461829,-0.7849416709518353,0.34208883865864853,-0.2029807691913423,0.5003922633202038,0.8416688126263054,0.4979
1,1787599930.6190093,1393,32.64,-124.86,-1554.6200000000001,-0.8319905226021054,0.36496437284360805,-0.41784300503316735,-0.5181887598683472,-0.7802392957354329,0.3502956616008539,-0.19817209552906306,0.5079642191583452,0.8382721351735799,0.4994
1,1787599930.6788485,1399,32.85,-117.09,-1557.8500000000001,-0.8316628716699481,0.3642609955047035,-0.4191071402870847,-0.5207062817563204,-0.7737655137199826,0.3607657105617981,-0.19287777483474655,0.5182671675222867,0.8331850376976432,0.48710000000000003
1,1787599930.7386878,1402,32.88,-114.39,-1558.97,-0.8315788383011788,0.36390502871764707,-0.4195828473182268,-0.5215769904536411,-0.7712939625392218,0.36477810567503627,-0.1908771299003215,0.5221865121051616,0.8311962270465751,0.49660000000000004
1,1787599930.7835674,1405,32.910000000000004,-112.24000000000001,-1559.9,-0.8322209159147586,0.3642746556375898,-0.4179860313145832,-0.5217666434654779,-0.7695385961508966,0.3681982058631958,-0.187531109101315,0.5245134166961058,0.8304924796920246,0.49670000000000003
1,1787599930.8434067,1408,32.910000000000004,-110.60000000000001,-1560.5900000000001,-0.832560063919164,0.36434749655158644,-0.41724649995357577,-0.5221009983483603,-0.767812154409114,0.3713152879498508,-0.1850791384531577,0.5269870940528114,0.829475928048072,0.5007
1,1787599930.903246,1411,32.83,-109.61,-1560.97,-0.8321097435579939,0.36414807860906895,-0.41831752475980827,-0.5227444771178469,-0.766942937256582,0.37220524262164184,-0.18528784719629718,0.5283887847386333,0.8285370877901556,0.5007
1,1787599930.9481483,1414,32.77,-109.60000000000001,-1560.89,-0.8322638253268877,0.3641722197873836,-0.4179898556034412,-0.5224823233535381,-0.7673208670152998,0.3717941753524089,-0.18533522826312587,0.5278231535069472,0.8288869475306246,0.5093
1,1787599931.0079648,1417,32.68,-109.63,-1560.82,-0.8323994731955611,0.36419262118715034,-0.4177018693956076,-0.5224334724359104,-0.7671338942945439,0.3722483782409862,-0.18486314911931287,0.5280807920170173,0.8288282652035764,0.5034000000000001
1,1787599931.0678372,1420,32.74,-109.57000000000001,-1560.88,-0.8331585187173854,0.36467065969472434,-0.41576699321430854,-0.5217960107303641,-0.7674441049030112,0.37250297855922415,-0.18323702102612935,0.5272995882868017,0.8296862890984997,0.5125000000000001
1,1787599931.1276433,1426,32.75,-109.56,-1560.9,-0.8324819731011451,0.36428377010249446,-0.41745790123261217,-0.5223458658744,-0.7672553461438207,0.37212098868197346,-0.18473916981936378,0.5278414237757767,0.8290083657483881,0.5132
1,1787599931.1874828,1429,32.68,-109.61,-1560.78,-0.8321842178575602,0.36428966017101394,-0.4180460154591693,-0.5226496566565435,-0.7671503330720817,0.37191088027132435,-0.18522085181101494,0.5279899714576797,0.8288062657186666,0.5056
1,1787599931.2323623,1432,32.72,-109.58,-1560.83,-0.8328144576584177,0.3644886291204746,-0.416615072167334,-0.5219890189861457,-0.7676103931491347,0.37188943032481064,-0.1842485906947379,0.527183387040324,0.829536095209663,0.5155000000000001
1,1787599931.2922018,1435,32.7,-109.59,-1560.82,-0.8327549709247815,0.3644282493812662,-0.4167867673678856,-0.5220206267678289,-0.7676179357012927,0.3718294905176424,-0.18442782769687868,0.5272141460949166,0.8294767148801818,0.5087
1,1787599931.352041,1438,32.72,-109.56,-1560.8,-0.832984473534392,0.3644116856949025,-0.4163423953666396,-0.5217412455900604,-0.7678162915524085,0.37181206956853724,-0.18418181099327882,0.5269366809738207,0.8297076561919443,0.5065000000000001
1,1787599931.3974254,1441,32.72,-109.58,-1560.81,-0.8332812295815987,0.36440521182070346,-0.4157538142036555,-0.52143728504202,-0.7679213019386377,0.37202154749002775,-0.18369961947425612,0.5267881126475579,0.8299088710082797,0.5096
1,1787599931.457265,1444,32.69,-109.59,-1560.8,-0.8335695240256313,0.3644486024656713,-0.4151374046945204,-0.5211261734365454,-0.7681120942282946,0.3720635994821414,-0.18327400245279335,0.5264798446864255,0.8301985384014421,0.521
1,1787599931.5176094,1447,32.72,-109.57000000000001,-1560.83,-0.8336206712717288,0.364558847411252,-0.41493785462723437,-0.5210874813092976,-0.7681903599205245,0.37195619062990115,-0.18315133974722878,0.5262892908841623,0.8303464150879682,0.5121
1,1787599931.5774481,1453,32.72,-109.57000000000001,-1560.8,-0.8336448863759385,0.3644089412731324,-0.41502087530562054,-0.5211084891142718,-0.7679330147674012,0.37245781962967484,-0.18298127224470173,0.5267684580064045,0.8300800236466754,0.5151
1,1787599931.6372883,1456,32.68,-109.60000000000001,-1560.75,-0.8336448863759385,0.3644089412731324,-0.41502087530562054,-0.5211084891142718,-0.7679330147674012,0.37245781962967484,-0.18298127224470173,0.5267684580064045,0.8300800236466754,0.5109
1,1787599931.6821675,1459,32.71,-109.57000000000001,-1560.78,-0.8341335068736133,0.3647915933761757,-0.41370084132474133,-0.5208679789326683,-0.7677014771372028,0.3732706665731376,-0.18143274575810542,0.526841091225265,0.8303737853299842,0.5294
1,1787599931.7420068,1462,32.7,-109.59,-1560.75,-0.8344431142419682,0.36486459929499215,-0.41301151712206613,-0.5205010293386906,-0.768021377961196,0.37312443159346953,-0.18106177827341033,0.5263240324893884,0.8307825499326401,0.5294
1,1787599931.801846,1465,32.7,-109.58,-1560.8,-0.8337280645573909,0.3646275935713735,-0.41466158777458095,-0.5212430689496776,-0.7675253777326223,0.37310917652654585,-0.18221739061162295,0.5272110702012477,0.8299670535725777,0.5253
1,1787599931.8467264,1468,32.7,-109.60000000000001,-1560.78,-0.8335140171334828,0.3647246495997909,-0.41500640141606737,-0.5214600379169453,-0.767541712715208,0.3727722469522954,-0.18257549698046077,0.52712014685128,0.8299461058923182,0.5261
1,1787599931.9065652,1471,32.7,-109.58,-1560.81,-0.8335074599749842,0.36459437377103004,-0.41513402267287197,-0.521529522979481,-0.7672408553558837,0.3732940215615126,-0.18240688261917407,0.5276480005527193,0.8296477063705248,0.5205000000000001
1,1787599931.9664042,1474,32.71,-109.60000000000001,-1560.81,-0.8335746989940132,0.3646047957472038,-0.41498983615888724,-0.5215045667251111,-0.7671473607292335,0.3735209683686118,-0.18217082115941188,0.5277767234771833,0.8296176963359656,0.5257000000000001
1,1787599932.0262437,1480,32.71,-109.60000000000001,-1560.8500000000001,-0.8336419024579927,0.36461524279970114,-0.41484563777908195,-0.5214795504234813,-0.7670538384839979,0.3737478927794624,-0.18193476016512664,0.527905421060515,0.8295876140942425,0.5212
1,1787599932.0860832,1483,32.7,-109.60000000000001,-1560.8700000000001,-0.8340634940004829,0.36467995272756437,-0.41394035808837004,-0.5211177078187166,-0.7670579937409258,0.37424372918716076,-0.1810370751351043,0.5278546829542838,0.8298162514133831,0.52
1,1787599932.1314673,1486,32.72,-109.59,-1560.88,-0.8341159191413458,0.36461046153723053,-0.41389593471378266,-0.5211545606887478,-0.7667489962179083,0.3748251601375615,-0.180689117846943,0.5283513869920642,0.8295759486359615,0.5155000000000001
1,1787599932.191307,1489,32.7,-109.59,-1560.83,-0.8342562443757765,0.3647615129193878,-0.413479815000423,-0.5210351111563594,-0.7668633698957453,0.3747572345591499,-0.18038550845981233,0.5280810644256245,0.8298141103480913,0.5188
1,1787599932.2511466,1492,32.72,-109.59,-1560.8500000000001,-0.8343818760281213,0.3648325717858699,-0.4131635021633704,-0.520977632903803,-0.7667622858503109,0.37504386811619367,-0.17996997241135412,0.5281787496309509,0.829842164190602,0.5098
1,1787599932.297024,1495,32.69,-109.60000000000001,-1560.8600000000001,-0.8344486773170215,0.36484321807315995,-0.4130191655963364,-0.5209521392085623,-0.7666686471639258,0.3752706411509681,-0.1797338965746195,0.5283073079958829,0.8298114934973169,0.5128
1,1787599932.3558657,1498,32.71,-109.58,-1560.8600000000001,-0.8349106129954701,0.3650679750270411,-0.41188547184525004,-0.5205437362044375,-0.7668378077911753,0.37549167133286687,-0.17876936819783645,0.5279063838898715,0.8302748718601968,0.525
1,1787599932.4157043,1501,32.7,-109.61,-1560.8400000000001,-0.8346391571241237,0.3651042735357636,-0.41240313631331044,-0.5207939966298735,-0.7668617914171654,0.3750954624342177,-0.1793072515806763,0.5278464381904823,0.830196993020455,0.5248
1,1787599932.4755442,1507,32.7,-109.60000000000001,-1560.82,-0.8346601997406717,0.3649258078586705,-0.4125184913765186,-0.5206591537379555,-0.767039840717622,0.3749185623315563,-0.17960065867846403,0.5277111307434985,0.8302195889592585,0.5378000000000001
1,1787599932.5353835,1510,32.71,-109.58,-1560.8400000000001,-0.8347349411867551,0.36488673075236966,-0.4124018085348224,-0.520640193236597,-0.7668601304175415,0.3753123093672124,-0.1793080231013198,0.5279992557729972,0.8300996438709375,0.5334
1,1787599932.5802634,1513,32.71,-109.60000000000001,-1560.82,-0.8348290877207034,0.36484827241538376,-0.4122452333392446,-0.5204114358334029,-0.7672460932241669,0.374840459243755,-0.1795336507433474,0.5274648524288259,0.8303905693726312,0.5349
1,1787599932.6401026,1516,32.71,-109.58,-1560.83,-0.8344092277771031,0.3647838233865705,-0.41315130738737127,-0.5207740359235292,-0.7672417945346451,0.3743453381934607,-0.1804318267610721,0.5275156783591678,0.8301635772406121,0.529
1,1787599932.6999412,1519,32.71,-109.59,-1560.83,-0.8345186700523114,0.36495433869767835,-0.41277950530502594,-0.5207033555665176,-0.7673129172610456,0.3742978793769916,-0.1801294113571973,0.5272942420225015,0.8303699040150871,0.533
1,1787599932.7597806,1522,32.7,-109.59,-1560.8400000000001,-0.8344760537566218,0.3647944072343035,-0.4130069686547054,-0.5207486970838943,-0.7671482821589578,0.37457216616559574,-0.18019575520028822,0.5276443438824425,0.8301330834129336,0.526
1,1787599932.8196206,1525,32.71,-109.59,-1560.8400000000001,-0.8346160691783124,0.36494512313870103,-0.4125906859911174,-0.5206293272921575,-0.7672625619639647,0.3745040247738454,-0.17989196933898421,0.5273738883427693,0.8303707974523009,0.5325
1,1787599932.8644996,1528,32.7,-109.59,-1560.82,-0.8340987623264746,0.36458166208416665,-0.41395587489174457,-0.5209202885014381,-0.7674511415040791,0.373712186624499,-0.18144229857732105,0.5273508861052879,0.8300480318698105,0.5201
1,1787599932.9243393,1534,32.7,-109.59,-1560.79,-0.8341350414924658,0.364611897626879,-0.41385613039230074,-0.520943858397115,-0.7673145767025131,0.3739596726629358,-0.18120769562214875,0.5275286764610714,0.8299863050427647,0.5246000000000001
1,1787599932.9841785,1537,32.7,-109.58,-1560.8,-0.8342400913701966,0.3648611933871669,-0.4134244544179005,-0.5210217583921944,-0.7670355643399068,0.3744232502391735,-0.1804987457921857,0.5277620226938021,0.8299924398267702,0.522
1,1787599933.0295649,1540,32.7,-109.59,-1560.79,-0.8340634940004829,0.36467995272756437,-0.41394035808837004,-0.5211177078187166,-0.7670579937409258,0.37424372918716076,-0.1810370751351043,0.5278546829542838,0.8298162514133831,0.5194
1,1787599933.0894115,1543,32.7,-109.58,-1560.79,-0.8342438473965722,0.36465380625936455,-0.4135998122116628,-0.5206520663968193,-0.7679148783551439,0.37313290575547853,-0.18154511515787736,0.5266254277770517,0.8304860203404694,0.5062
1,1787599933.1496944,1546,32.7,-109.59,-1560.75,-0.8342297038229708,0.364961764151768,-0.41335664016278684,-0.5207182893811495,-0.768037570806955,0.37278781221080826,-0.18142013218881678,0.5262330287393416,0.8307620207378351,0.515
1,1787599933.2096546,1549,32.71,-109.58,-1560.81,-0.8339198250475613,0.3648886789274346,-0.41404586386442344,-0.5210851716832127,-0.7677177556087813,0.37293389705803454,-0.18179100430032805,0.5267501302454585,0.8303531363473441,0.5156000000000001
1,1787599933.2694714,1552,32.71,-109.57000000000001,-1560.8500000000001,-0.8332071791445292,0.3642644040568338,-0.41602552873487963,-0.5215318385147167,-0.7677141615133286,0.37231640794806,-0.18376707549905624,0.5271872628857858,0.8296404352570561,0.49050000000000005
1,1787599933.314355,1555,32.71,-109.58,-1560.82,-0.8331194842249747,0.3644322054386846,-0.4160541943591102,-0.521692116712516,-0.7676295995756749,0.3722662128306884,-0.18370971766546923,0.5271944285502126,0.8296485847278281,0.48410000000000003
1,1787599933.3741946,1561,32.7,-109.59,-1560.8600000000001,-0.8328574272740269,0.36434112899923665,-0.4166581903119756,-0.52179729364347,-0.7679171285154793,0.37152505713463124,-0.18459710230889098,0.5268385193321596,0.8296776990898685,0.48650000000000004
1,1787599933.4340324,1564,32.71,-109.58,-1560.8400000000001,-0.8330586219274938,0.36455252847890357,-0.41607065074564314,-0.5216466410391146,-0.7680232723217547,0.3715172069565454,-0.1841144055332821,0.5265374698459947,0.8299760108119415,0.5104000000000001
1,1787599933.4799104,1567,32.7,-109.59,-1560.83,-0.8330438929560705,0.36447202886522123,-0.4161706531982571,-0.5217096286285319,-0.7678087649083598,0.3718719724934621,-0.18400254293045523,0.5269059125733627,0.8297669693898146,0.4994
1,1787599933.5387518,1570,32.71,-109.60000000000001,-1560.8700000000001,-0.8331935360101993,0.3645730171114584,-0.41578245122307533,-0.5215975788265735,-0.7678367348081733,0.37197138927796486,-0.1836423080694563,0.5267952770036679,0.8299170071841833,0.5002
1,1787599933.5985916,1573,32.71,-109.60000000000001,-1560.8700000000001,-0.8328454202160098,0.36446898854067705,-0.41657035710351964,-0.5219402095271275,-0.7676534314195806,0.3718690991579181,-0.18424690961857776,0.5271342956229266,0.8295676649159639,0.5029
1,1787599933.65843,1576,32.67,-109.58,-1560.8600000000001,-0.8328159877479827,0.3643076336115015,-0.41677029481926847,-0.522066160021472,-0.7672237931398633,0.3725782814396392,-0.18402297441294332,0.5278708168979114,0.8291489284535951,0.506
1,1787599933.7187753,1579,32.730000000000004,-109.62,-1560.93,-0.8326173822777013,0.36430426686454564,-0.417169864531601,-0.5222967824005089,-0.7670683582382108,0.37257509965617863,-0.18426710456048276,0.5280989821368924,0.8289493948624814,0.5054000000000001
1,1787599933.7636547,1582,32.69,-109.60000000000001,-1560.89,-0.8327445089127128,0.36437503963435225,-0.4168541871772304,-0.522240435758907,-0.7669672605274817,0.37286210391687363,-0.18385187008587162,0.5281969819777794,0.8289791541983992,0.5035000000000001
1,1787599933.8239996,1588,32.7,-109.60000000000001,-1560.9,-0.832543130610946,0.3641628908736151,-0.417441402574178,-0.5223914574136129,-0.7668608034466766,0.37286951250859773,-0.1843342097761751,0.5284977739287927,0.8286802773437434,0.4989
1,1787599933.8838394,1591,32.71,-109.60000000000001,-1560.91,-0.8327216769801317,0.36434444296912766,-0.4169265349733856,-0.5222962831268015,-0.7668380884795011,0.3730495123827843,-0.18379663032636262,0.5284055951015482,0.8288584473515689,0.5041
1,1787599933.9292235,1594,32.72,-109.61,-1560.9,-0.832551284645691,0.3641126563338573,-0.4174689592440521,-0.5223985226585806,-0.766774769087898,0.3730365089563399,-0.1842773506401214,0.5286571923162525,0.8285912327881308,0.5052
1,1787599933.9890625,1597,32.7,-109.65,-1560.88,-0.832569706480988,0.3641160245282457,-0.41742928087510517,-0.5221856878080945,-0.767339956681244,0.3721713292676022,-0.18479662144787395,0.5278341705139719,0.8290001792154683,0.5154
1,1787599934.0494075,1600,32.77,-109.74000000000001,-1560.89,-0.8328633610756037,0.3644960030229927,-0.4165108468672952,-0.5221769687459973,-0.7669521485219751,0.37298205746224344,-0.18349341974329947,0.5281354614658904,0.8290977621807456,0.5141
1,1787599934.094287,1603,32.71,-109.58,-1560.93,-0.8327216769801317,0.36434444296912766,-0.4169265349733856,-0.5222962831268015,-0.7668380884795011,0.3730495123827843,-0.18379663032636262,0.5284055951015482,0.8288584473515689,0.5035000000000001
1,1787599934.1545038,1606,32.79,-109.69,-1560.93,-0.8324324995273276,0.36429990570758614,-0.41754246781869914,-0.5226074996581046,-0.7666469549415529,0.3730064983079366,-0.18422142935008884,0.5287135568342165,0.8285677038045363,0.5014000000000001
1,1787599934.214365,1609,32.72,-109.69,-1560.8600000000001,-0.8328120893339016,0.36438536282405604,-0.4167101285292727,-0.52221571304068,-0.7668736991755599,0.37308910271704154,-0.18361582968991563,0.5283256920426774,0.828949449734367,0.5052
1,1787599934.2741828,1615,32.78,-109.63,-1560.96,-0.8328486847613116,0.3644153034935767,-0.41661079543266544,-0.5222397451571568,-0.7667369195547253,0.37333650339863483,-0.18338134275204146,0.5285035314654154,0.8288879902369458,0.5108
1,1787599934.3344636,1618,32.94,-109.62,-1561.1100000000001,-0.8326257458269982,0.3645623541241845,-0.4169276404143385,-0.5224494235242523,-0.7668394669103032,0.3728321765190052,-0.18379599355048998,0.5282532744282376,0.8289556748165933,0.5039
1,1787599934.379343,1621,32.87,-109.53,-1561.14,-0.8327445089127128,0.36437503963435225,-0.4168541871772304,-0.522240435758907,-0.7669672605274817,0.37286210391687363,-0.18385187008587162,0.5281969819777794,0.8289791541983992,0.5041
1,1787599934.4391825,1624,33.0,-109.59,-1561.23,-0.8327445089127128,0.36437503963435225,-0.4168541871772304,-0.522240435758907,-0.7669672605274817,0.37286210391687363,-0.18385187008587162,0.5281969819777794,0.8289791541983992,0.5094000000000001
1,1787599934.4990218,1627,32.89,-109.58,-1561.19,-0.8327216769801317,0.36434444296912766,-0.4169265349733856,-0.5222962831268015,-0.7668380884795011,0.3730495123827843,-0.18379663032636262,0.5284055951015482,0.8288584473515689,0.5114000000000001
1,1787599934.5439017,1630,33.25,-109.29,-1561.66,-0.8329243505035312,0.3643755316819295,-0.4164942955789218,-0.5222218304905869,-0.7665571835088851,0.3737304431940037,-0.1830884652219571,0.5287916000868744,0.8287690013388721,0.5029
1,1787599934.6037407,1633,33.26,-109.17,-1561.73,-0.8328584848597719,0.3641840216232453,-0.4167934051678424,-0.5223232658522411,-0.7662630117916716,0.37419166574017376,-0.18309874425165973,0.5293495963484589,0.8284104385503536,0.5108
1,1787599934.6635811,1636,33.25,-108.51,-1562.6000000000001,-0.8326818678881942,0.363843875311907,-0.41744285990808544,-0.5229410087802748,-0.7646237496905369,0.3766738944299852,-0.1821362353462278,0.5319475122671377,0.8269572153181246,0.5113
1,1787599934.7234194,1642,33.53,-102.99000000000001,-1572.17,-0.8328319829540103,0.36326794879982105,-0.41764492759240046,-0.5268886453268077,-0.7515127350590923,0.3970100306915227,-0.16964446231625804,0.550695021240226,0.8172855987882417,0.49710000000000004
1,1787599934.7832587,1645,33.78,-99.51,-1580.14,-0.8328156207611206,0.3625550681148097,-0.4182965029743078,-0.5296732585015921,-0.7414786053486794,0.4118928465492975,-0.16082406861093604,0.5645912684362407,0.8095506893091883,0.48750000000000004
1,1787599934.8281386,1648,33.94,-98.24000000000001,-1588.49,-0.8326240667172545,0.36211354517346117,-0.4190595947178972,-0.5321135035679893,-0.7328794283024104,0.4239610393558961,-0.15359812122490346,0.5759874338673022,0.8028985572182452,0.4828
1,1787599934.8879933,1651,34.1,-100.86,-1595.67,-0.8331264070191742,0.36210689763681936,-0.41806576589235245,-0.5328991436274051,-0.7278847007917708,0.4315117206686888,-0.14805030445257278,0.582290698051336,0.7993864211471122,0.48560000000000003
1,1787599934.9478173,1654,34.15,-106.96000000000001,-1601.52,-0.8332637595775855,0.36208234279292695,-0.41781321665573606,-0.5330602434641687,-0.7266596286398805,0.43337346589618525,-0.14669111701990978,0.583834018486878,0.7985108358969933,0.49510000000000004
1,1787599934.9926965,1657,34.19,-114.73,-1606.76,-0.8335319593741782,0.3624155093426578,-0.4169885745314194,-0.5328038194605048,-0.7269177947213994,0.433255824756777,-0.14609778461749864,0.5833056817015236,0.799005581347577,0.5138
1,1787599935.0525365,1660,34.21,-122.17,-1612.18,-0.833436726088922,0.3622867953850883,-0.41729066787526187,-0.5327086475292439,-0.7275558967720407,0.43230072162765976,-0.146985442999444,0.5825896454296409,0.7993651134396738,0.5025000000000001
1,1787599935.1123753,1663,34.27,-128.38,-1618.04,-0.8333710445198533,0.3622711305789714,-0.41743542028069697,-0.5327462970300276,-0.7276599226103041,0.43207918258990374,-0.14722121163976948,0.5824694541139472,0.7994093130978136,0.5078
1,1787599935.1722145,1669,34.39,-137.84,-1630.53,-0.8331621430566704,0.36216359370209306,-0.4179454208075521,-0.5332687161681485,-0.7263333889436251,0.43366379196566956,-0.14651047653185506,0.5841894722625991,0.7982839975622429,0.4907
1,1787599935.2320578,1672,34.5,-142.43,-1636.65,-0.8331241984423754,0.3619949944440273,-0.4181670646610253,-0.5333102136168196,-0.7261499715390662,0.4339198484579791,-0.14657518897047908,0.5845218925166807,0.7980287408026019,0.48610000000000003
1,1787599935.2918978,1675,34.62,-147.61,-1642.26,-0.83352272738638,0.3624663326316985,-0.416962852828519,-0.5328026432622157,-0.7270135661616669,0.43309654576051687,-0.1461547339745327,0.5831547241731154,0.7991053506337017,0.4948
1,1787599935.3517718,1678,34.730000000000004,-153.04,-1647.39,-0.8336304557863797,0.36262910679606813,-0.41660580179550866,-0.532128955828651,-0.729405219381026,0.4298916146058528,-0.14798323403042118,0.5800587529242217,0.801019853438037,0.4998
1,1787599935.4115765,1681,34.96,-158.31,-1652.4,-0.8338690260652916,0.3629516785060606,-0.415846758360042,-0.5315598293477235,-0.7309994572704587,0.42788309302204686,-0.14868286785215346,0.5778458899567668,0.8024883377765256,0.502
1,1787599935.471415,1687,35.4,-166.12,-1662.83,-0.8335631832153483,0.36277782028145433,-0.41661093684603717,-0.5315064153049238,-0.7322369184934497,0.4258286341768563,-0.15057672488670265,0.5763864574285675,0.803184475457127,0.48510000000000003
1,1787599935.531376,1690,35.65,-168.4,-1668.55,-0.8338609880250214,0.3628715244863432,-0.41593281833355283,-0.5313729732601514,-0.7316730545814335,0.4269628842044014,-0.14939416300043792,0.5770431508270695,0.8029337370823115,0.49360000000000004
1,1787599935.5912156,1693,35.89,-170.09,-1674.41,-0.8338007329855698,0.3626969563816451,-0.4162057850441507,-0.5318291817576014,-0.7299611539429809,0.4293185707202425,-0.14810151621022244,0.5793165210536662,0.8015349707470726,0.49670000000000003
1,1787599935.6510577,1696,36.160000000000004,-171.65,-1680.0900000000001,-0.8338943509701771,0.3629565568449962,-0.4157917137982093,-0.5321095705422042,-0.7287446769537202,0.4310343382481362,-0.1465592588594048,0.5806838500034616,0.800828726999562,0.49500000000000005
1,1787599935.710898,1699,36.43,-173.09,-1685.58,-0.8340284302258301,0.36266852678806955,-0.41577411806461595,-0.5321403857326947,-0.7277688417376855,0.43264202623883713,-0.14568180204574888,0.5820859495582753,0.7999704743798638,0.4963
1,1787599935.7712436,1705,37.03,-174.5,-1697.23,-0.8340463372856249,0.3625620246627816,-0.41583107812290554,-0.5333063530213399,-0.7228246618374548,0.4394415115423747,-0.14124815428001705,0.588279938899835,0.7962258928221909,0.49360000000000004
1,1787599935.8315885,1708,37.29,-174.25,-1703.64,-0.8339030874898212,0.36249660044247434,-0.41617526997959947,-0.5341214762754265,-0.7199626908531572,0.4431342599718962,-0.13899600446164764,0.5918191771539092,0.7939963301530854,0.49110000000000004
1,1787599935.8914278,1711,37.550000000000004,-173.62,-1710.3700000000001,-0.8338557196748733,0.362235097037081,-0.41649774698074377,-0.5353184714414163,-0.7146963657268873,0.45015912625471083,-0.13460599131957146,0.5983266994638595,0.7898647908405335,0.4893
1,1787599935.9512672,1714,37.85,-172.57,-1717.39,-0.8341981729232354,0.36205316012820166,-0.41596985171129697,-0.535898328410151,-0.7101708811983279,0.4565854806114582,-0.13010146001771739,0.6038003219104582,0.786446934867245,0.49260000000000004
1,1787599936.0111067,1717,38.15,-171.21,-1724.74,-0.8344780800728971,0.3619360137720676,-0.4155101151748743,-0.5368458648225496,-0.7040343327103379,0.4649001783050189,-0.12426926933389622,0.6110138953410922,0.7818050705894177,0.49760000000000004
1,1787599936.0709457,1723,38.68,-169.19,-1739.39,-0.8347103030328249,0.3610097874708834,-0.41584930366789996,-0.539087088193904,-0.6898658004177262,0.48318763307500756,-0.1124447480030422,0.6275006858675437,0.7704538064558409,0.48900000000000005
1,1787599936.130787,1726,38.92,-169.27,-1745.99,-0.8349354255860206,0.3611060240614394,-0.4153134653343542,-0.5398229973430098,-0.6842372417711068,0.49031676344285524,-0.10711660301325597,0.6335785952508238,0.766227248927427,0.4933
1,1787599936.190625,1729,39.07,-170.48,-1751.58,-0.8345935655846187,0.3603771509975756,-0.41663159904599534,-0.5408152747964369,-0.6798471344128654,0.49530466621814656,-0.10474931422976919,0.6386988201566414,0.7622935119092301,0.48050000000000004
1,1787599936.2504642,1732,39.14,-172.77,-1756.08,-0.8346716270277195,0.3602878587680654,-0.41655243830665806,-0.5410866655191068,-0.6774919366142405,0.4982267518109603,-0.10270586853882248,0.6412467034199931,0.7604302531598001,0.4852
1,1787599936.3103056,1735,39.14,-175.78,-1759.6200000000001,-0.8348051533202402,0.3602764909818516,-0.4162946144688567,-0.541139634743413,-0.6761379218958096,0.5000054062549539,-0.10133238228590002,0.6426806054489429,0.7594033102904177,0.4894
1,1787599936.370143,1741,39.22,-183.06,-1764.14,-0.8349371846166694,0.3606854860284966,-0.4156752072385085,-0.5409335871651892,-0.6769299947143367,0.49915592406847065,-0.10134471876220466,0.6416165228736207,0.7603009177651797,0.49500000000000005
1,1787599936.4299834,1744,39.230000000000004,-186.59,-1765.53,-0.8352885130185116,0.36080787131720615,-0.4148623627359685,-0.5402494486475201,-0.678730442723137,0.4974490118161912,-0.10209619608670285,0.6396426081151888,0.761861995789411,0.5062
1,1787599936.4898229,1747,39.17,-189.63,-1766.48,-0.8354627128011781,0.3613386803802109,-0.4140488057946598,-0.5400009677315535,-0.6796149068504371,0.49651035561774265,-0.10198534388764811,0.6384026444554873,0.7629161508215426,0.5182
1,1787599936.5496612,1750,39.11,-192.13,-1767.03,-0.8342687066444235,0.36048984094109654,-0.41718437134210107,-0.5411343254777471,-0.6803841727982666,0.4942175828472338,-0.10568522556906772,0.6380630470289607,0.7626966507809863,0.4737
1,1787599936.6095011,1753,39.11,-193.59,-1767.07,-0.8347785964804724,0.3609959321673516,-0.41572422567937684,-0.5405272735610079,-0.6809971503118845,0.4940375975609506,-0.10476144994603608,0.6371222945602496,0.7636099923255895,0.4939
1,1787599936.6693397,1759,39.230000000000004,-193.17000000000002,-1767.15,-0.835190507747433,0.36113451210319314,-0.41477545724955067,-0.539955013082634,-0.681663222657435,0.4937447060204422,-0.10442892135571291,0.6363309791643569,0.7643150432512849,0.5018
1,1787599936.7296865,1762,38.94,-193.1,-1766.96,-0.8348171689139823,0.36075994734184524,-0.41585160199325033,-0.5404200004614644,-0.6810899978399984,0.49402696074560737,-0.10500722635930557,0.6371567116779201,0.7635475146813756,0.48810000000000003
1,1787599936.7895255,1765,39.04,-193.14000000000001,-1767.15,-0.8350899037590523,0.36121093849514774,-0.41491144904804833,-0.5401472788337679,-0.6813119546268199,0.4940191672911667,-0.10423900329613825,0.6366637090285865,0.7640638401323484,0.5023
1,1787599936.8493652,1768,38.97,-193.24,-1767.03,-0.8348171689139823,0.36075994734184524,-0.41585160199325033,-0.5404200004614644,-0.6810899978399984,0.49402696074560737,-0.10500722635930557,0.6371567116779201,0.7635475146813756,0.4933
1,1787599936.9092047,1771,38.96,-193.1,-1767.04,-0.835128597053643,0.36097497428136943,-0.4150389070024381,-0.5400399585133075,-0.6814047597068357,0.4940084985684097,-0.10448478162947444,0.6366982184610179,0.7640015111348974,0.5042
1,1787599936.9690435,1777,38.92,-193.14000000000001,-1767.04,-0.8349366583288925,0.3612144494949675,-0.4152166880733835,-0.5403864203311554,-0.6809696689688114,0.49422952832280986,-0.10422712363037699,0.6370278105550453,0.763761923166626,0.5069
1,1787599937.028883,1780,39.08,-193.29,-1767.08,-0.8347258418531825,0.36092308698551995,-0.41589336881385625,-0.540574197620366,-0.6810063224683899,0.4939736082273796,-0.10493953406411233,0.6371537601230349,0.7635592839796298,0.49720000000000003
1,1787599937.0887225,1783,38.980000000000004,-193.16,-1767.03,-0.8348210004905329,0.3611200538208932,-0.41553123091818345,-0.5404853700451965,-0.6810929837407783,0.49395132580669393,-0.10463967654332905,0.63694949111172,0.7637708320336857,0.4907
1,1787599937.148562,1786,39.15,-193.22,-1767.07,-0.8350909363241935,0.36107290684418586,-0.4150294977616308,-0.5401801247625413,-0.6809391673211863,0.4944970002127969,-0.10406037132697041,0.6371406487982222,0.7636905346855317,0.503
1,1787599937.1934416,1789,39.050000000000004,-193.18,-1767.1000000000001,-0.8346627276198794,0.3609015602148113,-0.41603869406181215,-0.540626090572273,-0.681120492870509,0.49375935878155824,-0.10517395739765519,0.6370439058858893,0.7636186879974629,0.4868
1,1787599937.253788,1792,38.99,-193.23000000000002,-1767.06,-0.8349319353069622,0.36099255829116556,-0.4154191091692464,-0.5402880682003321,-0.6813393879733411,0.49382734002530315,-0.10477340676394935,0.6367582047013706,0.7639119857552725,0.49670000000000003
1,1787599937.3136284,1795,39.08,-193.21,-1767.1000000000001,-0.8348068511607567,0.3608112471692778,-0.4158278071163743,-0.5404249906991201,-0.6811950031340336,0.4938767023590808,-0.10506355544582668,0.6370153935513445,0.7636576704883591,0.4844
1,1787599937.3590126,1798,39.07,-193.18,-1767.04,-0.8348792117963558,0.36091975880613564,-0.4155882931623757,-0.5403349709870945,-0.6813485441201359,0.4937633851894521,-0.10495151660967873,0.6367896741693385,0.7638613028767959,0.49720000000000003
1,1787599937.4188523,1804,39.1,-193.35,-1767.06,-0.8348210004905329,0.3611200538208932,-0.41553123091818345,-0.5404853700451965,-0.6810929837407783,0.49395132580669393,-0.10463967654332905,0.63694949111172,0.7637708320336857,0.4983
1,1787599937.479199,1807,39.14,-193.33,-1767.08,-0.8349892782470066,0.3612872825161033,-0.4150474728325327,-0.5403394422427914,-0.6809605202334486,0.49429349281589785,-0.10404899023677074,0.6369962867831496,0.7638125020285986,0.505
1,1787599937.5390363,1810,39.15,-193.29,-1767.04,-0.8348199860723919,0.36125824094229625,-0.4154131367751493,-0.5404523014835513,-0.6814655661183144,0.49347339544921504,-0.10481841763365633,0.6364724389526404,0.7641439221628694,0.49510000000000004
1,1787599937.5988758,1813,39.09,-193.24,-1767.06,-0.8349422413153657,0.3609412975012668,-0.41544293642493874,-0.5402830576228539,-0.6812344137138208,0.49397762218311747,-0.10471710133962618,0.6368995629846897,0.7638018560837211,0.4983
1,1787599937.6587152,1816,39.02,-193.25,-1767.05,-0.8347682765348805,0.36104722565256564,-0.4157004033430454,-0.540532290397791,-0.6811021475989303,0.4938873429978169,-0.10481778250041081,0.6369809772549808,0.7637201497191142,0.49110000000000004
1,1787599937.718554,1822,39.03,-193.19,-1767.06,-0.8351538286021042,0.3610945321790096,-0.41488410598825026,-0.540127995323606,-0.6808249629938333,0.4947111464603849,-0.10382596611132584,0.6372504284775867,0.7636308402403494,0.5
1,1787599937.7783942,1825,39.02,-193.14000000000001,-1767.07,-0.8350486239511778,0.3609488153569821,-0.41522252868749254,-0.5402220473751193,-0.6808432604781254,0.49458325304376183,-0.10418222097401598,0.6373134294473218,0.7635297358184646,0.49160000000000004
1,1787599937.838233,1828,38.99,-193.19,-1767.01,-0.8347437358780455,0.3607897270018326,-0.41597315815122893,-0.5404768536325495,-0.6813091590735265,0.4936624357290962,-0.10529798715941244,0.6369054895763323,0.7637170492058618,0.4912
1,1787599937.8980725,1831,39.0,-193.20000000000002,-1767.03,-0.8348313174395641,0.3610687743159586,-0.41555506450540663,-0.5404803359919184,-0.6809879840090832,0.49410158069096216,-0.104583353494638,0.6370908144442327,0.7636606683092952,0.48900000000000005
1,1787599937.9579134,1834,38.99,-193.16,-1767.03,-0.834822047938535,0.36098179618570586,-0.41564924046394197,-0.540518330074987,-0.68072010973513,0.49442903136359223,-0.10446091675194985,0.6374262898757269,0.7633974337437925,0.4948
1,1787599938.0177507,1840,38.99,-193.18,-1767.0,-0.8347155189093058,0.3609743944489942,-0.41586955772711964,-0.5405791972406996,-0.6811113173091922,0.49382335398798,-0.10499587612172712,0.6370124488465817,0.7636694350384281,0.4999
1,1787599938.0775917,1843,38.99,-193.20000000000002,-1767.04,-0.8355947593176748,0.36121703858824056,-0.41388845023070975,-0.5395076891750485,-0.6815490902173803,0.49439082813585894,-0.10350290586179901,0.6364063864052613,0.7643782177827682,0.49820000000000003
1,1787599938.1374295,1846,39.01,-193.17000000000002,-1767.06,-0.8354849773816055,0.36120709436983,-0.41411868775335736,-0.5397374391725361,-0.6809298876530043,0.4949929139455833,-0.10319083934696381,0.6370745035533689,0.7638636839103543,0.502
1,1787599938.1972713,1849,39.0,-193.15,-1767.03,-0.8345343127268531,0.3602211102224154,-0.416885155206622,-0.5407309983577631,-0.6806001278577753,0.49436166252552044,-0.10565258300929344,0.6379844964496475,0.7627668805037053,0.4723
1,1787599938.2421486,1852,39.01,-193.17000000000002,-1767.0900000000001,-0.833776566509152,0.35985478699731727,-0.41871370817698955,-0.5414725839881008,-0.6810856631206612,0.4928790523858145,-0.1078150171796991,0.6376729975203629,0.7627247670712789,0.459
1,1787599938.301988,1855,38.97,-193.19,-1767.0,-0.834236000576414,0.3602885302650568,-0.41742361013928586,-0.5409125536557523,-0.6817067200001664,0.4926353186731819,-0.10706962519726215,0.6367637889092468,0.7635888766175538,0.4716
1,1787599938.361828,1858,39.0,-193.17000000000002,-1766.96,-0.8365348197494921,0.3618392434775867,-0.4114387648560267,-0.5384480548703432,-0.681876597833348,0.4950939279910056,-0.10140605284217005,0.6357017124460078,0.7652451536861794,0.5329
1,1787599938.406707,1861,39.0,-193.13,-1766.93,-0.8343756293543243,0.36091726610376723,-0.4166005714923559,-0.5408027926122501,-0.6821207510404032,0.4921825073109237,-0.10653472974747098,0.6359638417616668,0.7643299963558768,0.48650000000000004
1,1787599938.4666111,1867,39.0,-193.15,-1766.8700000000001,-0.8368967385164969,0.3618518572530268,-0.41069098171616253,-0.5380837947487097,-0.6814373998919726,0.4960936402104914,-0.10034778965816221,0.6361653114018423,0.7649993579603306,0.5556
1,1787599938.5264504,1870,38.99,-193.14000000000001,-1766.88,-0.8370094683706015,0.3620828800971955,-0.4102574043189019,-0.5379521945360969,-0.6816872655996125,0.4958930412025569,-0.10011286756336778,0.635766041763669,0.7653619757267772,0.56
1,1787599938.5862896,1873,39.01,-193.13,-1766.94,-0.8368776685271256,0.3619861627367241,-0.4106114780516304,-0.5381800430738609,-0.6811347014318838,0.4964048345275415,-0.09999004529261853,0.6364130235094506,0.7648401495410265,0.5418000000000001
1,1787599938.6461294,1876,39.01,-193.15,-1766.91,-0.8366743276089726,0.36161200118000997,-0.4113548712762037,-0.5384438504383366,-0.6805675539107756,0.4968963921070888,-0.10027107980475662,0.6372319555440483,0.7641211588408584,0.5377000000000001
1,1787599938.691009,1879,38.95,-193.20000000000002,-1766.88,-0.836804294987955,0.36151888842632407,-0.41117230597488796,-0.538204617083649,-0.6809771292815486,0.4965943410322998,-0.10047070239405374,0.6368471109351571,0.7644157214853639,0.5395
1,1787599938.7508483,1882,38.87,-193.31,-1766.77,-0.8370520758988865,0.36143736200403664,-0.4107394010573225,-0.5379393259608125,-0.680660093121473,0.4973159149038917,-0.09982536660684854,0.6372321954981803,0.7641793148223638,0.5509000000000001
1,1787599938.8106883,1885,38.88,-193.32,-1766.74,-0.8369812771989719,0.3614989185314204,-0.4108294944608912,-0.538082730676262,-0.6803660820444055,0.49756303053133144,-0.09964595609634784,0.6375111970029694,0.7639699975322891,0.5494
1,1787599938.8560722,1888,38.93,-193.25,-1766.8400000000001,-0.8369733390742707,0.36127627907248394,-0.411041457590845,-0.5381505162698279,-0.679723358903627,0.4983675121828154,-0.09934611979027354,0.6383224933686042,0.7633313454472472,0.527
1,1787599938.9159117,1894,38.99,-193.16,-1766.95,-0.8371206615800297,0.36127252900788576,-0.4107446381148025,-0.5380748363857455,-0.6790526513381533,0.49936256083038305,-0.09851126029174016,0.6390380712405725,0.7628406616724503,0.5393
1,1787599938.9762554,1897,39.0,-193.15,-1766.92,-0.8370768129265622,0.3614221680256521,-0.41070235660432575,-0.5380552906297241,-0.6797053182183606,0.4984949193432572,-0.09898946148996125,0.6382591141889904,0.7634306711605272,0.544
1,1787599939.036095,1900,39.0,-193.14000000000001,-1766.82,-0.8371375607515629,0.36158090835060935,-0.4104387300137155,-0.5379711438071363,-0.6799651181294126,0.49823135846521677,-0.09893307237605098,0.637892377163736,0.7637444352312054,0.5475
1,1787599939.0959344,1903,39.0,-193.15,-1766.9,-0.8370645578685602,0.36111309306171196,-0.4109990997310274,-0.5379961133231945,-0.6798067691177436,0.4984204437127663,-0.09941382202414313,0.6383260065837031,0.7633195931649168,0.5469
1,1787599939.1408138,1906,39.0,-193.15,-1766.9,-0.8371072698659686,0.3611001152821644,-0.4109235031982858,-0.5379850610894648,-0.6795287858532372,0.4988112902104261,-0.09911353480785999,0.638629263297598,0.7631049543004281,0.5481
1,1787599939.200653,1909,39.0,-193.13,-1766.9,-0.836954045670899,0.3612411778428202,-0.4111115868786071,-0.5381927191829764,-0.6795598891273027,0.49854483660722215,-0.09928002041472647,0.638516380776578,0.7631777702648522,0.5465
1,1787599939.260493,1912,39.01,-193.14000000000001,-1766.92,-0.836730567288715,0.36105128601634556,-0.41173283404490374,-0.5382293106766927,-0.6808194462138113,0.4967837464990293,-0.10095130951700168,0.6372808254788955,0.763990826243182,0.5244
1,1787599939.305372,1915,38.99,-193.13,-1766.89,-0.836710127618196,0.3611530994452258,-0.41168507515119945,-0.5382400780217832,-0.6810298676938872,0.49648357245728786,-0.1010632512451816,0.6369982402408605,0.7642116599331629,0.5242
1,1787599939.365212,1921,38.99,-193.13,-1766.82,-0.8362767372090733,0.3608951985921191,-0.4127903516751592,-0.5387261958760773,-0.6809428881061772,0.49607546705567757,-0.10205540005231041,0.6372373488510957,0.7638803941386307,0.5138
1,1787599939.425051,1924,38.99,-193.13,-1766.88,-0.8369419161895655,0.3614788131033777,-0.4109273617104508,-0.5378422867748467,-0.6821668021111843,0.49535252967377064,-0.1012615597437738,0.6355954072952177,0.7653525819800208,0.5491
1,1787599939.4908745,1927,39.0,-193.15,-1766.8400000000001,-0.8361048228668868,0.36141420431603216,-0.41268450188654004,-0.5387103714337754,-0.6829378032439306,0.49334277395137593,-0.1035367610485087,0.6348036939235341,0.7657051712588993,0.5305
1,1787599939.54473,1930,38.99,-193.15,-1766.75,-0.836333247696081,0.361739396018722,-0.41193604863635847,-0.5384798021409395,-0.6830639500633798,0.4934198443618453,-0.10288926807194583,0.6344826628772634,0.7660584501353643,0.5225000000000001
1,1787599939.5896091,1933,39.0,-193.16,-1766.77,-0.836177513041818,0.36138480722891986,-0.4125629500904275,-0.538653301987865,-0.682719192878692,0.4937075287380549,-0.10324624419692038,0.6350555288942722,0.7655355565093277,0.5161
1,1787599939.6494496,1936,38.99,-193.14000000000001,-1766.9,-0.8353353579508241,0.36079676613271683,-0.41477769142679566,-0.5400733265256675,-0.679466434541145,0.49663484201920793,-0.10264327417160916,0.6388670111064725,0.7624390469979971,0.504
1,1787599939.7092876,1939,39.0,-193.15,-1766.88,-0.8353286050326111,0.3608506380945799,-0.41474442564187225,-0.5399112711057649,-0.6805841213862317,0.4952787831614516,-0.10354680558679406,0.637645725072838,0.7633387114178771,0.4857
1,1787599939.7691324,1945,39.0,-193.16,-1766.95,-0.835194186394432,0.361137194419499,-0.41476571437349496,-0.5397848488929521,-0.6826717091721859,0.49253594224334435,-0.10527577080485073,0.6352474040110193,0.7650998286359142,0.5012
1,1787599939.8289661,1948,39.0,-193.16,-1766.9,-0.8361824387209927,0.3614700874714485,-0.412478247957388,-0.5387839443608586,-0.6819780383170406,0.494588532572477,-0.1025221462590807,0.6358029027274288,0.7650123387304332,0.525
1,1787599939.8743525,1951,39.0,-193.15,-1766.9,-0.8358894214243978,0.361397182368967,-0.41313551254589254,-0.5390015959594993,-0.68271001666655,0.49333995651707774,-0.10376008242044929,0.6350583514283793,0.7654637389041827,0.5234
1,1787599939.9341908,1954,38.99,-193.17000000000002,-1766.9,-0.8356306985189139,0.3613937673506565,-0.4136615532206149,-0.5393016441098757,-0.682758334440995,0.4929450206785171,-0.10428361497942551,0.6350083477179321,0.7654340768318098,0.5122
1,1787599939.9945352,1957,38.99,-193.17000000000002,-1766.93,-0.8351565004416249,0.3612352070084247,-0.41475624767769187,-0.5399256985405869,-0.6822070588486608,0.49302511996096016,-0.10485160859785406,0.6356906905678583,0.7647898313260985,0.5122
1,1787599940.0394142,1960,38.99,-193.18,-1766.98,-0.835128597053643,0.36097497428136943,-0.4150389070024381,-0.5400399585133075,-0.6814047597068357,0.4940084985684097,-0.10448478162947444,0.6366982184610179,0.7640015111348974,0.5049
1,1787599940.0997696,1963,39.0,-193.18,-1767.01,-0.8345208760291082,0.36068832484521296,-0.4165079108395949,-0.5406355622767809,-0.681823226862251,0.4927781205703192,-0.10624545295342647,0.6364126174358121,0.7639966518874409,0.49470000000000003
1,1787599940.1596117,1966,39.0,-193.19,-1766.98,-0.8343559452422158,0.36088148188653957,-0.41667098851533185,-0.5408461609886009,-0.681958362478097,0.4923598500995839,-0.10646871269467337,0.6361582726629966,0.7641773781914586,0.4872
1,1787599940.205489,1969,39.0,-193.19,-1766.99,-0.8345719205756343,0.3610378370930185,-0.4161026190423368,-0.540521458328678,-0.6825579359300739,0.49188536996450316,-0.10642491471895187,0.6354261123734782,0.7647923857106527,0.4959
1,1787599940.2643337,1975,38.99,-193.20000000000002,-1767.01,-0.834636057700011,0.3609208854971684,-0.41607543258275126,-0.5405036313604669,-0.6820721692022522,0.49257829883774096,-0.10601167706027625,0.6360138916813642,0.7643610756149174,0.4878
1,1787599940.324173,1978,39.02,-193.25,-1767.05,-0.8349499102362593,0.36085911996124004,-0.4154989084669919,-0.5401906650751169,-0.6816421076908014,0.4935160406598195,-0.10513178759140968,0.6365098055518399,0.764069744639973,0.4944
1,1787599940.3840134,1981,39.0,-193.22,-1767.03,-0.8349846251416554,0.36106535473743123,-0.4152499071467475,-0.5402411519114217,-0.6813302376748217,0.4938912886571206,-0.10459528459003074,0.6367267206881647,0.7639626362612417,0.5041
1,1787599940.4438512,1984,38.97,-193.17000000000002,-1766.99,-0.8348792117963558,0.36091975880613564,-0.4155882931623757,-0.5403349709870945,-0.6813485441201359,0.4937633851894521,-0.10495151660967873,0.6367896741693385,0.7638613028767959,0.5083
1,1787599940.4887307,1987,38.97,-193.20000000000002,-1767.08,-0.8351481698216933,0.3610105511552139,-0.4149685727836324,-0.5399969102002107,-0.6815674180082161,0.4938311368107918,-0.10455080782902498,0.6365039172418518,0.7641543639331493,0.49200000000000005
1,1787599940.5490885,1990,39.04,-193.24,-1767.08,-0.8348736907701964,0.3611928789493445,-0.4153620404611316,-0.5404384361845674,-0.6810838257357911,0.49401530241023695,-0.1044615582601074,0.6369179904174341,0.7638214819763107,0.49200000000000005
1,1787599940.6089275,1993,39.11,-193.35,-1767.07,-0.835295656662725,0.3612799982939261,-0.41443688155511427,-0.5398611556387555,-0.6816449832612012,0.49387250321031656,-0.10407256407322008,0.6362679306923912,0.7644161312921437,0.5041
1,1787599940.6593027,1996,39.06,-193.18,-1767.1100000000001,-0.8347248170549189,0.3610613980003478,-0.41577535601171267,-0.54054104599452,-0.6813789605181058,0.4934957849449332,-0.1051183018688096,0.636676824642848,0.7639324339068986,0.49150000000000005
1,1787599940.7141557,2002,39.26,-193.35,-1767.2,-0.8349846251416554,0.36106535473743123,-0.4152499071467475,-0.5402411519114217,-0.6813302376748217,0.4938912886571206,-0.10459528459003074,0.6367267206881647,0.7639626362612417,0.5
1,1787599940.7745013,2005,39.12,-193.42000000000002,-1767.02,-0.8351620637962576,0.36131924628397105,-0.4146718334543099,-0.5400573262514033,-0.6814654935139918,0.49390572532814087,-0.10412690122039114,0.6364378865329395,0.7642672340403742,0.502
1,1787599940.8343644,2008,39.2,-193.37,-1767.1100000000001,-0.8353401715698052,0.3614352025780925,-0.4142117720430716,-0.5399062038126634,-0.681228216303787,0.4943980262866747,-0.10347989585579903,0.6366260375203749,0.7641984032335966,0.5053
1,1787599940.894687,2011,39.29,-193.43,-1767.13,-0.8348932870072465,0.3612285040730683,-0.41529166516481997,-0.5403953825984659,-0.6812465478361547,0.4938380012995957,-0.10452765077477494,0.6367237304408051,0.7639743852493037,0.48860000000000003
1,1787599940.9395661,2014,39.45,-193.44,-1767.22,-0.8347258418531825,0.36092308698551995,-0.41589336881385625,-0.540574197620366,-0.6810063224683899,0.4939736082273796,-0.10493953406411233,0.6371537601230349,0.7635592839796298,0.49250000000000005
1,1787599940.9994183,2017,39.53,-193.47,-1767.25,-0.8348302932364352,0.3612069741670926,-0.4154370028148923,-0.5404473018966253,-0.6813606433676085,0.49362373073256594,-0.10476208936168421,0.6366138511552604,0.764033840317196,0.5075000000000001
1,1787599941.0592458,2020,39.410000000000004,-193.35,-1767.26,-0.8338864086327415,0.3606640080283863,-0.41779771518102904,-0.5416362513010206,-0.6802916602390185,0.4937949253342095,-0.10613024438945716,0.6380632651408008,0.762634670667217,0.48650000000000004
1,1787599941.104125,2023,39.39,-193.27,-1767.3,-0.8320600918719836,0.36075837199806765,-0.4213423792443503,-0.5440784972747175,-0.6786492961442545,0.49336976158474993,-0.10795643712753476,0.6397566176884859,0.7609578686146278,0.49520000000000003
1,1787599941.1639657,2029,38.800000000000004,-193.01,-1767.49,-0.8216730928352979,0.35476521659097027,-0.4460885221653182,-0.5575276110974955,-0.662860628754357,0.49977870073793446,-0.11839041926775773,0.6593613788693875,0.7424461466537922,0.4786
1,1787599941.2238038,2032,38.45,-192.87,-1767.64,-0.8135643531734087,0.3515227191810765,-0.4631898327306798,-0.5677975495664461,-0.6520155213983574,0.502475574094868,-0.1253753801664117,0.6717942674325006,0.7300503244934268,0.47790000000000005
1,1787599941.2836428,2035,38.0,-192.64000000000001,-1767.76,-0.8040553430252412,0.34838080896380935,-0.48179437242280415,-0.5794658529403479,-0.6405833450335878,0.5038574236246743,-0.13309519386017318,0.6843126405461917,0.7169392438415,0.4797
1,1787599941.3434818,2038,37.68,-192.51,-1767.96,-0.7932760954275182,0.34464418736311847,-0.5019296968103073,-0.5921952079815122,-0.6283034227018989,0.5045192213036216,-0.1414845294263824,0.697463399138546,0.7025147221198288,0.4703
1,1787599941.3883624,2041,37.26,-192.23000000000002,-1768.21,-0.7834552885647991,0.34036545769493143,-0.5199511188832726,-0.6036176359434666,-0.6157670278437178,0.5064353038627286,-0.1477956711066591,0.7106210823136572,0.6878765274186195,0.47100000000000003
1,1787599941.4482012,2044,36.93,-192.11,-1768.33,-0.7758152859630693,0.33356504715634006,-0.5355791270966689,-0.6120765942640818,-0.6039815997447395,0.5104590776192232,-0.1532086316762991,0.723837403347861,0.6727455155513874,0.4778
1,1787599941.5080402,2047,36.58,-191.86,-1768.52,-0.7699420447519555,0.3253756150659759,-0.5489261852413452,-0.6188527285032951,-0.5905035459683393,0.5180027631420938,-0.155597391196654,0.7385365741242984,0.6560130947881606,0.48050000000000004
1,1787599941.5529485,2050,36.28,-191.68,-1768.68,-0.7642331731536168,0.31608612479335774,-0.5621718765330329,-0.6251735624756402,-0.5772215621827982,0.5253315952165517,-0.1584477006241198,0.7529308267459686,0.6387405547658307,0.47100000000000003
1,1787599941.6127596,2056,35.92,-191.26,-1769.29,-0.7580625084635924,0.2981106096237988,-0.5800614602709036,-0.6325966401842598,-0.552431883953573,0.5428079811674588,-0.15862762713182127,0.7784273106856112,0.6073616697564104,0.47840000000000005
1,1787599941.6725986,2059,35.87,-191.03,-1769.52,-0.7587287029152975,0.28656860085586777,-0.584986489054218,-0.6320831317928125,-0.5409914840417566,0.5547964750224068,-0.15748545925087976,0.7907001019336019,0.5916009456776852,0.4746
1,1787599941.7324378,2062,35.84,-190.72,-1769.77,-0.763420765594754,0.27128085342585884,-0.5861701401668779,-0.6272180006485848,-0.5280623661636155,0.5724925476406443,-0.1542281242870815,0.8047091623724817,0.5732860103584135,0.48050000000000004
1,1787599941.7922776,2065,35.95,-190.46,-1770.0900000000001,-0.7715932746261015,0.2522353747850334,-0.5839701484312558,-0.6179909997446227,-0.5148212982808125,0.5941768718749495,-0.15076784400664128,0.8193511741271334,0.5531118428221156,0.4732
1,1787599941.8371565,2068,35.96,-189.92000000000002,-1770.3700000000001,-0.7834602311574469,0.23030161338790295,-0.5771925441875084,-0.6042842360040095,-0.49907142688977707,0.6211024657649111,-0.1450194066729367,0.8353974369921964,0.5301702499717411,0.4727
1,1787599941.897597,2071,36.17,-189.57,-1770.74,-0.7962772480280408,0.20544007984419452,-0.568978837801988,-0.5885859194656539,-0.4802868392607014,0.6503008284169227,-0.1396751935014257,0.8527126864463647,0.5033606209207899,0.4777
1,1787599941.9574358,2074,36.25,-189.1,-1771.16,-0.8103683860924941,0.17862379052782634,-0.5580292288754395,-0.570079196003382,-0.46033593412505663,0.6805149065504364,-0.13532475422473203,0.8695886206768594,0.4748713948884826,0.48300000000000004
1,1787599942.0023158,2077,36.43,-188.69,-1771.65,-0.8246693887159419,0.15233449992016448,-0.5447151544146244,-0.550387937430554,-0.4380822207069941,0.710744037070568,-0.1303591870403281,0.885933500909917,0.4451160683683336,0.48450000000000004
1,1787599942.0621557,2083,36.68,-187.92000000000002,-1772.43,-0.8472009806166507,0.10665265233274557,-0.5204572126434369,-0.5161754610422582,-0.3971218694469621,0.758852498332029,-0.12575130957567549,0.911547822419285,0.3914935192090185,0.504
1,1787599942.1219945,2086,36.79,-187.70000000000002,-1772.7,-0.8542808949073731,0.09194523011692836,-0.5116153117870916,-0.5047604395986454,-0.3818616923633856,0.7742083353475042,-0.12418152524606968,0.9196345592484638,0.37262746305585626,0.4978
1,1787599942.1818347,2089,36.85,-187.54,-1772.93,-0.8588452345658072,0.08351635119888726,-0.505380927762443,-0.4972373582162624,-0.3729248634260274,0.7833786158893994,-0.12304418985761084,0.9240952685308494,0.3618121916425445,0.5375
1,1787599942.2416732,2092,36.85,-187.44,-1772.97,-0.8608347269092886,0.08112739456303239,-0.5023762721291922,-0.4940362203791637,-0.3699673961337245,0.7867987917831992,-0.12203190525629196,0.925495797748129,0.35856065379524504,0.5656
1,1787599942.287058,2095,36.84,-187.41,-1772.98,-0.860450810838815,0.08055686103267966,-0.5031252272221967,-0.4945160726042866,-0.36998841723131115,0.7864873966254645,-0.12279355057517283,0.9255372295349499,0.3581934961468614,0.5391
1,1787599942.3468976,2098,36.72,-187.38,-1772.98,-0.8595630526886086,0.0814940571136728,-0.5044899177464244,-0.4959618508886268,-0.3709902608259527,0.7851038586298117,-0.12317954747346664,0.9250540227616143,0.3593074645158197,0.5401
1,1787599942.4072447,2101,36.65,-187.39000000000001,-1772.88,-0.8585242745378382,0.08298597157149301,-0.5060132395023018,-0.49765819474617673,-0.37267528954747886,0.783230138441237,-0.1235815165437571,0.9242437216898138,0.3612494313984549,0.5268
1,1787599942.452124,2104,36.62,-187.37,-1772.88,-0.8583695244052031,0.08308262768240261,-0.5062598508175147,-0.49790150776248937,-0.37279587653369,0.7830180860026906,-0.1236763847313815,0.9241864051244557,0.3613635848323821,0.531
1,1787599942.511964,2110,36.62,-187.35,-1772.93,-0.858047774817868,0.08255199438625828,-0.5068916889760142,-0.49832224290731575,-0.37254657356787513,0.7828690776538934,-0.12421335819438775,0.924334473416245,0.36080025346496886,0.5293
1,1787599942.571836,2113,36.63,-187.35,-1772.88,-0.8580419392545776,0.08228467592987963,-0.5069450291573618,-0.498265745654552,-0.37262070019957827,0.7828697595961217,-0.12448002726364216,0.9243284296665827,0.3607238236137894,0.5576
1,1787599942.631642,2116,36.62,-187.35,-1772.93,-0.8579899702026311,0.08239473038106535,-0.5070151077010623,-0.4983951224122318,-0.37242560783582307,0.7828802389789987,-0.12432020345617475,0.9243972495813416,0.36060256790414846,0.5395
1,1787599942.6914816,2119,36.63,-187.36,-1772.9,-0.8577199624960257,0.08194354722403313,-0.5075447970417577,-0.4986388134685817,-0.37301038213190535,0.7824465403619948,-0.12520303366317187,0.9242015526334895,0.3607986841320046,0.545
1,1787599942.736361,2122,36.63,-187.34,-1772.92,-0.8579749072440391,0.08244269724247337,-0.5070327999360281,-0.4984087597453708,-0.3725711805825571,0.7828022889647174,-0.12436947675641215,0.9243343102312634,0.36074688658480597,0.5502
1,1787599942.7962008,2125,36.62,-187.36,-1772.91,-0.8578810282158005,0.0821140803654047,-0.5072449302192626,-0.4984523393694006,-0.3728155244442258,0.7826581949424337,-0.1248415267632236,0.9242650391197974,0.3607613208983283,0.5442
1,1787599942.8560395,2128,36.63,-187.35,-1772.92,-0.8578960992476463,0.0820661069425478,-0.5072272045020524,-0.49843874652217723,-0.37266994397578074,0.7827361808569279,-0.12479222275876571,0.9243280083111097,0.36061701872005975,0.5366000000000001
1,1787599942.915879,2134,36.63,-187.34,-1772.88,-0.8584365693061781,0.08292459262239718,-0.5061720739197778,-0.4977584382356421,-0.37284540326257365,0.7830854630442219,-0.12378688800940942,0.9241806193620261,0.36134054457335324,0.5524
1,1787599942.9757183,2137,36.62,-187.35,-1772.9,-0.8578960992476463,0.0820661069425478,-0.5072272045020524,-0.49843874652217723,-0.37266994397578074,0.7827361808569279,-0.12479222275876571,0.9243280083111097,0.36061701872005975,0.5413
1,1787599943.020598,2140,36.62,-187.34,-1772.88,-0.8580497397306183,0.08235544700590698,-0.5069203334811846,-0.4982352058441101,-0.372867269516483,0.7827717924023575,-0.12454847974060314,0.9242226894378754,0.36097104665405616,0.5354
1,1787599943.0804372,2143,36.62,-187.34,-1772.93,-0.8576748005541521,0.08174491017228674,-0.5076531356697406,-0.49883278847594165,-0.37178431779996207,0.7829062971897296,-0.12473886978689405,0.9247130315394834,0.3596470821032011,0.5501
1,1787599943.1402771,2146,36.62,-187.35,-1772.98,-0.8579835857876836,0.08193787093278106,-0.5070999426404141,-0.4983860459643748,-0.37186088027737807,0.783154413195335,-0.12440062583003511,0.9246651669801002,0.3598872229834775,0.5165000000000001
1,1787599943.1851566,2149,36.62,-187.34,-1772.93,-0.8582691874302593,0.0821079428786947,-0.5065888743587164,-0.4979832638299285,-0.3718364421479789,0.7834221909264661,-0.12404302017080249,0.9246599082943747,0.3600241424403983,0.5151
1,1787599943.2450292,2152,36.62,-187.34,-1772.9,-0.8583415210110272,0.08202797202447455,-0.5064792642488223,-0.4979437071547308,-0.3711726493271116,0.7837620358862101,-0.12370083998696241,0.9249336604303279,0.359438208861377,0.5089
1,1787599943.3048348,2155,36.61,-187.35,-1772.89,-0.8589759904744583,0.08301949922832116,-0.5052405472013325,-0.4971313861940918,-0.3714252375781712,0.7841579418399964,-0.12255869063091256,0.9247437783720838,0.36031696006843533,0.5283
1,1787599943.3646743,2161,36.62,-187.35,-1772.8700000000001,-0.8585092702558871,0.08303388210372832,-0.5060308363207606,-0.49767186473424835,-0.3728208693422072,0.7831521655686441,-0.12363069172596385,0.9241807040864384,0.36139379941782995,0.5323
1,1787599943.4245138,2164,36.62,-187.34,-1772.94,-0.8589786911662018,0.08301143978534846,-0.5052372798865525,-0.4969980372439772,-0.37238500310616857,0.7837871907841142,-0.12307948284760309,0.9243584317386748,0.3611273052201734,0.5225000000000001
1,1787599943.4693935,2167,36.62,-187.35,-1772.93,-0.8597549657258328,0.08403211739750303,-0.5037459698652331,-0.49605868754967014,-0.3719504950620812,0.784588177153831,-0.12143795706561808,0.9244411460275689,0.36147114700203126,0.5367000000000001
1,1787599943.529233,2170,36.61,-187.34,-1772.96,-0.8589039574125333,0.08309896106270276,-0.5053499328301019,-0.4971714250191115,-0.37208886976030964,0.7838178660536906,-0.12290063500875469,0.9244698132826159,0.36090303163543824,0.5078
1,1787599943.5890715,2173,36.62,-187.33,-1772.91,-0.8588906372206765,0.08276105571189295,-0.5054280175772943,-0.4971453425506421,-0.3719161080137305,0.7839163966776841,-0.12309907259953444,0.9245696384033883,0.3605795363962885,0.5077
1,1787599943.6339514,2176,36.62,-187.33,-1772.93,-0.8596745559665222,0.08366414746731464,-0.5039444098830053,-0.49622181108562335,-0.3710888075557358,0.784892993413603,-0.12134072699084565,0.924820743352694,0.3605315806387888,0.5297000000000001
1,1787599943.693794,2179,36.61,-187.33,-1772.95,-0.8595477280244562,0.08386200150197426,-0.5041278289799901,-0.4965240519190174,-0.37059745128409366,0.784934006759584,-0.12100235168754489,0.9249998344896159,0.3601856980506958,0.5301
1,1787599943.7536302,2182,36.62,-187.32,-1772.9,-0.8596075418213849,0.08382211678771084,-0.5040324659989903,-0.49636491371923375,-0.3710393998010021,0.7848258636307865,-0.12123013846520857,0.9248262628907872,0.3605546241489172,0.5334
1,1787599943.8139772,2188,36.62,-187.33,-1772.96,-0.8592282118166931,0.08333097387690185,-0.5047601695964282,-0.4969456899001767,-0.37034711232886514,0.7847853194850858,-0.12153954627167764,0.9251480774353897,0.35962365538111724,0.536
1,1787599943.873816,2191,36.61,-187.32,-1773.02,-0.8592205214971291,0.08326053291635538,-0.504784883981965,-0.4969756983981668,-0.3701001368672844,0.7848828217590645,-0.12147119263370902,0.9252532476837365,0.3593760941003762,0.5488000000000001
1,1787599943.9336557,2194,36.61,-187.32,-1773.03,-0.858665497748331,0.08264512972910935,-0.5058293640237481,-0.49775811388723434,-0.36974835239750936,0.7845527489970003,-0.12219011022187437,0.9254490469125708,0.35862743694896004,0.5297000000000001
1,1787599943.9934945,2197,36.61,-187.32,-1773.06,-0.8587703014317762,0.08246222328530041,-0.5056812742327138,-0.4975573663464855,-0.36975350491710385,0.7846776489717714,-0.12227116002199831,0.9254633041522297,0.35856301551402703,0.5243
1,1787599944.0533369,2200,36.61,-187.33,-1773.1000000000001,-0.8592097361670183,0.08272563820128453,-0.5048911744722746,-0.49686359669910146,-0.37024797566006257,0.7848840696528745,-0.12200489970093564,0.9252420792980699,0.3592240236191737,0.5203
1,1787599944.1131735,2206,36.61,-187.33,-1773.07,-0.8601489641191685,0.08418741797370398,-0.5030469542494439,-0.49578930888932843,-0.3695449078258494,0.7858940910141944,-0.11973604601690892,0.9253912900794482,0.35960289143627794,0.5407000000000001
1,1787599944.173013,2209,36.61,-187.33,-1773.05,-0.8599925994220876,0.08381859578924764,-0.5033757760750505,-0.49589184714868223,-0.3700602397600821,0.7855868474460216,-0.12043257396032311,0.9252188184146652,0.35981402582537264,0.5306000000000001
1,1787599944.2178936,2212,36.62,-187.33,-1773.05,-0.8600693162273824,0.08400761894398169,-0.503213166802624,-0.4959061978533013,-0.3693221884340395,0.785925037176558,-0.11982409697070563,0.9254965375892307,0.359302580975284,0.5548000000000001
1,1787599944.2777317,2215,36.62,-187.35,-1773.0900000000001,-0.8605087765079391,0.08388531976146806,-0.5024817396496374,-0.4951716280738027,-0.36949842551773815,0.7863052666049312,-0.11970674293267405,0.9254372840276258,0.35949426842165627,0.5694
1,1787599944.3375711,2218,36.62,-187.35,-1773.0900000000001,-0.8606156628705084,0.08435497765908867,-0.5022199902095595,-0.49506692232738947,-0.3697489952817815,0.7862534088354719,-0.11937094805371216,0.9252945035134749,0.35997313584281543,0.5670000000000001
1,1787599944.3974118,2221,36.61,-187.34,-1773.04,-0.8602956140204098,0.08420925745491467,-0.502792459625379,-0.49552934710831603,-0.3698169796263884,0.7859300654221226,-0.11975860157689096,0.925280607458574,0.359880083929967,0.5519000000000001
1,1787599944.4572496,2224,36.62,-187.35,-1773.14,-0.8600642931677234,0.08374010565635252,-0.5032663373628,-0.4958503292021825,-0.3693959640789604,0.7859256152793741,-0.1200910598170902,0.925491337845384,0.3592268377017087,0.5738
1,1787599944.5021293,2227,36.61,-187.34,-1773.15,-0.858740687682379,0.0827469045130538,-0.5056850611915505,-0.49753858437068044,-0.3706843304998901,0.7842502688455183,-0.122555246241089,0.9250654446661359,0.3594914946190385,0.54
1,1787599944.561969,2233,36.63,-187.33,-1772.89,-0.8599243083215921,0.08473805855377531,-0.5033384998091927,-0.4959835227518899,-0.3716085275775834,0.7847977111270432,-0.12054264438885154,0.924514231185306,0.36158388683621606,0.5451
1,1787599944.621808,2236,36.61,-187.33,-1772.8700000000001,-0.8593038905710972,0.08362062799399166,-0.5045834066071397,-0.49667991649106286,-0.3719220000796876,0.7842085732833808,-0.12208965641612117,0.9244899222980287,0.3611267081864456,0.5345
1,1787599944.6816473,2239,36.62,-187.36,-1772.95,-0.8586968293121954,0.08311659904730286,-0.5056989087312649,-0.4975909654712267,-0.3713753812699154,0.7838900160532963,-0.12264985287636802,0.9247550795477874,0.3602569311477164,0.5189
1,1787599944.7414865,2242,36.62,-187.34,-1773.0,-0.8589056148860701,0.0827132267606327,-0.5054103944677295,-0.497131618931457,-0.37177048974992694,0.7839941686069407,-0.12304998242897197,0.9246324810809664,0.36043512142171447,0.5386000000000001
1,1787599944.8015192,2245,36.62,-187.34,-1772.92,-0.8588446854305309,0.08332748120587023,-0.5054130362224722,-0.4972842361607554,-0.37228607380545153,0.7836526448092523,-0.1228584338730832,0.924369844881586,0.36117335879027124,0.5282
1,1787599944.8613925,2251,36.61,-187.34,-1772.91,-0.8589166953084766,0.08324798464037568,-0.5053037537696325,-0.49724423550530567,-0.37162256754724887,0.7839928810559027,-0.12251645104682805,0.9246439532830496,0.36058740809959516,0.5333
1,1787599944.9217029,2254,36.63,-187.35,-1772.93,-0.8586041676988765,0.08297679129507698,-0.5058791706687407,-0.4975882543682205,-0.37225855145323716,0.7834727180857829,-0.12330779506951968,0.9244124744811218,0.3609110204728896,0.5364
1,1787599944.9815464,2257,36.62,-187.35,-1772.96,-0.8577405004032514,0.0819731151463254,-0.5075053126433129,-0.49872935438416444,-0.37215187928768634,0.7827975535336054,-0.1247007018566217,0.9245449622034887,0.3600921379600162,0.5169
1,1787599945.0413857,2260,36.62,-187.36,-1772.98,-0.8580550397743545,0.08243326959126837,-0.5068987125475111,-0.4983390666785847,-0.37215437227748377,0.7830448887622401,-0.12409562175898117,0.9245030444834917,0.36040865333813304,0.5304
1,1787599945.101227,2263,36.57,-187.31,-1773.01,-0.8579136032993194,0.08286800234243738,-0.507067198171753,-0.4986082276712135,-0.3724474605845869,0.7827341339194707,-0.12399227626166648,0.924346138246851,0.36084641072842083,0.5558000000000001
1,1787599945.1611023,2269,36.660000000000004,-187.42000000000002,-1773.01,-0.8586092365550858,0.08305506822316239,-0.5058577216419043,-0.49769146680676735,-0.37154552253514583,0.7837455764161058,-0.12285512919703835,0.924692262499547,0.36034821617908386,0.5379
1,1787599945.2209063,2272,36.63,-187.41,-1773.05,-0.8587461910146286,0.08301432037862365,-0.5056318839135269,-0.49759473197860465,-0.37061030809032397,0.784249630056869,-0.12228843823112513,0.9250711443717561,0.35956767892251096,0.5282
1,1787599945.280746,2275,36.54,-187.44,-1772.95,-0.8583477581464727,0.08248467752252847,-0.5063945142464806,-0.4979529852286246,-0.3717377624486596,0.7834882644121515,-0.12362018680954077,0.9246660553646753,0.36015376642415636,0.5618000000000001
1,1787599945.3405845,2278,36.6,-187.5,-1772.99,-0.8588214484348332,0.0831159037617033,-0.5054873551832632,-0.4973749812804451,-0.3715459245543626,0.7839462698063693,-0.12265336401653246,0.9246866347519678,0.3604313801634213,0.5364
1,1787599945.4004264,2281,36.660000000000004,-187.51,-1772.99,-0.8585266575008096,0.08307179034472385,-0.5059951146102201,-0.49789491350947707,-0.37100244509537617,0.7838736127939521,-0.12260764030792634,0.9249087865201491,0.35987651098112466,0.5401
1,1787599945.4602654,2287,36.67,-187.51,-1773.03,-0.8588419023389365,0.08333543612795588,-0.5054164538993556,-0.49741745315936203,-0.37132631653020903,0.7840233695143025,-0.12233750070722406,0.9247550874353003,0.36036310047400744,0.5615
1,1787599945.52061,2290,36.69,-187.64000000000001,-1772.93,-0.8587543868466739,0.08327387851132147,-0.5055752804768786,-0.49751801060769835,-0.3714964426377366,0.7838789589142349,-0.12254277699053125,0.9246923024796887,0.36045445418562994,0.5482
1,1787599945.5809572,2293,36.69,-187.57,-1772.92,-0.8593738114881192,0.08392706604716645,-0.5044134214244274,-0.4966794806532207,-0.37157689449637693,0.7843724274695504,-0.12159829614936779,0.9246009188082948,0.3610083036613253,0.5585
1,1787599945.6407955,2296,36.71,-187.69,-1772.88,-0.8595155798565565,0.08368139936924471,-0.5042126450055104,-0.4963631466419911,-0.3719225660805358,0.7844088420560613,-0.1218876311998436,0.9244841957760418,0.36120960275277353,0.5398000000000001
1,1787599945.7006354,2299,36.72,-187.6,-1772.93,-0.8593659904202656,0.0833837513920015,-0.5045168426453107,-0.49643375787182303,-0.3726842889141487,0.7840025158389581,-0.12265242987505957,0.9242042906199649,0.36166671210576096,0.5325
1,1787599945.7604742,2305,36.67,-187.67000000000002,-1772.8400000000001,-0.8597372222122758,0.08361527152214418,-0.5038456064222434,-0.4959296858723107,-0.37249043972035273,0.7844135509968766,-0.1220887194351361,0.9242615207208491,0.3617111912859101,0.5312
1,1787599945.820315,2308,36.71,-187.73,-1772.79,-0.8595130505645179,0.08340533556272703,-0.5042626953374061,-0.4961735686625228,-0.3729559126323832,0.7840380583831648,-0.1226747963926308,0.9240927644085388,0.36194399718438686,0.5306000000000001
1,1787599945.8801537,2311,36.660000000000004,-187.72,-1772.74,-0.8596726382239976,0.0835761996008427,-0.5039622743313946,-0.4959863295807389,-0.3727615036001015,0.7842489542886355,-0.1223131879971183,0.9241557662505123,0.36190551770857254,0.5396000000000001
1,1787599945.9400256,2314,36.69,-187.77,-1772.68,-0.8594202029671895,0.08307643417385253,-0.5044751934602854,-0.4962174525633494,-0.3731997579729757,0.7838942405837999,-0.12314688182562647,0.9240239427276059,0.36195938827823687,0.5361
1,1787599945.9998322,2317,36.62,-187.77,-1772.67,-0.8600409680880094,0.08353111746034819,-0.503340923853868,-0.49529228638104117,-0.3736007107226768,0.7842882505807106,-0.12253605290558545,0.9238209032942134,0.36268423507919845,0.5359
1,1787599946.0597045,2323,36.660000000000004,-187.8,-1772.72,-0.8601812758854208,0.0838580756851237,-0.5030467132966062,-0.4949683406231247,-0.37490289763479834,0.7838712643832675,-0.12285973464451358,0.923263581263455,0.36399154539035594,0.5208
1,1787599946.119511,2326,36.64,-187.77,-1772.64,-0.8595727905867927,0.08336531747277431,-0.5041674736885526,-0.49601372864756127,-0.3733975205967122,0.783928997170899,-0.12290239491554805,0.9239180242071758,0.3623126907370637,0.5309
1,1787599946.17935,2329,36.88,-188.19,-1772.63,-0.860408547122267,0.08500628918512726,-0.5024649866785983,-0.49448935990785986,-0.3776283653076879,0.7828646694371628,-0.12319661106079378,0.9220470424625946,0.36694937867384064,0.5211
1,1787599946.2392113,2332,36.89,-188.62,-1772.01,-0.8630645972156041,0.09185187677665425,-0.49667165589116674,-0.48953773735896566,-0.3942760909452883,0.7777526392178733,-0.12438771938793493,0.9143902869352393,0.385250695552856,0.5292
1,1787599946.2990286,2335,37.34,-188.37,-1772.07,-0.8661911254635378,0.10419903691775276,-0.4887284469658201,-0.48390931536560167,-0.418920015512718,0.7683344292072423,-0.124678421030282,0.9020247121383299,0.41328768433278873,0.5072
1,1787599946.3588674,2341,37.86,-189.0,-1770.96,-0.8737319964625871,0.13338453571415068,-0.4677616529706366,-0.47015847407570427,-0.4780826079257102,0.7418814118535099,-0.12467320326480391,0.8681276321090535,0.48042794127363225,0.48460000000000003
1,1787599946.4187076,2344,38.02,-189.54,-1770.29,-0.8771042396121762,0.1494605725250763,-0.45645338219233544,-0.4642343699109164,-0.50755082850217,0.7258640411813875,-0.12318523713400177,0.848559776177988,0.5145597182106296,0.4793
1,1787599946.4785466,2347,38.19,-189.78,-1769.8700000000001,-0.878829840920724,0.16749979047724584,-0.44676831903944775,-0.46181771340367567,-0.5339627883588158,0.7082429951892777,-0.11992710408350353,0.8287506023154116,0.5466168025847609,0.48260000000000003
1,1787599946.5388916,2350,38.45,-190.28,-1769.5,-0.8775006842996589,0.1863428460762697,-0.4418923995384239,-0.4646257408712145,-0.5586021105464782,0.6870855863812712,-0.11880854335234252,0.8082326557428967,0.5767534171700058,0.4771
1,1787599946.5987306,2353,38.46,-190.68,-1769.1200000000001,-0.8741850704011271,0.2074518142958056,-0.4390492084415536,-0.4714412627838169,-0.5792681217879356,0.6649748708222569,-0.11637696693322244,0.7882970175166564,0.6041888891247236,0.4963
1,1787599946.6585698,2359,38.660000000000004,-191.61,-1768.53,-0.8640676712687453,0.2505512602799653,-0.43659034052567935,-0.49040164513450235,-0.6146441254462065,0.6178339789165384,-0.11354860596934342,0.7479549886367421,0.6539648683651361,0.4748
1,1787599946.7184105,2362,39.09,-192.02,-1768.43,-0.8620634989695556,0.26816104835761545,-0.4300420629288621,-0.4945347197946813,-0.6306545983917967,0.5980887797349801,-0.11082389030332218,0.7282612372432203,0.6762792586402537,0.49670000000000003
1,1787599946.7782483,2365,39.33,-192.39000000000001,-1768.14,-0.864948221891356,0.2807125103696801,-0.41601088924321833,-0.49086809480724136,-0.6457538902160881,0.5848507730789942,-0.10446572139840976,0.7100721088683462,0.6963364942755544,0.4979
1,1787599946.8380878,2368,39.81,-192.64000000000001,-1767.96,-0.8721585469840345,0.2864135011897215,-0.3966191816578508,-0.47937248836645374,-0.6621902107132994,0.575939356384707,-0.09768053193984985,0.6924387562605965,0.7148336047698277,0.49510000000000004
1,1787599946.8830004,2371,40.19,-192.91,-1767.67,-0.8832323835166748,0.2872587711119859,-0.3706520674793078,-0.46078838616015877,-0.6783438943580102,0.5722967972714204,-0.08703229221024808,0.6762632323337122,0.7315008002088513,0.5099
1,1787599946.9428065,2374,40.77,-193.11,-1767.55,-0.8940738578465938,0.28719323938879393,-0.3437324249538874,-0.441553176993264,-0.6940306943609463,0.5686406485400229,-0.07525110366276448,0.6601828826425551,0.7473257876343504,0.5138
1,1787599947.003157,2377,41.08,-193.27,-1767.26,-0.901398705553836,0.2890023760211985,-0.32242518555468164,-0.4279077937401623,-0.7083399701173955,0.5613816943849472,-0.06614600276884282,0.6439969824371767,0.7621631012647588,0.4985
1,1787599947.0480366,2380,41.57,-193.58,-1767.22,-0.905436621983534,0.2957667536895729,-0.30447750488825676,-0.42072451457280413,-0.7205210317624258,0.5512171311066882,-0.05635074452503088,0.627193327611145,0.776822452939881,0.5146000000000001
1,1787599947.1080825,2386,41.81,-194.03,-1766.99,-0.9017346696839659,0.3182281608945593,-0.2925840445130516,-0.42950238866411256,-0.7362655739141863,0.5229155790379889,-0.04901309643116306,0.5971966529397833,0.8005959493375852,0.5045000000000001
1,1787599947.1679225,2389,41.800000000000004,-194.17000000000002,-1766.8600000000001,-0.8968067513181112,0.3316963612677926,-0.2927715401331926,-0.4398434518820405,-0.7397894706690709,0.5091652746640005,-0.047701033812137986,0.5853965006804209,0.8093426643668127,0.5054000000000001
1,1787599947.2283037,2392,41.75,-194.25,-1766.8,-0.892902970965324,0.34234157601494036,-0.2924491917802211,-0.44780251533065163,-0.742839556809596,0.49765680956103125,-0.046874211511653545,0.5753187274637684,0.8165850660676027,0.5017
1,1787599947.288139,2395,41.62,-194.16,-1766.71,-0.8902691634183444,0.34837049819396215,-0.29335782357812107,-0.4530286079242386,-0.7435098072482419,0.4918925156250182,-0.04675357813716357,0.5708162248165104,0.8197456559309108,0.5103
1,1787599947.3479488,2398,41.7,-194.17000000000002,-1766.74,-0.8899823901608552,0.3475852513448734,-0.29515392298103166,-0.4533919192384145,-0.7435845224218207,0.4914446312495642,-0.04865298318580886,0.5711974711623243,0.8193694747578086,0.49210000000000004
1,1787599947.4077883,2404,41.7,-194.14000000000001,-1766.72,-0.890439984519405,0.34808360025330504,-0.2931798785793099,-0.4526700335446895,-0.7439071562784536,0.4916217891513292,-0.04697312742123089,0.570473443792436,0.8199716917234808,0.5029
1,1787599947.4676275,2407,41.49,-193.98000000000002,-1766.72,-0.8905716987444101,0.34808561154568735,-0.2927771446516287,-0.45240292292590634,-0.7444711485330615,0.49101354801060315,-0.04704938600653974,0.5697360055646205,0.8204798835070111,0.5019
1,1787599947.527467,2410,41.660000000000004,-194.17000000000002,-1766.73,-0.8904993228796472,0.34777277359117614,-0.2933684609830961,-0.4525374186377965,-0.7437875795295131,0.4919247109774704,-0.04712579637024287,0.5708188280762371,0.8197225291707808,0.49570000000000003
1,1787599947.5873063,2413,41.53,-194.01,-1766.71,-0.8905622674434055,0.34793805691571056,-0.29298115358462906,-0.45244719523708254,-0.7438779123469336,0.4918711081619504,-0.04680153125868392,0.5706003505712975,0.8198931982885057,0.5047
1,1787599947.6321862,2416,41.64,-194.1,-1766.7,-0.8905433642371834,0.34798401614234337,-0.29298402844278787,-0.4524441913330748,-0.7443762617580998,0.4911193690539975,-0.047188665398367476,0.5699220169816936,0.8203426871847148,0.5012
1,1787599947.6920273,2419,41.54,-194.09,-1766.67,-0.8906030710495905,0.3479634261531704,-0.2928269521351905,-0.4523906860692272,-0.7437735189215992,0.49208090768571316,-0.04657077404179461,0.5707209533657658,0.8198223932013686,0.5049
1,1787599947.7518644,2422,41.49,-194.11,-1766.6200000000001,-0.8903360148279731,0.34789301274547485,-0.2937213515955554,-0.45281658151204196,-0.7439212407742098,0.4914654932268471,-0.04752814122171498,0.5705713270116513,0.8198715976201224,0.49010000000000004
1,1787599947.7967439,2425,41.58,-194.16,-1766.65,-0.8901843309155101,0.3477154393123352,-0.29439060830185293,-0.4530267016125258,-0.7441393527994798,0.4909413725092301,-0.04835974171333827,0.5703951234705648,0.8199455704511234,0.49200000000000005
1,1787599947.8565834,2431,41.64,-194.25,-1766.6200000000001,-0.8906391557395064,0.34811975123394573,-0.2925312514321079,-0.452323576860069,-0.7441154880606684,0.4916253881206163,-0.04653252711956017,0.5701796026069761,0.8202011611128202,0.5085000000000001
1,1787599947.9164226,2434,41.37,-194.16,-1766.44,-0.8903660422778488,0.34808781826832813,-0.2933993550294122,-0.45275672610848416,-0.7443625335583154,0.4908520811794247,-0.04753585722385472,0.5698765562890273,0.820354224021643,0.5017
1,1787599947.9762619,2437,41.32,-194.13,-1766.42,-0.8903660422778488,0.34808781826832813,-0.2933993550294122,-0.45275672610848416,-0.7443625335583154,0.4908520811794247,-0.04753585722385472,0.5698765562890273,0.820354224021643,0.49810000000000004
1,1787599948.0361016,2440,41.230000000000004,-194.09,-1766.32,-0.8904902662489195,0.3482565111930609,-0.2928215977819362,-0.45256932931920535,-0.7443960090188972,0.4909741173588508,-0.046990295545924224,0.5697297466065603,0.8204876159675607,0.5045000000000001
1,1787599948.080981,2443,41.09,-194.1,-1766.17,-0.8902515044727759,0.3482882917031233,-0.29350898563158057,-0.45295318118426287,-0.7446380521761256,0.4902525746045626,-0.04780872764480946,0.5693939208613541,0.8206734359336352,0.49360000000000004
1,1787599948.1408203,2446,41.01,-194.14000000000001,-1766.08,-0.8904041789942075,0.34855831814322424,-0.2927242676697958,-0.4527247925052379,-0.7447662440644617,0.49026880785259425,-0.047123882275770114,0.5690609286845141,0.8209439683461823,0.5122
1,1787599948.2006602,2449,40.980000000000004,-194.23000000000002,-1766.0900000000001,-0.8902121708318264,0.3483561342955852,-0.29354777226462453,-0.4529904472883307,-0.7450877767294796,0.48953432937214897,-0.04818657041547709,0.5687637547057282,0.8210882082727999,0.49450000000000005
1,1787599948.2604992,2455,40.32,-199.8,-1760.07,-0.8902636343247926,0.34857446745206333,-0.2931322262040163,-0.4521095621479486,-0.7541280825323977,0.4763273863115573,-0.0550236786593036,0.5565848325067076,0.8289666573573862,0.51
1,1787599948.320341,2458,40.01,-204.9,-1754.23,-0.890223167154123,0.3485965429035144,-0.29322885761432227,-0.45127697220008545,-0.7626061553235967,0.46344465281680114,-0.06206292793613234,0.5448965976570971,0.8362032592843166,0.544
1,1787599948.3801806,2461,39.53,-208.4,-1745.89,-0.863363423043698,0.35190936620374064,-0.3616122201037326,-0.4782698668252017,-0.7991380059616654,0.3641927812500094,-0.16081521767939938,0.48737895461919045,0.8582541700201827,0.7015
1,1787599948.4400191,2464,39.58,-211.26,-1742.5,-0.8906038874259457,0.3498865155823156,-0.29052390936970984,-0.4489348221142765,-0.7784742045717994,0.43867463832495135,-0.07267902857782474,0.5211116377802074,0.8503883934855964,0.5431
1,1787599948.4999094,2467,39.06,-209.49,-1734.73,-0.8610425134897876,0.35313550395086196,-0.36592500025628155,-0.47608777781861616,-0.8126852134525581,0.335980909647114,-0.1787350490948009,0.4635062671474259,0.8678800162119981,0.7364
1,1787599948.5597486,2473,38.84,-206.87,-1724.42,-0.8893642496875351,0.35047522578137746,-0.2935955508709564,-0.4486024162490383,-0.7928846099416116,0.4124195284576898,-0.0882445664800528,0.4984988580039388,0.8623872593304684,1.0652000000000001
1,1787599948.6195881,2476,38.62,-207.02,-1716.55,-0.8895120738489829,0.3507909897209735,-0.2927694519711055,-0.4471505187147957,-0.8000657284998913,0.39993904997265184,-0.093939789705804,0.48666262606709176,0.8685244983876456,0.6664
1,1787599948.664468,2479,38.37,-207.65,-1707.65,-0.8894298903823585,0.35096831498967695,-0.29280661189210344,-0.4456516747822893,-0.8082019093790276,0.38497306196646425,-0.10153351593521544,0.47289630528203674,0.8752485530364689,0.5466
1,1787599948.7248142,2482,38.08,-207.21,-1698.51,-0.8889705309826079,0.3512600734538802,-0.29384988657761146,-0.44478079231193196,-0.8150633113516457,0.37127058229660576,-0.10909372958548284,0.460747392055197,0.8808009984550791,0.5067
1,1787599948.7846541,2485,37.93,-205.11,-1689.71,-0.8892596571619057,0.35188876375693057,-0.29221834317152184,-0.44337049404425627,-0.8201664920513736,0.3615930451862931,-0.1124271637783429,0.4511110985752441,0.8853580685728201,0.5253
1,1787599948.8295333,2488,37.68,-201.33,-1681.17,-0.8894413652709032,0.35215725983697266,-0.29134056032270284,-0.44229656162864,-0.8238429966542437,0.3544805614349515,-0.11518597708277781,0.44414860261839245,0.8885179848914792,0.5358
1,1787599948.8893738,2491,37.12,-196.51,-1675.67,-0.8913985065389208,0.35188134570373825,-0.28563651917412036,-0.4396380227615393,-0.8244778238459779,0.356307068311204,-0.11012316505851841,0.4431882630800673,0.8896387199226253,0.5411
1,1787599948.9492114,2494,38.27,-199.01,-1675.7,-0.8927503888374885,0.35427951289040027,-0.2783572703858368,-0.43828221349803703,-0.8260718661698883,0.35427951289040027,-0.10442913655572503,0.43828221349803703,0.8927503888374884,0.5969
1,1787599949.009051,2500,37.78,-197.57,-1676.24,-0.8897651528937812,0.3528283192583397,-0.2895343672610231,-0.4421412869051618,-0.8237290511697446,0.3549387731325499,-0.11326541886098022,0.44382724948827496,0.8889253722905648,0.5248
1,1787599949.0688908,2503,37.43,-198.02,-1675.81,-0.8894431225298521,0.3524315395925582,-0.29100333620899504,-0.4424025977000132,-0.8237590890809182,0.354543233900826,-0.11476442537923744,0.44408667291081216,0.8886034850316414,0.5138
1,1787599949.1137698,2506,37.480000000000004,-197.82,-1675.8700000000001,-0.8894267923492406,0.3524203245252192,-0.29106682379288834,-0.4424474403406752,-0.823648860621852,0.35474331132850095,-0.11471810488029267,0.44429997665751036,0.8885028346352138,0.5191
1,1787599949.1736095,2509,37.410000000000004,-198.02,-1675.63,-0.8896802198591927,0.35276526106328726,-0.28987200102502,-0.44220401909269824,-0.8238132815208784,0.3546650288484423,-0.11368690289370614,0.44372102471795566,0.8889245976648888,0.5246000000000001
1,1787599949.2334821,2512,37.17,-197.71,-1675.71,-0.8890183789350729,0.35238828431717956,-0.2923505070829365,-0.4430362057462606,-0.8232547540006581,0.3549232739808325,-0.11560814120818869,0.44505517308678777,0.888009375285575,0.5129
1,1787599949.2783284,2515,37.03,-197.56,-1675.76,-0.88926488899306,0.3522217079673718,-0.2918010034950328,-0.4425779453636525,-0.8236639719992535,0.35454537580978396,-0.11546739575243098,0.4444294428443738,0.888341010452175,0.5145000000000001
1,1787599949.3381672,2518,37.11,-197.37,-1675.28,-0.8895292713250206,0.35234008506454706,-0.2908507175729252,-0.4421809015208358,-0.8240989736255061,0.3540295637367139,-0.1149509712277314,0.44352829236261215,0.8888582159645634,0.5141
1,1787599949.3980074,2521,37.08,-196.73000000000002,-1673.56,-0.889762844211115,0.3525546992239704,-0.2898745679021237,-0.441820628064181,-0.8246530376766392,0.35318819355644365,-0.11452778561694009,0.44232629529091644,0.8895115709286153,0.5272
1,1787599949.4578469,2527,37.08,-193.81,-1666.8700000000001,-0.889120341158456,0.3522235692829883,-0.29223890257770724,-0.4422273347429711,-0.8256577525041879,0.35032022513103817,-0.11789827540892578,0.44071286907836604,0.8898719928643198,0.5123
1,1787599949.5176854,2530,36.86,-193.07,-1661.76,-0.8907769267400444,0.3535648440997192,-0.28549670366626434,-0.4398885127189109,-0.8285615605082787,0.34638683119603497,-0.11408138833966774,0.4341401173179313,0.8935926339052189,0.5517000000000001
1,1787599949.5625653,2533,36.62,-192.91,-1655.81,-0.8900032555595871,0.3528126382447553,-0.2888207876661783,-0.44008936164986023,-0.8303541382275312,0.3418089508644157,-0.11922901851459984,0.4313180351239551,0.8942869750370156,0.5349
1,1787599949.6226711,2536,36.75,-192.04,-1649.32,-0.8930671321445037,0.35425977368542444,-0.27736457998732134,-0.4359916267915547,-0.8336280774234348,0.33908041804115063,-0.11109634940377204,0.42375021094939835,0.8989401314155995,0.6471
1,1787599949.6824822,2539,36.45,-189.17000000000002,-1643.5,-0.8891796774245401,0.35241148607502987,-0.2918315365713242,-0.44057884303869627,-0.8315686790143108,0.33820676390202226,-0.12349001709399418,0.42930138197399664,0.8946790145707799,0.5166000000000001
1,1787599949.7278674,2542,36.230000000000004,-186.15,-1638.02,-0.8897899279632051,0.35264360107500037,-0.28968323167917454,-0.44001061041714645,-0.8313371355028305,0.339513224859178,-0.12109726180044086,0.42955914348876867,0.8948823360809123,0.5308
1,1787599949.7877061,2545,36.6,-189.54,-1636.6100000000001,-0.8938556077251187,0.35345935135262607,-0.2758416927872568,-0.43421587110263443,-0.8357320512639855,0.336167392488729,-0.11170823524225447,0.42025994983042536,0.9005014407248827,0.658
1,1787599949.8480577,2548,36.12,-187.35,-1637.43,-0.8890854284551322,0.35351856836881124,-0.29077778926049397,-0.44100409199603763,-0.831751461947893,0.33720156641138704,-0.12264783630991807,0.4280351940740491,0.8954012401613518,0.5219
1,1787599949.907897,2554,36.1,-188.31,-1637.16,-0.8893586012552359,0.3529232152490668,-0.2906655853581422,-0.4402852411658445,-0.8324611780990536,0.33638860469622067,-0.12324846767755254,0.4271458662988522,0.8957433918924207,0.5349
1,1787599949.9677367,2557,36.15,-187.39000000000001,-1637.44,-0.8891566557153455,0.3532606680667692,-0.29087341231904074,-0.44088637381679646,-0.8315746606024388,0.3377910437335707,-0.1225546693511871,0.4285912787737975,0.8951479591549446,0.5318
1,1787599950.0126162,2560,36.07,-187.41,-1637.3,-0.8901414039575091,0.35338989870347914,-0.28768708774447893,-0.4395466382668335,-0.8323962123163426,0.33751340493339155,-0.12019581419034601,0.42688654841274964,0.896281675052753,0.5586
1,1787599950.0724773,2563,36.13,-187.79,-1637.48,-0.889291983957897,0.35329799515115823,-0.2904140042945581,-0.4405758265348231,-0.8321537854675298,0.3367684937835156,-0.12268947934270864,0.42743491195061784,0.8956822470633113,0.5297000000000001
1,1787599950.132318,2566,35.81,-187.18,-1637.52,-0.8894979405873374,0.353383470829213,-0.2896783323543276,-0.44048416926220707,-0.8317350685455709,0.3379208078542632,-0.12151999967194223,0.42817858224833394,0.8954864551647546,0.5312
1,1787599950.1771748,2569,36.24,-187.67000000000002,-1637.3600000000001,-0.8899275975687279,0.35352916933666534,-0.2881770246110538,-0.4397992411078082,-0.8325513489102531,0.3368009485567315,-0.1208532109898138,0.42646849573660844,0.8963922821720444,0.5341
1,1787599950.2377448,2572,35.88,-187.55,-1637.16,-0.8887631233479313,0.353009216694625,-0.29237750170879656,-0.44114162181512273,-0.8319764193728025,0.3364659077974081,-0.1244756204208411,0.4280183764001938,0.8951570194019532,0.4969
1,1787599950.2975821,2575,36.300000000000004,-187.32,-1637.57,-0.8916612295508589,0.35460352239494647,-0.2814188935038783,-0.43776454121193764,-0.833769452728216,0.3364382649978937,-0.11533628298741117,0.423184169839076,0.8986727436749486,0.6052000000000001
1,1787599950.3572223,2581,36.19,-187.6,-1637.43,-0.8892330772904221,0.3532410592536305,-0.2906635310973485,-0.4404208189965859,-0.8328610022314347,0.33521941047085363,-0.12366906018476352,0.4261024583588122,0.8961822685891491,0.5079
1,1787599950.4175715,2584,35.9,-187.45000000000002,-1637.29,-0.8891041857767826,0.35344070105382314,-0.2908150918930899,-0.4406147363611658,-0.8329348027105883,0.3347809261813665,-0.12390480594224208,0.4257925378304031,0.8962970008832788,0.5051
1,1787599950.4704292,2587,36.26,-187.54,-1637.45,-0.8917409715591328,0.35427873692786094,-0.28157524075027196,-0.43765086507134193,-0.8334477716473416,0.33738187894192967,-0.11515103102048255,0.42408889221115,0.8982699213254551,0.602
1,1787599950.537756,2590,35.94,-187.43,-1637.46,-0.8890198552322524,0.35322476650780305,-0.29133479251255434,-0.44096635977800025,-0.8318069816975733,0.3371139491971702,-0.1232573184316628,0.42816983724298124,0.8952531619203333,0.5253
1,1787599950.597596,2593,36.050000000000004,-187.61,-1637.28,-0.8892964334845466,0.3532620747203597,-0.29044407371460096,-0.44057983994703154,-0.8320801483689181,0.33694514586592167,-0.12264280665376845,0.42760792000923714,0.8956060566574237,0.518
1,1787599950.6429794,2596,36.050000000000004,-187.46,-1637.29,-0.8896786889159544,0.3532785041545906,-0.28925097923962795,-0.43997909814069386,-0.832646518525559,0.33633044522696415,-0.12202550425255553,0.42649041453420866,0.8962230205826833,0.5129
1,1787599950.7028189,2602,36.03,-187.53,-1637.31,-0.8898849019396228,0.35321086516376693,-0.28869871151456766,-0.43994834212648737,-0.831827972204234,0.3383898357202052,-0.12062469713977933,0.4281405252821269,0.8956256880254613,0.5555
1,1787599950.7626576,2605,35.95,-187.53,-1637.19,-0.8899255598056958,0.3532587703195695,-0.2885147122710122,-0.4399175005287838,-0.8318243542506876,0.33843882224699684,-0.12043708205128018,0.4281080294361839,0.8956664693954111,0.5522
1,1787599950.8230023,2608,36.2,-187.52,-1637.27,-0.8906548939426557,0.3534405009326842,-0.28603089377976276,-0.4388652224490113,-0.8327312220599005,0.3375737376209894,-0.1188746247976264,0.4261907133045933,0.8967888823308111,0.5636
1,1787599950.8828413,2611,35.94,-187.41,-1637.32,-0.8894982396741544,0.35323021847995395,-0.289864268872838,-0.4403160755384188,-0.8321456840537205,0.33712803818907044,-0.12212548971867573,0.4275066938228802,0.8957250646809007,0.5302
1,1787599950.9277213,2614,36.17,-187.55,-1637.31,-0.8908243208572755,0.3535603109918041,-0.2853544039620779,-0.438749088998239,-0.8325697923307018,0.3381224301959683,-0.11803078527396721,0.42640666902593216,0.8967976841728684,0.5702
1,1787599950.98756,2617,35.94,-187.49,-1637.24,-0.8900156382884797,0.353283142472285,-0.2882068438584644,-0.43986323788460696,-0.8316693923958257,0.33888988434243317,-0.11996872742352366,0.4283888922426272,0.895595032056071,0.5575
1,1787599951.0474002,2620,36.19,-187.54,-1637.24,-0.8921100298597151,0.35403236179404735,-0.2807147688067496,-0.43738651577912013,-0.8324797366215893,0.3401036958473852,-0.11328164210629914,0.4261907729139357,0.8975125038932451,0.6092000000000001
1,1787599951.1072395,2626,36.050000000000004,-187.5,-1637.29,-0.8906096201010628,0.353433786827521,-0.28618012319551267,-0.43934400140723084,-0.8311844584836378,0.3407480658826176,-0.11743659144799584,0.4292050259538209,0.8955398889413337,0.5585
1,1787599951.1670942,2629,35.97,-187.52,-1637.21,-0.8905248686486947,0.35337336835068006,-0.28651827316720874,-0.4394028261877199,-0.8312657486673093,0.3404738043239479,-0.11785845178208067,0.42909732885800184,0.8955360783968778,0.5614
1,1787599951.211958,2632,36.11,-187.49,-1637.19,-0.8914490554125795,0.3539137300922846,-0.28295521422335584,-0.43836214992138894,-0.8316727641134182,0.34082112456278946,-0.11470486964517873,0.4278615255945692,0.8965362835912277,0.5826
1,1787599951.2717986,2635,36.04,-187.46,-1637.33,-0.8904013992115084,0.3535364320390569,-0.28670078392512544,-0.43960231740155603,-0.831267067021829,0.34021297126962696,-0.11804723977022807,0.42896043466270845,0.8955767944049302,0.5531
1,1787599951.331637,2638,35.97,-187.52,-1637.25,-0.890344729886939,0.3534783828161712,-0.2869482441908608,-0.43967883385822737,-0.8311644720725744,0.34036472117625216,-0.11818961468599033,0.4292070051222171,0.8954398705297828,0.5562
1,1787599951.376516,2641,36.01,-187.58,-1637.26,-0.8905725892426749,0.3535024012065037,-0.28621061411281373,-0.43931938146680616,-0.8315163904095753,0.3399690773406513,-0.11780893156811485,0.4285050114309831,0.8958261610498502,0.5603
1,1787599951.4363554,2644,35.980000000000004,-187.46,-1637.29,-0.8905606210173157,0.35345688780303225,-0.28630404949606897,-0.43936823058384455,-0.8313362515367376,0.3403462866470965,-0.11771719605424917,0.4288919040334529,0.8956530558244552,0.557
1,1787599951.4961956,2647,36.15,-187.46,-1637.27,-0.891693173714264,0.35400898382371615,-0.2820654592882355,-0.4380139168251155,-0.8319888937454303,0.3404971209155459,-0.11413628966680234,0.42716755501366777,0.8969396787547873,0.5941000000000001
1,1787599951.5560343,2653,36.03,-187.56,-1637.25,-0.8905665617261592,0.3532666290926163,-0.28652030975968723,-0.43920605792851236,-0.8316738683374312,0.33973020973052953,-0.11827610838264638,0.4283938205602332,0.8958177809642224,0.5695
1,1787599951.6158736,2656,35.99,-187.47,-1637.28,-0.8906007663139683,0.3535048420786974,-0.2861199078496421,-0.4393371116316372,-0.831332670029675,0.34039520279302093,-0.11752947453359448,0.42885932235203506,0.8956933092569189,0.5612
1,1787599951.6607535,2659,36.050000000000004,-187.46,-1637.32,-0.8903460584172553,0.3533239039519374,-0.28713431553372304,-0.43951293485300064,-0.8315762691214306,0.3395722143093928,-0.11879510241487043,0.4285360282756215,0.895681079465228,0.5541
1,1787599951.7205925,2662,36.01,-187.46,-1637.26,-0.8903164681561916,0.3534741670858296,-0.2870411115726529,-0.43943459080219716,-0.8321608021606357,0.3382390275439442,-0.11930560312236275,0.4272755698028457,0.8962152422901895,0.545
1,1787599951.780433,2665,36.01,-187.53,-1637.2,-0.8901008562021563,0.353342133516363,-0.28787115602347674,-0.4395773931939532,-0.8323998077919853,0.3374644801763208,-0.12038347553130709,0.4269190750832884,0.8962409955748691,0.5468000000000001
1,1787599951.8402715,2668,36.0,-187.5,-1637.31,-0.889622422481964,0.353066748216407,-0.28968226856543056,-0.4401174953967994,-0.832144798077028,0.3373894267445121,-0.12193660509859305,0.4276434336421343,0.8956855240539477,0.5378000000000001
1,1787599951.900112,2674,36.04,-187.49,-1637.3600000000001,-0.8893696762780184,0.35327657096867127,-0.2902020732554306,-0.4403417295392313,-0.8326298478996872,0.33589685561633736,-0.12296641876354453,0.4265245605954732,0.896078154551994,0.5189
1,1787599951.9599497,2677,36.0,-187.52,-1637.3600000000001,-0.8893619460915363,0.3531943543624689,-0.2903258116164563,-0.44039594269737475,-0.8323774447433556,0.3364508926102183,-0.12282810142620434,0.42708493011226795,0.8958301847845009,0.5296000000000001
1,1787599952.0197892,2680,36.02,-187.54,-1637.43,-0.8890729799622799,0.35316664154273053,-0.29124312799175145,-0.44071638991150064,-0.8323927600380141,0.33599309025584273,-0.1237671198839391,0.4270779979555553,0.8957042389639055,0.5285000000000001
1,1787599952.0796285,2683,36.01,-187.47,-1637.4,-0.8888122581468608,0.3531400421098818,-0.2920699923417486,-0.4410564166524034,-0.8322254868296257,0.3359612721742403,-0.12442671376203605,0.4274258412050252,0.8954468957858734,0.5194
1,1787599952.1250145,2686,36.050000000000004,-187.51,-1637.43,-0.8894149378680654,0.35344154489415575,-0.28986228219617977,-0.4404839415908007,-0.8321428621435761,0.33691564847024996,-0.12212684183985657,0.42733749113122466,0.8958056168477027,0.5364
1,1787599952.1848528,2689,36.0,-187.52,-1637.3700000000001,-0.8892343137182535,0.35323963353934995,-0.2906614811133608,-0.4406525262598852,-0.8320518580935882,0.33691995569242916,-0.12283194375571857,0.427681501517184,0.8955449999040801,0.5191
1,1787599952.2446923,2692,36.02,-187.54,-1637.42,-0.8892875362880646,0.35333391140206566,-0.2903839266488785,-0.44057180398749407,-0.8322273918368893,0.33659182076748917,-0.12273615332863076,0.4272618814377029,0.8957584056744347,0.5295
1,1787599952.3045323,2698,36.03,-187.5,-1637.39,-0.8893253075157714,0.3532635677412446,-0.29035383434476186,-0.4405992130542349,-0.8318971658802562,0.3373713663848581,-0.12236351935101927,0.42796256507681174,0.8954748528154816,0.5341
1,1787599952.3643718,2701,36.03,-187.52,-1637.38,-0.889246478080275,0.353286068807306,-0.29056781447453245,-0.4406023933345603,-0.8322310378899517,0.3365427618601699,-0.12292368449442234,0.42729434019103635,0.8957172068409888,0.5368
1,1787599952.4092503,2704,36.01,-187.52,-1637.42,-0.8892387683493976,0.3532036837783437,-0.290691538627897,-0.44065654829255874,-0.8319781790009119,0.33709659759958166,-0.12278525689729279,0.4278544932938466,0.8954687673263272,0.5166000000000001
1,1787599952.4690917,2707,36.03,-187.51,-1637.46,-0.8891887609304889,0.35322770458916847,-0.2908152955839305,-0.4406790978822446,-0.8321291585549213,0.3366942176105337,-0.12306616157414203,0.4275409362778557,0.8955799616349517,0.5293
1,1787599952.5289297,2710,35.96,-187.57,-1637.3400000000001,-0.8890821224191924,0.3532472985160098,-0.2911173744140421,-0.4408936356803446,-0.8318352998428247,0.3371391937345255,-0.12306819902457375,0.4280962275313103,0.8953143796244473,0.5228
1,1787599952.5887957,2713,36.04,-187.61,-1637.3700000000001,-0.8893739892453064,0.35339369997257764,-0.2900462033428142,-0.44051458004566096,-0.8321465000520513,0.33686660151804343,-0.12231439825745917,0.4273699746950094,0.8957645297220149,0.5314
1,1787599952.6486082,2716,35.910000000000004,-187.38,-1637.39,-0.8895015053793079,0.3533481541827728,-0.2897104655748089,-0.44025813748973996,-0.8324719619284718,0.3363973914539565,-0.12231044232611694,0.42677337608921734,0.8960494635673865,0.5343
1,1787599952.6934876,2719,36.06,-187.65,-1637.3600000000001,-0.8888536097498495,0.35318791871634364,-0.2918862012968066,-0.4410259273201485,-0.8322218137567566,0.3360103929029836,-0.12423925251733249,0.42739343324416185,0.8954883926404087,0.5243
1,1787599952.7533267,2725,36.12,-187.64000000000001,-1637.26,-0.8904050372801496,0.35364841505349,-0.2865513359178242,-0.4390920814412146,-0.8332150632583643,0.33608154125893536,-0.11990418508858215,0.42507111980175066,0.8971831081271696,0.5606
1,1787599952.8131661,2728,35.9,-187.55,-1637.29,-0.8888580726921145,0.3531518548703545,-0.29191624485747214,-0.44103010051694,-0.8321482432147594,0.33618707850333446,-0.12419249996709693,0.42756644947448513,0.8954122817092163,0.5194
1,1787599952.8590431,2731,36.11,-187.76,-1637.07,-0.8920790948115267,0.3547452847549688,-0.2799118996119378,-0.4373073306556705,-0.833776608525095,0.33701463711714735,-0.11382964093354343,0.4230512380557545,0.8989273957469722,0.6266
1,1787599952.9178848,2734,35.88,-187.84,-1637.08,-0.8892009349520523,0.3532741678955837,-0.29072161869747287,-0.4406289034823754,-0.8323082598655925,0.3363170081566327,-0.12315789335773537,0.4271537461584435,0.8957520920692804,0.5223
1,1787599952.9777243,2737,35.910000000000004,-187.77,-1637.18,-0.8892298609447297,0.35327557912489227,-0.2906314153669362,-0.440648495088531,-0.832125506461432,0.3367432928396911,-0.12287863191144956,0.42750848727279916,0.895621200692175,0.5259
1,1787599953.0380833,2740,35.96,-187.75,-1637.21,-0.8891476249138136,0.35317982507137574,-0.29099916197933706,-0.4407096905284761,-0.8321328138475399,0.33664513778230937,-0.12325368061205663,0.4275733753178834,0.8955386864534962,0.5284
1,1787599953.0979211,2743,36.08,-187.45000000000002,-1637.43,-0.8892753761712842,0.35328752038878813,-0.29047759513078236,-0.44062189463352164,-0.8320482077455935,0.33696902818643654,-0.1226444100030118,0.4276490476136797,0.8955861995196922,0.5254
1,1787599953.1428008,2746,36.17,-187.20000000000002,-1637.52,-0.8895083754390911,0.35300446809957947,-0.2901080755950134,-0.4403855934755221,-0.8315972702456306,0.3383881043701563,-0.12180057094661415,0.4287584700291629,0.8951708190593178,0.5305
1,1787599953.2026398,2752,36.02,-183.97,-1637.58,-0.889209327214792,0.35292743902381707,-0.29111680676028845,-0.4409865765061266,-0.8306185037508766,0.34000550079088626,-0.12180973579982594,0.43071466658420754,0.8942299839826618,0.5228
1,1787599953.2624812,2755,36.01,-180.85,-1637.31,-0.8889892479274083,0.35282567368967577,-0.2919112211870036,-0.4415822432052392,-0.8292976667918764,0.34244780965773336,-0.12125691549470577,0.43333523263055435,0.8930382615575512,0.5097
1,1787599953.3223188,2758,36.06,-177.3,-1636.47,-0.888949749549846,0.35262149562807366,-0.2922779902700285,-0.44167413756616297,-0.8288950789675077,0.34330293367321424,-0.12121179389998558,0.43427068619061737,0.8925898678200854,0.5053
1,1787599953.382158,2761,35.95,-174.0,-1634.69,-0.8889483608038438,0.3529301205510474,-0.2919094754063017,-0.44177940120680864,-0.8288859918389498,0.34318941301053246,-0.12083779414368953,0.4340372593925358,0.8927541010633913,0.5089
1,1787599953.4419975,2764,35.84,-172.28,-1631.63,-0.8885948769635502,0.3528499350824789,-0.29308030972145405,-0.44149213025701756,-0.8312529502622514,0.33779169853835017,-0.12443409321907596,0.4295526230773052,0.8944275825644875,0.49310000000000004
1,1787599953.5018678,2770,35.62,-179.05,-1620.73,-0.8861405921115248,0.3528251117434645,-0.300448483995922,-0.44035811313512163,-0.8430619342914135,0.30875768353985233,-0.14435921587592324,0.4059076440177396,0.902440802113721,0.4319
1,1787599953.5621812,2773,35.2,-187.49,-1613.5,-0.8813131105274327,0.35130429160962834,-0.3160261000441551,-0.4413543666244872,-0.8508889092494782,0.28494628823294205,-0.16880024962647094,0.3906063988376155,0.9049492344397838,0.8232
1,1787599953.6220202,2776,34.83,-197.69,-1606.38,-0.8839736408084918,0.35382298783732374,-0.3056139650501078,-0.4350274786701006,-0.861947036591328,0.2603812568395869,-0.1712941772440459,0.36312064026890134,0.9158611824141193,0.4874
1,1787599953.6823642,2779,34.58,-208.68,-1599.58,-0.8865514655747921,0.35589564452954553,-0.2955753526464744,-0.4285084669696308,-0.8725282124480057,0.2346806600843472,-0.17437600930897926,0.33471302437638634,0.9260454625396571,0.49770000000000003
1,1787599953.7427077,2782,34.47,-220.03,-1593.63,-0.8828892464347481,0.3559767232025098,-0.30624687927860794,-0.42687285262340313,-0.8801727393140953,0.2075464204978727,-0.1956684599598025,0.31396898175827054,0.9290518458464165,0.4229
1,1787599953.802547,2788,33.67,-245.06,-1581.93,-0.8859543179983244,0.357248710455418,-0.2957335038477458,-0.4137006519527909,-0.8969837939631472,0.15579423590529218,-0.20961087040981327,0.26037171936563885,0.94248068986087,0.6006
1,1787599953.8628938,2791,33.43,-258.06,-1575.98,-0.8850382346888381,0.35902402721254484,-0.29632595401508577,-0.4100476688769678,-0.9025885748106467,0.13112884453792056,-0.22038201466414956,0.23756180775825783,0.9460423643300541,0.48050000000000004
1,1787599953.9077733,2794,33.22,-269.78000000000003,-1570.48,-0.8838170625813822,0.35999354068585254,-0.29878428766332504,-0.4065621750745189,-0.9069985788608692,0.10982156319703243,-0.23146187091763815,0.218536561263389,0.947980576648319,0.4907
1,1787599953.9676125,2797,33.07,-279.25,-1565.04,-0.8823788775469604,0.3604902276913616,-0.30241414020841806,-0.40430479571115585,-0.9096412754259435,0.09534349587897124,-0.24071798566772473,0.2063965740522192,0.9483961754433535,0.5244
1,1787599954.027474,2800,32.7,-286.27,-1559.19,-0.8858208147789769,0.36066074435485135,-0.2919679975369119,-0.40045821248443797,-0.9120458743763843,0.08834898463924419,-0.23442419704048967,0.1951823519543231,0.9523387765535438,0.47500000000000003
1,1787599954.0872912,2803,32.44,-291.55,-1553.02,-0.8878700461288748,0.360235539050995,-0.2862117006548635,-0.3979678274688913,-0.913468778029403,0.08483159709188634,-0.23088609634796295,0.18922248272895192,0.9544037209394621,0.46630000000000005
1,1787599954.147131,2806,32.14,-296.32,-1546.42,-0.8881113964450372,0.36011071716427073,-0.28561936014192085,-0.397040228083119,-0.9141283298584201,0.08202715302849507,-0.23155389175773,0.1862516253182503,0.9548262288386088,0.4617
1,1787599954.1920097,2809,31.970000000000002,-301.26,-1539.46,-0.8901852689436172,0.3596852547965675,-0.2796367365667612,-0.395238606121641,-0.914974140603232,0.08129431873384134,-0.2266200149739696,0.18289023896672388,0.9566580001776457,0.446
1,1787599954.2518492,2815,31.51,-310.1,-1525.49,-0.8899881985857705,0.3599967358854297,-0.27986310319492225,-0.39492208176507004,-0.915360929168614,0.07842779281552784,-0.22794200076422688,0.18032392936992095,0.9568310847710756,0.44370000000000004
1,1787599954.3116884,2818,31.28,-312.96,-1518.95,-0.8902454708444444,0.35989410918856846,-0.2791759871699578,-0.39505247637200164,-0.9151700624240872,0.07998310918588825,-0.22670805577504913,0.1814937657718837,0.9569030621921103,0.4515
1,1787599954.3715286,2821,31.09,-315.21,-1512.95,-0.8908388847132673,0.35975778280559234,-0.2774534541028936,-0.394906652977975,-0.91510942947453,0.08138468848950471,-0.22462149700452863,0.18206886004367898,0.9572858054342183,0.4505
1,1787599954.4313674,2824,30.89,-317.38,-1507.44,-0.8898441633519333,0.3598053267108676,-0.28056637685044145,-0.39614614099010936,-0.9143528343346713,0.0838279745836538,-0.22637491010962876,0.18573912138975768,0.9561670245612001,0.44730000000000003
1,1787599954.4912064,2827,30.7,-319.77,-1502.45,-0.8901628168826682,0.3598832236265392,-0.27945343939855843,-0.39610739821127,-0.9143294086570399,0.0842654232005402,-0.2251867858507949,0.18570352128335682,0.9564544493394079,0.4698
1,1787599954.5510454,2833,30.44,-326.04,-1494.08,-0.8907085994668849,0.35966836142508374,-0.2779871591018843,-0.395310864233582,-0.9147849909003027,0.0830526401894122,-0.22442707380046523,0.1838670449355426,0.9569876688505615,0.45990000000000003
1,1787599954.6108854,2836,30.27,-330.31,-1490.8600000000001,-0.8914258216199525,0.3596829201985641,-0.2756595753218556,-0.3940262540996995,-0.9156597781583196,0.07943854066645563,-0.22383769930320374,0.17943067625266998,0.957967283778605,0.47650000000000003
1,1787599954.670725,2839,30.19,-334.56,-1488.27,-0.891268174356114,0.3598593700522417,-0.27593889752175826,-0.39317404979960335,-0.9164157181065313,0.07480907813540703,-0.22595399519393017,0.17516696433087556,0.9582595299098294,0.48000000000000004
1,1787599954.7305644,2842,30.17,-337.78000000000003,-1486.3600000000001,-0.8903667960188087,0.3601452917058045,-0.27846424799126657,-0.39313629376973735,-0.9167017703044835,0.07142631757006888,-0.22954481712335698,0.1730700239289478,0.9577870033306141,0.46790000000000004
1,1787599954.7909122,2845,30.1,-339.71,-1484.89,-0.8919016089253106,0.35996501305759815,-0.2737457020135393,-0.39173084456402785,-0.9174173547995386,0.06994528239824968,-0.22596120333720066,0.16961894495327057,0.9592554133802652,0.4954
1,1787599954.8507514,2851,29.91,-342.48,-1483.26,-0.8903262700644484,0.36023200433690583,-0.2784816616665135,-0.39203803416554617,-0.917543876898658,0.06647867126676565,-0.23157139849459185,0.16836311061867476,0.9581380643634104,0.4685
1,1787599954.9106004,2854,29.54,-343.93,-1482.6100000000001,-0.8897643343623455,0.36030256445222514,-0.28018117593065156,-0.39183936268046005,-0.9177979328381305,0.06410045500794456,-0.2340541457673917,0.16682031209419562,0.957804594017951,0.47600000000000003
1,1787599954.9566264,2857,29.47,-344.57,-1482.3500000000001,-0.8898811123206973,0.36029767763146686,-0.27981634946559153,-0.39154975019515786,-0.917983733227418,0.06320331203316713,-0.2340948505563245,0.16580545534820026,0.9579708512892174,0.4776
1,1787599955.0154684,2860,29.19,-344.0,-1482.26,-0.8924398488197989,0.35987557793721325,-0.2721041797599794,-0.3901299401687299,-0.9184774080041729,0.06479105470571724,-0.22660482347566585,0.16397810643586772,0.9600840768324769,0.4793
1,1787599955.0755565,2863,29.2,-344.05,-1482.22,-0.8939661493829973,0.3592848115898682,-0.26784127373907324,-0.3887429641575654,-0.9190760050013276,0.06463903502365581,-0.22294266432274937,0.1619065199169955,0.9612922798155831,0.5063
1,1787599955.1357539,2866,29.14,-344.07,-1482.22,-0.8927996934871572,0.35959753087543334,-0.2712901087351509,-0.3897063570361564,-0.9186555839458198,0.06481414483561913,-0.2259151668101237,0.16358952861799142,0.9603128675237552,0.48100000000000004
1,1787599955.1955712,2869,29.26,-344.06,-1482.28,-0.8925116614430466,0.35972518437728535,-0.27206750249322437,-0.3899297028390978,-0.9185740763812955,0.06462579240568546,-0.22666662972741605,0.16376647375143025,0.9601056093175566,0.47740000000000005
1,1787599955.2404513,2872,29.16,-344.23,-1482.3,-0.8894690304535117,0.36042792861178424,-0.2809564951032603,-0.39206148556484816,-0.9177163480588559,0.06391006213579384,-0.23480339733652533,0.16699824185342546,0.9575901794698453,0.48160000000000003
1,1787599955.300293,2878,29.150000000000002,-344.11,-1482.21,-0.8924668402378729,0.3596143485703738,-0.2723608991359313,-0.3899947601805767,-0.9185083017279504,0.06516583988970828,-0.22673117586146316,0.16437767475889883,0.9599859134035957,0.4811
1,1787599955.360129,2881,29.25,-344.07,-1482.3,-0.8923280330114253,0.3597148596453012,-0.2726827850311086,-0.39027613111204107,-0.9183522668789823,0.06567842417758865,-0.22679334863742698,0.16502828142047518,0.959859595641585,0.4806
1,1787599955.4399157,2884,29.16,-344.14,-1482.21,-0.8924630362783795,0.3597041802122385,-0.2722547182596059,-0.3899314457794573,-0.9185761684946626,0.06458552675334833,-0.22685501199911387,0.16380087121717868,0.9600552474307794,0.4791
1,1787599955.4947677,2887,29.22,-344.05,-1482.27,-0.8923669468396402,0.35963217817798226,-0.2726644982520804,-0.38995605996751503,-0.9185577739837073,0.06469843235124233,-0.2271904564076373,0.16406191597398978,0.9599313435054785,0.47590000000000005
1,1787599955.5402403,2890,29.19,-344.07,-1482.25,-0.8927014401794425,0.35958544955151667,-0.27162923843427245,-0.38968884634734385,-0.9186822980442857,0.06454020679039144,-0.22633325370794585,0.16346602011092068,0.9602354495305152,0.47850000000000004
1,1787599955.6000798,2896,29.22,-344.11,-1482.28,-0.8923656798933719,0.35966215353847286,-0.2726291045734259,-0.38993490799345787,-0.9185803572844761,0.06450499778511602,-0.227231733867815,0.16386965101321316,0.9599544138136112,0.48140000000000005
1,1787599955.6599193,2899,29.17,-344.08,-1482.22,-0.8922523459662784,0.3595312199180676,-0.27317220397013076,-0.39006018964445344,-0.9184781675376872,0.06519895866611147,-0.22746164417810225,0.1647275255105789,0.9597531155286528,0.48210000000000003
1,1787599955.7197917,2902,29.23,-344.06,-1482.28,-0.8924131114764575,0.359713119819463,-0.2724065158814244,-0.3899120399973013,-0.9186008081414135,0.06435181696801733,-0.22708465278404666,0.16364298552547524,0.9600278817608675,0.4793
1,1787599955.7795978,2905,29.14,-344.07,-1482.14,-0.8941609771363104,0.35927955488646923,-0.2671972088312659,-0.3887974601543997,-0.9190005216327349,0.06538024331745015,-0.22206458957728165,0.1623460584040819,0.9614213828371678,0.5104000000000001
1,1787599955.8394587,2908,29.23,-344.09000000000003,-1482.28,-0.8924681124662183,0.35958439171739687,-0.272396280195261,-0.39001584838356385,-0.9184856037932111,0.06535926586390992,-0.2266898900273994,0.16456992695462314,0.9599627247458703,0.4772
1,1787599955.8992784,2914,29.23,-344.05,-1482.29,-0.8926611222346332,0.3596985563777203,-0.27161198314984014,-0.38998750777944463,-0.9184999357320326,0.06532696102092518,-0.22597757549540776,0.16424011872875588,0.960187126956606,0.4768
1,1787599955.9591155,2917,29.150000000000002,-344.07,-1482.16,-0.8942539989578633,0.359432301871806,-0.2666799687246961,-0.3889750313597085,-0.9188911811915514,0.06585910800420407,-0.22137798067238706,0.16262661989825208,0.9615323042799372,0.5081
1,1787599956.018955,2920,29.21,-344.08,-1482.28,-0.8926598542916797,0.35972843079824984,-0.27157658332666695,-0.38996648904272974,-0.918522598056493,0.06513351121532537,-0.22601885310664657,0.16404783733709846,0.9602102817119681,0.4818
1,1787599956.0787945,2923,29.19,-344.1,-1482.25,-0.8925640519641801,0.3596564647013729,-0.2719864712440575,-0.3899911497681286,-0.9185041156843694,0.06524639893057507,-0.22635440407426916,0.16430890684739144,0.9600865934314455,0.4783
1,1787599956.1386342,2926,29.2,-344.06,-1482.27,-0.8926623922947924,0.35966867546821835,-0.2716473767027309,-0.39000851821795024,-0.9184772355661234,0.06552040494571537,-0.2259362943397469,0.16443239228859127,0.9601639335375359,0.4796
1,1787599956.1984737,2932,29.16,-344.05,-1482.18,-0.8939019160476179,0.35925891339050825,-0.26809027889102655,-0.38906716982191747,-0.9188445147429902,0.06596586309207067,-0.22263445791961387,0.16327213747663707,0.9611327209447452,0.5056
1,1787599956.258313,2935,29.21,-344.09000000000003,-1482.3,-0.8924194541141789,0.3595633055039859,-0.2725834684158197,-0.3900176611877525,-0.9184876996574219,0.06531898299616272,-0.2268782534316289,0.16460429797871248,0.9599123310004662,0.4798
1,1787599956.31818,2938,29.150000000000002,-344.05,-1482.18,-0.8941634627630478,0.3592207465463259,-0.26726795002449466,-0.38883869992503106,-0.9189554539547021,0.06576731017396793,-0.22198235808326558,0.1627308480209193,0.9613753189062975,0.5067
1,1787599956.3779912,2941,29.18,-344.05,-1482.19,-0.8941870835336466,0.3594134417376322,-0.2669296490461504,-0.3890346369878459,-0.9188548694040832,0.06601348495678808,-0.2215434739849637,0.16287328470536483,0.9614524336980791,0.5109
1,1787599956.422871,2944,29.16,-344.07,-1482.2,-0.8942564904106834,0.3593735918314594,-0.2667507279325077,-0.3890161083780711,-0.9188459707174145,0.06624612833028796,-0.22129572246373858,0.16301136031126084,0.9614860891498765,0.5129
1,1787599956.4827101,2947,29.18,-344.05,-1482.25,-0.8945681891415673,0.3592679152504534,-0.2658464219198187,-0.38884696732961227,-0.9188870387614823,0.06666817827657927,-0.22033109398026557,0.16301280645319674,0.9617073535944872,0.513
1,1787599956.54255,2950,29.150000000000002,-344.07,-1482.19,-0.8942136430757053,0.35918275678395284,-0.2671510953867774,-0.38887789432020575,-0.9189081933866325,0.06619452723600272,-0.22171139764648568,0.1630812047907264,0.9613784773946455,0.5095000000000001
1,1787599956.5879352,2953,29.18,-344.05,-1482.22,-0.8943281973361876,0.35922249605112927,-0.2667138424982877,-0.38881625965660926,-0.9189424965095665,0.06608028704091345,-0.22135715862842378,0.1628001426275842,0.9615077336581277,0.5105000000000001
1,1787599956.6482806,2959,29.2,-344.08,-1482.3,-0.8931443640732154,0.35959557987347107,-0.2701558140401824,-0.3897979900821305,-0.9185277212724619,0.06606324380432725,-0.22438955379469613,0.1643102071980946,0.9605474917766098,0.48810000000000003
1,1787599956.7081199,2962,29.2,-344.09000000000003,-1482.28,-0.8929041408928726,0.3594605732594971,-0.2711278138596532,-0.38982850711323663,-0.91851533905548,0.06605533257551377,-0.2252907681602295,0.16467443089851622,0.9602741283560771,0.48960000000000004
1,1787599956.7679598,2965,29.21,-344.07,-1482.26,-0.8929799045782445,0.35961474305786256,-0.2706734685831932,-0.39006447318066534,-0.9183665007404563,0.06672838286680784,-0.22458093592671516,0.16516720889194922,0.9603557654979346,0.4868
1,1787599956.8277984,2968,29.2,-344.09000000000003,-1482.24,-0.892811548748916,0.3596423133386125,-0.2711917124047368,-0.3900657441934831,-0.9184026428507629,0.06622160381264111,-0.22524709460356288,0.16490600977885989,0.9602446325345787,0.4829
1,1787599956.872579,2971,29.16,-344.05,-1482.19,-0.893996279806575,0.3593301123553861,-0.2676798872658719,-0.38904257430128214,-0.9188630432499965,0.0658527382147978,-0.22229828400830187,0.16301097540969728,0.9612548542519531,0.501
1,1787599956.9324193,2974,29.2,-344.09000000000003,-1482.28,-0.8925116614430466,0.35972518437728535,-0.27206750249322437,-0.3899297028390978,-0.9185740763812955,0.06462579240568546,-0.22666662972741605,0.16376647375143025,0.9601056093175566,0.47640000000000005
1,1787599956.9922576,2977,29.17,-344.05,-1482.2,-0.8942030228082088,0.35913522309759266,-0.26725052952483425,-0.38852104989665026,-0.919159473665351,0.06478623124121068,-0.2223788384443685,0.1617645001286665,0.9614467737271034,0.5162
1,1787599957.0371392,2980,29.2,-344.08,-1482.25,-0.8927121454640311,0.35965986271403483,-0.27149550363409025,-0.3900276486320263,-0.9184524087556637,0.06575413411711967,-0.22570657642961872,0.16459026703739554,0.960190910888548,0.4837
1,1787599957.0969763,2986,29.19,-344.09000000000003,-1482.26,-0.8924169106932984,0.3596232506896563,-0.2725127062579544,-0.3899754376065472,-0.9185330565724117,0.06493213416579496,-0.22696082387101857,0.16421979645325172,0.959958667277212,0.47290000000000004
1,1787599957.1573231,2989,29.16,-344.07,-1482.21,-0.8941622189056586,0.3592501539644203,-0.2672325825161473,-0.3888180841708972,-0.9189780067231831,0.06557377967418394,-0.22202347556819804,0.16253845709746872,0.9613983702196462,0.5133
1,1787599957.2171621,2992,29.17,-344.07,-1482.24,-0.892415642165603,0.3596532135547791,-0.272477315749174,-0.3899543133674829,-0.918555678271906,0.06473870094876606,-0.22700210374410532,0.16402753395134398,0.9599817774320466,0.47390000000000004
1,1787599957.277509,2995,29.1,-344.09000000000003,-1482.18,-0.8927524773403439,0.3595467055736479,-0.2715127634455056,-0.38972917140428887,-0.9186350831697527,0.0649673527722029,-0.22606235237032488,0.1638162094569338,0.9602395859159094,0.4801
1,1787599957.3373468,2998,29.18,-344.22,-1482.32,-0.8894690304535117,0.36042792861178424,-0.2809564951032603,-0.39206148556484816,-0.9177163480588559,0.06391006213579384,-0.23480339733652533,0.16699824185342546,0.9575901794698453,0.4777
1,1787599957.397692,3004,29.2,-344.1,-1482.27,-0.8926818597331192,0.35958683266685004,-0.27169175010670166,-0.38974701572863374,-0.9186439528526085,0.06473447009096976,-0.2263103202110848,0.16367833595182155,0.9602046871922668,0.4797
1,1787599957.4580379,3007,29.11,-344.03000000000003,-1482.18,-0.8943232343521792,0.3593398601832783,-0.26657234924372614,-0.3887340279276998,-0.9190326216014368,0.06530617094499173,-0.22152157463543679,0.16203056907834448,0.9615998578697819,0.5115000000000001
1,1787599957.517877,3010,29.17,-344.16,-1482.22,-0.8924655701303502,0.35964429893852423,-0.2723255117922782,-0.38997366367824843,-0.9185309618249048,0.06497240803894785,-0.22677245813650568,0.16418541472991013,0.9600090634054942,0.4762
1,1787599957.5782228,3013,29.080000000000002,-344.14,-1482.15,-0.8926333015445316,0.35956584455381013,-0.2718790032422777,-0.38974877911347205,-0.9186460401037013,0.06469422061781767,-0.22649873764166367,0.16371272532119835,0.9601543966543291,0.4783
1,1787599957.6380622,3016,29.2,-344.31,-1482.3,-0.8897129238279705,0.3603119172252903,-0.28033236609232237,-0.3918190131261566,-0.9178229156916254,0.06386670794841703,-0.23428353362182558,0.16666258649366733,0.9577759697011153,0.4792
1,1787599957.6979032,3022,29.330000000000002,-344.03000000000003,-1482.3,-0.8938490625592886,0.359356061318611,-0.26813629846676074,-0.3889863141033652,-0.9189368345086214,0.06515168166327587,-0.22298766961910524,0.16253711999678538,0.9611754178197607,0.5067
1,1787599957.7577405,3025,29.37,-344.06,-1482.46,-0.8896941456661931,0.36028144664399997,-0.2804311080665082,-0.3919000096990623,-0.9177613135881083,0.06425382229023358,-0.23421936206295543,0.1670672034994801,0.9577211702524309,0.4747
1,1787599957.81758,3028,29.45,-343.79,-1482.56,-0.8897437556444929,0.3604425332489449,-0.2800664733892939,-0.3920603140605639,-0.9176756794216998,0.06449850801881758,-0.23376218562967968,0.1671900942729703,0.9578114182586417,0.4773
1,1787599957.8774195,3031,29.54,-343.31,-1482.7,-0.8892012505730933,0.3602276263376119,-0.28205884705574596,-0.39219407737790496,-0.9176197386252388,0.06448116744478274,-0.2355948676201177,0.16795854401761776,0.9572277606936298,0.4665
1,1787599957.9372587,3034,29.55,-339.93,-1482.99,-0.8899912164399502,0.36017617210136565,-0.2796225307627142,-0.393082765924636,-0.9168212126345876,0.0701769420556491,-0.23108780537444093,0.17237165983319735,0.9575418722403596,0.47090000000000004
1,1787599957.9970982,3040,29.78,-318.81,-1485.49,-0.8867758277274267,0.35939393354498683,-0.2906279957082568,-0.40190213207545933,-0.9101127135114452,0.10084406248279551,-0.228261489506086,0.20623008809554325,0.9515071429960826,0.47750000000000004
1,1787599958.0569375,3043,29.97,-303.05,-1487.81,-0.884642225165742,0.3591566299995176,-0.2973460081810318,-0.40863086077569977,-0.9043151733346939,0.12342968402435939,-0.22456391757251484,0.230695865598047,0.9467578700599497,0.4949
1,1787599958.116777,3046,30.18,-285.58,-1490.81,-0.8858927376731198,0.3583530346770655,-0.29457963248629804,-0.4135714877972692,-0.8977573124516591,0.15162596222523012,-0.2101253954646551,0.2561540756601613,0.9435212810019235,0.4979
1,1787599958.1766164,3049,30.41,-267.56,-1494.64,-0.8871967510211516,0.3567684180658475,-0.2925717362431057,-0.4169194482205422,-0.8915163159778808,0.1771350672247198,-0.19763627873695494,0.2791325029730863,0.939694071020451,0.524
1,1787599958.2364562,3052,30.86,-249.58,-1499.21,-0.8815169158748785,0.35485102944970226,-0.31146215488391,-0.42641718995087097,-0.8815704232920767,0.20248942908465975,-0.20272224135709688,0.311310673885614,0.9284338194960586,0.46880000000000005
1,1787599958.296295,3058,31.38,-213.21,-1508.7,-0.8872100311861656,0.35526954294665947,-0.2943499828726253,-0.4316410497569289,-0.8644692027237597,0.25764122672212936,-0.16292441415386316,0.3556354163980564,0.9203146667721869,0.5028
1,1787599958.3561347,3061,31.740000000000002,-195.44,-1514.44,-0.8836539983048035,0.3526761356805221,-0.3078557366712337,-0.4386813637028337,-0.8534107674374267,0.28151149738808934,-0.16344501344414325,0.3838093346224347,0.9088322849882302,0.6219
1,1787599958.415974,3064,32.22,-178.25,-1520.71,-0.8845678579242486,0.35168624313156754,-0.3063600677622819,-0.4413184889761269,-0.8436466609572983,0.30577492170455894,-0.1509228147601753,0.40568102968663067,0.9014683611404566,0.3614
1,1787599958.4758132,3067,32.58,-161.81,-1526.45,-0.8896251046990006,0.3536087334779838,-0.2890121739605241,-0.43917334454322876,-0.8359941751078815,0.3289992593128545,-0.12527548256545065,0.4196124435640447,0.8990169356993253,0.5303
1,1787599958.5207028,3070,32.81,-146.06,-1532.76,-0.8880610876640235,0.35216601149511073,-0.29551075263789867,-0.44376018411843027,-0.8245901657870547,0.3508959353974547,-0.12010163849077446,0.44275293204551835,0.8885636936072328,0.48960000000000004
1,1787599958.5805326,3073,33.13,-130.87,-1538.92,-0.8881155179892828,0.3514634315817208,-0.29618285393896293,-0.44595670543936755,-0.8148946732288486,0.37022869745187686,-0.11123598150011162,0.46089058116222037,0.8804580788519447,0.5171
1,1787599958.6408772,3076,33.480000000000004,-116.60000000000001,-1544.77,-0.8882141060449539,0.3506830847322598,-0.29681151578978554,-0.44778140248393733,-0.8053388068086627,0.38848580648141795,-0.10279843098161305,0.47796525012877905,0.8723426518616708,0.8208000000000001
1,1787599958.6857572,3079,33.86,-103.42,-1550.75,-0.8890057105531208,0.35061837238664706,-0.2945090890768557,-0.44826242793049775,-0.7976431214239283,0.4035173435565659,-0.0934325548713944,0.49074658204620314,0.8662783328123664,0.5082
1,1787599958.7461042,3085,34.22,-81.46000000000001,-1559.46,-0.889474243777629,0.350022493139525,-0.2938023552536745,-0.4493267314254536,-0.787074459857379,0.42263374577372953,-0.08331301268549465,0.5079350833882281,0.8573569227460991,0.521
1,1787599958.805942,3088,34.45,-72.19,-1562.81,-0.8892482060845953,0.3494331522184227,-0.29518485751478857,-0.45001540130881723,-0.7839855914644703,0.42761282834004066,-0.08199857657419123,0.5130916726149446,0.854408081032129,0.48190000000000005
1,1787599958.8657813,3091,34.63,-63.26,-1565.8400000000001,-0.8896915982655923,0.3496546357872516,-0.29358217869635755,-0.4497583059087789,-0.7818070633200043,0.43185087936580135,-0.07852595903063452,0.5162551224108436,0.8528272523453293,0.48800000000000004
1,1787599958.9256208,3094,34.87,-54.42,-1568.77,-0.8893907041861735,0.3494497998236449,-0.2947354961833359,-0.45053261307012044,-0.7793083614427981,0.43554430583529674,-0.0774889661011928,0.5201570101311295,0.8505481438131604,0.48700000000000004
1,1787599958.9854603,3097,34.95,-45.69,-1571.3500000000001,-0.8894709706963306,0.3494336651214638,-0.29451231887360513,-0.45061618845765034,-0.7779093658371309,0.43795213122300525,-0.07606867284517808,0.5222577258621012,0.8493882650407408,0.4797
1,1787599959.0453005,3103,35.300000000000004,-29.810000000000002,-1575.24,-0.8897028945838649,0.3490204597501773,-0.29430167863073303,-0.45039406347886796,-0.7764313752903882,0.44079417764719836,-0.07465887055190332,0.5247275846955745,0.8479899851457344,0.4793
1,1787599959.105139,3106,35.5,-21.92,-1577.24,-0.8894190794302514,0.34891888290751466,-0.2952783674704532,-0.45095219961741223,-0.7753423365264186,0.44213841141657373,-0.07467137875827355,0.5264027681731223,0.8469500049318215,0.48710000000000003
1,1787599959.1649792,3109,35.62,-13.64,-1579.6100000000001,-0.8886960479454757,0.3484504064216644,-0.29799605472332913,-0.45196683810524907,-0.775077264476825,0.4415667688405293,-0.07710584685506061,0.5271029769937737,0.8462961302198335,0.46940000000000004
1,1787599959.2248178,3112,35.76,-5.37,-1582.39,-0.8882893561920773,0.34798248186254876,-0.2997502493621073,-0.4527187172727391,-0.7733612993989717,0.4437995759606577,-0.07738076444950866,0.5299249880018065,0.8445067935691781,0.45780000000000004
1,1787599959.269697,3115,35.94,2.27,-1585.22,-0.8881118895107405,0.34748077110072007,-0.30085608756498744,-0.45316220823691356,-0.7713740890841,0.44679528613842756,-0.07681981993930069,0.5331408147993587,0.842531653327974,0.4566
1,1787599959.329537,3118,36.08,9.48,-1588.32,-0.8879096204444664,0.3468654556150845,-0.3021603243695362,-0.45377411777756543,-0.7682738166036558,0.45149129864975734,-0.07553513061718795,0.5379960022362545,0.8395562790072219,0.43960000000000005
1,1787599959.3893757,3121,36.18,15.5,-1592.1100000000001,-0.888344284056146,0.3465084362507446,-0.3012911160187723,-0.45349867690080353,-0.7649577490099874,0.457360462085207,-0.0719957153863639,0.542928674723151,0.8366869612521572,0.4325
1,1787599959.4342563,3124,36.550000000000004,15.19,-1592.47,-0.8883005505765991,0.3464865138594035,-0.30144523144158064,-0.453547436775569,-0.7650569450787766,0.4571461400701538,-0.07222779547807029,0.5428028799668319,0.8367485757741635,0.4399
1,1787599959.494095,3130,36.31,13.55,-1591.15,-0.8876984233774822,0.3468012513423501,-0.3028537620709254,-0.45440602895313015,-0.765903244068271,0.45487073062216893,-0.07420694026962478,0.5414066057900281,0.8374796816775568,0.4434
1,1787599959.553934,3133,36.160000000000004,14.75,-1591.8,-0.8880511575200453,0.3467867206814116,-0.3018345771881349,-0.45397958273206457,-0.7651039915263427,0.456638172531468,-0.07257878539716751,0.5425447930903871,0.8368855760501437,0.43220000000000003
1,1787599959.613775,3136,36.46,13.6,-1591.27,-0.8880183499682879,0.3466598999868398,-0.30207668539745575,-0.4538904118319201,-0.765941588958766,0.4553207400837025,-0.07353165418137428,0.5414428834553418,0.837515790769891,0.439
1,1787599959.673646,3139,36.12,14.120000000000001,-1591.47,-0.8878405061620827,0.34673318178142676,-0.30251501825460686,-0.4541882368465265,-0.7658315787713221,0.4552087855774183,-0.07383956343384343,0.5415515613571367,0.8374184290207299,0.43360000000000004
1,1787599959.718493,3142,36.26,13.82,-1591.33,-0.8877305096980452,0.34667333626808594,-0.3029061572038495,-0.4544213232662036,-0.765245391886289,0.45596134831561347,-0.07372789914436116,0.5424178169248816,0.8368674379913489,0.4264
1,1787599959.7783325,3145,36.06,13.32,-1590.75,-0.8878101773543979,0.34647427471233605,-0.3029004224964253,-0.454123424040243,-0.7662476643390507,0.4545728023462413,-0.07459895926832955,0.5411285372788152,0.8376245587484719,0.4293
1,1787599959.8381708,3148,36.38,14.27,-1591.72,-0.8878435026511623,0.34660046913700254,-0.3026582719737317,-0.45421381152994605,-0.7654106938242657,0.45589064828629094,-0.07364596537186666,0.5422311173046653,0.8369956315363777,0.431
1,1787599959.8830507,3151,36.24,14.34,-1591.68,-0.8882285629205218,0.3469394396403049,-0.3011362569240303,-0.4536272257149326,-0.7659618598965351,0.4555488659562374,-0.07261101915217774,0.5412351193390093,0.8377303775629544,0.444
1,1787599959.9428904,3157,36.13,13.39,-1590.94,-0.8879894910693259,0.3468809972547504,-0.3019076638543466,-0.45384513294067513,-0.7669238959475934,0.4537095250605013,-0.07415698926264602,0.5399086140895647,0.8384506123650844,0.44930000000000003
1,1787599960.0027595,3160,36.27,14.0,-1591.46,-0.8878542790254439,0.3464959104307306,-0.3027463678906626,-0.4540752836171563,-0.7661488031867996,0.45478747584276497,-0.07436676693394895,0.5412546493381961,0.8375637220806416,0.4302
1,1787599960.0625696,3163,36.33,13.89,-1591.38,-0.8879774244165166,0.3467320551093781,-0.30211417657275924,-0.45390894718162156,-0.7663665989094309,0.4545865195366695,-0.0739104958384199,0.5407948946094241,0.8379010207472603,0.4403
1,1787599960.1224077,3166,36.31,13.9,-1591.38,-0.888088218485452,0.34681908950698154,-0.3016883082601714,-0.4538060847058565,-0.7660263882980866,0.45526213318804587,-0.07320760664901468,0.5412209267799402,0.8376876236069063,0.4413
1,1787599960.1677952,3169,36.27,13.83,-1591.33,-0.8881061931796834,0.34692932055427167,-0.30150860050028827,-0.453738637211783,-0.766490247353173,0.45454807206022346,-0.07340734797746748,0.5404930593932021,0.8381399728032851,0.4562
1,1787599960.2281377,3172,36.31,13.99,-1591.51,-0.8881469904408651,0.3468574033881902,-0.3014711679176562,-0.4537199024159814,-0.7660654184636507,0.4552823572089564,-0.07302858017561177,0.5411411242447887,0.8377548031068641,0.444
1,1787599960.2879992,3175,36.45,14.13,-1591.6000000000001,-0.8888274976025724,0.3470748103412674,-0.299206877481321,-0.45265936316627114,-0.7666108450503448,0.4554199306015296,-0.07131045115167141,0.540228551890558,0.8384914616612239,0.4726
1,1787599960.3328598,3178,36.37,13.92,-1591.3400000000001,-0.8883819743575304,0.34701979230417856,-0.3005906375550988,-0.45334611432741906,-0.7664484702664355,0.4550099373095841,-0.0724897803890088,0.5404942239981901,0.8382190796944122,0.4561
1,1787599960.3926961,3184,36.38,13.950000000000001,-1591.58,-0.8885064589524706,0.3468694967268779,-0.3003961128912689,-0.4531301752102686,-0.7664253294288652,0.45526394401903464,-0.07231401464206526,0.5406234980559925,0.8381508913292698,0.44970000000000004
1,1787599960.4525356,3187,36.550000000000004,13.89,-1591.56,-0.8884255999607621,0.3470415528422318,-0.3004365389482647,-0.4532976816290728,-0.7663496975079951,0.45522450830234523,-0.07225763049026433,0.540620293487265,0.8381578211206262,0.4476
1,1787599960.5313253,3190,36.54,13.76,-1591.45,-0.8883903935845878,0.346820710967155,-0.30079545048231354,-0.4532374982153434,-0.766859222042277,0.4544256856519115,-0.07306352577119038,0.540039191182409,0.8384625174621295,0.44110000000000005
1,1787599960.5871742,3193,36.39,13.82,-1591.47,-0.888422213341727,0.34691929407258015,-0.3005877147209605,-0.453197476893339,-0.7669485614312913,0.45431481492020953,-0.072924740510326,0.5398489673220237,0.8385970872253529,0.4439
1,1787599960.6470141,3199,36.44,13.68,-1591.41,-0.8882198467858725,0.34733507022885113,-0.3007055915090383,-0.45355110353907924,-0.7672210820223315,0.4535010559844009,-0.07319084815852954,0.5391939913329917,0.8389951963248854,0.4425
1,1787599960.7068527,3202,36.56,13.52,-1591.32,-0.8882257840107078,0.347296619501252,-0.3007324636642449,-0.45354701503995154,-0.7671272157267869,0.45366390647660965,-0.07314411642035058,0.5393522902280758,0.8388975177331349,0.4466
1,1787599960.7517326,3205,36.59,13.370000000000001,-1591.31,-0.8884229060889208,0.34739779202619714,-0.3000325216236391,-0.45321773040994245,-0.7675139985206241,0.4533386713230451,-0.07279030689986912,0.5387365183187477,0.8393238558811588,0.4565
1,1787599960.8115714,3208,36.57,13.39,-1591.39,-0.8879377437821687,0.3472838538321754,-0.3015965650243784,-0.4539466144535139,-0.7673563162936208,0.4528760924032949,-0.07415547446564383,0.5390345153250923,0.8390129658682386,0.43720000000000003
1,1787599960.8714142,3211,36.71,13.47,-1591.45,-0.8881308502231074,0.34818438580936734,-0.29998537691116484,-0.45384793351712965,-0.767300093164937,0.4530702156082541,-0.07242683290197789,0.5385333791954149,0.8394856481013576,0.43670000000000003
1,1787599960.9162908,3214,36.910000000000004,13.48,-1591.47,-0.8867305767333414,0.35484564269771285,-0.29629960199872474,-0.4568071166095358,-0.7709676033008884,0.443774957467595,-0.07096578401622503,0.5288605908166452,0.8457365623999187,0.4353
1,1787599960.9761298,3217,36.82,13.47,-1591.4,-0.8831228596125912,0.36695484899084835,-0.2922980561546434,-0.4640870224331705,-0.7745354237804529,0.42978845135525445,-0.06868224252886143,0.5152077407331315,0.8543089215558206,0.4388
1,1787599961.0359697,3220,37.01,13.17,-1591.3400000000001,-0.8772547314918745,0.38252015093723635,-0.2900042589378181,-0.47519303750685904,-0.7775314124170143,0.4118694936625045,-0.0679390401766469,0.4991224667671821,0.8638640228578334,0.44320000000000004
1,1787599961.0958085,3226,36.94,12.790000000000001,-1590.5900000000001,-0.8613317065001995,0.4167349309369765,-0.29058507999277505,-0.5030137936002539,-0.779815215660248,0.3726464180327539,-0.07130788753942492,0.46714047861613767,0.8813029889958108,0.8507
1,1787599961.156157,3229,36.77,12.51,-1590.47,-0.850647831917289,0.4349324738836044,-0.2953506546732259,-0.5201020451191903,-0.7782089358052408,0.35197260531994556,-0.07676020269157086,0.4530172131325279,0.8881910131770004,0.7958000000000001
1,1787599961.2010372,3232,36.65,12.31,-1590.39,-0.8388353275223791,0.45369138041574053,-0.3008644622365404,-0.5379978386318822,-0.7752972256208382,0.33086634396996945,-0.08314817453105061,0.43940680841458385,0.8944316842504311,0.7422000000000001
1,1787599961.260875,3235,36.44,11.97,-1590.07,-0.8248351510067995,0.473622495848077,-0.3087534697622498,-0.5579506416309141,-0.7701072685498892,0.3092343390218493,-0.09131295180444841,0.4273365492831932,0.8994695205950513,0.8091
1,1787599961.3207145,3238,36.34,11.790000000000001,-1590.31,-0.8097167728144787,0.4939463393231562,-0.3168213403357785,-0.577926955783563,-0.7648762205598216,0.284543144357524,-0.10178006485382787,0.4134989493231833,0.9047980091197008,0.4581
1,1787599961.365388,3241,36.050000000000004,11.58,-1589.9,-0.7941928880979559,0.5116606507009098,-0.3278124997905803,-0.5967636321034554,-0.758449268630594,0.2619692239794757,-0.11458980710918147,0.4036806726089801,0.9076954834462062,0.8486
1,1787599961.425227,3244,35.88,11.31,-1589.8500000000001,-0.781121572623895,0.5263861643340365,-0.33580752638866457,-0.6116945300494996,-0.7530085002777754,0.24250360908023086,-0.12521537720701445,0.3948364275331193,0.9101787213530037,0.7264
1,1787599961.485067,3247,35.81,11.14,-1589.76,-0.7724589194208962,0.5382258895105447,-0.3370758218378827,-0.6215209917782079,-0.7497402292983742,0.22715907499075164,-0.13045640875838233,0.38497075269714176,0.913662216019499,0.7078
1,1787599961.544684,3253,35.980000000000004,10.8,-1589.4,-0.7671566049658185,0.5488569384300358,-0.3320042237600706,-0.6279541067145503,-0.748236336138172,0.21404678260337318,-0.13093656218814614,0.3726908188025732,0.918671415829739,1.149
1,1787599961.6045234,3256,35.88,10.69,-1589.49,-0.7675942371999186,0.5512610876978968,-0.3269714057950739,-0.6277759580668187,-0.749489638333772,0.21014906258082502,-0.12921467985783594,0.3665739969234634,0.9213723847005584,0.869
1,1787599961.6493025,3259,35.94,10.39,-1589.56,-0.7677546900883393,0.5560742029440037,-0.318330357753622,-0.6281518509732605,-0.7512170807742881,0.20272678577786238,-0.12640406625668604,0.3556042440314058,0.926049476896687,0.5914
1,1787599961.709142,3262,36.13,10.49,-1589.83,-0.7652802273358347,0.5662543454571782,-0.3061081343245808,-0.6320667278034217,-0.7510364322245701,0.19088197682144795,-0.1218106122334513,0.3395589694327793,0.9326638628279004,0.5529000000000001
1,1787599961.7694879,3265,36.44,10.43,-1590.0,-0.7566998779717323,0.5760385329683854,-0.3091680824619446,-0.6403902464198891,-0.7482591743984073,0.17322973249095394,-0.13155085316271845,0.32907114194994996,0.9350970840334799,0.46490000000000004
1,1787599961.829327,3268,36.36,10.32,-1590.02,-0.7496390744150311,0.5867086049064195,-0.3062911540331159,-0.6480713052492991,-0.7446306537015301,0.15977726021089897,-0.13433108881656872,0.3182737854376235,0.9384332454045735,0.5149
1,1787599961.8891666,3271,36.32,10.040000000000001,-1589.96,-0.7419430438836788,0.5940586549841568,-0.3108292683629329,-0.6555047220209103,-0.740108424235077,0.15017682838760626,-0.1408335153325042,0.31517270632890465,0.9385265505804316,0.5739000000000001
1,1787599961.9340868,3274,35.97,9.84,-1589.82,-0.7347802219772642,0.5987123160741937,-0.3188127788720477,-0.6615629542642791,-0.7363348033415669,0.14193489681207905,-0.14977477403141615,0.31520567883369577,0.937130138825354,0.5608000000000001
1,1787599961.9939075,3280,35.72,9.69,-1589.55,-0.7203532366187744,0.6103415358638122,-0.3295063339182711,-0.6741421556713697,-0.7278432880565686,0.12560454600754697,-0.163167301992817,0.3126137515056016,0.935761226985805,0.49920000000000003
1,1787599962.0537248,3283,35.75,9.55,-1589.44,-0.7128576679834209,0.6183738891527221,-0.33082877506555564,-0.6806053092245486,-0.7237762484291486,0.11368533443318155,-0.1691459672962841,0.30620528314182416,0.9368180006401668,0.5908
1,1787599962.0986044,3286,35.72,9.28,-1589.26,-0.7045675865356088,0.6264081530445853,-0.3334626542847923,-0.6874080910977427,-0.7191430165376068,0.1015058523364491,-0.1762232456197112,0.3007426600342274,0.93728289226828,0.654
1,1787599962.1584435,3289,35.76,9.120000000000001,-1589.23,-0.6979852469121898,0.6334595025471036,-0.3339845112062916,-0.6925960851788031,-0.7156873198719853,0.09001290446069912,-0.18200895002149142,0.29414404431711805,0.9382707622562068,0.7673
1,1787599962.2182832,3292,35.7,8.97,-1589.2,-0.6926705975534349,0.6392930340431627,-0.33393391548157403,-0.6966007242429447,-0.7129874999464945,0.07997659597815182,-0.18696222685123454,0.28801604390022284,0.9391974681540045,0.7379
1,1787599962.2781448,3295,35.46,8.98,-1589.19,-0.6893758736592307,0.6441159220233211,-0.33147486150931466,-0.6994726272462032,-0.710887817718794,0.07332499132154581,-0.18841164653456663,0.2824060721993379,0.9406103666423605,0.5343
1,1787599962.3379622,3298,35.27,8.83,-1588.83,-0.6880770007112579,0.6450835061223296,-0.33229100382213494,-0.7002295709171356,-0.7103912110489188,0.07087224617334215,-0.19033809157760295,0.28144554960662094,0.9405104005279386,0.6312
1,1787599962.3828607,3301,35.18,8.97,-1588.99,-0.6882157028376338,0.6452376378845138,-0.33170399006480844,-0.7002166984372017,-0.7103993495496171,0.070917835480122,-0.18988344213597608,0.2810714407703024,0.9407141561526007,0.5364
1,1787599962.4427028,3307,35.15,9.02,-1588.9,-0.6877601176194629,0.6450622906021533,-0.33298748002765166,-0.700234321148999,-0.7104785750118333,0.0699434767090923,-0.19146257100818184,0.28127359579643807,0.940333583474864,0.5962000000000001
1,1787599962.5025203,3310,35.09,9.06,-1588.98,-0.6879173346229498,0.6450933378706899,-0.3326023544115532,-0.7002672311916045,-0.7103878322611875,0.07053320278063996,-0.19077616634291722,0.28143154267086495,0.9404258296885495,0.5304
1,1787599962.5623593,3313,35.09,8.99,-1588.96,-0.688493281748213,0.6451334184452947,-0.33133045950027606,-0.7000325638314956,-0.7105616760358735,0.07110917046762229,-0.18955582439766588,0.2809002971770922,0.9408313411460859,0.5353
1,1787599962.6221986,3316,35.1,9.03,-1588.96,-0.6885803484620505,0.645249423920159,-0.33092338183117886,-0.6999338565737706,-0.7107050145197522,0.0706468595073225,-0.1896040614903852,0.28027051801283304,0.9410094242881781,0.5707
1,1787599962.6820388,3319,35.07,8.99,-1588.94,-0.6882375448257125,0.6450679986105918,-0.331988492362011,-0.7000689092756819,-0.7105747606527187,0.07061891948259262,-0.19034863844491431,0.2810174135028953,0.9406362788827093,0.5326000000000001
1,1787599962.7418773,3325,35.07,9.02,-1588.94,-0.6884211799829498,0.6452594683478027,-0.33123480713595593,-0.6999715924110909,-0.7107014634059104,0.07030789237474579,-0.19004222890811542,0.2802563976436724,0.9409252376312516,0.5275000000000001
1,1787599962.802222,3328,35.12,9.01,-1589.02,-0.6881674959925611,0.6451999498713828,-0.33187726970266185,-0.7002159671247488,-0.710407619069718,0.07084217777035873,-0.19006077144661165,0.28113704745845813,0.9406587392372748,0.5354
1,1787599962.862127,3331,35.07,9.040000000000001,-1589.02,-0.6884940621613579,0.6450865148539522,-0.33142014833460837,-0.6997541170783371,-0.7109623084260658,0.06983388596803232,-0.19057833560105605,0.2799928291064991,0.9408952724126475,0.5583
1,1787599962.9219666,3334,35.13,8.98,-1588.97,-0.6886986520511135,0.6451549965093951,-0.3308612959261649,-0.6997875352818509,-0.710863756681941,0.07049911276172308,-0.18971444891502412,0.2800852547261282,0.9410423359009246,0.5293
1,1787599962.9818065,3337,35.07,9.03,-1588.98,-0.6884331465044176,0.6451776374271101,-0.33136930901638967,-0.7000017582784058,-0.7106357620665658,0.07067073000338875,-0.18988770681949782,0.2806111719729702,0.9408506942989352,0.5224
1,1787599963.0416453,3343,35.08,9.03,-1588.97,-0.6878629556487932,0.645096674763502,-0.33270833241020353,-0.700251244989856,-0.7104290641322923,0.07027616044059129,-0.19103075180782475,0.28131979142105784,0.9404075854748033,0.5223
1,1787599963.1014848,3346,35.11,8.99,-1589.01,-0.6877116540799194,0.6450245446745904,-0.33316064835151016,-0.7002334372767103,-0.7104868885351131,0.06986783622910649,-0.19163980317852716,0.2813391511806191,0.9402778673619114,0.5185000000000001
1,1787599963.1613238,3349,35.08,9.0,-1588.98,-0.6879199889514684,0.6450524270217397,-0.332676201725303,-0.7001969194718266,-0.7104819741829581,0.07028256059116444,-0.1910245082788482,0.2812876299349999,0.9404184741286056,0.5249
1,1787599963.221164,3352,35.11,9.02,-1588.98,-0.6891393042198906,0.6454107290819038,-0.32944196782633883,-0.6997387576225782,-0.7108509079301079,0.07111018053522296,-0.18828884847525032,0.27952813361253415,0.9414942018190858,0.5446
1,1787599963.281525,3355,35.1,9.01,-1589.0,-0.6876663523116449,0.6449406187080963,-0.3334165356409529,-0.7000381036895463,-0.7107690608843347,0.06894922387050367,-0.1925140028183427,0.28081834062257893,0.9402549751470823,0.5242
1,1787599963.3413637,3361,35.11,8.99,-1589.0900000000001,-0.6887706690752449,0.6450290924478206,-0.33095684812008364,-0.6998483244133586,-0.7107239803251878,0.07130039695917556,-0.18922813807003816,0.28072921772886894,0.9409483610038777,0.5276000000000001
1,1787599963.4012027,3364,35.08,9.03,-1589.08,-0.687690722803153,0.6448217809349605,-0.33359607402117747,-0.7003790935630313,-0.7102360703275242,0.07094962794506275,-0.19118209924128277,0.2824351168632931,0.9400424510053332,0.5334
1,1787599963.4610422,3367,35.11,8.99,-1589.06,-0.6882375448257125,0.6450679986105918,-0.331988492362011,-0.7000689092756819,-0.7105747606527187,0.07061891948259262,-0.19034863844491431,0.2810174135028953,0.9406362788827093,0.5159
1,1787599963.5208817,3370,35.09,9.02,-1589.02,-0.6882495562897919,0.6449859743775552,-0.3321229307397193,-0.7000991085907952,-0.710508856285622,0.07098171095480443,-0.19019407566293633,0.28137209882277425,0.9405615107938388,0.5117
1,1787599963.5807226,3373,35.11,9.0,-1589.1000000000001,-0.6891691962515639,0.6452070539270277,-0.3297782232058069,-0.6998130846430399,-0.7106863943385783,0.07201732752903435,-0.18790280865481168,0.2804152393591269,0.9413075098153616,0.5125000000000001
1,1787599963.6405604,3379,35.11,9.01,-1589.01,-0.6888500300194333,0.645179457864364,-0.3304982651876875,-0.6995264189466746,-0.7112061593430585,0.06963180385525916,-0.19012739239222515,0.279158138090834,0.9412344599512874,0.5037
1,1787599963.7003999,3382,35.09,9.01,-1589.01,-0.6888487879935818,0.6452268150990139,-0.33040839026416424,-0.699804716846028,-0.7108062353060285,0.07090736301768234,-0.1891050119902268,0.2800658010669168,0.9411707823306683,0.5132
1,1787599963.760239,3385,35.1,9.03,-1589.02,-0.6891871341479929,0.6454481888003901,-0.3292684766253402,-0.6997393873636618,-0.7108427203399842,0.07118579009590364,-0.18811136036083365,0.27946245278023824,0.9415491774672472,0.5445
1,1787599963.8200872,3388,35.09,9.01,-1588.99,-0.6891890009199966,0.6454002755199748,-0.3293584754786752,-0.699461886831862,-0.7112423405317954,0.06990995568919263,-0.1891337883100427,0.2785548732181756,0.9416132925601135,0.5506
1,1787599963.8649578,3391,35.09,9.01,-1589.06,-0.6894468569133692,0.6454722462051182,-0.3286770616748231,-0.699717008105775,-0.7107971877289844,0.07185726465758267,-0.18724086108480462,0.27952269549266695,0.9417047959125698,0.5296000000000001
1,1787599963.9247973,3394,35.1,9.0,-1589.03,-0.689830623643544,0.6457300740231572,-0.32736276847804036,-0.6996513642775734,-0.7108259379952768,0.07221117875831452,-0.18606901716322782,0.2788532900562278,0.9421354273546494,0.5402
1,1787599963.984637,3397,35.11,9.0,-1588.98,-0.6899613109818474,0.645561837833671,-0.3274191547252901,-0.6997396243419528,-0.7106119887052205,0.0734510696599743,-0.1852507691589787,0.27978655264544905,0.9420199772217053,0.5901000000000001
1,1787599964.0295165,3400,35.1,9.01,-1589.01,-0.6898959582432814,0.6456459579932532,-0.3273909951824556,-0.6996956256056934,-0.7107191112595723,0.07283114991994097,-0.18565989956865128,0.2793199631558366,0.9420778948021126,0.5700000000000001
1,1787599964.0893555,3406,35.1,9.01,-1589.03,-0.6891214408703168,0.6455327980133984,-0.329240104516159,-0.6996939865799324,-0.7109492205448954,0.07056579164500881,-0.18852046275325016,0.27899572128546796,0.9416057681576201,0.5122
1,1787599964.149195,3409,35.09,8.99,-1589.05,-0.6895421574950164,0.6455471032338824,-0.32832994158842876,-0.6997180323146104,-0.7107808739893063,0.07200850244775028,-0.18688576267572618,0.2793912788140332,0.9418143261979885,0.5353
1,1787599964.2090344,3412,35.1,9.01,-1589.01,-0.6896162404261751,0.6457353956016713,-0.3278036604548842,-0.6993835627906625,-0.7112949754399129,0.07015760836981982,-0.18786184561721767,0.2776423180660446,0.9421372883928361,0.5556
1,1787599964.269379,3415,35.09,9.01,-1589.01,-0.6888862577022472,0.6452984438784793,-0.33019031220949885,-0.6994969945960722,-0.711263179829598,0.06934438383713391,-0.1901043884292414,0.2787375241095145,0.9413637523047305,0.54
1,1787599964.3147633,3418,35.11,9.01,-1589.1000000000001,-0.6882223015613999,0.6451499923997271,-0.33186074028146445,-0.6999531642382081,-0.7107673137127852,0.06982401900801256,-0.19082880156425505,0.2803414223124065,0.9407406951064714,0.5085000000000001
1,1787599964.3746035,3421,35.1,9.0,-1589.0900000000001,-0.6880109964893439,0.6451225079516039,-0.33235194966175996,-0.6999037457166845,-0.7108986349892572,0.06897736949294246,-0.19176969375137193,0.2800715631845617,0.9406297380233422,0.5093
1,1787599964.4344425,3424,35.12,8.99,-1588.96,-0.6878934344624754,0.6447936647261504,-0.3332322804778086,-0.6996430795004834,-0.7112454063595122,0.06804067342092378,-0.19313773357503333,0.27994839142512173,0.9403864705577097,0.5431
1,1787599964.4793212,3427,35.1,9.01,-1589.08,-0.6884511413003034,0.6450548060629419,-0.3315709927261583,-0.7000468977174412,-0.7105369629130994,0.07121492350915577,-0.1896559174887402,0.28114324019853154,0.9407385988956628,0.5225000000000001
1,1787599964.5391617,3433,35.11,9.02,-1588.99,-0.6884391387685941,0.6451367049670279,-0.3314365461379333,-0.7000168193397382,-0.7106028619641279,0.07085213624067244,-0.1898104445309387,0.28078854049386803,0.9408133665474204,0.5341
1,1787599964.598839,3436,35.1,9.02,-1588.99,-0.6880562694010514,0.6448350038239681,-0.33281584695030775,-0.7000960809929777,-0.710541999988979,0.0706791597993037,-0.19090324124063882,0.28163430915817883,0.9403393368294307,0.5406000000000001
1,1787599964.6586773,3439,35.1,9.01,-1588.99,-0.688098626610935,0.6449138346528613,-0.33257544396645844,-0.7000817077126982,-0.710566672396418,0.07057341288016275,-0.1908032562149223,0.28139145323343345,0.9404323300827971,0.5262
1,1787599964.7185168,3442,35.11,9.01,-1588.88,-0.688336760980417,0.645102363065284,-0.33171590955300134,-0.7000002420245074,-0.7106522806499387,0.07051948080262609,-0.19024238394379817,0.2807423679721809,0.9407398993222055,0.6545000000000001
1,1787599964.7639012,3445,35.11,9.01,-1589.05,-0.6887586913577912,0.6451108441751681,-0.33082240523686507,-0.6998183305382067,-0.7107898178489733,0.07093757174403532,-0.1893826003671394,0.2803744524200183,0.9410230587548613,0.5301
1,1787599964.8237412,3448,35.09,9.01,-1589.03,-0.688191571741844,0.6450358848982999,-0.33214615424080657,-0.7002761561519876,-0.7102755630958252,0.07156765745716119,-0.18975158947552329,0.2818462908437429,0.9405089061934164,0.5396000000000001
1,1787599964.8840854,3451,35.12,9.01,-1588.92,-0.6883481594489331,0.6450671421553149,-0.331760747369005,-0.7003079625982651,-0.7101845308240287,0.07215739532245578,-0.1890649859300581,0.2820041033209071,0.9405998707236983,0.672
1,1787599964.9289646,3454,35.09,9.02,-1589.0,-0.6885173317785027,0.6449696024866091,-0.33159929992217546,-0.7000925255850459,-0.7104296112754346,0.07183469247506347,-0.18924676869252788,0.28160962215680896,0.9406814983022342,0.5533
1,1787599964.988804,3460,35.1,9.03,-1588.99,-0.689244077677153,0.6450819002560162,-0.32986655385027686,-0.6999569636959813,-0.7104185753918139,0.07325091611555502,-0.1870904870924045,0.281380151574969,0.9411813639990829,0.6086
1,1787599965.0486438,3463,35.1,9.02,-1589.0,-0.689546434212443,0.6451919160802779,-0.32901839840587144,-0.7001234230035687,-0.7100887269969925,0.07484111405876395,-0.18534537390145805,0.281959910654778,0.9413531224555844,0.5813
1,1787599965.1084836,3466,35.11,8.94,-1588.79,-0.6887817054337685,0.6449944547463999,-0.3310013830879616,-0.700154751030665,-0.7102558037637315,0.07293845233567244,-0.18805075609775365,0.28199086255822164,0.9408071356897402,0.7036
1,1787599965.1683223,3469,35.09,8.92,-1588.95,-0.6887174355631622,0.6450856154348795,-0.33095746359661427,-0.7003159563665399,-0.7100551808583685,0.073343039169429,-0.18768552211004527,0.28228742248848493,0.9407911329806885,0.5725
1,1787599965.2132025,3472,35.09,9.05,-1589.0,-0.6890642894557181,0.6452680980213635,-0.3298779875541538,-0.700347720372476,-0.70993107255562,0.07423572448022256,-0.18628868877621874,0.2821824833258066,0.9411001915514193,0.6193000000000001
1,1787599965.2730412,3475,35.1,8.99,-1588.98,-0.6890575097758467,0.6449377866479593,-0.33053744050430983,-0.7002448783690952,-0.710014799079248,0.07440494208253862,-0.1866999157454544,0.2827264339287827,0.9408554113244785,0.5677
1,1787599965.3328805,3478,35.03,9.02,-1588.92,-0.6887817054337685,0.6449944547463999,-0.3310013830879616,-0.700154751030665,-0.7102558037637315,0.07293845233567244,-0.18805075609775365,0.28199086255822164,0.9408071356897402,0.5757
1,1787599965.3777602,3481,35.06,8.950000000000001,-1588.91,-0.68846642980111,0.6449728783886259,-0.3316985999066081,-0.7001618229555743,-0.7103435810869441,0.07200984991029646,-0.18917557113020864,0.28181906066067797,0.9406330954925477,0.5586
1,1787599965.4375994,3487,35.14,8.93,-1588.92,-0.6881674959925611,0.6451999498713828,-0.33187726970266185,-0.7002159671247488,-0.710407619069718,0.07084217777035873,-0.19006077144661165,0.28113704745845813,0.9406587392372748,0.534
1,1787599965.497439,3490,35.07,8.92,-1588.83,-0.6882223015613999,0.6451499923997271,-0.33186074028146445,-0.6999531642382081,-0.7107673137127852,0.06982401900801256,-0.19082880156425505,0.2803414223124065,0.9407406951064714,0.5451
1,1787599965.5572782,3493,35.2,8.950000000000001,-1588.8400000000001,-0.6883969612944751,0.6450580931556478,-0.3316770720669918,-0.7000311538452806,-0.7105781871058284,0.07095790058506046,-0.18991052452820512,0.2810314866056716,0.9407206260147738,0.6368
1,1787599965.6171176,3496,35.1,8.93,-1588.92,-0.6886445660640057,0.6451583041122142,-0.33096740665142366,-0.6997716911189407,-0.7109047969828399,0.07024208094386847,-0.18996905521440827,0.27997344920874,0.9410242429391,0.5312
1,1787599965.6619995,3499,35.14,8.950000000000001,-1588.98,-0.6885143257278052,0.6453344559307282,-0.33089494292928756,-0.6998878649372441,-0.7108116477973749,0.07002697958048969,-0.19001315686333767,0.279803933753926,0.9410657569344754,0.5305
1,1787599965.7218366,3502,35.02,8.85,-1588.82,-0.6881289698819215,0.6450746585830156,-0.332200550365666,-0.700037009046877,-0.710657088170681,0.07010484289599088,-0.1908578182154146,0.28079385300745935,0.940599864628566,0.5258
1,1787599965.782183,3505,35.11,8.66,-1588.58,-0.6878111703299503,0.6450591428257877,-0.332888113675157,-0.7001647508074287,-0.710564334267274,0.06976853584587597,-0.1915335889501256,0.28106410145048033,0.9403817603397668,0.6645
1,1787599965.8270633,3508,35.15,8.83,-1588.77,-0.6882342621111344,0.6450680392575653,-0.33199521861729064,-0.6999835159563952,-0.7107016845236472,0.07018684352906382,-0.19067427158813427,0.280696170874578,0.9406662435798809,0.6426000000000001
1,1787599965.8874085,3514,35.27,9.02,-1588.99,-0.6886075020622541,0.6450859643763068,-0.33118545660743126,-0.700078793618907,-0.7104461823940558,0.07180462831049067,-0.18896928541082667,0.28130112066325297,0.9408295747290896,0.603
1,1787599965.9472482,3517,35.19,8.9,-1588.75,-0.6886075020622541,0.6450859643763068,-0.33118545660743126,-0.700078793618907,-0.7104461823940558,0.07180462831049067,-0.18896928541082667,0.28130112066325297,0.9408295747290896,0.6541
1,1787599966.007097,3520,35.24,8.83,-1588.8,-0.6883969612944751,0.6450580931556478,-0.3316770720669918,-0.7000311538452806,-0.7105781871058284,0.07095790058506046,-0.18991052452820512,0.2810314866056716,0.9407206260147738,0.6467
1,1787599966.0673783,3523,35.21,8.950000000000001,-1588.93,-0.688862404213593,0.6451514426442027,-0.33052716093412476,-0.7000416044571592,-0.7104331181799598,0.0722947897302815,-0.18817635369544924,0.28118392672271225,0.9410235168489052,0.5936
1,1787599966.1122577,3526,35.21,8.88,-1588.94,-0.6889147304669905,0.6451419074505259,-0.33043670104377143,-0.699850234823611,-0.7106993034956123,0.0715272593364792,-0.18869590075815162,0.2805323854066559,0.9411139345345607,0.5344
1,1787599966.1720994,3529,35.230000000000004,8.93,-1589.03,-0.689291741307189,0.6454412266178562,-0.3290630917434233,-0.6996856742540566,-0.710887397946339,0.07126755702793248,-0.1879277856234929,0.2793648697011146,0.9416147922412486,0.5323
1,1787599966.2319381,3532,35.26,8.83,-1588.9,-0.6892576483424203,0.645316097810558,-0.3293797627481542,-0.6995925101897459,-0.7110096169595782,0.0709622736205926,-0.18839908144119602,0.2793429048634452,0.941527125267544,0.6622
1,1787599966.2768157,3535,35.24,8.88,-1589.04,-0.6895234682710826,0.6452994652203712,-0.3288555714743485,-0.6995851328988841,-0.7109312359852721,0.07181517616286891,-0.18745140311629552,0.2795807180167408,0.9416456836745845,0.544
1,1787599966.3366551,3541,35.37,8.94,-1588.99,-0.6892479745675347,0.6454110931064225,-0.32921383696576906,-0.6999758907387925,-0.7104617242051132,0.07264909375850363,-0.18700529922701456,0.28051498950086534,0.9414565092059985,0.6124
1,1787599966.3964946,3544,35.32,9.450000000000001,-1588.97,-0.6888836253104125,0.6450290183768533,-0.330721810939309,-0.7001704105202143,-0.7102061190059954,0.07327117276525813,-0.18761862117374592,0.28203693725864126,0.9408795985728607,0.6038
1,1787599966.456334,3547,35.410000000000004,10.05,-1588.99,-0.6891378712139221,0.6450947479381987,-0.3300632676340942,-0.7001322681515277,-0.7101929863706808,0.07376129881510313,-0.18682559126559958,0.2819196486455773,0.9410725318251582,0.6267
1,1787599966.5162072,3550,35.44,10.44,-1588.69,-0.6888039812074775,0.6449250288915921,-0.33109029369932935,-0.70076152257465,-0.7093128457066457,0.07621401048625115,-0.1856942754949308,0.28451185216914837,0.940516157236915,0.7145
1,1787599966.5610526,3553,35.44,10.63,-1588.3600000000001,-0.6889179131501892,0.6448779797612488,-0.33094485969695714,-0.7008048164581604,-0.7091950122061899,0.0769093225227373,-0.1851073152790901,0.2849119616318568,0.9405107420701024,0.7737
1,1787599966.6209142,3556,35.53,10.6,-1587.98,-0.6887799366043142,0.6447699419450651,-0.3314421833374778,-0.7010905281358187,-0.7087781966945755,0.07813795011787998,-0.18453799145323851,0.2861908276911456,0.9402343005101768,0.7037
1,1787599966.680732,3559,35.550000000000004,10.16,-1587.21,-0.689106927676791,0.6450361358486261,-0.3302423741395502,-0.7009240296500635,-0.708979586852896,0.07780392075605146,-0.18394876158042162,0.2850900364365086,0.9406840724906844,0.7128
1,1787599966.7256112,3562,35.64,9.22,-1586.25,-0.6892726994138694,0.6449798428796778,-0.3300062849729138,-0.7007785605211687,-0.7091312135118517,0.07773243298062543,-0.18388190491888143,0.2848401732588205,0.940772831634337,0.6439
1,1787599966.7854505,3568,35.75,5.25,-1583.0900000000001,-0.6895153147544713,0.6453883843267342,-0.32869813521705604,-0.6998458681572344,-0.7105631190116221,0.0729096339568535,-0.18650574131186803,0.28031034100903773,0.9416165467859556,0.5985
1,1787599966.8452895,3571,35.92,2.73,-1581.32,-0.6898390240849274,0.645633212278963,-0.32753606832210425,-0.6991836336182227,-0.7114980501833716,0.07009116253622041,-0.18778809155527793,0.27735947755143964,0.9422352959226367,0.5955
1,1787599966.9051292,3574,36.11,0.88,-1579.92,-0.6895554204446239,0.6457153060285938,-0.32797113546139584,-0.6985692275113612,-0.7124959176997059,0.06595909062012519,-0.19108730075443986,0.2745929912099968,0.942382264619156,0.5326000000000001
1,1787599966.9649756,3577,36.52,0.38,-1579.25,-0.6897843158898568,0.6455722201724865,-0.3277714235468506,-0.6983846151822845,-0.7126662079939056,0.06607424051988701,-0.19093592335926404,0.27448749429646896,0.9424436792964295,0.511
1,1787599967.009849,3580,37.14,1.17,-1579.26,-0.6894912905517956,0.6454395837133544,-0.3286479941048651,-0.6987296899509916,-0.7122274049940551,0.06714867054845938,-0.19073169803210677,0.27593453453920225,0.9420623928458365,0.49400000000000005
1,1787599967.0696874,3583,38.01,2.45,-1579.27,-0.6898417333213791,0.645584477725561,-0.32762641085231514,-0.6989057007936761,-0.7118955903656787,0.06881489530619378,-0.18880996892710897,0.2764513529316081,0.9422979598280088,0.5412
1,1787599967.1295266,3586,39.01,3.4,-1578.93,-0.6896475339800542,0.6454770989751499,-0.328246239237945,-0.6989724495993824,-0.7118349974431009,0.06876373401888033,-0.18927174531944438,0.2768578175053126,0.9420859596182962,0.49860000000000004
1,1787599967.1893668,3592,41.58,3.73,-1576.7,-0.6894105588873838,0.6455973399021666,-0.3285074671995013,-0.6983539184834676,-0.7128217147262341,0.06470709044252816,-0.19239253060701555,0.27402422835581075,0.9422822488196574,0.5049
1,1787599967.2492054,3595,43.050000000000004,3.27,-1575.1200000000001,-0.6890771213420114,0.6456520002850716,-0.3290990965817025,-0.6979336445932228,-0.7135147344058138,0.0615252105288729,-0.1950931792447598,0.27208494687080165,0.9422889329173325,0.4917
1,1787599967.2940853,3598,44.75,2.4,-1573.68,-0.6892577133508095,0.6458239354613131,-0.32838277812893174,-0.6973171983815764,-0.7143526956774845,0.05872777042916481,-0.1966533229510319,0.2694655275978229,0.9427172428722964,0.496
1,1787599967.3539245,3601,46.480000000000004,1.27,-1572.43,-0.6894101021767076,0.6458377833495972,-0.328035468531652,-0.6968322792187485,-0.7149789837875848,0.056831570283398504,-0.19783449056093785,0.2677659618774416,0.9429543488442813,0.5459
1,1787599967.4142694,3604,48.31,-0.02,-1571.1100000000001,-0.6894504254209932,0.6459135453176189,-0.3278014686697357,-0.6967289701400755,-0.7151222539697174,0.05629301950349167,-0.19805770132555095,0.26720002592158376,0.9430680214561109,0.5058
1,1787599967.4591486,3607,50.230000000000004,-1.3,-1569.8700000000001,-0.6895711992225114,0.6461741666341035,-0.3270328845506964,-0.6963614722503377,-0.7156317720116341,0.05433108551124948,-0.19892777877453316,0.2651982527510508,0.943449853235253,0.51
1,1787599967.5189886,3610,52.09,-2.2600000000000002,-1568.82,-0.6895276629288034,0.6460906408032153,-0.32728960558262876,-0.6961551282968005,-0.7159017570450269,0.05341078173841245,-0.19979899750000626,0.26467254887187214,0.943413378361606,0.5151
1,1787599967.578827,3613,54.13,-2.95,-1567.96,-0.6889555756998907,0.6459759586818355,-0.32871762276628197,-0.6960970862403751,-0.7160805954372351,0.051743863074904556,-0.2019630194854785,0.2644686023771789,0.9430097014967395,0.5
1,1787599967.6386662,3619,58.35,-3.3000000000000003,-1567.32,-0.6882171149373132,0.6459271396972027,-0.3303563725886811,-0.6964964811393489,-0.7157018224026744,0.05160962284298577,-0.2031006018402348,0.26561067676597855,0.9424442232408523,0.48760000000000003
1,1787599967.6985056,3622,60.63,-3.1,-1567.38,-0.6876747979657319,0.6455688203726371,-0.3321810807458359,-0.6966289545634659,-0.7155832425831653,0.051465741984115236,-0.20447853654259773,0.2667986527268168,0.9418104942060016,0.4887
1,1787599967.7433877,3625,62.85,-2.73,-1567.45,-0.6871300407968124,0.645616360426042,-0.3332143787185694,-0.6967409615945416,-0.7155532728751055,0.05035420651781277,-0.20592313971694565,0.26676399462437955,0.9415055133673724,0.4893
1,1787599967.8032246,3628,65.28,-2.5500000000000003,-1567.56,-0.6851205502626139,0.6448053378437019,-0.3388744721812525,-0.6973548222295236,-0.7150258305632738,0.04933876306241951,-0.2104901031428374,0.27011874780468265,0.9395370022321355,0.4824
1,1787599967.8630638,3631,67.64,-2.5500000000000003,-1567.43,-0.6837766463617002,0.6446248264263966,-0.34191860295263937,-0.6977724019528239,-0.7147120014643108,0.04796279845740892,-0.21345531842363039,0.2713772063339462,0.9385047889696938,0.4913
1,1787599967.9229033,3634,70.26,-2.67,-1567.38,-0.6810881686858543,0.6437930776430235,-0.34878271123304444,-0.6980020313334576,-0.7147609624462964,0.043702755258805376,-0.22116073505601333,0.27321647048040165,0.9361841109139355,0.4857
1,1787599967.9832485,3640,75.79,-2.42,-1567.48,-0.6751464090442744,0.6417545518971856,-0.36376973688566216,-0.69900623927981,-0.7141327819505588,0.03747862312642138,-0.23572781720136077,0.2795808735639798,0.9307346191770691,0.5814
1,1787599968.043088,3643,78.87,-1.6600000000000001,-1567.0,-0.6989672942281807,0.641132516329421,-0.3168498352602391,-0.6899631516366459,-0.7211040380067844,0.06292706694211195,-0.1881371068741166,0.2625986726459502,0.9463859498859978,0.3451
1,1787599968.1034336,3646,81.99,-0.96,-1567.14,-0.6999075845247059,0.6413543375141572,-0.3143151076174484,-0.689683575633298,-0.7212755065786707,0.06401725635600794,-0.18565004343242306,0.26158413056119906,0.9471577503309999,0.33440000000000003
1,1787599968.1632726,3649,85.09,-0.33,-1568.19,-0.6730641254105988,0.6396748380017762,-0.3712152808178392,-0.6992520428004426,-0.7138811825849102,0.03768604238412463,-0.24089679060683558,0.28493816658807164,0.9277817510043809,0.661
1,1787599968.2081523,3652,88.39,0.8,-1568.64,-0.6694994826001199,0.6372905124566124,-0.3816166211408513,-0.6994140228579272,-0.7138641344900043,0.03490017361744876,-0.250180869428225,0.29027366436110863,0.9236615897343095,0.7574000000000001
1,1787599968.2679918,3655,91.8,2.48,-1567.98,-0.7058515641513925,0.6411308668298846,-0.3012055460694467,-0.6879017785488116,-0.7218641177357439,0.07552045150141909,-0.169010983236045,0.2605060596676344,0.9505639801833584,0.3583
1,1787599968.3278315,3658,95.24,4.16,-1568.29,-0.7090125481068636,0.6410869352605072,-0.29378350543436327,-0.6867503824531228,-0.7223567599378931,0.0810840525166247,-0.1602345743823781,0.2592455454011109,0.9524267049816374,0.37260000000000004
1,1787599968.387671,3664,102.06,7.890000000000001,-1568.75,-0.7124516650472968,0.6412941002143645,-0.2848762924526765,-0.6859934840325035,-0.7219766530149052,0.09034739822674741,-0.14773477869574783,0.25979143467721133,0.954297042661285,0.3834
1,1787599968.44751,3667,105.26,9.49,-1569.69,-0.6814493232419291,0.6411948288702777,-0.35283992302903094,-0.700430258124674,-0.7111594604735962,0.06041254242544557,-0.21218923949276894,0.2883078445150584,0.933731392550642,0.7451
1,1787599968.4923894,3670,108.76,11.99,-1568.81,-0.7137034879854907,0.6408727888895659,-0.2826825068840562,-0.6860878864002486,-0.7209136367383499,0.0978107381606229,-0.14110543353175312,0.263752908658078,0.9542136342571402,0.38870000000000005
1,1787599968.5522294,3673,112.03,14.16,-1568.58,-0.7134188468244592,0.640812005039119,-0.2835375163772915,-0.6865790250239524,-0.7201546266140536,0.0999327582103673,-0.1401527430798896,0.26596482467446153,0.9537399648976996,0.3849
1,1787599968.6120684,3676,115.16,16.41,-1568.03,-0.7118290200823532,0.640544805929211,-0.28810032586879575,-0.6876216866961827,-0.7191418341623048,0.10005717536875029,-0.1430938927896423,0.2693276331065669,0.9523585269695025,0.38230000000000003
1,1787599968.6719074,3679,118.08,18.52,-1567.72,-0.6912092565966118,0.6449631081403622,-0.3259637291679596,-0.7000288686071325,-0.7095697107353565,0.08043885083441175,-0.17941389776652597,0.2837840988231479,0.9419539471456958,0.6052000000000001
1,1787599968.7317479,3682,120.74000000000001,21.71,-1566.99,-0.6915195542912604,0.6449961204219894,-0.3252394666601808,-0.7002898427701328,-0.7090376096351064,0.08282393516319381,-0.17718589714138913,0.2850362656988,0.9419976035482701,0.5966
1,1787599968.7766266,3685,123.19,26.04,-1566.69,-0.6926376038603551,0.6451634175930465,-0.3225171535255854,-0.700867325817153,-0.7076391287348611,0.08962061752342078,-0.17040581363468327,0.2881163446995447,0.9423114297282372,0.5939
1,1787599968.836506,3691,126.66,38.050000000000004,-1567.22,-0.6931734753313056,0.6450939162794799,-0.3215033005683198,-0.7024868214603041,-0.7044880836108636,0.10103863481308407,-0.1613158354648385,0.29588913334135186,0.941502428036585,0.5623
1,1787599968.8963048,3694,127.76,44.89,-1567.56,-0.6932209615553425,0.6448601177030696,-0.32186973616087217,-0.7035632932660354,-0.7023589470261976,0.1081230868080516,-0.15634382248409087,0.3014089217794224,0.9405898527215937,0.5546
1,1787599968.9411852,3697,128.41,51.58,-1567.6200000000001,-0.6931046583444255,0.6446867965023557,-0.3224668463529038,-0.7041561341023671,-0.7012205858541639,0.11159672387822363,-0.15417545650091788,0.3044152170800161,0.9399794169144665,0.5354
1,1787599969.0010238,3700,128.67000000000002,57.65,-1566.96,-0.6926133237305292,0.6445879986519935,-0.3237176173530976,-0.7043718745525877,-0.7010950827119172,0.11102228306265102,-0.15539319846834543,0.304913097440873,0.939617452412837,0.5067
1,1787599969.0608945,3703,128.51,62.86,-1565.25,-0.6909936283464705,0.6444305415427384,-0.32747073565665785,-0.7043518434016698,-0.702106462983511,0.1045705280346874,-0.1625308779317006,0.3029121849046628,0.9390569322224471,0.4756
1,1787599969.1211827,3706,128.51,67.2,-1562.76,-0.6905078144545869,0.6444702729438021,-0.3284159336403929,-0.7037528298824262,-0.70348944079812,0.09916935574069834,-0.1671254397440036,0.2996008577712847,0.9393127346166897,0.4808
1,1787599969.1810224,3709,128.3,70.92,-1559.6000000000001,-0.6905499038640449,0.644777708199436,-0.3277232632610038,-0.7030764355725085,-0.7047540331172127,0.09489614611605092,-0.16977737191986034,0.2959450283652447,0.9399958426343596,0.49450000000000005
1,1787599969.225904,3712,128.2,74.10000000000001,-1556.1100000000001,-0.6906657879773731,0.6449417246880592,-0.3271558360689686,-0.7020551951517604,-0.7064917972551414,0.08937473564505645,-0.173491418456412,0.2914095265559994,0.9407344022381611,0.5005000000000001
1,1787599969.285743,3718,127.84,80.17,-1548.91,-0.6904541819313889,0.6451497960420078,-0.3271922421458247,-0.7005622858176066,-0.7090661675148706,0.0802349909689247,-0.18023736111990332,0.28461713011118805,0.941545316436657,0.5127
1,1787599969.3455858,3721,127.68,83.09,-1545.3,-0.690467581677393,0.6453816431003705,-0.32670637184119716,-0.7002107568821231,-0.7096682929428648,0.07794748192292272,-0.18154727923914696,0.2825835252462998,0.9419061188145224,0.5123
1,1787599969.4054224,3724,127.58,86.05,-1541.8500000000001,-0.690104381717467,0.6453699214390552,-0.3274959646104056,-0.700411378361991,-0.7094879533480688,0.07778653556383947,-0.1821533513153369,0.28306272901199114,0.9416451816097587,0.5014000000000001
1,1787599969.465261,3727,127.44,89.16,-1538.58,-0.6899225927255962,0.645235052686786,-0.32814408852068544,-0.7009769072120118,-0.7086379258230434,0.0803969255674451,-0.1806604317560256,0.2854890836257932,0.9412001867446856,0.5048
1,1787599969.5256085,3730,127.3,91.85000000000001,-1535.08,-0.6895033826913679,0.6452728408991631,-0.3289499142044032,-0.7014317335541269,-0.7080899599323837,0.08125350334728598,-0.18049545263084407,0.286760473986354,0.9408452700304702,0.47790000000000005
1,1787599969.5859547,3736,127.0,94.13,-1526.3700000000001,-0.6893218908794453,0.6451278518765976,-0.3296139946778244,-0.7017948716691979,-0.7075462698583449,0.08283860276680353,-0.17977566257199626,0.2884238733923197,0.9404745506414147,0.47650000000000003
1,1787599969.6457932,3739,126.83,93.58,-1521.18,-0.6894538863798132,0.645283132286398,-0.32903345991316196,-0.7016980380701675,-0.707687362876228,0.08245277311144578,-0.1796474378449333,0.28772951814498415,0.9407117106020344,0.4776
1,1787599969.691818,3742,126.59,92.0,-1515.46,-0.6893681704856748,0.6451174423776647,-0.32953757154736435,-0.7014472295813866,-0.708079983060774,0.08120666044883007,-0.1809511249863656,0.2871345035497381,0.9406436451905759,0.47300000000000003
1,1787599969.7506592,3745,126.38000000000001,89.77,-1509.6000000000001,-0.6892598854168785,0.6451163022314083,-0.3297662307611041,-0.7012208235518962,-0.7084787907387959,0.07966906357234024,-0.1822365687020907,0.28615163754304734,0.9406949948623734,0.4753
1,1787599969.8110063,3748,126.13000000000001,87.44,-1503.82,-0.6894885108235744,0.64529150774503,-0.32894446867888755,-0.70065261765092,-0.7093208468840677,0.07713524197526372,-0.18355245250664257,0.2836596661631943,0.9411937584636766,0.4747
1,1787599969.8568842,3751,125.88000000000001,85.17,-1498.19,-0.6890469658825698,0.6450259736580207,-0.3303873062249022,-0.7004202827282348,-0.7097721077268778,0.07506652140498464,-0.18607983864708338,0.2831343292493295,0.9408555921338874,0.466
1,1787599969.9157252,3754,125.64,82.88,-1492.69,-0.6890106161089694,0.6452170636088927,-0.33008985400502106,-0.6998514386097056,-0.7106828788754057,0.07167851525590427,-0.188341006594591,0.28040111715412847,0.9412241384142531,0.4627
1,1787599969.9755642,3757,125.42,80.60000000000001,-1487.27,-0.6889534079289312,0.6451661649472896,-0.3303086758023748,-0.6992639498963683,-0.7115558871182156,0.06868877552219492,-0.19071740895482212,0.2782963153090891,0.9413702942025222,0.45530000000000004
1,1787599970.0354047,3763,125.01,76.27,-1476.97,-0.6885604453545827,0.6451660005095952,-0.3311273846717476,-0.6981219698159143,-0.7132959214857454,0.06192449961161298,-0.1962402312306168,0.2738060630779644,0.9415519165018463,0.4539
1,1787599970.095244,3766,124.79,74.29,-1472.15,-0.6885476851165998,0.6451946622725561,-0.33109807171829636,-0.6975846940541924,-0.7140475664770528,0.05925932356615078,-0.1981859731209314,0.2717718171245895,0.9417337200477152,0.4597
1,1787599970.1401227,3769,124.59,72.56,-1467.49,-0.6885697942844642,0.6453407667054101,-0.33076718886117507,-0.6969212566999828,-0.7149677834960042,0.05587334357748241,-0.20043053749059123,0.2689913816293829,0.9420569177339279,0.46180000000000004
1,1787599970.1999621,3772,124.38000000000001,71.19,-1463.05,-0.688387576502797,0.6454684125215836,-0.3308973752592678,-0.6965916148084403,-0.715468143560333,0.053529970380154696,-0.20219462578212938,0.26734970354798904,0.9421472651967034,0.4567
1,1787599970.2598011,3775,124.23,70.3,-1458.92,-0.6879525010185217,0.6454557286212353,-0.3318256450794466,-0.6962249821031034,-0.7160358953351322,0.050629743107669406,-0.20491981514215266,0.26585616220363495,0.9419810881225059,0.4545
1,1787599970.319641,3778,124.04,69.77,-1454.93,-0.6884215294062359,0.645532863942711,-0.33070095164649976,-0.6959488488043619,-0.7163129731627965,0.05050667605929304,-0.2042816626568882,0.2649208297748523,0.9423831260445726,0.4611
1,1787599970.3794804,3781,123.89,69.38,-1451.0,-0.688425381832542,0.6454400944713874,-0.33087396104481426,-0.695441058079379,-0.71695227884189,0.04838558257223887,-0.2059908453940433,0.26341320071740437,0.9424336885434751,0.45580000000000004
1,1787599970.42436,3784,123.73,69.03,-1447.03,-0.6883599181390512,0.6455251389873397,-0.3308442504184935,-0.6953850877554874,-0.7170482151987829,0.04776438848696012,-0.2063981657546697,0.2629432486595082,0.9424758061390712,0.45690000000000003
1,1787599970.4841995,3790,123.41,67.89,-1438.97,-0.6879730176267135,0.6455506465027838,-0.3315983863311637,-0.6950077426671893,-0.7175964919978304,0.04493898424603688,-0.20894344845017684,0.26138025455693,0.9423497216413356,0.45830000000000004
1,1787599970.5440392,3793,123.24000000000001,67.09,-1434.93,-0.688120525594933,0.6456062288586659,-0.331183845490454,-0.6944837093719275,-0.7182307994354572,0.042859026579145997,-0.21019638358440193,0.25949396139639896,0.9425923638173835,0.45420000000000005
1,1787599970.6038785,3796,123.08,66.13,-1430.93,-0.6878995863595376,0.6455791450513036,-0.3316952314417635,-0.6940859918686418,-0.7187488074064055,0.04055598283353279,-0.21222345529677167,0.2581234575289469,0.9425144485339209,0.45120000000000005
1,1787599970.663718,3799,122.97,65.16,-1427.18,-0.6877636706272758,0.6457898886077127,-0.331566815494757,-0.6939479615919013,-0.718961072082319,0.03913059458643135,-0.21311349081590586,0.2570027171106964,0.9426198827894402,0.448
1,1787599970.7235565,3802,122.8,64.3,-1423.6000000000001,-0.6879794453613093,0.645765046219124,-0.33116731095015634,-0.6937107749706727,-0.719213264037392,0.038699373667659034,-0.2131892198258009,0.25635870555589285,0.9427781131505828,0.45180000000000003
1,1787599970.7833955,3808,122.56,63.56,-1417.5,-0.687964362472529,0.6459314157221381,-0.33087405783917406,-0.6939657425998104,-0.718927653765517,0.03942812129816227,-0.2124066478848073,0.2567404035877548,0.9428508795668253,0.44870000000000004
1,1787599970.843517,3811,122.46000000000001,63.27,-1414.71,-0.6878109029442119,0.6458710562880696,-0.33131064039719726,-0.6941673059286021,-0.7186986128786899,0.04005065824769403,-0.21224493673794548,0.2575322940828588,0.9426713129895942,0.44870000000000004
1,1787599970.9032674,3814,122.34,62.910000000000004,-1411.97,-0.6880000010402479,0.6456960287345282,-0.33125916899774716,-0.6944029170472198,-0.7183607769239643,0.04198074527102044,-0.21085679349959469,0.25891008604080606,0.9426054211500225,0.4524
1,1787599970.9631066,3817,122.24000000000001,62.4,-1409.25,-0.6882069675060873,0.6457577401479327,-0.33070849840170474,-0.6943613844191087,-0.7183873167962236,0.0422129233043774,-0.21031746885043606,0.25868243872624486,0.9427883952356375,0.44870000000000004
1,1787599971.0229464,3820,122.17,61.730000000000004,-1406.6100000000001,-0.6885124177994253,0.645936974028245,-0.32972120968967666,-0.6946334892683907,-0.7180248681256071,0.043870312741362605,-0.2084105710438172,0.25924064946770736,0.943058492109981,0.4662
1,1787599971.085778,3826,121.95,60.26,-1401.73,-0.6884730818678332,0.6458211409386072,-0.33003010386957665,-0.6946654306872642,-0.717976184243143,0.04416036987768775,-0.20843405420296754,0.2596637301904372,0.9429368972906418,0.46030000000000004
1,1787599971.1426249,3829,121.88,59.68,-1399.77,-0.6885382900686229,0.6457363039450127,-0.330060068588751,-0.6947228110928589,-0.7178821683699307,0.04478178294487971,-0.20802701472792615,0.26013423093457055,0.9428971009815794,0.4677
1,1787599971.2024636,3832,121.81,59.36,-1398.22,-0.6889524018823778,0.645860516213247,-0.3289510321267599,-0.6947302683057821,-0.7178185613667567,0.04567676933776444,-0.20662633481789863,0.26000135875436803,0.9432416716863202,0.47140000000000004
1,1787599971.2623038,3835,121.7,59.2,-1397.23,-0.6885090260784045,0.6455863262749902,-0.3304143101249223,-0.6950935028911579,-0.7174001539373297,0.04671232566673395,-0.20688243822776822,0.26183069808075793,0.9426793422450056,0.46290000000000003
1,1787599971.3076887,3838,121.56,58.85,-1396.44,-0.6886485639442053,0.64578045174734,-0.3297434813890723,-0.6952957089181475,-0.7171458466715599,0.04759949329291617,-0.20573534586355008,0.26204855035419156,0.9428698344520693,0.4637
1,1787599971.3675282,3841,121.39,57.92,-1395.6100000000001,-0.6889563801821498,0.6458676851945915,-0.32892862360653385,-0.6950500103355015,-0.7174146116878454,0.04713552873785066,-0.20553488594136024,0.26109616649456496,0.9431777152281081,0.4722
1,1787599971.4278734,3844,121.37,57.45,-1395.24,-0.6883391753448752,0.6456399455895044,-0.3306633338377861,-0.695011873842954,-0.7175406321533739,0.04575955010970549,-0.20772018414887672,0.26131303424842517,0.942638755424918,0.4582
1,1787599971.4727526,3847,121.31,57.89,-1395.55,-0.688622295342336,0.6459812700247187,-0.32940481650198117,-0.6952080367247796,-0.7172907216114964,0.04668839645282717,-0.20611918889499373,0.26115554649922745,0.9430337536387335,0.46580000000000005
1,1787599971.533098,3853,121.28,57.910000000000004,-1395.55,-0.6889122803417013,0.6457918653372424,-0.3291697687495651,-0.6950640584056612,-0.717393924517198,0.047243113555992006,-0.2056351738080058,0.2613404364618261,0.9430881992490912,0.47250000000000003
1,1787599971.5929372,3856,121.29,57.95,-1395.6200000000001,-0.6888681570066179,0.6457159866298028,-0.3294108784982763,-0.6950781173796952,-0.7173732105546035,0.04735068656819354,-0.20573544420494122,0.2615846734602029,0.9429986137892856,0.4672
1,1787599971.6532826,3859,121.23,57.83,-1395.48,-0.6888378591603161,0.6459632894986277,-0.3289891068220115,-0.6951995879173288,-0.7172598222545945,0.047285096371729306,-0.20542623188631187,0.2612848560468437,0.9431491330927319,0.4778
1,1787599971.7131221,3862,121.28,57.97,-1395.6100000000001,-0.6889259570279351,0.6461148135963912,-0.32850673263183544,-0.6951715285992787,-0.7173011669352409,0.04706996641473106,-0.20522566008685642,0.26079624913836896,0.9433280155265569,0.48200000000000004
1,1787599971.7729614,3865,121.26,58.03,-1395.64,-0.6890708803441609,0.6462211042565508,-0.3279933021803458,-0.6950895690563836,-0.7173941389917591,0.046862995308489926,-0.2050166160357111,0.26027664849870213,0.9435169597816189,0.4847
1,1787599971.8328009,3871,121.24000000000001,57.93,-1395.55,-0.6891639866941326,0.6463322113886895,-0.3275784974097902,-0.6950790380317939,-0.7174064942472628,0.046830042714564264,-0.20473917635041253,0.25996652579372315,0.9436626913967173,0.4848
1,1787599971.8926396,3874,121.26,57.95,-1395.6000000000001,-0.6887623630706868,0.6461279802107855,-0.3288237223893893,-0.6951084582286988,-0.7174124409565231,0.046299253338736336,-0.2059869862787567,0.2604573338371065,0.9432557122722669,0.48160000000000003
1,1787599971.9524791,3877,121.26,57.96,-1395.58,-0.6886973678729281,0.6462124982115542,-0.32879376916249925,-0.6950520575865281,-0.7175069148651811,0.04567783231922647,-0.20639421680278358,0.25998698866641734,0.9432964502183466,0.4781
1,1787599972.0123186,3880,121.26,57.94,-1395.57,-0.6884281723084804,0.646241707778186,-0.3292997216821464,-0.6952660899936768,-0.7172884003708292,0.04585209698979573,-0.20657133314404935,0.26051680525714815,0.943111487843139,0.4786
1,1787599972.0721576,3883,121.23,57.88,-1395.52,-0.6891148415252749,0.6462966442374946,-0.3277520142378205,-0.6950755776623457,-0.7174147161284227,0.04675538920521308,-0.20491626711159755,0.2600322532489534,0.9436061417473501,0.48950000000000005
1,1787599972.131997,3889,121.27,57.96,-1395.6200000000001,-0.688443849788272,0.646121337689946,-0.3295030844627374,-0.6953189589167897,-0.7172019909082256,0.04639881041739308,-0.20634100673296824,0.26105271731784785,0.9430137155531688,0.47590000000000005
1,1787599972.1918366,3892,121.26,57.910000000000004,-1395.56,-0.688393027170636,0.6460793020605219,-0.32969163712753946,-0.6950876824797706,-0.7174965903388884,0.04529631902231374,-0.20728761132240842,0.2603462661554003,0.9430014145753928,0.47090000000000004
1,1787599972.2516773,3895,121.25,57.92,-1395.58,-0.6886635943797147,0.6460566675216519,-0.3291705274273953,-0.6951013275736379,-0.7174289683282258,0.04614997084358699,-0.2063409755268649,0.26058867541456066,0.9431420593231469,0.47640000000000005
1,1787599972.311526,3898,121.24000000000001,57.93,-1395.59,-0.6888012801870239,0.6462436715509065,-0.3285147080316516,-0.6950768675938875,-0.7174616964318473,0.04600937175190691,-0.20596345440049887,0.26003428838047515,0.9433775619113873,0.47590000000000005
1,1787599972.3713546,3901,121.27,57.96,-1395.6100000000001,-0.6890701901556204,0.6462140660768201,-0.3280086185504275,-0.6948628266400905,-0.7176801608406665,0.04583490907003209,-0.20578611515998899,0.25950446535691396,0.9435621374701201,0.47800000000000004
1,1787599972.4311945,3907,121.25,57.910000000000004,-1395.57,-0.6887571489270631,0.6461680298687511,-0.32875593831503647,-0.6950908782164107,-0.7174412126539842,0.04611699693084249,-0.20606373000167247,0.26027866520542403,0.9432882675071712,0.4753
1,1787599972.4910336,3910,121.24000000000001,57.95,-1395.6200000000001,-0.688712994170327,0.6460923292852504,-0.3289971332697331,-0.6951048997488515,-0.7174207020578778,0.04622461037067549,-0.20616398814070822,0.26052300915186205,0.9431989035703852,0.4812
1,1787599972.5513792,3913,121.26,57.93,-1395.59,-0.6884529805722256,0.6460346972281789,-0.32965385409321984,-0.6951267739481867,-0.7174308575070029,0.04573546585695919,-0.20695714938509674,0.26063793790248896,0.9429934271480013,0.4801
1,1787599972.611216,3916,121.27,57.94,-1395.59,-0.6883058621907859,0.6459337039886774,-0.33015858329788494,-0.6953435096098772,-0.7171690898327547,0.04653923325407038,-0.20671827136762116,0.2616068551088173,0.9427774974207099,0.4844
1,1787599972.6710553,3919,121.25,57.92,-1395.59,-0.6884373586285985,0.6461550744755558,-0.3294504863768869,-0.6950736467388173,-0.7175169748708884,0.0451886753659651,-0.20718742445833985,0.2601019232947301,0.9430908549258135,0.4748
1,1787599972.730895,3925,121.25,57.94,-1395.6200000000001,-0.6884529805722256,0.6460346972281789,-0.32965385409321984,-0.6951267739481867,-0.7174308575070029,0.04573546585695919,-0.20695714938509674,0.26063793790248896,0.9429934271480013,0.47440000000000004
1,1787599972.7907343,3928,121.27,57.92,-1395.58,-0.6885047807376192,0.646029887280469,-0.32955508134730294,-0.6950551589108336,-0.7175113011144268,0.04556159396375723,-0.2070253437936495,0.2604283346977954,0.9430363670154266,0.4708
1,1787599972.8505738,3931,121.25,57.93,-1395.6100000000001,-0.688598533360786,0.6461412732500468,-0.3291405700550798,-0.6950447822610406,-0.7175234483582652,0.045528581218468644,-0.20674818138275652,0.2601183501002426,0.9431827147674254,0.47450000000000003
1,1787599972.9104128,3934,121.25,57.93,-1395.63,-0.68833826098478,0.6460837836073425,-0.3297971846818429,-0.6950662183075467,-0.7175335543442495,0.04503943336404258,-0.20754129861811815,0.26023324720282903,0.9429768111773356,0.4667
1,1787599972.9552925,3937,121.25,57.93,-1395.6100000000001,-0.6883330644408707,0.6461239226505909,-0.3297293874923096,-0.6950484411522094,-0.7175621919260047,0.04485716409038348,-0.20761805521034077,0.26005456599906324,0.9430092077247788,0.4685
1,1787599973.0158296,3940,121.27,57.93,-1395.59,-0.6881344961589572,0.6459812838853415,-0.3304226022322084,-0.6950333419108775,-0.7175954100104442,0.04455873835893413,-0.20832563171212415,0.2603171304424443,0.9427806864642253,0.46580000000000005
1,1787599973.0756679,3943,121.25,57.93,-1395.58,-0.6881893830704162,0.645976766086706,-0.3303171062862493,-0.6950549730251963,-0.7175584622766696,0.044815596482531285,-0.20807200076440796,0.26043016509479583,0.9428054791984367,0.46740000000000004
1,1787599973.1210816,3946,121.25,57.93,-1395.6200000000001,-0.6882886658674477,0.6460481219264781,-0.3299705086726378,-0.6950624835633923,-0.7175418518263585,0.04496481758318502,-0.20771821388866665,0.26029889556598307,0.9429197360253052,0.4642
1,1787599973.1808918,3952,121.26,57.93,-1395.6000000000001,-0.6883330644408707,0.6461239226505909,-0.3297293874923096,-0.6950484411522094,-0.7175621919260047,0.04485716409038348,-0.20761805521034077,0.26005456599906324,0.9430092077247788,0.4703
1,1787599973.2412357,3955,121.26,57.94,-1395.6000000000001,-0.6882390398940936,0.6460124494185676,-0.3301438158770798,-0.695058735135465,-0.7175501544708165,0.04489020528795795,-0.20789511460720736,0.26036453486435185,0.9428626253634864,0.46540000000000004
1,1787599973.2871134,3958,121.25,57.93,-1395.59,-0.6883042938902831,0.64592758061955,-0.33017383240828385,-0.6951157866762854,-0.7174557407988091,0.04551157114669799,-0.20748793248188596,0.2608348530963736,0.9428223254063225,0.4682
1,1787599973.345955,3961,121.24000000000001,57.93,-1395.58,-0.688442559884535,0.6461149603105674,-0.32951828447371867,-0.6950913703058265,-0.7174883024815346,0.04537094586334462,-0.20711066767792802,0.26028060601020586,0.9430584167849642,0.4706
1,1787599973.4057941,3964,121.26,57.92,-1395.57,-0.6885490697818478,0.6461056445106983,-0.32931394539856174,-0.6950411240644967,-0.7175317228539101,0.04545396085557672,-0.20692514192749203,0.2601840172449386,0.9431257937351584,0.4731
1,1787599973.4656348,3967,121.25,57.93,-1395.58,-0.6884396560116074,0.6461145915528361,-0.32952507433142514,-0.6949982705854089,-0.7176055885462972,0.04494021773882736,-0.20743250447774667,0.25995798481607385,0.9430766682600388,0.47000000000000003
1,1787599973.5254889,3970,121.25,57.94,-1395.6100000000001,-0.6882442438494792,0.6459722623356812,-0.3302115944375373,-0.6950765368798826,-0.71752148489534,0.04507245935885687,-0.20781835502940574,0.2605431922091005,0.942830194842297,0.46790000000000004
1,1787599973.5703523,3973,121.24000000000001,57.92,-1395.59,-0.688393027170636,0.6460793020605219,-0.32969163712753946,-0.6950876824797706,-0.7174965903388884,0.04529631902231374,-0.20728761132240842,0.2603462661554003,0.9430014145753928,0.46900000000000003
1,1787599973.6301913,3979,121.25,57.94,-1395.59,-0.6886635943797147,0.6460566675216519,-0.3291705274273953,-0.6951013275736379,-0.7174289683282258,0.04614997084358699,-0.2063409755268649,0.26058867541456066,0.9431420593231469,0.48260000000000003
1,1787599973.690031,3982,121.25,57.94,-1395.6000000000001,-0.688463425490228,0.6459543878291744,-0.32978938825635057,-0.6951621195994397,-0.7173732789607076,0.046099957778473595,-0.20680362481415937,0.26099522500881006,0.942928286396333,0.48260000000000003
1,1787599973.7498703,3985,121.25,57.93,-1395.6000000000001,-0.6888367512235501,0.6459566410028382,-0.32900448037696267,-0.694972803344581,-0.717546562950738,0.04625724385387335,-0.20619586022798592,0.2605128556173626,0.9431947409114028,0.4842
1,1787599973.8097095,3988,121.25,57.93,-1395.59,-0.6886520585189441,0.6461302468456324,-0.32905021867311185,-0.6948381202829393,-0.7177720783475334,0.0447574591139119,-0.20726391123225468,0.25945895177438816,0.9432511454776207,0.47250000000000003
1,1787599973.8545895,3991,121.25,57.94,-1395.58,-0.6889620102722187,0.6462298645202023,-0.32820467791282965,-0.6950475952933448,-0.7174681822141225,0.046349194030764256,-0.20552418027716807,0.26005070604127145,0.9434688344661069,0.48200000000000004
1,1787599973.9144306,3994,121.25,57.94,-1395.55,-0.6887571489270631,0.6461680298687511,-0.32875593831503647,-0.6950908782164107,-0.7174412126539842,0.04611699693084249,-0.20606373000167247,0.26027866520542403,0.9432882675071712,0.48190000000000005
1,1787599973.974268,3997,121.25,57.94,-1395.56,-0.6890296475876643,0.6461461224768718,-0.3282275630615481,-0.6951958292193581,-0.7172557783096906,0.04740155606484963,-0.20479478455573108,0.2608435103456923,0.9434085855711237,0.4879
1,1787599974.0191476,4000,121.26,57.94,-1395.56,-0.689269985706536,0.6463227418402347,-0.3273740982182817,-0.6950285423769744,-0.717450003451588,0.046912874870922945,-0.2045536899824839,0.2598699788883623,0.943729506790538,0.48710000000000003
1,1787599974.0789866,4006,121.25,57.96,-1395.57,-0.688678013213757,0.6459298622125936,-0.32938914253200896,-0.6949267186470316,-0.7176288808372521,0.04566886355869303,-0.20688027896931535,0.2603524581990593,0.9430891515033375,0.4641
1,1787599974.1393316,4009,121.25,57.94,-1395.54,-0.6887873441922673,0.6459209805954195,-0.32917788702647527,-0.6949692347720778,-0.7175548261447917,0.04618261790576891,-0.20637285965183452,0.2605785069858398,0.943137892620244,0.47000000000000003
1,1787599974.1991713,4012,121.25,57.95,-1395.52,-0.6889070376514123,0.6458319735263661,-0.32910204412217636,-0.6950465473551781,-0.7174228673647669,0.047060879632264345,-0.20571191138094572,0.26116181067138305,0.943120945670725,0.4732
1,1787599974.2590103,4015,121.26,57.95,-1395.52,-0.6888809149080724,0.6460323408938015,-0.328763288088394,-0.6949587747092255,-0.7175670808385511,0.04614960402313541,-0.20609557620208435,0.2602685133013892,0.9432841112060647,0.47140000000000004
1,1787599974.3038895,4018,121.24000000000001,57.95,-1395.5,-0.6890417119152605,0.6460185762885916,-0.32845322091729917,-0.6949294922021403,-0.7175735062438434,0.046489396689915634,-0.20565631550857516,0.26028496350534325,0.9433754383406744,0.47290000000000004
1,1787599974.3641615,4021,121.25,57.95,-1395.5,-0.6891350252708023,0.6461297531506437,-0.3280385023720519,-0.6949189986480337,-0.717585806727121,0.04645638063604145,-0.20537892360956772,0.2599749066299954,0.9435213541090103,0.4772
1,1787599974.423931,4024,121.25,57.94,-1395.51,-0.6890469271565839,0.6459785589443016,-0.3285209788739728,-0.6949470198169492,-0.7175446999355103,0.0466716535168795,-0.2055795997262633,0.26046363465693684,0.943342844992046,0.47640000000000005
1,1787599974.4688106,4027,121.25,57.95,-1395.52,-0.6890909879743818,0.6460541855011489,-0.32827975826867134,-0.694933003773774,-0.7175652667406355,0.04656402295120638,-0.205479270386212,0.26021928707128483,0.9434321343253377,0.47600000000000003
1,1787599974.5286508,4033,121.25,57.95,-1395.49,-0.6889563801821498,0.6458676851945915,-0.32892862360653385,-0.6950500103355015,-0.7174146116878454,0.04713552873785066,-0.20553488594136024,0.26109616649456496,0.9431777152281081,0.47590000000000005
1,1787599974.5884895,4036,121.26,57.95,-1395.49,-0.6891066498058857,0.6459341534470733,-0.3284830202672899,-0.6949854845038446,-0.7174787455503054,0.04711078446084595,-0.20524912063700665,0.2607552858412895,0.9433342352440957,0.4798
1,1787599974.648289,4039,121.24000000000001,57.95,-1395.52,-0.6889511442158576,0.6459077635842345,-0.32886088521633805,-0.6950325043421641,-0.717443521861352,0.04695328366621173,-0.20561162124627236,0.2609175231386207,0.9432104257946298,0.48100000000000004
1,1787599974.7081275,4042,121.25,57.95,-1395.5,-0.6887571489270631,0.6461680298687511,-0.32875593831503647,-0.6950908782164107,-0.7174412126539842,0.04611699693084249,-0.20606373000167247,0.26027866520542403,0.9432882675071712,0.47040000000000004
1,1787599974.7530072,4045,121.25,57.94,-1395.51,-0.6890161805203835,0.6458232310059123,-0.32889064637685567,-0.6950883890178987,-0.717348439283806,0.047574658270865336,-0.20520437235498717,0.26138777888449816,0.9431689109678203,0.4793
1,1787599974.8128464,4048,121.26,57.95,-1395.51,-0.6886327846292236,0.6459009774093578,-0.3295403090904626,-0.6952431491001985,-0.7172328717565488,0.047052856460507164,-0.20596565627074942,0.2615127818166642,0.942968299246305,0.4746
1,1787599974.8731904,4051,121.25,57.95,-1395.49,-0.6888315380965201,0.6459967095588011,-0.32893671634948946,-0.6949552002807977,-0.7175753381626185,0.04607497871383453,-0.20627259082645732,0.2603341800455824,0.9432272965588598,0.4718
1,1787599974.9180703,4054,121.35000000000001,57.85,-1395.49,-0.6889767934784049,0.6461029934883161,-0.3284233546105579,-0.6948732385181923,-0.7176679673832234,0.04586797339399309,-0.2060634864294373,0.25981456925559315,0.9434162544513826,0.4716
1,1787599974.9779096,4060,121.35000000000001,57.910000000000004,-1395.53,-0.6888965704105984,0.6459121551979448,-0.3289665682771757,-0.6950114817745396,-0.717480652917343,0.04669639055496896,-0.20586538193216078,0.2608045253764771,0.9431863252110244,0.47350000000000003
1,1787599975.037749,4063,121.28,57.89,-1395.49,-0.6889511442158576,0.6459077635842345,-0.32886088521633805,-0.6950325043421641,-0.717443521861352,0.04695328366621173,-0.20561162124627236,0.2609175231386207,0.9432104257946298,0.4808
1,1787599975.0975895,4066,121.36,57.82,-1395.49,-0.6884724076422978,0.6458677904598609,-0.32994020846467775,-0.6949696471212151,-0.717602049058126,0.04543664564855716,-0.20741970372997676,0.26058030707264934,0.9429077208669429,0.4677
1,1787599975.1574285,4069,121.24000000000001,57.85,-1395.41,-0.688827377781053,0.6460434565435412,-0.3288536085807055,-0.6951645974377063,-0.7173176675035116,0.04692063891927888,-0.20557973170658206,0.26092760709552165,0.9432145873378203,0.48000000000000004
1,1787599975.2023072,4072,121.3,57.79,-1395.42,-0.6889668702508966,0.6457874937096189,-0.3290640737986041,-0.6950849788423659,-0.7173566912027578,0.047499997624620045,-0.2053814107566505,0.26145341947444495,0.9431121807933179,0.4847
1,1787599975.2621474,4075,121.27,57.59,-1395.32,-0.6895326095217038,0.6459242921433892,-0.32760737052949657,-0.6945902249282057,-0.7179014459848975,0.046496594358919896,-0.20515652522007202,0.25961379522639927,0.9436691567958397,0.4869
1,1787599975.321987,4078,121.08,57.4,-1395.06,-0.6893252795068987,0.6458620485282268,-0.32816592343456147,-0.6945409760392882,-0.7179917177021778,0.04583367663049549,-0.20601818277795003,0.2595189927192198,0.9435074990602209,0.4771
1,1787599975.3678637,4081,121.24000000000001,57.21,-1395.07,-0.6892256564495998,0.6457840733712165,-0.32852842353698675,-0.6943057349122767,-0.7182933573631833,0.04465645794115147,-0.20714135502004882,0.25887754508262334,0.9434377964086729,0.47090000000000004
1,1787599975.4267056,4087,121.26,56.85,-1394.82,-0.6892905623290808,0.6456996299381668,-0.32855822707972804,-0.6943625949863445,-0.718199480214768,0.0452779560389698,-0.20673438845022696,0.2593482109384055,0.9433977942072788,0.4767
1,1787599975.4865665,4090,121.11,56.67,-1394.56,-0.689131881603678,0.6456730714080929,-0.328943056798307,-0.6943160188822805,-0.718281346395742,0.04468974539400401,-0.2074186965556267,0.25918756196692766,0.9432917322020822,0.47040000000000004
1,1787599975.5463836,4093,121.08,56.53,-1394.51,-0.6889211544390882,0.6456515032917124,-0.3294264398366748,-0.6943407706600127,-0.7182830785119699,0.04427542571932295,-0.20803494217456356,0.2592364855118191,0.9431425700358915,0.4693
1,1787599975.606223,4096,121.0,56.44,-1394.3700000000001,-0.6891762055161722,0.6457485860338127,-0.32870187310945226,-0.694301992031004,-0.7183016041337542,0.04458193984850225,-0.20731835811647442,0.25894317742355594,0.9433809035875605,0.4741
1,1787599975.651103,4099,120.87,54.43,-1393.43,-0.6891760872366981,0.6461356479064462,-0.3279406124371179,-0.6938215007299515,-0.7189470273385618,0.04155595030658163,-0.2089211475795421,0.25617161510511316,0.9437839041372157,0.4853
1,1787599975.7109418,4102,120.16,46.68,-1389.3500000000001,-0.6887414251132475,0.646397319847489,-0.32833786596576975,-0.6914931102353346,-0.7217781494877546,0.02955641079522321,-0.21788191258118808,0.24740009663703713,0.9440978044429232,0.4723
1,1787599975.7712858,4105,119.57000000000001,35.18,-1383.79,-0.6884472878239569,0.6467767138360984,-0.3282075781075382,-0.6879428795404261,-0.7256476463022338,0.013041775402726672,-0.22972793991472762,0.2347666412747055,0.9445155889487103,0.4839
1,1787599975.8311265,4111,118.33,11.44,-1372.52,-0.6940017378498495,0.6426272804703985,-0.32464098055638096,-0.6763418115659091,-0.7364896435103663,-0.012031580516204399,-0.24682654190571385,0.2112183311107095,0.9457607915396333,0.30860000000000004
1,1787599975.890965,4114,117.92,-0.87,-1367.03,-0.6983017403228643,0.6432175165912322,-0.31407945780051755,-0.6714386149038513,-0.7406706506151971,-0.02402444033184394,-0.24808237720172058,0.19410876762132268,0.9490926827525722,0.29550000000000004
1,1787599975.9508119,4117,117.67,-13.4,-1361.83,-0.7007402728459292,0.6437923379433085,-0.307399569969285,-0.6655359112412699,-0.74510587572556,-0.043349565251553125,-0.25695334374174805,0.1742086667325569,0.9505926149382814,0.2843
1,1787599976.0106463,4120,117.29,-25.84,-1356.77,-0.7026266556583063,0.6445557817499135,-0.3014359417375136,-0.659360721478381,-0.7490353891485787,-0.0647257659247538,-0.2675055545777184,0.15327697157693,0.9512869957348689,0.2766
1,1787599976.0704849,4123,117.08,-38.25,-1351.99,-0.6977366994421769,0.6449743836337838,-0.31172350361780177,-0.6540223934462553,-0.7510865426405292,-0.09013165001889054,-0.29226393400891715,0.14098599193010908,0.9458883353531296,0.2756
1,1787599976.1303277,4129,116.55,-62.5,-1342.26,-0.6875035541060504,0.6455784740515303,-0.3325166115141414,-0.641920107556375,-0.7543650722929423,-0.13737508223573835,-0.33952531364592103,0.11900324174475797,0.9330384717941043,0.306
1,1787599976.1901665,4132,116.24000000000001,-74.4,-1337.15,-0.6875986475931025,0.6462436961934438,-0.3310244476747486,-0.6364632060137069,-0.7558617193103059,-0.15358270954772926,-0.3494605660427085,0.10508161785728413,0.9310398307105907,0.3017
1,1787599976.2350464,4135,116.05,-85.16,-1332.15,-0.6910882411691165,0.6469098921640303,-0.3223424178387015,-0.6322010534834762,-0.7572015761141861,-0.16421815095955503,-0.3503125331645445,0.09029598302535466,0.9322702207822177,0.2998
1,1787599976.2948854,4138,115.82000000000001,-94.16,-1327.34,-0.6927554091974378,0.6474672052440565,-0.3176100772348717,-0.6298663053960714,-0.7576964230834564,-0.17077636772469054,-0.3512241169885593,0.08174563340011941,0.9327160720528086,0.2901
1,1787599976.3547251,4141,115.63,-102.15,-1322.52,-0.6936142935197233,0.6475908740722913,-0.31547626161633907,-0.6288886164314461,-0.7579582112579692,-0.17320062964539426,-0.3512809700910036,0.07826499731620305,0.9329931780281236,0.28950000000000004
1,1787599976.3996043,4144,115.37,-110.08,-1317.42,-0.6930938138125523,0.6479028340242934,-0.31597924444187747,-0.6275556462333982,-0.7580115749266096,-0.1777424067516321,-0.3546757337841889,0.07510239637035264,0.9319682150825088,0.2914
1,1787599976.4594443,4147,115.09,-118.29,-1312.06,-0.6909748740401256,0.6480146013181495,-0.32036042190587816,-0.6255026454761845,-0.7581229334366235,-0.184380200400541,-0.36235364486579574,0.0729842056607364,0.929178745869999,0.2962
1,1787599976.5192833,4150,114.88,-126.76,-1306.53,-0.6881898389503217,0.6480640926954957,-0.3262018965675924,-0.6235377480105655,-0.7581632778184614,-0.19075932735643356,-0.3709385695387347,0.07212056521083628,0.9258526889857948,0.3118
1,1787599976.5791225,4156,114.34,-144.9,-1294.98,-0.682629652338629,0.6481240334947481,-0.3375677635002214,-0.6176963805162742,-0.7585851168166889,-0.20736393621192847,-0.39047143204738655,0.06696161400914204,0.9181765641771489,0.33640000000000003
1,1787599976.6389616,4159,114.05,-154.1,-1288.94,-0.6841612644864167,0.6481313768205892,-0.3344384585495435,-0.6159425580245742,-0.7590264438371741,-0.21093511507104973,-0.3905613004260551,0.06168124460920424,0.9185081897691321,0.33130000000000004
1,1787599976.6838431,4162,113.81,-162.85,-1283.01,-0.6879734254407853,0.6486023620625883,-0.32558799396492416,-0.6144734972759732,-0.759300996717983,-0.21420624997537321,-0.3861539680395718,0.052696985776312766,0.9209278694107289,0.3191
1,1787599976.743681,4165,113.57000000000001,-171.07,-1277.17,-0.6908855134769227,0.6484935526851211,-0.31958303990286885,-0.613056081445941,-0.7598064556229212,-0.21646337102586558,-0.38319635732855845,0.04637091889928382,0.9225021894882199,0.2892
1,1787599976.80352,4168,113.31,-178.5,-1271.43,-0.6945933501881114,0.6486658429631708,-0.31108311115734727,-0.6129823370466132,-0.7599879282786293,-0.21603472716123506,-0.3765537575743041,0.04063216759706518,0.9255032655874512,0.2713
1,1787599976.8633592,4171,113.08,-184.89000000000001,-1265.94,-0.6977985185228158,0.6487117103731459,-0.3037274178800975,-0.613421993050259,-0.7601429656439264,-0.21423382138286376,-0.3698522488638019,0.03682103484157441,0.9283606655840088,0.26730000000000004
1,1787599976.9231987,4174,112.85000000000001,-190.22,-1260.69,-0.6987542685209625,0.6486681554458281,-0.30161580915834235,-0.6142485307666078,-0.7601581371929967,-0.21179789637844984,-0.3666622624088796,0.03727238347329106,0.9296072045522354,0.2669
1,1787599976.9680784,4177,112.66,-194.92000000000002,-1255.63,-0.6986234886101936,0.6486567928860515,-0.30194301814233876,-0.6146009754078059,-0.7601203570800881,-0.21090918372658143,-0.3663207094744934,0.038228363752865605,0.9297030332395837,0.27030000000000004
1,1787599977.0279176,4183,112.24000000000001,-202.43,-1246.1200000000001,-0.7004360067909652,0.6484897315846759,-0.29807795695079825,-0.6167277720044381,-0.7601413332785483,-0.20452874780810854,-0.3592161683849557,0.04057365488523268,0.93237198740636,0.2701
1,1787599977.0877576,4186,112.03,-204.95000000000002,-1241.8500000000001,-0.7004494252938059,0.6483146328933601,-0.2984271089930079,-0.6181531562768093,-0.7600926298590763,-0.20036434168516995,-0.3567313807202774,0.04412857135984213,0.9331641823383192,0.2707
1,1787599977.1326377,4189,111.81,-206.39000000000001,-1238.1100000000001,-0.7001481068101228,0.6481300427598532,-0.2995330970065102,-0.6201843909283703,-0.7599207510052391,-0.19465809369363424,-0.3537851746173191,0.04947625555500548,0.9340172109534431,0.26990000000000003
1,1787599977.1925044,4192,111.59,-206.96,-1234.83,-0.7000761384449858,0.6479278848783191,-0.3001380621931593,-0.622832243733281,-0.7596455999632251,-0.18713246277083687,-0.34924689912170137,0.05592869079121691,0.9353601365251016,0.2727
1,1787599977.252316,4195,111.3,-211.12,-1231.64,-0.7004447236114817,0.6477487505465448,-0.2996643878244879,-0.621935725083346,-0.7599352188102834,-0.18892966171784464,-0.3501044744499671,0.05403720363931345,0.9351507031451967,0.27840000000000004
1,1787599977.3121545,4198,111.37,-212.65,-1230.97,-0.7005868123208574,0.6480839348049694,-0.29860564604475864,-0.6215958171211527,-0.7597876969382834,-0.1906339311841034,-0.3504236843302489,0.052056402381716785,0.9351435036567847,0.26940000000000003
1,1787599977.3719938,4201,111.42,-210.1,-1232.29,-0.700920904687022,0.6481172563945146,-0.29774806017231004,-0.6225335367746067,-0.7596568609810609,-0.18807830591352265,-0.3480831523696976,0.053530136633937735,0.93593410211848,0.2775
1,1787599977.4168737,4204,111.81,-209.75,-1232.71,-0.7006799904615025,0.6481652818194469,-0.2982101916614951,-0.6226958735898077,-0.7595780019928039,-0.18785927686128834,-0.34827776268532407,0.05406501949076643,0.9358309535842295,0.27290000000000003
1,1787599977.4767127,4210,111.61,-210.68,-1231.95,-0.700624758984655,0.6479354263215753,-0.29883880339603264,-0.6222629973848066,-0.7597845103517398,-0.18845758120925596,-0.34916143713670666,0.05391828212253819,0.9355100799401278,0.2758
1,1787599977.5370905,4213,111.39,-210.64000000000001,-1231.99,-0.700272759464645,0.6480789965710048,-0.2993520946231897,-0.6223625072377825,-0.7596442761356779,-0.18869415284794372,-0.34968982246624297,0.054168145046897195,0.9352982626551306,0.27540000000000003
1,1787599977.58197,4216,111.56,-210.37,-1232.28,-0.7009166995360071,0.6479164132036771,-0.2981947380703297,-0.6223735049817705,-0.7598078624849478,-0.1879979585068967,-0.3483776695028783,0.053817595703790834,0.9358080282752476,0.2733
1,1787599977.6418095,4219,111.60000000000001,-209.84,-1232.3600000000001,-0.7005031559653871,0.6480141510533672,-0.29895315438562664,-0.6224837813507068,-0.75968881508872,-0.18811391810395614,-0.3490118485637097,0.05431909667585089,0.9355427116377218,0.2737
1,1787599977.7016487,4222,111.7,-210.26,-1232.18,-0.7005119689027112,0.6482759786375162,-0.2983642688822131,-0.6225644271750627,-0.759512085569552,-0.18856013865601498,-0.3488502765374181,0.05366234615966815,0.9356408697595497,0.2758
1,1787599977.7614884,4225,111.41,-210.88,-1231.8700000000001,-0.700217236915821,0.6481244650166631,-0.29938353156584463,-0.6222536705225373,-0.7596269795771214,-0.18912223935795858,-0.34999455802512464,0.053865849528284486,0.9352017320382773,0.2728
1,1787599977.8213277,4228,111.58,-210.52,-1232.16,-0.7003878600171656,0.6480440440822052,-0.2991584236991432,-0.622345989008741,-0.7596801016177264,-0.18860438269248392,-0.34948864860722906,0.054083825083491924,0.9353783322052263,0.2758
1,1787599977.8662071,4231,111.66,-210.24,-1232.2,-0.7010422525048271,0.6481783274097986,-0.2973291376222554,-0.6225521927694271,-0.759627157145149,-0.18813651800104428,-0.34780530111103297,0.05321125824311082,0.9360555723434631,0.2771
1,1787599977.9260478,4237,111.65,-210.83,-1232.03,-0.7003990847140815,0.6482013440168571,-0.2987911306354609,-0.6223016789317692,-0.7595886450819187,-0.18911824518357884,-0.3495450507879896,0.05347997641505708,0.9353919764421046,0.2747
1,1787599977.985886,4240,111.75,-210.67000000000002,-1232.17,-0.6995577680569828,0.6480980592334216,-0.30097813005101454,-0.6223259883951477,-0.7595678757985234,-0.18912167042124353,-0.35118270646365146,0.055004978618227514,0.9346898731708144,0.2765
1,1787599978.0457249,4243,111.88,-210.45000000000002,-1232.18,-0.6988932893789059,0.6479029150936921,-0.3029356081318751,-0.6223534364942023,-0.7596197115722975,-0.18882291670948426,-0.3524547774466817,0.05656594738812286,0.9341177246209892,0.27740000000000004
1,1787599978.1055658,4246,111.93,-210.29,-1232.16,-0.6992462914975958,0.64787005161424,-0.3021903705418514,-0.6225341212985097,-0.7596464848060899,-0.18811827646681112,-0.3514340502085019,0.056582809607805394,0.9345012006471338,0.2722
1,1787599978.165407,4249,111.52,-210.28,-1232.14,-0.6985054242940222,0.647328499411648,-0.3050507926252478,-0.6225336814294657,-0.7599058876980488,-0.18706912446397142,-0.3529050689883958,0.05923559479995445,0.9337821783429961,0.2728
1,1787599978.2252657,4255,nan,nan,nan,nan,nan,nan,nan,nan,nan,nan,nan,nan,nan
1,1787599978.2850826,4258,110.58,-211.08,-1232.48,-0.6641472394567134,0.6477465909321964,-0.37327308804378706,-0.6271238161296635,-0.7545043723017755,-0.1934912696233909,-0.40696948726531684,0.10558175085317395,0.9073193100126236,0.759
1,1787599978.3449223,4261,110.16,-211.05,-1232.27,-0.6530596419167515,0.6482260496713993,-0.3915559891343469,-0.629448156075162,-0.7521026784903849,-0.19528589252981599,-0.4210797108780505,0.11893086031388604,0.8991925975851092,0.5097
1,1787599978.404761,4264,109.69,-210.8,-1232.28,-0.6433894333492811,0.6486455286043369,-0.406582113817235,-0.6315113167963334,-0.7499094005171268,-0.1970516373294174,-0.43271641269155897,0.12998026480063687,0.8921107761649921,0.49050000000000005
1,1787599978.449653,4267,109.35000000000001,-210.6,-1232.23,-0.6346772724327508,0.6483601879902154,-0.4204923619836822,-0.6334642132850343,-0.7481542718574387,-0.19745449093053852,-0.4426147877607526,0.14104698554296757,0.885549489031949,0.4917
1,1787599978.50948,4270,109.17,-210.65,-1232.26,-0.6281562797235213,0.6477052622663925,-0.43115841807429534,-0.6349125032246086,-0.7470005075461369,-0.19717087760334928,-0.44978417212366023,0.14989374556077156,0.8804692291890706,0.49210000000000004
1,1787599978.5693197,4273,108.81,-210.4,-1232.34,-0.6232866719895788,0.6453838188087949,-0.44158062790381986,-0.6357252063898671,-0.7470174684074475,-0.19446944195602817,-0.4553758738456793,0.1595137245314796,0.8758927932146602,0.4924
1,1787599978.614199,4276,108.67,-210.37,-1232.41,-0.6194758164774223,0.6414420500311195,-0.45255033891436397,-0.6356572229641821,-0.7481486055184096,-0.19029860470934423,-0.4606404321084885,0.16978150815896875,0.8711972404651952,0.4943
1,1787599978.6740382,4282,108.37,-210.20000000000002,-1232.34,-0.6182158170127122,0.6290255732445427,-0.47131309317658404,-0.6350517595457008,-0.7530623675235504,-0.17206491018721579,-0.4631613825581902,0.19293496008810793,0.8650188638882889,0.4877
1,1787599978.733878,4285,108.07000000000001,-209.83,-1232.42,-0.6194189030245374,0.6211741884177806,-0.48006546451436205,-0.634579764314707,-0.7561841481697296,-0.1596685841958628,-0.4621998975531796,0.20573809005707183,0.8625793256283729,0.4798
1,1787599978.79372,4288,107.98,-209.66,-1232.47,-0.6208476442837113,0.6130251214494438,-0.48861887300764506,-0.633715894055855,-0.7593725236913095,-0.14750435886332278,-0.4614676242255296,0.21806781223873095,0.8599384053855595,0.4833
1,1787599978.8535585,4291,107.75,-209.49,-1232.41,-0.6216801845380163,0.604051644945381,-0.4986334910448328,-0.6330613117005787,-0.7623690193055469,-0.1342641204158482,-0.4612451883550882,0.23219622874172163,0.856351439291954,0.48140000000000005
1,1787599978.8984404,4294,107.63,-209.28,-1232.48,-0.6219101048641433,0.5950278079035651,-0.5090871529407792,-0.6324672888757724,-0.7649976763821755,-0.12150589957694412,-0.46174987814833307,0.24641522467443097,0.8520954096101266,0.48150000000000004
1,1787599978.9588456,4297,107.43,-208.97,-1232.59,-0.622217316327424,0.5866902896335281,-0.5183050407935709,-0.6325319395836222,-0.7668681789345734,-0.10870391687585193,-0.461247175242168,0.2602070333163538,0.8482590071103417,0.4859
1,1787599979.0186849,4300,107.26,-208.72,-1232.68,-0.6224976147946851,0.5790116794970982,-0.52653793270844,-0.6323841084169995,-0.7685005351815521,-0.09745392166200706,-0.46107164193492156,0.27230938733656945,0.8445475348207572,0.48200000000000004
1,1787599979.0645654,4303,107.15,-208.67000000000002,-1232.67,-0.6215352976906888,0.5714061342946875,-0.5359000871570637,-0.632285702347056,-0.7697826162053011,-0.08746150236310998,-0.4625026100813237,0.2844815520882221,0.8397389964682118,0.48210000000000003
1,1787599979.1234038,4309,106.84,-208.31,-1232.82,-0.6205713258780038,0.5571414144454101,-0.5518012992081333,-0.6325798339036445,-0.7715402619586211,-0.0675897767066848,-0.4633939827365625,0.3071140968542307,0.8312321867426432,0.48460000000000003
1,1787599979.1837497,4312,106.60000000000001,-208.33,-1232.76,-0.6195180583343477,0.5515197518986334,-0.5585904928150045,-0.6333606358727764,-0.7715763060634343,-0.059365889602853536,-0.46373664975336193,0.3170109890637476,0.8273163557481216,0.4833
1,1787599979.2435894,4315,106.58,-208.38,-1232.74,-0.6182231448020999,0.5492023651405314,-0.5622961011380464,-0.6335648199153708,-0.7715843648402513,-0.057036715365362874,-0.4651835790272538,0.3209896105142846,0.8249666100790276,0.48650000000000004
1,1787599979.3039362,4318,106.32000000000001,-208.16,-1232.69,-0.6189440866259164,0.5490878079473643,-0.5616144556493967,-0.6338379565688287,-0.7714569820044663,-0.05570969151962654,-0.4638509054033005,0.32149137481450196,0.8255214312641554,0.48160000000000003
1,1787599979.3493226,4321,106.25,-208.13,-1232.7,-0.6185837715239142,0.5491191184339965,-0.5619807037412591,-0.633422784313875,-0.7717160126357,-0.056832843969966386,-0.46489750904829386,0.3208155071250872,0.8251955625600303,0.4858
1,1787599979.4091613,4324,106.09,-208.13,-1232.6000000000001,-0.6181472906083564,0.5489598843294377,-0.5626161857879299,-0.6336871670904233,-0.771519056316902,-0.05655899579015646,-0.46511772851447203,0.32156086692395797,0.8247812482620168,0.48210000000000003
1,1787599979.4695044,4327,106.18,-208.17000000000002,-1232.6100000000001,-0.6184826320151103,0.5491968648587483,-0.5620160473909825,-0.6336082620821762,-0.7715730533855137,-0.056706203457462016,-0.4647793068939985,0.321026209083739,0.8251802039339393,0.48460000000000003
1,1787599979.5143838,4330,106.09,-208.18,-1232.53,-0.6178988775708469,0.5488343239449736,-0.5630114225808847,-0.6337396924866788,-0.7714780919019443,-0.05652924802458507,-0.4653761696343909,0.3218733269085823,0.8245135427397318,0.47850000000000004
1,1787599979.5742233,4336,106.12,-208.11,-1232.6000000000001,-0.6185023100739491,0.5489421821337306,-0.5622431619036791,-0.6334971233813175,-0.7716768517970863,-0.05653521971420452,-0.46490459999959594,0.3212122617130233,0.8250372087514719,0.48190000000000005
1,1787599979.6340644,4339,106.16,-208.19,-1232.59,-0.6183411492799289,0.5489284498355581,-0.562433800609732,-0.6335232361997845,-0.7716489897903279,-0.05662283771163771,-0.4650833605947741,0.3213026509643168,0.8249012511696013,0.48450000000000004
1,1787599979.6939025,4342,106.13,-208.15,-1232.59,-0.6190339684104156,0.5491406149899744,-0.5614637396328327,-0.6335569594437329,-0.7716524523572162,-0.05619672509591867,-0.4641147757769242,0.32093157797188954,0.8255909381564264,0.4797
1,1787599979.7537422,4345,106.15,-208.14000000000001,-1232.63,-0.6185950176033697,0.54898838797819,-0.5620960363331122,-0.6335186474535978,-0.7716637734870664,-0.05647250672907923,-0.4647518988932172,0.3211647093826004,0.8251417465637882,0.48210000000000003
1,1787599979.8135808,4348,106.15,-208.11,-1232.63,-0.6184882599904897,0.5491314973034853,-0.5620737237437528,-0.6336561814196342,-0.7715469199238054,-0.056526048020149953,-0.4647064837105501,0.3212007923796594,0.825153279683269,0.4828
1,1787599979.8734205,4354,106.15,-208.17000000000002,-1232.6000000000001,-0.6185079453554835,0.5488767877516133,-0.5623008033069209,-0.6335450513971634,-0.7716506815263051,-0.05635506676559246,-0.46483178611440046,0.32138683477619184,0.8250102502697992,0.4828
1,1787599979.9332602,4357,106.13,-208.11,-1232.63,-0.6186820776463693,0.5490999423089505,-0.5618912173681657,-0.6334922543687064,-0.7716768364599832,-0.05658996135328834,-0.4646719815676712,0.3209425391365559,0.8252731887796635,0.4791
1,1787599979.9930997,4360,106.16,-208.14000000000001,-1232.6100000000001,-0.6185023100739491,0.5489421821337306,-0.5622431619036791,-0.6334971233813175,-0.7716768517970863,-0.05653521971420452,-0.46490459999959594,0.3212122617130233,0.8250372087514719,0.4849
1,1787599980.0529394,4363,106.14,-208.15,-1232.59,-0.6186877033727778,0.5490345881330732,-0.5619488826653761,-0.6335401613181063,-0.7716506982467449,-0.05640978543071082,-0.464599170998341,0.32111714518047435,0.8252462598393261,0.4862
1,1787599980.0978186,4366,106.15,-208.17000000000002,-1232.6000000000001,-0.6190966713438645,0.5491733592782665,-0.5613625682123553,-0.633461443240772,-0.7717195375882646,-0.05635206501871482,-0.4641615144087944,0.3207141667647055,0.8256491456897144,0.4818
1,1787599980.1576593,4369,106.13,-208.12,-1232.6100000000001,-0.6188543612814327,0.548982928000571,-0.5618158277290431,-0.6335618633420971,-0.771652408005868,-0.056142021136003015,-0.4643475474700389,0.3212013480399253,0.8253551048947929,0.48600000000000004
1,1787599980.2174973,4372,106.16,-208.13,-1232.64,-0.6183411492799289,0.5489284498355581,-0.562433800609732,-0.6335232361997845,-0.7716489897903279,-0.05662283771163771,-0.4650833605947741,0.3213026509643168,0.8249012511696013,0.48350000000000004
1,1787599980.262377,4375,106.14,-208.16,-1232.58,-0.6186119426946332,0.5487922244192571,-0.5622689381181711,-0.6336623365027098,-0.7715851547682804,-0.055932032317229444,-0.46453343007096787,0.32168842590023744,0.8250607547255709,0.4849
1,1787599980.3222158,4381,106.13,-208.14000000000001,-1232.6100000000001,-0.6186877033727778,0.5490345881330732,-0.5619488826653761,-0.6335401613181063,-0.7716506982467449,-0.05640978543071082,-0.464599170998341,0.32111714518047435,0.8252462598393261,0.4898
1,1787599980.3825605,4384,106.15,-208.13,-1232.6100000000001,-0.6186877033727778,0.5490345881330732,-0.5619488826653761,-0.6335401613181063,-0.7716506982467449,-0.05640978543071082,-0.464599170998341,0.32111714518047435,0.8252462598393261,0.48350000000000004
1,1787599980.4424002,4387,106.15,-208.15,-1232.6000000000001,-0.6185950176033697,0.54898838797819,-0.5620960363331122,-0.6335186474535978,-0.7716637734870664,-0.05647250672907923,-0.4647518988932172,0.3211647093826004,0.8251417465637882,0.4811
1,1787599980.5022395,4390,106.14,-208.15,-1232.6100000000001,-0.6185977913989227,0.5489298141141253,-0.5621501860295048,-0.6332636563908355,-0.7718459229346617,-0.05684199806173358,-0.4650955965937379,0.3208269477861423,0.8250794844154975,0.4883
1,1787599980.5471187,4393,106.15,-208.14000000000001,-1232.6200000000001,-0.6184966822569781,0.5490075674662788,-0.5621855075523293,-0.6334491812788768,-0.771702987402405,-0.05671537685076749,-0.46497740673524296,0.3210376770707189,0.8250641315236078,0.4832
1,1787599980.6069582,4396,106.14,-208.14000000000001,-1232.6000000000001,-0.6184882599904897,0.5491314973034853,-0.5620737237437528,-0.6336561814196342,-0.7715469199238054,-0.056526048020149953,-0.4647064837105501,0.3212007923796594,0.825153279683269,0.48090000000000005
1,1787599980.6667984,4399,106.16,-208.14000000000001,-1232.6000000000001,-0.6185893908317243,0.5490537577339907,-0.5620383765087761,-0.6334707229262667,-0.7716899103965087,-0.05665267325997485,-0.4648247075465218,0.320990114038443,0.8251686724202983,0.48400000000000004
1,1787599980.711677,4402,106.14,-208.15,-1232.6100000000001,-0.6184966822569781,0.5490075674662788,-0.5621855075523293,-0.6334491812788768,-0.771702987402405,-0.05671537685076749,-0.46497740673524296,0.3210376770707189,0.8250641315236078,0.48190000000000005
1,1787599980.7718725,4408,106.13,-208.14000000000001,-1232.6100000000001,-0.618237129164832,0.5490130707943456,-0.5624655546955653,-0.6334057007502073,-0.7717143184153874,-0.05704585006652938,-0.46538163949512007,0.3210010262439,0.8248504535800397,0.48450000000000004
1,1787599980.8317125,4411,106.16,-208.15,-1232.59,-0.6184966822569781,0.5490075674662788,-0.5621855075523293,-0.6334491812788768,-0.771702987402405,-0.05671537685076749,-0.46497740673524296,0.3210376770707189,0.8250641315236078,0.4828
1,1787599980.8915503,4414,106.14,-208.14000000000001,-1232.6000000000001,-0.6184854490193973,0.5491383109653725,-0.5620701600168547,-0.6333532548232268,-0.7717551546042472,-0.057075703645242545,-0.46512299873915025,0.3206884730885609,0.8251178699264899,0.4811
1,1787599980.9513903,4417,106.14,-208.14000000000001,-1232.6200000000001,-0.6184742456480754,0.549269018214311,-0.5619547607236115,-0.6332572720482634,-0.7718071831070594,-0.05743604706399907,-0.465268562088646,0.3203392229094546,0.8251714654529269,0.47990000000000005
1,1787599980.996278,4420,106.13,-208.14000000000001,-1232.6100000000001,-0.618493895430644,0.5490661206944202,-0.5621313871512671,-0.6337040866681103,-0.7715207517994709,-0.05634589677088573,-0.4646336533820636,0.3213753640968136,0.8251263197210938,0.48190000000000005
1,1787599981.0561082,4423,106.15,-208.14000000000001,-1232.58,-0.6184966822569781,0.5490075674662788,-0.5621855075523293,-0.6334491812788768,-0.771702987402405,-0.05671537685076749,-0.46497740673524296,0.3210376770707189,0.8250641315236078,0.4834
1,1787599981.1159482,4426,106.14,-208.14000000000001,-1232.6000000000001,-0.618580933533407,0.5491777026053152,-0.5619265785047779,-0.6336777017401742,-0.7715338388549806,-0.056463313921405835,-0.46455376328927633,0.3211532133777342,0.8252577867254125,0.48150000000000004
1,1787599981.1608276,4429,106.14,-208.14000000000001,-1232.6000000000001,-0.6183983305356748,0.5490267633636928,-0.5622749486693124,-0.6333796556712328,-0.7717421671103467,-0.056958224038468105,-0.46520287678869837,0.3209106427250636,0.8249864500786093,0.4823
1,1787599981.2206666,4435,106.15,-208.14000000000001,-1232.6000000000001,-0.6185893908317243,0.5490537577339907,-0.5620383765087761,-0.6334707229262667,-0.7716899103965087,-0.05665267325997485,-0.4648247075465218,0.320990114038443,0.8251686724202983,0.4837
1,1787599981.280506,4438,106.15,-208.15,-1232.6200000000001,-0.6185950176033697,0.54898838797819,-0.5620960363331122,-0.6335186474535978,-0.7716637734870664,-0.05647250672907923,-0.4647518988932172,0.3211647093826004,0.8251417465637882,0.48460000000000003
1,1787599981.3403451,4441,106.14,-208.14000000000001,-1232.6100000000001,-0.6186877033727778,0.5490345881330732,-0.5619488826653761,-0.6335401613181063,-0.7716506982467449,-0.05640978543071082,-0.464599170998341,0.32111714518047435,0.8252462598393261,0.4829
1,1787599981.4001846,4444,106.15,-208.15,-1232.63,-0.6187859995145084,0.5490154349465749,-0.5618593587324626,-0.6336095402516979,-0.7716114518902107,-0.056166874703094435,-0.4643735966943674,0.32124417426982893,0.8253237808223103,0.4844
1,1787599981.4450645,4447,106.14,-208.14000000000001,-1232.58,-0.6187916391158514,0.5489500782475666,-0.5619170036155773,-0.6336574014405995,-0.7715852430355766,-0.05598669778864788,-0.46430076993244923,0.3214187678430133,0.8252967773585537,0.4803
1,1787599981.5049298,4450,106.15,-208.14000000000001,-1232.6100000000001,-0.6188431084955268,0.5491135898454867,-0.5617005185279753,-0.6334661144596011,-0.7717047135374593,-0.05650236221189064,-0.4644931526933947,0.3208521474933131,0.8254089959225548,0.48190000000000005
1,1787599981.5647435,4453,106.14,-208.14000000000001,-1232.6100000000001,-0.6188487311596148,0.5490482634497101,-0.5617581795977631,-0.6335139959433671,-0.7716785781042839,-0.056322189577627926,-0.4644203536517347,0.32102675355460425,0.825382068266684,0.4807
1,1787599981.6096222,4456,106.15,-208.15,-1232.6100000000001,-0.6182400410559857,0.5490061324138356,-0.5624691264479277,-0.6337087070522949,-0.7715059600370241,-0.05649626742943596,-0.46496508066864717,0.3215133281830656,0.8248858427439804,0.48500000000000004
1,1787599981.6694663,4462,106.15,-208.14000000000001,-1232.6000000000001,-0.6186933365609575,0.5489692249038216,-0.5620065350185594,-0.633588054179475,-0.7716245253646734,-0.05622961369962781,-0.4645263532848665,0.32129173964520147,0.8252192951813617,0.4863
1,1787599981.7293017,4465,106.14,-208.14000000000001,-1232.6200000000001,-0.6185922097837979,0.5490469714898905,-0.562041903324456,-0.6337734629894125,-0.7714814653348853,-0.05610299684638972,-0.46440809166637637,0.3215023666203995,0.8252038249137462,0.48300000000000004
1,1787599981.7896466,4468,106.14,-208.15,-1232.6100000000001,-0.6186877033727778,0.5490345881330732,-0.5619488826653761,-0.6335401613181063,-0.7716506982467449,-0.05640978543071082,-0.464599170998341,0.32111714518047435,0.8252462598393261,0.4848
1,1787599981.8494856,4471,106.14,-208.15,-1232.6100000000001,-0.6185978591023893,0.5489815923594309,-0.5620995463122561,-0.6338213224738601,-0.7714552265861413,-0.05592284462017372,-0.46433524515314084,0.32167692584863605,0.825176790442596,0.4822
1,1787599981.8943672,4474,106.14,-208.14000000000001,-1232.6000000000001,-0.6185051887026004,0.5489353403321816,-0.562246675118984,-0.6337998548891177,-0.7714683115753513,-0.05598560687899704,-0.4644879713087237,0.3217244727549773,0.8250722926750346,0.4832
1,1787599981.9542062,4477,106.15,-208.14000000000001,-1232.6100000000001,-0.6184966822569781,0.5490075674662788,-0.5621855075523293,-0.6334491812788768,-0.771702987402405,-0.05671537685076749,-0.46497740673524296,0.3210376770707189,0.8250641315236078,0.4824
1,1787599982.0144072,4480,106.15,-208.15,-1232.59,-0.6185922097837979,0.5490469714898905,-0.562041903324456,-0.6337734629894125,-0.7714814653348853,-0.05610299684638972,-0.46440809166637637,0.3215023666203995,0.8252038249137462,0.4818
1,1787599982.074247,4486,106.17,-208.18,-1232.6100000000001,-0.6184254767212625,0.5490986115349756,-0.5621749234468228,-0.6337517563493901,-0.7714797766876833,-0.05637078574923083,-0.46465970458620864,0.32141821505988766,0.8250949581481959,0.4811
1,1787599982.1340857,4489,106.16,-208.28,-1232.56,-0.6185950176033697,0.54898838797819,-0.5620960363331122,-0.6335186474535978,-0.7716637734870664,-0.05647250672907923,-0.4647518988932172,0.3211647093826004,0.8251417465637882,0.48160000000000003
1,1787599982.178965,4492,106.09,-208.45000000000002,-1232.44,-0.6186933365609575,0.5489692249038216,-0.5620065350185594,-0.633588054179475,-0.7716245253646734,-0.05622961369962781,-0.4645263532848665,0.32129173964520147,0.8252192951813617,0.48090000000000005
1,1787599982.2388046,4495,106.16,-208.71,-1232.39,-0.6185977913989227,0.5489298141141253,-0.5621501860295048,-0.6332636563908355,-0.7718459229346617,-0.05684199806173358,-0.4650955965937379,0.3208269477861423,0.8250794844154975,0.4834
1,1787599982.2986486,4498,106.19,-208.22,-1232.6100000000001,-0.6186764593824002,0.5491652874271309,-0.5618335391298157,-0.6334443333335268,-0.7717029400012848,-0.05677014145673258,-0.46474478498817107,0.3207679215234126,0.825300081999177,0.48100000000000004
1,1787599982.3435283,4501,106.23,-208.15,-1232.67,-0.6190395964399336,0.5490753107088586,-0.5615213987101958,-0.6336047916766665,-0.7716262796502803,-0.05601653789226326,-0.4640419657787991,0.3211061938409752,0.825563968613644,0.4827
1,1787599982.4033682,4504,106.19,-208.44,-1232.51,-0.6182427536213765,0.5489476511600295,-0.5625232207478589,-0.6334536999816864,-0.7716882160074406,-0.05686569488509922,-0.46530883032043313,0.32117561171598935,0.8248235683251846,0.4797
1,1787599982.4632068,4507,106.26,-208.18,-1232.66,-0.6184910619052384,0.549072943744934,-0.5621278402557585,-0.6334012250920948,-0.771729088339158,-0.05689553816465576,-0.46505020631665606,0.32086308085924276,0.8250910185830113,0.48450000000000004
1,1787599982.5230465,4513,106.27,-208.32,-1232.6200000000001,-0.6183298949862938,0.549059267009615,-0.5623184705103534,-0.6334272869672386,-0.7717012318853612,-0.0569831627056574,-0.4652289899517898,0.3209534701751643,0.8249550635585899,0.4837
1,1787599982.582886,4516,106.31,-208.01,-1232.75,-0.6183327697633888,0.5490523748169323,-0.5623220389995601,-0.6337302368062995,-0.7714928668268467,-0.05643353074834913,-0.46481240602437407,0.3214657775614384,0.824990412709537,0.48140000000000005
1,1787599982.6277657,4519,106.36,-208.36,-1232.6100000000001,-0.6192034314601824,0.5490302087490614,-0.5613848415738507,-0.6333238505054944,-0.7718363613624489,-0.05629859376280622,-0.46420686213026774,0.3206781270366556,0.8256376493301605,0.49350000000000005
1,1787599982.687605,4522,106.26,-208.45000000000002,-1232.55,-0.6185893908317243,0.5490537577339907,-0.5620383765087761,-0.6334707229262667,-0.7716899103965087,-0.05665267325997485,-0.4648247075465218,0.320990114038443,0.8251686724202983,0.4813
1,1787599982.747444,4525,106.28,-208.36,-1232.6000000000001,-0.6187448399051105,0.5491327540309308,-0.5617900333231309,-0.6333966866684126,-0.7717438791792612,-0.05674524003670088,-0.46471868954053935,0.3207251212483226,0.825331409914813,0.48310000000000003
1,1787599982.8072836,4528,106.2,-208.53,-1232.46,-0.6185079453554835,0.5488767877516133,-0.5623008033069209,-0.6335450513971634,-0.7716506815263051,-0.05635506676559246,-0.46483178611440046,0.32138683477619184,0.8250102502697992,0.4793
1,1787599982.8671227,4534,106.24000000000001,-208.71,-1232.3600000000001,-0.6195837131950844,0.550693342921769,-0.5593325168493586,-0.6330743022087575,-0.7718642089465505,-0.05867342524695809,-0.4640398153459313,0.3177459441266913,0.8268642964626972,0.48150000000000004
1,1787599982.941927,4537,106.31,-208.4,-1232.43,-0.6220623242746299,0.5560992901885713,-0.5511733340518321,-0.6319381798345641,-0.7722120738292538,-0.06589878526726575,-0.46226897103896486,0.3073143219638328,0.8317844107282165,0.4867
1,1787599983.0017622,4540,106.71000000000001,-208.4,-1232.42,-0.6281569155088654,0.5636401809314977,-0.5364034264785198,-0.6301457466393576,-0.7729203554355452,-0.07423248713142361,-0.4564375395283725,0.29138268753119007,0.8406907290534291,0.4838
1,1787599983.061601,4543,106.97,-208.44,-1232.29,-0.6358710481187222,0.5712199293304441,-0.5190142604015038,-0.6275299777921314,-0.7741359859115761,-0.083184146860559,-0.4493040586691875,0.27280261665246985,0.8507082903151706,0.48090000000000005
1,1787599983.1214573,4549,107.53,-208.93,-1232.0,-0.6521840048986893,0.5779245428794103,-0.4905703277736342,-0.6219928254901878,-0.7778906381073134,-0.08950463777776721,-0.43333699218164956,0.24675773115065944,0.8667927510797145,0.48040000000000005
1,1787599983.1812794,4552,107.74000000000001,-209.01,-1231.95,-0.6563603881022253,0.5790012162276482,-0.4836823674036508,-0.6207594790451232,-0.7788258245143876,-0.08993333222510767,-0.42877582733396175,0.24122173757020404,0.8706109137942669,0.48910000000000003
1,1787599983.2411401,4555,107.76,-209.22,-1231.8600000000001,-0.6551696686890304,0.580961554447764,-0.4829455222730034,-0.6209566227510436,-0.778216862002341,-0.09376240374930565,-0.4303087006923338,0.2384579374834634,0.8706160084443706,0.4922
1,1787599983.3014965,4558,107.78,-209.54,-1231.81,-0.6520125017718249,0.5867866858204296,-0.4801677653457405,-0.6225758474904571,-0.7757951405452217,-0.1026704145699174,-0.43275745129897514,0.23199845958604107,0.8711473486700853,0.4857
1,1787599983.3613045,4561,107.82000000000001,-209.75,-1231.8500000000001,-0.6459893486565369,0.5964396105757124,-0.47640062170257047,-0.6251817183696877,-0.7714854916481682,-0.11814379032648664,-0.4380018041499689,0.22151732914757896,0.8712545508912394,0.4902
1,1787599983.4216466,4567,108.12,-210.16,-1231.95,-0.6308866883029665,0.6210599615913709,-0.4650446329442378,-0.6316069426130657,-0.7592116711762239,-0.157067846463816,-0.4506158636411852,0.19463340529808973,0.8712423204694424,0.48550000000000004
1,1787599983.4814863,4570,108.21000000000001,-210.41,-1231.97,-0.6230890718377073,0.6332214479091498,-0.4591193814949056,-0.6345439744681447,-0.752438962162895,-0.17660564171451756,-0.45728979107628825,0.18129039171193223,0.8706433488233508,0.48150000000000004
1,1787599983.5263658,4573,108.28,-210.71,-1232.04,-0.6153553220888043,0.6450201276716696,-0.45308593277148534,-0.6369544765972729,-0.7455060608652245,-0.19623890530654275,-0.4643563527288909,0.16783845838078662,0.8695995800186906,0.4934
1,1787599983.586205,4576,108.39,-210.94,-1232.05,-0.6076299066636951,0.6556314048922308,-0.44825590620415595,-0.6393201348905813,-0.7386401815582836,-0.2137298465611087,-0.47122782351147124,0.1567103797027683,0.8679782227925168,0.48500000000000004
1,1787599983.6460445,4579,108.56,-210.9,-1232.22,-0.6021909726322046,0.6640550835948547,-0.44316687424954276,-0.6409401651052461,-0.7330874796251775,-0.2275487903102646,-0.47598501786835606,0.14701562219245803,0.8670782372982413,0.49100000000000005
1,1787599983.7058837,4582,108.65,-210.82,-1232.3700000000001,-0.5982802314470952,0.6686957023909176,-0.441482527699033,-0.6421069830214107,-0.7296862138809486,-0.2350673342411235,-0.4793322303108272,0.14284287478206142,0.865931016946064,0.4762
1,1787599983.7657564,4585,108.60000000000001,-211.05,-1232.31,-0.5983423372604557,0.6692198713496089,-0.4406032356128446,-0.6419311460866547,-0.729468140700301,-0.23622158112060762,-0.47949019919657265,0.14149556704737698,0.8660647512630752,0.4852
1,1787599983.8106024,4588,108.59,-211.05,-1232.32,-0.5983380950383472,0.6691239620970321,-0.4407546339784204,-0.6420409034351348,-0.7294864069719627,-0.23586661561003505,-0.47934851866056477,0.1418545219254767,0.8660844602388481,0.48250000000000004
1,1787599983.8704436,4594,108.54,-211.01,-1232.32,-0.5989359177196596,0.6681766065821477,-0.4413794160149239,-0.641815123549899,-0.7301532495434332,-0.23441326618558345,-0.4789040756226003,0.14288545971347535,0.866160857897961,0.48150000000000004
1,1787599983.9303095,4597,108.47,-211.02,-1232.28,-0.5983150804819711,0.668536710184349,-0.4416760482567965,-0.6419370891393122,-0.7298270074054067,-0.23509426375183012,-0.47951625421376404,0.14286779342299638,0.8658250143921951,0.4776
1,1787599983.9756742,4600,108.5,-211.12,-1232.25,-0.5989833022870288,0.6683649368331073,-0.44102983435749843,-0.6420231560764473,-0.7299986475689237,-0.23432507678261913,-0.47856584776074856,0.1427945578781591,0.8663627667423257,0.48100000000000004
1,1787599984.035506,4603,108.5,-211.11,-1232.24,-0.5987429090910582,0.6682563750150501,-0.44152049336913174,-0.6420978156659101,-0.729995824027318,-0.23412922077293993,-0.47876646074077045,0.14331613361524176,0.8661657820044234,0.48150000000000004
1,1787599984.0958514,4606,108.52,-211.06,-1232.3,-0.5983088972980376,0.6683923497096687,-0.44190285161287934,-0.6421016218936768,-0.7298536348391003,-0.23456167392322053,-0.47930363088079797,0.14340620126668666,0.8658537352594503,0.48100000000000004
1,1787599984.1556923,4609,108.49000000000001,-211.1,-1232.27,-0.5986233015227624,0.6682791685096933,-0.44164815839079546,-0.641577443785019,-0.7301199833951096,-0.2351663102432103,-0.47961289234159343,0.14257546346801092,0.8658196756349519,0.48700000000000004
1,1787599984.2155302,4615,108.5,-211.12,-1232.26,-0.598909304271983,0.6685277304839399,-0.4408835660698207,-0.6417658872166803,-0.7299768298114805,-0.23509652048332813,-0.4790033311590186,0.14214253941861837,0.8662282073600409,0.48250000000000004
1,1787599984.27537,4618,108.51,-211.06,-1232.27,-0.5988228481254229,0.6684024800870018,-0.4411907990614739,-0.6418372683368923,-0.7300086522988916,-0.23480265872130188,-0.47901578004987777,0.1425675004420755,0.866151482294469,0.4797
1,1787599984.3357186,4621,108.53,-211.06,-1232.28,-0.5989051485188579,0.6684317259542534,-0.4410347501222809,-0.6418754678698085,-0.7299947543275399,-0.23474143733305616,-0.4788616781749393,0.142501531192099,0.8662475435944325,0.4811
1,1787599984.3955579,4624,108.5,-211.14000000000001,-1232.24,-0.5988249223201726,0.6684505069671106,-0.44111521413759014,-0.6417824671617013,-0.7299997076846564,-0.23498019411038887,-0.47908660725601493,0.14238801394685208,0.8661418337848554,0.48400000000000004
1,1787599984.440438,4627,108.53,-211.15,-1232.25,-0.5989874254007709,0.6684609614611915,-0.44087867629784,-0.6419136584952813,-0.7299808603265513,-0.23468020494731048,-0.478707550858517,0.1424355523009885,0.8663435774516673,0.47700000000000004
1,1787599984.500277,4630,108.5,-211.08,-1232.29,-0.5986667266113925,0.6683713239701204,-0.44144979753402136,-0.6418952922002827,-0.7299832033077887,-0.23472314913449302,-0.4791331592569168,0.1428436074275916,0.8660410611036626,0.47790000000000005
1,1787599984.5601165,4633,108.53,-211.11,-1232.26,-0.5989010247713681,0.6683356659618725,-0.4411859020085589,-0.6419849994287817,-0.7300125407974968,-0.23438632807143506,-0.47871998395328397,0.14286051897457078,0.866266730910338,0.4813
1,1787599984.6199553,4639,108.53,-211.17000000000002,-1232.26,-0.5988249223201726,0.6684505069671106,-0.44111521413759014,-0.6417824671617013,-0.7299997076846564,-0.23498019411038887,-0.47908660725601493,0.14238801394685208,0.8661418337848554,0.4894
1,1787599984.6797948,4642,108.51,-211.14000000000001,-1232.26,-0.5985843678783259,0.6683420321051278,-0.44160580006754124,-0.6418570828802621,-0.7299971138001459,-0.23478436702620775,-0.47928722045152133,0.1429095586902609,0.8659449280103264,0.4781
1,1787599984.7246757,4645,108.55,-211.12,-1232.28,-0.598504053541823,0.668360832017709,-0.44168619643203993,-0.6417640148022519,-0.7300021179733773,-0.2350230989908834,-0.4795120928599216,0.1427960292829571,0.8658391575934407,0.48310000000000003
1,1787599984.7845135,4648,108.54,-211.16,-1232.24,-0.5989030826442846,0.6683837028895662,-0.44111033008852246,-0.6419302397878028,-0.7300036648188155,-0.23456388596088756,-0.4787908362167629,0.14268102558760415,0.8662571558677724,0.47850000000000004
1,1787599984.8443537,4651,108.51,-211.19,-1232.24,-0.5988249223201726,0.6684505069671106,-0.44111521413759014,-0.6417824671617013,-0.7299997076846564,-0.23498019411038887,-0.47908660725601493,0.14238801394685208,0.8661418337848554,0.4822
1,1787599984.9041927,4654,108.55,-211.20000000000002,-1232.27,-0.5986708691153061,0.668467443653648,-0.4412986146000021,-0.6417856481345392,-0.7299653466717574,-0.23507823061038763,-0.47927484006700527,0.14248462876232743,0.8660218000981316,0.4839
1,1787599984.9650295,4660,108.52,-211.4,-1232.1100000000001,-0.5988228481254229,0.6684024800870018,-0.4411907990614739,-0.6418372683368923,-0.7300086522988916,-0.23480265872130188,-0.47901578004987777,0.1425675004420755,0.866151482294469,0.4796
1,1787599985.03886,4663,108.51,-211.37,-1232.13,-0.5991067157058819,0.6683791783180814,-0.4408405802407011,-0.6417271630021786,-0.7300987335803698,-0.23482352413997085,-0.4788083034590012,0.14221502457612056,0.8663241283281486,0.4811
1,1787599985.0986705,4666,108.65,-211.54,-1232.1200000000001,-0.59854296814635,0.6682979921047839,-0.44172854676970086,-0.6414842919953857,-0.7301249168472468,-0.23540498916118943,-0.47983770006715426,0.14246192314971448,0.8657137991546332,0.48050000000000004
1,1787599985.1585095,4669,108.52,-211.47,-1232.05,-0.5985061294350664,0.6684089202800965,-0.44161060711745986,-0.6417091526749187,-0.729993173176451,-0.23520061753535879,-0.4795829192140746,0.14261655726377656,0.8658295104651577,0.4879
1,1787599985.2183487,4675,108.49000000000001,-211.58,-1231.98,-0.5982674272064137,0.6683483714510848,-0.44202549691448917,-0.6417289002153388,-0.7299817056195498,-0.2351823294577731,-0.4798542530521431,0.14295860883296074,0.8656227423007752,0.48560000000000003
1,1787599985.2781885,4678,108.55,-211.49,-1232.06,-0.5985905946008538,0.6684862438625826,-0.44137902286118263,-0.6416925474341109,-0.7299702782433324,-0.23531695104448702,-0.47949971284967197,0.1423711159183914,0.8659159836434679,0.47940000000000005
1,1787599985.33803,4681,108.49000000000001,-211.41,-1232.05,-0.5989483841645158,0.6684647513923658,-0.44092596799537476,-0.6414862597115073,-0.7300994704566709,-0.2354785379609564,-0.4793289180803266,0.14180846020189128,0.8661028512290629,0.4848
1,1787599985.3984888,4684,108.61,-211.43,-1232.1000000000001,-0.5987532037157632,0.6684966898046166,-0.44114258098757597,-0.641823882518116,-0.7299514393718116,-0.2350170206355114,-0.4791207623026597,0.1424186500402623,0.8661179037817125,0.48450000000000004
1,1787599985.4583282,4687,108.54,-211.3,-1232.1200000000001,-0.5989936700720971,0.6686048943957362,-0.4406518789289635,-0.6417493200689031,-0.7299539206180289,-0.23521284821511967,-0.4789200281932884,0.1418970364892613,0.8663145142677138,0.4828
1,1787599985.5181677,4693,108.59,-211.33,-1232.1200000000001,-0.598586435444624,0.6683901165576476,-0.44153021571547424,-0.6418022500021278,-0.729988203126415,-0.23496190156805014,-0.4793580615718331,0.14273007876520646,0.8659353171119496,0.48560000000000003
1,1787599985.578007,4696,108.60000000000001,-211.32,-1232.15,-0.5986708691153061,0.668467443653648,-0.4412986146000021,-0.6417856481345392,-0.7299653466717574,-0.23507823061038763,-0.47927484006700527,0.14248462876232743,0.8660218000981316,0.47840000000000005
1,1787599985.637846,4699,108.60000000000001,-211.42000000000002,-1232.1000000000001,-0.5986274764231592,0.6683753118260248,-0.44149698414904753,-0.6414676760582243,-0.7301019876354342,-0.23552135407060118,-0.479754484130895,0.14221649057775484,0.8658002684014636,0.48600000000000004
1,1787599985.6976855,4702,108.61,-211.36,-1232.1200000000001,-0.5990285979215633,0.6684459502067921,-0.44084549507085263,-0.6415793475141327,-0.7300946262883964,-0.2352398297655964,-0.47910403850882527,0.14192197968231,0.8662086769177437,0.4828
1,1787599985.7575245,4705,108.64,-211.48000000000002,-1232.06,-0.5985103052481349,0.6685050552001094,-0.44145940434391395,-0.6415993916236707,-0.7299751800546859,-0.23555563498304302,-0.4797245409398189,0.1422576102569839,0.8658101045518308,0.4863
1,1787599985.817364,4711,108.62,-211.43,-1232.07,-0.5984343601355787,0.6684550834283076,-0.4416379943437554,-0.6417505430887048,-0.7299449079294853,-0.23523747965230318,-0.47961709420586024,0.1426472321030791,0.8658055267315273,0.4887
1,1787599985.877204,4714,108.59,-211.45000000000002,-1232.09,-0.5985103052481349,0.6685050552001094,-0.44145940434391395,-0.6415993916236707,-0.7299751800546859,-0.23555563498304302,-0.4797245409398189,0.1422576102569839,0.8658101045518308,0.4854
1,1787599985.9370427,4717,108.64,-211.46,-1232.09,-0.5985947857869318,0.6685823156829227,-0.4412277978377585,-0.64158279580698,-0.7299522153199229,-0.23567197430758727,-0.47964132281653593,0.14201214914787252,0.8658965012870798,0.48190000000000005
1,1787599985.996882,4720,108.63,-211.48000000000002,-1232.04,-0.5980043239434519,0.6686874248331853,-0.44186870947703294,-0.6416438746594904,-0.7297845401678297,-0.23602470854549545,-0.48029570751453915,0.1423785545719327,0.8654735007734874,0.4872
1,1787599986.0417619,4723,108.58,-212.05,-1231.91,-0.5980931406302732,0.6688608897104703,-0.4414857929160735,-0.641517304044521,-0.7297432425163218,-0.23649598012062287,-0.4803541857238945,0.14177415214869907,0.8655402625181869,0.49010000000000004
1,1787599986.1016011,4726,108.5,-214.37,-1231.38,-0.5982666471604344,0.6689347145764775,-0.44113871574585123,-0.6392420070464679,-0.7303913382327156,-0.24062034299249557,-0.4831631974008529,0.13803927219856518,0.8645799465684333,0.4811
1,1787599986.1614408,4729,108.43,-218.49,-1230.32,-0.5975288786650313,0.6690080064222439,-0.44202661289140166,-0.6354385241944587,-0.731296663716364,-0.24783678420864722,-0.4890573802028537,0.13279110279024728,0.8620843357171449,0.48300000000000004
1,1787599986.2063203,4732,108.36,-223.82,-1228.91,-0.5971757249800875,0.6693650174923199,-0.44196337727464813,-0.6303893397153024,-0.7323606729815991,-0.2574045940600983,-0.495974227019723,0.12489322650746627,0.8593085872401969,0.47290000000000004
1,1787599986.26616,4738,108.13,-234.1,-1225.89,-0.596392309063285,0.67011266986398,-0.44188824761237044,-0.6207734350434965,-0.7340483029937647,-0.2753423890654549,-0.5088777417361277,0.11010040217793433,0.8537689063240685,0.47850000000000004
1,1787599986.325998,4741,108.04,-237.91,-1224.3700000000001,-0.5962753637126018,0.6702792001915988,-0.4417934861673663,-0.6168154643800423,-0.7347571424377719,-0.28225985286312383,-0.5138038278672484,0.10420045790297722,0.8515561584779788,0.4767
1,1787599986.3858385,4744,107.98,-240.85,-1222.77,-0.5960414417504784,0.6706524940507117,-0.441542559601644,-0.6135117228109145,-0.7351368098812942,-0.28840464061997617,-0.51801348021996,0.09899041863288631,0.8496251710779826,0.47350000000000003
1,1787599986.4456792,4747,107.91,-243.33,-1220.97,-0.5957316749859187,0.6706683667925186,-0.4419363225650584,-0.611026807303938,-0.7355537722070706,-0.29258654949929774,-0.5212964724362019,0.0957318649970039,0.8479890316801082,0.4741
1,1787599986.4905572,4750,107.83,-245.78,-1218.92,-0.5961794879643229,0.6707906238490521,-0.44114618561968494,-0.6089057389503495,-0.735907335598369,-0.2960982851788212,-0.5232626675045018,0.09208872009485862,0.8471811190219976,0.4687
1,1787599986.550397,4753,107.73,-248.22,-1216.6100000000001,-0.596310491465769,0.6707895523697898,-0.4409707180747834,-0.6077568474581567,-0.7361234790858494,-0.29791582352447776,-0.5244477210700565,0.0903526422971793,0.8466350972493063,0.4667
1,1787599986.6102395,4756,107.62,-250.73000000000002,-1213.98,-0.59594398975586,0.6708157084735087,-0.44142615049298134,-0.6071291202386475,-0.7361709280140414,-0.29907623794810434,-0.5255901373048333,0.08976998391517028,0.8459883909107481,0.46740000000000004
1,1787599986.6551192,4759,107.5,-253.57,-1211.08,-0.5957056635593939,0.6708511607623208,-0.44169387872949883,-0.606180470076672,-0.7362801828676224,-0.30072700246909256,-0.5269535084814289,0.08860142448215776,0.8452631468831736,0.4691
1,1787599986.7149582,4765,107.27,-260.14,-1204.8,-0.5949946135569939,0.6710706074795958,-0.44231849341298135,-0.6048741963466441,-0.7362666406204071,-0.3033787080589897,-0.5292528851429766,0.08703834606945683,0.8439879797019202,0.47290000000000004
1,1787599986.774797,4768,107.17,-263.15,-1201.81,-0.5949293527217295,0.6711559749211977,-0.4422767488775329,-0.6040092892779765,-0.7363416525593754,-0.30491597067395754,-0.5303129677237939,0.08573580368611734,0.8434557061460181,0.4772
1,1787599986.8346374,4771,107.04,-265.14,-1199.1200000000001,-0.5952576202482491,0.6711346140645494,-0.4418672824964748,-0.604170953963724,-0.7363668254420612,-0.30453465611477576,-0.52976015697951,0.08568680290925314,0.8438080041598539,0.4727
1,1787599986.8944757,4774,106.99000000000001,-265.86,-1196.98,-0.5957842961629543,0.6710833804414954,-0.4412348229013988,-0.604813870893895,-0.736356544987704,-0.30328076138804916,-0.528432828295098,0.08617502624883354,0.8445902028978648,0.4708
1,1787599986.9400308,4777,106.93,-265.79,-1195.33,-0.595823992329349,0.6710773309599606,-0.4411904192481645,-0.6052858554769265,-0.736287866262129,-0.30250489443102613,-0.5278473295606229,0.08680664644378687,0.8448915923412319,0.4696
1,1787599986.99987,4780,106.87,-265.5,-1194.06,-0.5955613229623363,0.6710136256535479,-0.44164173803959245,-0.6059872132893662,-0.7361853545045655,-0.3013480067011814,-0.5273387980427192,0.08815802856386633,0.8450692007632231,0.47090000000000004
1,1787599987.0597153,4783,106.87,-265.76,-1192.99,-0.5955214889574373,0.6710198028636501,-0.4416860653843914,-0.605515839808679,-0.7362550798184535,-0.30212418834365573,-0.527924922626984,0.08752646232054982,0.8447688408451998,0.47650000000000003
1,1787599987.1045887,4786,106.82000000000001,-266.97,-1192.02,-0.5950864940948852,0.6711414067956453,-0.4420874083597272,-0.6048574557992805,-0.7362311624785949,-0.30349816071837743,-0.529168709118254,0.08679220863521693,0.8440661051187528,0.4763
1,1787599987.1644282,4792,106.71000000000001,-272.07,-1190.28,-0.5955655572775568,0.671172488856151,-0.44139455953524503,-0.6022587924865256,-0.7366777349979479,-0.30755529849275115,-0.5315881995091174,0.08266441169531792,0.8429594184667026,0.46440000000000003
1,1787599987.2242675,4795,106.65,-275.61,-1189.5,-0.5952167906809047,0.6712545789493679,-0.4417400393116189,-0.6000112825220423,-0.7369253475358305,-0.3113318053226322,-0.5345123318855963,0.07973908952767243,0.8413906611458911,0.4662
1,1787599987.2841132,4798,106.61,-279.58,-1188.83,-0.5953846023512435,0.6713777274183882,-0.4413265484984696,-0.597303815598937,-0.737247590971441,-0.3157437908776003,-0.5373502834781076,0.07561703996671094,0.83996234208009,0.46440000000000003
1,1787599987.3439465,4801,106.55,-283.74,-1188.31,-0.5951724714983996,0.6714392936205357,-0.4415189737178262,-0.594055958867651,-0.7376246831703733,-0.32094757283961817,-0.5411721046989787,0.07126781714183629,0.8378864191139006,0.466
1,1787599987.3888257,4804,106.49000000000001,-287.89,-1187.79,-0.5951896359437541,0.6716973712283982,-0.4411030931086302,-0.5909642301992288,-0.7378295596681013,-0.326142330133653,-0.5445278467536572,0.06655961511934384,0.8360976269222337,0.466
1,1787599987.4486656,4807,106.42,-291.87,-1187.3600000000001,-0.5952271893202394,0.6717557038126611,-0.4409635670767873,-0.5877327404933922,-0.7381697829824463,-0.3311730623764186,-0.5479733742127028,0.06204551463888997,0.8341915459096554,0.4601
1,1787599987.508505,4810,106.39,-295.52,-1186.95,-0.5946589594513131,0.6719997337097163,-0.4413582216729985,-0.5844260771761531,-0.7382982428571986,-0.3366925376518847,-0.552111295175868,0.057724020026701635,0.8317698330975837,0.46330000000000005
1,1787599987.568346,4816,106.38,-301.67,-1186.38,-0.5945288654388133,0.6722449352112619,-0.44116003359647565,-0.5797083787900118,-0.7385620878424316,-0.3441863419174046,-0.5572016006085172,0.05111545250347007,0.8288025016821993,0.4617
1,1787599987.6281877,4819,106.36,-303.78000000000003,-1186.18,-0.5949825259610121,0.6723315033674643,-0.4404158754866802,-0.5781898932786181,-0.7386615583064476,-0.34651919079720617,-0.5582940453842524,0.04847114461136517,0.8282259999713548,0.4575
1,1787599987.6880226,4822,106.32000000000001,-304.99,-1186.03,-0.5948376228293862,0.672439801586742,-0.4404462688100196,-0.5771571121003702,-0.7386546307344924,-0.3482513523971602,-0.559515746354511,0.047053689934728686,0.8274829785831738,0.4581
1,1787599987.7478638,4825,106.28,-305.83,-1185.92,-0.594226570598193,0.6722897763059434,-0.44149885556999513,-0.5762869094453243,-0.7388057111668729,-0.34937017495654593,-0.5610598727382553,0.046824970066361146,0.8264497815240905,0.46390000000000003
1,1787599987.8077016,4828,106.12,-306.23,-1185.71,-0.5936322662250014,0.6722836000949969,-0.44230701276362266,-0.5761034752237636,-0.7387865909525191,-0.3497129663936664,-0.5618767821610638,0.0472137064004246,0.8258724765944577,0.47300000000000003
1,1787599987.867563,4834,106.15,-306.02,-1185.83,-0.5942334815266825,0.6723347311594376,-0.441421090014336,-0.5762206894631555,-0.7387760967045736,-0.3495419802721273,-0.5611205632190676,0.04664641695480115,0.8264186743521683,0.4637
1,1787599987.92738,4837,106.09,-306.15000000000003,-1185.76,-0.5941972328133199,0.6723224938148332,-0.44148851947428636,-0.5759334934486033,-0.7388071998538362,-0.34994932857232575,-0.5614537021349857,0.04632910267572225,0.8262102363225606,0.4686
1,1787599987.9722595,4840,106.11,-306.08,-1185.81,-0.594226570598193,0.6722897763059434,-0.44149885556999513,-0.5762869094453243,-0.7388057111668729,-0.34937017495654593,-0.5610598727382553,0.046824970066361146,0.8264497815240905,0.46090000000000003
1,1787599988.0321004,4843,106.06,-306.17,-1185.78,-0.594456159023399,0.6723597960131013,-0.44108296238277944,-0.5759342555078693,-0.738794440804517,-0.3499750099206195,-0.561178766821896,0.0459899874055441,0.8264159441387212,0.4605
1,1787599988.0919383,4846,106.07000000000001,-306.11,-1185.8,-0.5939814328444241,0.6723422001007993,-0.441748823880383,-0.5761537502007307,-0.7387591432963643,-0.34968812437035385,-0.5614560655703338,0.046806988363262844,0.8261816944683792,0.467
1,1787599988.1368515,4849,106.07000000000001,-306.06,-1185.83,-0.5942555160732089,0.6721833074332008,-0.44162199087537246,-0.5760338538412431,-0.7389129605024352,-0.34956063283832806,-0.5612890350304108,0.04666088307876497,0.8263034437450566,0.4641
1,1787599988.1966574,4852,106.05,-306.13,-1185.78,-0.5938983686287628,0.6723662848570864,-0.44182384128470664,-0.5760378937219407,-0.7387442433189557,-0.3499103999018802,-0.5616627749250296,0.046696059261814714,0.8260474594797401,0.46950000000000003
1,1787599988.2562182,4855,106.04,-306.08,-1185.83,-0.5940644855053316,0.672318124913493,-0.44167377777505723,-0.5762695606492277,-0.7387740159069178,-0.349465802175136,-0.5612493033674357,0.046917931897836655,0.826315876124862,0.4666
1,1787599988.315885,4861,106.03,-306.06,-1185.81,-0.5941366359200104,0.6722688714268206,-0.4416516980247693,-0.5762373787009981,-0.7388204458506015,-0.34942070943337206,-0.5612059704292672,0.046892571945110734,0.8263467464998678,0.45880000000000004
1,1787599988.3757248,4864,106.05,-306.06,-1185.81,-0.5942334815266825,0.6723347311594376,-0.441421090014336,-0.5762206894631555,-0.7387760967045736,-0.3495419802721273,-0.5611205632190676,0.04664641695480115,0.8264186743521683,0.46790000000000004
1,1787599988.4206038,4867,106.01,-306.11,-1185.78,-0.59444922702911,0.6723148985456547,-0.44116073451525506,-0.5760004901683919,-0.7388241621611623,-0.3498032200146652,-0.5611181264317393,0.04616854557382334,0.8264471632169428,0.467
1,1787599988.4804428,4870,106.03,-306.07,-1185.81,-0.5944063747152655,0.6723315527925185,-0.4411930924407769,-0.576385953111116,-0.7387762524880663,-0.3492690679345639,-0.5607675942438592,0.04668974062135398,0.8266557768301537,0.4662
1,1787599988.540283,4873,106.02,-306.1,-1185.79,-0.59444922702911,0.6723148985456547,-0.44116073451525506,-0.5760004901683919,-0.7388241621611623,-0.3498032200146652,-0.5611181264317393,0.04616854557382334,0.8264471632169428,0.4681
1,1787599988.6001244,4876,106.05,-306.07,-1185.82,-0.5943523796290513,0.6722491338503642,-0.44139138059857824,-0.5760171641803211,-0.7388685778581636,-0.3496819286487588,-0.5612035953189759,0.04641472494036386,0.8263753371862967,0.464
1,1787599988.659961,4879,106.02,-306.1,-1185.79,-0.5941903039424332,0.6722775385666921,-0.44156629608645237,-0.5759997620175701,-0.7388368890811127,-0.3497775371413183,-0.5613930502388691,0.04650766035454082,0.8262414179111606,0.4681
1,1787599988.7048414,4882,106.02,-306.09000000000003,-1185.79,-0.5939745171742904,0.6722972024501159,-0.44182660006536106,-0.5762200133472657,-0.7387887593919068,-0.3495163303970849,-0.5613953768652228,0.04698553579470115,0.8262127996227359,0.463
1,1787599988.7646801,4888,106.04,-306.09000000000003,-1185.79,-0.5939745171742904,0.6722972024501159,-0.44182660006536106,-0.5762200133472657,-0.7387887593919068,-0.3495163303970849,-0.5613953768652228,0.04698553579470115,0.8262127996227359,0.468
1,1787599988.8245199,4891,106.03,-306.07,-1185.81,-0.5942334815266825,0.6723347311594376,-0.441421090014336,-0.5762206894631555,-0.7387760967045736,-0.3495419802721273,-0.5611205632190676,0.04664641695480115,0.8264186743521683,0.4642
1,1787599988.884359,4894,106.02,-306.11,-1185.8,-0.5936034203001005,0.672390004307781,-0.4421839679533899,-0.5763565934503925,-0.7386792425466738,-0.34952260844891175,-0.5616476267147233,0.04737782960050657,0.8260189372333203,0.47090000000000004
1,1787599988.9441981,4897,106.03,-306.08,-1185.79,-0.59372231163097,0.6723045623120445,-0.4421542628608114,-0.5761530509365667,-0.7387718315453706,-0.3496624698356752,-0.561730788339097,0.04714611765043373,0.8259756443276206,0.4711
1,1787599989.0040374,4900,106.04,-306.07,-1185.8,-0.594226570598193,0.6722897763059434,-0.44149885556999513,-0.5762869094453243,-0.7388057111668729,-0.34937017495654593,-0.5610598727382553,0.046824970066361146,0.8264497815240905,0.46440000000000003
1,1787599989.0638778,4906,106.02,-306.08,-1185.81,-0.594226570598193,0.6722897763059434,-0.44149885556999513,-0.5762869094453243,-0.7388057111668729,-0.34937017495654593,-0.5610598727382553,0.046824970066361146,0.8264497815240905,0.4647
1,1787599989.123716,4909,106.03,-306.1,-1185.8,-0.5942196675508844,0.6722448064745651,-0.4415766149420631,-0.5763531201547533,-0.7388352918570186,-0.34919835680374367,-0.5609991689687223,0.047003528319996365,0.8264808532215822,0.46490000000000004
1,1787599989.1835556,4912,106.03,-306.07,-1185.81,-0.5943994739485726,0.6722866186093244,-0.441270855380798,-0.5764521329639574,-0.7388058360133039,-0.3490972286827658,-0.5607068786549387,0.046868316713150386,0.8266868555369147,0.46290000000000003
1,1787599989.243396,4915,106.04,-306.08,-1185.81,-0.5941544321009673,0.6723390362882647,-0.4415209293994391,-0.5763191020150383,-0.7387592759838002,-0.34941526125867906,-0.5611032021538968,0.04685031943176822,0.8264189277247856,0.4667
1,1787599989.2882743,4918,106.02,-306.09000000000003,-1185.8,-0.5943164835329697,0.6723106700955529,-0.44134598704041034,-0.5763364342500228,-0.7387909800455323,-0.34931962778998116,-0.5609137473417588,0.0467573596242394,0.8265527916376516,0.46680000000000005
1,1787599989.3486192,4921,106.02,-306.09000000000003,-1185.81,-0.5943095816260207,0.6722657180869062,-0.4414237481973537,-0.5764026295327405,-0.7388205621534095,-0.34914779908666516,-0.5608530376624937,0.046935926798311066,0.8265838668401029,0.46380000000000005
1,1787599989.4084582,4924,106.03,-306.09000000000003,-1185.8,-0.5942555160732089,0.6721833074332008,-0.44162199087537246,-0.5760338538412431,-0.7389129605024352,-0.34956063283832806,-0.5612890350304108,0.04666088307876497,0.8263034437450566,0.46440000000000003
1,1787599989.4538445,4927,106.03,-306.07,-1185.8,-0.5939745171742904,0.6722972024501159,-0.44182660006536106,-0.5762200133472657,-0.7387887593919068,-0.3495163303970849,-0.5613953768652228,0.04698553579470115,0.8262127996227359,0.4702
1,1787599989.5136843,4933,106.02,-306.09000000000003,-1185.81,-0.5936461172314978,0.6723737016418253,-0.4421514365423191,-0.5759708225193181,-0.7387273245729188,-0.35005649763396435,-0.5619981308709016,0.0468566459513176,0.8258102419005264,0.47550000000000003
1,1787599989.5735564,4936,106.03,-306.09000000000003,-1185.8,-0.5938331168113984,0.6724605363842571,-0.4417681024970649,-0.5760037202523396,-0.7386681169345279,-0.3501273015345461,-0.5617668053859398,0.0465428837761025,0.8259853608486531,0.47090000000000004
1,1787599989.6200786,4939,106.03,-306.08,-1185.81,-0.5939745171742904,0.6722972024501159,-0.44182660006536106,-0.5762200133472657,-0.7387887593919068,-0.3495163303970849,-0.5613953768652228,0.04698553579470115,0.8262127996227359,0.46880000000000005
1,1787599989.6789203,4942,106.03,-306.08,-1185.8,-0.5938625293216676,0.6724277065568024,-0.4417785369644279,-0.5763572675481211,-0.738666597326434,-0.3495482200478948,-0.5613729566091826,0.047038680348694684,0.826225009388434,0.46790000000000004
1,1787599989.7387598,4945,106.02,-306.1,-1185.8,-0.5939745171742904,0.6722972024501159,-0.44182660006536106,-0.5762200133472657,-0.7387887593919068,-0.3495163303970849,-0.5613953768652228,0.04698553579470115,0.8262127996227359,0.4685
1,1787599989.7985995,4948,106.03,-306.08,-1185.8,-0.5936391877820166,0.6723286583605691,-0.4422292277502524,-0.5760371535024569,-0.7387569746480578,-0.34988473844058365,-0.5619374631703197,0.047035173603653654,0.8258413769785211,0.4731
1,1787599989.8584383,4951,106.02,-306.09000000000003,-1185.81,-0.5942334815266825,0.6723347311594376,-0.441421090014336,-0.5762206894631555,-0.7387760967045736,-0.3495419802721273,-0.5611205632190676,0.04664641695480115,0.8264186743521683,0.465
1,1787599989.9033177,4954,106.03,-306.08,-1185.82,-0.5938914439293072,0.6723212843700462,-0.44190162186913734,-0.5761041815495578,-0.7387738917625599,-0.34973862933784633,-0.5616021054346901,0.04687459261703122,0.8260785965864933,0.4712
1,1787599989.963823,4960,106.03,-306.09000000000003,-1185.8,-0.5941903039424332,0.6722775385666921,-0.44156629608645237,-0.5759997620175701,-0.7388368890811127,-0.3497775371413183,-0.5613930502388691,0.04650766035454082,0.8262414179111606,0.4647
1,1787599990.0236619,4963,106.03,-306.07,-1185.8,-0.5939676093907298,0.6722521898189705,-0.4419043700601524,-0.5762862672232666,-0.7388183417134984,-0.34934452358322443,-0.5613346748638774,0.04716408836514306,0.8262438693050315,0.46890000000000004
1,1787599990.0835013,4966,106.03,-306.09000000000003,-1185.81,-0.5942196675508844,0.6722448064745651,-0.4415766149420631,-0.5763531201547533,-0.7388352918570186,-0.34919835680374367,-0.5609991689687223,0.047003528319996365,0.8264808532215822,0.4632
1,1787599990.1438468,4969,106.02,-306.09000000000003,-1185.81,-0.594330310985648,0.6724005291752954,-0.4411904461890419,-0.5762040158646975,-0.7387317145121345,-0.3496632466750797,-0.5610351268370799,0.04640024071861219,0.8264905348013107,0.464
1,1787599990.2036877,4972,106.03,-306.09000000000003,-1185.81,-0.5942334815266825,0.6723347311594376,-0.441421090014336,-0.5762206894631555,-0.7387760967045736,-0.3495419802721273,-0.5611205632190676,0.04664641695480115,0.8264186743521683,0.4686
1,1787599990.2635243,4978,106.03,-306.08,-1185.79,-0.5941435479902779,0.6723138441009817,-0.4415739342530143,-0.5761711432973224,-0.7387908328079669,-0.34959250419648186,-0.5612666549983,0.046714027754752065,0.8263156428374979,0.4681
1,1787599990.323364,4981,106.02,-306.09000000000003,-1185.8,-0.5938845271169223,0.6722762689012665,-0.44197939626559685,-0.5761704601131307,-0.7388035064372792,-0.34956684592364307,-0.5615414226431854,0.04705313111975583,0.8261096982288092,0.4655
1,1787599990.3832045,4984,106.03,-306.08,-1185.79,-0.5943164835329697,0.6723106700955529,-0.44134598704041034,-0.5763364342500228,-0.7387909800455323,-0.34931962778998116,-0.5609137473417588,0.0467573596242394,0.8265527916376516,0.4621
1,1787599990.4430447,4987,106.02,-306.09000000000003,-1185.81,-0.594197569279458,0.6723962455184785,-0.4413757329929206,-0.5765398920737429,-0.7386983968138401,-0.3491796548945252,-0.5608306353169207,0.046989015283540776,0.8265960506394295,0.45990000000000003
1,1787599990.5028834,4990,106.03,-306.08,-1185.81,-0.5939883564003129,0.6723871827690863,-0.4416710415102017,-0.5760874777881115,-0.7387294934303736,-0.34985990549337825,-0.5615167409762482,0.04662844608127986,0.8261505538456403,0.4665
1,1787599990.5627213,4996,106.03,-306.09000000000003,-1185.8,-0.5942871886161897,0.6723433458171326,-0.4413356577278668,-0.5759830768147827,-0.7387924615218672,-0.34989883398124716,-0.5613076096666081,0.046261475699374235,0.8263132839283626,0.46680000000000005
1,1787599990.6225605,4999,106.03,-306.08,-1185.81,-0.594226570598193,0.6722897763059434,-0.44149885556999513,-0.5762869094453243,-0.7388057111668729,-0.34937017495654593,-0.5610598727382553,0.046824970066361146,0.8264497815240905,0.4621
1,1787599990.682401,5002,106.03,-306.08,-1185.79,-0.5940644855053316,0.672318124913493,-0.44167377777505723,-0.5762695606492277,-0.7387740159069178,-0.349465802175136,-0.5612493033674357,0.046917931897836655,0.826315876124862,0.46590000000000004
1,1787599990.7422395,5005,106.03,-306.16,-1185.79,-0.5938914439293072,0.6723212843700462,-0.44190162186913734,-0.5761041815495578,-0.7387738917625599,-0.34973862933784633,-0.5616021054346901,0.04687459261703122,0.8260785965864933,0.46380000000000005
1,1787599990.802079,5008,106.06,-306.17,-1185.81,-0.5941072552730133,0.6723016307169284,-0.44164135513709046,-0.5758839041576221,-0.7388219417472602,-0.3499998104642099,-0.5615997668839806,0.046396721092843936,0.8261071638157432,0.47000000000000003
1,1787599990.861918,5014,106.08,-306.1,-1185.8,-0.5943523796290513,0.6722491338503642,-0.44139138059857824,-0.5760171641803211,-0.7388685778581636,-0.3496819286487588,-0.5612035953189759,0.04641472494036386,0.8263753371862967,0.4672
1,1787599990.9217577,5017,106.10000000000001,-306.1,-1185.83,-0.593700345288226,0.6724560113890743,-0.4419534056338276,-0.5763398727903171,-0.7386349010407538,-0.3496438673801628,-0.5615623305000811,0.04713168479073438,0.8260910078508931,0.46990000000000004
1,1787599990.981598,5020,106.06,-306.16,-1185.78,-0.5938914439293072,0.6723212843700462,-0.44190162186913734,-0.5761041815495578,-0.7387738917625599,-0.34973862933784633,-0.5616021054346901,0.04687459261703122,0.8260785965864933,0.46740000000000004
1,1787599991.0419428,5023,106.12,-306.09000000000003,-1185.8600000000001,-0.59372231163097,0.6723045623120445,-0.4421542628608114,-0.5761530509365667,-0.7387718315453706,-0.3496624698356752,-0.561730788339097,0.04714611765043373,0.8259756443276206,0.47150000000000003
1,1787599991.1017826,5026,106.01,-306.17,-1185.76,-0.5939814328444241,0.6723422001007993,-0.441748823880383,-0.5761537502007307,-0.7387591432963643,-0.34968812437035385,-0.5614560655703338,0.046806988363262844,0.8261816944683792,0.46690000000000004
1,1787599991.1616206,5032,106.02,-306.09000000000003,-1185.78,-0.5940644855053316,0.672318124913493,-0.44167377777505723,-0.5762695606492277,-0.7387740159069178,-0.349465802175136,-0.5612493033674357,0.046917931897836655,0.826315876124862,0.46280000000000004
1,1787599991.2214606,5035,106.11,-306.0,-1185.84,-0.5941297317322392,0.6722238837754319,-0.4417294556101642,-0.5763036048339724,-0.7388500251226444,-0.34924890183311397,-0.5611452725695423,0.0470711212755987,0.8263778146917496,0.46580000000000005
1,1787599991.2812998,5038,106.04,-305.95,-1185.84,-0.5940575788626037,0.6722731301025098,-0.44175154955933743,-0.5763357991029839,-0.7388035996473983,-0.3492939848041646,-0.5611885954545287,0.047096493396229025,0.826346949314604,0.4641
1,1787599991.3411388,5041,106.04,-306.15000000000003,-1185.79,-0.5943662380325335,0.672338979419951,-0.4412358460501505,-0.5758846732773397,-0.7388091717600024,-0.35002550022469897,-0.5613248775631676,0.04605762125683131,0.8263129415378032,0.4675
1,1787599991.3860183,5044,106.05,-306.12,-1185.82,-0.5943026875997539,0.6722207511016526,-0.4415015031684937,-0.5764688155362335,-0.7388501104840721,-0.34897595755571276,-0.5607923146994451,0.047114499105950454,0.826614906560506,0.4625
1,1787599991.4458582,5047,106.06,-305.89,-1185.9,-0.5938625293216676,0.6724277065568024,-0.4417785369644279,-0.5763572675481211,-0.738666597326434,-0.3495482200478948,-0.5613729566091826,0.047038680348694684,0.826225009388434,0.4661
1,1787599991.5056973,5050,106.18,-305.54,-1186.04,-0.594197569279458,0.6723962455184785,-0.4413757329929206,-0.5765398920737429,-0.7386983968138401,-0.3491796548945252,-0.5608306353169207,0.046989015283540776,0.8265960506394295,0.46080000000000004
1,1787599991.5510817,5053,106.22,-305.11,-1186.19,-0.5943481832364447,0.6725445420176127,-0.44094679507380163,-0.5768917768418216,-0.7385615553048462,-0.3488878141150426,-0.5603089459359215,0.047017741630221994,0.826948134453528,0.45730000000000004
1,1787599991.6109211,5059,106.19,-303.34000000000003,-1186.6100000000001,-0.5944105290058266,0.6724597003072144,-0.4409921478549756,-0.5778105513104996,-0.738554487165061,-0.3473790959205954,-0.5592951723386049,0.04832412390395788,0.8275588735840159,0.4666
1,1787599991.671265,5062,106.33,-298.35,-1187.82,-0.5944660365984493,0.6722002513501283,-0.4413127614467493,-0.5808896131916792,-0.7384819910847495,-0.34236180588600323,-0.5560372187335596,0.05283153346561398,0.829476606333608,0.46580000000000005
1,1787599991.7167475,5065,106.42,-290.23,-1189.98,-0.5946683092557137,0.6721741860228895,-0.4410798857479409,-0.5857644354000875,-0.7380243428720341,-0.334962827114769,-0.5506810584969918,0.059177132177624124,0.8326154207314831,0.464
1,1787599991.7770958,5068,106.60000000000001,-279.65000000000003,-1193.16,-0.5948762299937712,0.6715999464505026,-0.4416738422366441,-0.5912616989260118,-0.7378364062854692,-0.3255872247844964,-0.5445474032364163,0.0674607255180817,0.8360126650601951,0.46680000000000005
1,1787599991.837438,5071,106.83,-267.41,-1197.1100000000001,-0.5948111910770036,0.6715243860380052,-0.44187627898070764,-0.5975971921827712,-0.7370433516885527,-0.31566547740760653,-0.5376590396011436,0.07630266501233234,0.8397027214718263,0.4672
1,1787599991.8972769,5074,107.03,-255.08,-1201.6100000000001,-0.595277777441646,0.6710095872199016,-0.4420299781045528,-0.6046245025456415,-0.7363813395438222,-0.303597980383733,-0.5292197828932415,0.08653702462312507,0.8440602850293377,0.4672
1,1787599991.9572165,5080,107.62,-235.68,-1211.25,-0.5961853508836371,0.6703668417699656,-0.44178198791611695,-0.6131996745212022,-0.7354009001726162,-0.2883949985564892,-0.5182173159581277,0.09896369779200612,0.849503972892703,0.4742
1,1787599992.0170476,5083,107.86,-229.05,-1216.42,-0.5964319787620811,0.670067466203592,-0.4419032534904516,-0.6147510518329534,-0.7353255736671503,-0.285267321965474,-0.516091114998336,0.10151793657563203,0.8504963665843613,0.4701
1,1787599992.0774043,5086,108.14,-223.4,-1222.06,-0.5969240192732146,0.6700547724090927,-0.44125765396932176,-0.6150497148556044,-0.7353374707951665,-0.28459208053037444,-0.5151655689880201,0.10151554568816686,0.8510575952971002,0.4718
1,1787599992.1378095,5089,108.39,-218.18,-1228.14,-0.5975374809044597,0.6700719104829161,-0.44040049238860685,-0.6148333687971224,-0.735446615116359,-0.2847774656244274,-0.5147124318762217,0.10060770892762189,0.8514394877948762,0.4742
1,1787599992.18269,5092,108.71000000000001,-213.11,-1234.73,-0.5972147847030703,0.669955103962073,-0.4410154868111018,-0.6133646137060046,-0.7357661419998746,-0.2871097959664631,-0.5168349364984423,0.09903707872200339,0.8503371716283269,0.48040000000000005
1,1787599992.2425284,5095,109.08,-207.33,-1241.92,-0.5974057680805491,0.669823853781263,-0.44095618055505975,-0.6131326182803065,-0.7359198045470254,-0.2872114790119014,-0.5168894859298506,0.09878282330995183,0.8503335893366144,0.47050000000000003
1,1787599992.302404,5098,109.48,-200.33,-1249.69,-0.5971580897704853,0.669773976010862,-0.44136723584818377,-0.6131433272239462,-0.7359193660906506,-0.2871897402301897,-0.5171629106020788,0.09912369883804957,0.8501276470191108,0.4728
1,1787599992.3622067,5104,110.28,-184.81,-1266.5,-0.5967512352692224,0.6698131476624313,-0.44185779434474515,-0.6128862164356116,-0.7358923789326348,-0.2878070401017108,-0.517936722880216,0.09905934507866088,0.8496639319429117,0.4716
1,1787599992.4220765,5107,110.67,-177.76,-1275.32,-0.5960005817132015,0.6700429503581397,-0.4425220347879698,-0.611970689496176,-0.7358229911540787,-0.2899248193698494,-0.5198799686418978,0.09801515374891956,0.8485975770885015,0.4647
1,1787599992.4679236,5110,111.05,-171.38,-1284.4,-0.5946532276727529,0.6701221414465018,-0.44421149733154347,-0.6108840364604193,-0.7358089100330422,-0.29224295015245716,-0.5226932492544765,0.097578498959254,0.8469180619898578,0.4788
1,1787599992.5267992,5113,111.44,-165.59,-1293.68,-0.5937669286318737,0.6702137719550957,-0.4452576044772218,-0.6089403641439675,-0.7359983141360726,-0.29580080206968845,-0.5259586175539701,0.09549859407646645,0.845131676811451,0.4808
1,1787599992.5866046,5116,111.76,-160.48,-1303.16,-0.5936077957022748,0.6702220031082647,-0.44545735085531085,-0.6072656893847215,-0.7362737593390617,-0.2985453630603299,-0.5280702295884375,0.09329211037526434,0.844060670073037,0.4843
1,1787599992.6464667,5119,112.11,-156.89000000000001,-1312.58,-0.5928227993387789,0.6705244573967855,-0.4460471730847314,-0.6042550665083932,-0.7364962755195753,-0.3040543549182141,-0.5323879630336051,0.08927591040443289,0.8417795843558981,0.4824
1,1787599992.7062836,5122,112.53,-155.47,-1321.75,-0.5925994788061053,0.6709029549691315,-0.4457746995203067,-0.5994886886441126,-0.7369736285251681,-0.31222297008101374,-0.5379955110467879,0.08221372070484904,0.8389289208397637,0.4793
1,1787599992.7511642,5125,112.94,-155.46,-1331.04,-0.5928785687084125,0.6711971196534541,-0.44496003116591376,-0.5933423467102882,-0.7376740436497825,-0.3221519283284003,-0.5444629118375213,0.07301665491026922,0.8356008052527966,0.48400000000000004
1,1787599992.811002,5131,113.62,-156.51,-1350.4,-0.5923698858408177,0.6715259322100998,-0.4451413716093942,-0.5813451414456271,-0.7387978080422369,-0.3409041292644453,-0.5577954328125144,0.056839433506520876,0.8280299112545134,0.4808
1,1787599992.8708425,5134,113.87,-156.58,-1360.3600000000001,-0.5917368119809243,0.6715950003671349,-0.4458785718427386,-0.5754455523463574,-0.7392571667158063,-0.3498017406247632,-0.5645440298430653,0.04958827423077426,0.8239120350057799,0.47740000000000005
1,1787599992.915722,5137,114.25,-157.44,-1369.78,-0.5923121237170206,0.671991405521813,-0.4445153529436876,-0.5699889892450196,-0.7394151061028933,-0.3582985528944931,-0.5694549150172238,0.041144279938593264,0.8209922338189691,0.4701
1,1787599992.9755607,5140,114.59,-157.91,-1378.6100000000001,-0.5924053978017253,0.6718192988287448,-0.44465118281258775,-0.5654193196561624,-0.7398662346504438,-0.3645530795148176,-0.5738961906259199,0.035451157180381714,0.8181603619337898,0.4701
1,1787599993.0359044,5143,114.89,-157.73,-1386.96,-0.5926718493205176,0.6719606440135255,-0.44408216798237443,-0.5625725565637884,-0.7399274090789603,-0.3688082806757194,-0.5764132177737434,0.031246154813434953,0.8165607633147053,0.45840000000000003
1,1787599993.0957448,5146,115.19,-156.81,-1394.8700000000001,-0.5922115465181409,0.672003418593551,-0.44463118375702415,-0.561054104215458,-0.739951725807483,-0.37106567561217185,-0.5783630143029392,0.029712772894972775,0.8152382319379471,0.4675
1,1787599993.156089,5152,115.73,-155.01,-1410.03,-0.5917211399802155,0.6719522272970455,-0.4453608612474317,-0.5622519004996762,-0.739908785218142,-0.3693342523264201,-0.5777013872971196,0.03186210582421121,0.8156260867134095,0.4621
1,1787599993.2159288,5155,116.06,-154.69,-1417.33,-0.5923537642402205,0.6719246157908395,-0.44456082675464526,-0.5637203150840495,-0.7398783949227677,-0.3671503330899327,-0.5756182974436974,0.033125087484281814,0.8170473084388551,0.46530000000000005
1,1787599993.2757683,5158,116.33,-154.19,-1424.31,-0.5915365300179932,0.6715942998224608,-0.4461453015557269,-0.5665425003659019,-0.739932265180301,-0.362670426453965,-0.5736846947003413,0.03822746906515661,0.8181836784460129,0.4727
1,1787599993.3356118,5161,116.66,-152.29,-1431.17,-0.5917804963639197,0.6714686805096468,-0.44601082410397486,-0.5719861062724954,-0.7396495419623182,-0.3546130980465368,-0.5680032907954872,0.04525887945549252,0.8217809291264495,0.46950000000000003
1,1787599993.39545,5164,117.02,-147.69,-1438.1100000000001,-0.5924804858787712,0.6711265933766211,-0.4455961955801988,-0.5810068680689768,-0.739146553015137,-0.3407248045307529,-0.5580303693434021,0.057021652278172776,0.8278590689615796,0.4807
1,1787599993.4552896,5167,117.39,-140.22,-1445.33,-0.5926805295322971,0.6706262194440653,-0.44608324750821604,-0.5935769635433067,-0.7380348664170294,-0.32089082926052237,-0.5444227936668561,0.07459899293527984,0.8354871704514787,0.4874
1,1787599993.5001698,5170,117.74000000000001,-130.97,-1453.08,-0.5923350675226643,0.6699741169329329,-0.44751966484486183,-0.6077972658275552,-0.7361922911297697,-0.2976632226756411,-0.5288871821432892,0.0956848635941812,0.8432809469230846,0.48450000000000004
1,1787599993.5600088,5176,118.42,-113.04,-1470.03,-0.5963531541529864,0.6688658189792634,-0.44382590250342957,-0.6370176547670803,-0.7307606687274323,-0.24535148778045993,-0.48843773712402044,0.13640880192361232,0.8618707650865826,0.46530000000000005
1,1787599993.6198478,5179,118.87,-106.85000000000001,-1479.0,-0.5978321367569747,0.6681768858559608,-0.4428728773230758,-0.6490643993111008,-0.7277006397813716,-0.22173674573399496,-0.4704382444141949,0.15489166559118886,0.868732657451576,0.4752
1,1787599993.6801946,5182,119.22,-103.47,-1487.8600000000001,-0.5978774916524754,0.667456435632889,-0.44389684782343647,-0.6579719266648075,-0.7249344171297589,-0.20382108473300234,-0.457837797365339,0.17021162531676728,0.8725895678442868,0.4727
1,1787599993.7405398,5185,119.54,-102.61,-1496.79,-0.5977912089603701,0.6671138400333704,-0.4445276087327198,-0.6648169719776837,-0.7224106844134079,-0.19010838176097197,-0.4479554266443516,0.18188437943177624,0.8753593594967697,0.4793
1,1787599993.8003814,5188,119.89,-103.53,-1505.82,-0.5987978854225479,0.666794022733058,-0.4436516918269911,-0.6712264139148839,-0.7200079014104017,-0.1761922903238228,-0.4369166896290988,0.19228716325864167,0.8787089695510649,0.48150000000000004
1,1787599993.860724,5194,120.7,-104.53,-1525.7,-0.5991440684867624,0.6656425667452373,-0.44491163002774187,-0.6857085245807434,-0.7134816044001414,-0.14404103408369556,-0.41331610725258466,0.21877836620519064,0.8839150535917789,0.47290000000000004
1,1787599993.9205637,5197,121.11,-101.92,-1537.33,-0.5995382994274268,0.6651483734239703,-0.44511961184732773,-0.6948368395484901,-0.7085790462211222,-0.122953249906746,-0.3971845841997586,0.2355703219588819,0.8869898700020499,0.46730000000000005
1,1787599993.9659498,5200,121.56,-96.71000000000001,-1549.99,-0.6002690539105278,0.6645916234371827,-0.44496633240559885,-0.7059440649069906,-0.7017590430061291,-0.09579782242679942,-0.3759255779272737,0.25661687321034,0.8904087489708272,0.46950000000000003
1,1787599994.025789,5203,122.07000000000001,-89.72,-1563.23,-0.6022252243340911,0.6638429587407563,-0.44343805126090846,-0.7184484461290912,-0.6928546140638984,-0.06151677840281161,-0.3480755800547458,0.2815404232089682,0.8941914675665762,0.4763
1,1787599994.0856292,5206,122.61,-82.49,-1576.26,-0.6031746534965257,0.6633112158055054,-0.4429430757625279,-0.7290458444950314,-0.6837553785894197,-0.031156682663051764,-0.3235312875192644,0.30413288746313144,0.8960081990470096,0.4703
1,1787599994.1315079,5209,123.03,-75.97,-1588.41,-0.6033753803082497,0.6624431254217213,-0.44396762947243834,-0.7394831102458987,-0.6731748829731905,0.0005537102880151819,-0.29850105544022254,0.3286406586463892,0.8960426537757791,0.4665
1,1787599994.1903474,5212,123.46000000000001,-70.86,-1599.26,-0.6039228317011871,0.6613956134696336,-0.4447842801101976,-0.7483507394101011,-0.6625861684183755,0.030834076036279974,-0.2743143892951565,0.3514760474111758,0.8951068114598627,0.47050000000000003
1,1787599994.2501872,5215,123.74000000000001,-67.83,-1608.27,-0.6039912168975994,0.6608191864573336,-0.44554754260395657,-0.7553649496388058,-0.6529446136035949,0.055561897224771624,-0.25420150032547206,0.3701098949986606,0.8935324632358687,0.46490000000000004
1,1787599994.3105333,5221,124.01,-69.83,-1618.6000000000001,-0.6051879522398566,0.6603121551633665,-0.4446744879203654,-0.7640392745437117,-0.638651489998308,0.09147820110638172,-0.22358785615155324,0.39511027836092943,0.8910086074304228,0.46940000000000004
1,1787599994.3703725,5224,123.99000000000001,-75.78,-1619.22,-0.6054842331043822,0.6601176706837393,-0.4445598995783053,-0.7656076199774889,-0.6356665131313873,0.09885876954417908,-0.21733342056481691,0.4002158729166778,0.890277169970756,0.46290000000000003
1,1787599994.4152524,5227,123.77,-85.53,-1616.45,-0.6057411873450578,0.6607901864520737,-0.44320869062151014,-0.7648369123212229,-0.6371177749893986,0.09542242054934538,-0.21932193575823114,0.3967836567717879,0.8913252033988889,0.4742
1,1787599994.4750915,5230,123.46000000000001,-98.67,-1610.6200000000001,-0.6043248425053679,0.6607901221277418,-0.44513806760292485,-0.7629103653236986,-0.6409977392189549,0.08420019476134993,-0.22969383799423712,0.3904847152125067,0.8914944912745587,0.46490000000000004
1,1787599994.5349312,5233,123.07000000000001,-113.62,-1603.19,-0.6036224321422573,0.6603918158523984,-0.4466795372186175,-0.7600720497002752,-0.6457989671100016,0.07234758699554439,-0.24068742941642973,0.3831792578347989,0.8917641042821156,0.4792
1,1787599994.5798109,5236,122.73,-128.42000000000002,-1595.8700000000001,-0.6025141670115627,0.6600175647021332,-0.44872429490169996,-0.7572450795992073,-0.6503517780840616,0.060186827177460246,-0.2521042799580219,0.3760576804528322,0.8916412131565491,0.4949
1,1787599994.6396866,5239,122.43,-141.64000000000001,-1589.6200000000001,-0.6012214309144555,0.6595048847615296,-0.45120516174447356,-0.7549524155531866,-0.6538510706558043,0.05025562309500842,-0.2618771491741569,0.37085318439773507,0.8910040821244739,0.4857
1,1787599994.699489,5242,122.18,-152.3,-1585.23,-0.6007062997531232,0.6594722135138014,-0.45193842616015545,-0.7530304763172597,-0.6565916951219078,0.04280709794345632,-0.2685089256883505,0.36603790172623774,0.8910214426856075,0.47050000000000003
1,1787599994.759328,5248,121.94,-166.31,-1581.5,-0.6028851265249591,0.6596786900441803,-0.4487243587288065,-0.7528988437430334,-0.656496355460678,0.04643130794249429,-0.2639561617113488,0.3658367958098825,0.8924632113012676,0.4768
1,1787599994.8191679,5251,121.91,-170.57,-1581.65,-0.6033318423212682,0.6596049262473161,-0.44823211543964286,-0.7544006052977519,-0.6543044098631495,0.05258769780111849,-0.25859314524482363,0.3698744117993412,0.8923690406600182,0.48050000000000004
1,1787599994.865045,5254,121.88,-173.91,-1582.6100000000001,-0.6031391638304292,0.6593859445535991,-0.4488132408687252,-0.756478303621858,-0.6512842733029935,0.059744217273200034,-0.2529105082896447,0.375551556345263,0.8916262127838797,0.48560000000000003
1,1787599994.9238865,5257,121.9,-177.33,-1583.83,-0.6030582741932989,0.6591505633097146,-0.449267462449136,-0.7583530466781082,-0.6484341404668649,0.06658695120689394,-0.24742953445583438,0.3808591608002677,0.890912411583476,0.48000000000000004
1,1787599994.9837508,5260,121.89,-181.03,-1584.99,-0.6036456325249541,0.6593001714531634,-0.4482579996557535,-0.7599091637280198,-0.6458748576932744,0.07337391281562138,-0.241143138438003,0.3849272036652152,0.8908877789389348,0.4823
1,1787599995.0435681,5263,121.91,-184.92000000000002,-1586.19,-0.6042544867171928,0.6592425789109067,-0.4475217731385134,-0.761027784747987,-0.6438844341224232,0.07905407223172381,-0.2360364932033044,0.3883452814773781,0.8907719776859523,0.48760000000000003
1,1787599995.1034176,5266,121.93,-188.70000000000002,-1587.45,-0.6043961124353272,0.6592855923193585,-0.4472670869102445,-0.7623156365573723,-0.6416998842619231,0.08423852324419465,-0.23147399321131448,0.39187213003522875,0.8904246313801416,0.4873
1,1787599995.1482885,5269,121.94,-192.37,-1588.7,-0.6049995372625103,0.6592343214331532,-0.4465262247133065,-0.763374011124283,-0.6396680920461633,0.08991580038037793,-0.2263529965610598,0.3952655328542967,0.8902412479127428,0.4974
1,1787599995.2081263,5275,121.98,-198.55,-1591.6200000000001,-0.6047594409311444,0.6589445087042477,-0.44727860786445767,-0.7660447214958704,-0.6348962579204773,0.10041029004484031,-0.21781070513857645,0.4033594874638408,0.8887404686408421,0.48250000000000004
1,1787599995.2686086,5278,122.01,-200.85,-1593.33,-0.6049923268209657,0.6590037196712188,-0.4468762490301443,-0.7669956392210276,-0.6330258930697121,0.10486137572634101,-0.21378019998045017,0.40619246197189723,0.8884287872044262,0.48150000000000004
1,1787599995.3134882,5281,122.08,-202.92000000000002,-1595.03,-0.6056843496770543,0.6590074255226461,-0.4459323734180979,-0.7677825397128484,-0.6311879692963931,0.11005325586998302,-0.2089412364000275,0.4090366249145786,0.8882750695646694,0.49100000000000005
1,1787599995.3733277,5284,122.06,-205.23000000000002,-1596.23,-0.6052514543411798,0.6589026317547296,-0.4466743767943016,-0.7686876687523996,-0.6295886494000537,0.11286009239149795,-0.20685730571069513,0.41166182044647665,0.8875497736244458,0.4853
1,1787599995.4331667,5287,122.06,-208.04,-1596.82,-0.6053832343581821,0.6588256749198272,-0.4466093031100677,-0.7689643757673651,-0.6289486808204464,0.11453098137589915,-0.20543838092900907,0.4127617799174898,0.8873684604946318,0.49150000000000005
1,1787599995.4932156,5290,122.03,-211.27,-1596.75,-0.6059000848564471,0.6590941169480399,-0.44551097873726286,-0.7686089892387721,-0.6294649483326978,0.11407936045519945,-0.20524450987128398,0.4115444372421982,0.8879785286495945,0.498
1,1787599995.5530534,5293,121.97,-214.71,-1596.0900000000001,-0.6049668821113668,0.6589127032568242,-0.44704487586285513,-0.7686354451258961,-0.6298367607953684,0.11182668396636405,-0.20788127391510486,0.4112659774860812,0.8874940403844137,0.49960000000000004
1,1787599995.5979328,5296,121.88,-218.01,-1595.06,-0.6046313931917244,0.6590704562981289,-0.44726615342769954,-0.7680568445119416,-0.6311702864256076,0.10822547358074111,-0.21097289391150068,0.40896234932863057,0.887828944598121,0.4834
1,1787599995.6577718,5302,121.69,-221.94,-1593.45,-0.6052207304370537,0.6595428927815636,-0.4457701650296552,-0.7667632695120568,-0.6334911703684399,0.10374500273461458,-0.21396718434475,0.40458881552330506,0.8891152537084429,0.4839
1,1787599995.7176118,5305,121.57000000000001,-222.67000000000002,-1592.8600000000001,-0.6048174934149584,0.6596220212555415,-0.44620016666738327,-0.7668326106846532,-0.6335548664805852,0.10283957579320761,-0.2148570381667908,0.4043600131485824,0.8890047429101108,0.48550000000000004
1,1787599995.7774503,5308,121.59,-222.69,-1592.8600000000001,-0.6048642727358342,0.6595576367104067,-0.44623193008203027,-0.7666867575774378,-0.6337939840724125,0.10245292337953919,-0.21524550476873092,0.40409022459173877,0.8890334431652457,0.47850000000000004
1,1787599995.83729,5311,121.52,-222.57,-1592.88,-0.6043058016427578,0.6594300850942865,-0.4471760961561407,-0.7669267962050295,-0.6335544289880226,0.10213752871667495,-0.21595783700433976,0.4046736319334416,0.8885952195764979,0.4742
1,1787599995.8971293,5314,121.4,-222.56,-1592.81,-0.6046141382928414,0.6594336185884049,-0.4467538992015709,-0.7667415310114246,-0.6337703441854794,0.10218892040371091,-0.21575256290172296,0.4043296347121014,0.8888016528421382,0.4763
1,1787599995.9569693,5320,121.36,-222.61,-1592.76,-0.6047102261829553,0.6596199349592622,-0.4463486123582083,-0.7666401361980292,-0.6339616456017001,0.10176214166502134,-0.21584356353624842,0.40372536867321507,0.8890542068792263,0.4771
1,1787599996.016809,5323,121.39,-222.6,-1592.74,-0.6049469381199182,0.6594983643206218,-0.44620747362382923,-0.7667176013642905,-0.6336866291443117,0.10288525551267629,-0.21490305213636443,0.40435524418776125,0.8889957900239635,0.4807
1,1787599996.0766475,5326,121.35000000000001,-222.58,-1592.75,-0.6045540030608264,0.6593802604357821,-0.44691400686348026,-0.7667414411908129,-0.633784069170694,0.1021044368579177,-0.2159213276722933,0.4043951357435911,0.8887308672726275,0.48190000000000005
1,1787599996.1364892,5329,121.38,-222.59,-1592.76,-0.6046742459310931,0.6594869675476785,-0.44659377060414907,-0.7667416055001499,-0.6337566254981367,0.10227340823629127,-0.215583781168057,0.4042641206834731,0.888872405930852,0.48160000000000003
1,1787599996.1963263,5332,121.37,-222.61,-1592.73,-0.6048042283104167,0.6595043169289403,-0.4463920937583161,-0.7666867158213492,-0.6338076853119405,0.10236844153641188,-0.2154143105759576,0.40415575461894876,0.8889627668285509,0.4829
1,1787599996.2561653,5338,121.39,-222.6,-1592.75,-0.6050442403193197,0.6597175408108129,-0.4457513136300897,-0.7666867908383775,-0.6337529181624386,0.10270639451632672,-0.21473898577195352,0.40389355660511184,0.8892452771437731,0.4849
1,1787599996.3160307,5341,121.36,-222.59,-1592.77,-0.6052322309845484,0.6596140509012406,-0.4456492459671861,-0.7665013753604931,-0.6339962388876452,0.10258855027142139,-0.2148710965856933,0.4036806571164578,0.8893100353206898,0.48660000000000003
1,1787599996.3758667,5344,121.38,-222.62,-1592.74,-0.6045674773982888,0.6594979193234144,-0.4467221280397436,-0.7668875340524585,-0.6335311915467595,0.1025755304752688,-0.21536405314538762,0.40459946088129006,0.8887730873892168,0.4767
1,1787599996.4356844,5347,121.36,-222.58,-1592.75,-0.6047215289562057,0.6595636292587321,-0.44641649989210624,-0.7666556599323963,-0.6339149246916149,0.10193609442609863,-0.2157567415180604,0.4038906872066677,0.8890001919444307,0.47700000000000004
1,1787599996.481069,5350,121.38,-222.59,-1592.76,-0.6041627228151698,0.6594361347303785,-0.4473604682718604,-0.7668954098034398,-0.6336755193674228,0.10162069954906397,-0.2164690157573927,0.40447412817915185,0.888561671945589,0.47090000000000004
1,1787599996.5409083,5353,121.38,-222.58,-1592.74,-0.6041251567065063,0.6592698455387941,-0.4476561915103972,-0.7669264278841241,-0.6335956907828421,0.10188402639427911,-0.21646396754941954,0.40487006728661407,0.8883825636335374,0.4726
1,1787599996.6007469,5356,121.36,-222.61,-1592.74,-0.6046855744860644,0.6594306209501039,-0.446661630501008,-0.7667570817303753,-0.6337098081543354,0.10244733605767452,-0.21549694574350017,0.4044293945824858,0.8888182779246087,0.4832
1,1787599996.645626,5359,121.38,-222.6,-1592.76,-0.6047102261829553,0.6596199349592622,-0.4463486123582083,-0.7666401361980292,-0.6339616456017001,0.10176214166502134,-0.21584356353624842,0.40372536867321507,0.8890542068792263,0.4837
1,1787599996.705451,5365,121.39,-222.6,-1592.76,-0.6043886591748358,0.6593706713992616,-0.44715172632936456,-0.7669578630268572,-0.6334469706933633,0.1025698379674939,-0.2156153635577039,0.40493857931529337,0.8885576863546851,0.47350000000000003
1,1787599996.765291,5368,121.37,-222.62,-1592.74,-0.6045540030608264,0.6593802604357821,-0.44691400686348026,-0.7667414411908129,-0.633784069170694,0.1021044368579177,-0.2159213276722933,0.4043951357435911,0.8887308672726275,0.4847
1,1787599996.8251305,5371,121.37,-222.59,-1592.77,-0.6038628832378934,0.659201907707298,-0.44810987840336336,-0.7669652060157551,-0.633619040346295,0.1014459682385178,-0.21705757533158915,0.4049441400807016,0.8882039475286476,0.47240000000000004
1,1787599996.8849695,5374,121.38,-222.59,-1592.72,-0.6045899915598167,0.6595133476054887,-0.44666887784566156,-0.7666398594966262,-0.6339890714153311,0.10159322397148048,-0.2161810998600337,0.4038564121765656,0.8889126674804325,0.48190000000000005
1,1787599996.9298487,5377,121.37,-222.58,-1592.72,-0.6042340353630856,0.6595615703299935,-0.4470791489799928,-0.7666313248257259,-0.6341658560368203,0.10054888777624207,-0.21720414891247777,0.40349994049679866,0.8888251547488325,0.47890000000000005
1,1787599996.9896886,5380,121.38,-222.61,-1592.73,-0.6041376359600834,0.659375024412976,-0.4474844064288153,-0.7667330826315959,-0.6339749964512724,0.10097565980403266,-0.2171130968293075,0.40410429477425336,0.8885728006923189,0.4777
1,1787599997.049528,5383,121.37,-222.59,-1592.79,-0.6049583230132866,0.6595697749422214,-0.4460864707650516,-0.7664547250362007,-0.634191136116253,0.10172884222902605,-0.2158068161264463,0.4034467930895516,0.8891895766703087,0.47900000000000004
1,1787599997.0949132,5386,121.37,-222.6,-1592.76,-0.6041247315020162,0.6593985743174986,-0.44746712613963835,-0.766646449943919,-0.6341467598055414,0.10055400447778924,-0.21745466096637958,0.4037962446781585,0.8886293170989877,0.4771
1,1787599997.1547523,5392,121.36,-222.6,-1592.72,-0.6046501226675265,0.6595666458822055,-0.4465087555668343,-0.7666400055094525,-0.6339753553615821,0.10167768067094504,-0.21601234018132437,0.403790896918013,0.8889834534205542,0.4796
1,1787599997.214592,5395,121.37,-222.59,-1592.74,-0.6044357663161947,0.6595757771411861,-0.4467854055431478,-0.7665926198839814,-0.6341564887343681,0.100902442663748,-0.21677905696161773,0.40349143981588714,0.8889327862432199,0.4796
1,1787599997.274431,5398,121.37,-222.59,-1592.75,-0.6039453024601895,0.6592713924683817,-0.4478965312536717,-0.7667164991961414,-0.6340629618601967,0.10054834786056138,-0.21770595190918363,0.40413536280542933,0.888413601332983,0.47600000000000003
1,1787599997.334271,5401,121.38,-222.59,-1592.76,-0.6046388258610135,0.6596229579785934,-0.4464408623423558,-0.7666244461273363,-0.63402204490038,0.1015037200318075,-0.2160991644161776,0.40362556892237594,0.8890374296117788,0.48310000000000003
1,1787599997.3791497,5404,121.38,-222.6,-1592.73,-0.6045426791705881,0.6594366297992053,-0.4468461484004462,-0.7667259098830045,-0.6338308537926539,0.10193050522073718,-0.21600816691812047,0.40422986042540415,0.8887849524857695,0.4839
1,1787599997.43899,5407,121.37,-222.58,-1592.72,-0.6037442358901733,0.6593981425355415,-0.44798101215349306,-0.7668153610865357,-0.633991564784163,0.10024419077559611,-0.21791534969137966,0.4040405739566336,0.8884053776096122,0.47250000000000003
1,1787599997.4988282,5410,121.37,-222.59,-1592.73,-0.6042453208327829,0.659505195329517,-0.44714705588325504,-0.7666470312034832,-0.6341192569583328,0.10072287476783635,-0.2171172996298835,0.403665288683567,0.8887712939296812,0.4812
1,1787599997.5586674,5416,121.38,-222.6,-1592.74,-0.6043996921757359,0.6594426929354149,-0.4470305882509205,-0.7666944564127431,-0.6339517937088541,0.10141367639177089,-0.2165193354041252,0.40403026865250435,0.8887513259673603,0.48210000000000003
1,1787599997.6185079,5419,121.37,-222.59,-1592.79,-0.6041272193880559,0.6595724562136396,-0.44720742144866343,-0.7667777196806657,-0.6339408287995602,0.10085114864118108,-0.21698440357724919,0.4038356108433647,0.888726374098908,0.4762
1,1787599997.678347,5422,121.37,-222.59,-1592.75,-0.6040308750514946,0.6593857974243051,-0.44761263626001296,-0.7668793992932825,-0.6337497873457175,0.10127780595387986,-0.21689326620275612,0.4044398313647789,0.8884738228454057,0.47650000000000003
1,1787599997.7381861,5425,121.37,-222.59,-1592.69,-0.6057681747415029,0.6600265658839733,-0.4443082835124243,-0.7663605126016021,-0.6341237138385283,0.10285271154734617,-0.21386089683567056,0.4028052232469697,0.8899502620537855,0.49960000000000004
1,1787599997.7980254,5428,121.37,-222.6,-1592.75,-0.6040669495198476,0.6595191335916254,-0.4473674473230453,-0.7667774518292553,-0.6339545822835344,0.10076669572802088,-0.21715307933349695,0.4039011017913435,0.8886554113421684,0.4761
1,1787599997.8429055,5431,121.38,-222.59,-1592.77,-0.604696807191733,0.6595023131558871,-0.44654055842012647,-0.7664936321573528,-0.6342142026461189,0.10129095233127483,-0.21640074684333468,0.4035208100011472,0.8890116268427904,0.4742
1,1787599997.9027438,5437,121.37,-222.59,-1592.76,-0.6045313625429811,0.6594929891981944,-0.4467782771133317,-0.7667103623479467,-0.6338776084090713,0.10175656158635,-0.21609500681461186,0.4040645675582387,0.8888390030111001,0.48160000000000003
1,1787599997.9626117,5440,121.38,-222.61,-1592.77,-0.6044825150533801,0.6593832788189425,-0.4470062422480482,-0.766725785308326,-0.6338445837131579,0.10184603006904397,-0.21617691629327826,0.40429535652969645,0.8887141303875248,0.47600000000000003
1,1787599998.0224228,5443,121.37,-222.6,-1592.78,-0.6044245839645159,0.6595039127072301,-0.4469066025728149,-0.7668564339924235,-0.6336522924543011,0.10205871796094979,-0.21587526941209734,0.40440000172015705,0.8887398419475697,0.4738
1,1787599998.082263,5446,121.37,-222.6,-1592.77,-0.6045313625429811,0.6594929891981944,-0.4467782771133317,-0.7667103623479467,-0.6338776084090713,0.10175656158635,-0.21609500681461186,0.4040645675582387,0.8888390030111001,0.4776
1,1787599998.1271415,5449,121.37,-222.59,-1592.75,-0.6038402029221572,0.6593149074642071,-0.44797417574051296,-0.7669338596032644,-0.633712571081134,0.10109813177195176,-0.2172313612924437,0.40461368000748904,0.8883120541914474,0.4701
1,1787599998.1869814,5452,121.37,-222.6,-1592.77,-0.604375766094275,0.6593941503568231,-0.4471345299047725,-0.7668718544958593,-0.6336192218596219,0.102148130046952,-0.2159571534819816,0.4046307405094313,0.8886149175513257,0.47640000000000005
1,1787599998.2468202,5455,121.37,-222.6,-1592.78,-0.6040422049641395,0.659329346238381,-0.4476804974654685,-0.7668950405799767,-0.6337030406647062,0.10145172736893868,-0.21680639140923885,0.40460507836799914,0.8884197877146417,0.4733
1,1787599998.3066592,5461,121.39,-222.77,-1592.67,-0.6043078636152449,0.6597323689409128,-0.44672721804742294,-0.7667784313241472,-0.6338996060864936,0.10110453332797759,-0.2164782742652444,0.4036390600214498,0.8889390676509509,0.47200000000000003
1,1787599998.3671007,5464,121.43,-222.41,-1592.92,-0.604102477669375,0.6593827450733923,-0.4475204933555556,-0.7668952328548505,-0.6336892768693457,0.10153621130074936,-0.2166377120868547,0.40453960977917025,0.8884907460528161,0.46830000000000005
1,1787599998.412009,5467,121.61,-222.67000000000002,-1592.9,-0.604698930670773,0.6596762306839873,-0.4462807120145239,-0.7666245962405306,-0.6340083364975837,0.10158817692335179,-0.21593038620043076,0.40356003261241497,0.8891081871140313,0.4796
1,1787599998.472102,5470,121.44,-222.47,-1592.89,-0.6045200531793086,0.6595493386285118,-0.44671039300510895,-0.7666947985851794,-0.6339243330145645,0.10158260596416546,-0.21618184735661164,0.4038992571505084,0.8888930188423972,0.47640000000000005
1,1787599998.5319364,5473,121.66,-222.66,-1592.92,-0.6042104363336721,0.659384430113473,-0.4473722409240478,-0.7670882245181497,-0.6332820405262878,0.10261341507061295,-0.2156511173888656,0.4051740742826371,0.8884416497993225,0.47700000000000004
1,1787599998.5772035,5476,121.54,-222.53,-1592.95,-0.6046141382928414,0.6594336185884049,-0.4467538992015709,-0.7667415310114246,-0.6337703441854794,0.10218892040371091,-0.21575256290172296,0.4043296347121014,0.8888016528421382,0.4772
1,1787599998.6370418,5479,121.68,-222.55,-1593.03,-0.6044132572819457,0.659560281064508,-0.4468387293688132,-0.7668409072300041,-0.6336990695294087,0.10188479904394933,-0.21596212033709203,0.40423473987235287,0.8887939230551918,0.4783
1,1787599998.697387,5482,121.65,-222.53,-1593.0,-0.6042831304015566,0.6595428864933233,-0.4470403552120887,-0.7668957177148173,-0.6336480232500276,0.10178968897686727,-0.2161315721100695,0.40434312595540395,0.8887034263632846,0.4763
1,1787599998.7572267,5488,121.7,-222.49,-1593.04,-0.604208104757848,0.6592103612648331,-0.44763184174723036,-0.7669576572442145,-0.633488221775589,0.102316298144862,-0.21612153557523,0.40513500524231477,0.8883451521722366,0.4801
1,1787599998.8175714,5491,121.81,-222.41,-1593.16,-0.6047758787677887,0.6588381694023048,-0.44741301165619796,-0.7668203810171621,-0.6334148039695189,0.10378915824377058,-0.2150177660504907,0.4058545954536871,0.8882845307849172,0.4802
1,1787599998.8779166,5494,121.76,-222.20000000000002,-1593.21,-0.6070346423678256,0.655503439343905,-0.44924846574437793,-0.7655075535500425,-0.6341020459548844,0.10914568600571599,-0.21332399870430616,0.4101583064185596,0.8867147428867213,0.48090000000000005
1,1787599998.937756,5497,121.74000000000001,-221.99,-1593.33,-0.6117272761322236,0.6483367644918128,-0.45326502120077394,-0.7623968633465814,-0.6360455312204918,0.11915160499857509,-0.21104682512453107,0.4184561172007527,0.8833763159504139,0.48190000000000005
1,1787599998.9981012,5500,121.65,-221.76,-1593.3600000000001,-0.6191558363302634,0.6380226592216719,-0.4577915864865565,-0.7580799098455689,-0.6377144835657486,0.13651039425261507,-0.2048436004045668,0.4315638119330406,0.8785168043942683,0.4927
1,1787599999.0429814,5503,121.54,-221.47,-1593.39,-0.6275010601948837,0.6244814027143989,-0.46504343573278556,-0.7527675942589219,-0.6391908603049132,0.15740391715678487,-0.19895569478638173,0.4488407532371827,0.8711823056889679,0.4899
1,1787599999.1028194,5509,121.23,-221.01,-1593.5,-0.6421863007274324,0.5957499968143589,-0.48236780204912827,-0.7423846226337663,-0.6401182245891518,0.19777191566487004,-0.19094980291934344,0.48510885360352207,0.8533507912462145,0.4733
1,1787599999.1626585,5512,121.10000000000001,-220.68,-1593.69,-0.6470007461227113,0.5836557060444941,-0.4906486026866459,-0.7390307749764833,-0.6384038226702288,0.21511409260598816,-0.18767937594289236,0.5017833955022248,0.8443872783527381,0.4743
1,1787599999.2224977,5515,121.0,-220.4,-1593.94,-0.6498459516724396,0.5727774021794345,-0.499626146881365,-0.7370001392879276,-0.6355669938277755,0.22996823921206894,-0.18582527757147616,0.5176684691086587,0.835157663142823,0.48510000000000003
1,1787599999.282338,5518,120.86,-220.11,-1594.08,-0.6530876723659544,0.561059709552935,-0.5086142885527263,-0.7348225355357525,-0.6318713669876834,0.2465246779734727,-0.1830637415558518,0.534743469242489,0.8249467186613205,0.49760000000000004
1,1787599999.3272169,5521,120.81,-219.77,-1594.3600000000001,-0.6577548239208996,0.5477457912484349,-0.5170426866114753,-0.7312264579216162,-0.6290512759271241,0.26382259093918337,-0.18073864789854158,0.5516058741747435,0.814287726010729,0.49350000000000005
1,1787599999.3870568,5524,120.72,-219.49,-1594.52,-0.665095112340752,0.5317105450067664,-0.524339954484731,-0.7256148805238695,-0.6260579765455714,0.28554238768700413,-0.17644131234711743,0.5703817198440639,0.802205183830767,0.4766
1,1787599999.4468954,5527,120.66,-219.07,-1594.79,-0.6764312076275009,0.5135849447170376,-0.5278932902657489,-0.7167630194246216,-0.6238923393606266,0.3114628755926203,-0.169385936054031,0.5890575977331267,0.7901389442496666,0.48250000000000004
1,1787599999.491776,5530,120.66,-218.67000000000002,-1595.01,-0.6883797334156184,0.4933991788808854,-0.531686555126524,-0.7069978597719665,-0.6202483791244398,0.33977341636944514,-0.16213379937724615,0.6097943903260945,0.7757985773551829,0.4857
1,1787599999.5516531,5536,120.66,-217.84,-1595.5900000000001,-0.7135854474098495,0.44925431308371794,-0.5375559239935521,-0.6845484636741584,-0.6102905128469299,0.39867140706398896,-0.14896043141127865,0.6524691962879997,0.7430307784803115,0.48400000000000004
1,1787599999.611454,5539,120.59,-217.41,-1595.8400000000001,-0.725356684323203,0.42679935465683627,-0.5400925766682572,-0.6732241448280404,-0.6035281333442487,0.4272271563027804,-0.14362079002777675,0.673495436604076,0.7251047962503644,0.4766
1,1787599999.6712933,5542,120.67,-217.06,-1596.17,-0.7361102193320446,0.4069111270784569,-0.5408928541353352,-0.6624182511963806,-0.5972901624520754,0.4521576299476785,-0.13908200989652741,0.6911351506743909,0.7092167496791294,0.4807
1,1787599999.7311325,5545,120.63,-216.70000000000002,-1596.39,-0.745301191494667,0.38884572943372514,-0.5415949895057965,-0.6529723538444753,-0.5898580439919338,0.4750732501970779,-0.13473395663838766,0.7077192145471001,0.6935274142306134,0.48090000000000005
1,1787599999.7760122,5548,120.72,-216.47,-1596.64,-0.7541568643237389,0.3749187704667795,-0.5391505722384647,-0.6436844491106194,-0.5846448616053779,0.49382255494416877,-0.1300682665623861,0.7194625086480231,0.6822433178004379,0.5045000000000001
1,1787599999.8358512,5551,120.83,-216.3,-1596.8400000000001,-0.7611709456480374,0.36244639191086814,-0.5378209781070891,-0.6358320827600259,-0.5804700207483311,0.5086964886309714,-0.12781374743868612,0.7291688199609373,0.6722919588708868,0.4874
1,1787599999.895691,5554,120.9,-216.05,-1596.93,-0.7699329176468107,0.35200730296760263,-0.5322538501329451,-0.6259393966742718,-0.5788291108901376,0.5226439821495905,-0.12410952427157997,0.7355594598967559,0.6659948250110319,0.4908
1,1787599999.94057,5557,121.13,-215.9,-1597.04,-0.7801540263894758,0.3427769177371267,-0.5233198637305145,-0.6139572665713751,-0.5800733852014158,0.5353235868193885,-0.12006735581537004,0.7389308847568932,0.6629969665239054,0.4964
1,1787600000.001039,5563,121.66,-215.62,-1597.22,-0.803816010422461,0.320970337411687,-0.5008571292198466,-0.5844693474531438,-0.582926446842405,0.5644398457403457,-0.1107944189759331,0.7464414244088525,0.6561629345294266,0.5018
1,1787600000.0608778,5566,121.96000000000001,-215.48000000000002,-1597.29,-0.8171599710051278,0.30620142218422186,-0.4883546568215139,-0.5664707386706062,-0.5832703951874106,0.5821568073362191,-0.10658557133532033,0.752353862986216,0.65007936502618,0.49910000000000004
1,1787600000.1207175,5569,122.23,-215.26,-1597.41,-0.8300416118737594,0.2911007410898662,-0.4757008315054142,-0.5482628889859726,-0.5821826806101774,0.6003924807642943,-0.10217008915904302,0.7591598546646676,0.6428355839145453,0.49350000000000005
1,1787600000.1805587,5572,122.51,-215.16,-1597.57,-0.8424273552172886,0.2758322937934898,-0.46285278100301613,-0.5297781115694845,-0.58066000474941,0.6181982783753817,-0.09824104887202117,0.7659964129061161,0.6352937837972981,0.49110000000000004
1,1787600000.2254376,5575,122.74000000000001,-214.95000000000002,-1597.7,-0.8540170877633035,0.26034332406651595,-0.45041776987845733,-0.5115873455151364,-0.5775498235409539,0.6361718236739108,-0.09451561626028955,0.7737296394360308,0.626425768420431,0.5035000000000001
1,1787600000.2852755,5578,123.0,-214.83,-1597.8600000000001,-0.8636615484791222,0.2444189994330126,-0.440849274009621,-0.4953942712521891,-0.5731533494633971,0.6527478487206232,-0.09313026194077505,0.782147422622522,0.6160942814178596,0.497
1,1787600000.345116,5581,123.14,-214.67000000000002,-1597.97,-0.8727664464001693,0.22916981603722109,-0.4309987534268361,-0.47936856455141413,-0.568994265659432,0.6681701167865863,-0.09211139646068277,0.7897637121722864,0.6064559090139309,0.48160000000000003
1,1787600000.3905032,5584,123.37,-214.52,-1598.1100000000001,-0.8813705175297997,0.21420115573403609,-0.42107466762019313,-0.4635767742967951,-0.5638363768663154,0.6835094106556578,-0.09100870926362589,0.7976254791595299,0.5962474401066216,0.49560000000000004
1,1787600000.4503424,5590,123.73,-214.25,-1598.26,-0.8992309349701475,0.18635210679577716,-0.39579870879714774,-0.4284177449044707,-0.5582574476588433,0.7104976129336406,-0.08855484991620695,0.8084686230313509,0.5818389159639539,0.5215000000000001
1,1787600000.5107107,5593,124.06,-214.26,-1598.3500000000001,-0.908472886502124,0.17311299704336783,-0.3804062364698581,-0.4088393584522786,-0.5570383344913896,0.7228821984856093,-0.08676055250416499,0.8122439191288056,0.5768296302786902,0.5277000000000001
1,1787600000.570528,5596,124.26,-214.15,-1598.43,-0.9168677419562308,0.1605331939242,-0.3654895859098833,-0.38981072631532343,-0.5573667993672055,0.7330687884589532,-0.08602988672317746,0.8145988857171685,0.5736091996984923,0.5111
1,1787600000.630367,5599,124.55,-214.19,-1598.4,-0.9244216543885787,0.14941246937779615,-0.35088533581771725,-0.37177630926962535,-0.5581446690309442,0.7417930333308569,-0.0850116507505823,0.8161803982127768,0.5715090347578892,0.5159
1,1787600000.6752465,5602,124.79,-214.20000000000002,-1598.3700000000001,-0.9311617998640148,0.13991436943992003,-0.3366922507249581,-0.35476933111104,-0.5607396065934207,0.7481375644228014,-0.0841214846340326,0.81608520561378,0.5717766285895926,0.5293
1,1787600000.7350864,5605,125.06,-214.23000000000002,-1598.41,-0.9365139641315942,0.13180578459374537,-0.32491357333013027,-0.3404486416008738,-0.5635109285095148,0.7526952609671885,-0.08388275996083183,0.8155260073093754,0.5726089538099992,0.5046
1,1787600000.7949264,5608,125.19,-214.22,-1598.4,-0.941371991103182,0.12432991772252794,-0.313625327302404,-0.3270102238268879,-0.5648737348072116,0.757615982696802,-0.08296437716947756,0.8157571546018224,0.5724134666801779,0.515
1,1787600000.854765,5614,125.46000000000001,-214.16,-1598.46,-0.9485194778194875,0.10814324977820672,-0.2976841240719018,-0.30539436629029043,-0.5613776142411261,0.769148526142444,-0.08393498218978172,0.8204634128078778,0.5655039407541305,0.5308
1,1787600000.9146042,5617,125.58,-214.08,-1598.58,-0.9515123470042537,0.10032025534091545,-0.2907921936139106,-0.2957490966129299,-0.5583271204515325,0.7751150227036858,-0.08459743111402603,0.8235330430144459,0.5609247736660186,0.5261
1,1787600000.9744482,5620,125.62,-214.09,-1598.57,-0.9536267920495802,0.09325524568296388,-0.28618071325272226,-0.28842930677898704,-0.5549460645432224,0.7802841792827678,-0.08604926772622627,0.8266428035134642,0.5561089811567339,0.5122
1,1787600001.0342827,5623,125.74000000000001,-214.07,-1598.63,-0.9553439992768269,0.08810627948499038,-0.2820551835387377,-0.28230422938558764,-0.5541466228518008,0.7830873785555184,-0.08730501197965533,0.8277431992455492,0.5542734261950282,0.5091
1,1787600001.0941222,5626,125.84,-214.17000000000002,-1598.58,-0.957310965642113,0.08540129160679213,-0.27615635870509525,-0.27582359727962535,-0.5556694452892442,0.784316779595892,-0.08646998464838888,0.8270054939139374,0.5555041447109751,0.5286000000000001
1,1787600001.153962,5632,125.92,-214.26,-1598.44,-0.9606671978272396,0.0824899604700306,-0.2651677609371325,-0.2645787798467123,-0.5619426633650091,0.7837209403512613,-0.08435996843043753,0.8230527622892065,0.5616649768452033,0.5303
1,1787600001.2138011,5635,126.0,-214.32,-1598.3700000000001,-0.9621593477730672,0.08120928574184273,-0.2601046739337955,-0.2593420006037331,-0.5658244808476501,0.782677700970419,-0.08361289503276186,0.8205167327865942,0.5654742920782989,0.5257000000000001
1,1787600001.2586806,5638,125.8,-213.95000000000002,-1598.4,-0.962044316864087,0.08125718275889215,-0.2605148798813617,-0.25966690912549056,-0.566172920240949,0.7823179153586157,-0.08392752048480001,0.8202715980917077,0.5657832417713956,0.5162
1,1787600001.31852,5641,125.95,-214.45000000000002,-1598.25,-0.9621282686696078,0.08165572787795079,-0.26007986606337946,-0.25957139637383425,-0.5658316689111478,0.7825964558070546,-0.08325794143120016,0.8204674670954037,0.5655981352751187,0.5341
1,1787600001.3783617,5644,125.71000000000001,-214.03,-1598.31,-0.961850146426189,0.08150337562027431,-0.2611541605688469,-0.26039190163191045,-0.5655178469379613,0.7825507155189176,-0.08390681369493216,0.8206989487973974,0.5651662428510843,0.5326000000000001
1,1787600001.423745,5647,125.85000000000001,-214.16,-1598.3500000000001,-0.9620070677965779,0.08158041156367773,-0.26055141135394216,-0.2599586910063874,-0.565379978830416,0.7827943270795745,-0.083449868062663,0.8207862791170546,0.5651070726273959,0.5268
1,1787600001.483584,5650,125.8,-214.12,-1598.28,-0.9619719171892708,0.08184586016358772,-0.26059793881241894,-0.2600893423969156,-0.5659305206252769,0.7823529764731155,-0.08344797487500105,0.820380339232289,0.5656965038696772,0.5323
1,1787600001.5439293,5653,125.81,-214.06,-1598.3700000000001,-0.9618469157972338,0.08147120710931367,-0.26117609573523465,-0.2604141323443467,-0.5652986651726946,0.7827016665558537,-0.08387484871336706,0.820853130326078,0.5649470313110678,0.5278
1,1787600001.5891967,5656,125.81,-214.20000000000002,-1598.3,-0.9620486466075171,0.08170525123602125,-0.2603587015659421,-0.2598504486212329,-0.5655906475777581,0.782678071574716,-0.08330753814624868,0.8206287048921886,0.5653568632244421,0.5307000000000001
1,1787600001.6490655,5662,125.86,-214.18,-1598.3,-0.9619305395493033,0.08166190054564113,-0.2608083033219229,-0.260215606093474,-0.5653580661560202,0.782724789040012,-0.08353128412632166,0.820793269362998,0.5650848905612402,0.5362
1,1787600001.708876,5665,125.77,-214.03,-1598.32,-0.9617349127311188,0.0814921075349649,-0.26158171580517053,-0.260734811178573,-0.5655044624212875,0.7824462034039685,-0.08416243742751978,0.8207092904257391,0.5651132140864682,0.5157
1,1787600001.768715,5668,125.83,-214.20000000000002,-1598.29,-0.9618148638504885,0.0814427876508695,-0.2613029659531664,-0.2604556999172516,-0.5657454942038183,0.7823649175216717,-0.0841129957668901,0.820548053515291,0.5653546637424921,0.5221
1,1787600001.8292644,5671,125.77,-214.07,-1598.33,-0.9617381539098979,0.08152432640483759,-0.26155975898103884,-0.2607125260745128,-0.5657235727035638,0.7822952243465138,-0.08419443011166552,0.8205550703589328,0.5653323575087656,0.5196000000000001
1,1787600001.8741438,5674,125.82000000000001,-214.16,-1598.26,-0.9615763313955554,0.08126709385213363,-0.2622339000905365,-0.26104624364041773,-0.5664048207642209,0.7816907557955887,-0.08500480916449757,0.8201105038175522,0.5658559392168896,0.5032
1,1787600001.9339833,5677,125.82000000000001,-214.07,-1598.31,-0.961492271361724,0.08101699214418132,-0.26261922834320867,-0.26126301048735184,-0.5659839988019061,0.7819231115981222,-0.08528922243026128,0.8204257188095174,0.565355983830655,0.5039
1,1787600001.9945438,5680,125.78,-214.14000000000001,-1598.23,-0.9615375852717346,0.08117441688838356,-0.2624046229635301,-0.2611321590447281,-0.5664133853723037,0.7816558529069714,-0.0851790327630005,0.820113767055472,0.5658250095777336,0.5074000000000001
1,1787600002.0394232,5683,125.82000000000001,-214.1,-1598.33,-0.9615763313955554,0.08126709385213363,-0.2622339000905365,-0.26104624364041773,-0.5664048207642209,0.7816907557955887,-0.08500480916449757,0.8201105038175522,0.5658559392168896,0.5032
1,1787600002.0992663,5689,125.83,-214.09,-1598.29,-0.9618529856252102,0.08126849311317441,-0.26121689468903586,-0.26028488393914917,-0.5657759196012915,0.7823997622648518,-0.08420577911671262,0.820544356403983,0.5653462177612235,0.5213
1,1787600002.1591058,5692,125.81,-214.13,-1598.24,-0.9618944902704897,0.08145256162530189,-0.26100664702637577,-0.26015841431003994,-0.5663481340475301,0.7820277428100401,-0.08412246460345975,0.8201312524624074,0.5659577189892214,0.5221
1,1787600002.2194514,5695,125.78,-214.16,-1598.26,-0.962086491623046,0.08158996587966469,-0.2602549905462211,-0.2596615934105274,-0.565982862112246,0.7824571916103373,-0.08345920886256004,0.8203697198598845,0.5657102466749653,0.5282
1,1787600002.2792907,5698,125.81,-214.20000000000002,-1598.22,-0.9621658405486688,0.08159929494427703,-0.25995855505420584,-0.2593644813618255,-0.5665854279909818,0.7821195679665529,-0.08346832386711113,0.8199527473293037,0.5663131033782833,0.5494
1,1787600002.3245618,5701,125.81,-214.08,-1598.25,-0.9620060276347022,0.08149060060556401,-0.26058335481654415,-0.25981965104931,-0.5665042144183642,0.7820273166423579,-0.08389369298770491,0.8200196687026333,0.5661533283640646,0.5472
1,1787600002.384401,5704,125.82000000000001,-214.13,-1598.24,-0.9619262680815697,0.08154016610668056,-0.26086214000111,-0.26009876131706144,-0.566263335258884,0.7821089882508797,-0.08394336862429388,0.8201810997900277,0.5659120730389363,0.5601
1,1787600002.4447699,5707,125.77,-214.07,-1598.25,-0.9620060276347022,0.08149060060556401,-0.26058335481654415,-0.25981965104931,-0.5665042144183642,0.7820273166423579,-0.08389369298770491,0.8200196687026333,0.5661533283640646,0.5474
1,1787600002.4901571,5710,125.82000000000001,-214.14000000000001,-1598.22,-0.9620478890910513,0.08155628169588801,-0.2604082026576603,-0.25972956342653003,-0.5663530517187882,0.7821667179643224,-0.08369237108432409,0.8201175487238136,0.5660413353258994,0.5619000000000001
1,1787600002.5499957,5716,125.83,-214.1,-1598.24,-0.9621277914519152,0.08177364511106644,-0.2600445805647743,-0.25953538441693974,-0.5665550497429812,0.7820848802056458,-0.08337563883660103,0.8199563687026142,0.5663215131642195,0.5546
1,1787600002.6098344,5719,125.81,-214.12,-1598.24,-0.961887354746881,0.08118043209577219,-0.2611177018564457,-0.2600998837991051,-0.5663107664185976,0.7820742715919459,-0.08438463856496617,0.8201840362279215,0.5658421860299352,0.5531
1,1787600002.669674,5722,125.81,-214.12,-1598.22,-0.9622009193850318,0.08166000165212171,-0.25980961272588615,-0.2593005936045926,-0.5663580168966302,0.7823054383380076,-0.0832621936469689,0.8201037988127428,0.5661246914611683,0.5389
1,1787600002.7295132,5725,125.82000000000001,-214.13,-1598.23,-0.96200980203413,0.08173061565812818,-0.2604942365089818,-0.2599004387087039,-0.5663226458463466,0.7821319727262251,-0.08359965759066988,0.8201211905966928,0.5660497592835688,0.541
1,1787600002.789355,5728,125.81,-214.1,-1598.23,-0.961929979254466,0.0814539874292227,-0.26087537818541395,-0.26011279400878956,-0.5657588783203673,0.7824693131328672,-0.08385731574790432,0.8205377136570629,0.565407650339113,0.5332
1,1787600002.8491926,5734,125.81,-214.14000000000001,-1598.23,-0.9620449448449258,0.08179127648255376,-0.26034536905748523,-0.2598365864411193,-0.5660951657339769,0.7823178456862965,-0.08339347963090676,0.8202721806961245,0.5658613585774116,0.5559000000000001
1,1787600002.9090312,5737,125.84,-214.15,-1598.25,-0.9620830365593834,0.08161694550665154,-0.26025930333196673,-0.25966571208894285,-0.5661255703636074,0.7823525781550301,-0.08348621880297737,0.820268561378921,0.5658529300828415,0.5366000000000001
1,1787600002.9688704,5740,125.82000000000001,-214.12,-1598.24,-0.9621596562129672,0.0818023800711517,-0.2599176149683578,-0.2594936046663179,-0.5661086274983574,0.7824219392432746,-0.08313762742239766,0.8202617829002036,0.5659140768879617,0.5472
1,1787600003.0287104,5743,125.83,-214.13,-1598.24,-0.9619684194671207,0.08154673760041319,-0.26070460205884155,-0.2600267361761907,-0.5657503702078264,0.7825040671352865,-0.08368307129573639,0.8205343674681986,0.565438321465813,0.5278
1,1787600003.0735893,5746,125.84,-214.16,-1598.24,-0.9620060276347022,0.08149060060556401,-0.26058335481654415,-0.25981965104931,-0.5665042144183642,0.7820273166423579,-0.08389369298770491,0.8200196687026333,0.5661533283640646,0.5307000000000001
1,1787600003.1334288,5749,125.83,-214.16,-1598.23,-0.9619681771665618,0.0816058466624919,-0.2606869998855713,-0.2600086496061664,-0.5661121428510633,0.7822483901207817,-0.083742033942458,0.8202789327460964,0.5658000921209762,0.5361
1,1787600003.193268,5752,125.88000000000001,-214.20000000000002,-1598.26,-0.9619681771665618,0.0816058466624919,-0.2606869998855713,-0.2600086496061664,-0.5661121428510633,0.7822483901207817,-0.083742033942458,0.8202789327460964,0.5658000921209762,0.5406000000000001
1,1787600003.2381475,5755,125.88000000000001,-214.24,-1598.24,-0.961772357200247,0.08111008000173467,-0.26156277993551075,-0.26046099557131935,-0.5659357062886641,0.7822255724108923,-0.08458133784397957,0.8204498347063416,0.5654273304491565,0.5374
1,1787600003.297988,5761,125.95,-214.31,-1598.25,-0.961967823954932,0.08133880860913002,-0.2607717467239504,-0.2599238090273479,-0.5661510472685659,0.7822484293224375,-0.08400904222836747,0.8202786050426728,0.5657609839261798,0.527
1,1787600003.3578262,5764,126.06,-214.4,-1598.28,-0.9621210905010545,0.08144260613234876,-0.2601732290598566,-0.25949482591068324,-0.5661559448431753,0.7823872963208922,-0.08357895990406734,0.8202649255119363,0.5658445099461972,0.5346000000000001
1,1787600003.4176662,5767,126.04,-214.41,-1598.27,-0.9616915642183359,0.08095172239151123,-0.26190867483368735,-0.2606370193708214,-0.5660955129275921,0.7820512862829013,-0.08495692699706443,0.8203552211603788,0.5655082949613748,0.5205000000000001
1,1787600003.4775054,5770,125.99000000000001,-214.4,-1598.2,-0.9616155266082508,0.08124092271239251,-0.2620982477293117,-0.2609969763494595,-0.5656728500089183,0.7822370517299903,-0.08471220291301733,0.820618144595662,0.5651634307330906,0.5181
1,1787600003.5223858,5773,126.02,-214.48000000000002,-1598.25,-0.9616921136024934,0.08121875877770332,-0.26182397112827194,-0.260721869418471,-0.5660565235908508,0.7820512252449827,-0.08468993707464131,0.8203557309623978,0.5655476012109357,0.504
1,1787600003.5822241,5776,126.06,-214.42000000000002,-1598.27,-0.961656935704141,0.08109892728808049,-0.2619902708209687,-0.2608038036236574,-0.5659223810871312,0.7821209846309615,-0.08483698502159671,0.8204601285726166,0.5653740915491715,0.5234
1,1787600003.6420634,5779,126.08,-214.5,-1598.26,-0.9616956042182002,0.08119165595365427,-0.26181955586031797,-0.2607178146026751,-0.5659138244755219,0.7821558440721987,-0.08466277798534508,0.8204568594819546,0.5654049484686284,0.5163
1,1787600003.686943,5782,126.05,-214.45000000000002,-1598.26,-0.9616190255785791,0.08121379585341867,-0.26209381718839414,-0.2609929062126635,-0.5655301297274636,0.7823415975627949,-0.08468501964321641,0.8207191917662932,0.5650207568881965,0.5135000000000001
1,1787600003.746919,5788,125.93,-214.41,-1598.19,-0.9614208928324519,0.0820799169081386,-0.26255047908088874,-0.2618731023853655,-0.5653009867158537,0.7822130609144455,-0.08421606184282807,0.8207908878992477,0.5649867018516892,0.5138
1,1787600003.8067605,5791,125.84,-214.38,-1598.19,-0.9601908160739973,0.08327230288816559,-0.2666445579771925,-0.2660536326360184,-0.5635447834840247,0.7820695247668982,-0.08514141934645758,0.8218777284849887,0.5632654242291332,0.5016
1,1787600003.866599,5794,125.63000000000001,-214.42000000000002,-1598.15,-0.9575559543727379,0.08885325978038731,-0.27421103637839594,-0.2753933659008029,-0.5629226718526901,0.7792795130965878,-0.08511808423091703,0.8217196381617197,0.5634995545661337,0.5105000000000001
1,1787600003.9269435,5797,125.47,-214.43,-1598.03,-0.9538621871715037,0.09933116278812054,-0.2833376924864653,-0.28836524576477296,-0.5659092601844533,0.7723938077642173,-0.08362064888182198,0.8184619901599857,0.5684430998296476,0.5196000000000001
1,1787600003.9718232,5800,125.22,-214.4,-1598.01,-0.9487008247442867,0.11275629507272225,-0.2953857868127426,-0.30507964537636895,-0.5717840434088131,0.7615703629213111,-0.08302502698908809,0.8126186224943048,0.5768516440723036,0.5203
1,1787600004.032168,5803,125.16,-214.55,-1597.92,-0.9433730157515671,0.12741789075582027,-0.3062875026296886,-0.3216655673833283,-0.5770934676485345,0.7506626355143512,-0.08110866730353289,0.8066770175929944,0.5854003530708853,0.5128
1,1787600004.0920072,5806,124.84,-214.5,-1597.76,-0.937480780831961,0.14040931223504274,-0.31845723513272367,-0.3385329503663082,-0.5802541401214578,0.7407432580781212,-0.08077887772790174,0.802240835354066,0.5915102830918757,0.511
1,1787600004.1368864,5809,124.69,-214.74,-1597.65,-0.9318559091939682,0.15218728258954983,-0.32936847984937967,-0.3537603276949429,-0.5827809328209104,0.7315873255391705,-0.080611382877664,0.7982514737589891,0.5969056789746205,0.5147
1,1787600004.196726,5815,124.29,-214.88,-1597.47,-0.9185889120548725,0.18301681796000596,-0.35028453433407497,-0.3872696820838059,-0.59365147166239,0.7054077711024924,-0.07884544367656013,0.7836343372625224,0.6161985244014899,0.5125000000000001
1,1787600004.2565658,5818,124.12,-215.0,-1597.29,-0.9104553342392673,0.20056357179876053,-0.3617255009293473,-0.4061532006951705,-0.5988248331815614,0.6902524152294893,-0.07817072291038558,0.7753599633927447,0.6266628002740143,0.4938
1,1787600004.3169105,5821,123.94,-215.0,-1597.3,-0.9015109555730375,0.21743686616384827,-0.3741646779355761,-0.4255194453595508,-0.60284393046472,0.6749165853072128,-0.07881115785654291,0.7676590419806782,0.6359940225054153,0.501
1,1787600004.3767498,5824,123.58,-215.12,-1597.15,-0.89128328485583,0.2316816136496627,-0.38979191376077865,-0.44606051014206965,-0.6024942992284134,0.6618388328657211,-0.08151151715186275,0.763756668903095,0.6403371168983178,0.4888
1,1787600004.421629,5827,123.29,-215.14000000000001,-1597.24,-0.8798292367634699,0.24359776379913875,-0.40811841860943876,-0.467592135592385,-0.597545692525402,0.6513806414658717,-0.08519453543721403,0.7639366955555916,0.6396425691862919,0.5065000000000001
1,1787600004.481469,5830,122.87,-215.14000000000001,-1597.26,-0.8673421205358669,0.2529266682794305,-0.42865574347885804,-0.48949147812205324,-0.5893732732282096,0.642679731787267,-0.0900873952905349,0.7672465348747642,0.634993713301505,0.4862
1,1787600004.5413115,5833,122.46000000000001,-215.20000000000002,-1597.28,-0.8553300027960159,0.259397301035478,-0.4484680886445286,-0.5091754788974995,-0.5807206264756014,0.6352195570629787,-0.09566043072487777,0.7716712993245857,0.6287865200465387,0.49400000000000005
1,1787600004.5861876,5836,122.06,-215.26,-1597.21,-0.845342592676028,0.2659361185403142,-0.46332912909019974,-0.5248196978163536,-0.575424502858909,0.6272566669980708,-0.09980073041677814,0.773411030672106,0.6259993545068463,0.5016
1,1787600004.646027,5842,121.64,-215.68,-1596.82,-0.8281796069667738,0.2907849481686617,-0.4791269691041285,-0.5507475234822523,-0.5807191206827105,0.5995352101850776,-0.1039023771745662,0.7604008264014762,0.6410888231949035,0.5071
1,1787600004.7058663,5845,121.62,-215.98000000000002,-1596.5900000000001,-0.8186153139018466,0.3100329758132194,-0.48347546137708064,-0.5644839704561437,-0.5896044297680793,0.5776888985396255,-0.10595666540359155,0.7458191270718779,0.6576678605118951,0.4806
1,1787600004.7657058,5848,121.55,-216.19,-1596.4,-0.8084815875865133,0.3324971048648461,-0.4855957143448512,-0.5784607505345281,-0.6008732957198046,0.5516651544024243,-0.10835443057217921,0.726909181223704,0.6781315208925648,0.49560000000000004
1,1787600004.8255453,5851,121.61,-216.66,-1596.1000000000001,-0.7982943103875648,0.3561760097952296,-0.48565918507652167,-0.5921386378077411,-0.6114333127519068,0.5249010741772415,-0.1099910342620493,0.7066031093220421,0.6990093120112115,0.5026
1,1787600004.8704245,5854,121.55,-217.0,-1595.82,-0.7885787959354104,0.3774748195364861,-0.4854443770577178,-0.6047017813318124,-0.6194209505992888,0.5006530151839758,-0.11171051094320233,0.6883534314395264,0.716721923182372,0.48350000000000004
1,1787600004.9302638,5857,121.65,-217.37,-1595.6200000000001,-0.7796534753239324,0.39577000843681803,-0.48529018003379726,-0.6155630538381021,-0.6266722478694159,0.4778744819508605,-0.11498950023730113,0.6713032058408588,0.7322085909513502,0.4868
1,1787600004.9901261,5860,121.60000000000001,-217.53,-1595.46,-0.7724102074697704,0.41109205759374456,-0.4841340636433755,-0.6243873813753016,-0.6310678477480373,0.4603192039421708,-0.11628787286643477,0.6578424520521625,0.7441239405517056,0.4924
1,1787600005.0499427,5866,121.62,-218.03,-1595.13,-0.7612916681938967,0.4342179500558979,-0.48154934096913415,-0.6373078771523882,-0.6379214861508933,0.43231336693023026,-0.1194724472758056,0.6360117525300057,0.7623748323401296,0.5041
1,1787600005.109782,5869,121.58,-218.35,-1594.89,-0.7540262028885233,0.4461622141160182,-0.48206199191868215,-0.6449304931026338,-0.6420296728880226,0.4145630931446888,-0.12453571545508066,0.6234879131357646,0.7718508131431232,0.4848
1,1787600005.1546633,5872,121.65,-218.69,-1594.71,-0.7463851052513973,0.4604872054228555,-0.48047976887763927,-0.6531243895950813,-0.6454911546686095,0.395941537301453,-0.12781942878495853,0.609337921753139,0.7825404083743231,0.47100000000000003
1,1787600005.2145038,5875,121.74000000000001,-218.99,-1594.53,-0.7381244825274067,0.4788518202547479,-0.4752611729695188,-0.6619931559212457,-0.6499409562251881,0.37328516570380527,-0.1301434201451512,0.5901505635512032,0.7967339596961585,0.4746
1,1787600005.2743402,5878,121.94,-219.34,-1594.3700000000001,-0.7301885524961265,0.49766292963098185,-0.46814131015615323,-0.6702506496157031,-0.654736150748467,0.34940612414897443,-0.13262256404299885,0.5689043692697296,0.8116397440567283,0.48510000000000003
1,1787600005.3198962,5881,122.09,-219.51,-1594.27,-0.7228703035393708,0.5143034717210593,-0.46146556018468315,-0.6775598149095267,-0.6585846699082238,0.32738193258279163,-0.1355404791221637,0.5493251965252834,0.8245426653495821,0.4766
1,1787600005.3797042,5884,122.15,-219.86,-1594.02,-0.7181396858615408,0.5268234318858576,-0.4546784173530723,-0.6821889094636617,-0.6620033908198442,0.310434860071817,-0.1374542956602935,0.533112166583202,0.8348040096007544,0.47050000000000003
1,1787600005.4395406,5887,122.32000000000001,-219.95000000000002,-1594.04,-0.7154920815123393,0.5358571605195913,-0.4482501364339125,-0.6849120625101052,-0.6645117146138797,0.29886392851777116,-0.1377190906203418,0.5208466997695221,0.8424679029007002,0.47090000000000004
1,1787600005.4993825,5893,122.66,-220.22,-1593.94,-0.7189134433669447,0.5432365483999531,-0.4336559851181442,-0.6823541792997498,-0.670468816527008,0.2913148469560692,-0.1324999431639403,0.505337133552818,0.8526887747086704,0.4787
1,1787600005.5597274,5896,122.85000000000001,-220.25,-1593.95,-0.7234812431578637,0.5444934522792664,-0.4243839903009518,-0.6783360840663128,-0.6748638919557337,0.2905492804808506,-0.12819925059192952,0.4980819287620923,0.8576009237333536,0.4701
1,1787600005.6200736,5899,123.09,-220.41,-1593.75,-0.7301912035180879,0.5456288763256802,-0.4112297844567948,-0.672401941001425,-0.6806613165886658,0.2908191909714701,-0.12122885812512849,0.48886532032796076,0.8638948214558979,0.4753
1,1787600005.6799133,5902,123.33,-220.29,-1593.73,-0.7364403683451521,0.5470406179611719,-0.39799767106393463,-0.6667390104392065,-0.6865048226459078,0.29012104446671655,-0.11451932513861753,0.4790174222140255,0.8703031847495595,0.4852
1,1787600005.740257,5905,123.52,-220.35,-1593.07,-0.740838468913469,0.5472986185339946,-0.38938744860193936,-0.662762227455774,-0.6897995572905773,0.291415168822051,-0.10910817034396586,0.4739628602670304,0.8737588993833983,1.1857
1,1787600005.785139,5908,123.56,-220.31,-1593.69,-0.742032359501577,0.5482984229430706,-0.3856900528282573,-0.6615922720723107,-0.691744859846237,0.28945589372218233,-0.10809090149832097,0.469955198156645,0.8760470699333619,0.49110000000000004
1,1787600005.8449988,5914,123.68,-220.53,-1593.71,-0.740031236027571,0.5523057829980477,-0.38381257375237077,-0.663683087849342,-0.6921443689161578,0.2836563616075201,-0.10898866274190215,0.46464448199087355,0.8787644603357401,0.5053
1,1787600005.9048154,5917,123.78,-220.5,-1593.77,-0.7387336212380008,0.5542769043192692,-0.38347066405507185,-0.6651444444492237,-0.6914470195839305,0.2819288689134789,-0.10888298705915399,0.4633337160694735,0.8794693642659356,0.5108
1,1787600005.9646552,5920,123.82000000000001,-220.48000000000002,-1593.76,-0.7387527235999735,0.5547144778342288,-0.38280055048905065,-0.665128838466163,-0.69177523637953,0.28115947533863844,-0.10884870975015863,0.4623190136833487,0.8800074363166379,0.5131
1,1787600006.024494,5923,123.81,-220.41,-1593.8400000000001,-0.7388822933196745,0.5539827444306031,-0.383609274512225,-0.6650064736266166,-0.6913523460763932,0.2824859706416569,-0.108716818631482,0.4638265327121812,0.8792301182846531,0.5031
1,1787600006.0693734,5926,123.76,-220.48000000000002,-1593.79,-0.7397430250994381,0.5520504528037558,-0.3847343945839783,-0.6639967669148311,-0.691526099855371,0.2844291594500659,-0.10903462910187531,0.4658668809627787,0.8781113248777908,0.5066
1,1787600006.1292133,5929,123.78,-220.43,-1593.83,-0.7411279340507155,0.5501807160227519,-0.3847474042620824,-0.6626290238134426,-0.6915933828331475,0.2874393320710436,-0.10794518131793782,0.4679741152436698,0.877124885801413,0.5094000000000001
1,1787600006.1890523,5932,123.71000000000001,-220.44,-1593.75,-0.7423370053256506,0.5485381598278882,-0.38476181948938126,-0.661448085391162,-0.691553445494964,0.2902417309010026,-0.10687469698909591,0.4699571461704547,0.8761952293335149,0.5149
1,1787600006.2349308,5935,123.84,-220.34,-1593.94,-0.7427889780737537,0.5482339634607831,-0.3843228530288422,-0.6610444112011097,-0.6915973274716503,0.291055704382939,-0.10623003563929845,0.4702474433127215,0.8761178696875905,0.5151
1,1787600006.293772,5941,124.06,-219.91,-1594.32,-0.7436311271476116,0.5454634090232822,-0.3866295593379693,-0.6601427781986943,-0.6906532040077915,0.2953128242827958,-0.10594460405930173,0.474834519817664,0.8736749508027836,0.49970000000000003
1,1787600006.3536108,5944,124.15,-218.81,-1594.15,-0.746112474573135,0.5401855114066136,-0.38925029036948505,-0.6576161971786963,-0.6893589366913258,0.3038506106823464,-0.10419746875324282,0.4826840267402478,0.8695740439061165,1.0954000000000002
1,1787600006.4134514,5947,124.23,-215.07,-1595.81,-0.7495651406455413,0.5344054768058825,-0.3905929931385196,-0.6543825198206837,-0.6871141073006513,0.31568611198714724,-0.09967756860077669,0.4922245320057775,0.8647423849965553,1.072
1,1787600006.4732893,5950,124.28,-209.04,-1598.88,-0.7529696542370311,0.5287542065206767,-0.39173420693737665,-0.6515116277918327,-0.6827439432408766,0.3307465900352337,-0.0925705063732625,0.50426153636242,0.8585749846665751,0.6664
1,1787600006.518169,5953,124.45,-201.63,-1601.88,-0.7551392100440282,0.5258034856563741,-0.3915296514003608,-0.6499348867052671,-0.6785691756002853,0.3422404373661307,-0.08572873787413643,0.512907953142429,0.8541522201023372,0.5541
1,1787600006.5780082,5956,124.53,-194.05,-1603.79,-0.7552431073914097,0.5260438156007287,-0.3910060777097897,-0.6504941802373112,-0.6747428080367475,0.34868246941891584,-0.08040628218712736,0.5176872096844883,0.851783295629782,0.5513
1,1787600006.6383522,5959,124.51,-187.44,-1604.08,-0.7537864650509893,0.5280505008432904,-0.3911120474558205,-0.6523090136509537,-0.6731824949752042,0.3483077363032281,-0.07936570931865734,0.5176755712008336,0.8518879545845432,0.547
1,1787600006.6981921,5965,124.19,-177.03,-1600.02,-0.7434753132323701,0.5375521803922099,-0.39784684486572225,-0.662866530888668,-0.6711628277065046,0.3318861565848016,-0.08861388628003873,0.5104685221055163,0.8553183425472404,0.5097
1,1787600006.7580311,5968,124.17,-173.69,-1595.98,-0.7368373837688778,0.543239574629811,-0.4024443246421271,-0.6688229216960956,-0.6726467993816142,0.3165788727877606,-0.09872471470981396,0.5024311374085932,0.858962387341712,0.49610000000000004
1,1787600006.80291,5971,123.54,-173.65,-1589.65,-0.738900479324847,0.5412474508383996,-0.4013443392081736,-0.6650559313007894,-0.6815379483149004,0.30529761421988816,-0.10828984206817853,0.49250098676819937,0.8635485441694629,0.5061
1,1787600006.8627536,5974,123.62,-175.07,-1582.8600000000001,-0.7380337079365294,0.5417525330901224,-0.4022566827784138,-0.6638861153154374,-0.6896091508330436,0.2892999221892501,-0.12067092375893744,0.4805657207685171,0.868616783271772,0.4934
1,1787600006.9225934,5977,123.05,-176.78,-1575.9,-0.7383861867550076,0.5420308757816197,-0.4012335590510963,-0.6612633023683387,-0.6987017665614165,0.2730323906515031,-0.13235061069114185,0.4669243740728967,0.8743368599952284,0.5098
1,1787600006.9674723,5980,122.88,-178.63,-1569.45,-0.7382320142996606,0.5426735313795849,-0.40064813914840114,-0.6590287630500435,-0.7069133502258013,0.25681628598136746,-0.14385611747783117,0.453628651666255,0.8795035325976014,0.5191
1,1787600007.027313,5983,122.5,-180.06,-1563.58,-0.7384162725363222,0.543141979980587,-0.39967261356806966,-0.6566516791917021,-0.7140183179893947,0.2428711876495717,-0.15346002954607338,0.4417857299170756,0.8838978380861416,0.5272
1,1787600007.0871515,5986,122.27,-180.88,-1558.75,-0.7380603102022429,0.5431604110200876,-0.4003045670544592,-0.6546330012104882,-0.7201722420456071,0.22979898936494914,-0.16347052404123946,0.43165809350398215,0.8871012783680281,0.5331
1,1787600007.1469903,5992,122.59,-179.01,-1558.66,-0.737690278994262,0.5437537307780449,-0.4001811246702241,-0.6550315449432491,-0.7200206020611002,0.22913753017965216,-0.16354426742209027,0.43116378891614765,0.8873280451562678,0.6444000000000001
1,1787600007.2068298,5995,121.60000000000001,-180.43,-1557.57,-0.7370687963506128,0.5438987469834381,-0.4011280873687412,-0.6550312394994686,-0.7210244745918697,0.22595969180211728,-0.16632397519915276,0.42929926632753973,0.887715312025532,0.5253
1,1787600007.2522178,5998,122.13,-179.54,-1558.42,-0.737216475274318,0.5443438672018837,-0.40025194918177276,-0.6552935309894022,-0.720378519126683,0.22725575333594547,-0.164627630814368,0.4298191985248503,0.887779927545055,0.5403
1,1787600007.3120575,6001,122.13,-179.6,-1558.17,-0.7375177300857586,0.5436616948066222,-0.40062396259976923,-0.6548654487756356,-0.7206616306277148,0.2275918674752869,-0.1649813377598677,0.43020782854452366,0.887525989732115,0.5397000000000001
1,1787600007.3718967,6004,122.38,-179.62,-1558.3400000000001,-0.7376815292882727,0.5440223764482225,-0.39983198380137563,-0.6549339915501405,-0.7204438258547867,0.22808366995451004,-0.16397386395128766,0.43011666755817074,0.8877568497226808,0.5231
1,1787600007.4167764,6007,122.33,-179.07,-1558.72,-0.7376456439737777,0.5434317202197169,-0.40070047340320164,-0.6551446308541827,-0.7196048195019968,0.23011826614250971,-0.1632924266138729,0.43226250034965763,0.8868397342259847,0.524
1,1787600007.4766154,6010,122.51,-179.8,-1558.45,-0.7375896392479876,0.5433949259826701,-0.40085343766807313,-0.6549551243953867,-0.7201678904528435,0.22889297627695868,-0.16430249268421562,0.4313701009307314,0.8870876658598991,0.6246
1,1787600007.536455,6013,122.39,-179.65,-1558.38,-0.7374246868568656,0.5433735186810603,-0.4011858053448763,-0.6550337912012343,-0.7201961104984533,0.22857885905620695,-0.1647287576550962,0.4313499526127978,0.8870184072398642,0.5111
1,1787600007.5963278,6019,122.8,-179.52,-1558.57,-0.7373160650623373,0.5428288726469381,-0.4021216671877373,-0.6552467355138656,-0.7194886091979906,0.2301909138796825,-0.1643676847784059,0.43321236853902884,0.8861773569356144,0.5985
1,1787600007.6561666,6022,122.81,-179.56,-1558.68,-0.7383381336497133,0.5428160970180324,-0.40025927249317805,-0.6545033803379412,-0.7198937530063445,0.23103746343103865,-0.1627332956861203,0.4325548164112271,0.8867999804209422,0.5898
1,1787600007.7010133,6025,122.93,-179.68,-1558.72,-0.7380980871987652,0.5420801988979461,-0.4016967408833274,-0.6544133782425205,-0.7200744010951485,0.2307292509949158,-0.1641777818425369,0.43317654005061984,0.886230072328308,0.5568000000000001
1,1787600007.7608523,6028,122.67,-180.23,-1557.8700000000001,-0.7360594805206288,0.5372908572261986,-0.4117462518066664,-0.6550778366095625,-0.7186447294809774,0.23328690655960158,-0.1705563517393517,0.441438883120132,0.8809325986424915,0.5075000000000001
1,1787600007.8206918,6031,122.17,-181.71,-1555.76,-0.7332464994607508,0.5288621737355869,-0.42738082809155725,-0.6558298564476491,-0.7160304716197129,0.23913921281108955,-0.17954601198693126,0.45563709781329437,0.8718704403039864,0.5205000000000001
1,1787600007.8805308,6034,121.51,-184.32,-1552.43,-0.7286446848431264,0.5158496087016108,-0.4505286943716857,-0.6564765363097534,-0.7135462900714192,0.24472484385542612,-0.19523186349725233,0.4740789735136001,0.8585648760272465,0.5166000000000001
1,1787600007.94037,6040,120.27,-190.65,-1543.8500000000001,-0.7253171314914765,0.48203026563694235,-0.4914894523537151,-0.6509033024241353,-0.7126503145361109,0.2616379561243678,-0.22414269931972028,0.5096825994690821,0.8306525736672995,0.5001
1,1787600008.0002098,6043,119.89,-192.0,-1540.32,-0.7344913234749787,0.46157358896767314,-0.4974658960245175,-0.6391583917247348,-0.716853718175682,0.2785629139450378,-0.22803299328786839,0.5225615453754722,0.8215414689880077,0.5075000000000001
1,1787600008.0670314,6046,119.7,-192.17000000000002,-1537.3700000000001,-0.748379346255714,0.4411825975043571,-0.4952638385317249,-0.6232791032800538,-0.7231395760403152,0.2976446085160036,-0.2268292607056727,0.5314386787048356,0.8161626169239659,0.5027
1,1787600008.1198885,6049,119.71000000000001,-192.78,-1534.29,-0.7648833195262156,0.42077132245044985,-0.48775506323754053,-0.6042476313933887,-0.7310710483814837,0.3168910257073844,-0.22324494947486995,0.5371095013325478,0.8134341252444878,0.5215000000000001
1,1787600008.180236,6052,120.03,-191.91,-1531.8500000000001,-0.7688356043986861,0.4132450628128776,-0.48797574885406725,-0.5974354402574371,-0.7362617168076072,0.31778857608151534,-0.22795330252775262,0.535861178314212,0.8129514680732148,0.5201
1,1787600008.240501,6058,120.51,-182.09,-1531.51,-0.7626504015324976,0.42359628653576664,-0.48880522815885347,-0.6033428219283662,-0.7382570410085935,0.30158577656904134,-0.23311328634343437,0.524921639327571,0.8186058076362638,0.5095000000000001
1,1787600008.3003404,6061,120.68,-175.53,-1532.8,-0.7620265700058115,0.42307074821498764,-0.490231219538279,-0.6045960763441541,-0.7359675600829511,0.30465609295532126,-0.23190319332521417,0.5285479093803682,0.8166137498323245,0.5063
1,1787600008.360422,6064,120.79,-170.44,-1533.44,-0.7643673453574003,0.4192555685961328,-0.4898646032858615,-0.6021984576888945,-0.735707411772935,0.30998648651108346,-0.23043345874329496,0.5319392563662724,0.8148257780827136,0.49960000000000004
1,1787600008.420261,6067,120.55,-170.06,-1531.82,-0.7723646278973025,0.4014382046061521,-0.49224003235784336,-0.5909906625154824,-0.7381789247841962,0.3253028002092195,-0.23277224575230795,0.5421616390773486,0.8073895210617921,0.4877
1,1787600008.4651406,6070,120.23,-175.99,-1527.57,-0.7868261182647383,0.3739967406667325,-0.49094918024893885,-0.5696161457074913,-0.7462724608742287,0.34440508226515,-0.23757547467233694,0.5506394937809889,0.8002212454832915,0.5094000000000001
1,1787600008.5249798,6073,119.59,-187.45000000000002,-1521.49,-0.8035191908406851,0.3394317333587479,-0.48902250289716365,-0.5410646626005643,-0.7589748263784619,0.3622240243395252,-0.2482054407857894,0.5556467504744894,0.793505354645747,0.5019
1,1787600008.5848203,6076,119.2,-200.82,-1515.63,-0.8215876327769538,0.30002968491794263,-0.48474317925681176,-0.5082869804218051,-0.7705576357288445,0.3845585463276782,-0.258143578656617,0.5623371926060142,0.7855818064405142,0.526
1,1787600008.6446583,6082,118.78,-224.68,-1508.23,-0.8552832293724123,0.22123107229807373,-0.4685588652497592,-0.4413124442905749,-0.7848895605375902,0.43496172736619787,-0.271539912478029,0.5787963289525538,0.7689349033061714,0.4944
1,1787600008.7044983,6085,118.88,-234.85,-1506.44,-0.8689837829961019,0.18995525200482852,-0.45692908325643466,-0.41120688667960154,-0.7908698047521597,0.453248108963016,-0.27527455610181817,0.581757642121754,0.7653639425762649,0.4954
1,1787600008.7493744,6088,119.14,-243.55,-1505.57,-0.8798296555400829,0.16613520492676964,-0.4453076138088806,-0.38511007676362125,-0.7982839237353445,0.4630691156629001,-0.27854982679466284,0.5789143898623033,0.7663342111657422,0.47940000000000005
1,1787600008.8092139,6091,119.37,-251.06,-1505.49,-0.8897854168360527,0.1466440326652397,-0.4321775557216824,-0.3608693091256218,-0.8057839166731671,0.4695589647339799,-0.2793837033849473,0.5737663351178132,0.7698941089321213,0.5037
1,1787600008.8690543,6094,119.64,-257.74,-1505.97,-0.898175901173228,0.12988515748216556,-0.42001178128416,-0.33878292733908,-0.8133546556574668,0.4729485513921018,-0.28018954065993196,0.5670838121355228,0.7745384246882909,0.5154
1,1787600008.929398,6097,119.89,-263.93,-1506.91,-0.9066223085443228,0.11351367326769364,-0.406387297575894,-0.3161265231643703,-0.820645249755475,0.47603087652565224,-0.2794637919333554,0.560050015654896,0.7798999736909733,0.5252
1,1787600008.9892368,6103,120.33,-273.04,-1509.72,-0.9199863114594277,0.08074968664768566,-0.3835422725509894,-0.2756990456689906,-0.8288633764305248,0.48680133466271225,-0.2785950877967605,0.5535928028058987,0.7848055719329627,0.5354
1,1787600009.0490768,6106,120.73,-276.5,-1511.39,-0.9258140740240703,0.06314838886567768,-0.3726668503135501,-0.2566576454577788,-0.8288244942760014,0.4971687949944158,-0.2774800053463708,0.5559336639130603,0.7835448984973219,0.5295
1,1787600009.1089156,6109,120.8,-279.59000000000003,-1512.67,-0.9311138747960055,0.045250237725824545,-0.3619107184764294,-0.23810086048616405,-0.8270762957410285,0.5091687159076522,-0.2762877709890853,0.5602653094820842,0.780876335019078,0.5289
1,1787600009.1687555,6112,121.12,-283.37,-1513.73,-0.9360651349343253,0.026242267977666153,-0.350846699473961,-0.21869284811433143,-0.8245581961224641,0.5218018966915606,-0.2756002564295351,0.5651682267950461,0.7775791754395935,0.523
1,1787600009.2286232,6115,121.33,-287.25,-1514.3700000000001,-0.9410260404883583,0.0072697280895439274,-0.3382560305098884,-0.1981492637415676,-0.8222105232145285,0.5335791645051049,-0.2742386923858068,0.5691370718630048,0.7751620043769739,0.5243
1,1787600009.2884333,6118,121.49000000000001,-291.12,-1514.59,-0.9461044970526885,-0.011814148153568581,-0.3236459586648426,-0.17658489408080802,-0.8188986187368223,0.5460978185393112,-0.2714849090449583,0.573816589281218,0.7726774657167897,0.5459
1,1787600009.333313,6121,121.66,-294.28000000000003,-1514.45,-0.9500990586676225,-0.028906176521853615,-0.310606200320897,-0.1575146229699854,-0.8149873805862293,0.5576600335650922,-0.2692599529627849,0.5787572914824347,0.7697655976246242,0.5467000000000001
1,1787600009.393152,6127,121.92,-298.66,-1512.84,-0.95493142557881,-0.05727107924808508,-0.29124902733533975,-0.1285732518823585,-0.8045719854456185,0.5797696431657071,-0.26753484136167677,0.5910870864076251,0.7609475441446193,0.5441
1,1787600009.4529939,6130,121.96000000000001,-299.83,-1511.44,-0.9566979873238687,-0.06941236734779155,-0.2826851328061562,-0.11626928483452012,-0.7991867339375314,0.5897304619080915,-0.26685279547819646,0.5970615441957697,0.7565098135437736,0.5505
1,1787600009.5128314,6133,122.17,-300.55,-1509.63,-0.9584296943460135,-0.07995213738385605,-0.27389811376415196,-0.10503940253106511,-0.7936574812128221,0.5992282757270688,-0.2652908685042215,0.6030882673727554,0.75226677239235,0.5432
1,1787600009.5726705,6136,122.24000000000001,-300.47,-1507.3,-0.9601151596431398,-0.08989179759190852,-0.26476092035858206,-0.09437867410222663,-0.7871464542385564,0.6095023588587445,-0.2631948823555158,0.6101802391960621,0.7472673749043932,0.5559000000000001
1,1787600009.6325102,6139,122.34,-300.14,-1504.54,-0.9612592006972955,-0.10045619500032393,-0.25668911539224504,-0.08440946720294179,-0.7792140098258523,0.6210479600945742,-0.2624038698672561,0.6186550571822502,0.7405471823601212,0.5545
1,1787600009.6923494,6145,122.5,-301.51,-1498.05,-0.9643814890242096,-0.12388917881329461,-0.23370882525145703,-0.05924698386462579,-0.7599192678690238,0.6473117496418181,-0.2577947604789386,0.6381020119811366,0.7255120149075633,0.5666
1,1787600009.7521896,6148,122.54,-304.63,-1494.5,-0.9651078307930024,-0.1367123973036971,-0.22333068612598106,-0.046281841849823854,-0.7503993514522015,0.6593624226896035,-0.2577302195261807,0.6466919929638772,0.7178889887575901,0.5720000000000001
1,1787600009.8120277,6151,122.63,-309.79,-1490.96,-0.9664416894215405,-0.15021663464151078,-0.20838767627913435,-0.02884642485978653,-0.7426151654871098,0.6690968537972368,-0.25526132633214754,0.6526543332159308,0.7133610422595432,0.5622
1,1787600009.8718672,6154,122.61,-316.44,-1487.6000000000001,-0.9672486945647939,-0.164744182148998,-0.19310442074369896,-0.009918257963304535,-0.7356501747009876,0.6772890436301029,-0.2536367304269535,0.6570222027530453,0.7099226958393855,0.55
1,1787600009.9317071,6157,122.65,-323.64,-1484.6000000000001,-0.9678272244591067,-0.17946417297283718,-0.17636063680696204,0.01060711551131432,-0.7293898838410122,0.6840159986805311,-0.2513920298981478,0.660138627842342,0.7078269840392627,0.5491
1,1787600009.9921207,6163,122.67,-335.69,-1479.43,-0.9685568331622603,-0.201419532630578,-0.14604051769825166,0.0446248955983327,-0.7181245495013675,0.6944823612564226,-0.2447575936054523,0.6661285936501585,0.7045327650962238,0.5626
1,1787600010.0519605,6166,122.8,-339.92,-1477.16,-0.9682639448045784,-0.2084849082745326,-0.13783677380596188,0.05469831611046748,-0.7149010123771882,0.6970829482326695,-0.2438709236587165,0.6674208458864848,0.7036166478061853,0.5548000000000001
1,1787600010.1117997,6169,122.69,-344.23,-1474.97,-0.9681135544371237,-0.21386872133886953,-0.13044660113623327,0.06411880438185327,-0.7149200724157622,0.6962600584420187,-0.24216714194902697,0.6656947198903703,0.7058368191517933,0.5800000000000001
1,1787600010.171639,6172,122.77,-349.53000000000003,-1473.19,-0.9681349009331024,-0.21779011355669314,-0.12362151929261697,0.07256155531621607,-0.7164181795716561,0.6938874639805263,-0.2396865333833836,0.6628065014890825,0.7093926326784478,0.6145
1,1787600010.2314796,6175,122.84,-355.99,-1471.71,-0.9680184058532891,-0.22281239684589035,-0.11530395370951578,0.08337020146882652,-0.719176491991441,0.6898076419364547,-0.23662158700402625,0.6581335800418289,0.7147519957195095,0.7999
1,1787600010.2919352,6181,123.12,-372.34000000000003,-1470.94,-0.966049154350795,-0.24078001623066872,-0.09366971315250447,0.11244063695223319,-0.7182508170992141,0.6866388183740322,-0.23260725384194203,0.6527945676246625,0.7209390528608088,0.5295
1,1787600010.3521063,6184,123.13000000000001,-382.08,-1471.29,-0.9627282661832742,-0.25435920941342033,-0.09195476104218998,0.12155377980712836,-0.7106051683668793,0.6930115246551671,-0.24161739197819893,0.656004334800357,0.7150380050156736,0.5635
1,1787600010.4119446,6187,123.38000000000001,-392.08,-1471.43,-0.9625799970244086,-0.2639874901942099,-0.06124013675239113,0.15165971235175701,-0.7120369555818763,0.6855674332515186,-0.2245864665955453,0.6506258363350282,0.7254287974125876,0.5294
1,1787600010.4717834,6190,123.33,-401.5,-1471.67,-0.9609701661829106,-0.2729919070740207,-0.04485262956035572,0.16938854863905703,-0.7087825222194866,0.6847881831531096,-0.2187323919686864,0.6504634923408633,0.7273605610942792,0.5538000000000001
1,1787600010.531623,6193,123.55,-410.78000000000003,-1472.1200000000001,-0.9594132761408946,-0.2797249490647343,-0.035778742785733265,0.18053156286386354,-0.7066960535957102,0.6840972464804841,-0.21664376375637204,0.6498727880923936,0.7285127582427726,0.5328
1,1787600010.591462,6199,123.63000000000001,-429.35,-1473.15,-0.9567671143006867,-0.2902812613758646,-0.01826138786547776,0.20162860377388683,-0.7071987071017396,0.6776547017573337,-0.20962489149175334,0.644675715354367,0.7351534716638465,0.5688
1,1787600010.6513019,6202,123.65,-437.6,-1473.63,-0.9549533869906609,-0.29662422274356426,-0.008837372734111,0.21282206409946963,-0.7053065329718843,0.67620223571031,-0.20681101930870727,0.6438608273757278,0.7366630418743272,0.5783
1,1787600010.7111406,6205,123.72,-444.81,-1474.0,-0.9529985460300202,-0.302972584852323,0.001176474636101433,0.22360123503031448,-0.7007055887226147,0.6775058417650817,-0.20444133377960902,0.6459251433105818,0.7355164514010675,0.5778
1,1787600010.7709801,6208,123.84,-451.21000000000004,-1474.23,-0.9510334581608887,-0.3088879951242632,0.01111611112998634,0.23395321576586797,-0.6958824049435797,0.678979801851829,-0.20199320357712594,0.6483331589222111,0.7340727898176016,0.5972000000000001
1,1787600010.8308194,6211,123.82000000000001,-456.89,-1474.02,-0.9491031495039675,-0.3143333752668965,0.01994343989812567,0.24335010135766932,-0.69162998546741,0.6800210962694926,-0.1999598453961739,0.6502634023191455,0.7329212562297995,0.6028
1,1787600010.8906596,6217,123.89,-466.46000000000004,-1472.81,-0.9456690677609322,-0.32320578433280717,0.03532754242774802,0.25870630823983254,-0.6822007757498411,0.6838663229339723,-0.19692907443312216,0.6558506861627349,0.728751546895637,0.5793
1,1787600010.950499,6220,123.92,-470.2,-1471.69,-0.9443328113163568,-0.3263210593034049,0.04183428888423887,0.2650499442647813,-0.6792902881458901,0.6843341519140412,-0.19489501921953412,0.6573273694939056,0.7279674860854982,0.5815
1,1787600011.0103374,6223,123.9,-473.41,-1470.21,-0.9432622256444513,-0.3287870091657866,0.046427107126046634,0.26932498486911205,-0.6757835121538882,0.6861346057634816,-0.19421747140133658,0.659708835248379,0.7259916159968367,0.5695
1,1787600011.070177,6226,123.86,-476.5,-1468.55,-0.9421724364461521,-0.33150763979835135,0.049130283496515055,0.2728150471572678,-0.673556090008914,0.6869455172402549,-0.19463568543743243,0.6606246122929649,0.725046254791424,0.5666
1,1787600011.1150568,6229,123.83,-479.35,-1466.71,-0.9414221594711706,-0.33295790129566616,0.05351031322486851,0.27648395521914426,-0.6712114978568006,0.6877730349840769,-0.19308272880559849,0.6622795188661775,0.7239508952459193,0.5770000000000001
1,1787600011.1748955,6232,123.77,-481.78000000000003,-1464.71,-0.9404493114388193,-0.33497052048050063,0.0578778284256872,0.280605926358451,-0.6688761617560702,0.6883785254690786,-0.19187341323582677,0.6636259719476701,0.72303883896354,0.5857
1,1787600011.2347357,6235,123.82000000000001,-483.65000000000003,-1462.29,-0.9410333111498969,-0.33246224814389286,0.06265110426297538,0.2777717174855591,-0.6535534355901047,0.7040673119762724,-0.19312995694967772,0.6799534986949324,0.7073641631727863,0.5573
1,1787600011.2801197,6238,123.75,-485.31,-1460.23,-0.9396912113372857,-0.3351811634895346,0.06807359970845107,0.28243384568087615,-0.6481912053866948,0.7071628412701382,-0.19290295526345771,0.6837409954808513,0.7037660839721384,0.55
1,1787600011.3399591,6244,123.71000000000001,-488.01,-1456.1100000000001,-0.9375344243169017,-0.338825024457149,0.0789101135621264,0.28983221211999394,-0.6352519727723426,0.7158576813211391,-0.19242269106944263,0.6940119119225974,0.6937729989493209,0.5744
1,1787600011.400304,6247,123.69,-489.04,-1454.24,-0.9367578658839841,-0.3404328159071106,0.0811800379282931,0.29208330397753385,-0.6326889940376621,0.7172112522549955,-0.19280052967264213,0.6955646157454868,0.6921111334755294,0.5709000000000001
1,1787600011.4601426,6250,123.41,-489.48,-1452.3700000000001,-0.9371267747325354,-0.33941684762535707,0.0811764228545528,0.29115508964587067,-0.6321389874752095,0.7180731260025833,-0.19241133504214622,0.6965604812662588,0.6912173132130133,0.5835
1,1787600011.5199823,6253,123.34,-489.77,-1451.03,-0.9370878074216672,-0.339616771002693,0.08078917028511197,0.29083375216628155,-0.6315012076330563,0.718764184805332,-0.19308591295724892,0.6970413715208703,0.6905441018543058,0.5785
1,1787600011.5798216,6256,123.24000000000001,-490.15000000000003,-1449.93,-0.9370526736360657,-0.3395914875697617,0.08130134317252886,0.29131416058152954,-0.6318876420690179,0.7182298153412566,-0.19253141737435928,0.6967034012911184,0.6910398135803807,0.5783
1,1787600011.6396608,6262,123.06,-491.09000000000003,-1448.5,-0.9368425826029336,-0.3401675202886816,0.08131441177623422,0.2919639431325122,-0.6326161512184322,0.7173240976909203,-0.19256954933836432,0.6957606365397709,0.6919783994528962,0.5878
1,1787600011.6995003,6265,123.03,-491.77000000000004,-1448.17,-0.9371659881806946,-0.33935727364610474,0.08097253497813336,0.2907031597258934,-0.6312333582635675,0.7190522375604436,-0.19290304176628204,0.6974102725360314,0.690222665694582,0.5832
1,1787600011.7593396,6268,123.02,-491.53000000000003,-1448.2,-0.9370343606141842,-0.33994233229095744,0.08003635264647523,0.29054184380502096,-0.6316383844235954,0.7187617048237397,-0.19378349781843013,0.6967583239828098,0.690634341698934,0.5666
1,1787600011.819179,6271,123.0,-491.39,-1448.28,-0.9368808532052236,-0.34022119029416026,0.08064619378667065,0.29156472198131816,-0.6328741834278583,0.7172588659936371,-0.1929877710980908,0.695499683411392,0.6921242017017208,0.5764
1,1787600011.8645635,6274,122.99000000000001,-491.56,-1448.24,-0.936975435631905,-0.3400693955243529,0.08018627844028714,0.2908621438061806,-0.6320292664280216,0.7182883958960563,-0.1935878258643212,0.6963417355050309,0.6911092106685941,0.5654
1,1787600011.9244022,6277,123.0,-491.40000000000003,-1448.23,-0.9372037867886439,-0.3394116417233217,0.08030441763505675,0.290303421038038,-0.6314917257194989,0.7189868733721227,-0.19332093979348888,0.6971498675396048,0.6903687974024271,0.5744
1,1787600011.9842417,6280,122.98,-491.56,-1448.16,-0.93717389001172,-0.3393657999588656,0.08084524536779883,0.29075500678268973,-0.6317503403745579,0.7185770894395591,-0.19278647751099776,0.6969378460486338,0.6907322294739056,0.5790000000000001
1,1787600012.0291214,6283,122.99000000000001,-491.46000000000004,-1448.27,-0.9370251365230934,-0.34004696473620316,0.0796991549363839,0.2905428891957784,-0.6322852137810004,0.7181923405130998,-0.19382652827115263,0.696120298660806,0.6912653663613867,0.5626
1,1787600012.0889611,6289,122.99000000000001,-491.45,-1448.19,-0.9371019964667496,-0.3397736448033266,0.07996073108154379,0.29037143138972554,-0.6316953566980439,0.7187805006807108,-0.1937118479874529,0.6967889541483806,0.6906235395105584,0.5664
1,1787600012.1488008,6292,122.97,-491.47,-1448.2,-0.9369574706221881,-0.3402156608890708,0.07977469731114195,0.2907133146694518,-0.6322281933286366,0.7181735724978388,-0.19389808384605506,0.6960896606373499,0.6912761513567551,0.5651
1,1787600012.2086644,6295,122.97,-491.48,-1448.23,-0.9370110667091238,-0.33989050834371815,0.08052765489245652,0.29100489448556205,-0.632091098389266,0.7181761585589554,-0.19320044578125753,0.6963729501315368,0.6911861558762759,0.5747
1,1787600012.2684803,6298,122.99000000000001,-491.41,-1448.21,-0.9371248432231579,-0.3396067342482203,0.08040083499087773,0.29049136068590586,-0.6313682535445637,0.7190194001436528,-0.19342129557218518,0.6971666905908128,0.6903236979488906,0.5715
1,1787600012.313358,6301,122.98,-491.49,-1448.17,-0.9370772313349732,-0.3397074641105738,0.08053012691623208,0.29079401527035137,-0.6318258765900784,0.7184948867974816,-0.1931970579396277,0.6967028782047212,0.6908545406268455,0.5770000000000001
1,1787600012.3731976,6304,122.99000000000001,-491.46000000000004,-1448.21,-0.9370893004694334,-0.3396311932629378,0.08071118577062805,0.29087421451434087,-0.6318235826479842,0.7184644401364142,-0.19301770456715364,0.6967421423831479,0.6908650756486162,0.5788
1,1787600012.4330382,6307,122.97,-491.44,-1448.18,-0.9371176288647678,-0.339662691620949,0.08024839930919068,0.2903820129535499,-0.6312425641357744,0.7191739092711422,-0.19362034041887127,0.6972532403252815,0.690180471059545,0.5694
1,1787600012.4779165,6310,122.98,-491.44,-1448.23,-0.9368793312524081,-0.3402068516121171,0.0807243258764775,0.2915243276206496,-0.6325523402649373,0.7175591287348236,-0.19305617078293288,0.6957994214869124,0.6918037871977206,0.5784
1,1787600012.5377562,6316,122.97,-491.44,-1448.19,-0.9369033512242539,-0.34005453325755425,0.08108652709142933,0.291684480312073,-0.6325477834077808,0.7174980596844699,-0.1926973648232846,0.6958780181302539,0.6918247678952179,0.5803
1,1787600012.5975955,6319,122.97,-491.45,-1448.24,-0.9369575892401488,-0.3399475872111163,0.08090805840353056,0.2913936306742586,-0.6322851625695903,0.7178476336917331,-0.19287360619784763,0.6961688811945613,0.6914829433099202,0.5794
1,1787600012.666411,6322,122.95,-491.45,-1448.25,-0.9366990573399349,-0.3408275925002054,0.08019618550150201,0.2917235689259726,-0.6330221684127917,0.7170636607938381,-0.19362911793315243,0.6950679725670585,0.6923787101001504,0.5634
1,1787600012.717274,6325,123.01,-491.44,-1448.2,-0.9370274551069662,-0.3394755329942211,0.08207259514632176,0.2918341117781876,-0.6319494684896122,0.7179642891386263,-0.1918655768458711,0.6967038336151065,0.6912245428568166,0.5984
1,1787600012.762154,6328,122.99000000000001,-491.46000000000004,-1448.17,-0.9371287157427425,-0.33936732692535776,0.08136084774567787,0.2910454552636784,-0.6313663980709271,0.7187969214995997,-0.1925676844663097,0.6972849408975365,0.6904428999539373,0.5797
1,1787600012.8219929,6331,122.98,-491.46000000000004,-1448.18,-0.9371167630318857,-0.3394436770319867,0.08117981625776638,0.2909652153062384,-0.6313686726595077,0.7188274081210076,-0.1927470257265588,0.6972457165929208,0.6904324693743693,0.5800000000000001
1,1787600012.8818336,6334,123.0,-491.47,-1448.16,-0.937151752065696,-0.3394691880694872,0.0806676140197496,0.29048451159110505,-0.6309819038600922,0.7193612343786467,-0.19330116948915063,0.6975833336258374,0.6899363380208281,0.5714
1,1787600012.926712,6337,123.0,-491.49,-1448.21,-0.9370693133245386,-0.3396990809100298,0.08065752571433583,0.2907420289242188,-0.6313089858287529,0.7189701224869501,-0.19331366905241462,0.6971753716538992,0.690345077853635,0.5722
1,1787600012.986794,6343,122.98,-491.53000000000003,-1448.27,-0.9369228969474233,-0.3401904408757209,0.08028666833560225,0.29119374394595393,-0.6326140238412689,0.7176389763147601,-0.1933434474255246,0.6957513641927994,0.6917718920001537,0.5688
1,1787600013.0465934,6346,122.97,-491.55,-1448.26,-0.936890598125876,-0.3403346509961329,0.0800520610270528,0.2909814599056734,-0.6321023955686235,0.7181757107474261,-0.1938189803257193,0.6961457367877418,0.691241865064429,0.5641
1,1787600013.1064541,6349,123.0,-491.53000000000003,-1448.22,-0.9370893004694334,-0.3396311932629378,0.08071118577062805,0.29087421451434087,-0.6318235826479842,0.7184644401364142,-0.19301770456715364,0.6967421423831479,0.6908650756486162,0.5755
1,1787600013.1662943,6352,122.99000000000001,-491.53000000000003,-1448.22,-0.9370031307574903,-0.33988216305160884,0.08065511880854968,0.2909529442829544,-0.6315744524579923,0.7186515812377146,-0.19331714141208928,0.6968456258323984,0.6906769553087112,0.5733
1,1787600013.2111723,6355,122.98,-491.54,-1448.22,-0.9369875829464244,-0.33999317220685704,0.0803673581557581,0.29094232387176283,-0.6320269587806696,0.718257953352802,-0.1934084630628033,0.696381049589358,0.6911198160872744,0.5687
1,1787600013.271012,6358,122.97,-491.57,-1448.25,-0.9367774893167562,-0.340568592691016,0.08038015415421627,0.29159270088804745,-0.6327553069497003,0.7173523669130841,-0.19344671694864307,0.6954378154798969,0.6920582435766084,0.5633
1,1787600013.3308513,6361,122.97,-491.58,-1448.28,-0.9367740756723812,-0.3406032056408201,0.08027320508957579,0.2916622392581467,-0.633204740684495,0.7169273983923374,-0.1933583960915053,0.6950116637020409,0.6925108793217921,0.5648000000000001
1,1787600013.3909638,6367,122.98,-491.5,-1448.23,-0.9370577988415466,-0.34005839581301683,0.07926518193578393,0.29002128349156114,-0.6315767434572738,0.7190260581132037,-0.1944488023931824,0.6967575651264809,0.6904480854393578,0.559
1,1787600013.4508016,6370,122.97,-491.52,-1448.25,-0.9367559903285627,-0.3404820609290637,0.08099494286096745,0.29219292915543343,-0.6334599784417019,0.7164856927142416,-0.1926434705229375,0.6948384142360986,0.692883880146408,0.5804
1,1787600013.4957151,6373,122.98,-491.49,-1448.22,-0.9369818786185019,-0.34006329304765076,0.08013685707669367,0.2908736329756308,-0.6322235589610586,0.7181127356718935,-0.19353937268706023,0.6961683188828693,0.6912974634726349,0.5709000000000001
1,1787600013.5555205,6376,122.97,-491.45,-1448.19,-0.9370495462247913,-0.33989458944603096,0.08006132640186892,0.2907032109549654,-0.6322805799700744,0.7181315418035745,-0.19346780367902405,0.6961989200350862,0.6912866790858871,0.5688
1,1787600013.6153605,6379,122.97,-491.44,-1448.19,-0.9370061322527126,-0.339910894170333,0.0804990195290405,0.29103393203703526,-0.6322189539023483,0.718051839862334,-0.19318063703144397,0.6962469234050124,0.6913186408055119,0.5769000000000001
1,1787600013.66024,6382,122.96000000000001,-491.44,-1448.18,-0.9370046283906699,-0.3398965459502727,0.08057707133879244,0.29099345367627805,-0.6318967724601585,0.7183517793337654,-0.19324889725950442,0.6965463423244063,0.690997870259002,0.5752
1,1787600013.720079,6385,122.97,-491.44,-1448.2,-0.9369803741962864,-0.340049028655002,0.08021493926804739,0.2908330712853729,-0.6319013816629981,0.7184126728413907,-0.193607600619666,0.6964677321765765,0.6909766964370885,0.5664
1,1787600013.7799218,6388,122.98,-491.43,-1448.19,-0.9371176288647678,-0.339662691620949,0.08024839930919068,0.2903820129535499,-0.6312425641357744,0.7191739092711422,-0.19362034041887127,0.6972532403252815,0.690180471059545,0.5726
1,1787600013.8397634,6394,122.98,-491.44,-1448.21,-0.9370586942526333,-0.33978977383639763,0.08039846467290103,0.29070232260126444,-0.6316337569484437,0.7187008812554947,-0.19342482560359306,0.6968369297614787,0.690655579982393,0.5719000000000001
1,1787600013.899598,6397,122.97,-491.46000000000004,-1448.22,-0.9369520084022254,-0.3400177501830051,0.08067752792149631,0.29132489357260605,-0.6324816468336016,0.7177024263603718,-0.1930045085896857,0.6959561020489314,0.6916605841631508,0.5768
1,1787600013.944477,6400,122.97,-491.44,-1448.2,-0.9370182011803949,-0.33983468310427883,0.08068010173562837,0.2911140743386969,-0.6322166623645082,0.7180213698425729,-0.19300126004402302,0.6962862055132902,0.6913291789251511,0.5810000000000001
1,1787600014.0043166,6403,122.96000000000001,-491.47,-1448.21,-0.9370787308815262,-0.33972180980944044,0.080452122838784,0.2908344882663563,-0.6321481110183397,0.7181950056710167,-0.19312884964270643,0.6964035164154067,0.6911753683110688,0.5742
1,1787600014.0641565,6406,122.95,-491.53000000000003,-1448.22,-0.9368395946108656,-0.34046983317174,0.08007413233595698,0.2913536501297269,-0.6330087921684142,0.7172258497806462,-0.1935061356273581,0.695255465089986,0.6922248288938168,0.5688
1,1787600014.1090348,6409,122.97,-491.48,-1448.2,-0.9370431099316812,-0.33990069489170127,0.08011072176495469,0.2906917239641664,-0.6320862864788638,0.7183072100877873,-0.1935162312270065,0.6963723458448781,0.6910984186020088,0.5730000000000001
1,1787600014.1688745,6412,122.98,-491.5,-1448.23,-0.9370011982833361,-0.33993127639129384,0.08047037806906453,0.29106296831603473,-0.6323467967959868,0.7179274873250876,-0.1931608213138765,0.6961208630064472,0.6914511126583772,0.5749000000000001
1,1787600014.2287133,6415,122.97,-491.45,-1448.21,-0.9370964007556195,-0.3395753292522882,0.08086365966281413,0.2909834162363653,-0.6319492048119149,0.718309720115914,-0.19281853429138376,0.69665543728646,0.6910081146650406,0.5835
1,1787600014.2885532,6421,122.91,-491.41,-1448.14,-0.9370809433978606,-0.33968635223258703,0.08057597425718248,0.2909726679208587,-0.6324015366456484,0.7179158745781015,-0.19290985470834032,0.6961906912298824,0.6914508727315813,0.5782
1,1787600014.3483927,6424,122.94,-491.39,-1448.16,-0.9370914709884149,-0.33959574023842987,0.0808350679636115,0.29101242226071966,-0.63207710098584,0.7181854276572902,-0.19279871651729785,0.6965294477775144,0.6911406392971216,0.5808
1,1787600014.3932738,6427,122.96000000000001,-491.40000000000003,-1448.15,-0.9372974989417553,-0.33904097639057623,0.08077508777869094,0.2901835632885425,-0.6307706247732557,0.7196679223922109,-0.19304636250055318,0.6979825465233939,0.6896038476357448,0.5764
1,1787600014.453111,6430,122.91,-491.37,-1448.1200000000001,-0.9371084215408931,-0.339767539684651,0.07991135872812295,0.2903829740590866,-0.6318897756705352,0.7186049260752675,-0.19366345719762285,0.696615625994479,0.690811938928812,0.5699000000000001
1,1787600014.5131133,6433,122.95,-491.41,-1448.14,-0.9372245315521764,-0.33929376400299144,0.08056003454248328,0.29053338145725116,-0.6319375026773156,0.7185021551595885,-0.19287439362398295,0.696803225034615,0.6908434944801469,0.5810000000000001
1,1787600014.5732563,6436,122.94,-491.23,-1448.2,-0.9368602654319611,-0.34055697748935215,0.07945934896582298,0.29075251820864406,-0.6323036386624613,0.7180912767117729,-0.1943085592815912,0.6958541899115998,0.6913979535494619,0.5583
1,1787600014.6330957,6439,122.92,-491.41,-1448.19,-0.9367790189499774,-0.34058283695058045,0.08030193540514685,0.29163317468755523,-0.6330770496386087,0.7170519790381535,-0.19337828491528197,0.6951379578152591,0.6923785514641937,0.5648000000000001
1,1787600014.6782787,6442,122.91,-491.54,-1448.13,-0.9370309231713152,-0.3399769141731379,0.07992963686908351,0.2906115373581732,-0.6320886011801932,0.718337618820277,-0.1936955946195778,0.6963330367628534,0.6910877791840851,0.5612
1,1787600014.7381182,6448,122.86,-491.74,-1448.07,-0.9370927684040845,-0.33987824999781724,0.07962360569071349,0.2903724460060253,-0.6323422055655885,0.7182110954732774,-0.19375496382092225,0.6961509248998154,0.6912545867883154,0.5686
1,1787600014.7981513,6451,122.65,-492.17,-1448.02,-0.9372462126536312,-0.3395208657722109,0.0793417832652687,0.29027354641207403,-0.6337412546672928,0.7170169387023455,-0.19316005052748886,0.6950522310143418,0.692525516527878,0.5692
1,1787600014.8430307,6454,122.42,-493.72,-1447.89,-0.9371162703612245,-0.3399130333590496,0.07919738364944935,0.29098303329853875,-0.6356134650816949,0.7150695052505193,-0.192722521145428,0.6931483627330375,0.694552645293256,0.5603
1,1787600014.9031405,6457,122.19,-496.22,-1447.55,-0.9371741469842245,-0.3396934294383291,0.07945434047815134,0.2915416595783717,-0.6375263747826221,0.7131364400918077,-0.19159352534644772,0.6914972852101116,0.6965080226331678,0.5748
1,1787600014.9629798,6460,121.9,-499.33,-1446.89,-0.9371453250864296,-0.3400469058438923,0.07827350442292333,0.2918560328111681,-0.6409114041775689,0.7099666387280908,-0.19125557712228083,0.6881865109264581,0.6998718671288989,0.5603
1,1787600015.023067,6463,121.62,-502.99,-1446.04,-0.9371199881144539,-0.34010289291003154,0.07833358226580345,0.2927724303500268,-0.6438937681909032,0.7068840918508904,-0.189974819129548,0.685369125011586,0.7029784709203749,0.5574
1,1787600015.0829055,6469,120.93,-509.90000000000003,-1443.14,-0.9373212693895974,-0.3396083010668264,0.07807073585139196,0.29337389432255334,-0.6481709522672404,0.7027134371612642,-0.18804413333016606,0.6815721667464734,0.707176629588835,0.5586
1,1787600015.1427467,6472,120.51,-513.11,-1441.3500000000001,-0.9370415021271835,-0.34048856416710277,0.07759356263670532,0.2945084665557291,-0.6510851179252223,0.6995376561295985,-0.1876645582368301,0.6783477772409401,0.7103705418259201,0.5587
1,1787600015.202585,6475,120.09,-516.69,-1439.51,-0.9369952202526284,-0.34094143703549146,0.0761504677326571,0.2945895663323981,-0.653975018726139,0.6968024557148431,-0.18776832701980936,0.6753337037304744,0.7132092567920453,0.5435
1,1787600015.2624245,6478,119.7,-521.17,-1438.1100000000001,-0.9356119433693301,-0.345236485755992,0.0737703214546239,0.29930240087895527,-0.6648960506160961,0.6843473640653633,-0.18721208361844313,0.6623632015578542,0.7254147951132999,0.5816
1,1787600015.307478,6481,119.35000000000001,-526.21,-1436.5,-0.9363610926639518,-0.3447203410042501,0.06630075899327062,0.2937640091632506,-0.6660886069658662,0.6855863728157127,-0.1921733880262922,0.6614331819376659,0.7249658852430995,0.6367
1,1787600015.3673186,6484,119.14,-531.76,-1434.64,-0.9356792064730596,-0.3443938064039338,0.07679406672755074,0.30370817925778326,-0.6752635712609097,0.6721461531392444,-0.17962673638929125,0.6522361653868729,0.7364252984081684,0.6799000000000001
1,1787600015.427186,6487,119.04,-537.47,-1433.3500000000001,-0.9361954536048159,-0.344652184793524,0.06894159968207444,0.29821525557590284,-0.6750771685768178,0.6747877279619907,-0.18602616480342707,0.6522926398353406,0.7347847154270226,0.6068
1,1787600015.4869957,6493,119.02,-546.6,-1429.8600000000001,-0.9375807899127883,-0.3391002370825873,0.07715757640727676,0.29893524106713376,-0.6724708941292569,0.6770676614616388,-0.17770758012714685,0.6578707515610727,0.731864803229273,0.5482
1,1787600015.5468354,6496,118.92,-549.75,-1428.3700000000001,-0.937269114968882,-0.339927878328839,0.0773022875489643,0.3006253192676548,-0.6758751610697287,0.6729169221116298,-0.1764965255767642,0.6539432729096789,0.7356678409958588,0.5453
1,1787600015.6066751,6499,118.87,-552.21,-1426.8500000000001,-0.9375404158971264,-0.33901457300956284,0.0780197913774906,0.3004312865819467,-0.6759800754733768,0.6728981940871326,-0.1753824694835819,0.6543088390432701,0.7356092254367729,0.5661
1,1787600015.666514,6502,118.82000000000001,-554.72,-1425.68,-0.9375305854413748,-0.33916895604326924,0.07746496381249884,0.30054794030109866,-0.6774328620372706,0.6713833875013289,-0.1752350905005047,0.6527243956590799,0.7370505588959069,0.5591
1,1787600015.7263548,6505,118.75,-557.66,-1424.83,-0.9374565583166796,-0.33921292706474054,0.07816515452051855,0.30180769612146563,-0.6801372466639857,0.6680759240252454,-0.17345695670943426,0.6498830016337583,0.7399761944526309,0.5680000000000001
1,1787600015.7861927,6511,118.69,-565.69,-1424.3700000000001,-0.9376462286088274,-0.3389212273225182,0.07714889270650913,0.3025368318211054,-0.6864692019067479,0.6612348298639151,-0.17114618128164802,0.6433447260246334,0.7462014125750491,0.5593
1,1787600015.846032,6514,118.69,-570.79,-1424.8700000000001,-0.9375355360690881,-0.3390241888574191,0.07803664509201032,0.3045596843174292,-0.6914359004955557,0.6551028882506684,-0.1681383873364891,0.6379490535109124,0.7514988275629017,0.5593
1,1787600015.905878,6517,118.69,-575.98,-1425.67,-0.9377984387605338,-0.3383558508294221,0.07777793046747312,0.30484679699392264,-0.6953118669357712,0.6508531616738438,-0.16614005724343348,0.6340794318599132,0.7552090806335412,0.5645
1,1787600015.965711,6520,118.69,-580.27,-1426.5,-0.9374491453956271,-0.33930305046369874,0.0778623127259708,0.3071838171336907,-0.7010181046666901,0.643592821138254,-0.1637901165766221,0.6272535825928378,0.7613972293331954,0.5645
1,1787600016.0255501,6523,118.69,-582.96,-1426.94,-0.9377340542560306,-0.3385938846923079,0.0775178994653489,0.30667512261610086,-0.7022403898671428,0.6425019875515118,-0.16311104394536655,0.6262688049777153,0.762353048957527,0.5629000000000001
1,1787600016.0854185,6529,118.7,-585.25,-1427.22,-0.9377512371085002,-0.33862085918787865,0.0771915217128172,0.3071514281934776,-0.7048410414669364,0.6394193509915941,-0.16211297745764963,0.6233257735620014,0.7649734391161228,0.5587
1,1787600016.14523,6532,118.71000000000001,-585.48,-1427.2,-0.9377145143484072,-0.3385447885124803,0.077967401850843,0.30763009682030906,-0.7048926110212431,0.6391323262501919,-0.16141627275667753,0.6233087782942693,0.7651345984796712,0.5705
1,1787600016.2050683,6535,118.7,-585.38,-1427.18,-0.9376880589745783,-0.338745349608267,0.07741248074607068,0.30742071357965844,-0.7048966400855027,0.6392286223710126,-0.16196792558609066,0.6231952462229972,0.7651104993178413,0.5616
1,1787600016.264908,6538,118.66,-585.33,-1427.15,-0.9374096325398851,-0.33951134154444623,0.07742886919055539,0.308251814210433,-0.7055819872968814,0.638071217214944,-0.16199999955992103,0.6220016946639887,0.7660743384148248,0.5654
1,1787600016.324748,6541,118.72,-585.25,-1427.13,-0.9378258654827808,-0.33837307076963163,0.07737125441275472,0.30684160023503093,-0.7039745130380798,0.6405217540084054,-0.16226792165021028,0.624438587829683,0.7640324414791513,0.5626
1,1787600016.3845863,6547,118.69,-585.22,-1427.1100000000001,-0.9376889841468325,-0.33874679534489466,0.07739494591538232,0.3072444706323786,-0.7042601661920436,0.6400144166977682,-0.16229665515810968,0.6239136374200511,0.7644550796258539,0.5598000000000001
1,1787600016.4444258,6550,118.67,-585.17,-1427.09,-0.9376260849847682,-0.338841541987419,0.0777414572781137,0.30763490999598814,-0.704547826449648,0.6395100643436641,-0.16192000156835742,0.6235373041516162,0.7648419074707126,0.5677
1,1787600016.504265,6553,118.69,-585.2,-1427.1200000000001,-0.937642148405438,-0.33876577507198313,0.07787779640894439,0.3077085634288411,-0.7047176416145434,0.6392874827413679,-0.1616868625652477,0.6233865536223206,0.7650140934889318,0.5653
1,1787600016.5641048,6556,118.69,-585.16,-1427.1000000000001,-0.9376566908669215,-0.3386221619513473,0.07832599509671143,0.3078188311269148,-0.704427148162261,0.6395545013019953,-0.16139237056364972,0.6237927735773953,0.7647451067881806,0.5693
1,1787600016.608984,6559,118.68,-585.2,-1427.1000000000001,-0.9376464145103268,-0.3387471392130255,0.07790749021063127,0.30768297186069266,-0.7046010162966603,0.6394283358287194,-0.16171082271419152,0.6235284945443187,0.7648933430932672,0.5685
1,1787600016.6688237,6562,118.69,-585.17,-1427.1000000000001,-0.9376672504187693,-0.33886944593375995,0.07712085388953804,0.30725152864584687,-0.704611586930768,0.6396241159522484,-0.16240882253404618,0.6234500863545144,0.7648093646050977,0.5523
1,1787600016.728663,6565,118.68,-585.17,-1427.08,-0.9377584602362264,-0.3385160308109266,0.07756266588634744,0.3071366281576092,-0.7041471141771766,0.6401905444786954,-0.16209923472785384,0.624166434919381,0.7642905858511371,0.5604
1,1787600016.7735453,6568,118.68,-585.19,-1427.1200000000001,-0.937565728080036,-0.33897578350031876,0.07788404027846149,0.3079335756781693,-0.7048911003577001,0.6389878321271604,-0.16170163419028613,0.6230762030737942,0.7652637628055668,0.5595
1,1787600016.8338888,6574,118.7,-585.1800000000001,-1427.1000000000001,-0.9378229173802075,-0.33836335162968245,0.07744945390643111,0.30681198330706305,-0.7036861967244237,0.6408526690579529,-0.16234094534547658,0.6247687402659031,0.7637469729242098,0.5616
1,1787600016.8942356,6577,118.68,-585.19,-1427.1200000000001,-0.9376202086038226,-0.33891810046171705,0.07747816206613233,0.307594561301182,-0.7048369411733925,0.6392108198515332,-0.16203064610022935,0.6231688435221687,0.765118724243228,0.5617
1,1787600016.9540746,6580,118.68,-585.19,-1427.08,-0.9376906466038085,-0.33868875533408926,0.07762846309168567,0.30731045083171316,-0.7040874759878158,0.6401727211985188,-0.16216207349852496,0.6241400108688375,0.7642988347180092,0.5601
1,1787600017.0144186,6583,118.67,-585.2,-1427.1200000000001,-0.9373780980807872,-0.33975953872126247,0.07671868798644192,0.30794743132951263,-0.7054710118892517,0.638340842279037,-0.1627595796750569,0.6219920475632067,0.7659211525947878,0.5438000000000001
1,1787600017.074258,6586,118.67,-585.2,-1427.1000000000001,-0.937657800000244,-0.33896608672761125,0.07681042993807503,0.3070604410842229,-0.7043809771530273,0.6399697840883656,-0.16282424764102207,0.6236581043115821,0.764551393502503,0.5418000000000001
1,1787600017.1340973,6592,118.69,-585.19,-1427.07,-0.9377686285062764,-0.33842063078930446,0.07785548179561075,0.3071514062462415,-0.7037407365751448,0.6406301501846672,-0.16201238542288607,0.6246762780359456,0.7638923580117452,0.5667
1,1787600017.1939373,6595,118.68,-585.21,-1427.13,-0.9374576079897722,-0.33946401187668845,0.0770546420579446,0.3077327837096269,-0.7047215377289328,0.6392715292356544,-0.16270761215265378,0.6230021981514606,0.7651107724022906,0.5536
1,1787600017.2537763,6598,118.67,-585.21,-1427.1000000000001,-0.9376290651235007,-0.3388512572769733,0.07766312945950954,0.30766435958109134,-0.7048355920351933,0.6391787152619802,-0.16184677345930323,0.6232067182261541,0.7651267922890951,0.5583
1,1787600017.3136153,6601,118.68,-585.19,-1427.06,-0.9378607944069357,-0.3383820895262034,0.07690703350326156,0.3063983518726852,-0.7034613898298561,0.641297218915184,-0.16290236426796736,0.6250117074955697,0.7634285724345002,0.5534
1,1787600017.358495,6604,118.68,-585.23,-1427.1200000000001,-0.9375729861785331,-0.3389668800490514,0.07783540208722442,0.30793736186469056,-0.705062121222698,0.6387972967888671,-0.16165233297445014,0.6228875174915303,0.7654277652379459,0.5671
1,1787600017.4183342,6607,118.67,-585.21,-1427.09,-0.9376083324466395,-0.3389753074587536,0.07737154425158961,0.307495221504752,-0.7045505333836725,0.6395742604737361,-0.16228771881561374,0.6234615359763795,0.7648257379819263,0.5548000000000001
1,1787600017.4781737,6610,118.68,-585.22,-1427.13,-0.9376113134062531,-0.33898493625455145,0.07729319481751795,0.3075247575077911,-0.704838296203502,0.6392429113605554,-0.16221451381542704,0.623130956699667,0.765110620962866,0.5543
1,1787600017.5230534,6613,118.68,-585.2,-1427.09,-0.9377508753786589,-0.3385546747684319,0.0774856626673632,0.307011447772168,-0.7037434507941873,0.6406942534478725,-0.16238000696944324,0.6246005824979117,0.7638761978749388,0.5592
1,1787600017.5828927,6619,118.69,-585.21,-1427.1000000000001,-0.9377040540819799,-0.3385734725327349,0.07796865174764009,0.3074758820010544,-0.7042015183465153,0.6399678144611151,-0.1617704823071659,0.6240738940667105,0.7644357957333756,0.5665
1,1787600017.6427321,6622,118.67,-585.2,-1427.1200000000001,-0.9375344964054128,-0.3392244903523179,0.0771739152502898,0.307628780887794,-0.7047799287480424,0.6392572136498686,-0.16246107601311277,0.6230666073375416,0.7651107119898056,0.5512
1,1787600017.7025712,6625,118.67,-585.2,-1427.1100000000001,-0.9376019444164744,-0.3390814733011294,0.07698277918068498,0.3073338018316797,-0.7046077958723511,0.6395887649479102,-0.16263003436675674,0.6233390798432604,0.7648528377812459,0.546
1,1787600017.7624118,6628,118.68,-585.19,-1427.1000000000001,-0.9376036688545522,-0.3390235957378991,0.07721633041934209,0.30739970813747564,-0.7044352362139166,0.6397471511599241,-0.16249547559079358,0.6235655535011452,0.7646968163261386,0.5537000000000001
1,1787600017.8072908,6631,118.68,-585.1800000000001,-1427.1000000000001,-0.9376685472360757,-0.33884125101125584,0.07722889444575776,0.30719626519519466,-0.7042069386123626,0.6400961195479375,-0.16250584658500922,0.6239224264468548,0.7644034638869438,0.5517000000000001
1,1787600017.86713,6634,118.68,-585.17,-1427.1000000000001,-0.9376757834834537,-0.33883229731369646,0.07718030426095633,0.3072002262974041,-0.7043782335004927,0.6399057158156575,-0.1624565973776216,0.6237339003676553,0.7645677703779027,0.5468000000000001
1,1787600017.9274743,6637,118.68,-585.16,-1427.07,-0.9377466071471687,-0.3385732872875627,0.07745598698142517,0.3070370997414101,-0.7038602712553838,0.6405536183105055,-0.16235615222823122,0.6244588438669044,0.7639971414541107,0.5541
1,1787600017.9723537,6640,118.69,-585.17,-1427.07,-0.9377669903883559,-0.3384787980794713,0.07762200067404514,0.3070853747201062,-0.703913562208668,0.6404719116180783,-0.16214698384791776,0.624449998149876,0.764048791269015,0.559
1,1787600018.0321932,6646,118.68,-585.19,-1427.1100000000001,-0.9376479505620673,-0.338689086045453,0.0781410506740911,0.3077489910924487,-0.7044284814205436,0.6395866423285645,-0.16157623367418578,0.6237549338941079,0.7647371464460334,0.5757
1,1787600018.0926423,6649,118.7,-585.16,-1427.08,-0.9377761363612269,-0.3383820895262034,0.07793253209854213,0.30727645905001116,-0.7041444154235919,0.6401264093454163,-0.1617315546981995,0.6242421034467709,0.7643066796118262,0.5674
1,1787600018.1524837,6652,118.68,-585.1800000000001,-1427.07,-0.9377584602362264,-0.3385160308109266,0.07756266588634744,0.3071366281576092,-0.7041471141771766,0.6401905444786954,-0.16209923472785384,0.624166434919381,0.7642905858511371,0.5607
1,1787600018.2123215,6655,118.68,-585.15,-1427.06,-0.9376685472360757,-0.33884125101125584,0.07722889444575776,0.30719626519519466,-0.7042069386123626,0.6400961195479375,-0.16250584658500922,0.6239224264468548,0.7644034638869438,0.5558000000000001
1,1787600018.2572007,6658,118.67,-585.19,-1427.06,-0.9377112863397703,-0.3385646297693553,0.07792005480075588,0.30747973070323525,-0.7043728170024443,0.6397774221357825,-0.16172123755920048,0.6238853469486046,0.7646001014812515,0.5684
1,1787600018.3170402,6661,118.66,-585.15,-1427.09,-0.9376113134062531,-0.33898493625455145,0.07729319481751795,0.3075247575077911,-0.704838296203502,0.6392429113605554,-0.16221451381542704,0.623130956699667,0.765110620962866,0.5623
1,1787600018.3768797,6664,118.66,-585.19,-1427.09,-0.9375699973501035,-0.33895714493673984,0.0779137597941532,0.3079079784289719,-0.7047745195068442,0.6391287456167817,-0.16172562223936812,0.6232182046043192,0.7651430536579801,0.5636
1,1787600018.4217618,6667,118.65,-585.14,-1427.06,-0.937657800000244,-0.33896608672761125,0.07681042993807503,0.3070604410842229,-0.7043809771530273,0.6399697840883656,-0.16282424764102207,0.6236581043115821,0.764551393502503,0.5503
1,1787600018.4816015,6673,118.67,-585.09,-1427.06,-0.9377584602362264,-0.3385160308109266,0.07756266588634744,0.3071366281576092,-0.7041471141771766,0.6401905444786954,-0.16209923472785384,0.624166434919381,0.7642905858511371,0.5616
1,1787600018.5414417,6676,118.67,-585.0600000000001,-1427.04,-0.9378406705712344,-0.33822927039617745,0.07781926027511936,0.3069519752565907,-0.703683482072065,0.640788609406418,-0.16197333579504566,0.6248443947945785,0.7637631313340688,0.5673
1,1787600018.6012797,6679,118.69,-585.22,-1427.1000000000001,-0.937693612266146,-0.3386984783171764,0.07755017924477109,0.3073399895151266,-0.7043755134498637,0.6398415951601483,-0.16208892732111244,0.6238096479198364,0.7645840063734142,0.5589000000000001
1,1787600018.66112,6682,118.66,-585.2,-1427.07,-0.9376214975699737,-0.33888981403219365,0.0775862181051845,0.30753943785892435,-0.7044325165968209,0.6396829868946701,-0.1621277935952279,0.6236413420438827,0.7647130540520727,0.5618000000000001
1,1787600018.7060008,6685,118.7,-585.23,-1427.07,-0.9377482653203328,-0.3386112394421616,0.07726978330596014,0.30712190202623546,-0.7045532101177212,0.6397506634686688,-0.16218609121775618,0.6236563177233577,0.7646884785187026,0.5567
1,1787600018.7658374,6688,118.7,-585.16,-1427.1100000000001,-0.9376070468705981,-0.33900351710178317,0.07726345223465785,0.30755038911012966,-0.7049548839019132,0.6391020026733198,-0.1621905786931044,0.6229889461743774,0.7652313304666339,0.5531
1,1787600018.825677,6691,118.7,-585.21,-1427.1000000000001,-0.9376965838769926,-0.3387081665014428,0.07747189510170166,0.3073694946476202,-0.7046633930185029,0.6395103566790121,-0.1620157719034933,0.6234791740586703,0.7648690143871913,0.5602
1,1787600018.8855174,6697,118.72,-585.23,-1427.1000000000001,-0.9375993981591279,-0.33904217910181106,0.07718658796408073,0.30742536899426276,-0.7045518956974257,0.6396063389053498,-0.16247157003729207,0.6234236337026847,0.764817600392772,0.5531
1,1787600018.9453554,6700,118.72,-585.27,-1427.1000000000001,-0.9376159426568924,-0.33893669682845734,0.07744843199601677,0.3076201777899683,-0.7049535293144058,0.6390699083227371,-0.16200669829391484,0.6230268349358459,0.7652394348553442,0.5583
1,1787600019.0051963,6703,118.73,-585.16,-1427.03,-0.9378686526455748,-0.33806658457574945,0.07818807311899784,0.3072462355162937,-0.7043726840294433,0.6398897348404834,-0.16125179424068534,0.624155514584663,0.764478745595791,0.5710000000000001
1,1787600019.0650344,6706,118.78,-584.97,-1427.01,-0.9378126691835394,-0.3384586333775639,0.07715666537012422,0.30679728640229675,-0.7040926701476949,0.6404130986328095,-0.16242789962020876,0.6242589729723406,0.7641452166234415,0.5527000000000001
1,1787600019.1248736,6709,118.74000000000001,-584.23,-1426.7,-0.9380581842444933,-0.33759683228297127,0.07794370920367917,0.3064197886777737,-0.7033383025946057,0.641421971256058,-0.161721229523501,0.6255746245939344,0.7632186010479337,0.5881000000000001
1,1787600019.1847131,6715,118.71000000000001,-580.49,-1425.3,-0.937723415563873,-0.3385556076745809,0.07781321491442672,0.3063773953735568,-0.7004420255455636,0.64460364601338,-0.16373053321643705,0.6283001427357173,0.7605466738675137,0.5727
1,1787600019.2445524,6718,118.68,-577.58,-1424.17,-0.9377316290264804,-0.33863549234379153,0.0773653362199183,0.30525291970247753,-0.6970687348542823,0.6487802662703013,-0.16577106785098497,0.6319977707347773,0.7570328730311623,0.5558000000000001
1,1787600019.2894318,6721,118.67,-574.38,-1422.93,-0.9381241344933168,-0.33747662476292495,0.07767004583357072,0.303337995504998,-0.6926079282639798,0.6544312937114846,-0.1670603746080284,0.6374980670123648,0.7521216961312335,0.5653
1,1787600019.3492715,6724,118.64,-571.66,-1421.88,-0.938233757010935,-0.33741029379036835,0.07662708952741983,0.3017796459712286,-0.6896654105538482,0.658248180220099,-0.16925265871656442,0.6407151591229048,0.7488909282315315,0.5601
1,1787600019.409617,6727,118.65,-569.1800000000001,-1420.99,-0.9396426662124867,-0.3346002070913201,0.07151476244479371,0.2964722818214135,-0.6918571566942817,0.6583599781597517,-0.17080938482616784,0.6398252700115478,0.749298190248686,0.5673
1,1787600019.454496,6730,118.4,-566.21,-1419.82,-0.9418059631965504,-0.33048404942180565,0.061496510187031846,0.2875037691196215,-0.6971041509777329,0.6568008719784297,-0.17419273931318008,0.636259456328454,0.7515522562025815,0.5582
1,1787600019.5143354,6733,118.22,-562.4,-1418.48,-0.9445639097528549,-0.32451649653873976,0.049880495853821545,0.27576308938717714,-0.7016781746307612,0.6569645787852516,-0.17819578817705195,0.6343002307433485,0.7522695516601041,0.5680000000000001
1,1787600019.574175,6736,118.0,-557.35,-1416.65,-0.9478098164890156,-0.31669668826935254,0.03687491567831736,0.26016253169970205,-0.7013411960562504,0.6636535118674423,-0.18431497190043994,0.6386107847144554,0.7471306825313276,0.5683
1,1787600019.6340144,6742,117.45,-543.25,-1412.21,-0.9534243900504937,-0.3015498013976227,0.007046256729499234,0.22278039887352308,-0.688242303372084,0.6904284363544436,-0.20334902590029214,0.6598410786895147,0.7233663833350702,0.6102000000000001
1,1787600019.6938636,6745,117.26,-534.85,-1409.72,-0.9561350342456987,-0.29283189441840857,-0.007434910846975711,0.20092927783515216,-0.6741072422114315,0.7107790453486531,-0.21315070160949667,0.6781068555983079,0.703376052189691,0.5568000000000001
1,1787600019.7387705,6748,116.95,-526.37,-1407.8,-0.9568634899639932,-0.2895044144986757,-0.02448378156465826,0.18509829762415939,-0.6723930972766048,0.7166771539203776,-0.2239439255496006,0.6812302963906943,0.6969751799661746,0.5641
1,1787600019.7985735,6751,116.64,-517.4,-1405.49,-0.9589959894565002,-0.2807790129879773,-0.038598420587445954,0.16264921515067182,-0.656751983067412,0.7363572947611046,-0.23210326369359519,0.6998856896683336,0.6754910039225263,0.5700000000000001
1,1787600019.8584118,6754,116.33,-507.87,-1403.34,-0.9603197005569617,-0.27237482758949383,-0.05998354789257523,0.1334320063694379,-0.6375447081563317,0.7587704822791171,-0.24491217282612482,0.7206585171892796,0.6485902629581601,0.562
1,1787600019.9038374,6757,116.14,-498.09000000000003,-1401.07,-0.9617420383194116,-0.26464119382419315,-0.07083283320981146,0.11380666673714487,-0.621129590280041,0.7754005898145349,-0.24919930645048677,0.737674095119148,0.627484370366898,0.6018
1,1787600019.9636984,6760,115.87,-488.52,-1398.72,-0.9631711021086271,-0.2553650200805755,-0.08420293689711608,0.08606367825763724,-0.5894548508850217,0.8032035993774447,-0.2547439328965821,0.766375681560528,0.5897235312966725,0.5446
1,1787600020.0240233,6763,115.72,-480.33,-1397.13,-0.9635516119313802,-0.2505524782452706,-0.09376431511823997,0.0700209240431482,-0.574473317407159,0.8155228248083297,-0.2581963619816962,0.7792328684240464,0.5710786070472698,0.5563
1,1787600020.0838625,6769,115.53,-469.33,-1395.13,-0.9634904728388873,-0.24640529946289488,-0.10474033198963272,0.05113834455101058,-0.5533553680833012,0.8313739870419188,-0.26281358120401527,0.7956646686952962,0.545753384345645,0.5417000000000001
1,1787600020.1442082,6772,115.45,-466.53000000000003,-1394.65,-0.963428105257714,-0.24608177594865768,-0.10606623188124452,0.048122259594007,-0.5482682458890279,0.8349168693237282,-0.2636105728742652,0.7992782307155144,0.5400590484133921,0.5456
1,1787600020.2045534,6775,115.46000000000001,-465.04,-1394.46,-0.9634806941222446,-0.24521087787372278,-0.10759450462786634,0.043649944731878144,-0.5402502566480716,0.8403715502779687,-0.26419620432288904,0.804985270401944,0.5312241335418482,0.5414
1,1787600020.2643952,6778,115.44,-464.07,-1394.46,-0.9634026836974453,-0.24447708122253725,-0.109937372178296,0.0397536813840951,-0.5358957740417621,0.8433477125009544,-0.2650941603675421,0.8081130342477404,0.5260022908865878,0.5434
1,1787600020.324232,6781,115.37,-463.12,-1394.4,-0.9633396917780126,-0.24262243169595693,-0.11450324835123238,0.032096941236014205,-0.527959778525389,0.84866262944866,-0.26635770048627305,0.8138751918429278,0.5163920482485203,0.5344
1,1787600020.3840733,6787,115.17,-459.73,-1394.16,-0.9634348700456106,-0.23528284678349418,-0.12819997343857864,0.00953176778700862,-0.5082532581021761,0.8611549053633598,-0.26777303184423185,0.8284446919607715,0.49191157312973477,0.5481
1,1787600020.443911,6790,115.07000000000001,-457.13,-1393.99,-0.9625047063240775,-0.23344407550833052,-0.1381613329193895,-0.0037132529425939254,-0.4979362582647833,0.8672056817490597,-0.27123956580223657,0.8352025780104656,0.4783991551289426,0.5177
1,1787600020.5037503,6793,114.92,-453.77,-1393.6200000000001,-0.9621704388898169,-0.230204255727113,-0.14571906934819132,-0.017128565191105106,-0.4826809468417607,0.8756287545589371,-0.2719092841023842,0.845000061657434,0.4604782698649976,0.5032
1,1787600020.5635903,6796,114.82000000000001,-450.16,-1393.22,-0.961681337236924,-0.22828585722741307,-0.15183732413391296,-0.028217887550902376,-0.4684538656895869,0.8830372169635022,-0.2727136894847166,0.8534849401778731,0.44406159534146367,0.496
1,1787600020.623429,6799,114.81,-446.77,-1393.1000000000001,-0.9615293075820842,-0.2263535171571843,-0.15564535306680502,-0.03107955177530468,-0.47331875058626854,0.8803427865353928,-0.2729385500843812,0.851312777781484,0.4480748846608228,0.5488000000000001
1,1787600020.6683087,6802,114.7,-443.17,-1392.71,-0.9612022183186699,-0.2243136559375568,-0.16054183024743243,-0.040400976291946,-0.4612436924923425,0.8863532124670656,-0.27287003612329014,0.8584507207149149,0.4342859697136409,0.5534
1,1787600020.7281482,6808,114.56,-436.21000000000004,-1392.02,-0.9605460070835855,-0.21934933563833814,-0.17098899739690893,-0.05950567071267923,-0.4384779367700044,0.8967698557149177,-0.27168077486052383,0.8715635191544789,0.40812570202113674,0.5408000000000001
1,1787600020.7879872,6811,114.48,-432.78000000000003,-1391.69,-0.9599027087633599,-0.21753305777812212,-0.17682239248031928,-0.0690259572496824,-0.42793099342761926,0.9011717273027465,-0.2717024234977099,0.8772425170029955,0.3957566922083819,0.5481
1,1787600020.847827,6814,114.42,-429.54,-1391.3500000000001,-0.959709787222935,-0.2154015433336705,-0.18044195586941994,-0.07606088625698754,-0.41904458967873554,0.9047742113051088,-0.27050298684175456,0.8820452408977972,0.3857775617104195,0.54
1,1787600020.9076667,6817,114.37,-426.77,-1391.03,-0.9594308297612519,-0.21439558363640565,-0.18310384108707412,-0.08067401907227925,-0.413524783492519,0.9069117686325341,-0.270155854184878,0.8848908334674229,0.3794522727497737,0.5387000000000001
1,1787600020.9525456,6820,114.34,-424.33,-1390.78,-0.9594240718837246,-0.2135352596196538,-0.18414163893378518,-0.08334597782844287,-0.4091119092022175,0.908669848585688,-0.26936758949412265,0.8871471910839167,0.3747145087690657,0.5503
1,1787600021.0123854,6823,114.31,-422.0,-1390.51,-0.9592580290384938,-0.2128845298596203,-0.18575309061125422,-0.08656125162885193,-0.40439586387219684,0.9104785197902839,-0.26894457317750614,0.8894628503931507,0.36949242797229415,0.548
1,1787600021.0722249,6826,114.24000000000001,-419.90000000000003,-1390.28,-0.959147482603485,-0.21252924340210255,-0.186728217777408,-0.08869742671263821,-0.40084994174273614,0.9118399479620319,-0.26864264946198213,0.8911513030365689,0.3656234155333487,0.5418000000000001
1,1787600021.1325686,6832,114.28,-418.57,-1390.18,-0.9591370664206603,-0.21234721375391347,-0.18698863235212881,-0.08959518404111913,-0.3989264034258721,0.9125954348156342,-0.2683818004533985,0.8920573891071404,0.3635998126027352,0.5372
1,1787600021.1924076,6835,114.24000000000001,-418.94,-1390.18,-0.9591494293772981,-0.2121474174670752,-0.18715193129448068,-0.08970303121652107,-0.3993420289488898,0.9124030414819713,-0.268301580904346,0.891918952134685,0.36399841278114664,0.5438000000000001
1,1787600021.2372909,6838,114.18,-418.87,-1390.16,-0.9592034967071031,-0.21204390305050427,-0.18699207224899844,-0.08959613765953596,-0.3993254523814601,0.912420799410467,-0.2681439613740346,0.8919509887092735,0.3640360555208641,0.5475
1,1787600021.297131,6841,114.2,-418.84000000000003,-1390.19,-0.9591538969650336,-0.21215181971636213,-0.18712404262367296,-0.08972082449143971,-0.39918899110410944,0.9124682586445731,-0.2682796592911328,0.8919864095222076,0.36384924026073523,0.5342
1,1787600021.3569727,6844,114.19,-418.82,-1390.16,-0.9591393386767781,-0.21231524335131696,-0.18701327878881716,-0.08955515766927144,-0.39917859386237775,0.912489081543931,-0.2683870390639323,0.8919521778900066,0.3638539674371702,0.5395
1,1787600021.4018524,6847,114.19,-418.81,-1390.17,-0.9592496916900619,-0.2120762724217602,-0.18671819319019906,-0.08930136386461408,-0.3993976088516428,0.9124181149316961,-0.2680770325940679,0.8919109847508784,0.36418333278209974,0.5427000000000001
1,1787600021.461692,6850,114.18,-418.84000000000003,-1390.15,-0.9591933994132122,-0.21221172565298513,-0.18685343458847095,-0.08944825251375078,-0.3991620147212007,0.9125068197695555,-0.26822944030132506,0.8919842316426306,0.3638916017944683,0.5478000000000001
1,1787600021.5215333,6853,114.18,-418.83,-1390.17,-0.9591516255016203,-0.21218380127220726,-0.18709942216713557,-0.089760840369818,-0.39893679937167575,0.9125746115486598,-0.2682743946665496,0.8920916234248362,0.3635950832747009,0.5402
1,1787600021.581376,6859,114.19,-418.82,-1390.16,-0.9591538969650336,-0.21215181971636213,-0.18712404262367296,-0.08972082449143971,-0.39918899110410944,0.9124682586445731,-0.2682796592911328,0.8919864095222076,0.36384924026073523,0.5359
1,1787600021.641717,6862,114.18,-418.84000000000003,-1390.17,-0.9590997992225749,-0.21225533273499914,-0.18728387238833805,-0.0898277181737698,-0.3992055811837738,0.9124504835876954,-0.2684372481212514,0.891954358516892,0.3638115805520895,0.5375
1,1787600021.6865969,6865,114.18,-418.83,-1390.15,-0.9592079585049283,-0.2120482967392073,-0.18696420029195182,-0.08961392311295412,-0.399172412126635,0.9124860164305586,-0.2681220563943099,0.8920184444544883,0.36388687476725723,0.5439
1,1787600021.7469504,6868,114.18,-418.8,-1390.17,-0.9592079585049283,-0.2120482967392073,-0.18696420029195182,-0.08961392311295412,-0.399172412126635,0.9124860164305586,-0.2681220563943099,0.8920184444544883,0.36388687476725723,0.5435
1,1787600021.807285,6871,114.18,-418.82,-1390.16,-0.9591889360560981,-0.2122073498725145,-0.18688131422818793,-0.0894304490717422,-0.39931505270139167,0.9124416055095861,-0.2682513368585458,0.8919167726566022,0.36404078195640943,0.5443
1,1787600021.8521643,6874,114.18,-418.83,-1390.18,-0.9590852417382959,-0.21241875108822764,-0.187173110424313,-0.08966205513179892,-0.3991951841058612,0.9124713260460462,-0.26854462375802035,0.8919201080661907,0.36381630787783287,0.5423
1,1787600021.9120092,6877,114.18,-418.85,-1390.18,-0.9589824483136996,-0.21252202338024248,-0.18758212442722205,-0.0901038577300139,-0.39888746295260824,0.912562374153899,-0.2687637599238996,0.8920331728571528,0.36337702166478436,0.5328
1,1787600021.971843,6880,114.19,-418.82,-1390.2,-0.9590243484000633,-0.21254987505305725,-0.18733619455610695,-0.08979119923339039,-0.39911265045435124,0.9124947302793218,-0.2687188860427629,0.8919258056936308,0.3636736413622851,0.536
1,1787600022.0316823,6886,114.18,-418.83,-1390.19,-0.9590243484000633,-0.21254987505305725,-0.18733619455610695,-0.08979119923339039,-0.39911265045435124,0.9124947302793218,-0.2687188860427629,0.8919258056936308,0.3636736413622851,0.5393
1,1787600022.0915222,6889,114.19,-418.85,-1390.2,-0.959083044699785,-0.2123823504640451,-0.1872256675265372,-0.08960418052267548,-0.3996003468553312,0.9122996512253846,-0.268571785938601,0.8917473296873202,0.3642195708542907,0.5438000000000001
1,1787600022.136401,6892,114.18,-418.83,-1390.21,-0.959007548197644,-0.21267688290575948,-0.18727804456858563,-0.08956759083349261,-0.39950742311288306,0.9123439403810317,-0.2688534343694112,0.8917187686458066,0.3640816782983992,0.5314
1,1787600022.1962404,6895,114.19,-418.83,-1390.2,-0.9589847285513105,-0.2124899646283217,-0.18760678382623655,-0.09006376128040991,-0.39913966610820867,0.9124560514583994,-0.2687690631553323,0.8919279914159453,0.36363119890807316,0.5241
1,1787600022.2560797,6898,114.18,-418.83,-1390.19,-0.9590411119564011,-0.2124228934652434,-0.18739439668593005,-0.09001473613001548,-0.39871778645711903,0.9126453166713665,-0.2685842379159163,0.8921326364922365,0.3632655585773819,0.5245000000000001
1,1787600022.3009596,6901,114.19,-418.84000000000003,-1390.21,-0.9590456652837974,-0.21235883578973197,-0.18744368957739765,-0.0899346041541678,-0.39922218236371315,0.9124326912624224,-0.2685948228763751,0.8919222914417957,0.3637738956456672,0.5332
1,1787600022.3607984,6904,114.18,-418.82,-1390.19,-0.9588762622294835,-0.21269695348656106,-0.18792636778895713,-0.09027752871113065,-0.3991729349282249,0.9124203723233048,-0.2690841532729597,0.8918637642590502,0.36355569650199604,0.5255000000000001
1,1787600022.4206378,6907,114.2,-418.83,-1390.19,-0.9588342033364665,-0.21266917211939335,-0.18817224487733486,-0.09059021353145713,-0.3989477746672048,0.9124878554262574,-0.2691289351304479,0.8919711297559676,0.36325902598203136,0.5236000000000001
1,1787600022.4804788,6913,114.19,-418.84000000000003,-1390.2,-0.9590997992225749,-0.21225533273499914,-0.18728387238833805,-0.0898277181737698,-0.3992055811837738,0.9124504835876954,-0.2684372481212514,0.891954358516892,0.3638115805520895,0.535
1,1787600022.5403163,6916,114.19,-418.83,-1390.2,-0.9589305134818522,-0.21259346404901894,-0.18776658210946254,-0.09017064885672739,-0.3991562949692006,0.912438220523021,-0.268926615265555,0.8918958858690282,0.36359346029832973,0.522
1,1787600022.585196,6919,114.18,-418.82,-1390.15,-0.9589305134818522,-0.21259346404901894,-0.18776658210946254,-0.09017064885672739,-0.3991562949692006,0.912438220523021,-0.268926615265555,0.8918958858690282,0.36359346029832973,0.5294
1,1787600022.6450362,6922,114.19,-418.83,-1390.19,-0.95893272371812,-0.2126299691381898,-0.1877139515508645,-0.09022858430224424,-0.3987510537119193,0.9126096644998052,-0.26889930077514274,0.8920684353724923,0.36319013292587227,0.5264
1,1787600022.704875,6925,114.18,-418.84000000000003,-1390.17,-0.9589747365478253,-0.21258926915114296,-0.18754534732915087,-0.08981788701630523,-0.39963354002549584,0.9122640960043404,-0.2688869685108506,0.8916831479446458,0.36414414980412835,0.5428000000000001
1,1787600022.7497544,6928,114.19,-418.83,-1390.18,-0.9589746581821571,-0.21265778167930247,-0.1874680582276695,-0.08991592784509267,-0.39897623113098957,0.9125421047339499,-0.268854479010804,0.8919611173609246,0.3634867731184725,0.5337000000000001
1,1787600022.8095949,6931,114.18,-418.82,-1390.16,-0.9592306357932789,-0.21223535427696358,-0.18663531753275825,-0.08911786090951969,-0.39954021132459094,0.9123736221535632,-0.26820625313838836,0.8918092699280676,0.3643372501513315,0.5398000000000001
1,1787600022.8694334,6934,114.18,-418.82,-1390.13,-0.959191208061566,-0.21217539191788376,-0.1869059374174238,-0.08939044324416273,-0.3995671980589737,0.9123351373765635,-0.2682565470477946,0.89181144716795,0.3642948910789184,0.5426
1,1787600022.9292727,6940,114.18,-418.82,-1390.15,-0.9591538969650336,-0.21215181971636213,-0.18712404262367296,-0.08972082449143971,-0.39918899110410944,0.9124682586445731,-0.2682796592911328,0.8919864095222076,0.36384924026073523,0.5461
1,1787600022.9891117,6943,114.18,-418.82,-1390.16,-0.9591393386767781,-0.21231524335131696,-0.18701327878881716,-0.08955515766927144,-0.39917859386237775,0.912489081543931,-0.2683870390639323,0.8919521778900066,0.3638539674371702,0.5474
1,1787600023.048952,6946,114.18,-418.81,-1390.14,-0.9592890781832352,-0.2121362036369007,-0.18644756792428832,-0.08902878024326785,-0.3993706329256779,0.9124565599769334,-0.26802675382646907,0.8919088118541417,0.3642256588574981,0.5395
1,1787600023.1087906,6949,114.18,-418.83,-1390.16,-0.9590997992225749,-0.21225533273499914,-0.18728387238833805,-0.0898277181737698,-0.3992055811837738,0.9124504835876954,-0.2684372481212514,0.891954358516892,0.3638115805520895,0.5372
1,1787600023.1686304,6952,114.18,-418.83,-1390.17,-0.9592518813523676,-0.2121125600203134,-0.18666571726905912,-0.0893591296130748,-0.3989924117862779,0.9125897223242013,-0.26804994698141066,0.8920836940660883,0.3637800279078894,0.5352
1,1787600023.2289774,6958,114.19,-418.82,-1390.17,-0.9591516255016203,-0.21218380127220726,-0.18709942216713557,-0.089760840369818,-0.39893679937167575,0.9125746115486598,-0.2682743946665496,0.8920916234248362,0.3635950832747009,0.5316000000000001
1,1787600023.2888167,6961,114.18,-418.82,-1390.16,-0.9591538969650336,-0.21215181971636213,-0.18712404262367296,-0.08972082449143971,-0.39918899110410944,0.9124682586445731,-0.2682796592911328,0.8919864095222076,0.36384924026073523,0.5335
1,1787600023.3350394,6964,114.18,-418.83,-1390.18,-0.9591538969650336,-0.21215181971636213,-0.18712404262367296,-0.08972082449143971,-0.39918899110410944,0.9124682586445731,-0.2682796592911328,0.8919864095222076,0.36384924026073523,0.5454
1,1787600023.3939085,6967,114.18,-418.83,-1390.16,-0.9590997992225749,-0.21225533273499914,-0.18728387238833805,-0.0898277181737698,-0.3992055811837738,0.9124504835876954,-0.2684372481212514,0.891954358516892,0.3638115805520895,0.5365
1,1787600023.454256,6970,114.18,-418.83,-1390.17,-0.9590975248135789,-0.21228733916707113,-0.1872592414964646,-0.08986775889450688,-0.3989533973380032,0.9125568325664677,-0.268431972402218,0.8920595677317913,0.3635574284902244,0.5393
1,1787600023.4991043,6973,114.18,-418.82,-1390.15,-0.9589870101761855,-0.21245790094096662,-0.18763143297725784,-0.09002366568711406,-0.39939182524637334,0.9123496640776633,-0.2687743550445159,0.8918227459838244,0.36388533333493356,0.5322
1,1787600023.5594516,6976,114.19,-418.86,-1390.18,-0.9590266278670371,-0.21251784739149784,-0.18736085925844664,-0.08975111799178889,-0.3993648161949466,0.9123883385953595,-0.2687241408232677,0.891820558254664,0.36392777856758335,0.5343
1,1787600023.6195986,6979,114.2,-418.84000000000003,-1390.15,-0.9591889360560981,-0.2122073498725145,-0.18688131422818793,-0.0894304490717422,-0.39931505270139167,0.9124416055095861,-0.2682513368585458,0.8919167726566022,0.36404078195640943,0.5396000000000001
1,1787600023.679439,6985,114.21000000000001,-418.92,-1390.16,-0.9591270158510723,-0.21244669611466543,-0.1869271750564368,-0.08934945553497457,-0.39942031390286376,0.9124034675719626,-0.2684996131472453,0.8918126564204505,0.3641128171159027,0.5435
1,1787600023.7392776,6988,114.22,-418.91,-1390.17,-0.9590538112906682,-0.2127092252165995,-0.18700420464951265,-0.08927279953143358,-0.39957946203901357,0.9123412852548286,-0.26878644741255714,0.8916787756946815,0.36422905796074284,0.5351
1,1787600023.7841563,6991,114.22,-418.89,-1390.17,-0.9591788013487316,-0.21237514788975773,-0.1867426667958183,-0.08928258259085703,-0.399151589483286,0.9125276045462258,-0.2683368172448896,0.8919500014977128,0.3638963414753066,0.5413
1,1787600023.8439975,6994,114.24000000000001,-418.95,-1390.15,-0.959174336428178,-0.21237079001661013,-0.18677055411730506,-0.08926476116095586,-0.3993046251827708,0.9124623930456116,-0.2683587053785321,0.8918825392703726,0.36404552104399046,0.539
1,1787600023.903836,6997,114.24000000000001,-418.97,-1390.18,-0.9590538112906682,-0.2127092252165995,-0.18700420464951265,-0.08927279953143358,-0.39957946203901357,0.9123412852548286,-0.26878644741255714,0.8916787756946815,0.36422905796074284,0.5416000000000001
1,1787600023.963709,7000,114.27,-419.08,-1390.18,-0.9590560921698511,-0.21267723483765938,-0.1870288904252522,-0.0892327239358509,-0.39983154496663414,0.9122347596033505,-0.26879161640736143,0.891573401034038,0.36448311005822526,0.5385
1,1787600024.0235138,7006,114.3,-419.1,-1390.17,-0.9591179129170159,-0.21292444805196786,-0.1864296342952817,-0.08846393004503744,-0.40017192612195585,0.9121603820736958,-0.2688251517300685,0.8913616600267307,0.36497592911272503,0.5401
1,1787600024.083354,7009,114.31,-419.14,-1390.2,-0.9592303789880687,-0.2127219160320522,-0.18608188107942772,-0.08826813829969274,-0.39998584645131874,0.9122609595941987,-0.2684880179589251,0.8914935272217485,0.36490200757766916,0.5432
1,1787600024.1431932,7012,114.31,-419.22,-1390.18,-0.9590786073709436,-0.21286438816834602,-0.1867002333504881,-0.08873649457433636,-0.4001990225617278,0.9121220186308936,-0.2688755463296537,0.8913638396246244,0.364933481603945,0.5472
1,1787600024.2030354,7015,114.32000000000001,-419.21000000000004,-1390.19,-0.9591179129170159,-0.21292444805196786,-0.1864296342952817,-0.08846393004503744,-0.40017192612195585,0.9121603820736958,-0.2688251517300685,0.8913616600267307,0.36497592911272503,0.5412
1,1787600024.2628717,7018,114.32000000000001,-419.19,-1390.18,-0.9592798738905494,-0.21261418986582875,-0.18594980456087898,-0.08814338266367942,-0.4001223381220925,0.9122131651255172,-0.2683521336623504,0.891457974782551,0.36508877215748065,0.5357000000000001
1,1787600024.3227108,7021,114.33,-419.3,-1390.19,-0.9593108731252895,-0.21281015051768246,-0.18556532149147878,-0.0876829636180761,-0.4001836811852117,0.9122306282975836,-0.2683921507696261,0.8913836778569003,0.36524073192287887,0.5331
1,1787600024.3675904,7024,114.3,-419.24,-1390.1000000000001,-0.9594796495893825,-0.2132392700914201,-0.1841950480189802,-0.0857126610454095,-0.4018437025852812,0.911687983045223,-0.26842530014950294,0.890533914224175,0.36728354966730925,0.5481
1,1787600024.4274294,7030,114.10000000000001,-419.35,-1389.89,-0.9589789107141196,-0.21294287113800836,-0.18712237289287934,-0.08759972264986098,-0.40518196384792987,0.9100295955429153,-0.26960292542409037,0.8890910582183559,0.369907221879941,0.5338
1,1787600024.4872692,7033,114.04,-419.35,-1389.84,-0.9586244667345781,-0.2118686703847801,-0.19013363270928912,-0.08966969106719543,-0.40916782917309963,0.9080424186532734,-0.2701823056415042,0.8875209034603965,0.37324009382578693,0.5322
1,1787600024.5473719,7036,113.89,-419.37,-1389.73,-0.9576569945496467,-0.2099836263676776,-0.19697704802239765,-0.09485353823240598,-0.41585530814642385,0.9044706567773422,-0.27183797945638843,0.8848566207832333,0.3783290546351758,0.5293
1,1787600024.607198,7039,113.67,-419.41,-1389.56,-0.956038089146734,-0.20680122410467117,-0.20790484797010114,-0.10254729803348682,-0.4284460471654167,0.8977293781170139,-0.27472754460864046,0.8795835596332727,0.3884038334725448,0.533
1,1787600024.667543,7042,113.45,-419.48,-1389.39,-0.9539053555339624,-0.20240033912932634,-0.22158220913231827,-0.11240136877908889,-0.44364607832209185,0.8891254632986367,-0.2782633734076621,0.873047684785752,0.40044629491359507,0.5315
1,1787600024.7273815,7048,112.93,-419.82,-1388.91,-0.9485994920618038,-0.19137355274738227,-0.25206183163845386,-0.13426462904444764,-0.4778763955574777,0.8681055004759213,-0.28658683334662155,0.8573274251287182,0.4276186070256037,0.535
1,1787600024.787221,7051,112.62,-420.02,-1388.66,-0.9456501655387282,-0.18508128503923083,-0.2673774155473925,-0.14464575572364013,-0.49700331917640167,0.8556081498435932,-0.2912445188629531,0.8477809968711653,0.44322004870765963,0.5327000000000001
1,1787600024.847083,7054,112.41,-420.28000000000003,-1388.41,-0.9423150068930654,-0.17799828893206343,-0.2834766955525264,-0.1557926286148415,-0.5163415568582063,0.8420926632684325,-0.29626185149863654,0.83768013334357,0.45882557638834665,0.5299
1,1787600024.9068997,7057,112.10000000000001,-420.46000000000004,-1388.13,-0.9392940914777368,-0.1702241075325688,-0.29790999132246937,-0.16541397902590022,-0.5360371169474295,0.8278299492030395,-0.3006074271501493,0.8268542570909511,0.47533904980838626,0.5319
1,1787600024.9667401,7060,111.84,-420.8,-1387.83,-0.9357393426049309,-0.1624401843270373,-0.31305761325527626,-0.17556519139650212,-0.555301656550494,0.8129064729734823,-0.30589008854685296,0.815630588408794,0.49109876499612876,0.5321
1,1787600025.0265782,7066,111.28,-421.25,-1387.33,-0.9281480212400203,-0.14603773509804321,-0.34236563874850057,-0.19555491158440705,-0.5913121380306285,0.782373460677739,-0.3167010060347926,0.7931096616137524,0.5202667944732488,0.5264
1,1787600025.086418,7069,111.07000000000001,-421.46000000000004,-1387.1200000000001,-0.9242630951523735,-0.13715638976229907,-0.35626655145652825,-0.2057781084735457,-0.6070534207010219,0.7675555448879502,-0.32154797622190756,0.7827351206906209,0.532853291089616,0.5375
1,1787600025.131297,7072,110.78,-421.75,-1386.8600000000001,-0.9198652851762179,-0.12864585495350542,-0.37053758396545505,-0.21581558832958317,-0.6228279210175831,0.7520033328615446,-0.32752326476394145,0.7717095469178782,0.5451540023095971,0.542
1,1787600025.1911366,7075,110.55,-422.03000000000003,-1386.64,-0.9156743588670073,-0.1195018485256912,-0.3837444158713425,-0.22566461900363344,-0.6372159437388717,0.7369065889072536,-0.33258975967915805,0.761364005744901,0.5565149616251465,0.5313
1,1787600025.251481,7078,110.33,-422.26,-1386.45,-0.9112098508951401,-0.11038480472980884,-0.3968775661541211,-0.23530348322163114,-0.6513196786782329,0.7213979116619696,-0.3381255364733997,0.7507315572501567,0.5675149782457996,0.5338
1,1787600025.311322,7081,110.09,-422.56,-1386.25,-0.9061978250706241,-0.10096123978662974,-0.41062431722685083,-0.24542386729112137,-0.6652025900866531,0.7051756089839456,-0.34434376312217535,0.7398056110916942,0.5780268424529298,0.5361
1,1787600025.3716686,7084,109.89,-422.79,-1386.06,-0.9019308519770161,-0.09149513949135844,-0.42207745462352136,-0.2535294961387621,-0.6790159285452013,0.6889558500873066,-0.34963342637631106,0.7283996212460264,0.5892286983243484,0.5325
1,1787600025.4165485,7087,109.68,-423.11,-1385.84,-0.8983784688587634,-0.0819310336301986,-0.4315129574175859,-0.2602243762872645,-0.692169557844257,0.6731898522553573,-0.35383527336444026,0.7170694589242893,0.6005097754417816,0.5407000000000001
1,1787600025.476389,7093,109.37,-423.6,-1385.51,-0.8902281579210831,-0.06439475372499968,-0.4509402871080955,-0.2737980858346901,-0.7155229685466294,0.6426985994037009,-0.3640445508968574,0.6956149776815589,0.6193475339317899,0.5252
1,1787600025.536227,7096,109.19,-423.88,-1385.32,-0.8865147797552033,-0.056144124099898,-0.4592813762876071,-0.2790768618404364,-0.726854848080849,0.6275333736198099,-0.36906320659323016,0.6844924156997075,0.6286990395958159,0.5333
1,1787600025.5960655,7099,109.06,-424.1,-1385.2,-0.8829830703691931,-0.04781157096226188,-0.4669635436771413,-0.28458634424761164,-0.7365963500320276,0.6135441547168994,-0.37329815176233155,0.6746405493309866,0.6367955865811351,0.5219
1,1787600025.655905,7102,108.9,-424.35,-1385.04,-0.8785575171181753,-0.039605434007759996,-0.4759917002555864,-0.290914596546875,-0.7460137715479277,0.5990260012527044,-0.37882104829472707,0.66475172978932,0.6438942080116817,0.5175000000000001
1,1787600025.7157452,7105,108.76,-424.62,-1384.9,-0.8744555837126811,-0.029772599427237655,-0.4841911032196477,-0.2972218865949767,-0.7559470702942148,0.5832693863409225,-0.3833882917391155,0.6539553648659354,0.6521930684394187,0.5264
1,1787600025.775584,7111,108.4,-425.17,-1384.64,-0.8637804092289297,-0.009604499199149973,-0.5037768933044032,-0.3114879083132661,-0.7757050595416197,0.5488687853906056,-0.39605389482610687,0.6310225148096269,0.667047148405872,0.5276000000000001
1,1787600025.835424,7114,108.24000000000001,-425.52,-1384.5,-0.8571897179528267,0.0016561791156763492,-0.5149981014593067,-0.31994778390563716,-0.7853154645197402,0.5300122986875082,-0.4035581779741618,0.6190935941009902,0.6736942323734805,0.5205000000000001
1,1787600025.8952627,7117,108.03,-425.84000000000003,-1384.3700000000001,-0.8513685388499683,0.013769119088699178,-0.5243872828511303,-0.32705155069100866,-0.7955119504226907,0.510096088913935,-0.41013277636282214,0.6057814359108471,0.6817770586186629,0.5235000000000001
1,1787600025.955102,7120,107.9,-426.14,-1384.26,-0.8451293861009154,0.02579466026021669,-0.5339390941397245,-0.3345330475269822,-0.804589473608833,0.4906357295083296,-0.4169459927388672,0.5932709452349078,0.6886113742010652,0.5073
1,1787600026.0149415,7123,107.76,-426.45,-1384.21,-0.8392666400156127,0.03744728801587992,-0.542428988511086,-0.3412913876906355,-0.8128916978099313,0.47193990753049037,-0.4232631517686185,0.5812097626949699,0.6950133208097182,0.5135000000000001
1,1787600026.0747807,7129,107.44,-427.02,-1383.94,-0.8278684994381785,0.05720050514819111,-0.5579980733378659,-0.35265014462968586,-0.826672562235994,0.4384636248753578,-0.4362013561769842,0.5597683244494713,0.7045479400384271,0.5066
1,1787600026.1346202,7132,107.35000000000001,-427.28000000000003,-1383.88,-0.8227146321242271,0.06652914630355916,-0.5645480553334828,-0.3578873633252867,-0.8322167955274955,0.4234759029909739,-0.44165288322479207,0.5504444367364122,0.7084868755348698,0.5072
1,1787600026.1944594,7135,107.18,-427.51,-1383.78,-0.8171806592823521,0.07617839776198672,-0.5713253204692372,-0.3631679857143424,-0.8377675231320407,0.4077432909777827,-0.44757656802724527,0.5406869971615945,0.712272972148551,0.498
1,1787600026.2548041,7138,107.08,-427.8,-1383.71,-0.8118672005415968,0.08585436882696615,-0.5774951740387743,-0.3677420762904867,-0.8434574545134763,0.3915932682659509,-0.4534726166046995,0.5302910048067669,0.716347706222835,0.4949
1,1787600026.3146443,7141,106.93,-428.1,-1383.6200000000001,-0.8057746571747564,0.09702242667294853,-0.5842207207703234,-0.3733263954001607,-0.8490121191494208,0.37390617009476157,-0.4597331882216323,0.5193891318269013,0.7203334820676262,0.4874
1,1787600026.3744826,7147,106.7,-428.74,-1383.47,-0.7920058352189796,0.12065684783166335,-0.5984719559431443,-0.3839262730860597,-0.8606169700610242,0.3345729332705056,-0.47468660589207107,0.4947528230483467,0.7279369960871315,0.49810000000000004
1,1787600026.4343226,7150,106.59,-429.07,-1383.43,-0.7853407406656879,0.13316730772325652,-0.6045712441097477,-0.3892186388469181,-0.8656392410910724,0.3149246821978622,-0.48140292087275605,0.4826335798895593,0.7316529609987014,0.4908
1,1787600026.4947124,7153,106.45,-429.44,-1383.34,-0.7783149547688755,0.14579714187641832,-0.6107118998380421,-0.39430353077138003,-0.8704420266390458,0.2947124087678256,-0.4886210769137436,0.47018493349019397,0.734966374410745,0.4803
1,1787600026.5545518,7156,106.35000000000001,-429.73,-1383.28,-0.7710083012961746,0.15765248283138242,-0.617002345205825,-0.39861666598429085,-0.8750673516879279,0.2745211897275772,-0.4966396610541244,0.4576055339120986,0.7375270994350429,0.48210000000000003
1,1787600026.6143918,7159,106.28,-430.03000000000003,-1383.25,-0.7643844999527013,0.1695403163951573,-0.6220710709787819,-0.40292358754276614,-0.8788221026327603,0.25558617827613667,-0.5033576450534208,0.4460132207017682,0.7400697859833965,0.48260000000000003
1,1787600026.6742303,7165,106.11,-430.56,-1383.13,-0.7534701115225492,0.1889971537288355,-0.6297323772243222,-0.4093990683830641,-0.8843187983317825,0.22443855667890736,-0.5144659306983079,0.4269195928971062,0.743683042264171,0.4859
1,1787600026.7340703,7168,106.05,-430.79,-1383.1000000000001,-0.7496474314695762,0.19620535474537568,-0.6320855853919691,-0.4116763752812862,-0.8860385342117731,0.2132094696000011,-0.5182193459591493,0.4200466339123473,0.7449896206072792,0.4844
1,1787600026.793909,7171,105.98,-430.85,-1383.07,-0.7453194012591167,0.20205628440840095,-0.6353520662103992,-0.4140307980168503,-0.8872153799165962,0.20353714140908102,-0.5225681662714274,0.4147555033637547,0.744916360425247,0.4788
1,1787600026.8542564,7174,105.84,-430.96000000000004,-1382.99,-0.7432448989733815,0.20770510431149464,-0.6359603838235517,-0.41508061088075193,-0.8886712517450374,0.19486275373393008,-0.524685721761999,0.40880557232608705,0.7467147363044541,0.47440000000000004
1,1787600026.9140959,7177,105.78,-430.8,-1382.97,-0.7416774606699368,0.20974118826120935,-0.6371210075652588,-0.41587947130252373,-0.8890382164775026,0.19145577816204687,-0.5262687618349849,0.4069639831597847,0.7466066613199983,0.4768
1,1787600026.9743898,7183,105.65,-430.72,-1382.94,-0.7413667264644273,0.2093613058098609,-0.6376074188095754,-0.41582073413873694,-0.8890416674188687,0.19156730058493726,-0.5267527825761732,0.40715200751398467,0.7461626825469035,0.4807
1,1787600027.034229,7186,105.59,-430.76,-1382.8700000000001,-0.7414939247534768,0.20926680376802706,-0.6374905210231756,-0.4159140794135726,-0.8889114524042848,0.19196850869365448,-0.5264999886982392,0.4074847661265626,0.746159451642566,0.48460000000000003
1,1787600027.0945766,7189,105.62,-430.75,-1382.91,-0.7411068536805757,0.20920380136796304,-0.6379611280641415,-0.41592543090618783,-0.8889737698953343,0.19165508697548217,-0.5270357363150815,0.4073811555917524,0.7458377348428735,0.4812
1,1787600027.154416,7192,105.62,-430.77,-1382.88,-0.7413667264644273,0.2093613058098609,-0.6376074188095754,-0.41582073413873694,-0.8890416674188687,0.19156730058493726,-0.5267527825761732,0.40715200751398467,0.7461626825469035,0.47840000000000005
1,1787600027.214257,7195,105.60000000000001,-430.73,-1382.88,-0.7415958093290406,0.20938285003866872,-0.6373338824315633,-0.4158580280999939,-0.8889660283079663,0.1918371730899537,-0.5264007561263473,0.4073060552263427,0.7463270203641066,0.48250000000000004
1,1787600027.2740955,7201,105.59,-430.75,-1382.88,-0.7418044030913717,0.20931772397757517,-0.6371124845606946,-0.41558994525016507,-0.8891052339257939,0.1917729918750921,-0.5263185584427157,0.40703559234372483,0.7465325187854677,0.4801
1,1787600027.333934,7204,105.65,-430.75,-1382.93,-0.7414091190335853,0.20932503048132695,-0.6375700352336472,-0.4155514252949872,-0.8892289762165128,0.1912820974169747,-0.5269056188248018,0.40676142819953304,0.746267786642254,0.4848
1,1787600027.3938067,7207,105.59,-430.75,-1382.88,-0.7421537702948219,0.20943398328488003,-0.6366672505183609,-0.4151737194811228,-0.8893806657641468,0.19139700629093695,-0.5261545057199365,0.4063735203114883,0.7470087001503114,0.4843
1,1787600027.4536142,7210,105.64,-430.73,-1382.93,-0.7414259616998192,0.2091846523304656,-0.6375965217493584,-0.4156511036905332,-0.8891059260417851,0.19163718918367892,-0.526803287118009,0.40710248526232534,0.7461540478848175,0.4798
1,1787600027.5134542,7213,105.62,-430.77,-1382.89,-0.742080738927878,0.20933482909502515,-0.6367849764559548,-0.4155847247087409,-0.8890500063056814,0.19204015954124637,-0.5259329933565817,0.40714741263530585,0.7467432429445622,0.47490000000000004
1,1787600027.5732918,7219,105.63,-430.77,-1382.9,-0.7418266413819736,0.20952362055030513,-0.6370189059733097,-0.4153982332145087,-0.8893101070837698,0.1912376565452486,-0.5264385453005936,0.40648171652627324,0.7467496716783003,0.4818
1,1787600027.633131,7222,105.60000000000001,-430.73,-1382.91,-0.7413155933774743,0.20913881041798849,-0.637739875648647,-0.4156573446807491,-0.8891129543009072,0.19159103921442083,-0.5269536628854115,0.40711068823019303,0.7460433799052081,0.48360000000000003
1,1787600027.6929703,7225,105.64,-430.76,-1382.9,-0.7413583011760497,0.20943149805956088,-0.6375941631617167,-0.41577090794210875,-0.8891032052116955,0.1913897661613192,-0.5268039686509168,0.4069814960201729,0.7462195658858228,0.4878
1,1787600027.75281,7228,105.60000000000001,-430.73,-1382.9,-0.7420298994002272,0.2094414076295885,-0.6368091748445727,-0.4158040875535517,-0.8889241525738489,0.1921478902944894,-0.5258313314836299,0.4073673375971635,0.7466948929041577,0.4776
1,1787600027.8126493,7231,105.63,-430.76,-1382.9,-0.74194847153394,0.2094122118770018,-0.6369136449356632,-0.41616517572594,-0.8886544147972681,0.1926132850410958,-0.5256605483593454,0.40797041140027135,0.7464858547356711,0.4792
1,1787600027.8725173,7237,105.62,-430.75,-1382.91,-0.7415108015577571,0.20912645012626538,-0.637516948034136,-0.4160136175526608,-0.8887881331018084,0.1923234891222353,-0.5263975695079919,0.4078256763802259,0.746045452034318,0.48350000000000004
1,1787600027.9323277,7240,105.62,-430.75,-1382.92,-0.7413751563770566,0.20929111394671018,-0.6376206608398447,-0.4158705487708293,-0.8889800958507872,0.1917448196071401,-0.526701589300758,0.40732249975181906,0.7461057679873445,0.48400000000000004
1,1787600027.992664,7243,105.61,-430.75,-1382.91,-0.742190944418326,0.2093806773790689,-0.6366414485122026,-0.41557840936044393,-0.8890429875159107,0.19208631398990217,-0.5257824528232913,0.40713916329563066,0.7468537433889297,0.48460000000000003
1,1787600028.0525029,7246,105.63,-430.75,-1382.92,-0.7416126707630974,0.20924252373067573,-0.637360347704847,-0.4159575560842097,-0.8888427691764514,0.1921922038460173,-0.5262983546431409,0.40764702617038073,0.7462130687373195,0.48950000000000005
1,1787600028.1123428,7249,105.61,-430.74,-1382.91,-0.7413360621936568,0.20922534385546598,-0.6376876965880438,-0.4159627605952212,-0.888898075870594,0.19192496583706484,-0.5266837995317547,0.4075352330806722,0.7460021508740284,0.48560000000000003
1,1787600028.172182,7255,105.62,-430.74,-1382.91,-0.7418044030913717,0.20931772397757517,-0.6371124845606946,-0.41558994525016507,-0.8891052339257939,0.1917729918750921,-0.5263185584427157,0.40703559234372483,0.7465325187854677,0.4853
1,1787600028.2320213,7258,105.61,-430.75,-1382.9,-0.7414854932817893,0.20933698118062422,-0.6374772870956616,-0.41586429299144245,-0.8889730614145012,0.19179099534143226,-0.5265511875092387,0.4073142820838874,0.7462164046327967,0.4827
1,1787600028.2918599,7261,105.63,-430.74,-1382.9,-0.7414566385783153,0.20932056668098473,-0.6375162378108473,-0.4155090646269898,-0.889249331878707,0.19127948914109197,-0.5268721574736603,0.4067192227048342,0.7463144133416064,0.48350000000000004
1,1787600028.3516881,7264,105.61,-430.76,-1382.9,-0.7419146706928381,0.20936356366919476,-0.636969009935705,-0.41558366629780036,-0.8890982135624002,0.1918191412415009,-0.5261680698381609,0.4070273514739315,0.746643085707556,0.48910000000000003
1,1787600028.3965678,7267,105.63,-430.75,-1382.94,-0.7417619944912364,0.2093541211582171,-0.6371499003236629,-0.415859101134691,-0.8889177972974154,0.1920582142251619,-0.5261657072936528,0.4074260688787376,0.7464272549057867,0.4837
1,1787600028.4566498,7270,105.62,-430.75,-1382.89,-0.7418891006760354,0.20925975541834896,-0.6370329010815345,-0.41595222257992354,-0.8887874457460038,0.1924594108250268,-0.5259128357712192,0.4077587902750196,0.7464237791794467,0.48400000000000004
1,1787600028.51649,7273,105.63,-430.74,-1382.91,-0.7420639299965112,0.2094750136408634,-0.6367584647716062,-0.4154852669773565,-0.889173118134448,0.19168505135199723,-0.5260352808727641,0.4068063232635687,0.7468570804577601,0.4858
1,1787600028.561905,7276,105.62,-430.75,-1382.92,-0.7416211084075286,0.20917236116776564,-0.6373735599221939,-0.416007302723524,-0.8887810889705382,0.19236969607774154,-0.5262471431229694,0.4078174827197164,0.7461560461076937,0.47900000000000004
1,1787600028.6217444,7282,105.62,-430.76,-1382.92,-0.7416941146108855,0.20927188590312376,-0.6372559282753867,-0.41559621509458966,-0.8891122556184837,0.19172684451600344,-0.5264690174650606,0.40704382402827605,0.7464219309276837,0.4828
1,1787600028.6815841,7285,105.61,-430.74,-1382.91,-0.7411748727076463,0.20928586712948097,-0.6378551825349275,-0.41618842593845085,-0.8887791850778992,0.19198633880341612,-0.5267323819376201,0.40776339462012373,0.7458431549771,0.4796
1,1787600028.7414231,7288,105.63,-430.75,-1382.9,-0.7414854932817893,0.20933698118062422,-0.6374772870956616,-0.41586429299144245,-0.8889730614145012,0.19179099534143226,-0.5265511875092387,0.4073142820838874,0.7462164046327967,0.47940000000000005
1,1787600028.8017676,7291,105.62,-430.74,-1382.9,-0.7417025336584332,0.20920173857733493,-0.6372691614544683,-0.415645995891581,-0.8890506831696833,0.19190437424617313,-0.5264178546211713,0.407214335862258,0.7463650092309417,0.4837
1,1787600028.8616078,7294,105.62,-430.75,-1382.89,-0.7419146706928381,0.20936356366919476,-0.636969009935705,-0.41558366629780036,-0.8890982135624002,0.1918191412415009,-0.5261680698381609,0.4070273514739315,0.746643085707556,0.48360000000000003
1,1787600028.921469,7300,105.62,-430.74,-1382.89,-0.7418806722649575,0.2093298768195666,-0.6370196784954134,-0.41590251699057273,-0.8888491226340127,0.19228191166527392,-0.5259640334477265,0.4075883215493924,0.7464808072924232,0.4828
1,1787600028.9812858,7303,105.62,-430.75,-1382.89,-0.7409287420299913,0.209404798054236,-0.6381020527985469,-0.4160513728998764,-0.8889780904526394,0.19136146373632065,-0.5271867357416942,0.4072684437162347,0.745792571973584,0.4827
1,1787600029.041125,7306,105.62,-430.74,-1382.9,-0.7418806722649575,0.2093298768195666,-0.6370196784954134,-0.41590251699057273,-0.8888491226340127,0.19228191166527392,-0.5259640334477265,0.4075883215493924,0.7464808072924232,0.4748
1,1787600029.1009643,7309,105.62,-430.75,-1382.9,-0.7415245717902993,0.20940270025058433,-0.6374102435315716,-0.41577210751100485,-0.889055027299767,0.19161083750369703,-0.5265689546935624,0.4071015445325339,0.7463199504181529,0.48040000000000005
1,1787600029.1458457,7312,105.63,-430.75,-1382.91,-0.7414346544978782,0.20944344392816716,-0.6375014485513901,-0.4160836865105064,-0.8888471649192723,0.19189862749587014,-0.5264494457490089,0.40753424544506783,0.7461680908884275,0.4824
1,1787600029.2056837,7315,105.61,-430.81,-1382.8600000000001,-0.7418806722649575,0.2093298768195666,-0.6370196784954134,-0.41590251699057273,-0.8888491226340127,0.19228191166527392,-0.5259640334477265,0.4075883215493924,0.7464808072924232,0.4788
1,1787600029.2655234,7318,105.62,-430.74,-1382.8700000000001,-0.7418128190771215,0.2092475907192218,-0.637125723253311,-0.415639709400361,-0.889043657807072,0.1919505313423362,-0.5262673972634415,0.4072061152429107,0.7464755898797629,0.4721
1,1787600029.3104024,7321,105.56,-430.68,-1382.88,-0.7418212396785053,0.20917745784865657,-0.6371389483384445,-0.41568946199160633,-0.8889820479177587,0.19212805539295064,-0.5262162288935742,0.407376618877325,0.7464186297521682,0.47650000000000003
1,1787600029.3702416,7327,105.58,-430.76,-1382.8600000000001,-0.7417959917222121,0.2093878576195456,-0.6370992322600588,-0.4155401695428745,-0.8891667762669261,0.19159543700036544,-0.5263697124276231,0.4068650501881168,0.7465894164628121,0.4808
1,1787600029.4300823,7330,105.61,-430.76,-1382.9,-0.7418044030913717,0.20931772397757517,-0.6371124845606946,-0.41558994525016507,-0.8891052339257939,0.1917729918750921,-0.5263185584427157,0.40703559234372483,0.7465325187854677,0.4807
1,1787600029.4899206,7333,105.58,-430.68,-1382.88,-0.7420555324491332,0.20954510647836433,-0.6367451885272507,-0.41543552078453266,-0.8892346233778374,0.19150747415325545,-0.5260864138448335,0.4066357497036465,0.7469139523605354,0.48160000000000003
1,1787600029.5497622,7336,105.79,-430.88,-1382.98,-0.7418212396785053,0.20917745784865657,-0.6371389483384445,-0.41568946199160633,-0.8889820479177587,0.19212805539295064,-0.5262162288935742,0.407376618877325,0.7464186297521682,0.4781
1,1787600029.594639,7339,105.63,-430.76,-1382.88,-0.7419230836169147,0.20929344448140846,-0.6369822541432972,-0.41563341379839436,-0.8890366337744808,0.1919966904434354,-0.5261169103257004,0.40719788543661084,0.7465861495937972,0.48400000000000004
1,1787600029.6544785,7342,105.74000000000001,-430.92,-1382.94,-0.7423011289988405,0.20942652727476813,-0.6364978896749599,-0.41557208489967573,-0.8890359700578561,0.1921324704349146,-0.52563188272705,0.40713090476764036,0.7469642228674003,0.47500000000000003
1,1787600029.7143557,7345,105.63,-430.79,-1382.91,-0.7418554147131147,0.20954024335248483,-0.6369799291002931,-0.4157533308417007,-0.8890339507329277,0.19174932161088362,-0.5261175833925952,0.4070767997073576,0.7466517043341907,0.4763
1,1787600029.774363,7351,105.74000000000001,-430.63,-1383.0,-0.7415023608457854,0.20919662674851655,-0.6375037413358203,-0.41596385426793014,-0.8888498096310523,0.1921460066236358,-0.5264487826965647,0.4076552308947893,0.7461024674409146,0.47640000000000005
1,1787600029.8340783,7354,105.8,-430.51,-1383.06,-0.7420754457438314,0.2089887801369012,-0.6369047986952081,-0.4158755899183753,-0.8887211873191129,0.19293041470993996,-0.5257104968841091,0.40804208237263473,0.7464115034475732,0.47390000000000004
1,1787600029.8939173,7357,105.71000000000001,-430.47,-1383.02,-0.7420754457438314,0.2089887801369012,-0.6369047986952081,-0.4158755899183753,-0.8887211873191129,0.19293041470993996,-0.5257104968841091,0.40804208237263473,0.7464115034475732,0.47350000000000003
1,1787600029.9537601,7360,105.79,-430.36,-1383.1200000000001,-0.742083883265244,0.20891867739034856,-0.636917966802196,-0.41592525139086095,-0.8886594013231809,0.19310788097686446,-0.5256592959830778,0.4082125116619935,0.7463543728478998,0.47700000000000004
1,1787600030.0135984,7363,105.71000000000001,-430.23,-1383.06,-0.7417056877537035,0.20878522682551667,-0.6374020723320747,-0.41598687146118846,-0.8886600827888337,0.1929719669529127,-0.5261440824771656,0.40827929939829294,0.7459761511986162,0.4798
1,1787600030.058983,7366,105.74000000000001,-430.11,-1383.08,-0.7430538444771356,0.20763021324138922,-0.6362080467559995,-0.4154479457316293,-0.8884075450344978,0.19528194569172524,-0.5246655969235242,0.40941632658592403,0.7463941873633326,0.4796
1,1787600030.118783,7372,105.75,-429.84000000000003,-1383.1000000000001,-0.7471708131853921,0.20054992811934502,-0.63365250907355,-0.4131663563567341,-0.8869407494800039,0.20646953500879758,-0.5206047809027304,0.4160719087407541,0.7455567241049105,0.4807
1,1787600030.1786227,7375,105.79,-429.73,-1383.1200000000001,-0.7491861772724043,0.19610976923921822,-0.6326618608647927,-0.41205476784271616,-0.8858256435375942,0.21336306510099756,-0.5185855185811181,0.42053999531572245,0.7444562930473523,0.47600000000000003
1,1787600030.2384627,7378,105.83,-429.49,-1383.14,-0.7518436856442923,0.19138748534176078,-0.630953170062061,-0.4109450760043938,-0.8843605795966232,0.22142834001831763,-0.5156114979949049,0.4257665976918363,0.7435506623125072,0.4824
1,1787600030.2983017,7381,105.86,-429.27,-1383.18,-0.7545687066742034,0.18670344121985052,-0.6291008599141202,-0.4094466553944707,-0.8831225923875478,0.22901511566047023,-0.5128152720954217,0.43039088263038616,0.7428217719307478,0.4813
1,1787600030.3432028,7384,105.88,-429.18,-1383.17,-0.7584377669164694,0.18171483968638136,-0.6259008473812061,-0.4069363731991565,-0.8821788507494336,0.23698789728153938,-0.5090922724637215,0.4344423924160272,0.7430241354017797,0.48950000000000005
1,1787600030.4030206,7387,105.87,-429.02,-1383.15,-0.760032717836437,0.17759802625538762,-0.6251473497411226,-0.4058653891442986,-0.8809928508650731,0.2431560869470022,-0.5075663047454055,0.4385322539960107,0.7416642828748546,0.48150000000000004
1,1787600030.4628632,7390,105.95,-429.14,-1383.16,-0.7630030299811961,0.17523102848940103,-0.6221900536765762,-0.4034655928804174,-0.8811326471926847,0.24661868017825603,-0.5050167240806658,0.43920307911689144,0.7430065704238924,0.48700000000000004
1,1787600030.5227036,7396,106.23,-429.52,-1382.96,-0.7738470482143174,0.17779661501422028,-0.6079055104697383,-0.393128950651448,-0.8873618339013809,0.2409120252184803,-0.4965988060091158,0.4254143150208552,0.756579332552547,0.4786
1,1787600030.5825422,7399,106.44,-429.66,-1382.78,-0.7817690081098616,0.18014811590808372,-0.5969789563239989,-0.3856190096250038,-0.892017180413241,0.2358035819563457,-0.49003591437235966,0.41455036627939373,0.7668199243909004,0.4859
1,1787600030.6274564,7402,106.63,-429.86,-1382.64,-0.7886744337089346,0.18300333512559433,-0.5869432825638269,-0.37855531093712075,-0.8967888659337913,0.229053719678341,-0.48444660611381185,0.4028393094896446,0.7765513354278102,0.4857
1,1787600030.6872602,7405,106.82000000000001,-429.99,-1382.54,-0.7947646834163703,0.1854902575462789,-0.5778775496153936,-0.3723704504710936,-0.9009072543111803,0.2229492470169949,-0.47925916330314583,0.392376711190796,0.7850803595206438,0.4878
1,1787600030.7471988,7408,107.0,-430.11,-1382.44,-0.8004798488437639,0.18842237279107743,-0.5689718982751653,-0.36675728900254473,-0.9048111544629536,0.2163466332599624,-0.47404757415112736,0.38185571121982326,0.7933883747889391,0.4737
1,1787600030.792078,7411,107.10000000000001,-429.92,-1382.3500000000001,-0.8061640688317233,0.19015898560634897,-0.5603026452889946,-0.3617781279814839,-0.9077332268374123,0.2124546422405316,-0.46820516895789777,0.3739785409465409,0.8005772733925208,0.48850000000000005
1,1787600030.85211,7414,107.23,-429.72,-1382.3600000000001,-0.8098730266875,0.18997929759685028,-0.5549896820019588,-0.35784596196727264,-0.9096762677484139,0.21079695301173954,-0.4648138854936943,0.3693195829900218,0.8047055967696082,0.48460000000000003
1,1787600030.9119487,7417,107.27,-429.7,-1382.3600000000001,-0.8111741165895142,0.18929701499800225,-0.553320153878446,-0.35652094198510914,-0.9100758014535743,0.21131695041970688,-0.4635616145684105,0.368685063057185,0.8057182843756543,0.47890000000000005
1,1787600030.957333,7420,107.5,-429.61,-1382.51,-0.8123243676936939,0.1859546521046793,-0.5527657632412378,-0.35529027091721577,-0.9094127219819482,0.2161881691697195,-0.46249102158054045,0.3720072155993906,0.804805993081175,0.48500000000000004
1,1787600031.017173,7426,107.54,-429.19,-1382.55,-0.821028815008205,0.1697223093082453,-0.5450743276373406,-0.3473724092197049,-0.9062119201445993,0.24106506404026334,-0.45303873370730735,0.3872651462640483,0.8029829464253676,0.4874
1,1787600031.077516,7429,107.69,-429.35,-1382.52,-0.8264772233379558,0.16128804502509253,-0.539371454412974,-0.34183004143647794,-0.905021440282129,0.2531568987825472,-0.44731154923064403,0.3936017773862877,0.8031127061398272,0.49060000000000004
1,1787600031.137356,7432,107.81,-429.74,-1382.41,-0.8320712332529643,0.15734144332068647,-0.5318845109670465,-0.3356185926536513,-0.9062786856269603,0.2569418304664533,-0.44160799704950265,0.39230423677553156,0.8068951373938835,0.4912
1,1787600031.1972241,7435,108.10000000000001,-429.95,-1382.3500000000001,-0.8384338600734471,0.15829293751464876,-0.5215093558272208,-0.3284238964137826,-0.9103810276750678,0.25168259517431163,-0.4349326459886959,0.3822953444423185,0.8152814624845831,0.48560000000000003
1,1787600031.2420752,7438,108.41,-430.17,-1382.3500000000001,-0.8460939791965879,0.16191345713870256,-0.5078474286285967,-0.3200903040150428,-0.9161721039832764,0.24118638676014517,-0.4262243254940309,0.3666233875249237,0.8269946288077741,0.4837
1,1787600031.3019135,7441,108.67,-430.6,-1382.15,-0.8503463425930531,0.1688076813006045,-0.49841254435711385,-0.31424706659108437,-0.9226191860928562,0.22365736874123907,-0.422089894190227,0.3468109055195202,0.8375931691669969,0.47150000000000003
1,1787600031.361753,7444,108.94,-431.11,-1382.1000000000001,-0.8485879025428666,0.17787994198603901,-0.4982542502547687,-0.3137329479471625,-0.927514194187142,0.20319708894017102,-0.4259932030329608,0.3287493662661879,0.8428841232039542,0.46950000000000003
1,1787600031.421593,7450,109.10000000000001,-432.07,-1381.9,-0.8491668280962962,0.20924178211510389,-0.4849057379307559,-0.31850347582910915,-0.9353003046144607,0.15417157997787223,-0.42127334824986445,0.285361554532829,0.8608702278792988,0.44930000000000003
1,1787600031.4814317,7453,109.26,-432.5,-1381.93,-0.8429322696477543,0.2285468932343751,-0.48706417069971447,-0.32693770928084265,-0.9365622016903422,0.12634467386927525,-0.42729020938547213,0.26573964694387153,0.8641791000744381,0.44480000000000003
1,1787600031.5263114,7456,109.17,-433.01,-1382.03,-0.8352812949095575,0.24676611683233152,-0.4913365872370028,-0.3349686790612066,-0.9370303205520776,0.09884413191515742,-0.4360058972332865,0.24714502210152395,0.8653428197126466,0.43860000000000005
1,1787600031.586151,7459,109.15,-433.33,-1382.04,-0.8282404337761056,0.2635816713317125,-0.4945123723390042,-0.3427290562275245,-0.9364447552108246,0.07488667742348751,-0.44334476186796123,0.23150793285786161,0.8659385077175635,0.45940000000000003
1,1787600031.6459901,7462,109.21000000000001,-433.69,-1382.1200000000001,-0.8233113931208965,0.2765983149908048,-0.4956326483410635,-0.34836984992020187,-0.9356511001661691,0.056528456766601495,-0.4481035568079155,0.2192039938096135,0.8666907242344355,0.5003000000000001
1,1787600031.69087,7465,109.13,-433.83,-1382.07,-0.819278854176812,0.2854854323138667,-0.49727278935740576,-0.3519819358077827,-0.935013386066696,0.04311246619131742,-0.45264873352715357,0.21035217092451447,0.8665224106874603,0.4433
1,1787600031.7507098,7468,109.13,-434.04,-1382.07,-0.8171938227648851,0.2913439854112086,-0.49730567883307675,-0.3542977206513454,-0.9344874459439425,0.03473238423184456,-0.4546068424212014,0.20457735832168894,0.8668798782333942,0.4312
1,1787600031.8105485,7471,109.15,-434.18,-1382.1100000000001,-0.8161474767094622,0.29473099224603266,-0.4970281063183919,-0.35544069278378754,-0.9342278570580821,0.029668586249510326,-0.45559325079961277,0.20087795624789814,0.8672270962784249,0.45130000000000003
1,1787600031.8703876,7477,109.37,-434.36,-1382.09,-0.8188730738719845,0.2982075894485278,-0.49042748952596993,-0.35412802465586274,-0.9349187684778425,0.0228087373874752,-0.4517081259406164,0.19235157899838626,0.8711834703528549,0.44930000000000003
1,1787600031.930227,7480,109.37,-434.29,-1382.02,-0.8217662854535711,0.29799295137098947,-0.48569576179440477,-0.3519060231343692,-0.9357939325968976,0.021257154009561154,-0.4481766649141751,0.1883876764760384,0.8738694183791801,0.4581
1,1787600031.9756129,7483,109.47,-434.42,-1381.92,-0.8257751924203593,0.2976571551907844,-0.4790569376878369,-0.34917313145206497,-0.9368493152753702,0.019785973315188513,-0.44291472752108585,0.18361257699787265,0.8775608045674799,0.4923
1,1787600032.0359561,7486,109.54,-434.39,-1381.8600000000001,-0.8276375292918777,0.2976010767328168,-0.475867333649941,-0.34772484579379237,-0.937413624719084,0.018523709366959358,-0.44057184626950413,0.18080181226551995,0.8793219848020315,0.5464
1,1787600032.0957956,7489,109.55,-434.51,-1381.8,-0.8296480329796816,0.2970985097917357,-0.47266966990962617,-0.3459323089204846,-0.9380953236832801,0.017549966624021404,-0.43819513805824845,0.17807200555699867,0.8810649135103615,0.5398000000000001
1,1787600032.1406758,7492,109.57000000000001,-434.54,-1381.8600000000001,-0.8295846752165192,0.2973302653563884,-0.4726351446401358,-0.3460675433476232,-0.93804988697421,0.017310834440113894,-0.4382083090120991,0.17792448637208916,0.8810881653171748,0.4872
1,1787600032.2005146,7495,109.47,-434.47,-1381.82,-0.8299676765285677,0.2973540536750475,-0.47194726684322225,-0.3461042532194726,-0.9380300854333684,0.017646663289659706,-0.43745342817397354,0.17798911647874543,0.8814501532100121,0.49670000000000003
1,1787600032.2609692,7498,109.43,-434.48,-1381.79,-0.8288861640606351,0.29718494935625556,-0.4739502430687908,-0.3468071248812649,-0.9377536151432666,0.018519595495719753,-0.43894480878629466,0.17971995760586576,0.8803568547343226,0.5075000000000001
1,1787600032.3208091,7504,109.48,-434.48,-1381.78,-0.8295864188450396,0.29727953552868025,-0.4726639942112313,-0.3461116901595693,-0.9380300575424322,0.017501687970818046,-0.4381701400172644,0.17811369656147638,0.881068918697316,0.5021
1,1787600032.3806474,7507,109.39,-434.41,-1381.76,-0.8288808501925524,0.2973375994556637,-0.4738637864766781,-0.3466744736843999,-0.9378137912653842,0.01794720613607271,-0.43905961494962814,0.17915257425554823,0.8804152484242276,0.5034000000000001
1,1787600032.4255273,7510,109.49000000000001,-434.48,-1381.82,-0.8295864188450396,0.29727953552868025,-0.4726639942112313,-0.3461116901595693,-0.9380300575424322,0.017501687970818046,-0.4381701400172644,0.17811369656147638,0.881068918697316,0.502
1,1787600032.4853673,7513,109.38,-434.44,-1381.74,-0.8294956705283577,0.2973566049262102,-0.4727747688714661,-0.3460170860156865,-0.9380726318938419,0.017085475614497088,-0.4384165927059826,0.1777604759177875,0.8810176527411687,0.4995
1,1787600032.5452082,7516,109.49000000000001,-434.48,-1381.79,-0.8295881658466285,0.29722880079359115,-0.47269283373669885,-0.34615582914397913,-0.9380101897503985,0.0176925372421684,-0.43813196303952884,0.17830289931244775,0.8810496348446571,0.4909
1,1787600032.5900881,7519,109.39,-434.45,-1381.75,-0.8296462899228828,0.29714923947559446,-0.472640839429129,-0.3458881587863665,-0.9381151544506604,0.01735910715995707,-0.4382332885901905,0.17788278856901618,0.8810841607374051,0.4954
1,1787600032.6504326,7522,109.46000000000001,-434.46000000000004,-1381.76,-0.8290590679896122,0.29725979050592993,-0.47360075879644264,-0.3463805075063246,-0.9379279444397057,0.01765545407994546,-0.4389551296019407,0.1786834854917452,0.8805626645552629,0.5249
1,1787600032.7102723,7525,109.42,-434.47,-1381.78,-0.8290555600042407,0.29736145831773836,-0.4735430725216057,-0.3462920482380951,-0.9379677138664897,0.017273826186913123,-0.43903154300473624,0.17830516215527484,0.8806012567533967,0.502
1,1787600032.770616,7531,109.45,-434.46000000000004,-1381.73,-0.8291993463310315,0.29735732877411497,-0.4732938443171565,-0.3459863056619164,-0.938089423936068,0.016784188801215013,-0.4390010482203987,0.1776706270704833,0.8807447007718935,0.5317000000000001
1,1787600032.8304553,7534,109.43,-434.47,-1381.8,-0.8289407489958027,0.29720750334859114,-0.4738406215253973,-0.3464509314953441,-0.9378991101636319,0.017804808908713655,-0.43912297448469484,0.17892165634032292,0.880430607244063,0.5015000000000001
1,1787600032.8758411,7537,109.5,-434.47,-1381.79,-0.8299352233964916,0.2973512600829465,-0.4720060943387272,-0.34574222193416837,-0.9381773884450308,0.016896857177763673,-0.4378011431435964,0.17721573275966612,0.8814333458206666,0.5163
1,1787600032.9356792,7540,109.38,-434.47,-1381.71,-0.8294939328400905,0.2974073422647339,-0.4727459023074729,-0.34597290559520427,-0.9380923836859728,0.016894622350952675,-0.4384547456414301,0.1775712601672828,0.8810368230596903,0.48650000000000004
1,1787600032.9955187,7543,109.44,-434.48,-1381.8,-0.8294974115916774,0.29730586267499176,-0.4728036253898505,-0.34606125861358433,-0.938052841738477,0.01727632464240451,-0.4383784317795403,0.17794968425216934,0.8809984451887893,0.4938
1,1787600033.0404,7546,109.41,-434.45,-1381.79,-0.829232052580162,0.2973595540162981,-0.47323514092776287,-0.3463488458963115,-0.9379419201339931,0.017533721842522037,-0.43865325704932856,0.17844396905075313,0.8807616419834763,0.5034000000000001
1,1787600033.1002376,7549,109.44,-434.46000000000004,-1381.79,-0.829789899801564,0.29740661606962304,-0.47222666898993126,-0.3460035560429393,-0.938075604660761,0.01719590491914005,-0.4378701421574104,0.1776610949486787,0.8813094087485313,0.5003000000000001
1,1787600033.160077,7552,109.45,-434.40000000000003,-1381.81,-0.830234201898489,0.2972492688660229,-0.47154431621703774,-0.34586083988792465,-0.9381211158429332,0.017579858976366627,-0.43714007987142767,0.17768411343793353,0.8816671176820519,0.49560000000000004
1,1787600033.2049572,7555,109.45,-434.44,-1381.8,-0.8295881658466285,0.29722880079359115,-0.47269283373669885,-0.34615582914397913,-0.9380101897503985,0.0176925372421684,-0.43813196303952884,0.17830289931244775,0.8810496348446571,0.4954
1,1787600033.2648203,7561,109.4,-434.5,-1381.75,-0.8292045787951254,0.2972049162493038,-0.47338040122341635,-0.3461190094069602,-0.9380300507246437,0.01735670661924771,-0.4388865432345162,0.17823821614560215,0.8806870843113862,0.4979
1,1787600033.3246357,7564,109.45,-434.46000000000004,-1381.77,-0.8295864188450396,0.29727953552868025,-0.4726639942112313,-0.3461116901595693,-0.9380300575424322,0.017501687970818046,-0.4381701400172644,0.17811369656147638,0.881068918697316,0.5011
1,1787600033.3844745,7567,109.37,-434.47,-1381.7,-0.8297951238342489,0.2972545603735404,-0.47231322107054835,-0.3461358644046101,-0.9380161218786424,0.01776846838152678,-0.43775565768334374,0.1782287334659739,0.8812516682159177,0.49350000000000005
1,1787600033.444315,7570,109.43,-434.44,-1381.79,-0.8292045787951254,0.2972049162493038,-0.47338040122341635,-0.3461190094069602,-0.9380300507246437,0.01735670661924771,-0.4388865432345162,0.17823821614560215,0.8806870843113862,0.5024000000000001
1,1787600033.4891937,7573,109.39,-434.46000000000004,-1381.76,-0.8292080840080036,0.29710328337277064,-0.47343805553091595,-0.34620743942774307,-0.9379902767784573,0.01773836390309734,-0.43881016658762717,0.17861657167853212,0.8806484872076636,0.4938
1,1787600033.5490332,7576,109.47,-434.45,-1381.8,-0.8294136135718876,0.2971799224879531,-0.4730297573004024,-0.3461433251927873,-0.9380161039023327,0.01762348559077552,-0.4384721838909553,0.1783532519746757,0.8808701728767718,0.5011
1,1787600033.6088722,7579,109.34,-434.44,-1381.7,-0.8295881658466285,0.29722880079359115,-0.47269283373669885,-0.34615582914397913,-0.9380101897503985,0.0176925372421684,-0.43813196303952884,0.17830289931244775,0.8810496348446571,0.49820000000000003
1,1787600033.6687117,7585,109.44,-434.38,-1381.8,-0.8293193803473778,0.29738401217514226,-0.47306671271910056,-0.3463551184570735,-0.9379389574734904,0.017568266053547294,-0.43848317789720015,0.17841878083922819,0.880851429779742,0.5006
1,1787600033.7285507,7588,109.46000000000001,-434.47,-1381.79,-0.8298840331472849,0.2972283033919496,-0.47217351385898315,-0.3461861606607184,-0.9379932640612366,0.0179938529153288,-0.43754729309434365,0.1783927471577539,0.8813219582350836,0.5024000000000001
1,1787600033.7734308,7591,109.43,-434.43,-1381.76,-0.8295829349612759,0.29738099027352066,-0.47260628502483526,-0.34602338871055,-0.9380696780433644,0.01711997666137851,-0.43824647002149747,0.17773526875541248,0.881107374701936,0.4954
1,1787600033.833271,7594,109.44,-434.49,-1381.77,-0.8296154978251152,0.2973835273248553,-0.4725475250641074,-0.3463855487359505,-0.9379220261998322,0.01786965013915642,-0.43789859259340014,0.17850857246930302,0.8811240049843672,0.49250000000000005
1,1787600033.8936498,7597,109.41,-434.38,-1381.76,-0.8292373248904996,0.2972071341803417,-0.4733216437062183,-0.3464813918009915,-0.9378820878799111,0.01810619699623702,-0.4385386005177831,0.17901147624196354,0.8807035751202427,0.497
1,1787600033.9385293,7600,109.44,-434.46000000000004,-1381.78,-0.8289337270915488,0.29741094804542056,-0.47372524111856007,-0.34627390868376895,-0.9379786600384591,0.017041522153900774,-0.4392758316308542,0.17816498335863087,0.8805077980630497,0.5034000000000001
1,1787600033.9982667,7603,109.41,-434.42,-1381.78,-0.8292355640741138,0.29725794569259056,-0.4732928195074452,-0.3464372176719012,-0.9379020703177116,0.017915376231102034,-0.4385768273477726,0.1788223146488465,0.880722967962793,0.496
1,1787600034.0581052,7606,109.45,-434.48,-1381.77,-0.8296736533840057,0.2973039519254352,-0.47249549103663957,-0.34611795060670075,-0.9380271028203678,0.017536209460550834,-0.43799999217837216,0.17808850199815082,0.8811586079178937,0.49570000000000003
1,1787600034.1179457,7612,109.45,-434.44,-1381.77,-0.8295899162210776,0.29717806115431666,-0.472721663215117,-0.3461999602984449,-0.9379902836004813,0.017883382242843415,-0.4380937780814291,0.17849209461387838,0.8810303137615014,0.49770000000000003
1,1787600034.1784303,7615,109.41,-434.46000000000004,-1381.75,-0.8298532535559987,0.29717490805376,-0.4722612111805947,-0.34586827858846864,-0.9381210768550002,0.017434994312132003,-0.4378569531579605,0.17780865891079065,0.8812862017458196,0.4955
1,1787600034.223332,7618,109.36,-434.42,-1381.73,-0.82976435376658,0.29722695966999274,-0.472384643763599,-0.34621240300568307,-0.9379843714435383,0.017952463137428435,-0.43775345712325364,0.1784417366341258,0.8812096557594208,0.5004000000000001
1,1787600034.283177,7621,109.35000000000001,-434.51,-1381.7,-0.8289096475431361,0.2971546527409681,-0.4739281681482,-0.3461325274855961,-0.938027100340936,0.017246229802733437,-0.4394326679098254,0.17833752095498676,0.880394604136851,0.5021
1,1787600034.3429875,7624,109.37,-434.43,-1381.72,-0.8291499713185408,0.2971826204378763,-0.4734900370357754,-0.3464751667807998,-0.9378850542645526,0.018071629461510027,-0.4387086548800694,0.17903663060070768,0.8806137638241104,0.4919
1,1787600034.3883727,7627,109.42,-434.47,-1381.75,-0.8295265198395614,0.2974098082426603,-0.47268716805507843,-0.34633518804940777,-0.9379448905797525,0.017644255555772256,-0.43810693945844686,0.1783445771432372,0.8810536427493803,0.5015000000000001
1,1787600034.448665,7630,109.34,-434.45,-1381.72,-0.8288515334050525,0.2972338761828996,-0.4739801245003656,-0.34640040487832696,-0.9379220237163309,0.017579446179944946,-0.43933119064348763,0.17875765795386542,0.8803600426249618,0.49350000000000005
1,1787600034.5085046,7633,109.46000000000001,-434.41,-1381.78,-0.8290608270567303,0.29720894924806973,-0.4736295868364525,-0.3464247253857416,-0.9379080021983461,0.017846261617510902,-0.43891691090845864,0.17887263597086467,0.880543312631134,0.4958
1,1787600034.5538914,7636,109.38,-434.38,-1381.75,-0.8290555600042407,0.29736145831773836,-0.4735430725216057,-0.3462920482380951,-0.9379677138664897,0.017273826186913123,-0.43903154300473624,0.17830516215527484,0.8806012567533967,0.49960000000000004
1,1787600034.6137297,7642,109.34,-434.42,-1381.69,-0.8293792759760281,0.29725378588680057,-0.4730435533409618,-0.3461315800684449,-0.9380241323185976,0.017425741512599464,-0.43854640103505693,0.17818786143816398,0.8808666983007659,0.5007
1,1787600034.6735692,7645,109.39,-434.56,-1381.71,-0.8297608512011445,0.2973026039994482,-0.4723431924661341,-0.3457295984593309,-0.9381832794428985,0.016827920932719807,-0.43814150061721147,0.17726617226339414,0.8812540664348634,0.49910000000000004
1,1787600034.7334085,7648,109.39,-434.49,-1381.74,-0.829377530061154,0.29730456031222874,-0.4730147048953254,-0.3460873892282558,-0.9380439635857443,0.017234888961534883,-0.43858457752961294,0.17799865392159311,0.8808859446916335,0.4913
1,1787600034.7932484,7651,109.4,-434.5,-1381.73,-0.8290555600042407,0.29736145831773836,-0.4735430725216057,-0.3462920482380951,-0.9379677138664897,0.017273826186913123,-0.43903154300473624,0.17830516215527484,0.8806012567533967,0.504
1,1787600034.8381286,7654,109.43,-434.40000000000003,-1381.78,-0.828705926967017,0.29728851954531244,-0.47420040358090554,-0.3466619570893772,-0.9378197390624836,0.017878046082787098,-0.4393995608972545,0.17920288270932433,0.8802353961935229,0.5011
1,1787600034.8979785,7657,109.42,-434.44,-1381.81,-0.8296771491364064,0.2972025122192673,-0.4725531662484566,-0.3462061848182101,-0.93798732704268,0.01791792122284219,-0.4379236300937693,0.17846691860926195,0.881119999300669,0.4963
1,1787600034.9578066,7660,109.44,-434.47,-1381.77,-0.8293211335911813,0.297333227792033,-0.4730955601459486,-0.3463992903047693,-0.937919050822837,0.01775910414239801,-0.4384449669632325,0.17860796665983128,0.8808321095363466,0.49360000000000004
1,1787600035.0176458,7666,109.45,-434.5,-1381.78,-0.8298549943285416,0.29712422296602425,-0.47229004278601094,-0.34591238469690183,-0.9381012479248206,0.01762585473662318,-0.4378188101272926,0.17799787855120697,0.8812669542936414,0.5042
1,1787600035.0774853,7669,109.42,-434.42,-1381.8,-0.8290555600042407,0.29736145831773836,-0.4735430725216057,-0.3462920482380951,-0.9379677138664897,0.017273826186913123,-0.43903154300473624,0.17830516215527484,0.8806012567533967,0.5017
1,1787600035.1223645,7672,109.45,-434.5,-1381.78,-0.8297027070396221,0.2973822437294296,-0.47239519371557204,-0.34599726873746844,-0.9380785554689721,0.017161404239115132,-0.43804030403301336,0.17768631034409033,0.8812197609898276,0.4897
1,1787600035.1822047,7675,109.42,-434.43,-1381.77,-0.8298805419753073,0.2973296539065061,-0.4721158363776922,-0.346098014494869,-0.9380330361526029,0.017612139252209162,-0.4376236401446795,0.17801432524987162,0.8813605673005533,0.49710000000000004
1,1787600035.242048,7678,109.45,-434.49,-1381.79,-0.8294066393331849,0.29738297062880004,-0.47291436371717677,-0.34596657862257674,-0.9380953375809462,0.01686013300892496,-0.43862484323875256,0.17759647065434747,0.8809470702062066,0.49470000000000003
1,1787600035.2869227,7681,109.42,-434.44,-1381.76,-0.8290520655520844,0.29746310650299024,-0.473485345996487,-0.3462035576400919,-0.9380073298695418,0.016892181278802678,-0.4391079244117167,0.17792680905530525,0.880639700069348,0.507
1,1787600035.3467636,7684,109.43,-434.47,-1381.77,-0.8298822858778566,0.29727898110234,-0.4721446801361823,-0.3461420914918041,-0.9380131692849789,0.017802998220208227,-0.43758547060411285,0.1782035399275328,0.881341281385068,0.4974
1,1787600035.4066346,7687,109.44,-434.46000000000004,-1381.79,-0.8289389884409178,0.29725837187652604,-0.47381179152894093,-0.346406687549213,-0.9379190551693803,0.01761399362321347,-0.43916120077225573,0.17873249928173005,0.8804499607795871,0.501
1,1787600035.4664407,7693,109.44,-434.48,-1381.79,-0.8297916377770005,0.2973559357480624,-0.47225552971961837,-0.34604766665404574,-0.9380558154250406,0.017386763659539166,-0.4378319886425084,0.17785031521663494,0.8812901991391313,0.49870000000000003
1,1787600035.5262806,7696,109.43,-434.45,-1381.75,-0.8294991560298423,0.2972551155142742,-0.47283247186120236,-0.3461054233864868,-0.9380330132222408,0.01746716942335248,-0.438340262864638,0.1781388851593017,0.8809792004048457,0.5192
1,1787600035.5711956,7699,109.45,-434.48,-1381.79,-0.829793379121298,0.29730525051497086,-0.47228438041363174,-0.34609176944207143,-0.938035987830212,0.01757761815077525,-0.43779382715030796,0.17803952805944184,0.881270952294161,0.4909
1,1787600035.6310353,7702,109.43,-434.45,-1381.78,-0.8298532535559987,0.29717490805376,-0.4722612111805947,-0.34586827858846864,-0.9381210768550002,0.017434994312132003,-0.4378569531579605,0.17780865891079065,0.8812862017458196,0.49350000000000005
1,1787600035.6908746,7705,109.44,-434.48,-1381.79,-0.8293792759760281,0.29725378588680057,-0.4730435533409618,-0.3461315800684449,-0.9380241323185976,0.017425741512599464,-0.43854640103505693,0.17818786143816398,0.8808666983007659,0.4928
1,1787600035.750714,7708,109.43,-434.45,-1381.79,-0.8295864188450396,0.29727953552868025,-0.4726639942112313,-0.3461116901595693,-0.9380300575424322,0.017501687970818046,-0.4381701400172644,0.17811369656147638,0.881068918697316,0.4893
1,1787600035.810556,7711,109.43,-434.48,-1381.76,-0.8292338066372646,0.2973087523056428,-0.47326398524748675,-0.3463930357028714,-0.9379220144031993,0.017724551176090717,-0.4386150461924678,0.1786331455814026,0.8807423235846411,0.4948
1,1787600035.8554358,7714,109.44,-434.46000000000004,-1381.8,-0.8295009038426437,0.2972043634472534,-0.47286130828409917,-0.346149580331984,-0.9380131463475005,0.017658009946019463,-0.4383020859638113,0.17832807862805938,0.8809599183916352,0.49870000000000003
1,1787600035.9158874,7720,109.44,-434.46000000000004,-1381.79,-0.8296753995745597,0.2972532345249831,-0.47252433366465885,-0.34616207162749224,-0.9380072341113411,0.01772706747757111,-0.4379618151247406,0.17827771402849768,0.8811393222262958,0.5062
1,1787600035.9762328,7723,109.43,-434.48,-1381.8,-0.8290590679896122,0.29725979050592993,-0.47360075879644264,-0.3463805075063246,-0.9379279444397057,0.01765545407994546,-0.4389551296019407,0.1786834854917452,0.8805626645552629,0.4995
1,1787600036.021112,7726,109.45,-434.46000000000004,-1381.79,-0.8288480208257132,0.2973356331745636,-0.4739224405089711,-0.346311857566671,-0.9379617968150723,0.017197820331735083,-0.43940761905321996,0.17837934005966674,0.8803986343457478,0.5034000000000001
1,1787600036.081462,7729,109.43,-434.46000000000004,-1381.77,-0.8304082559167767,0.2972979812199858,-0.4712070021421351,-0.3458732868645622,-0.9381152312034574,0.017648864484376775,-0.4367994939772268,0.17763367739987992,0.8818460629353823,0.4978
1,1787600036.1412985,7732,109.44,-434.47,-1381.79,-0.8288532947757944,0.2971829903365618,-0.4740089513858665,-0.3464446667763824,-0.9379020796337393,0.017770252696799903,-0.4392929644343409,0.17894680570864,0.8803406909402536,0.5088
1,1787600036.1861777,7735,109.43,-434.45,-1381.76,-0.8294357703199318,0.2974868626019617,-0.4727979161259309,-0.346240615824587,-0.9379875429077063,0.01722803829153904,-0.43835344057870934,0.1779913928514677,0.881002454709181,0.4983
1,1787600036.2460175,7738,109.43,-434.47,-1381.77,-0.8299404230893204,0.2971992863044637,-0.47209265864069244,-0.3458745332720598,-0.938118129101216,0.017469490131917814,-0.4376867616871165,0.1777834639997539,0.8813758214133707,0.4924
1,1787600036.305856,7741,109.43,-434.46000000000004,-1381.8,-0.8295864188450396,0.29727953552868025,-0.4726639942112313,-0.3461116901595693,-0.9380300575424322,0.017501687970818046,-0.4381701400172644,0.17811369656147638,0.881068918697316,0.49520000000000003
1,1787600036.365696,7747,109.44,-434.45,-1381.73,-0.8287622913554681,0.2972602751508221,-0.4741195980388198,-0.3463498281930051,-0.9379448980272325,0.017354099670119614,-0.43953937359229867,0.1785936647307014,0.8802894080813126,0.5252
1,1787600036.4255357,7750,109.43,-434.47,-1381.79,-0.829232052580162,0.2973595540162981,-0.47323514092776287,-0.3463488458963115,-0.9379419201339931,0.017533721842522037,-0.43865325704932856,0.17844396905075313,0.8807616419834763,0.49670000000000003
1,1787600036.4704146,7753,109.44,-434.45,-1381.77,-0.8298770642716765,0.297430984783399,-0.4720581187593336,-0.3460098370265539,-0.9380726548100118,0.01723040854286266,-0.43769995530806405,0.1776358735967311,0.8813990274188218,0.4904
1,1787600036.5302541,7756,109.43,-434.47,-1381.78,-0.8292919415114167,0.29722935287420366,-0.4732119900575289,-0.34612529789955243,-0.9380270910430641,0.017391222591665825,-0.43871648464375124,0.17821304177660205,0.8807769058294841,0.49960000000000004
1,1787600036.5900934,7759,109.42,-434.46000000000004,-1381.78,-0.8299404230893204,0.2971992863044637,-0.47209265864069244,-0.3458745332720598,-0.938118129101216,0.017469490131917814,-0.4376867616871165,0.1777834639997539,0.8813758214133707,0.4994
1,1787600036.649933,7762,109.38,-434.46000000000004,-1381.74,-0.8294974115916774,0.29730586267499176,-0.4728036253898505,-0.34606125861358433,-0.938052841738477,0.01727632464240451,-0.4383784317795403,0.17794968425216934,0.8809984451887893,0.5045000000000001
1,1787600036.709772,7768,109.47,-434.38,-1381.82,-0.830056525054089,0.2973278116970823,-0.4718075217782725,-0.3461545266727484,-0.938007266973992,0.01787206669492091,-0.4372450215601045,0.1781531349581213,0.8815204204245625,0.4917
1,1787600036.7696114,7771,109.35000000000001,-434.41,-1381.7,-0.8299659368017623,0.29740470422875387,-0.47191840995174206,-0.3460601863649231,-0.9380499148565069,0.017455791324799286,-0.4374915898184189,0.17779988509644112,0.8814694037219015,0.4988
1,1787600036.8294508,7774,109.52,-434.41,-1381.8600000000001,-0.8298206329241173,0.2974599981622743,-0.472139033195432,-0.34632146224087584,-0.9379478731524385,0.017754775136810366,-0.43756046663833675,0.17824515909868874,0.8813452792709134,0.4932
1,1787600036.8892906,7777,109.44,-434.28000000000003,-1381.79,-0.829259456807284,0.2975142151147029,-0.4730898911415998,-0.3465786233323684,-0.9378537125876232,0.017710777358781793,-0.4384199027698546,0.17864967279649382,0.8808361273613707,0.5049
1,1787600036.9491298,7780,109.46000000000001,-434.34000000000003,-1381.79,-0.8295300251106091,0.29730832376058164,-0.4727448551414023,-0.34642343586443686,-0.937905042609788,0.01802592940766739,-0.43803052464853476,0.17872294667950445,0.8810149645757014,0.4994
1,1787600037.0089686,7783,109.41,-434.3,-1381.74,-0.8294392637157362,0.297385363086834,-0.4728556371963955,-0.3463289308937348,-0.9379478501915716,0.017609711724263743,-0.4382770578443502,0.17836977362412307,0.8809639291279633,0.502
1,1787600037.0538483,7786,109.47,-434.33,-1381.79,-0.8295300251106091,0.29730832376058164,-0.4727448551414023,-0.34642343586443686,-0.937905042609788,0.01802592940766739,-0.43803052464853476,0.17872294667950445,0.8810149645757014,0.4913
1,1787600037.1136885,7792,109.42,-434.40000000000003,-1381.76,-0.8289372312717742,0.29730923550411154,-0.47378295146136884,-0.34636243576363057,-0.9379389618186847,0.017423174061364486,-0.4391994190608292,0.17854333475783535,0.8804692770961299,0.5031
1,1787600037.173527,7795,109.45,-434.34000000000003,-1381.75,-0.82897003655976,0.2973112728543507,-0.4737242716178221,-0.34672492943945327,-0.9377907975184612,0.018172600113761046,-0.4388513436134341,0.1793165556311362,0.880485701806264,0.5084000000000001
1,1787600037.233367,7798,109.48,-434.25,-1381.71,-0.8296120009252015,0.29748496732800134,-0.472489811672952,-0.34629732117876005,-0.9379617992970335,0.017487950248282317,-0.43797499159803455,0.17813016946415794,0.8811626123828519,0.5354
1,1787600037.293206,7801,109.48,-434.16,-1381.74,-0.8294938525467483,0.29769477541104306,-0.4725650952833077,-0.3467883148659433,-0.937771380046018,0.017963948313943077,-0.43781024800659063,0.17878103775164556,0.8811126643516436,0.507
1,1787600037.3530452,7804,109.55,-433.95,-1381.79,-0.8294410566860274,0.2973601223399876,-0.47286836553687317,-0.3467675821597833,-0.9377677701315564,0.018543280873308497,-0.43792668044619554,0.17935597827905295,0.8809379408385927,0.5326000000000001
1,1787600037.4128845,7810,109.52,-427.2,-1380.8500000000001,-0.8291574885200642,0.29728617349015,-0.4734118611554681,-0.3515086396328861,-0.9357651630295757,0.028022061374382463,-0.4346717560349851,0.1896430613331694,0.8803953508473601,0.5407000000000001
1,1787600037.4727237,7813,109.52,-419.97,-1380.05,-0.8285818840298939,0.29693685500615213,-0.4746372989942182,-0.3557764306241567,-0.933843743813343,0.03686452974085137,-0.43229063472368456,0.1994100455838043,0.8794091430332408,0.5131
1,1787600037.5325634,7816,109.65,-411.01,-1379.19,-0.8278565382868153,0.2963916308262834,-0.47624106625941776,-0.3619667622446896,-0.9308550980901729,0.04988836928213824,-0.428524929316682,0.21368384949656535,0.8778983981181776,0.4607
1,1787600037.5929132,7819,109.76,-400.55,-1378.29,-0.8276908986517618,0.2959748540489595,-0.47678785854899425,-0.3680785523608406,-0.9276498288468062,0.06311873202495881,-0.4236106178803673,0.22773818478943697,0.8767493162859185,0.45790000000000003
1,1787600037.6527524,7822,109.8,-388.84000000000003,-1377.4,-0.8267388039787712,0.2951040979765525,-0.47897444749505835,-0.3754812048344344,-0.9234438159345707,0.07915417631610187,-0.4189472697271491,0.2452857316878509,0.8742528781871542,0.449
1,1787600037.7125928,7828,109.91,-364.03000000000003,-1376.41,-0.8210955919555152,0.29212414280311577,-0.4903728316931588,-0.39197018144180956,-0.9130877478743462,0.11238390250489334,-0.4149233733253613,0.28448945476642773,0.8642362781062847,0.45630000000000004
1,1787600037.7724314,7831,110.01,-351.81,-1376.16,-0.8273270676222896,0.29310211041239304,-0.4791879339583843,-0.3968305196078216,-0.908740487992044,0.12929139256643546,-0.3975618969258621,0.29712266550329547,0.8681374659332053,0.5141
1,1787600037.8322709,7834,110.12,-339.73,-1376.21,-0.8281252783044079,0.29259208658752495,-0.47811964433560517,-0.40351803673583675,-0.9032200669417704,0.14617354310052139,-0.3890780351833075,0.31397990626800054,0.8660455536505192,0.4954
1,1787600037.8921103,7837,110.29,-327.88,-1376.42,-0.8282336649041255,0.29199132125321053,-0.478299137185386,-0.4101469918403124,-0.8974542151377441,0.16234339166051057,-0.38184871533609105,0.33063121456435357,0.8630611557426723,0.47650000000000003
1,1787600037.95195,7840,110.45,-316.49,-1376.79,-0.8283142260237895,0.2913581036195732,-0.47854571194590906,-0.4160026552123295,-0.8919735297318829,0.17698873725166117,-0.3752830049747825,0.3456785757215103,0.8600401086369436,0.46900000000000003
1,1787600038.0117915,7846,110.7,-295.8,-1378.16,-0.8286665108842659,0.29027744286806473,-0.4785925405821473,-0.42706840669400503,-0.8805917996238919,0.20535495718146052,-0.3618347547468882,0.3745625296224022,0.8536852591325016,0.4801
1,1787600038.0716279,7849,110.79,-286.56,-1378.99,-0.8296115833899033,0.29010530851826855,-0.4770571566120954,-0.43116445847685403,-0.8757250043210876,0.21726234499607128,-0.3547419209110454,0.38593344863635604,0.8515947056974876,0.4832
1,1787600038.1314893,7852,110.9,-278.13,-1379.8600000000001,-0.8300425358389235,0.2896682110158114,-0.4765728865818835,-0.4356397870923912,-0.8703016735158249,0.2297672147580036,-0.34820592269544404,0.3983306724349179,0.8485784058042961,0.48800000000000004
1,1787600038.1913068,7855,111.02,-270.25,-1380.74,-0.8302003719107834,0.2892757122013483,-0.47653636252609266,-0.4391586986383376,-0.865914769795307,0.239439447169054,-0.3433758580469493,0.4080578069106669,0.8459207092451269,0.4917
1,1787600038.2361872,7858,111.08,-262.55,-1381.66,-0.8303209615358553,0.2890714908223583,-0.4764501800061701,-0.44305957429337156,-0.8610032406561648,0.2497431344532995,-0.33803152879746157,0.418462773461776,0.8429849303312184,0.4912
1,1787600038.2960255,7861,111.19,-254.9,-1382.68,-0.8298389533758023,0.28870130095985985,-0.477513214774458,-0.44698131872119995,-0.8561875480069161,0.25913429597828613,-0.33402846012639453,0.4284792194050832,0.8395418669510178,0.4894
1,1787600038.3558648,7864,111.31,-247.20000000000002,-1383.84,-0.8301542811743471,0.28843405406637446,-0.47712646740957343,-0.44997307513627677,-0.8519081988912874,0.26791165020245983,-0.3291931060947444,0.4371020671612504,0.8370027967593991,0.4854
1,1787600038.4007447,7867,111.47,-239.28,-1385.14,-0.8301509884787085,0.28812464338204585,-0.47731910312053516,-0.4541526207325238,-0.8460615625729802,0.27915090796618874,-0.323411090424561,0.44851312379074937,0.83321140437338,0.4913
1,1787600038.4605842,7873,111.69,-223.06,-1388.03,-0.8304457924282512,0.2867982620728628,-0.47760500699866976,-0.46160484730110624,-0.8342091063175128,0.30168879973419477,-0.31189862261051476,0.4710009806878561,0.8251529103170768,0.5038
1,1787600038.5209277,7876,111.8,-215.18,-1389.55,-0.8304722381186312,0.2864590285320689,-0.4777625840170984,-0.4650826291806257,-0.8286124057870008,0.3116081337358116,-0.30661704086477043,0.48098098293835084,0.8213667173090164,0.5058
1,1787600038.580767,7879,111.95,-207.83,-1391.15,-0.830925545634582,0.28584042639877877,-0.4773447268463713,-0.4683617703572018,-0.8224634263492596,0.3227865616560019,-0.3003331311722707,0.49178162120396535,0.8172825994515356,0.5227
1,1787600038.640612,7882,112.06,-201.19,-1392.66,-0.8313664007484071,0.2855422583757011,-0.4767552059373277,-0.4713887531006428,-0.8166964694029176,0.33286561900417216,-0.2943170928723994,0.5014703336654261,0.8135754134046983,0.5161
1,1787600038.685486,7885,112.13,-195.46,-1394.03,-0.8317067749188668,0.28507196101896654,-0.47644287967694365,-0.47364046029488316,-0.8120508734132064,0.3409370812342067,-0.28970425424164725,0.509222305117961,0.8104098278307349,0.5287000000000001
1,1787600038.7453258,7888,112.23,-190.84,-1395.17,-0.831964911652568,0.2850119947126655,-0.47602788641931704,-0.47561018418962153,-0.8081679457793183,0.34736079817669563,-0.2857084851278464,0.5153957065059278,0.8079219809122703,0.5313
1,1787600038.8051648,7891,112.32000000000001,-187.16,-1396.13,-0.8318520440395859,0.2847441596818396,-0.47638528561894733,-0.47721664094238525,-0.8051986795382302,0.3520218232973026,-0.2833486446673596,0.5201690590538558,0.8056908188431818,0.5276000000000001
1,1787600038.8500483,7894,112.36,-183.93,-1396.94,-0.8321178328529599,0.28457905455141036,-0.4760196150987044,-0.4786385767861807,-0.802071053835386,0.35719341736864724,-0.2801517893217757,0.525068363463291,0.803628140765235,0.5266000000000001
1,1787600038.9098856,7900,112.43,-177.07,-1398.69,-0.831523898527222,0.2840232580248582,-0.4773874684981108,-0.48256485802201765,-0.7950087974993827,0.36754886709222123,-0.2751348105570792,0.5359960828210689,0.7981284578438421,0.5103
1,1787600038.969725,7903,112.48,-173.89000000000001,-1399.54,-0.8315107972603221,0.2840587094419147,-0.47738919513296224,-0.4839023441737284,-0.7924302826502518,0.37133915554653363,-0.2728155335435908,0.5397822678905227,0.7963710114816398,0.5177
1,1787600039.0300684,7906,112.52,-171.64000000000001,-1400.18,-0.831746647483715,0.2838260388334643,-0.477116646198501,-0.48455666327387137,-0.7905791731514588,0.3744187642948037,-0.27092868891369337,0.5426116020315641,0.7950913751665569,0.5151
1,1787600039.0904117,7909,112.53,-170.41,-1400.51,-0.83150244987479,0.283678968166676,-0.4776294786464845,-0.4854553390592883,-0.7890430412620647,0.3764892997347248,-0.27006812035309535,0.544919555582108,0.7938046915414045,0.5103
1,1787600039.1352918,7912,112.51,-170.04,-1400.6200000000001,-0.8314965375189016,0.2835258817742687,-0.4777306589054143,-0.48555215276977226,-0.7887362250316391,0.3770069949795087,-0.2699122358003016,0.5454431608215131,0.7934980423909811,0.5067
1,1787600039.1953552,7915,112.45,-170.20000000000002,-1400.51,-0.831354151978281,0.28355626541758544,-0.477960373180565,-0.4855157645234631,-0.7890601225786835,0.3763755642377836,-0.27041582125990754,0.5449586840289313,0.793659446055917,0.5034000000000001
1,1787600039.255195,7918,112.41,-170.66,-1400.3500000000001,-0.8321754571369788,0.28377741622774016,-0.4763972990876082,-0.48476799452498515,-0.7894360663483921,0.37655104386072397,-0.26922852750606524,0.544298700336024,0.7945155283500953,0.5075000000000001
1,1787600039.3006403,7921,112.37,-170.86,-1400.25,-0.8316751667196526,0.2835843075520185,-0.47738491552632895,-0.48494847809087893,-0.7897155296575158,0.3757317604556333,-0.2704466503012717,0.5439938627668435,0.7943105731468205,0.5048
1,1787600039.3604798,7927,112.39,-170.78,-1400.3,-0.8321752941622514,0.28375017492974636,-0.47641380963749214,-0.48452060888683013,-0.7899142276437033,0.3758660566345236,-0.26967398715839397,0.5436187553730921,0.7948299122810517,0.5121
1,1787600039.420824,7930,112.41,-170.73,-1400.32,-0.8319284669155063,0.28375717352370006,-0.4768405314247688,-0.4848099587408062,-0.7897288884144359,0.37588241074761264,-0.2699154123820146,0.5438843160797523,0.7945662470059416,0.5065000000000001
1,1787600039.4806633,7933,112.4,-170.77,-1400.3,-0.8320022710991827,0.2837913017957478,-0.47669142840088574,-0.484532017465636,-0.7901981714867113,0.3752540124099119,-0.27018687039988193,0.5431844500757846,0.7949526452936582,0.511
1,1787600039.5405025,7936,112.4,-170.83,-1400.26,-0.8317471486518838,0.28387983286620827,-0.47708376748880765,-0.4850528340644149,-0.789624067994161,0.37578927527329975,-0.27003782860099484,0.5439724917090994,0.7944642845265313,0.507
1,1787600039.6003425,7939,112.39,-170.69,-1400.3,-0.831417477896434,0.283879929985878,-0.4776579977343053,-0.4853559542980952,-0.7895362347606788,0.37558238993237625,-0.2705079944765365,0.5440999166983425,0.7942170393369427,0.5087
1,1787600039.6601818,7945,112.44,-170.64000000000001,-1400.34,-0.8315122129576231,0.2842191760550582,-0.4772912105464549,-0.48539594707365813,-0.7895726317701531,0.3754541699382504,-0.2701448024056413,0.5438699468826513,0.7944981224717141,0.5088
1,1787600039.7200217,7948,112.39,-170.62,-1400.33,-0.8311946270107154,0.2845518637470824,-0.47764602883995533,-0.48575264032165943,-0.789618510924279,0.3748959584021423,-0.27048080236692257,0.5436293259600572,0.794548482792057,0.5056
1,1787600039.7798638,7951,112.34,-170.35,-1400.3700000000001,-0.8306842809087246,0.28529603251484625,-0.47808973977951336,-0.4864697718976956,-0.7895646862621284,0.37407855757526476,-0.27075964706905453,0.5433173842599502,0.7946668694993937,0.5043
1,1787600039.8396995,7954,112.38,-169.37,-1400.66,-0.8281051621280178,0.2900220586460065,-0.4797176731741929,-0.490420394039239,-0.7893360201333177,0.36937309651691264,-0.27153209307064796,0.5411430982825405,0.795885965207231,0.5041
1,1787600039.8845801,7957,112.34,-167.6,-1401.09,-0.8235245871255306,0.2990185602492285,-0.482073806616998,-0.4969382857444869,-0.7901261848250335,0.35882161614814634,-0.2736048145794495,0.5350593543526881,0.7992821108711425,0.4927
1,1787600039.944441,7960,112.35000000000001,-165.01,-1401.8,-0.8173931383065182,0.3125282158780049,-0.48393653688219557,-0.5059679744859054,-0.7911183126843947,0.34369786750869813,-0.2754357751710035,0.5257926678982008,0.8047839487343424,0.4912
1,1787600040.0042577,7963,112.38,-161.29,-1402.8500000000001,-0.809617707160765,0.32942770088999623,-0.48579476956640555,-0.5171441118738576,-0.7918321252796636,0.3249059139647819,-0.27763489659253027,0.5142754857675236,0.8114429055285607,0.4798
1,1787600040.0491393,7966,112.5,-156.59,-1404.24,-0.8007952831805911,0.34717679491958325,-0.48805244339628373,-0.529585478718888,-0.7910530507154788,0.30622588343218254,-0.27976085352637065,0.5036897299162452,0.8173313408961489,0.47790000000000005
1,1787600040.1089861,7972,112.77,-145.36,-1407.75,-0.780713818234514,0.38665937217609553,-0.49089761043019325,-0.5565403437900768,-0.787475465313841,0.2648494615111998,-0.2841632976858716,0.4799759592283107,0.829984517211709,0.47090000000000004
1,1787600040.168816,7975,112.96000000000001,-139.81,-1409.6200000000001,-0.7714348674387055,0.4070183762874177,-0.48910559868415054,-0.5690693449353919,-0.7852153203391399,0.24412492981976747,-0.28468987680392044,0.4666614855214177,0.8373641573272123,0.4722
1,1787600040.2286556,7978,113.02,-134.94,-1411.22,-0.7625080895103287,0.42508769626798587,-0.48773134399265883,-0.5804202169621547,-0.7824934520036556,0.2254248640079614,-0.28582124688852967,0.4549774148822986,0.8433870800374565,0.48400000000000004
1,1787600040.2890027,7981,113.19,-131.02,-1412.66,-0.7536746936769712,0.44211190727619676,-0.4863244982062157,-0.5905642460617683,-0.7802903809745699,0.20586595792421797,-0.28845853668147736,0.4423618234015727,0.8491805990555936,0.47890000000000005
1,1787600040.3338826,7984,113.16,-127.93,-1413.71,-0.7456454891313388,0.4574510210382185,-0.48451147343399203,-0.5991583728448321,-0.7784621733686172,0.18709860738162123,-0.29158540564990504,0.429808338664224,0.8545424174531537,0.47540000000000004
1,1787600040.3937554,7987,113.27,-125.64,-1414.55,-0.7386833481175894,0.4705410815710585,-0.48263651101810223,-0.6063432744949845,-0.7766327115011165,0.1708492461239547,-0.29443971316466155,0.41884689563175964,0.8589950717734937,0.47190000000000004
1,1787600040.4535615,7990,113.28,-123.58,-1415.3,-0.7322083009476636,0.48239499333822666,-0.4807973319659212,-0.6125908122788598,-0.7749809401774879,0.1553609959840119,-0.29766340173904965,0.4082886390335023,0.8629582182825004,0.47740000000000005
1,1787600040.4984407,7993,113.35000000000001,-121.31,-1416.16,-0.726566689336687,0.49301759173971915,-0.4785754905774991,-0.618459037525715,-0.7727140531101786,0.14290350250713463,-0.29934806638609296,0.39980826199718267,0.8663394766427879,0.48400000000000004
1,1787600040.55828,7999,113.59,-115.08,-1418.52,-0.7144246365836436,0.5145728493245345,-0.4741436716654129,-0.6308199169391766,-0.7668667953393399,0.11824360701036504,-0.30276008824674927,0.3835754175439311,0.8724713336384295,0.47250000000000003
1,1787600040.6181202,8002,113.7,-111.2,-1420.04,-0.7085026406520253,0.5269417245666121,-0.4694213747794955,-0.6379684218052555,-0.762616431894696,0.10682916541616283,-0.301695709231037,0.3751647594257315,0.8764879362071188,0.48050000000000004
1,1787600040.677959,8005,113.81,-107.09,-1421.6000000000001,-0.7008763744545037,0.5389443861368295,-0.46723790126990594,-0.6457074493928907,-0.7577019558754373,0.0946025150884706,-0.30304157722998626,0.36800366127816303,0.8790558046880923,0.48510000000000003
1,1787600040.7377982,8008,113.82000000000001,-102.38,-1423.42,-0.6914279261390077,0.552295204314701,-0.46572248200628413,-0.6548052299690335,-0.7514426104774921,0.08101921971960326,-0.30521719112840306,0.36097646799999983,0.8812141940470167,0.4877
1,1787600040.7826793,8011,113.88,-96.92,-1425.67,-0.6802990631801834,0.5664475837599603,-0.46511323297522705,-0.664816635010334,-0.7440656653019769,0.06622029547097504,-0.30856446076906113,0.35426461941778714,0.8827709515945056,0.49160000000000004
1,1787600040.842517,8014,114.01,-91.52,-1428.01,-0.6686374579917364,0.5793249567559308,-0.4661615001800214,-0.6750917511575967,-0.7357586464110001,0.05394758336035645,-0.3117291729840482,0.3507731584816489,0.883053290577352,0.49350000000000005
1,1787600040.9028604,8017,114.09,-86.94,-1430.08,-0.6549871425120376,0.591032548986262,-0.47082095236163546,-0.6846044410935784,-0.7278889402360291,0.038658115797582805,-0.3198571593365774,0.34764668374784197,0.8813814048981652,0.4965
1,1787600040.9627004,8023,113.8,-82.85000000000001,-1431.79,-0.6352887429000473,0.6050457175012509,-0.47992488253670873,-0.6961940052576904,-0.7176567590871198,0.016813184702089243,-0.33424859040500443,0.34480205316959445,0.8771484617453874,0.4897
1,1787600041.0230458,8026,113.7,-83.15,-1431.66,-0.6305851445713496,0.6072343627173431,-0.48335163616273447,-0.6975376956225219,-0.7164796763684115,0.009901340143560075,-0.3402991898778958,0.34339962447020633,0.8753702983778745,0.4917
1,1787600041.0828881,8029,113.65,-84.07000000000001,-1431.28,-0.6290012458389936,0.6074045495717239,-0.48519804811289735,-0.6969946577209344,-0.7170519233870931,0.0059149197245892,-0.3443194444719493,0.3419009393471185,0.87438427926861,0.49400000000000005
1,1787600041.1427243,8032,113.5,-84.86,-1430.93,-0.629181270494,0.6077758981896981,-0.48449910881162855,-0.6964331573418441,-0.7176093507778497,0.004204406148758237,-0.34512575420334357,0.3400665776813405,0.8747816507733083,0.4937
1,1787600041.202565,8035,113.49000000000001,-85.16,-1430.78,-0.628874411463778,0.6077862984749849,-0.4848843057804238,-0.6963805149236931,-0.7176636793879428,0.0036085623137005716,-0.3457906202323869,0.33993331503904783,0.8745708594995975,0.48810000000000003
1,1787600041.2474432,8038,113.43,-85.35000000000001,-1430.72,-0.6294779513729324,0.6076910838220276,-0.4842200485095031,-0.6957503839324617,-0.7182772456019415,0.0030334317728353305,-0.3459608532669099,0.3388057630762759,0.8749409939608123,0.4953
1,1787600041.3072824,8044,113.42,-85.26,-1430.72,-0.6293879078784534,0.6075951146941059,-0.4844574677061336,-0.6960112413070592,-0.718021327385567,0.003704779841635798,-0.3455997878914135,0.3395195870922981,0.8748069710456619,0.48950000000000005
1,1787600041.3671222,8047,113.47,-85.32000000000001,-1430.72,-0.6295243970449506,0.6078051708263535,-0.4840164334420252,-0.6959715206694966,-0.7180608972092517,0.0034914633081992792,-0.34543114500892874,0.3390596145455713,0.875051942368011,0.4923
1,1787600041.4269612,8050,113.41,-85.31,-1430.68,-0.6293737491154886,0.6077108161130037,-0.48433072161858665,-0.6959453425087082,-0.7180869622022932,0.0033458863577553047,-0.3457582452592426,0.33917352298543196,0.8748785956582205,0.4984
1,1787600041.486801,8053,113.46000000000001,-85.35000000000001,-1430.72,-0.6293678474988751,0.6077456828386705,-0.4842946391666868,-0.696284393228892,-0.717754044281198,0.004144353249682126,-0.3450857230899401,0.33981512166020905,0.8748951518956719,0.5
1,1787600041.53168,8056,113.42,-85.34,-1430.67,-0.6304459277038624,0.6082339615248705,-0.48227521218633945,-0.6961519020229411,-0.7178793851647647,0.004660221593536769,-0.34338092776311513,0.33867482398788057,0.8760073641501652,0.5051
1,1787600041.59152,8059,113.46000000000001,-85.32000000000001,-1430.73,-0.6303116378791035,0.6081657906947767,-0.48253664128515533,-0.6962240543723273,-0.7178088306743925,0.004748549169994562,-0.34348115707782345,0.3389466825836449,0.8758629122745303,0.5047
1,1787600041.651359,8062,113.42,-85.34,-1430.68,-0.6298840237406917,0.6078510766575314,-0.48349062580624635,-0.6962773264681926,-0.7177573132184263,0.004724824628708421,-0.3441569428074084,0.3396196518574065,0.8753367870652486,0.5005000000000001
1,1787600041.697236,8065,113.44,-85.32000000000001,-1430.71,-0.6299662558309823,0.6078405267981956,-0.4833967423307543,-0.6963229608844146,-0.7177113362998163,0.0049771369173498324,-0.3439140163753949,0.33973567921021236,0.8753872386619079,0.49310000000000004
1,1787600041.7560778,8071,113.44,-85.31,-1430.72,-0.6291276538620807,0.6077196959775325,-0.4846392124735362,-0.6961794267222352,-0.717858957181914,0.0035669878601938257,-0.3457348708977641,0.3396399398107803,0.8747068710891871,0.4888
1,1787600041.8159173,8074,113.43,-85.33,-1430.7,-0.629674316672137,0.6077353028324054,-0.483909140867045,-0.6963365973869634,-0.717699710013106,0.00474018846137682,-0.344420670202912,0.3399484195261216,0.8751054073645466,0.4899
1,1787600041.8757575,8077,113.43,-85.34,-1430.71,-0.6296890922949929,0.6077839243672951,-0.4838288419734794,-0.6960633969177236,-0.7179692050017091,0.003996015587245475,-0.34494549499314764,0.3392917946987578,0.875153519980368,0.49420000000000003
1,1787600041.936107,8080,113.44,-85.33,-1430.74,-0.6295096451097032,0.6077564712783894,-0.4840967654644013,-0.6962450550944964,-0.7177916709428721,0.004235608752097958,-0.34490640755184143,0.3397163357041864,0.8750042178672074,0.4893
1,1787600041.9809864,8083,113.43,-85.32000000000001,-1430.7,-0.6297103706290927,0.6076104948032748,-0.4840189414961879,-0.6961619064663181,-0.7178704892416364,0.004534386524620256,-0.3447077734942336,0.33981089929678965,0.8750457722952297,0.4944
1,1787600042.0408244,8086,113.45,-85.31,-1430.72,-0.6293678474988751,0.6077456828386705,-0.4842946391666868,-0.696284393228892,-0.717754044281198,0.004144353249682126,-0.3450857230899401,0.33981512166020905,0.8748951518956719,0.4934
1,1787600042.1006696,8089,113.42,-85.34,-1430.69,-0.6292172094654349,0.6076511707377609,-0.48460887116679974,-0.6962583453675395,-0.7177801384353089,0.003998671510059595,-0.3454128252086007,0.3399290037181557,0.8747218144145,0.49250000000000005
1,1787600042.1605089,8095,113.39,-85.42,-1430.6100000000001,-0.6294038073544898,0.6076209246324875,-0.4844044376721101,-0.6961095364090172,-0.7179247877388033,0.003938587388544252,-0.3453727849847109,0.3396775104403514,0.874835314955306,0.4882
1,1787600042.2203484,8098,113.36,-85.62,-1430.48,-0.6298378746412108,0.6077368390813018,-0.483694310583565,-0.6960568936142998,-0.7179739523127294,0.0042666910422340205,-0.3446868905535192,0.3393660829014979,0.875226604518304,0.48660000000000003
1,1787600042.2652268,8101,113.34,-85.72,-1430.41,-0.6301137074884724,0.6076380228847317,-0.483459149029022,-0.6959865924177103,-0.7180397967457576,0.0046382608912225315,-0.3443245254261098,0.33940371747234205,0.8753546354227175,0.4907
1,1787600042.32507,8104,113.36,-85.65,-1430.48,-0.6299420832718626,0.6077169626849438,-0.48358356567204863,-0.6958622120979501,-0.7181644282967301,0.003954200725646939,-0.3448894801197243,0.3389984471855551,0.8752892660763807,0.4874
1,1787600042.3849094,8107,113.38,-85.65,-1430.49,-0.6301066223486325,0.6076957739660224,-0.48339579102039676,-0.6959538121528174,-0.7180727056489989,0.004458783678013423,-0.34440373955919695,0.339230652662408,0.8753905576780446,0.4944
1,1787600042.4299502,8110,113.37,-85.64,-1430.48,-0.6300243631918399,0.6077063607639226,-0.4834896905537759,-0.6959080448144459,-0.7181185825770731,0.004206485472545649,-0.3446466232929782,0.33911455357233594,0.8753399480248707,0.48900000000000005
1,1787600042.4897902,8113,113.36,-85.68,-1430.45,-0.6295527342353356,0.6075738596330684,-0.48426992463644625,-0.6961031077027242,-0.7179294849965471,0.00420927775302498,-0.3451142104628875,0.33975176182496714,0.8749085221172603,0.49160000000000004
1,1787600042.549629,8116,113.37,-85.61,-1430.51,-0.6303012534246163,0.6077630363238699,-0.4830573688597953,-0.696167355995301,-0.7178607812380521,0.005187601257362947,-0.3436151079010781,0.3395585228479535,0.8755733362679831,0.4928
1,1787600042.609469,8122,113.43,-85.36,-1430.67,-0.6295456392290437,0.6076317023453162,-0.48420657000151074,-0.6960702337165025,-0.7179623877107297,0.004029834557554073,-0.3451934499111307,0.33957874512054026,0.8749444313788225,0.48850000000000005
1,1787600042.6693077,8125,113.44,-85.4,-1430.66,-0.6298307926552104,0.6077946114870606,-0.48363093663516044,-0.6960240655459812,-0.7180068207956078,0.004087232783647757,-0.3447661131900192,0.33919303580450644,0.8752624815777091,0.49450000000000005
1,1787600042.7141876,8128,113.41,-85.41,-1430.65,-0.629748495138983,0.6078052176089226,-0.48372476711199797,-0.6959782012145697,-0.7180526697305633,0.0038349611396458335,-0.34500895104956086,0.3390769543041534,0.8752117702336394,0.4948
1,1787600042.774026,8131,113.43,-85.38,-1430.67,-0.6292854408757215,0.6077562992926533,-0.484388392276227,-0.6962384828987443,-0.7177999907382098,0.0038920723375828856,-0.3453285520091034,0.33969906382903814,0.874844407423955,0.4918
1,1787600042.8338666,8134,113.43,-85.38,-1430.66,-0.629785599278936,0.6076577270251605,-0.483861742368093,-0.6961748573537863,-0.7178574659323677,0.004607232748073031,-0.3445441436584094,0.3397539483093243,0.8751323258107419,0.4899
1,1787600042.8787446,8137,113.44,-85.38,-1430.69,-0.6296067550343829,0.6077945400387517,-0.48392264992884665,-0.6960174914770499,-0.7180150667106815,0.0037437326894922177,-0.34518833348343264,0.3391757082627497,0.8751027673087275,0.4948
1,1787600042.9385839,8140,113.41,-85.41,-1430.63,-0.630063381976587,0.6078783598652018,-0.48322255152239907,-0.6960957681047487,-0.7179349306753566,0.004485191504342182,-0.34419589817266166,0.33919512809555935,0.8754860642850641,0.49670000000000003
1,1787600042.998424,8143,113.43,-85.38,-1430.66,-0.6303550449614796,0.6079832656439005,-0.48270991909074046,-0.6960821610955826,-0.7179466047296519,0.004722050578739179,-0.34368901974912464,0.338982332067828,0.8757675697636574,0.49810000000000004
1,1787600043.0582628,8149,113.44,-85.39,-1430.6200000000001,-0.6310264360922555,0.6081246625431814,-0.4816534353240389,-0.6961324306995073,-0.7178913353215375,0.005627574846718427,-0.34235256079238297,0.3388457251862583,0.8763437103339627,0.5009
1,1787600043.1181042,8152,113.42,-85.4,-1430.65,-0.6302799890180342,0.6079361334545467,-0.4828672623855983,-0.6960692585941977,-0.7179595894986747,0.004649202836848455,-0.3438527630884335,0.3390393568411048,0.8756812158709466,0.49870000000000003
1,1787600043.1629817,8155,113.42,-85.4,-1430.68,-0.6298307926552104,0.6077946114870606,-0.48363093663516044,-0.6960240655459812,-0.7180068207956078,0.004087232783647757,-0.3447661131900192,0.33919303580450644,0.8752624815777091,0.49060000000000004
1,1787600043.2228215,8158,113.44,-85.37,-1430.67,-0.6299953254299113,0.607773444597263,-0.48344320243316874,-0.6961155980836282,-0.7179150293219305,0.004591816455842943,-0.3442803567459703,0.33942517690364304,0.8753636874138645,0.4938
1,1787600043.2826607,8161,113.43,-85.39,-1430.65,-0.6297032707153094,0.6076683145992434,-0.48395558709715986,-0.6961290851334656,-0.7179034275996056,0.004354936507229381,-0.3447870178554957,0.33963787785353494,0.8750817243237694,0.4872
1,1787600043.3425004,8164,113.43,-85.39,-1430.66,-0.6299953254299113,0.607773444597263,-0.48344320243316874,-0.6961155980836282,-0.7179150293219305,0.004591816455842943,-0.3442803567459703,0.33942517690364304,0.8753636874138645,0.4882
1,1787600043.4023392,8167,113.42,-85.4,-1430.66,-0.6301597751172541,0.6077523381959894,-0.48325537062869717,-0.696206869049162,-0.7178231130631287,0.005096453779008867,-0.343794492848467,0.3396572887038733,0.8754646040345656,0.49200000000000005
1,1787600043.4477239,8170,113.43,-85.37,-1430.67,-0.6297626542007662,0.6076896498790696,-0.4838515152439436,-0.696043909997905,-0.7179869684070624,0.004193870821122366,-0.34485051069823675,0.3394230437484905,0.8751400588726788,0.4924
1,1787600043.508067,8176,113.43,-85.4,-1430.67,-0.6302941581659887,0.6078207453126989,-0.4829940121257641,-0.6961346720395601,-0.7178937504234815,0.005008142098813791,-0.3436943301339164,0.3393854809363876,0.8756093322728895,0.49400000000000005
1,1787600043.567907,8179,113.42,-85.39,-1430.67,-0.6295996825570295,0.607852336486308,-0.48385925303979044,-0.6959845906807811,-0.7180478713657804,0.0035642617717026063,-0.34526756184007984,0.3390026422540211,0.8751385714764257,0.4913
1,1787600043.6127858,8182,113.42,-85.38,-1430.64,-0.6293678474988751,0.6077456828386705,-0.4842946391666868,-0.696284393228892,-0.717754044281198,0.004144353249682126,-0.3450857230899401,0.33981512166020905,0.8748951518956719,0.4938
1,1787600043.6726253,8185,113.43,-85.42,-1430.6200000000001,-0.6300492318049548,0.6079937960959889,-0.4830957559436592,-0.6960302092227179,-0.7180006421322327,0.004126226736535283,-0.3443543427218048,0.33884896606967924,0.8755578021136831,0.4989
1,1787600043.732467,8188,113.37,-85.37,-1430.6200000000001,-0.6295456392290437,0.6076317023453162,-0.48420657000151074,-0.6960702337165025,-0.7179623877107297,0.004029834557554073,-0.3451934499111307,0.33957874512054026,0.8749444313788225,0.49360000000000004
1,1787600043.792333,8191,113.46000000000001,-85.37,-1430.69,-0.629785599278936,0.6076577270251605,-0.483861742368093,-0.6961748573537863,-0.7178574659323677,0.004607232748073031,-0.3445441436584094,0.3397539483093243,0.8751323258107419,0.4927
1,1787600043.8521435,8197,113.51,-85.39,-1430.72,-0.6301066223486325,0.6076957739660224,-0.48339579102039676,-0.6959538121528174,-0.7180727056489989,0.004458783678013423,-0.34440373955919695,0.339230652662408,0.8753905576780446,0.49420000000000003
1,1787600043.9119825,8200,113.53,-85.33,-1430.75,-0.629717477677511,0.6075526650713995,-0.48408228378253354,-0.6961947126143628,-0.7178375177842288,0.004713829566452382,-0.3446285252779841,0.33998390730447353,0.8750097841388433,0.49160000000000004
1,1787600043.9718232,8203,113.67,-85.2,-1430.92,-0.6295899718168053,0.607426096459189,-0.4844068586715783,-0.6962997351245019,-0.7177338390046781,0.004981487042570229,-0.34464930908571795,0.34042866167224956,0.8748286575431662,0.4973
1,1787600044.0316617,8206,113.71000000000001,-85.02,-1431.05,-0.6292616089126079,0.6074453196909928,-0.4848092523191198,-0.6964879744075682,-0.717551389711448,0.004950215026884515,-0.3448685677970075,0.3407787943940721,0.8746059022422404,0.49620000000000003
1,1787600044.0915008,8209,113.72,-85.05,-1431.01,-0.6290822000006862,0.6074174007043325,-0.48507699075908484,-0.6966695375207921,-0.7173734206006048,0.00518949962459742,-0.3448291477425635,0.3412029846548535,0.8744560492842149,0.48860000000000003
1,1787600044.1518476,8215,113.77,-85.0,-1431.07,-0.6288038097330881,0.6071954328695591,-0.48571542611646934,-0.6967487789527945,-0.7172955673962983,0.00531112242493324,-0.3451766328895171,0.3417612840799431,0.8741008619210281,0.49400000000000005
1,1787600044.2121909,8218,113.8,-85.0,-1431.08,-0.6288935896267821,0.6071268018101587,-0.4856849796422668,-0.6968272819528303,-0.7172159785928518,0.00574274997967276,-0.34485445053322356,0.34205012289848197,0.8741150504210311,0.49210000000000004
1,1787600044.272031,8221,113.72,-84.89,-1431.08,-0.6285895955919231,0.6066156956685187,-0.48671605488434627,-0.6967848988342262,-0.7172555106712174,0.005944507410082776,-0.3454937409999779,0.34287305257248,0.8735400075265412,0.49350000000000005
1,1787600044.3318708,8224,113.53,-84.92,-1431.01,-0.6270234518723395,0.6029995353190992,-0.4931867305666752,-0.6974898129379813,-0.7165145839767647,0.010715026660889108,-0.3469143289773941,0.35071129345025975,0.8698574808533924,0.4877
1,1787600044.3767493,8227,113.31,-84.79,-1431.1200000000001,-0.6227343056990083,0.5980467077466678,-0.504521674320287,-0.6988583576113695,-0.7151040472333032,0.014939800108737944,-0.3518507929539357,0.361892714742811,0.8632697623071048,0.4978
1,1787600044.436589,8230,112.96000000000001,-84.76,-1431.15,-0.6161274592983594,0.5929925752666082,-0.5184079084825234,-0.7019607920399685,-0.7119371140330202,0.01991462028145401,-0.3572646082907857,0.3761719704350795,0.85490154305734,0.4974
1,1787600044.496428,8233,112.53,-84.75,-1431.1000000000001,-0.6071216697455798,0.5894048937972236,-0.5329213349953467,-0.7060249231398491,-0.7078623900695398,0.021439324392545738,-0.3645985271921833,0.3892720230030949,0.8458931410505517,0.4887
1,1787600044.5562696,8239,111.83,-84.7,-1431.21,-0.5865225899446922,0.5852233752240322,-0.5599150404980759,-0.7146957676362823,-0.6992077400434459,0.017846455842050885,-0.3810527669593225,0.4106362591816858,0.8283578039940928,0.497
1,1787600044.6161075,8242,111.53,-84.61,-1431.32,-0.5769433616182077,0.5837279747122259,-0.5713125318274099,-0.7187951556144176,-0.6950439188000447,0.015731344644442515,-0.3879044750320978,0.4197327750812893,0.8205818154045535,0.5035000000000001
1,1787600044.6609867,8245,111.32000000000001,-84.67,-1431.41,-0.5672093741862005,0.5821604477812333,-0.5825484862862942,-0.7224555692661382,-0.6913027079677116,0.012590329338380248,-0.39538775432686185,0.42800675110991265,0.8126984340656123,0.5008
1,1787600044.7208297,8248,110.99000000000001,-84.59,-1431.51,-0.557648914490765,0.5806212609617637,-0.5932171941931916,-0.726464487075024,-0.6871257448646301,0.010371102306386234,-0.4015931239278053,0.43673465864687083,0.8049756522718607,0.4995
1,1787600044.7806652,8251,110.8,-84.54,-1431.63,-0.547457748978206,0.5786260149220623,-0.6045510300538152,-0.7301815489332556,-0.6832140936559229,0.007308065910186798,-0.40880914701257276,0.44543286484646516,0.7965328896119251,0.4927
1,1787600044.840505,8254,110.55,-84.66,-1431.63,-0.5385504540050888,0.577107278572698,-0.6139304500587401,-0.733369956567165,-0.6798162677764448,0.004283558238192457,-0.41488783459579487,0.4525450597287741,0.7893484994725035,0.4953
1,1787600044.900345,8257,110.4,-84.62,-1431.74,-0.5304673939393649,0.5758150092414847,-0.622126529814802,-0.7363751788881723,-0.6765713449228006,0.0016766474779765896,-0.41994754420592956,0.4590079415016499,0.7829149185919417,0.49770000000000003
1,1787600044.9452233,8260,110.15,-84.61,-1431.76,-0.5239494985639681,0.5742296742840992,-0.6290764692198743,-0.7388086226315576,-0.6739152654213656,0.00018481696619750961,-0.4238381083383454,0.464863954511024,0.7773434001241314,0.4973
1,1787600045.0050628,8266,109.77,-84.67,-1431.82,-0.5118413985424132,0.5709833292570617,-0.641869473061828,-0.7431967308083985,-0.6690681482793475,-0.002536192767532173,-0.4309025435685609,0.475737165532153,0.7668097203854275,0.49110000000000004
1,1787600045.064902,8269,109.74000000000001,-84.93,-1431.74,-0.5087424377507181,0.5703416928947715,-0.6448964919871891,-0.7437758968544805,-0.6684146158488223,-0.004395062910199544,-0.43356492857445234,0.47742251168707733,0.764257285241451,0.49150000000000005
1,1787600045.1252472,8272,109.49000000000001,-84.91,-1431.55,-0.5088309617515994,0.5703710897707039,-0.6448006454065641,-0.7435765753664294,-0.6686344392135296,-0.004675816927699503,-0.43380286874256035,0.4770794552811807,0.7643364863849802,0.4912
1,1787600045.1850867,8275,109.55,-84.94,-1431.58,-0.509131994274535,0.5703195287159384,-0.6446086002926619,-0.7436487479243148,-0.6685576300007999,-0.004151515182730279,-0.43332568827226664,0.4772487093046387,0.7645014828961568,0.48810000000000003
1,1787600045.2449257,8278,109.48,-84.9,-1431.55,-0.5088444957397569,0.5702924827979755,-0.6448594910672193,-0.7436189769785698,-0.6685884605850315,-0.004504159176029138,-0.43371430254569404,0.4772378384376687,0.7642878707206101,0.4914
1,1787600045.3047657,8284,109.47,-84.94,-1431.54,-0.5089465546359837,0.5702432396290144,-0.6448224966466106,-0.7434619946513216,-0.668762274784711,-0.004613277994776362,-0.4338636502787945,0.4770531076119148,0.7643184319932204,0.4897
1,1787600045.3643422,8287,109.55,-84.95,-1431.6200000000001,-0.5092268280233644,0.5703829519140615,-0.6444775603440857,-0.7436678944006732,-0.6685368021854815,-0.004075163957408548,-0.4331813713202961,0.47720208747386267,0.7646123640457666,0.4917
1,1787600045.424182,8290,109.5,-84.93,-1431.57,-0.5089529200527527,0.5702773110298535,-0.6447873398992385,-0.7436805392779318,-0.6685216081298172,-0.004256167619769307,-0.43348146519668035,0.4773496077175332,0.7643501627806829,0.4872
1,1787600045.484021,8293,109.54,-84.95,-1431.59,-0.509131994274535,0.5703195287159384,-0.6446086002926619,-0.7436487479243148,-0.6685576300007999,-0.004151515182730279,-0.43332568827226664,0.4772487093046387,0.7645014828961568,0.48900000000000005
1,1787600045.5438602,8296,109.51,-84.94,-1431.57,-0.5087360587303836,0.570307670684812,-0.6449316113399466,-0.7435573492744969,-0.668655281570058,-0.004752133031641109,-0.4339471060940028,0.47712605796218127,0.7642255124805176,0.49310000000000004
1,1787600045.6037,8302,109.52,-84.94,-1431.6000000000001,-0.5085975076915237,0.5700294802897246,-0.6452867322133605,-0.7437163103906569,-0.6684812619991589,-0.0043418907079737865,-0.43383709480504157,0.4777019928330199,0.7639281256862342,0.4877
1,1787600045.663539,8305,109.49000000000001,-84.97,-1431.58,-0.5083940352734041,0.5699812091577046,-0.6454896793176056,-0.7436354455987378,-0.6685690323114741,-0.0046661636560886635,-0.4342140358712405,0.47763675553836904,0.7637547386505625,0.4879
1,1787600045.7238872,8308,109.48,-84.99,-1431.54,-0.508366934811414,0.5701385647610414,-0.6453720450737445,-0.7435505049390274,-0.6686610144981906,-0.005009420641946566,-0.43439119028286566,0.4773200861711881,0.7638519680816203,0.4922
1,1787600045.7837267,8311,109.42,-85.01,-1431.49,-0.5079975620400806,0.5699693506838008,-0.6458122143800171,-0.7435435121170274,-0.6686668135011168,-0.005266698295779241,-0.43483505211747886,0.4775140121539361,0.7634781238821713,0.48810000000000003
1,1787600045.8440707,8314,109.44,-84.96000000000001,-1431.53,-0.5081876123820946,0.5700962753051412,-0.6455506080119439,-0.7435821272651795,-0.6686250561488503,-0.00511412766138848,-0.43454685666010306,0.4774209580371931,0.7637003720004806,0.49250000000000005
1,1787600045.9039109,8320,109.49000000000001,-84.93,-1431.56,-0.5090307837346982,0.5702220150634839,-0.6447747783120694,-0.7434110583308817,-0.668819091115639,-0.004584943904624243,-0.4338521171572138,0.4769988227408848,0.764358857829235,0.49570000000000003
1,1787600045.96375,8323,109.42,-84.89,-1431.55,-0.5081740693750385,0.570174969881912,-0.6454917651953233,-0.7435396073686804,-0.668671004972993,-0.005285771697321424,-0.4346354420532709,0.4772626015398319,0.7637489389076684,0.48960000000000004
1,1787600046.023589,8326,109.44,-85.0,-1431.53,-0.5084960264195578,0.5699320502916955,-0.6454527474306886,-0.7434784367681447,-0.6687428591346142,-0.004775187667205716,-0.4343634482507889,0.47745203571329087,0.763785276381339,0.4919
1,1787600046.0834284,8329,109.4,-84.98,-1431.48,-0.5087431749845808,0.5701950334177287,-0.6450255853625989,-0.7433810805280656,-0.6688499007996974,-0.004937541205937138,-0.43424066025596175,0.47698787622537114,0.7641450221747678,0.49310000000000004
1,1787600046.1432676,8332,109.42,-85.06,-1431.47,-0.5084689484227215,0.5700893967699713,-0.6453351130849321,-0.7433934488605527,-0.6688347937196621,-0.0051184862205231165,-0.43454057196204876,0.47713530408095695,0.7638824470548254,0.4937
1,1787600046.203107,8338,109.43,-84.99,-1431.52,-0.508634700223331,0.5702102592260323,-0.6450976685759321,-0.7433193213856726,-0.6689166594156587,-0.005185480781828684,-0.4344733918014604,0.47687604577036213,0.7640825274713184,0.49360000000000004
1,1787600046.2629461,8341,109.51,-84.98,-1431.59,-0.5082383644008514,0.5701985828578178,-0.645420282496672,-0.7432271293174096,-0.6690141677611765,-0.005785981457166454,-0.4350944715780124,0.4767532060109892,0.7638057222622083,0.49500000000000005
1,1787600046.3227875,8344,109.49000000000001,-84.98,-1431.56,-0.5085807152251766,0.5705247293736572,-0.6448621474967831,-0.7431491652382778,-0.6691000188486902,-0.00587222124353427,-0.43482752248069406,0.47624226812600046,0.7642763425250738,0.4975
1,1787600046.3826256,8347,109.46000000000001,-85.01,-1431.52,-0.5082584095542169,0.5701538002763081,-0.6454440588834183,-0.7434887085363759,-0.6687278225278789,-0.005257343058395906,-0.43462389418476505,0.47720828095036805,0.7637894521372134,0.49050000000000005
1,1787600046.4275377,8350,109.43,-84.95,-1431.55,-0.5088004146320113,0.5703310278698238,-0.6448601838532468,-0.7432452013296089,-0.6689984917026545,-0.005252504172516642,-0.4344061564605205,0.47661676087662225,0.7642825096001309,0.4968
1,1787600046.487344,8353,109.42,-85.01,-1431.49,-0.5084689484227215,0.5700893967699713,-0.6453351130849321,-0.7433934488605527,-0.6688347937196621,-0.0051184862205231165,-0.43454057196204876,0.47713530408095695,0.7638824470548254,0.4928
1,1787600046.5471835,8356,109.53,-84.96000000000001,-1431.6000000000001,-0.5079569497304844,0.5702054929819002,-0.645635681320178,-0.7434157936537037,-0.6688045534959097,-0.005781606123812033,-0.4351007871364244,0.4770389554285952,0.7636236900704815,0.4928
1,1787600046.592063,8359,109.52,-85.01,-1431.57,-0.5089088464626403,0.5703158075743208,-0.6447880780713263,-0.7433069528379084,-0.6689317814031583,-0.005004567076245209,-0.43417342140541965,0.4767285930795921,0.7643450063194398,0.49200000000000005
1,1787600046.6519027,8365,109.49000000000001,-84.98,-1431.53,-0.5094881652385581,0.5704201166493401,-0.6442380771140437,-0.7432182833593659,-0.6690331411689953,-0.004608611277183133,-0.43364546897460443,0.4764614848435287,0.7648111274677527,0.4988
1,1787600046.7117424,8368,109.49000000000001,-84.99,-1431.53,-0.5092205421410119,0.5703488121454758,-0.6445127399406926,-0.7434494486799054,-0.6687774456024073,-0.004432325694700116,-0.433563555570759,0.4769056098828824,0.7645807233661317,0.4898
1,1787600046.771581,8371,109.52,-84.85000000000001,-1431.64,-0.5089088464626403,0.5703158075743208,-0.6447880780713263,-0.7433069528379084,-0.6689317814031583,-0.005004567076245209,-0.43417342140541965,0.4767285930795921,0.7643450063194398,0.48900000000000005
1,1787600046.8314204,8374,109.47,-85.0,-1431.51,-0.5084689484227215,0.5700893967699713,-0.6453351130849321,-0.7433934488605527,-0.6688347937196621,-0.0051184862205231165,-0.43454057196204876,0.47713530408095695,0.7638824470548254,0.4897
1,1787600046.8763008,8377,109.47,-84.93,-1431.54,-0.5090172656122569,0.5703006033906624,-0.644715941388816,-0.7433686389775227,-0.6688650396192493,-0.004756612223559304,-0.43394065250138336,0.4768404141297026,0.764407436881201,0.4913
1,1787600046.9361396,8380,109.52,-84.92,-1431.57,-0.50862119034198,0.5702888873968627,-0.6450388125118951,-0.7432768081557898,-0.6689625455742126,-0.005357151912221922,-0.43456193021576167,0.47671762871800527,0.7641310301752139,0.4914
1,1787600046.9959786,8383,109.49000000000001,-84.95,-1431.55,-0.5078754220956659,0.5700633451276664,-0.6458253155250298,-0.743439021756347,-0.6687795510470058,-0.005686214147483202,-0.43515626682964675,0.47724385238913297,0.7634640324178111,0.4879
1,1787600047.0408692,8386,109.44,-85.0,-1431.52,-0.5083739452118349,0.5700259682785777,-0.6454659768863297,-0.7433741543446812,-0.6688556504684625,-0.005194755888359832,-0.43468471158080074,0.4771818461807611,0.7637713579294763,0.4913
1,1787600047.1006973,8392,109.43,-85.01,-1431.5,-0.5087161496590548,0.5703522702178333,-0.6449078747646285,-0.7432961069928663,-0.6689417086067885,-0.005280891542137605,-0.4344177441188557,0.47667103786950793,0.7642420724162537,0.49410000000000004
1,1787600047.1607478,8395,109.42,-85.10000000000001,-1431.46,-0.5088139181193893,0.5702524270788317,-0.6449190384371493,-0.7432876908115544,-0.6689526095383822,-0.00508083455898726,-0.43431763194236356,0.4767751835010821,0.7642340079985234,0.4943
1,1787600047.2205873,8398,109.45,-85.23,-1431.41,-0.509420312916086,0.5701996721447428,-0.6444868335928241,-0.743283868873659,-0.668962062854573,-0.00434151281920138,-0.43361277086898836,0.4768250122921218,0.7646030817306033,0.49060000000000004
1,1787600047.2809322,8401,109.55,-85.32000000000001,-1431.43,-0.5097962273607834,0.5702557313170807,-0.6441398974359015,-0.7431141934393147,-0.6691510022970466,-0.004269851741514608,-0.4334617654162232,0.4764927460359488,0.7648957843375603,0.49110000000000004
1,1787600047.3258111,8404,109.59,-85.39,-1431.47,-0.5101585850107866,0.5703900566113039,-0.6437339523892972,-0.7429020861019924,-0.6693858328170996,-0.004370044515369784,-0.4333990177712684,0.4760018803982942,0.7652368922446093,0.49260000000000004
1,1787600047.3861568,8407,109.62,-85.48,-1431.45,-0.5097220708119844,0.5700010901537117,-0.6444239037704317,-0.7429611575232108,-0.6693203341671174,-0.0043598947451590885,-0.4338111673745999,0.47655959490288136,0.7646560164983264,0.4892
1,1787600047.4459953,8410,109.71000000000001,-85.47,-1431.53,-0.5096136857820399,0.5700162879209818,-0.6444961774661111,-0.7428995547669568,-0.6693870474354322,-0.004607846865099772,-0.43404394108281485,0.4764477014641368,0.7645936469647383,0.4883
1,1787600047.4908762,8413,109.83,-85.47,-1431.64,-0.5100637721745451,0.5703267597540813,-0.6438651531364967,-0.7428829300604928,-0.6694065898867235,-0.004446306440788996,-0.43354342405324403,0.4760485316904557,0.7651260647341394,0.4887
1,1787600047.5507143,8419,109.89,-88.45,-1430.88,-0.5100023550014976,0.5703667796057171,-0.643878353895462,-0.7408987743940073,-0.671568520516444,-0.00804539326649607,-0.4369972585662117,0.4729455137471525,0.7650855749731906,0.4878
1,1787600047.6105535,8422,109.92,-91.2,-1430.38,-0.510510101578637,0.5708369229325897,-0.6430588181519811,-0.738208007039657,-0.6744543538248755,-0.012659500353788183,-0.440940329895903,0.46824836574570394,0.7657121479040082,0.4933
1,1787600047.6703937,8425,109.89,-93.93,-1430.08,-0.5123999268411924,0.5714502803499161,-0.641007716069895,-0.7358307242728969,-0.6769919420195947,-0.015331524926177299,-0.44271826276895887,0.46381729972968905,0.7673812952387455,0.49710000000000004
1,1787600047.7302325,8428,109.95,-96.06,-1430.3,-0.5113232378135424,0.5715798653930917,-0.6417515126192463,-0.7334223562458768,-0.6794550067127232,-0.02079762514710288,-0.4479287820966873,0.46004059748051435,0.7666305856402742,0.49150000000000005
1,1787600047.775112,8431,109.97,-97.82000000000001,-1430.88,-0.5107080882120043,0.5715274017069609,-0.6422878464776753,-0.7315662724732744,-0.6813274852360628,-0.024569225495760665,-0.4516503488478654,0.4573284235207701,0.7660696283142993,0.48550000000000004
1,1787600047.834952,8434,110.01,-100.16,-1431.52,-0.511528771185357,0.5720897631181202,-0.6411330744744431,-0.7289011552430898,-0.6840130248741643,-0.02879735556930873,-0.4550180459442108,0.4525919627412192,0.7668892313282036,0.4893
1,1787600047.894791,8437,110.02,-103.60000000000001,-1432.01,-0.5109863168310372,0.5723236405797908,-0.6413568698041251,-0.7257010323717578,-0.6871205830221296,-0.0349759346107241,-0.460707060534149,0.44756111853111546,0.76644507275679,0.4864
1,1787600047.9546301,8443,110.10000000000001,-112.16,-1433.57,-0.5098102676613532,0.5724422445974181,-0.6421863962957552,-0.717058111688426,-0.6951861034698579,-0.05043754558089434,-0.4753116403465078,0.4347713860670521,0.7648873684461304,0.4877
1,1787600048.0144708,8446,110.13,-116.05,-1435.1200000000001,-0.5106887694925908,0.5731280079006996,-0.6408753913780113,-0.713589655880988,-0.6983318467081363,-0.05587875171169591,-0.4795693732233083,0.4287853990436006,0.765608449426483,0.49110000000000004
1,1787600048.074309,8449,110.16,-119.43,-1437.22,-0.5097605983487349,0.5728631702326931,-0.6418503879893571,-0.710596018587207,-0.7009305416812819,-0.06123458260161739,-0.4849715772487594,0.4248813527672557,0.7643810602909504,0.4922
1,1787600048.1341486,8452,110.25,-122.73,-1439.7,-0.5091581175536525,0.5731253284073133,-0.6420945173938417,-0.7077625874488007,-0.7033101756845037,-0.06653507786432064,-0.4897245461859143,0.4205736020206712,0.7637327504738544,0.497
1,1787600048.1939876,8455,110.32000000000001,-126.45,-1442.26,-0.5080991199044453,0.5726276317986445,-0.6433761571996617,-0.7056780104774355,-0.7050450771697149,-0.07021384968337027,-0.49381558286564453,0.41834081137205176,0.7623235111549669,0.49620000000000003
1,1787600048.2538269,8461,110.37,-135.45,-1447.18,-0.5056282152153665,0.571908180094966,-0.6459575384795714,-0.6996262631707754,-0.7099147523184655,-0.08089583624828191,-0.5048397764239859,0.41102564151288157,0.7590749120864845,0.5147
1,1787600048.313666,8464,110.46000000000001,-140.97,-1449.42,-0.5060037943127078,0.5721877414629465,-0.645415640235558,-0.6962462597685909,-0.7126408849336804,-0.08593087267791986,-0.5091181649670249,0.40588687788652805,0.7589825666378218,0.5083
1,1787600048.3585556,8467,110.42,-147.19,-1451.46,-0.5052250795617211,0.5717358769799185,-0.6464253289869262,-0.6923632079958976,-0.7156781513064551,-0.09185843432262537,-0.5151512469124789,0.40115192971812813,0.7574274368465538,0.5032
1,1787600048.418427,8470,110.44,-154.01,-1453.3500000000001,-0.5051272178174857,0.5720813749629756,-0.6461960958102715,-0.6877329543139344,-0.7191695056748191,-0.09908887756990757,-0.5214114281166017,0.39435786099418335,0.756711305651963,0.49470000000000003
1,1787600048.47823,8473,110.41,-160.95000000000002,-1455.28,-0.5049811993433307,0.5723613894024638,-0.6460622479537494,-0.6837372744529807,-0.7220924623882347,-0.10528919833347045,-0.5267801513282181,0.38856777489052885,0.7559879340857516,0.4778
1,1787600048.5231097,8476,110.47,-167.66,-1457.27,-0.5051839212039655,0.5724199555729628,-0.6458518407644532,-0.680078240046278,-0.7247771496237457,-0.1104158992121861,-0.5313029203500981,0.3834494462704643,0.7554361183993863,0.46540000000000004
1,1787600048.5828922,8479,110.52,-173.86,-1459.3700000000001,-0.5064195121701428,0.572455959814276,-0.6448514959015529,-0.6773011826098042,-0.7269134181049768,-0.11340189863622,-0.5336687977844639,0.3793297465953007,0.7558482371608931,0.45840000000000003
1,1787600048.6427314,8482,110.59,-179.85,-1461.46,-0.5069776029115571,0.5727207675615766,-0.6441774852862603,-0.6748332407152651,-0.7286776217352455,-0.11674339727796003,-0.5362590860505625,0.3755260922838052,0.7559142455611421,0.44880000000000003
1,1787600048.7025716,8488,110.67,-190.75,-1465.83,-0.5077152782027547,0.5735022980661556,-0.6428999225325336,-0.6690017351996399,-0.7326361798080913,-0.12522342566819128,-0.5428276656355774,0.36652331733335136,0.7556446143999078,0.4516
1,1787600048.762916,8491,110.72,-195.3,-1468.16,-0.5076057642857648,0.5737962669650698,-0.6427240714963266,-0.6671304411972759,-0.7338195825065111,-0.12824115859542762,-0.5452278078856514,0.3636848420637299,0.7552880067638355,0.4691
1,1787600048.8077962,8494,110.8,-199.43,-1470.54,-0.5076601082084357,0.573857219966734,-0.6426267233984679,-0.6664138386393769,-0.7342915637571493,-0.1292613440476735,-0.5460529371807554,0.3626345136458083,0.7551969275024483,0.4617
1,1787600048.8678184,8497,110.84,-203.47,-1472.81,-0.5067707666468653,0.5740474988141655,-0.6431585023750747,-0.6644378389322935,-0.7354368056361774,-0.13287235645776363,-0.5492774783905962,0.3600030194607486,0.7541167533691396,0.47440000000000004
1,1787600048.9276574,8500,110.88,-207.65,-1474.94,-0.5069751294546214,0.5741904788079754,-0.6428697474300201,-0.6627471731452086,-0.7365371774405933,-0.13520048348981262,-0.5511282995841393,0.3575168251902449,0.7539491475579657,0.4751
1,1787600048.9725502,8503,110.9,-211.98000000000002,-1476.94,-0.5068866658629995,0.5742561593000406,-0.6428808376956481,-0.6610278951525925,-0.7376205998345582,-0.13768795346666887,-0.5532703044628591,0.3551699793136702,0.7534893867825226,0.4697
1,1787600049.0323763,8506,110.95,-216.38,-1478.92,-0.5063727425056487,0.5743913415598553,-0.6431650117880928,-0.658778983217955,-0.7389537251466322,-0.14127152353617844,-0.5564143212729391,0.35216754369615777,0.7525829683492641,0.47390000000000004
1,1787600049.0922155,8509,110.96000000000001,-220.74,-1480.83,-0.5058524947145808,0.5746046609611978,-0.6433838179443918,-0.6564543346387924,-0.7402939926230587,-0.14502589775674987,-0.5596257321862315,0.34899038394757803,0.7516812833822235,0.4782
1,1787600049.1520548,8515,111.05,-229.29,-1484.63,-0.5058563615167075,0.5749318658570779,-0.6430884007157779,-0.6523277598279476,-0.742760271335868,-0.15091611273459044,-0.5644269972909958,0.34316254012809566,0.7507740244453742,0.4783
1,1787600049.211894,8518,111.10000000000001,-233.34,-1486.5,-0.5055381043525694,0.5752188490075549,-0.643082032709696,-0.6497466395786363,-0.7442029081395327,-0.15489136797424216,-0.567679953322187,0.3395369011802489,0.7499694415994784,0.48950000000000005
1,1787600049.256775,8521,111.16,-237.29,-1488.45,-0.5055512106018004,0.5754134361439576,-0.6428976209040269,-0.6479465755221558,-0.7452281480790245,-0.15748092767004745,-0.5697220451484787,0.33694863824581833,0.7495881578948026,0.49400000000000005
1,1787600049.3166134,8524,111.17,-241.21,-1490.3600000000001,-0.5046741360258796,0.5753924254331911,-0.6436051376275997,-0.6460522795129163,-0.7462197334360804,-0.16053834920899757,-0.5726434043649651,0.3347830135844633,0.7483313873228948,0.4874
1,1787600049.3764522,8527,111.28,-244.96,-1492.3600000000001,-0.5048985930081408,0.5754882091414748,-0.6433434012388236,-0.6446504074433429,-0.7470446146279885,-0.1623274343370596,-0.5740237477330812,0.3327726925311908,0.7481704833418716,0.48510000000000003
1,1787600049.436292,8530,111.37,-248.16,-1494.54,-0.5051436216167452,0.5754798372441036,-0.6431585173698772,-0.6431585173698772,-0.7479437975669029,-0.16409508589772284,-0.5754798372441036,0.33076129248553193,0.747943797566903,0.4878
1,1787600049.4961317,8536,111.61,-250.08,-1499.73,-0.5054415842873837,0.575128647859742,-0.6432385586110989,-0.6451977029780397,-0.7468961461659636,-0.16082932230875233,-0.5729299511676105,0.3337262130151842,0.7485840539322375,0.4882
1,1787600049.5709312,8539,111.71000000000001,-249.38,-1502.67,-0.5051074423130943,0.5748754591948946,-0.6437271767879489,-0.6463358010839154,-0.7462451513896304,-0.15927399745307047,-0.5719409969193827,0.33561343900822344,0.7484965701991801,0.49150000000000005
1,1787600049.6307695,8542,111.82000000000001,-248.79,-1505.48,-0.5064393225609484,0.5730512730160073,-0.644306954066725,-0.6477214800947928,-0.7460619059135454,-0.15442964990072092,-0.5691889816113964,0.33912220664442133,0.7490127049475193,0.4862
1,1787600049.6906092,8545,111.85000000000001,-248.93,-1507.98,-0.5085272705615232,0.5713168362214097,-0.6442026759842013,-0.6477759623084701,-0.7467362308010119,-0.15090163771289275,-0.5672621243751275,0.3405614104079565,0.7498210506449927,0.4889
1,1787600049.7504485,8551,112.15,-251.71,-1512.4,-0.5138242475433998,0.5707094228168565,-0.6405274368397572,-0.6447661443648174,-0.749416372580911,-0.15050488227494932,-0.5659163027492548,0.3356573479245155,0.753042417840386,0.49050000000000005
1,1787600049.8102884,8554,112.37,-252.94,-1514.74,-0.5208090353952984,0.5722590363328395,-0.633464714081241,-0.6423157013119324,-0.7514642465607869,-0.15077143625033593,-0.5623064009050397,0.32836120580275385,0.7589403336395967,0.4894
1,1787600049.8701272,8557,112.76,-253.06,-1517.57,-0.5327416451100505,0.5748446101271402,-0.6210797161179985,-0.6399071367499296,-0.7538924633546193,-0.14887917931534642,-0.5538097109133643,0.31811920392343557,0.769477079706196,0.4934
1,1787600049.9299672,8560,113.15,-251.70000000000002,-1520.83,-0.5462021048479857,0.5770626554631788,-0.6071753884417704,-0.6385908708754678,-0.7559536092203343,-0.14399944562831454,-0.5420931288018155,0.30908385978005215,0.7814103962255193,0.48610000000000003
1,1787600049.9898067,8563,113.57000000000001,-248.84,-1524.46,-0.5585448012750996,0.5788318063265485,-0.5941224157977079,-0.638851688523924,-0.7570403762723907,-0.1369612673842071,-0.5290521950041325,0.30305710464878066,0.7926286433653577,0.4811
1,1787600050.0496457,8569,114.48,-241.28,-1532.21,-0.5734459741122193,0.5812243026412542,-0.5773543320991674,-0.6420655421912526,-0.7565682888539403,-0.12392039312104189,-0.5088335231734843,0.29963767173005534,0.8070351363943523,0.4828
1,1787600050.109485,8572,114.85000000000001,-238.76,-1535.73,-0.5777629488934287,0.5816240306015793,-0.5726285549225977,-0.6428777553219813,-0.756544307568299,-0.11978690411799442,-0.5028898155641451,0.2989217250598826,0.8110164213436641,0.4761
1,1787600050.1693265,8575,115.19,-238.01,-1538.82,-0.5814855285676506,0.5821688881629271,-0.5682903885528431,-0.6417350978886842,-0.7575693949233685,-0.1194348190991321,-0.5000506416396253,0.29524226921391666,0.8141138484666726,0.4823
1,1787600050.229166,8578,115.43,-238.66,-1541.75,-0.5831850468412773,0.5825016692418417,-0.5662040325458707,-0.640003993019696,-0.7587259050992986,-0.1213667575990031,-0.5002900059561278,0.2915935634778625,0.8152809967604417,0.4887
1,1787600050.2895195,8581,115.60000000000001,-240.20000000000002,-1544.74,-0.5867066593867651,0.5830509301111746,-0.561984794036028,-0.6371272121199582,-0.760707555549546,-0.12406824938752226,-0.4998441871298219,0.2852641369438661,0.8177898023124273,0.4803
1,1787600050.349864,8587,116.04,-245.37,-1551.3500000000001,-0.5972129921737379,0.5849203729553154,-0.5488212817308612,-0.6281028070108441,-0.7665883145947525,-0.1335261013879858,-0.49882211839892276,0.2649726650592304,0.8252066292556186,0.4813
1,1787600050.409703,8590,116.38,-248.44,-1555.08,-0.6051913816053027,0.5858495001312309,-0.5390025554917637,-0.6222861059875652,-0.7704098722550199,-0.13866733943808307,-0.4964910814158676,0.25149352263625113,0.8308114191238055,0.4843
1,1787600050.4550884,8593,116.73,-251.32,-1559.02,-0.6155438527298728,0.587142129400307,-0.5257089358663576,-0.6164563114622894,-0.7742981495215283,-0.14298248740963385,-0.49100649835289745,0.2360646003339134,0.8385619375123201,0.47900000000000004
1,1787600050.5149274,8596,117.09,-253.20000000000002,-1563.3,-0.6256885584220717,0.588156584624417,-0.5124311269064857,-0.6113843445917897,-0.7777225780397381,-0.14613957299544586,-0.4844822092169924,0.22185450991621639,0.8462018467139254,0.4828
1,1787600050.5752716,8599,117.55,-253.56,-1567.97,-0.633945870594865,0.5889968730928661,-0.5011938912661896,-0.6090172481276894,-0.7796264294234723,-0.14587879224679695,-0.47666615638064264,0.2127564664851201,0.8529502103464602,0.48510000000000003
1,1787600050.6351109,8602,117.9,-253.57,-1572.5,-0.6417826493261436,0.5895778524821815,-0.4904212341308389,-0.606322960373218,-0.7816560228044284,-0.1462406569248791,-0.4695609638249046,0.20349893826765275,0.8591278620646432,0.48410000000000003
1,1787600050.6949518,8608,118.68,-254.51000000000002,-1580.91,-0.6549377267082314,0.5902407859539424,-0.4718817529113905,-0.6003726773405562,-0.7856375132436406,-0.14942003241627516,-0.4589218042730006,0.18544409502818085,0.8689080878792604,0.4864
1,1787600050.7547903,8611,118.95,-256.32,-1584.52,-0.6604515701621203,0.5900536560375027,-0.46437097935504773,-0.5963187709442473,-0.7880011360351258,-0.1531604812831732,-0.45629776121512144,0.17575805132092082,0.8722966585433767,0.48650000000000004
1,1787600050.814629,8614,119.10000000000001,-259.35,-1587.6100000000001,-0.6648084530291457,0.5888142654608094,-0.459703688881046,-0.5911246842441664,-0.7909166013348845,-0.1581851365018524,-0.4567289441870622,0.16657938204568615,0.873870688957496,0.48550000000000004
1,1787600050.8744686,8617,119.38,-263.29,-1590.48,-0.6698555849881481,0.587083188636161,-0.4545622343320914,-0.5865853410220153,-0.7937693561012175,-0.1607726562968482,-0.4552044957579743,0.15894508150759537,0.8760852287912817,0.4867
1,1787600050.9203455,8620,119.52,-267.96,-1593.06,-0.673919723483199,0.5852830342920834,-0.45086137123308817,-0.5810187348129435,-0.7968036515752054,-0.16589505909696334,-0.4563435505150641,0.15015895113602323,0.8770421046318325,0.4813
1,1787600050.9791873,8623,119.73,-272.75,-1595.66,-0.6787741463249592,0.5833391214116204,-0.4460730071541448,-0.5754599342020261,-0.7998871267228308,-0.17037150181674648,-0.4561924181845008,0.1410533726424607,0.8786309940226127,0.4773
1,1787600051.0390267,8626,119.87,-276.95,-1598.25,-0.6835141532732026,0.580539961123708,-0.44247232208772175,-0.570657741844132,-0.8029730381052025,-0.17200012136465798,-0.4551462885145532,0.13493573883365645,0.8801330595068239,0.4867
1,1787600051.098866,8632,120.28,-281.81,-1603.81,-0.6965562805569475,0.5736897709219683,-0.4309169232649963,-0.5612974064370032,-0.8097990465031789,-0.17079439630630816,-0.4469391116737992,0.12290464198736423,0.886081192348756,0.47790000000000005
1,1787600051.1587052,8635,120.58,-282.42,-1606.63,-0.7035771787278654,0.5712396921178071,-0.4226870801461653,-0.5576760588189013,-0.8125075255439392,-0.1697908547439539,-0.44042770915730894,0.11626149441503866,0.8902284526585447,0.46090000000000003
1,1787600051.2035847,8638,120.85000000000001,-282.0,-1609.32,-0.7092115690043735,0.5700422735795699,-0.4148141230992378,-0.5551542693886804,-0.8142351651631089,-0.16977877662218377,-0.43453732586496563,0.10987675888940147,0.893926400933592,0.7065
1,1787600051.263424,8641,121.08,-280.68,-1611.5900000000001,-0.7127988111278469,0.569747630703332,-0.4090299404232744,-0.554336754704226,-0.8149296891784291,-0.1691164216731636,-0.429684322775121,0.10619434544027427,0.8967129662036771,1.0297
1,1787600051.3232634,8644,121.11,-278.81,-1612.94,-0.713494513042697,0.5698371392482656,-0.4076900962634704,-0.554848795447714,-0.8148369749778386,-0.16787947581281734,-0.42786492500342427,0.1064252739828198,0.8975551609842686,1.0338
1,1787600051.3831038,8647,121.14,-277.7,-1613.8500000000001,-0.712632240050244,0.5698097055376209,-0.4092336617582937,-0.5553190042443225,-0.8146419127853719,-0.16727031254375335,-0.4286911405266801,0.1080530120289142,0.8969662494349571,0.9916
1,1787600051.4429424,8650,121.05,-277.27,-1614.1100000000001,-0.7128685011293395,0.5700510004383771,-0.40848544282117843,-0.5552158913670447,-0.8145932229867976,-0.16784872664837042,-0.4284318079591042,0.10714353906413056,0.8971992242337853,1.0525
1,1787600051.4883263,8653,120.93,-277.47,-1613.42,-0.7123143038954785,0.569698283441491,-0.4099417011109247,-0.5557379300944999,-0.8145482368665079,-0.16633256708156732,-0.4286766678047462,0.10933908569894892,0.8968173051510195,0.5043
1,1787600051.5481656,8659,120.93,-277.78000000000003,-1613.72,-0.7126840501151366,0.5700487099927742,-0.40881036306221386,-0.555479936693511,-0.8145089471670844,-0.16738343680227225,-0.4283964106320898,0.10779444893101545,0.8971381566610578,1.0366
1,1787600051.608142,8662,120.87,-277.78000000000003,-1613.71,-0.7125061478514347,0.570049019078816,-0.40911991533190956,-0.555097036307773,-0.8145865118632515,-0.16827386895411767,-0.429187918697901,0.10720508634267449,0.8968304187002265,1.0276
1,1787600051.667981,8665,120.84,-277.82,-1613.68,-0.7123225123886632,0.5700899490886124,-0.4093825696001802,-0.5553141525432638,-0.814496462631511,-0.16799316755723404,-0.4292118711422833,0.10767061952500918,0.8967631835449317,1.0234
1,1787600051.7278192,8668,121.9,-277.65000000000003,-1616.97,-0.5761562042075207,0.5452432960282615,-0.6088955382406901,-0.529986108125783,-0.8163535774984144,-0.2295246429018606,-0.6222208237811301,0.19046412954091446,0.7593185509464087,0.3733
1,1787600051.7876835,8671,120.81,-277.84000000000003,-1613.68,-0.7128675620195816,0.5700076357428782,-0.408547591126263,-0.5552629364289348,-0.8145991579058465,-0.1676641982278939,-0.42837239692652296,0.10732896689105001,0.8972054293290502,1.0395
1,1787600051.847498,8677,120.78,-277.82,-1613.63,-0.7123490222006522,0.5699169941202914,-0.409577209305726,-0.5551344480666514,-0.8146152247430877,-0.1680112501783831,-0.429400297088287,0.10768776824533319,0.8966709147902758,1.0096
1,1787600051.9073377,8680,120.73,-277.83,-1613.58,-0.7120362850824861,0.5700668172484202,-0.40991237185304524,-0.555270734259624,-0.8144873790258633,-0.16818062041257328,-0.4297426443823221,0.1078616395195081,0.8964859877987235,1.0067000000000002
1,1787600051.9671772,8683,120.78,-277.83,-1613.63,-0.71239917415337,0.5700690695561385,-0.40927823372492583,-0.5553896898150407,-0.8144939542072601,-0.16775545000677153,-0.42898684025590955,0.1078000672319833,0.8968553040440975,1.0166
1,1787600052.0270162,8686,120.75,-277.81,-1613.65,-0.7123537832950165,0.5701342834752644,-0.40926640007631154,-0.5548985372693944,-0.8145851898918728,-0.16893366078170488,-0.4296972198671561,0.10676079437213162,0.8966395217831234,1.014
1,1787600052.0868556,8689,120.77,-277.82,-1613.65,-0.7121121093848379,0.5700023822782185,-0.40987025735546145,-0.5553935296971515,-0.8144907208673069,-0.1677584358284082,-0.42945822944497875,0.10817647534566088,0.8965843403404798,1.0257
1,1787600052.1466951,8695,120.76,-277.82,-1613.64,-0.712273249351334,0.5699813938185074,-0.40961937083004774,-0.5550116432393457,-0.8146117278447184,-0.16843339552061556,-0.4296846449749559,0.10737291818030445,0.8965724523507242,1.0207
1,1787600052.2070396,8698,120.75,-277.82,-1613.6200000000001,-0.7120645781872089,0.5699809144892606,-0.40998267476694444,-0.5549965507058737,-0.8145942522432913,-0.168567591537565,-0.4300498403623171,0.10750795938059227,0.8963811541270634,1.0378
1,1787600052.2668803,8701,120.76,-277.81,-1613.64,-0.7124275959735381,0.5699830352285574,-0.4093485801209117,-0.5551157340746448,-0.814600885201393,-0.16814255740851514,-0.42929412094522534,0.10744643959084238,0.8967507013329389,1.0144
1,1787600052.326718,8704,120.76,-277.84000000000003,-1613.63,-0.711671916465686,0.5700209171835954,-0.4106083745946132,-0.5551987012423291,-0.8144867648856154,-0.16842123371177092,-0.4304387127720838,0.1081085741249818,0.8961222298033761,1.0208000000000002
1,1787600052.386557,8707,120.72,-277.8,-1613.49,-0.7122713617316029,0.5698944068021405,-0.4097436666412849,-0.5551060107271115,-0.8146236325316952,-0.1680644345942877,-0.4295658553838282,0.1077436885228179,0.8965848947377253,0.8068000000000001
1,1787600052.4463968,8713,120.76,-277.81,-1613.6100000000001,-0.7131270594314931,0.5702466334625623,-0.4077604371824295,-0.555438734386851,-0.8144836657419265,-0.16764298548501008,-0.4277120637173159,0.10693519188839591,0.8975674098843311,1.0090000000000001
1,1787600052.506237,8716,120.75,-277.83,-1613.5900000000001,-0.7135181111215082,0.5702052367472996,-0.40713375331400786,-0.5552366092804739,-0.8145912713463985,-0.16778965510716343,-0.42732214173421645,0.10633460693591001,0.8978244475126905,1.0225
1,1787600052.566075,8719,120.76,-277.82,-1613.6000000000001,-0.7135190652348029,0.5702484237850419,-0.40707158917950553,-0.5551896740161606,-0.8145852279428744,-0.16797420124258547,-0.42738152675599145,0.10614914784363784,0.8978181269053255,1.0192
1,1787600052.625916,8722,120.74000000000001,-277.81,-1613.5900000000001,-0.7144470286483287,0.5702512720206655,-0.40543671517807495,-0.5554403403082171,-0.8146168447447266,-0.16698929491568745,-0.4255014355015345,0.10589090148336325,0.8987411448070985,1.0214
1,1787600052.6707942,8725,120.75,-277.83,-1613.6100000000001,-0.7134855321364313,0.57011880266285,-0.40731185384453467,-0.5556975557110576,-0.8145080512727975,-0.16666391627627625,-0.42677701672975454,0.10742990860122688,0.8979533354964404,1.0205
1,1787600052.730634,8728,120.74000000000001,-277.82,-1613.6000000000001,-0.7129459588139505,0.5700734979334956,-0.4083188297944698,-0.5552442796042233,-0.8145848387006429,-0.16779550210251298,-0.42826609692765033,0.10708756936692553,0.8972850175442808,1.0065
1,1787600052.7904732,8731,120.76,-277.82,-1613.63,-0.7129191964860936,0.5702463928712039,-0.4081240873790757,-0.5554239677257493,-0.8144660877651239,-0.16777725696994683,-0.42807760436328457,0.1070702727088813,0.8973770229645047,1.0290000000000001
1,1787600052.8353527,8734,120.75,-277.82,-1613.6100000000001,-0.7139117620219985,0.570292667067173,-0.40632040305165124,-0.5548937925678742,-0.8146802755580067,-0.16849014091741804,-0.4271099097612777,0.10517757606134925,0.8980616919107353,1.0328
1,1787600052.8951926,8740,120.76,-277.83,-1613.6100000000001,-0.7135655151658389,0.5702709090321715,-0.40695865376931334,-0.5555852652675319,-0.8144821076776912,-0.16716431823362285,-0.42678948977653736,0.10681753874962033,0.8980204590273854,1.0389000000000002
1,1787600052.9550316,8743,120.75,-277.82,-1613.6100000000001,-0.7140641035545857,0.570251061873084,-0.40611104694086575,-0.5550443407504847,-0.814675935615181,-0.16801458189808813,-0.4266593908677575,0.1054364565136251,0.8982454663521573,1.0361
1,1787600053.014871,8746,120.76,-277.83,-1613.6200000000001,-0.7135200250720954,0.5702915991277894,-0.4070094173178123,-0.5551427279601631,-0.8145791482832504,-0.1681587427851517,-0.4274409028322683,0.10596368786713327,0.8978117683788357,1.036
1,1787600053.0747116,8749,120.75,-277.83,-1613.6000000000001,-0.7130515989259519,0.5703107284486599,-0.4078027590459658,-0.5553163804115557,-0.8144800659173984,-0.16806528454680436,-0.4279966529258746,0.1066203322052076,0.8974692027277034,1.0235
1,1787600053.1195908,8752,120.75,-277.83,-1613.63,-0.7135992034647881,0.5704002254382681,-0.4067182804281026,-0.5550772243588349,-0.8145585213089921,-0.1684745985631061,-0.42739379009586875,0.10553671485734702,0.89788448589148,1.0449
1,1787600053.1794293,8755,120.76,-277.83,-1613.6100000000001,-0.7138818031869213,0.5703361532267448,-0.4063120025314403,-0.5552142401535219,-0.8145800625237101,-0.1679180433116594,-0.42674338730592815,0.10571657420380254,0.8981726378204107,1.0314
1,1787600053.2392683,8758,120.74000000000001,-277.82,-1613.6000000000001,-0.7136725686270634,0.5702499938585984,-0.40680020807949213,-0.5552933001428246,-0.8145745584972314,-0.16768315200261308,-0.4269904162926147,0.10622256423806171,0.8979955184971419,1.0217
1,1787600053.2841477,8761,120.75,-277.83,-1613.6100000000001,-0.7140341067109127,0.5702946212447308,-0.4061026218000547,-0.5553645696037071,-0.8145755025233882,-0.16744236476369703,-0.4262927272220796,0.10597544842131523,0.8983561181677691,1.0342
1,1787600053.344002,8767,120.75,-277.83,-1613.6100000000001,-0.712842720405401,0.5702672310748703,-0.40822854031440253,-0.555348547203642,-0.8144685028836688,-0.16801502590315998,-0.4283027516650246,0.10694083865687438,0.8972850215753814,1.0273
1,1787600053.4038265,8770,120.76,-277.83,-1613.63,-0.7124039058117234,0.5702862205925671,-0.40896736005022105,-0.5551540225371359,-0.8144641018400071,-0.16867791223153109,-0.4292839226491466,0.10687307152036357,0.8968240966537221,1.0152
1,1787600053.4636664,8773,120.75,-277.83,-1613.6100000000001,-0.7120903091741226,0.5703927850453221,-0.4093647057924554,-0.5553373620338212,-0.814342240547851,-0.16866276882828282,-0.4295669981616595,0.10723239262343803,0.8966456424154604,1.0303
1,1787600053.5235052,8776,120.76,-277.84000000000003,-1613.66,-0.7115950216209369,0.5700418765325461,-0.4107125323185936,-0.5551228930145112,-0.81448926705957,-0.16865884944456355,-0.43066355645155047,0.10797913152094715,0.8960298032434434,0.9981000000000001
1,1787600053.568385,8779,120.75,-277.83,-1613.64,-0.7120372268609754,0.5701103394676332,-0.40985020238647146,-0.555223531650679,-0.8144814447879899,-0.16836509732547256,-0.42980206777710966,0.10767625981695456,0.896479785386348,1.0225
1,1787600053.628224,8782,120.75,-277.82,-1613.6100000000001,-0.7135190652348029,0.5702484237850419,-0.40707158917950553,-0.5551896740161606,-0.8145852279428744,-0.16797420124258547,-0.42738152675599145,0.10614914784363784,0.8978181269053255,1.0253
1,1787600053.6880639,8785,120.76,-277.83,-1613.64,-0.7115969252781823,0.5701290827029506,-0.4105881695701045,-0.5550282600372671,-0.8144772902703354,-0.16902773202612406,-0.43078236557993,0.10760842295184712,0.8960172882345383,1.0127000000000002
1,1787600053.747904,8791,120.72,-277.82,-1613.49,-0.7120645781872089,0.5699809144892606,-0.40998267476694444,-0.5549965507058737,-0.8145942522432913,-0.168567591537565,-0.4300498403623171,0.10750795938059227,0.8963811541270634,0.7912
1,1787600053.807747,8794,120.76,-277.82,-1613.63,-0.7123480872240301,0.5698735011896512,-0.4096393478050106,-0.5551815978484007,-0.8146211229424485,-0.16782675432266794,-0.42934088558948413,0.1078731602291928,0.8966770797022775,0.9932000000000001
1,1787600053.8526218,8797,120.76,-277.82,-1613.63,-0.711909043834123,0.5699357343999887,-0.410315454207041,-0.5549395310040195,-0.8146110956284087,-0.16867388596971022,-0.43038079677911245,0.10761980084087426,0.8962088753358486,1.0142
1,1787600053.9124677,8800,120.75,-277.82,-1613.6200000000001,-0.7124304519888863,0.5701133545243264,-0.40916208777443025,-0.5549742408995022,-0.8145828635556889,-0.16869602941217945,-0.4294722843408316,0.10689023058462045,0.8967318638191879,1.0125
1,1787600053.9723005,8803,120.75,-277.82,-1613.6100000000001,-0.7118798867122509,0.5699780024506703,-0.410307328251515,-0.5552610197109492,-0.8145101220508866,-0.16810253140927664,-0.4300142170720752,0.10815885446413284,0.8963199402651358,1.0049000000000001
1,1787600054.01718,8806,120.75,-277.82,-1613.63,-0.7121672375469471,0.5700447729141495,-0.40971548986828127,-0.5552572761298044,-0.8145132842478792,-0.16809957492106803,-0.42954299327268775,0.10778249698809715,0.8965911834684472,1.0118
1,1787600054.07702,8809,120.76,-277.82,-1613.64,-0.7122761238953896,0.5701117866817054,-0.40943286875280693,-0.5548700110942936,-0.8145935989034774,-0.1689868024838009,-0.4298627619563923,0.10681675576460097,0.89655350457803,1.0256
1,1787600054.1368587,8812,120.76,-277.83,-1613.64,-0.7124758148602854,0.5700482051969058,-0.40917387134439354,-0.5554651721935738,-0.8144914129532657,-0.16751770266260158,-0.4287617703563779,0.10792952319536474,0.8969473575989205,1.022
1,1787600054.1966987,8818,120.76,-277.82,-1613.6200000000001,-0.7122219151146089,0.570113013234511,-0.40952545192105616,-0.5549591079594421,-0.8145653689257822,-0.16883023496893193,-0.429837564811801,0.10702528620597464,0.8965407163030522,1.0224
1,1787600054.256538,8821,120.73,-277.82,-1613.49,-0.7121385501117632,0.5698293657122797,-0.41006484781880154,-0.5552138461292562,-0.8146095022822034,-0.16777646991726672,-0.4296466810195028,0.10819358929013273,0.8964919836370226,0.8158000000000001
1,1787600054.3014169,8824,120.75,-277.82,-1613.6000000000001,-0.7125099894843426,0.5702226355391529,-0.40887120319705106,-0.5549083850977181,-0.8145622644742865,-0.1690118381734392,-0.42942542895509134,0.10646343603934998,0.8968050723281124,0.9974000000000001
1,1787600054.3612561,8827,120.76,-277.82,-1613.6100000000001,-0.7124758148602854,0.5700482051969058,-0.40917387134439354,-0.5554651721935738,-0.8144914129532657,-0.16751770266260158,-0.4287617703563779,0.10792952319536474,0.8969473575989205,1.0147000000000002
1,1787600054.4210956,8830,120.75,-277.81,-1613.6100000000001,-0.7121451808416795,0.5701339613746396,-0.40962971998041425,-0.5548833357162936,-0.8145677037519797,-0.16906785545628136,-0.43006246656541713,0.10689584693283506,0.8964482989889497,0.9899
1,1787600054.4659758,8833,120.76,-277.82,-1613.6200000000001,-0.7122200037931425,0.5700260571754686,-0.409649802072313,-0.5550535363543194,-0.814577420634802,-0.16846126430879335,-0.4297187894163578,0.1073960890020779,0.8965533124636803,0.9917
1,1787600054.5263224,8836,120.76,-277.81,-1613.58,-0.7116728594389563,0.5700645197089204,-0.41054620264596003,-0.5551514187007872,-0.8144808306301058,-0.16860569044547807,-0.4304981340871096,0.1079232130041127,0.8961160285601335,1.0237
1,1787600054.586197,8839,120.75,-277.82,-1613.6200000000001,-0.7122200037931425,0.5700260571754686,-0.409649802072313,-0.5550535363543194,-0.814577420634802,-0.16846126430879335,-0.4297187894163578,0.1073960890020779,0.8965533124636803,1.0190000000000001
1,1787600054.6460004,8845,120.78,-277.84000000000003,-1613.66,-0.7123234531849848,0.5701334090953232,-0.4093204049103386,-0.5552670121093906,-0.8144905286544997,-0.16817765605223403,-0.4292712933632165,0.10748522952228566,0.896756980529738,1.0338
1,1787600054.7057297,8848,120.81,-277.83,-1613.65,-0.7120874669973497,0.570262371506778,-0.4095512995813391,-0.5554788885156888,-0.8143601513078509,-0.16810933458683744,-0.4293886861093026,0.10778855043704713,0.8966643656552918,1.0683
1,1787600054.7505765,8851,120.79,-277.77,-1613.6200000000001,-0.7121158641477006,0.5701764221144309,-0.40962158597168685,-0.5552048119432018,-0.8144670554663112,-0.16849638677179707,-0.42969595393055277,0.10743492553552303,0.8965596042377153,1.0089000000000001
1,1787600054.8104153,8854,120.93,-277.81,-1613.74,-0.7124748917228207,0.5700047463503144,-0.4092360172353709,-0.5555122446616262,-0.8144972386371201,-0.1673331834499904,-0.4287023147774648,0.10811492677063805,0.8969534480193624,1.0484
1,1787600054.870255,8857,121.94,-277.61,-1617.04,-0.5710492415753119,0.54432915870479,-0.6144986010399018,-0.5294752697037257,-0.8162639999767981,-0.2310173610663159,-0.6273425718604053,0.19343952369051445,0.7543357662248018,0.436
1,1787600054.9165578,8860,122.04,-277.66,-1617.03,-0.5744632223497665,0.5447909579192248,-0.6108967329565417,-0.5298976082963591,-0.816355516693795,-0.22972199521466233,-0.6238593839074004,0.19174588009409843,0.7576496463258057,0.4259
1,1787600054.9754355,8863,121.62,-277.55,-1616.14,-0.613305050568251,0.5514271873553429,-0.5654953333077566,-0.5363777884627808,-0.8163209551630056,-0.21428711161788203,-0.5797894298719591,0.1718957684387081,0.7964270599380803,0.319
1,1787600055.035239,8866,121.02,-277.71,-1613.83,-0.7122685734187303,0.5697638386661337,-0.4099300519216408,-0.5552474809866088,-0.8146412176371067,-0.1675109589989802,-0.42938760366139206,0.10829983691199375,0.8966032741111104,1.0306
1,1787600055.0950813,8872,121.01,-277.55,-1613.8400000000001,-0.7127327336523896,0.5694853381940863,-0.4095100730902219,-0.5553558668271799,-0.8147751818554245,-0.16649703965263532,-0.428476267208609,0.10875593139882893,0.8969839663140862,0.9742000000000001
1,1787600055.1549175,8875,121.08,-277.23,-1613.96,-0.7131973484449081,0.5692504851694958,-0.4090274163249281,-0.5554163055638923,-0.8149030738240401,-0.1656674614578488,-0.42762398165316845,0.1090269022141989,0.8973577129042053,0.9956
1,1787600055.214786,8878,120.97,-276.85,-1614.0,-0.7143791483343873,0.5657774088180281,-0.4117746423666626,-0.5540834481154151,-0.8167537107594747,-0.16095001859322705,-0.42738035161851684,0.11317817648197899,0.8969597178350022,0.9095000000000001
1,1787600055.274597,8881,120.88,-276.76,-1613.88,-0.7159998199395975,0.5592033633330993,-0.41789455163164546,-0.5523625882048696,-0.8198670891398706,-0.15071007695882022,-0.42689557153721097,0.122920928170371,0.8959077053020879,0.8194
1,1787600055.3344357,8884,120.59,-276.47,-1613.63,-0.718461482163616,0.551368808011223,-0.4240348289934955,-0.550269018329198,-0.823442691939667,-0.13836957959817334,-0.4254610512306392,0.13392001584318003,0.895013029649447,0.5328
1,1787600055.3943045,8890,120.23,-276.11,-1613.42,-0.7176297516418667,0.5415792839980398,-0.43783492174860084,-0.5486882075128092,-0.8268606771034804,-0.12346121494766713,-0.4288925162494831,0.15163541738045344,0.8905379889151516,0.4713
1,1787600055.4541156,8893,120.2,-276.1,-1613.43,-0.7163726816833716,0.5403789641158926,-0.44136238634347785,-0.5490387105780089,-0.8269446021406424,-0.12132237747955478,-0.430542303641131,0.15541299859242516,0.8890894919207508,0.4756
1,1787600055.5139675,8896,120.11,-275.91,-1613.44,-0.7149936515800002,0.5400877672452893,-0.4439473863784939,-0.5496435262633005,-0.8266676765224855,-0.12046803156754884,-0.4320602645894921,0.15787892913531484,0.8879178855603397,0.47290000000000004
1,1787600055.573794,8899,120.10000000000001,-275.7,-1613.53,-0.7147199233249042,0.5396226307151938,-0.4449526352573459,-0.5496688541688733,-0.8267569744198245,-0.11973744612632962,-0.43248073015929983,0.15899786686679582,0.8875134344744805,0.47840000000000005
1,1787600055.6336322,8902,120.11,-275.53000000000003,-1613.64,-0.7141448840890043,0.5348679093764013,-0.4515677181207932,-0.5496875837032067,-0.8279192383155449,-0.11132517751855601,-0.4334058661947627,0.16871886185701257,0.8852645371874114,0.47590000000000005
1,1787600055.6934714,8908,119.77,-275.24,-1613.6100000000001,-0.7227726321633595,0.5045425619960237,-0.4722674298849514,-0.5419580328300037,-0.8378362325923852,-0.065665348597499,-0.42881372744664026,0.20848801042239104,0.8790059935310062,0.4738
1,1787600055.753311,8911,119.47,-275.01,-1613.5,-0.7310667784063896,0.48115294303061384,-0.48376979124732644,-0.5356214072882195,-0.8439273790215022,-0.029938052583378994,-0.4226713540862335,0.23723074073752917,0.8746830866571236,0.47600000000000003
1,1787600055.813152,8914,119.39,-274.45,-1613.56,-0.742580606596019,0.45642631688869245,-0.4901520783990531,-0.5263887391095383,-0.8502245386791278,0.0057557941706322495,-0.41411222880537957,0.26228467564706703,0.8716179271186165,0.4787
1,1787600055.8729897,8917,119.24000000000001,-273.92,-1613.53,-0.7564292198006576,0.431040103038656,-0.4919545355052576,-0.5157720835402482,-0.855627448659742,0.04336850171002014,-0.4022362406252328,0.2865416176970556,0.8695400554633665,0.4651
1,1787600055.9333363,8920,119.36,-273.64,-1613.56,-0.7705333076459345,0.4076188715485166,-0.49002579255150375,-0.504832780294786,-0.8596165985697886,0.0787601892020548,-0.3891301655590993,0.3080684323666105,0.8681425892277875,0.467
1,1787600055.9931743,8926,119.49000000000001,-272.75,-1613.65,-0.7943880305328659,0.3698089684506778,-0.48185992134598676,-0.483161933181116,-0.8654750801900104,0.13231565249350533,-0.36810623910876844,0.33792634171301417,0.8662006605317601,0.4716
1,1787600056.0530138,8929,119.73,-272.61,-1613.7,-0.8038208669307196,0.3548924840641368,-0.47741317392959853,-0.47337641727261026,-0.8676375043925294,0.15205238749079666,-0.3602593252879019,0.34821901976527675,0.8654228635856668,0.4756
1,1787600056.112853,8932,119.67,-272.46,-1613.57,-0.8126610880238591,0.34419017048597633,-0.470228755557029,-0.4647632597023087,-0.8696013270015441,0.16669926366975255,-0.3515353018442984,0.3540150542250821,0.8666581061406223,0.48500000000000004
1,1787600056.1726925,8935,119.9,-272.6,-1613.58,-0.819174454417864,0.33792584952128357,-0.46342133469933583,-0.4586069621260056,-0.8711526361830213,0.17542160289123185,-0.34443122320537584,0.35622914633237324,0.868601132732716,0.48410000000000003
1,1787600056.2325318,8938,119.83,-272.47,-1613.47,-0.8221293965524994,0.3357075211666501,-0.45978659784335446,-0.4551260576348831,-0.8727441642454656,0.17657263501803686,-0.3419993084582956,0.3544264155048647,0.8702978737227965,0.47700000000000004
1,1787600056.2923665,8944,119.68,-272.43,-1613.3400000000001,-0.8222127493032045,0.3359151694100819,-0.459485792863568,-0.45530783550040527,-0.8726022061310401,0.17680544331885742,-0.341556686093541,0.35457917143486833,0.8704094676469005,0.4723
1,1787600056.3522058,8947,119.96000000000001,-272.52,-1613.52,-0.8218807189435605,0.33588030571989924,-0.4601048837583918,-0.4556073908746382,-0.8724104035467706,0.17698020557047017,-0.3419561217601184,0.35508380421087676,0.8700468394160804,0.4768
1,1787600056.412286,8950,119.68,-272.41,-1613.3600000000001,-0.8222227636283909,0.335811396707199,-0.4595437224169767,-0.4553670405279622,-0.8724967269846812,0.17717313510186522,-0.34145363575761845,0.35493684965438393,0.8703041120121889,0.48700000000000004
1,1787600056.4721253,8953,119.94,-272.53000000000003,-1613.51,-0.8218857407581893,0.33582835071450445,-0.460133837046069,-0.4556370310330962,-0.8723576136528306,0.17716401963515147,-0.34190455552640414,0.3552625969030722,0.869994116159401,0.48250000000000004
1,1787600056.532471,8956,119.71000000000001,-272.48,-1613.3600000000001,-0.8219631292731819,0.33587082049392203,-0.4599645704357872,-0.45562818044789666,-0.8723521917679623,0.17721347211589603,-0.3417302668731254,0.3552357603879037,0.8700735481811008,0.48140000000000005
1,1787600056.5928283,8962,119.8,-272.54,-1613.45,-0.821874643528997,0.3357150826447624,-0.46023630192424453,-0.45541682646652765,-0.872547068174934,0.17679685514873775,-0.34222446507408066,0.3549042083494467,0.870014608153571,0.47940000000000005
1,1787600056.6526682,8965,119.84,-272.52,-1613.49,-0.8223100812571947,0.3357500713135962,-0.4594322799670273,-0.45541729600085995,-0.8723856973719613,0.17759020672351847,-0.34117622538220754,0.3552676239593921,0.8702779433032859,0.47590000000000005
1,1787600056.7125092,8968,119.89,-272.47,-1613.48,-0.8219671319526067,0.33560165992367563,-0.4601538436719614,-0.45549695370982934,-0.8723832685327891,0.1773977394024884,-0.34189553836028896,0.3554137851019867,0.8699359069545337,0.4818
1,1787600056.7723463,8971,119.7,-272.81,-1613.31,-0.8224008572904472,0.3359784163656772,-0.4591027484826783,-0.45524609357076573,-0.8726154579263663,0.17689900190932584,-0.3411859085843014,0.3544866236183951,0.8705925622581066,0.4801
1,1787600056.8321903,8974,119.94,-272.75,-1613.49,-0.8223958608521222,0.3360302533982332,-0.4590737597101539,-0.45521651624287246,-0.8726681406561313,0.17671513693929392,-0.34123741206526514,0.35430775476256504,0.8706451880772734,0.4822
1,1787600056.892025,8980,119.98,-272.58,-1613.53,-0.8222177548287107,0.3358632849564624,-0.45951476305194855,-0.4553374434020415,-0.8725494838010144,0.176989296158485,-0.34150516289000216,0.3547580191297124,0.8703568070525075,0.4691
1,1787600056.9518642,8983,119.82000000000001,-272.53000000000003,-1613.44,-0.8223923562503869,0.33574066426747684,-0.4592918666144329,-0.4554379074861383,-0.8723274225038111,0.17782345281909473,-0.34095032600891334,0.35541957501675475,0.8703044300067219,0.4782
1,1787600057.0117042,8986,119.87,-272.67,-1613.46,-0.8220580634929884,0.33583036794409105,-0.45982442759459224,-0.45532547084014485,-0.8726130208018144,0.17670662560111491,-0.3419053317080011,0.3546328804463409,0.8702506904656686,0.4903
1,1787600057.0715437,8989,119.85000000000001,-272.63,-1613.5,-0.8220580634929884,0.33583036794409105,-0.45982442759459224,-0.45532547084014485,-0.8726130208018144,0.17670662560111491,-0.3419053317080011,0.3546328804463409,0.8702506904656686,0.48350000000000004
1,1787600057.131414,8992,119.88,-272.74,-1613.42,-0.8224586875479594,0.335669621091803,-0.4592250132048271,-0.45520907737129984,-0.8725115713714767,0.17750564414025405,-0.34109588557421533,0.3550344536787408,0.870404580379366,0.4802
1,1787600057.191222,8998,119.91,-272.3,-1613.57,-0.8220455090690458,0.33586136156739504,-0.4598242347087732,-0.45564891237842214,-0.8722939434281912,0.17744673822546522,-0.34150439187186804,0.35538770668748704,0.8701001828913925,0.4732
1,1787600057.2510617,9001,119.91,-271.75,-1613.73,-0.8222236748628168,0.3360285739383389,-0.45938331052842063,-0.4555279099336783,-0.8724128319046921,0.17717272363287212,-0.34123679720472655,0.3549375272142997,0.8703888786102787,0.4788
1,1787600057.310901,9004,120.04,-271.45,-1613.82,-0.8228216814462598,0.33582790533499696,-0.458458393466908,-0.45540782529851165,-0.872218671530198,0.1784329052920926,-0.33995322207449397,0.3556040031163948,0.8706190899404658,0.4832
1,1787600057.370741,9007,120.01,-267.51,-1614.28,-0.821699801398858,0.33580205085946463,-0.46048498240404606,-0.4576049897786708,-0.8703579213640622,0.18186468059656677,-0.33971621938132374,0.36015839759390056,0.8688376251819749,0.4756
1,1787600057.4156196,9010,120.06,-257.87,-1615.55,-0.8217170302139677,0.3353542509466491,-0.4607804776988162,-0.46204804736751515,-0.8653330447389302,0.19419146120959874,-0.33360564170919516,0.3724731507838713,0.8660086764951792,0.4791
1,1787600057.4754586,9013,120.19,-243.92000000000002,-1617.51,-0.8233738862411947,0.33495931407735285,-0.45810228264973935,-0.46778527901161493,-0.8576193729694994,0.21369591443784894,-0.32129795548073126,0.3902451396497235,0.8628304322308468,0.4884
1,1787600057.5352983,9016,120.44,-227.37,-1620.0900000000001,-0.8227101891708514,0.3340080937850721,-0.45998536707217597,-0.47636235699369367,-0.8466402077040864,0.23723250944631127,-0.31020452845481594,0.4142933163651617,0.8556484082503054,0.4958
1,1787600057.580178,9019,120.68,-210.08,-1623.08,-0.8240373823602242,0.3333244717118338,-0.4581017234533575,-0.48345298222668787,-0.8352827400357716,0.2618701169940076,-0.29535674437708614,0.4372614100928188,0.8494509125279743,0.514
1,1787600057.6400177,9025,120.97,-180.51,-1628.1000000000001,-0.824657221624797,0.3313267778007681,-0.4584354187169999,-0.4963570681454501,-0.8125427838555369,0.30562049228798027,-0.2712381384026287,0.47957980641021036,0.8345256626128532,0.5015000000000001
1,1787600057.699857,9028,121.13,-169.85,-1629.3500000000001,-0.8248075217749228,0.33046530257135615,-0.45878669969816327,-0.5004461756429895,-0.8043194779029366,0.32034950093648323,-0.26314668401448005,0.4938247272690685,0.8287888521389593,0.5002
1,1787600057.7596958,9031,121.26,-161.64000000000001,-1629.64,-0.8245989414355196,0.33018358682538046,-0.4593641091493189,-0.5033281583496984,-0.7988938732536032,0.3292861131146547,-0.2582583024720056,0.5027398713738374,0.8249577388783597,0.49510000000000004
1,1787600057.8195357,9034,121.28,-155.46,-1629.19,-0.8251777776679932,0.33046607987913806,-0.4581198590895481,-0.5044151673608137,-0.7961320530155704,0.3342739790913665,-0.25425769246824087,0.5069180645928177,0.8236425812269527,0.4968
1,1787600057.8644147,9037,121.35000000000001,-150.52,-1628.21,-0.8251307832245957,0.33041716288029155,-0.4582397724437549,-0.5052510160121797,-0.7944895262558901,0.33690919175402634,-0.25274612043278816,0.5095202558719625,0.8225013723163899,0.4868
1,1787600057.9242544,9040,121.4,-145.86,-1627.02,-0.8248549058532142,0.33037470174450245,-0.4587667607151983,-0.5058556068212727,-0.7936472141645757,0.3379855092992742,-0.2524370997642122,0.5108587435838198,0.8217656933497494,0.48410000000000003
1,1787600057.9841166,9043,121.41,-141.07,-1625.8,-0.8242940465271367,0.32987567674012214,-0.4601318971286007,-0.506935345484127,-0.7919268340078608,0.3403945432541113,-0.25210291620448866,0.5138423177138419,0.8200062147128276,0.4687
1,1787600058.0299742,9046,121.4,-135.6,-1624.7,-0.8241534962300101,0.3302226530610408,-0.4601347781435107,-0.5080595961696149,-0.7900929873781626,0.342970141609759,-0.25029275137689905,0.516435930877372,0.8189306856547776,0.4701
1,1787600058.088816,9052,121.41,-121.57000000000001,-1622.97,-0.8245054817225405,0.33011381134424655,-0.4595819645822242,-0.5096794204280296,-0.7860630388840173,0.3497596135813451,-0.24579991660216127,0.5226181880304198,0.8163655005805742,0.4697
1,1787600058.1491601,9055,121.41,-114.79,-1621.64,-0.825476167885429,0.3303869350490287,-0.45763912573347143,-0.509693795787855,-0.7846466657580636,0.3529048660051629,-0.24248985708386975,0.5245703795141912,0.8161032937979004,0.47900000000000004
1,1787600058.2092943,9058,121.42,-108.62,-1619.8700000000001,-0.8258017604820559,0.33030593486683235,-0.45710987932496583,-0.5096625175008214,-0.7841058770256393,0.3541498155704419,-0.24144475691027542,0.5254293130437251,0.8158605679617915,0.49050000000000005
1,1787600058.2691379,9061,121.35000000000001,-102.64,-1617.67,-0.8254640246447597,0.33022046504225444,-0.4577811578522565,-0.5100343282757441,-0.7837997568058728,0.3542921466972772,-0.24181424275171595,0.5259395266552341,0.8154222748392898,0.4762
1,1787600058.314518,9064,121.39,-96.54,-1615.4,-0.8257712205985922,0.33064288346751974,-0.45692140992012503,-0.5097691703154463,-0.7841862550694978,0.3538181882775077,-0.24132402331100886,0.5250973252382461,0.8161099894013227,0.48550000000000004
1,1787600058.374357,9067,121.31,-90.52,-1612.92,-0.8259650824470421,0.33055913855610564,-0.45663151281454056,-0.5090284762535388,-0.7854026745567837,0.35218269287693726,-0.2422224038796805,0.5233290501358547,0.8169791994553182,0.4893
1,1787600058.4341967,9070,121.27,-85.12,-1610.26,-0.8261743200593256,0.33076261120485795,-0.45610534737432656,-0.5081048735574117,-0.7871984382764057,0.34949686156301096,-0.24344492260410316,0.5204946818211803,0.818425229238536,0.5056
1,1787600058.479076,9073,121.19,-80.54,-1607.32,-0.8257502973974107,0.3306297053541436,-0.45696875635596795,-0.5074657289711013,-0.7891371016691313,0.3460363690265404,-0.24620109721103312,0.5176356176951847,0.8194134408376568,0.4867
1,1787600058.5389159,9079,121.11,-73.32000000000001,-1601.22,-0.8252478168265847,0.33052408573223524,-0.45795182014468044,-0.5043891991430612,-0.7961242298108144,0.3343317910339347,-0.2540818305404323,0.5068925324553591,0.8237125614740954,0.49450000000000005
1,1787600058.5987554,9082,121.03,-69.24,-1598.49,-0.8256192443164617,0.3310250976080319,-0.4569193015926418,-0.5027557473451386,-0.7991842319786304,0.32945594829682123,-0.2561045136770257,0.5017239760170122,0.8262466520137522,0.5043
1,1787600058.6585944,9085,120.98,-64.44,-1596.1200000000001,-0.8256453242528459,0.3309606805509059,-0.4569188401332278,-0.5022552902786263,-0.8000786003740838,0.328045509968632,-0.25700082086745524,0.500339146132629,0.8268079081145304,0.5072
1,1787600058.718435,9088,120.95,-59.36,-1593.9,-0.8243976929522239,0.33025335826022567,-0.45967506263978897,-0.5027549264928525,-0.8003312156916919,0.3266610308509799,-0.2600113992543736,0.5004025025390075,0.8258277106700169,0.4869
1,1787600058.7633128,9091,120.9,-54.74,-1591.66,-0.8244271837925665,0.3303127136986751,-0.45957951411358083,-0.5024211474203607,-0.8009741514323079,0.32559698917849766,-0.26056248626513007,0.49933347565160463,0.8263009565799997,0.4897
1,1787600058.823152,9094,120.83,-50.64,-1589.38,-0.8242716661257979,0.33040373926207683,-0.4597929854878596,-0.5018811985815081,-0.8022771306271685,0.3232130383864893,-0.26209060061854605,0.4971768043204299,0.8271177318333437,0.49250000000000005
1,1787600058.8829932,9097,120.78,-46.63,-1587.15,-0.8235859275708575,0.3302121952256724,-0.4611573766421749,-0.5020012480871937,-0.8028231461886635,0.32166713052880563,-0.26400940670012146,0.49642210070461035,0.826960779666044,0.4975
1,1787600058.9288695,9100,120.74000000000001,-42.36,-1585.0900000000001,-0.8234375270336803,0.3303496984378896,-0.46132387301618416,-0.5019166423061433,-0.8032715741145129,0.32067812896379383,-0.26463243045549795,0.4956045348476828,0.8272519699520987,0.5091
1,1787600058.9877105,9106,120.68,-33.12,-1581.54,-0.8230188964745037,0.33045543014932366,-0.4619947020591425,-0.5038113782940141,-0.8003179852765272,0.3250618672566906,-0.2623242099909503,0.5002902468844921,0.8251640307992573,0.5157
1,1787600059.0475504,9109,120.65,-28.77,-1580.02,-0.8233044298994169,0.33030856668512226,-0.46159079982427764,-0.5046646920383696,-0.7981840838283433,0.3289615736418558,-0.2597756037772095,0.5037840996870868,0.823843563174865,0.5151
1,1787600059.1073897,9112,120.67,-24.740000000000002,-1578.75,-0.8229352240981945,0.3301888373827615,-0.4623342390590108,-0.5060833536731217,-0.7958444262025335,0.33243238172194667,-0.25818066556855146,0.5075499787707418,0.8220314853923779,0.5078
1,1787600059.167229,9115,120.62,-25.52,-1578.06,-0.8231284515805821,0.3299091593648206,-0.4621898947031948,-0.5054272646324213,-0.7966581783925766,0.3314800551562789,-0.25884905324289165,0.5064540387512165,0.8224970968142318,0.5239
1,1787600059.2126143,9118,120.81,-25.16,-1578.33,-0.8231783685183103,0.32985188107507807,-0.4621418723236028,-0.505748193126518,-0.7959170237630151,0.3327684727156197,-0.2580622768883412,0.5076552253601418,0.8220036699502918,0.5166000000000001
1,1787600059.272453,9121,120.61,-24.85,-1578.57,-0.8236512841790784,0.33007699300353566,-0.46113744237472043,-0.5055767644943031,-0.7957446022826636,0.33344064410547947,-0.2568865455286179,0.5077791908179665,0.8222953217054224,0.52
1,1787600059.3322923,9124,120.71000000000001,-25.1,-1578.46,-0.8231155766832324,0.32973997021544293,-0.46233353703116575,-0.5057897858372331,-0.7958435640653019,0.3328809307824097,-0.2581810216963195,0.5078430599881781,0.8218503431024946,0.5155000000000001
1,1787600059.3921318,9130,120.66,-24.92,-1578.3400000000001,-0.8231035222421892,0.32976971257035265,-0.4623337845580492,-0.5060390957560309,-0.7953909629111166,0.33358304765941754,-0.25773052834097915,0.5085323517639696,0.8215654702885742,0.5143
1,1787600059.4519749,9133,120.68,-24.98,-1578.46,-0.8232610860276048,0.3297785876403016,-0.46204682378154766,-0.5060191530548858,-0.7952119673103428,0.33403973384618524,-0.2572660120852826,0.5088064565042213,0.8215413494434429,0.5162
1,1787600059.496854,9136,120.56,-24.96,-1578.3700000000001,-0.8230246893953702,0.3297653151676479,-0.4624772400432656,-0.5060489769274992,-0.7954804147528697,0.33335468002599566,-0.2579627756019965,0.5083952661630361,0.8215774216388434,0.5222
1,1787600059.556694,9139,120.73,-25.1,-1578.26,-0.8230367214355999,0.3297356396450978,-0.46247698658028,-0.5057995147906285,-0.7959328794569581,0.3326525247716,-0.25841324657629905,0.5077058787794301,0.8218621141327196,0.5204
1,1787600059.617108,9142,120.62,-24.97,-1578.31,-0.8233439227261872,0.32980687297854483,-0.46187900087140576,-0.5057444018118238,-0.7956569136733189,0.3333956744768127,-0.2575410354600885,0.5080920214488339,0.8218972641359643,0.5157
1,1787600059.6619873,9145,120.74000000000001,-25.03,-1578.52,-0.8234146291501327,0.32986503224181324,-0.46171139146187073,-0.5057186439194253,-0.7956489895682108,0.3334536528385654,-0.2573655021440263,0.5080666746630726,0.8219679144607535,0.5224
1,1787600059.7218585,9148,120.59,-25.0,-1578.42,-0.8233519386815813,0.3297531224714752,-0.461903088633962,-0.5057602383005846,-0.7955754338513671,0.33356605103988773,-0.25748430325636834,0.5082544709813396,0.8218145936304984,0.5177
1,1787600059.7816978,9151,120.8,-25.0,-1578.44,-0.8233599574426553,0.32969937024758805,-0.46192716497124586,-0.5057760632358042,-0.7954939255105056,0.333736405466317,-0.2574275710519769,0.5084168956026441,0.8217318941893698,0.5191
1,1787600059.827083,9154,120.65,-24.900000000000002,-1578.3700000000001,-0.8229658514520266,0.32967751581163174,-0.4626445103014973,-0.5058251574557376,-0.7959408125025798,0.33259454757649226,-0.2585887032117203,0.5077311873038769,0.8217912898116384,0.5182
1,1787600059.886922,9160,120.65,-24.82,-1578.53,-0.8228620940656715,0.3296354887135196,-0.46285896202888527,-0.5058995811911068,-0.7959108935134199,0.3325529481711629,-0.25877323644558115,0.5078053703607992,0.8216873602120278,0.5122
1,1787600059.9472988,9163,120.75,-24.88,-1578.49,-0.8233439227261872,0.32980687297854483,-0.46187900087140576,-0.5057444018118238,-0.7956569136733189,0.3333956744768127,-0.2575410354600885,0.5080920214488339,0.8218972641359643,0.5173
1,1787600060.0071352,9166,120.71000000000001,-24.86,-1578.49,-0.8230954913353999,0.3298235113729313,-0.4623097051641532,-0.5060232417600333,-0.7954724716989472,0.333412695570871,-0.25778729786784166,0.5083699421826562,0.8216481673704381,0.5076
1,1787600060.0669885,9169,120.69,-24.85,-1578.6100000000001,-0.8232537535845792,0.3300312720992693,-0.46187943951364485,-0.5058912798336541,-0.795657452466864,0.33317147435248273,-0.25754081268251083,0.5079454476323985,0.8219879269383181,0.5127
1,1787600060.111854,9172,120.68,-24.95,-1578.6000000000001,-0.8237342166206261,0.3302029423181319,-0.4608990749099547,-0.5057350998399127,-0.7954034533680089,0.3340140044371783,-0.2563083087968807,0.5082316039510867,0.8221962585581308,0.5197
1,1787600060.171693,9175,120.7,-24.85,-1578.56,-0.8240240089339363,0.33038201315949667,-0.4602522765626718,-0.5056472228938003,-0.7952902955223615,0.3344162553282095,-0.2555490533737728,0.5082923088426904,0.8223950450307539,0.5231
1,1787600060.2315328,9178,120.75,-24.84,-1578.57,-0.8235764320928198,0.32999536930423773,-0.4613295099373339,-0.5058669981208189,-0.7952182160622115,0.334255245366569,-0.25655494677260143,0.5086561167238566,0.8218567479834392,0.5155000000000001
1,1787600060.2913716,9184,120.64,-24.95,-1578.51,-0.8228823248435384,0.32944956268251896,-0.46295535973610924,-0.5062127882707976,-0.7951321499239467,0.33393633696923,-0.2580955103274715,0.5091442328119012,0.821071773807371,0.508
1,1787600060.3512115,9187,120.64,-25.01,-1578.43,-0.8225545044597025,0.32946132883525187,-0.4635292008009458,-0.5065015209878218,-0.7950371587278418,0.3337246252211299,-0.25857358030177136,0.5092849389527149,0.8208340602861536,0.5037
1,1787600060.3960903,9190,120.74000000000001,-24.88,-1578.53,-0.8229531889454761,0.32950783551320495,-0.46278789433159784,-0.5061870016084267,-0.7951241857366738,0.33399438417324057,-0.2579200810467112,0.5091189601576377,0.8211425675245827,0.5057
1,1787600060.4559305,9193,120.76,-24.76,-1578.66,-0.8222997916342281,0.3291564057383961,-0.4641972783630742,-0.5067242643956289,-0.7947400853069488,0.33409387405190843,-0.2589470458433805,0.5099453474321382,0.8203061441201707,0.49500000000000005
1,1787600060.5157695,9196,120.72,-24.830000000000002,-1578.65,-0.8221546131435106,0.32921458271102433,-0.46441312494076936,-0.5069285171005617,-0.7945854384829858,0.3341518509615452,-0.25900824434189335,0.5101487425067394,0.8201603440070255,0.4999
1,1787600060.560649,9199,120.71000000000001,-24.86,-1578.5900000000001,-0.8218890236217343,0.32933830747417886,-0.46479534429698727,-0.5071754483870706,-0.7945641489683734,0.33382761678377953,-0.25936749488608907,0.5101020411684386,0.8200758563647065,0.4953
1,1787600060.620488,9202,120.78,-24.810000000000002,-1578.68,-0.8222095166982104,0.3293809744873525,-0.4641978934642612,-0.5068708901944959,-0.794740839267343,0.33386958393073024,-0.25894673453112876,0.5097991487305581,0.8203971091058668,0.5061
1,1787600060.6803274,9205,120.79,-24.830000000000002,-1578.68,-0.8219880325455089,0.3292599322550154,-0.4646757701488062,-0.5069320476135788,-0.7948465320248941,0.3335249460389784,-0.25952952328062373,0.5097125538373778,0.8202667486899068,0.5052
1,1787600060.7401671,9211,120.77,-24.96,-1578.64,-0.8222182264082074,0.32952696708878054,-0.4640788361080597,-0.5067741466401354,-0.7950237626300842,0.33334243826831583,-0.2591083797550827,0.5092633845219713,0.8206787756034165,0.4985
1,1787600060.8000062,9214,120.78,-24.990000000000002,-1578.5900000000001,-0.8222095166982104,0.3293809744873525,-0.4641978934642612,-0.5068708901944959,-0.794740839267343,0.33386958393073024,-0.25894673453112876,0.5097991487305581,0.8203971091058668,0.4978
1,1787600060.845393,9217,120.82000000000001,-24.97,-1578.65,-0.8223851914494543,0.3296814874246028,-0.4636730677256833,-0.5066579632754374,-0.795127347053556,0.3332719763453861,-0.2588055353624224,0.5090015901911069,0.8209367064815012,0.505
1,1787600060.905232,9220,120.82000000000001,-24.990000000000002,-1578.66,-0.8221384190893405,0.329322614487581,-0.46436519620267025,-0.506896621944087,-0.7947488479158507,0.3338114488721164,-0.2591220456058372,0.5098243661531806,0.8203260822121616,0.49510000000000004
1,1787600060.9655778,9223,120.85000000000001,-24.990000000000002,-1578.67,-0.822064309846156,0.32943914237270244,-0.4644137400528774,-0.5070751039744046,-0.7945861922806765,0.33392756994031253,-0.25900793309570663,0.5100025828460418,0.8202513371423761,0.49770000000000003
1,1787600061.010457,9226,120.82000000000001,-24.990000000000002,-1578.63,-0.8221303262935946,0.32937662787039035,-0.4643412146268282,-0.5068806569776049,-0.7948305099350836,0.3336412145678146,-0.25917894623278986,0.5096621405294544,0.820408908009046,0.5
1,1787600061.0702977,9229,120.83,-25.01,-1578.64,-0.8217413153097964,0.32910077962160045,-0.4652245560644671,-0.5070579375567957,-0.7948325579800113,0.3333668440856121,-0.26006433564326803,0.5098371128384113,0.8200199142088067,0.49470000000000003
1,1787600061.1301355,9232,120.74000000000001,-25.07,-1578.57,-0.8214234791018333,0.32908392247772994,-0.4657974237229219,-0.50709580418669,-0.7951910125365004,0.33245315302675266,-0.2609929373689908,0.5092887447684727,0.8200656443819965,0.4928
1,1787600061.1899827,9238,120.72,-25.150000000000002,-1578.46,-0.8215104873145297,0.32883322434005435,-0.465821027651573,-0.5072159558518858,-0.79465526219194,0.33354907944696355,-0.26048511159277776,0.5102859245959882,0.8196070898898542,0.48860000000000003
1,1787600061.2498162,9241,120.72,-25.07,-1578.45,-0.8225377413548829,0.32936946794779143,-0.46362422028038647,-0.5065821763085262,-0.7948358394216434,0.33408155743382284,-0.25846888147961816,0.5096584561789199,0.8206351779883646,0.5034000000000001
1,1787600061.2946942,9244,120.75,-25.0,-1578.55,-0.8233231205649127,0.329691625898645,-0.4619983451870382,-0.5060893824250109,-0.794921099317364,0.3346251378135604,-0.25692912668657253,0.5093170698812097,0.8213303514346062,0.5125000000000001
1,1787600061.3545334,9247,120.65,-24.87,-1578.56,-0.8233231205649127,0.329691625898645,-0.4619983451870382,-0.5060893824250109,-0.794921099317364,0.3346251378135604,-0.25692912668657253,0.5093170698812097,0.8213303514346062,0.5102
1,1787600061.4143734,9250,120.74000000000001,-24.86,-1578.6200000000001,-0.8238665111330323,0.33017458025297963,-0.4606828826733781,-0.5057790747249091,-0.795104931441424,0.3346575496951215,-0.2557958158451765,0.5087169100317942,0.8220557195493525,0.5253
1,1787600061.4597597,9253,120.69,-24.71,-1578.71,-0.8238040557059615,0.33006269778551234,-0.4608747045922118,-0.5058206441981308,-0.7950312133748474,0.33476983983433406,-0.25591473913277635,0.5089046917550153,0.8219024644106718,0.5225000000000001
1,1787600061.5195992,9256,120.78,-24.67,-1578.75,-0.8238831771496683,0.33026565351409337,-0.4605877858982767,-0.5056990332304022,-0.7953061010341296,0.3343003042890137,-0.25590036772072955,0.5083431948662235,0.8222543390177981,0.5332
1,1787600061.5794392,9259,120.67,-24.66,-1578.68,-0.8230407598233814,0.3296576853121112,-0.4625253703139018,-0.5060807097928509,-0.7953173742776056,0.33369535409972245,-0.2578492250229098,0.5087200454934286,0.8214120113975989,0.518
1,1787600061.6392796,9265,120.7,-24.580000000000002,-1578.71,-0.8224074273525148,0.3292237718253894,-0.46395876056011903,-0.5063841099724264,-0.7953051900314111,0.3332638412377418,-0.2592704314086963,0.5090200023320941,0.8207785819714007,0.5031
1,1787600061.6991174,9268,120.73,-24.64,-1578.68,-0.8225545044597025,0.32946132883525187,-0.4635292008009458,-0.5065015209878218,-0.7950371587278418,0.3337246252211299,-0.25857358030177136,0.5092849389527149,0.8208340602861536,0.49960000000000004
1,1787600061.7439964,9271,120.71000000000001,-24.66,-1578.69,-0.8227125273876975,0.3294701271290412,-0.4632424123597929,-0.5064817538311374,-0.7948579110035805,0.3341812896485367,-0.25810914419191394,0.5095589628733828,0.8208101686991459,0.4929
1,1787600061.80384,9274,120.66,-24.740000000000002,-1578.57,-0.8232450273967077,0.3298861292907913,-0.461998665115099,-0.5059875526168932,-0.7953750816223935,0.3336990802069101,-0.2573795280580038,0.5084816823010544,0.8217068560629934,0.5131
1,1787600061.8636754,9277,120.54,-24.94,-1578.33,-0.8231155766832324,0.32973997021544293,-0.46233353703116575,-0.5057897858372331,-0.7958435640653019,0.3328809307824097,-0.2581810216963195,0.5078430599881781,0.8218503431024946,0.517
1,1787600061.908558,9280,120.57000000000001,-24.97,-1578.32,-0.8231863818436289,0.3297981051705148,-0.4621659772994253,-0.5057641007274425,-0.7958356351498906,0.3329389076706585,-0.258005533201434,0.507817734676043,0.821921099124445,0.5088
1,1787600061.968396,9283,120.61,-24.900000000000002,-1578.45,-0.8233225426993882,0.32949255847349496,-0.4621413686239359,-0.5062010428684519,-0.79455602523517,0.3353225715059749,-0.25671091695116083,0.5100150749468866,0.8209653637304171,0.5135000000000001
1,1787600062.0282335,9286,120.57000000000001,-24.98,-1578.3500000000001,-0.822799181110184,0.32952348632182255,-0.46305051509173606,-0.5059412019428955,-0.7958374484611959,0.332665381131478,-0.25889188427022725,0.5079931373444772,0.8215339096287666,0.5102
1,1787600062.0880733,9292,120.57000000000001,-24.98,-1578.33,-0.8216781309179656,0.32898829572920685,-0.4654156749018563,-0.5070996560199538,-0.7947589291787437,0.33347890991050844,-0.2601826051749097,0.5100244560448532,0.8198658830568256,0.4975
1,1787600062.1479127,9295,120.60000000000001,-24.96,-1578.4,-0.8223121311832866,0.32932742234703893,-0.46405410007784237,-0.5063616652417652,-0.7955576982561355,0.33269477410831966,-0.25961629933882735,0.5085581556082395,0.8209555283216978,0.5068
1,1787600062.1927927,9298,120.59,-24.94,-1578.43,-0.8224000702357651,0.3294775107778304,-0.46379164973924786,-0.5062551227956196,-0.7957504861639373,0.33239571960699144,-0.25954551646946383,0.5081591617411833,0.8212249333885919,0.5118
1,1787600062.252645,9301,120.59,-24.98,-1578.39,-0.8218606153303685,0.32914022353428807,-0.4649858516348499,-0.5064665467663745,-0.7958498502273142,0.33183527976950394,-0.2608385822215179,0.5082221257924138,0.8207761600337257,0.5045000000000001
1,1787600062.3124719,9304,120.60000000000001,-24.96,-1578.4,-0.821540192723485,0.3292985479647151,-0.4654397684429097,-0.5066567272927075,-0.7960368136473694,0.33109568406608164,-0.2614778622157185,0.507826601928723,0.8208175619128919,0.5065000000000001
1,1787600062.3573813,9307,120.57000000000001,-25.0,-1578.3400000000001,-0.8207942938398567,0.3289972311289452,-0.4669663254555072,-0.5071850632480855,-0.795825162043943,0.33079543992589666,-0.26279276781899225,0.5083533548302985,0.8200712333784265,0.4974
1,1787600062.417191,9310,120.61,-24.94,-1578.44,-0.8209545961741093,0.32920620685249324,-0.46653705575270116,-0.5070527509004777,-0.796009474731118,0.3305547215553695,-0.26254725065188467,0.50792931546435,0.8204125496767183,0.503
1,1787600062.477569,9313,120.56,-25.01,-1578.39,-0.821193589006495,0.3292182032306141,-0.4661077815658496,-0.5070257989894241,-0.7957415643497017,0.3312403989935791,-0.2618509662647204,0.5083411624370936,0.8203799936848392,0.49960000000000004
1,1787600062.537373,9319,120.54,-24.98,-1578.43,-0.821343935399036,0.3290797751683874,-0.46594059852984254,-0.507105120392872,-0.7952805494420385,0.33222468985688,-0.26122506896267617,0.5091515975171766,0.820076895230656,0.49400000000000005
1,1787600062.5972126,9322,120.59,-25.04,-1578.45,-0.8220164976668526,0.32932333860335494,-0.4645804733462883,-0.5066010378613407,-0.7955007194089054,0.33246653043235225,-0.26008511299444603,0.5086499229047948,0.8207502603883915,0.5037
1,1787600062.6430902,9325,120.60000000000001,-24.990000000000002,-1578.44,-0.8213770551033496,0.32906387257990205,-0.46589344394664656,-0.5070562150243955,-0.7953185008414767,0.3322084842751615,-0.2612158650520353,0.5091025927865466,0.8201102498220181,0.5045000000000001
1,1787600062.7019315,9328,120.79,-25.080000000000002,-1578.56,-0.8220979467853311,0.32895259517973613,-0.46469899506654766,-0.5065516350902127,-0.7952176323699736,0.33321818401060455,-0.2599238482301589,0.5093320206823931,0.8203782577743118,0.5012
1,1787600062.7617707,9331,120.85000000000001,-25.060000000000002,-1578.63,-0.822251928761889,0.3290403500553875,-0.46436431137931056,-0.5062502189166423,-0.7956545694121935,0.33263271339474193,-0.2600240017656158,0.5085924244509791,0.8208052535753352,0.5028
1,1787600062.8216105,9334,120.94,-25.1,-1578.65,-0.8218537910742931,0.32861875227989773,-0.4653665885587565,-0.506524266014197,-0.7953741792993132,0.3328859907576807,-0.2607479895139955,0.509303083196977,0.8201346568768217,0.49860000000000004
1,1787600062.881988,9340,121.21000000000001,-25.22,-1578.75,-0.8225390388122158,0.3284584428999319,-0.4642677900927743,-0.5057294661480777,-0.7958534783610312,0.3329488670204901,-0.2601292692094769,0.5086573426860167,0.8207316681060526,0.5048
1,1787600062.9418278,9343,121.27,-25.150000000000002,-1578.89,-0.8218309775906091,0.32796608048913045,-0.46586703502293547,-0.506057314113056,-0.7958497032654868,0.33245938796327656,-0.2617247391920443,0.5089808442965548,0.8200235734623867,0.4979
1,1787600063.0016673,9346,121.33,-25.11,-1578.96,-0.8221515239287986,0.32780790691951295,-0.4654125566232632,-0.5058666322805431,-0.7956617736416861,0.3331985778938864,-0.26108585187002403,0.509376401226455,0.8199816216397107,0.5002
1,1787600063.0615063,9349,121.36,-25.21,-1578.91,-0.8224804544768556,0.3277962227007001,-0.46483926080603166,-0.5055781787421877,-0.795756386467746,0.3334103756266853,-0.26060814872769694,0.5092361041589136,0.8202206916664407,0.5043
1,1787600063.1213458,9352,121.33,-25.2,-1578.92,-0.822579136673668,0.32771767910613575,-0.46472000894139587,-0.5053343154787836,-0.796038087978183,0.3331074782823528,-0.26076961768732265,0.5088462295127347,0.8204113122098458,0.5082
1,1787600063.181185,9355,121.34,-25.29,-1578.9,-0.8226887642930323,0.3266341475200995,-0.4652884382614956,-0.5051405041669819,-0.7954849266569056,0.3347189903659263,-0.2607992871077891,0.5104055888560348,0.8194326492815583,0.4863
1,1787600063.2260644,9358,121.23,-25.29,-1578.8,-0.8263103753638457,0.3191214967156117,-0.46408257228649297,-0.5003376842218885,-0.7942563045998798,0.3447015003605589,-0.2585988501782981,0.5170284256569754,0.81597073584114,0.4884
1,1787600063.2859056,9364,121.31,-25.14,-1578.8700000000001,-0.8351074637492645,0.29873491320397966,-0.4619014782648805,-0.48780544787460195,-0.7902712575910789,0.37083309513752105,-0.2542466696224949,0.5350035430335256,0.805685943732075,0.49770000000000003
1,1787600063.345743,9367,121.38,-24.87,-1579.01,-0.8392598169904562,0.2887832971852977,-0.4607029051915497,-0.4817650623776887,-0.7877663230268045,0.38383153202551,-0.25208209824850264,0.5440849451800852,0.80026632327683,0.5078
1,1787600063.4055827,9370,121.44,-24.6,-1579.18,-0.8434927879235635,0.278805897415183,-0.4591156589438534,-0.4756833601711078,-0.7847346730612224,0.39738751081509943,-0.2494899949442029,0.553587178737018,0.7945413632786719,0.5128
1,1787600063.465422,9373,121.5,-24.38,-1579.3,-0.8474371396471567,0.2671729031803067,-0.4587689332908798,-0.46919921065922465,-0.7812320931777497,0.4117384088300144,-0.24839966800180258,0.5641764408368344,0.7874024057248467,0.5025000000000001
1,1787600063.5252619,9376,121.58,-24.240000000000002,-1579.3700000000001,-0.8525050733886075,0.2553388898770425,-0.45611089787796616,-0.46133090927653797,-0.7778114630138108,0.42682914632250435,-0.2457822043858497,0.5742920679590435,0.7808839405997268,0.5072
1,1787600063.5851014,9382,121.67,-23.67,-1579.75,-0.8601411695145295,0.22790854714933165,-0.45630566799291233,-0.448108267098554,-0.7649780710900126,0.46260948078193787,-0.24363117506613977,0.6023838019798374,0.7601168368403688,0.4917
1,1787600063.6449628,9385,121.65,-23.400000000000002,-1579.92,-0.863879758231627,0.212480897018432,-0.4566876741493118,-0.4415111316479703,-0.7558365321793226,0.483507039508283,-0.2424452184486099,0.6193246362170475,0.7467645619778883,0.5104000000000001
1,1787600063.7048023,9388,121.54,-23.09,-1580.0900000000001,-0.8666954332104879,0.1967585991239899,-0.4583940223463318,-0.43572568710810844,-0.7459878242389508,0.5036320995343752,-0.24286241299602357,0.636229691037758,0.7322770162962564,0.5153
1,1787600063.7646196,9391,121.45,-22.8,-1580.22,-0.8691245233121226,0.18163672610772877,-0.46003332782130185,-0.43099727011423267,-0.7344053597828699,0.5242996477933896,-0.24261887010608763,0.6539547899136905,0.7165746413440727,0.5102
1,1787600063.8244581,9394,121.28,-22.42,-1580.3600000000001,-0.8698885552903669,0.16885445988118972,-0.4634458682015299,-0.42849902518321287,-0.7240613647254992,0.5404847135015787,-0.24429999343404496,0.6687475693339596,0.7022066659595637,0.5223
1,1787600063.884327,9400,121.07000000000001,-22.03,-1580.67,-0.8679560389812154,0.15292506188273602,-0.47251057114545086,-0.4309110743585884,-0.7049057650047176,0.563403504123147,-0.24691690989311751,0.69261951164494,0.6777243183607616,0.5169
1,1787600063.9446423,9403,120.98,-21.8,-1580.91,-0.8642478418158606,0.14848856551106326,-0.4806524875927453,-0.43672392587257247,-0.6956891004282495,0.5703410279085498,-0.24969557562575148,0.7028284438309251,0.6660963128971102,0.5129
1,1787600064.0044818,9406,120.79,-21.56,-1581.0900000000001,-0.8589819305847424,0.14474129216778905,-0.49112116760582375,-0.44503658697306514,-0.6853560622929246,0.576393532348952,-0.25316492486968717,0.7136785174151844,0.6531236441867575,0.5119
1,1787600064.064324,9409,120.55,-21.29,-1581.28,-0.8524655443125436,0.1396355279711348,-0.5037900506045562,-0.45505172378958253,-0.6725829007931056,0.5835753338146337,-0.25735272377818014,0.7267283955433103,0.6368951363254375,0.5088
1,1787600064.1241636,9412,120.26,-20.97,-1581.57,-0.8475378962047333,0.13257302645385202,-0.5139104077110336,-0.4631119757744642,-0.6577089059455276,0.5940928319161989,-0.25924276728797385,0.7415142531986847,0.618829378675633,0.5183
1,1787600064.1838918,9418,120.08,-20.47,-1582.1200000000001,-0.8465797931375675,0.10606493215806569,-0.5215868901894087,-0.46565656046351095,-0.6222440198773864,0.6292665154162609,-0.25781121299983456,0.775604673717955,0.5761690451234067,0.5036
1,1787600064.2437313,9421,120.09,-20.11,-1582.31,-0.8523392804400385,0.08940880333205174,-0.5152900318322565,-0.4567924758131569,-0.6070579473168858,0.6502470935266804,-0.2546730944945772,0.7896117492072541,0.5582606026350208,0.5017
1,1787600064.3035703,9424,119.98,-19.6,-1582.42,-0.8611793742767511,0.07159364403169911,-0.5032339768483106,-0.4425154536985715,-0.5927243616881452,0.6729471779414254,-0.2501002969975269,0.8022170412024687,0.5421232887878048,0.5086
1,1787600064.3634114,9427,119.9,-19.17,-1582.46,-0.8696907389241665,0.05753593104924319,-0.49023222585610765,-0.42816897475013693,-0.5820764810128221,0.6912729557223731,-0.24557961578875712,0.8110959171947707,0.5308616254910689,0.5086
1,1787600064.408291,9430,120.12,-18.93,-1582.73,-0.8741787777742801,0.04794913416324773,-0.48323115071574246,-0.4199103667356146,-0.5744446399315698,0.7026298026427932,-0.24389905370260728,0.817137831817181,0.5223016517455109,0.49810000000000004
1,1787600064.4681304,9433,120.03,-18.830000000000002,-1582.66,-0.8764246313528349,0.04388562240852468,-0.47953510580964126,-0.4161747744080332,-0.5699843951421399,0.7084605468484972,-0.2422362951840004,0.8204826880807818,0.5178124523949424,0.5068
1,1787600064.5279708,9436,120.0,-18.82,-1582.57,-0.8758184350355107,0.04570005773458394,-0.48047224017106815,-0.41736595152623385,-0.5716510750750828,0.7064139798107789,-0.24237931297565468,0.8192231399860223,0.5197361980398246,0.5231
1,1787600064.5733538,9439,119.75,-18.46,-1582.6200000000001,-0.8761262381489723,0.045819482023791734,-0.4798993539212176,-0.4169466466744601,-0.5717132166049549,0.7066112734638044,-0.24198824073465555,0.8191731032121892,0.5199972291463282,0.5188
1,1787600064.6331928,9445,120.14,-18.59,-1582.8600000000001,-0.8765368176314478,0.045153770278847476,-0.4792122122464525,-0.41642411363775933,-0.5704498778083232,0.7079391884120242,-0.24140042443529475,0.8200902840163845,0.5188234392781279,0.5044000000000001
1,1787600064.6935377,9448,120.31,-18.73,-1582.83,-0.8765368176314478,0.045153770278847476,-0.4792122122464525,-0.41642411363775933,-0.5704498778083232,0.7079391884120242,-0.24140042443529475,0.8200902840163845,0.5188234392781279,0.5059
1,1787600064.7534006,9451,120.31,-18.78,-1582.8400000000001,-0.8760894940727428,0.0451601660784623,-0.4800289134782727,-0.4170713228670474,-0.5705029590125199,0.7075152898700423,-0.241906407557337,0.82005300630979,0.5186466589355212,0.5127
1,1787600064.81322,9454,120.29,-18.79,-1582.8600000000001,-0.8759106783390366,0.045300524826995425,-0.4803419053362382,-0.41751934409817115,-0.5700839351549437,0.7075887959698678,-0.24178105979476933,0.8203366195219209,0.518256451764824,0.5116
1,1787600064.8730562,9457,120.41,-18.79,-1582.93,-0.8760796568356589,0.04532495991325484,-0.48003133531841025,-0.4174363665112136,-0.5695556959482009,0.7080629838699919,-0.2413116549042544,0.8207021123536983,0.5178964452335503,0.5131
1,1787600064.9328954,9463,120.42,-18.76,-1582.92,-0.8757013631485325,0.04513422556139934,-0.4807390396699383,-0.4181714527662749,-0.568671094848449,0.7083401880277649,-0.24141201020484662,0.8213258108490437,0.5168598976144463,0.5051
1,1787600064.9927344,9466,120.2,-18.51,-1582.99,-0.8749176547019001,0.04476313906926984,-0.4821984641945592,-0.4195728335473369,-0.5672810015108429,0.7086260668885342,-0.24182170051503873,0.8223068324570335,0.515105560496579,0.5183
1,1787600065.0525742,9469,120.03,-18.23,-1583.32,-0.8708275962703915,0.041817325515025504,-0.48980670561018497,-0.42774761183659726,-0.555487332555023,0.7130678817188395,-0.2422628286428187,0.8304728380011448,0.501620959689988,0.5222
1,1787600065.1124132,9472,119.78,-18.37,-1583.43,-0.8649924145624559,0.03632936278283758,-0.500468081049337,-0.4389295961212107,-0.538108086773773,0.7195696606983516,-0.24316441433376645,0.8420925509398969,0.48140544580764105,0.5241
1,1787600065.1572928,9475,119.62,-18.06,-1583.95,-0.8591540200490873,0.030068889817882007,-0.5108328804008337,-0.4505534645430222,-0.5177260032480706,0.7272972990112491,-0.2426024431488109,0.8550179222834448,0.4583540194569359,0.5383
1,1787600065.2171328,9478,119.27,-17.72,-1584.32,-0.8558171677792867,0.02240080131126135,-0.5167931689127225,-0.4579675189101188,-0.49731898301504773,0.7368443395698909,-0.2405051495447662,0.8672785211415606,0.43587296292493016,0.5518000000000001
1,1787600065.2769728,9481,119.31,-17.47,-1584.71,-0.8552506505876307,0.01229575066898022,-0.5180686626161832,-0.4603479443403152,-0.4770940286477988,0.748639471287922,-0.23796238108381867,0.8787662387370714,0.41369530193708975,0.5881000000000001
1,1787600065.336811,9487,119.75,-17.01,-1585.1200000000001,-0.8639422866067065,-0.011274349406833618,-0.503464610929336,-0.4479460204920613,-0.43960834011082733,0.77851709681312,-0.23010451568385376,0.8981188097075217,0.374745934616299,0.45070000000000005
1,1787600065.3966503,9490,nan,nan,nan,nan,nan,nan,nan,nan,nan,nan,nan,nan,nan
1,1787600065.45649,9493,nan,nan,nan,nan,nan,nan,nan,nan,nan,nan,nan,nan,nan
1,1787600065.5013692,9496,nan,nan,nan,nan,nan,nan,nan,nan,nan,nan,nan,nan,nan
1,1787600065.5612085,9499,nan,nan,nan,nan,nan,nan,nan,nan,nan,nan,nan,nan,nan
1,1787600065.606088,9502,nan,nan,nan,nan,nan,nan,nan,nan,nan,nan,nan,nan,nan
1,1787600065.6516554,9505,nan,nan,nan,nan,nan,nan,nan,nan,nan,nan,nan,nan,nan
1,1787600065.7114952,9508,nan,nan,nan,nan,nan,nan,nan,nan,nan,nan,nan,nan,nan
1,1787600065.7563727,9511,nan,nan,nan,nan,nan,nan,nan,nan,nan,nan,nan,nan,nan
1,1787600065.8012526,9514,nan,nan,nan,nan,nan,nan,nan,nan,nan,nan,nan,nan,nan
1,1787600065.8610911,9517,nan,nan,nan,nan,nan,nan,nan,nan,nan,nan,nan,nan,nan
1,1787600065.9059713,9520,nan,nan,nan,nan,nan,nan,nan,nan,nan,nan,nan,nan,nan
1,1787600065.95094,9523,nan,nan,nan,nan,nan,nan,nan,nan,nan,nan,nan,nan,nan
1,1787600066.0107813,9526,nan,nan,nan,nan,nan,nan,nan,nan,nan,nan,nan,nan,nan
1,1787600066.0561635,9529,nan,nan,nan,nan,nan,nan,nan,nan,nan,nan,nan,nan,nan
1,1787600066.1010437,9532,nan,nan,nan,nan,nan,nan,nan,nan,nan,nan,nan,nan,nan
1,1787600066.160884,9535,nan,nan,nan,nan,nan,nan,nan,nan,nan,nan,nan,nan,nan
1,1787600066.205762,9538,nan,nan,nan,nan,nan,nan,nan,nan,nan,nan,nan,nan,nan
1,1787600066.2518265,9541,nan,nan,nan,nan,nan,nan,nan,nan,nan,nan,nan,nan,nan
1,1787600066.3116364,9544,nan,nan,nan,nan,nan,nan,nan,nan,nan,nan,nan,nan,nan
1,1787600066.3565178,9547,nan,nan,nan,nan,nan,nan,nan,nan,nan,nan,nan,nan,nan
1,1787600066.401396,9550,nan,nan,nan,nan,nan,nan,nan,nan,nan,nan,nan,nan,nan
1,1787600066.4618328,9553,nan,nan,nan,nan,nan,nan,nan,nan,nan,nan,nan,nan,nan
1,1787600066.5216727,9556,nan,nan,nan,nan,nan,nan,nan,nan,nan,nan,nan,nan,nan
1,1787600066.5665514,9559,nan,nan,nan,nan,nan,nan,nan,nan,nan,nan,nan,nan,nan
1,1787600066.6263926,9562,nan,nan,nan,nan,nan,nan,nan,nan,nan,nan,nan,nan,nan
1,1787600066.6712706,9565,nan,nan,nan,nan,nan,nan,nan,nan,nan,nan,nan,nan,nan
1,1787600066.7161508,9568,nan,nan,nan,nan,nan,nan,nan,nan,nan,nan,nan,nan,nan
1,1787600066.7766068,9571,nan,nan,nan,nan,nan,nan,nan,nan,nan,nan,nan,nan,nan
1,1787600066.8214858,9574,nan,nan,nan,nan,nan,nan,nan,nan,nan,nan,nan,nan,nan
1,1787600066.8663647,9577,nan,nan,nan,nan,nan,nan,nan,nan,nan,nan,nan,nan,nan
1,1787600066.9262042,9580,nan,nan,nan,nan,nan,nan,nan,nan,nan,nan,nan,nan,nan
1,1787600066.9710844,9583,nan,nan,nan,nan,nan,nan,nan,nan,nan,nan,nan,nan,nan
1,1787600067.0159626,9586,nan,nan,nan,nan,nan,nan,nan,nan,nan,nan,nan,nan,nan
1,1787600067.075802,9589,nan,nan,nan,nan,nan,nan,nan,nan,nan,nan,nan,nan,nan
1,1787600067.120685,9592,nan,nan,nan,nan,nan,nan,nan,nan,nan,nan,nan,nan,nan
1,1787600067.1655612,9595,nan,nan,nan,nan,nan,nan,nan,nan,nan,nan,nan,nan,nan
1,1787600067.2254233,9598,nan,nan,nan,nan,nan,nan,nan,nan,nan,nan,nan,nan,nan
1,1787600067.270336,9601,nan,nan,nan,nan,nan,nan,nan,nan,nan,nan,nan,nan,nan
1,1787600067.315721,9604,nan,nan,nan,nan,nan,nan,nan,nan,nan,nan,nan,nan,nan
1,1787600067.3755615,9607,nan,nan,nan,nan,nan,nan,nan,nan,nan,nan,nan,nan,nan
1,1787600067.4211364,9610,nan,nan,nan,nan,nan,nan,nan,nan,nan,nan,nan,nan,nan
1,1787600067.4660163,9613,nan,nan,nan,nan,nan,nan,nan,nan,nan,nan,nan,nan,nan
1,1787600067.5258558,9616,nan,nan,nan,nan,nan,nan,nan,nan,nan,nan,nan,nan,nan
1,1787600067.5707352,9619,nan,nan,nan,nan,nan,nan,nan,nan,nan,nan,nan,nan,nan
1,1787600067.615648,9622,nan,nan,nan,nan,nan,nan,nan,nan,nan,nan,nan,nan,nan
1,1787600067.6754534,9625,nan,nan,nan,nan,nan,nan,nan,nan,nan,nan,nan,nan,nan
1,1787600067.720333,9628,nan,nan,nan,nan,nan,nan,nan,nan,nan,nan,nan,nan,nan
1,1787600067.76621,9631,nan,nan,nan,nan,nan,nan,nan,nan,nan,nan,nan,nan,nan
1,1787600067.8250525,9634,nan,nan,nan,nan,nan,nan,nan,nan,nan,nan,nan,nan,nan
1,1787600067.8699315,9637,nan,nan,nan,nan,nan,nan,nan,nan,nan,nan,nan,nan,nan
1,1787600067.9148118,9640,nan,nan,nan,nan,nan,nan,nan,nan,nan,nan,nan,nan,nan
1,1787600067.9746509,9643,nan,nan,nan,nan,nan,nan,nan,nan,nan,nan,nan,nan,nan
1,1787600068.0195298,9646,nan,nan,nan,nan,nan,nan,nan,nan,nan,nan,nan,nan,nan
1,1787600068.0644095,9649,nan,nan,nan,nan,nan,nan,nan,nan,nan,nan,nan,nan,nan
1,1787600068.124111,9652,nan,nan,nan,nan,nan,nan,nan,nan,nan,nan,nan,nan,nan
1,1787600068.1689904,9655,nan,nan,nan,nan,nan,nan,nan,nan,nan,nan,nan,nan,nan
1,1787600068.2288296,9661,nan,nan,nan,nan,nan,nan,nan,nan,nan,nan,nan,nan,nan
1,1787600068.2886696,9664,nan,nan,nan,nan,nan,nan,nan,nan,nan,nan,nan,nan,nan
1,1787600068.334157,9667,nan,nan,nan,nan,nan,nan,nan,nan,nan,nan,nan,nan,nan
1,1787600068.3939965,9670,nan,nan,nan,nan,nan,nan,nan,nan,nan,nan,nan,nan,nan
1,1787600068.4538357,9673,nan,nan,nan,nan,nan,nan,nan,nan,nan,nan,nan,nan,nan
1,1787600068.4987152,9676,nan,nan,nan,nan,nan,nan,nan,nan,nan,nan,nan,nan,nan
1,1787600068.5585682,9679,nan,nan,nan,nan,nan,nan,nan,nan,nan,nan,nan,nan,nan
1,1787600068.603434,9682,nan,nan,nan,nan,nan,nan,nan,nan,nan,nan,nan,nan,nan
1,1787600068.6483135,9685,nan,nan,nan,nan,nan,nan,nan,nan,nan,nan,nan,nan,nan
1,1787600068.708153,9688,nan,nan,nan,nan,nan,nan,nan,nan,nan,nan,nan,nan,nan
1,1787600068.7535448,9691,nan,nan,nan,nan,nan,nan,nan,nan,nan,nan,nan,nan,nan
1,1787600068.7984238,9694,nan,nan,nan,nan,nan,nan,nan,nan,nan,nan,nan,nan,nan
1,1787600068.8582635,9697,nan,nan,nan,nan,nan,nan,nan,nan,nan,nan,nan,nan,nan
1,1787600068.903143,9700,nan,nan,nan,nan,nan,nan,nan,nan,nan,nan,nan,nan,nan
1,1787600068.9480224,9703,nan,nan,nan,nan,nan,nan,nan,nan,nan,nan,nan,nan,nan
1,1787600069.0078619,9706,nan,nan,nan,nan,nan,nan,nan,nan,nan,nan,nan,nan,nan
1,1787600069.0527663,9709,nan,nan,nan,nan,nan,nan,nan,nan,nan,nan,nan,nan,nan
1,1787600069.0976207,9712,nan,nan,nan,nan,nan,nan,nan,nan,nan,nan,nan,nan,nan
1,1787600069.1574607,9715,nan,nan,nan,nan,nan,nan,nan,nan,nan,nan,nan,nan,nan
1,1787600069.2023396,9718,nan,nan,nan,nan,nan,nan,nan,nan,nan,nan,nan,nan,nan
1,1787600069.2478907,9721,nan,nan,nan,nan,nan,nan,nan,nan,nan,nan,nan,nan,nan
1,1787600069.3067434,9724,nan,nan,nan,nan,nan,nan,nan,nan,nan,nan,nan,nan,nan
1,1787600069.352116,9727,nan,nan,nan,nan,nan,nan,nan,nan,nan,nan,nan,nan,nan
1,1787600069.3969955,9730,nan,nan,nan,nan,nan,nan,nan,nan,nan,nan,nan,nan,nan
1,1787600069.457427,9733,nan,nan,nan,nan,nan,nan,nan,nan,nan,nan,nan,nan,nan
1,1787600069.502305,9736,nan,nan,nan,nan,nan,nan,nan,nan,nan,nan,nan,nan,nan
1,1787600069.54769,9739,nan,nan,nan,nan,nan,nan,nan,nan,nan,nan,nan,nan,nan
1,1787600069.6075292,9742,nan,nan,nan,nan,nan,nan,nan,nan,nan,nan,nan,nan,nan
1,1787600069.652409,9745,nan,nan,nan,nan,nan,nan,nan,nan,nan,nan,nan,nan,nan
1,1787600069.6972885,9748,nan,nan,nan,nan,nan,nan,nan,nan,nan,nan,nan,nan,nan
1,1787600069.7571282,9751,nan,nan,nan,nan,nan,nan,nan,nan,nan,nan,nan,nan,nan
1,1787600069.8026376,9754,nan,nan,nan,nan,nan,nan,nan,nan,nan,nan,nan,nan,nan
1,1787600069.8475175,9757,nan,nan,nan,nan,nan,nan,nan,nan,nan,nan,nan,nan,nan
1,1787600069.9073565,9760,nan,nan,nan,nan,nan,nan,nan,nan,nan,nan,nan,nan,nan
1,1787600069.952236,9763,120.8,-17.330000000000002,-1583.82,-0.9133086514103184,-0.03589713612833336,-0.4056830078729569,-0.3378189624618035,-0.48959610473010984,0.8038494901623899,-0.22747671498484484,0.8712101066051101,0.4350256248645779,0.5612
1,1787600070.0120764,9766,120.76,-17.830000000000002,-1583.3,-0.9100028589787003,-0.020082420117368747,-0.4141153137144546,-0.3449018456984812,-0.5176258247167419,0.783010997636747,-0.2300815366003381,0.855371382493325,0.4641145166088701,0.5429
1,1787600070.0719151,9769,120.61,-18.2,-1582.77,-0.9064875564157615,-0.002699413434200943,-0.4222239017754595,-0.35250677371188205,-0.5456065662677215,0.760297605765523,-0.23242049081486238,0.8380371041980527,0.49363400149981645,0.5352
1,1787600070.116795,9772,120.57000000000001,-18.73,-1582.26,-0.9026520843006445,0.017981232782196918,-0.4299952208749939,-0.36145988765755455,-0.5739734333462099,0.7347797271477706,-0.23359358793059884,0.8186764764425546,0.5245978103245504,0.5103
1,1787600070.1766336,9778,120.43,-19.900000000000002,-1581.2,-0.892598946684248,0.06678252037231885,-0.44587802743675553,-0.3833604680240632,-0.6329116460855234,0.6726496857991422,-0.23728015495304794,0.7713384103116052,0.5905380469058903,0.5143
1,1787600070.2364728,9781,120.41,-20.5,-1580.8400000000001,-0.8863162336472358,0.09442015166930677,-0.4533523672951578,-0.3961108337330971,-0.6616968737091778,0.6365952047594854,-0.23987442834251685,0.7438024484244761,0.6238735259210038,0.5111
1,1787600070.2963123,9784,120.35000000000001,-21.02,-1580.44,-0.8801042634065603,0.12374922687262246,-0.45836951729147973,-0.40889626604354945,-0.6882073124123097,0.5993117208580759,-0.2412888914750091,0.7148823847253853,0.6562947865556357,0.5223
1,1787600070.3561518,9787,120.2,-21.6,-1579.98,-0.8730263367589908,0.15311694998041725,-0.4630121110228888,-0.4229143793827728,-0.7104732215252076,0.5624688695446864,-0.2428341883600033,0.6868646162995208,0.6850171938274622,0.5122
1,1787600070.4010313,9790,120.15,-22.240000000000002,-1579.57,-0.8646655171260171,0.1837652128649671,-0.46752956059899675,-0.43829013521196436,-0.7307469285476358,0.52336477125813,-0.2454695518166675,0.6574490649159751,0.7123941508547318,0.5198
1,1787600070.4613757,9793,120.13,-22.89,-1579.22,-0.8546902588835145,0.2155898632671512,-0.47225583344844185,-0.45528578888771415,-0.7483760704961895,0.48233609396931354,-0.24943819235739167,0.6272593307118944,0.7377847384083946,0.5007
1,1787600070.5212147,9796,120.08,-23.48,-1578.9,-0.8431457466817562,0.24822489394272038,-0.4769587528073986,-0.4731432412144865,-0.7639089890264534,0.4388377032316527,-0.25542263632167406,0.5956739531922703,0.7615325458197955,0.5089
1,1787600070.5660946,9799,120.02,-24.13,-1578.52,-0.8321165521471727,0.281385304722825,-0.47791668094840983,-0.48981502752911654,-0.7770427762872699,0.3953299414747414,-0.2601216685502231,0.5630513600958749,0.7844169066541293,0.5015000000000001
1,1787600070.6259356,9805,120.13,-25.48,-1577.95,-0.8085706137933808,0.3453792908329667,-0.4763682482843629,-0.5220343046704702,-0.7946046213797665,0.3099736769939292,-0.2714659228282885,0.4993161735269897,0.8227937843696626,0.5089
1,1787600070.6857736,9808,120.13,-26.12,-1577.67,-0.7967538154484783,0.3757490784654298,-0.4732821437585328,-0.5363998628772804,-0.8004418941074858,0.267521889315352,-0.2783137522177572,0.4670175630423345,0.8393068873400672,0.4954
1,1787600070.7456133,9811,120.25,-26.86,-1577.38,-0.7845734664200155,0.40540321084980757,-0.4691403973464095,-0.550511253841953,-0.8035864716522313,0.22624354569993424,-0.2852750167523285,0.43577175127603657,0.8536516535489018,0.507
1,1787600070.8054519,9814,120.27,-27.48,-1577.14,-0.7723378418880416,0.4342602283957484,-0.46358635875249277,-0.5640951142642342,-0.804431868508705,0.18624196892970737,-0.29204616082212603,0.4053485203639775,0.8662572464272902,0.509
1,1787600070.850332,9817,120.39,-28.23,-1577.0,-0.7585830337946669,0.46370617969871497,-0.45774267853030953,-0.5781932396823369,-0.8029506903280458,0.14478524264357326,-0.300406987975518,0.37449535085356894,0.877216548957291,0.5086
1,1787600070.9101708,9820,120.41,-28.830000000000002,-1576.8600000000001,-0.7428942236831209,0.4917279410845369,-0.4542155923953019,-0.5921054329351472,-0.7992267519514994,0.10318796079842922,-0.3122808490876999,0.34560126001190805,0.8848957228799599,0.507
1,1787600070.9700103,9823,120.52,-29.490000000000002,-1576.7,-0.72797474942021,0.5188141432730772,-0.44820157178038283,-0.6043074665543983,-0.7943314712674291,0.0620483651736785,-0.32382904451760874,0.3160211994375447,0.8917765142864373,0.5069
1,1787600071.0298498,9829,120.74000000000001,-30.61,-1576.5900000000001,-0.6985373589697383,0.5696586620155769,-0.4330526144872073,-0.6267440674304543,-0.779101263674393,-0.013895858436749833,-0.3453077353091197,0.2617063807620802,0.9012615259757294,0.5137
1,1787600071.0901947,9832,120.77,-31.2,-1576.46,-0.6840105800659916,0.5926361835732447,-0.42533737230288765,-0.6362631678844691,-0.7698830745939101,-0.049489722644686054,-0.35678944428248693,0.23677501002759438,0.9036807439992438,0.5142
1,1787600071.1505408,9835,120.93,-31.8,-1576.42,-0.669785899132741,0.6144861921529222,-0.41688555860853177,-0.6445179628843103,-0.7598973333726317,-0.08457327150242093,-0.3687593318716212,0.21204424629441226,0.9050159074684986,0.5096
1,1787600071.2103782,9838,121.02,-32.28,-1576.39,-0.6569303239641425,0.6345940365927795,-0.40710312965788975,-0.6518691049904283,-0.7493723635192082,-0.11622276348725058,-0.37882610709314185,0.1890276950992035,0.905957676202447,0.5021
1,1787600071.2707238,9841,121.22,-32.85,-1576.41,-0.6440739674040219,0.653146485361389,-0.3982064705306883,-0.6579297693340613,-0.7385485463419189,-0.14722249597214246,-0.3902526657647221,0.16716971423168597,0.9054044088180843,0.5536
1,1787600071.3175988,9844,121.4,-33.3,-1576.63,-0.6322550293055632,0.6702727051068132,-0.3885718449741519,-0.6635511787529693,-0.7273726043593287,-0.1750112213632954,-0.3999417596267815,0.14718558087096184,0.9046452308448386,0.7567
1,1787600071.3754427,9850,121.61,-34.39,-1576.3500000000001,-0.6130002667286406,0.6963049381685245,-0.37334984407756605,-0.6706573410727181,-0.7083882216761049,-0.22001104121347567,-0.4176714065576999,0.11552298677186773,0.9012241872427855,0.7844
1,1787600071.4352832,9853,121.49000000000001,-35.18,-1575.88,-0.6061236414201161,0.7049158095972247,-0.3683854403902354,-0.6723051015152414,-0.7015569510728259,-0.23627038510566953,-0.42499409618040496,0.10445834471831258,0.8991487487788162,0.6799000000000001
1,1787600071.4951224,9856,121.58,-35.61,-1575.79,-0.6019114284194664,0.7112791246883032,-0.363021540849408,-0.6737249611256103,-0.696363708627271,-0.2473302692012601,-0.4287158838838749,0.09570575787022492,0.8983557751894033,0.6907
1,1787600071.554961,9859,121.5,-35.88,-1575.6200000000001,-0.5987608673824304,0.7156053977904575,-0.35971424540126384,-0.6745576370628704,-0.6927036363881681,-0.25521298245733004,-0.431807153682748,0.08983644465232214,0.8974809163657096,0.6711
1,1787600071.5998414,9862,121.46000000000001,-36.21,-1575.39,-0.5966212981934285,0.7180569749250718,-0.35838137131196274,-0.6748749861069006,-0.690566705145456,-0.26011800951060615,-0.4342657938051293,0.08667067846742439,0.8966054950895612,0.6568
1,1787600071.6596804,9865,121.28,-36.38,-1575.26,-0.5946467598887235,0.7187379686559502,-0.36029288553364647,-0.6747262857039183,-0.6898149751188282,-0.26248759872040656,-0.4371952313715663,0.08701168033160307,0.89514763986274,0.807
1,1787600071.7195203,9868,121.0,-36.87,-1574.73,-0.5945814949356666,0.7187694515429388,-0.36033778792784266,-0.6750458710733168,-0.689718763600609,-0.261918115227096,-0.4367904735991101,0.0875128714299238,0.895296364064523,0.5718
1,1787600071.7793584,9874,120.87,-37.12,-1574.53,-0.5915131830084047,0.7185598393003171,-0.3657648311032212,-0.6745962431468767,-0.6895109274444252,-0.263618265047869,-0.4416243460899607,0.09080990187986668,0.8925925714799466,0.5641
1,1787600071.8391976,9877,121.03,-36.75,-1574.95,-0.5891264299100344,0.7188938690024695,-0.36894668272274445,-0.6751422939803561,-0.6888005656801788,-0.2640770031593212,-0.44397402228103355,0.09351676763728453,0.8911462740259167,0.5493
1,1787600071.8990371,9880,121.27,-35.86,-1575.69,-0.5862533970296704,0.7193834303184932,-0.3725512510438924,-0.6760010796353291,-0.6878303246029067,-0.2644087458624041,-0.44646331854144644,0.09683452245897461,0.8895468399455427,0.5187
1,1787600071.9588764,9883,121.22,-34.89,-1576.33,-0.5828015005896241,0.7199064539032956,-0.3769311721506517,-0.6768191246419158,-0.6867433039805841,-0.2651405418957679,-0.44973134583819346,0.10058992030125574,0.8874814840346551,0.5374
1,1787600072.0187159,9886,121.35000000000001,-34.43,-1576.67,-0.5815764368034634,0.7204180085759105,-0.37784486376621107,-0.6775206531987096,-0.6860325933246817,-0.2651886976954444,-0.450260605254536,0.10177020102039347,0.8870784709032723,0.5226000000000001
1,1787600072.0785556,9892,121.39,-34.230000000000004,-1576.77,-0.5814405053325042,0.7203483634671042,-0.37818669200402466,-0.6783256440000992,-0.6858760922502349,-0.26353046649561795,-0.44922295071660445,0.10330644379617451,0.8874269092267009,0.5248
1,1787600072.1383946,9895,121.3,-34.15,-1576.77,-0.5814480741128721,0.7204285125376136,-0.3780223477960969,-0.6782202028110169,-0.6858456066776164,-0.2638809585779075,-0.4493723329371926,0.10294931822918268,0.8873927790255741,0.5239
1,1787600072.1837788,9898,121.42,-34.27,-1576.81,-0.5819609212536689,0.7204124143072386,-0.377263090489378,-0.678392466004334,-0.6858993783629936,-0.2632977493823627,-0.4484474865601763,0.10270343749492787,0.8878889884014701,0.5215000000000001
1,1787600072.243618,9901,121.43,-34.160000000000004,-1576.9,-0.5813006730391772,0.720379485236482,-0.3783423380678148,-0.6781388671076722,-0.6858748878760571,-0.26401385399052224,-0.44968567293401995,0.1030972134998182,0.8872168619488982,0.5166000000000001
1,1787600072.3034573,9904,121.52,-34.19,-1576.8700000000001,-0.5814518709587703,0.7204685643685217,-0.3779401665810437,-0.6781674632983443,-0.6858303137221179,-0.2640561919427574,-0.44944700853608394,0.10277075720545559,0.8873756577579661,0.5258
1,1787600072.348337,9907,121.43,-34.22,-1576.8400000000001,-0.5815255338541524,0.720493041468095,-0.3777801353587783,-0.6782081336631204,-0.6858156799231654,-0.2639897357942412,-0.4492903080512977,0.10269678849691531,0.8874635703642093,0.5274
1,1787600072.4081779,9910,121.34,-34.35,-1576.74,-0.5818321022284144,0.7206369765293759,-0.37703282731754745,-0.6781302823326213,-0.6857815472960758,-0.26427824271339384,-0.44901082949071863,0.10191181210634975,0.8876954756859229,0.5164
1,1787600072.4680173,9913,121.28,-34.58,-1576.58,-0.5809264551553728,0.7204350092680724,-0.37881110216244346,-0.6776299180496758,-0.6858925655776631,-0.2652717147554193,-0.4509347490098785,0.10259037920879108,0.8866414530288972,0.5197
1,1787600072.5278869,9919,121.33,-34.85,-1576.48,-0.5814288971938608,0.7203692046234305,-0.3781648404309121,-0.6774390484528765,-0.6860618822212098,-0.26532137002954026,-0.45057382651369376,0.10191811808161112,0.8869024321014746,0.5289
1,1787600072.587696,9922,121.27,-34.97,-1576.39,-0.5814835300340533,0.7201933383777469,-0.3784157233195426,-0.6777440930124392,-0.6861243844182314,-0.26437903376298466,-0.45004427413964787,0.10273696736335705,0.8870768100063817,0.5164
1,1787600072.6325755,9925,121.17,-35.06,-1576.29,-0.5814135591304882,0.7202089420433856,-0.3784935310675276,-0.6776505321311398,-0.6861236660467679,-0.26462061747514365,-0.4502755040656789,0.10263232771057348,0.8869715755012154,0.5284
1,1787600072.6929207,9928,121.16,-35.19,-1576.16,-0.5810437787054514,0.7201600842145089,-0.3791537687163896,-0.6775290992769692,-0.6861265571261855,-0.264923889521322,-0.450935080538905,0.10295533356906937,0.8865989806158435,0.5233
1,1787600072.7527597,9931,121.07000000000001,-35.39,-1575.99,-0.580879587404773,0.720095109647467,-0.3795285733620892,-0.6772179932019613,-0.6862167385986185,-0.2654851735042528,-0.45161343494184125,0.10280866076784254,0.8862706610574186,0.5167
1,1787600072.7981534,9934,120.97,-35.47,-1575.8600000000001,-0.5810437787054514,0.7201600842145089,-0.3791537687163896,-0.6775290992769692,-0.6861265571261855,-0.264923889521322,-0.450935080538905,0.10295533356906937,0.8865989806158435,0.5096
1,1787600072.8579836,9937,120.95,-36.25,-1575.69,-0.5808601370124763,0.7205615902985688,-0.3786720161515036,-0.6769587871474991,-0.6859446991657845,-0.2668457797870304,-0.45202688164934857,0.10134527257232454,0.8862284321740117,0.5099
1,1787600072.9178243,9940,120.91,-43.59,-1573.44,-0.5808136707473475,0.7204548449962226,-0.37894629724337026,-0.6725096563012014,-0.6869728360294747,-0.27531633576535286,-0.4586788005289017,0.09493755252316799,0.8835160547869397,0.5043
1,1787600072.9776976,9946,120.58,-71.99,-1565.21,-0.5842365139634516,0.7215000922493005,-0.3716252314309201,-0.6562326770006821,-0.689389314032282,-0.30675894010544885,-0.4775210669576289,0.06465284666858,0.8762383465868729,0.45480000000000004
1,1787600073.0375025,9949,120.28,-86.79,-1560.52,-0.5843131629236556,0.7220736926461321,-0.37038859326730433,-0.6463018869543784,-0.6900742541410426,-0.32571673996111045,-0.4907871214216639,0.04906226819117832,0.8698970601666461,0.47040000000000004
1,1787600073.082382,9952,120.04,-100.64,-1555.78,-0.5832132609340436,0.7225796001413811,-0.371134764917275,-0.6382225652717722,-0.6902410463772347,-0.34093878493650204,-0.502527859375575,0.0380265611853315,0.863724337503477,0.4753
1,1787600073.1422212,9955,119.74000000000001,-114.24000000000001,-1550.93,-0.5827274057008668,0.7230750805052824,-0.3709328761345063,-0.6307098491858959,-0.6902306255371083,-0.3546643056617861,-0.512478152495345,0.027278407631893275,0.8582668767300917,0.4631
1,1787600073.2020607,9958,119.49000000000001,-128.27,-1545.8400000000001,-0.5802778014424533,0.7235349788385128,-0.3738646914998338,-0.6228170086978501,-0.690029312215006,-0.36872553744044934,-0.5247634198663003,0.018886044616040057,0.8510385834314365,0.47250000000000003
1,1787600073.2469404,9961,119.08,-142.27,-1540.29,-0.5795194245173569,0.7239351886771298,-0.3742660540338643,-0.6156547230552384,-0.6898007095245205,-0.3809780087081736,-0.5339723762394911,0.009634507484866243,0.8454470283102751,0.47790000000000005
1,1787600073.306779,9964,118.83,-155.24,-1534.51,-0.5797364182245722,0.7240887614935932,-0.3736323739490711,-0.6092645462472972,-0.6897063324065569,-0.3912823631654911,-0.5410197760435558,0.0008003230413731794,0.8410094894903449,0.46190000000000003
1,1787600073.3666186,9967,118.46000000000001,-166.21,-1528.43,-0.5802990554425359,0.724140834379112,-0.3726567565967705,-0.6052715999118047,-0.6896329378081439,-0.3975584251783796,-0.5448846635690027,-0.005144227330964414,0.8384952237982409,0.44680000000000003
1,1787600073.4264581,9973,117.78,-181.46,-1515.59,-0.580694874046285,0.7239175078847662,-0.372474032697957,-0.6046158606882376,-0.6898603950135788,-0.3981611437545496,-0.5451909062526549,-0.006006427358978958,0.8382904022889622,0.4404
1,1787600073.4862971,9976,117.58,-186.02,-1508.81,-0.5814992887776419,0.7237433402983587,-0.37155639481089636,-0.6073033965336055,-0.6900614249584546,-0.39369761790370733,-0.5413327643047694,-0.0032874242320190036,0.8408020166079978,0.4394
1,1787600073.5311768,9979,117.35000000000001,-188.22,-1501.89,-0.5814208276108956,0.7230430663560375,-0.37303960301115463,-0.6124800144995373,-0.6907845668950942,-0.38429794948477686,-0.5355539683905889,0.005040469622564452,0.8444859623505154,0.4505
1,1787600073.591016,9982,117.19,-188.16,-1494.96,-0.5824247150871217,0.7226193163371222,-0.372293936174302,-0.6205676719491879,-0.6910786950513411,-0.37054824487197435,-0.5250497269661706,0.015217125306893554,0.850935498912899,0.45430000000000004
1,1787600073.650856,9985,116.96000000000001,-186.48,-1488.14,-0.5819664831415118,0.7220698513664688,-0.3740723756808379,-0.6305608149883526,-0.6911534015472186,-0.35312891998664386,-0.5135251416446179,0.030366186413750863,0.8575370683658874,0.46690000000000004
1,1787600073.710695,9988,116.77,-184.04,-1481.54,-0.5822198362212787,0.7213961834146612,-0.3749768111033378,-0.6417480393405309,-0.6909349047013862,-0.33281888688575234,-0.4991788420126118,0.046866875509760646,0.8652305933489063,0.4732
1,1787600073.770534,9994,116.56,-179.35,-1469.33,-0.5819343430536034,0.7199689564073514,-0.37814960291461375,-0.663456991024206,-0.6892141969584363,-0.29121918166914096,-0.47029484521508147,0.08141555453748836,0.8787458483790838,0.4712
1,1787600073.8303735,9997,116.46000000000001,-176.78,-1464.05,-0.5822393915222267,0.7192709637535095,-0.37900735040487626,-0.6741291035056723,-0.6876977523659976,-0.2694842355266695,-0.4544746888072709,0.09859554803261891,0.8852862108615958,0.4708
1,1787600073.8902125,10000,116.45,-172.94,-1459.66,-0.5823364584351403,0.7183273744940181,-0.380644233149208,-0.6856766102718257,-0.6855396694513431,-0.24470992569710298,-0.4367285602102944,0.11849533603089014,0.8917550224336108,0.4681
1,1787600073.9500551,10003,116.48,-167.94,-1456.3600000000001,-0.5827811955741814,0.71792723137967,-0.38071848986968004,-0.6969096122150643,-0.6825075440362091,-0.2202281651740095,-0.41795103838533093,0.13698154173896607,0.8980829509212607,0.458
1,1787600074.0098913,10006,116.54,-162.67000000000002,-1453.93,-0.5821896195251165,0.7175448809666902,-0.3823409351818063,-0.708048036229984,-0.6785954916191597,-0.19538714682653482,-0.3996538818878943,0.15696337965477516,0.9031274949525608,0.4742
1,1787600074.069544,10009,116.36,-158.93,-1451.31,-0.5822608421183386,0.7170370008844098,-0.38318435654177563,-0.7172092622275902,-0.6749804300752865,-0.1732405645059423,-0.38286183658155254,0.17395217267419438,0.9072802520232258,0.49520000000000003
1,1787600074.1144238,10012,116.22,-157.27,-1448.16,-0.5824797185217512,0.716799438746211,-0.38329615459059657,-0.7235782681547125,-0.6720864495984992,-0.1572714027416012,-0.3703402048995606,0.18573736532857596,0.9101372224866701,0.5353
1,1787600074.1748881,10018,115.97,-157.28,-1440.69,-0.5831526656393097,0.7168323156037483,-0.38220988980393444,-0.732184876046743,-0.6676012504528007,-0.1349587999438059,-0.3519066294433552,0.2011467168512203,0.9141672289323174,0.6658000000000001
1,1787600074.234727,10021,115.74000000000001,-156.65,-1437.3500000000001,-0.583042458703007,0.7167490609061006,-0.3825340181471124,-0.7358744206115114,-0.6654367248076544,-0.12523099603107238,-0.344311382964933,0.2084820111364168,0.9154151640612528,0.6539
1,1787600074.2801118,10024,115.61,-155.29,-1434.99,-0.5831197870488026,0.7164243561681787,-0.3830240930296288,-0.7388757252937556,-0.6636905306627421,-0.11652271057709956,-0.3376891714636194,0.21506050636418236,0.9163596466882397,0.603
1,1787600074.3404887,10027,115.51,-153.57,-1433.38,-0.5831881105958281,0.716465269067964,-0.3828435005051517,-0.7418368479526091,-0.6617615675578615,-0.108396119502036,-0.33101316994857755,0.22079208754557283,0.917431815121899,0.5393
1,1787600074.4003289,10030,115.39,-152.37,-1432.08,-0.5837077165049905,0.7162844562788168,-0.38238969571091963,-0.7442003138447654,-0.6602984771773839,-0.10085541091374782,-0.32473249693537387,0.22570444995743444,0.9184804334897558,0.5255000000000001
1,1787600074.44523,10033,115.3,-153.04,-1430.53,-0.5835888981079549,0.7162709234766603,-0.382596343666579,-0.7448613308728618,-0.659818481919983,-0.09910180970657331,-0.32342788342295387,0.22714650580341558,0.9185852541413055,0.5161
1,1787600074.5055532,10036,115.22,-155.64000000000001,-1428.51,-0.5843032369563659,0.716207499495938,-0.3816235644559815,-0.7441301870666175,-0.6604765227434126,-0.10020492802737223,-0.323820925788488,0.22542755060228561,0.9188701907510878,0.5034000000000001
1,1787600074.5653927,10039,114.96000000000001,-158.01,-1426.94,-0.5848710200717965,0.716185112285226,-0.3807949248889416,-0.7430907344177821,-0.6613050554461712,-0.10242941015049215,-0.3251800275272419,0.223057186798217,0.9189686834245482,0.5106
1,1787600074.625739,10045,115.12,-156.18,-1428.09,-0.5848227880200892,0.7160749005370457,-0.3810761648716303,-0.7438792593577813,-0.6607808612810021,-0.10006148540800261,-0.32345935464866155,0.2249564184138725,0.919112972220866,0.5275000000000001
1,1787600074.6855786,10048,115.04,-157.16,-1427.51,-0.5853387217649354,0.7160838834647887,-0.38026629175431587,-0.7433834158131304,-0.6612166079936013,-0.10086473321948959,-0.32366599743654584,0.22364362086905848,0.9193605674315071,0.5076
1,1787600074.7304575,10051,114.92,-157.01,-1427.46,-0.5851434877882867,0.7161148600838896,-0.3805083519004412,-0.7436538478099297,-0.6609854848745936,-0.10038497608000922,-0.3233976705798061,0.22422688498957752,0.9193129231722057,0.506
1,1787600074.7902975,10054,114.87,-156.78,-1427.58,-0.585019206501954,0.716144888713459,-0.3806429119179961,-0.7438394870206723,-0.6608259986951975,-0.10005906754171671,-0.32319552220389314,0.22460075204255658,0.9192927480456217,0.5165000000000001
1,1787600074.8501363,10057,114.74000000000001,-157.07,-1427.41,-0.5856593764927083,0.7161230277400175,-0.3796984380618947,-0.743157911644109,-0.6614205949547081,-0.10118851185053941,-0.32360379028518665,0.2229138975259958,0.9195596670161381,0.508
1,1787600074.8950162,10060,114.88,-156.64000000000001,-1427.69,-0.5850122332736543,0.7161333944142743,-0.38067525310277395,-0.7435400079079849,-0.6610353819568228,-0.10089836689159633,-0.3238965013092381,0.2240205017534934,0.9191876148174255,0.5157
1,1787600074.9548552,10063,114.83,-156.81,-1427.48,-0.5850179939413895,0.7160442446165518,-0.38083406690618454,-0.7436088951964316,-0.6610123242339231,-0.10054112688651252,-0.3237279069674641,0.22437323138551743,0.9191609735449423,0.5089
1,1787600075.0146945,10066,114.8,-157.16,-1427.3600000000001,-0.5852021829684658,0.7160940290768788,-0.3804572861299738,-0.7434111424919418,-0.6611697288349736,-0.10096763288853144,-0.3238491597453484,0.2237497065757402,0.9192702489145954,0.5233
1,1787600075.074534,10072,114.85000000000001,-156.79,-1427.58,-0.5855334105156296,0.7162013307694809,-0.3797450183662192,-0.7437499893728481,-0.6609672458672884,-0.09979104768715664,-0.32246950007376496,0.22400436088307882,0.9196931378604167,0.5132
1,1787600075.134374,10075,114.84,-156.87,-1427.45,-0.5851377284066537,0.7162039379041905,-0.38034952100092306,-0.743585035707624,-0.6610085440505086,-0.10074224220215898,-0.32356627368561247,0.22387412539808482,0.9193395686635325,0.5107
1,1787600075.1792526,10078,114.8,-156.91,-1427.47,-0.5851348611044458,0.7162484562498553,-0.38027009248687954,-0.743550606628768,-0.6610200240374626,-0.10092087595489359,-0.323650567282481,0.22369773521699135,0.9193528340939168,0.5131
1,1787600075.239092,10081,114.77,-156.9,-1427.52,-0.5852713717093196,0.7162382953792241,-0.3800791045160923,-0.7435228669623667,-0.6610669286962675,-0.10081796510615856,-0.32346741375531796,0.2235916367316702,0.9194430989583308,0.5161
1,1787600075.2989314,10084,114.83,-156.77,-1427.57,-0.5855267709614684,0.7161895285026855,-0.37977751348722194,-0.7434508893960227,-0.6611764222946139,-0.10063058013326248,-0.32317050537401887,0.2234240315292767,0.9195882375234613,0.5098
1,1787600075.3438125,10087,114.85000000000001,-156.87,-1427.42,-0.5851377284066537,0.7162039379041905,-0.38034952100092306,-0.743585035707624,-0.6610085440505086,-0.10074224220215898,-0.32356627368561247,0.22387412539808482,0.9193395686635325,0.5102
1,1787600075.4036746,10090,114.8,-156.88,-1427.46,-0.5851377284066537,0.7162039379041905,-0.38034952100092306,-0.743585035707624,-0.6610085440505086,-0.10074224220215898,-0.32356627368561247,0.22387412539808482,0.9193395686635325,0.5022
1,1787600075.4634898,10093,114.79,-156.87,-1427.52,-0.5848727235684553,0.7161880445631404,-0.38078679342965965,-0.7435332206509383,-0.6609999781341018,-0.10117993227493181,-0.32416391997577426,0.22395024833998717,0.9191104608557111,0.5024000000000001
1,1787600075.5238338,10099,114.85000000000001,-156.85,-1427.43,-0.5857343518503396,0.716081185340219,-0.37966169817906215,-0.7435484647991473,-0.6611754196924144,-0.09991368719745498,-0.3225692941947417,0.22377399401249998,0.9197142219441862,0.5168
1,1787600075.583673,10102,114.82000000000001,-156.89000000000001,-1427.42,-0.5850179939413895,0.7160442446165518,-0.38083406690618454,-0.7436088951964316,-0.6610123242339231,-0.10054112688651252,-0.3237279069674641,0.22437323138551743,0.9191609735449423,0.5079
1,1787600075.6285753,10105,114.79,-156.84,-1427.53,-0.5851463798670224,0.7160703006151705,-0.380587754276747,-0.7436882308298896,-0.6609739056883942,-0.10020634373201481,-0.3233133610812073,0.22440325437909572,0.9192995431144539,0.5159
1,1787600075.6883924,10108,114.81,-156.86,-1427.46,-0.5849437173426504,0.7161872363277151,-0.38067924826897404,-0.7434484881037153,-0.6610717342230371,-0.10133364568417486,-0.3242301544854539,0.22374093217964341,0.9191380756935941,0.5171
1,1787600075.7482374,10111,114.84,-156.83,-1427.45,-0.5850122332736543,0.7161333944142743,-0.38067525310277395,-0.7435400079079849,-0.6610353819568228,-0.10089836689159633,-0.3238965013092381,0.2240205017534934,0.9191876148174255,0.5078
1,1787600075.8080704,10114,114.83,-156.87,-1427.45,-0.5846784588404021,0.7161713659982749,-0.38111635269583605,-0.743396325865421,-0.6610631679442852,-0.1017712664618963,-0.32482765038987166,0.2238170290921371,0.918908556402956,0.5049
1,1787600075.8679104,10117,114.79,-156.85,-1427.51,-0.5848099006062287,0.7161527539102024,-0.38094962031713125,-0.7435106492354957,-0.6610134157971093,-0.10125798047388686,-0.3243289913441983,0.22402343003148456,0.9190343890032536,0.5099
1,1787600075.9127896,10120,114.81,-156.86,-1427.48,-0.5848156480802105,0.7160635430624582,-0.38110846232714757,-0.7435796539717646,-0.6609904223986524,-0.10090074180342984,-0.32416038616671633,0.22437616583338482,0.919007823822058,0.5109
1,1787600075.9726288,10126,114.83,-156.84,-1427.45,-0.5848041861968878,0.7162419099145708,-0.3807907434386023,-0.7434415830988702,-0.6610362769168516,-0.10161522090392182,-0.3244975752236698,0.22367066656545528,0.9190608013576269,0.4973
1,1787600076.0329754,10129,114.79,-156.86,-1427.49,-0.584625644899006,0.7161027049190049,-0.3813263318131934,-0.743708483737345,-0.6608560242048408,-0.10083157486258941,-0.32420756706702636,0.22464690356169004,0.9189250362116727,0.4968
1,1787600076.0783594,10132,114.8,-156.86,-1427.5,-0.5850680598869675,0.7161571454032094,-0.3805447521488454,-0.7432624971230655,-0.6612308127807777,-0.10165959177400412,-0.32443215881056703,0.22336686262111116,0.9191577769960481,0.5008
1,1787600076.1381986,10135,114.83,-156.87,-1427.45,-0.5847499208479716,0.7160728351688952,-0.381191847763657,-0.7435225935720502,-0.6610153793728839,-0.10115740744213599,-0.32440974540876977,0.22427296530278126,0.918945022358854,0.5064000000000001
1,1787600076.1980484,10138,114.83,-156.83,-1427.47,-0.5850122332736543,0.7161333944142743,-0.38067525310277395,-0.7435400079079849,-0.6610353819568228,-0.10089836689159633,-0.3238965013092381,0.2240205017534934,0.9191876148174255,0.5068
1,1787600076.2429173,10141,114.8,-156.86,-1427.49,-0.5850093653311665,0.7161779487531432,-0.3805958331282231,-0.7435055412384513,-0.6610468612203761,-0.10107698758078738,-0.3239807905147211,0.22384412654887612,0.9192008781474413,0.5063
1,1787600076.302757,10144,114.8,-156.86,-1427.47,-0.5850836466357263,0.7160349806523777,-0.38075061775601826,-0.7436657798695975,-0.6609873228734946,-0.10028442975593974,-0.32347849123300876,0.22447642522697078,0.9192235855475731,0.5105000000000001
1,1787600076.3625982,10147,114.82000000000001,-156.87,-1427.44,-0.5850749942095496,0.7161686719258099,-0.38051239730489356,-0.7435625283534039,-0.6610219601445383,-0.10082030864546106,-0.32373139727154815,0.22394731871289353,0.9192636079286052,0.5137
1,1787600076.4224362,10153,114.81,-156.85,-1427.5,-0.5850692672254102,0.7162577309006365,-0.38035354010892697,-0.7434936172542543,-0.6610448863270731,-0.10117756353565555,-0.3238999747615091,0.22359454641358883,0.9192900984801236,0.4984
1,1787600076.4822748,10156,114.8,-156.88,-1427.48,-0.5851377284066537,0.7162039379041905,-0.38034952100092306,-0.743585035707624,-0.6610085440505086,-0.10074224220215898,-0.32356627368561247,0.22387412539808482,0.9193395686635325,0.509
1,1787600076.5271556,10159,114.82000000000001,-156.88,-1427.49,-0.5850036542306672,0.7162670162961065,-0.3804369670563559,-0.743436561857513,-0.6610697205448175,-0.10143423027892108,-0.3241493529690382,0.22349135541463327,0.9192272901870809,0.5084000000000001
1,1787600076.5870054,10162,114.83,-156.85,-1427.46,-0.5850036542306672,0.7162670162961065,-0.3804369670563559,-0.743436561857513,-0.6610697205448175,-0.10143423027892108,-0.3241493529690382,0.22349135541463327,0.9192272901870809,0.5164
1,1787600076.6468332,10165,114.82000000000001,-156.84,-1427.52,-0.585077870091957,0.7161241218731996,-0.3805918128388963,-0.7435969608782196,-0.6610104474524439,-0.10064168187880815,-0.3236471005606791,0.22412369448601013,0.9192503053405024,0.5158
1,1787600076.7066731,10168,114.8,-156.89000000000001,-1427.5,-0.5854612579290791,0.7161987882587915,-0.3798610419097217,-0.7433940066110669,-0.6612012597048353,-0.10088728908779279,-0.32341995361889087,0.2233208227223286,0.9195256079847787,0.5171
1,1787600076.7665122,10171,114.81,-156.88,-1427.45,-0.5858514564802177,0.7163855533540013,-0.3789060700037526,-0.7437206356771007,-0.6609972378281448,-0.09981115995524843,-0.32195913872424353,0.22332574981234068,0.920036913641349,0.5391
1,1787600076.8113916,10174,114.83,-156.85,-1427.48,-0.5850749942095496,0.7161686719258099,-0.38051239730489356,-0.7435625283534039,-0.6610219601445383,-0.10082030864546106,-0.32373139727154815,0.22394731871289353,0.9192636079286052,0.5237
1,1787600076.871231,10180,114.8,-156.88,-1427.48,-0.5852090863528959,0.7161056090485085,-0.3804248702954024,-0.7437106686898233,-0.6609604942235204,-0.10012824952397663,-0.32314821139369604,0.22433007325159188,0.9193754682979041,0.5017
1,1787600076.9310706,10183,114.81,-156.89000000000001,-1427.48,-0.5854024294179478,0.7162197915725497,-0.3799121027176396,-0.7436365602815763,-0.6610171434165342,-0.10030454786314927,-0.32296851525210657,0.22379800327352997,0.9195682638535493,0.5154
1,1787600076.990909,10186,114.82000000000001,-156.85,-1427.51,-0.5854082013291924,0.7161308108003663,-0.38007091396071074,-0.7437052173425506,-0.6609940192011323,-0.09994726748542516,-0.32279991870195646,0.22415077158632177,0.9195415401618716,0.5112
1,1787600077.050771,10189,114.83,-156.85,-1427.53,-0.5852058141502403,0.7162475634035107,-0.38016257443794765,-0.7434659212504814,-0.6610917792344575,-0.10107464255584517,-0.32371681918603973,0.22348845014262558,0.9193804074641355,0.5087
1,1787600077.1105883,10192,114.81,-156.87,-1427.51,-0.5855305210782504,0.7162457920060515,-0.37966560855502407,-0.743715706128963,-0.660978825234522,-0.09996970065319581,-0.3225538053456058,0.22382796524387966,0.9197065209249382,0.5102
1,1787600077.1704285,10198,114.82000000000001,-156.86,-1427.52,-0.5848156480802105,0.7160635430624582,-0.38110846232714757,-0.7435796539717646,-0.6609904223986524,-0.10090074180342984,-0.32416038616671633,0.22437616583338482,0.919007823822058,0.502
1,1787600077.2302685,10201,114.82000000000001,-156.85,-1427.5,-0.5853426661826227,0.7161400487444358,-0.38015443405349886,-0.7436484720109531,-0.6610189927283383,-0.1002039985638693,-0.3230493974951721,0.2240475883305381,0.9194790725956064,0.5121
1,1787600077.2970881,10204,114.82000000000001,-156.87,-1427.51,-0.5853995558418679,0.716264261396703,-0.37983268404124865,-0.7436022087229174,-0.6610286559276294,-0.10048318876762613,-0.32305280559459976,0.2236216087240836,0.9195815683826586,0.5145000000000001
1,1787600077.3499455,10207,114.8,-156.88,-1427.48,-0.5850877285186441,0.7160910711475199,-0.38063884163297196,-0.7439305532329172,-0.6607892619826323,-0.09962370809708722,-0.3228617070875067,0.22488025496082445,0.9193417150468565,0.5231
1,1787600077.4098132,10210,114.86,-156.86,-1427.56,-0.5854679295480232,0.716210555794485,-0.37982857085704563,-0.7436933078623366,-0.6609922086754748,-0.10004780812738165,-0.3227190222337797,0.22390118320114416,0.9196307372253282,0.5184
1,1787600077.4696379,10216,114.95,-156.85,-1427.6000000000001,-0.5851406039680488,0.7161594058478827,-0.3804289408069719,-0.7436194494352598,-0.6609970309957593,-0.10056360890696067,-0.3234819747829978,0.2240505086590939,0.919326265022431,0.5126000000000001
1,1787600077.5297933,10219,114.85000000000001,-156.87,-1427.52,-0.5850664161243639,0.7163022398169406,-0.38027409845613563,-0.7434591386834201,-0.6610562998147689,-0.10135619163777658,-0.32398425553026455,0.22341814990828454,0.919303286440367,0.5192
1,1787600077.5896003,10222,114.92,-156.89000000000001,-1427.57,-0.5850709027041835,0.7161126113703976,-0.38062418032119544,-0.7432970322551323,-0.6612194312140731,-0.10148096188768858,-0.3243479006400761,0.22354326565836813,0.9191446282980539,0.5186000000000001
1,1787600077.6494381,10225,114.94,-156.87,-1427.57,-0.5852646040010165,0.716226632014711,-0.3801115032413476,-0.7432229621081419,-0.6612756034896741,-0.1016572910546351,-0.32416812289108987,0.22301118317750585,0.919337283198629,0.5267000000000001
1,1787600077.6943407,10228,115.03,-156.85,-1427.6200000000001,-0.5850093653311665,0.7161779487531432,-0.3805958331282231,-0.7435055412384513,-0.6610468612203761,-0.10107698758078738,-0.3239807905147211,0.22384412654887612,0.9192008781474413,0.5162
1,1787600077.7541583,10231,115.05,-156.86,-1427.6200000000001,-0.5846155550982096,0.716136076750543,-0.38127912651173623,-0.7433736776373898,-0.6610766220270264,-0.1018492769007138,-0.32499265858335075,0.2238901949297389,0.9188323854116424,0.5173
1,1787600077.813996,10234,115.17,-156.76,-1427.76,-0.5849449281291501,0.7162878200671493,-0.3804880942676584,-0.7436794286442973,-0.6608856621040022,-0.10085161890939626,-0.3236979123616257,0.22396852557626454,0.9192702328934181,0.5096
1,1787600077.858876,10237,115.15,-156.67000000000002,-1427.79,-0.5850036542306672,0.7162670162961065,-0.3804369670563559,-0.743436561857513,-0.6610697205448175,-0.10143423027892108,-0.3241493529690382,0.22349135541463327,0.9192272901870809,0.5111
1,1787600077.918716,10243,115.04,-156.72,-1427.74,-0.58559669042661,0.7160878766204956,-0.37986138145190707,-0.7431353728317464,-0.6614339800557448,-0.10126651802959401,-0.32376895127177147,0.22298709152048832,0.91948378082901,0.5196000000000001
1,1787600077.9785547,10246,114.98,-156.85,-1427.64,-0.585724874029207,0.7161137549163309,-0.3796148863823744,-0.743214851789145,-0.6613958332081061,-0.1009318378659302,-0.32335438148184864,0.2230171335000712,0.9196223693135692,0.5306000000000001
1,1787600078.0383942,10249,115.22,-156.75,-1427.78,-0.5881827481499007,0.7161970854612264,-0.3756365125432771,-0.7425417669989676,-0.6622870817671586,-0.1000377208176606,-0.320425933783272,0.22008533822403065,0.9213520851758749,0.6021000000000001
1,1787600078.0982337,10252,115.48,-156.71,-1427.93,-0.5906935652163614,0.7162135845439036,-0.37164393352610603,-0.7419536072974154,-0.6631445420528176,-0.09871251675401396,-0.3171528915686198,0.2174337086569869,0.923112466446712,0.9780000000000001
1,1787600078.1431127,10255,115.47,-156.64000000000001,-1427.83,-0.5919938127284594,0.7158685334217548,-0.3702371787757238,-0.7414231834713859,-0.6638359013232645,-0.09804875891863407,-0.31596675252687106,0.21645816910182614,0.9237482732469425,0.8052
1,1787600078.2029524,10258,115.66,-156.35,-1428.19,-0.5927539496709787,0.7133451048456514,-0.3738736638788581,-0.7409536117205078,-0.6649485222295857,-0.09397450751679895,-0.31564299521419703,0.22131928107925145,0.9227064947179973,0.9847
1,1787600078.262794,10261,115.06,-156.18,-1428.06,-0.5909986519423468,0.7078314353091737,-0.38690470737700233,-0.740876909123297,-0.666013526019825,-0.08676052493242611,-0.31909559528492243,0.235373410449853,0.9180290620252531,0.6889000000000001
1,1787600078.307671,10264,114.86,-156.11,-1428.08,-0.5893203771443607,0.700187667277716,-0.4030368763210373,-0.7407077014391893,-0.667457936380827,-0.07649839338784231,-0.3225733933713405,0.2534504562127254,0.9119809604012903,0.6219
1,1787600078.3675125,10270,113.83,-155.67000000000002,-1428.01,-0.5803229996287216,0.680631998189862,-0.4471747970782772,-0.7425531196753753,-0.6677140831988438,-0.052657075101976536,-0.33442499990624286,0.3014929288358237,0.8928952532630611,0.4783
1,1787600078.4273508,10273,113.28,-155.42000000000002,-1428.09,-0.5724053208430426,0.670279910287716,-0.4723102693519004,-0.744798999053686,-0.6659387687556156,-0.042426492629983645,-0.3429673449166857,0.32749106572996156,0.8804107008594643,0.47450000000000003
1,1787600078.4871898,10276,112.72,-155.25,-1428.16,-0.5636503872944407,0.6596812267795846,-0.4971105711382621,-0.7476528919778944,-0.6632947519702143,-0.03248422887899341,-0.35116006894280827,0.35335640795569856,0.8670789208236628,0.47990000000000005
1,1787600078.547536,10279,112.29,-155.08,-1428.33,-0.5553389106359475,0.6489506187668675,-0.5200594088522759,-0.7509273206890462,-0.6600269400514546,-0.0217393065456092,-0.35736095670407164,0.37845413567354913,0.8538533912886552,0.4762
1,1787600078.592415,10282,111.82000000000001,-154.85,-1428.42,-0.5482512838225085,0.6384360287822524,-0.540203634696878,-0.7535844817726414,-0.6572425016475073,-0.011946667300375226,-0.36267197109568666,0.4005393004199129,0.8414495292058201,0.46830000000000005
1,1787600078.6527972,10285,111.60000000000001,-154.56,-1428.68,-0.5448158421720866,0.6283155920134601,-0.5553334268267088,-0.75537963073144,-0.6552873439479222,-0.00033217120754176256,-0.3641116746196882,0.41930658675300225,0.8316277260356303,0.47590000000000005
1,1787600078.7126365,10288,111.39,-154.22,-1428.83,-0.545584900274371,0.6161467095801025,-0.5680672045332463,-0.7555412748595175,-0.654922683450363,0.01528596368667939,-0.3626217017447515,0.43753801089252586,0.8228401973943374,0.4685
1,1787600078.7585156,10291,111.28,-153.85,-1428.97,-0.552572941495791,0.6011390536302084,-0.5773170554619591,-0.7536533103021068,-0.6561664168794675,0.03810933258713864,-0.35590705555996704,0.45615509594888703,0.8156302448061231,0.4824
1,1787600078.8173552,10297,111.05,-153.12,-1429.09,-0.5767508895876352,0.5646324262488135,-0.5903800763815201,-0.7451359042503422,-0.6598396994451863,0.0968713333918302,-0.33485951615102155,0.4957840197752086,0.8012910271422232,0.45930000000000004
1,1787600078.8771946,10300,111.04,-152.68,-1429.22,-0.5916446199816897,0.5461336323292136,-0.593038531029495,-0.7389884958326208,-0.6614185943724653,0.1281461901321797,-0.3222617673162029,0.5140656559791283,0.7949112243948917,0.4681
1,1787600078.9370372,10303,111.15,-152.42000000000002,-1429.3,-0.6066535621843132,0.5298091969046985,-0.5926834487011442,-0.7318758182175428,-0.663295073821577,0.15619677254165892,-0.3103695252396503,0.5285280124262353,0.7901448587969724,0.46530000000000005
1,1787600078.99706,10306,111.36,-152.07,-1429.43,-0.6228794414738218,0.5167501429451805,-0.5873589117016914,-0.7233480968514577,-0.6663889402203226,0.1808129174959841,-0.29797438173546725,0.5374896000093127,0.7888702033358816,0.46880000000000005
1,1787600079.0419188,10309,111.59,-151.86,-1429.42,-0.6394666982887451,0.505305129752041,-0.5794385796837869,-0.7132643036644505,-0.6712094198746883,0.20182157414298174,-0.2869431562134873,0.542351030715124,0.7896321830982352,0.4535
1,1787600079.1022635,10312,112.01,-151.75,-1429.3700000000001,-0.6594288992306204,0.4973844833046063,-0.5637040026709956,-0.7007469798622947,-0.678210203212552,0.22132462689963242,-0.27222637101016656,0.5409617324970396,0.7957720822574994,0.47600000000000003
1,1787600079.1621025,10315,112.58,-151.57,-1429.45,-0.6789966277509929,0.4918780840780107,-0.544994981542514,-0.6872807781606555,-0.6868671957345243,0.23634421379563034,-0.25808663559677697,0.5350414991638839,0.8044388620018305,0.46
1,1787600079.2074888,10318,112.98,-151.53,-1429.33,-0.6977438080875807,0.487554359821145,-0.5248278998822707,-0.6732435215078231,-0.6966233712930461,0.24790933688761368,-0.24473810292471165,0.5263141882827257,0.8143074580212984,0.4612
1,1787600079.2673285,10324,113.83,-151.46,-1429.23,-0.7273022009685348,0.48199008467336424,-0.4885868057396639,-0.6495149198266053,-0.713372335635936,0.2631164754856065,-0.22172477847314076,0.5087096116901001,0.8318970210219196,0.45370000000000005
1,1787600079.3271673,10327,114.2,-151.42000000000002,-1429.28,-0.7360368576087977,0.4795269120925833,-0.4778113485679452,-0.6420542102749824,-0.7181887033254708,0.26827481708846185,-0.21451371823157436,0.504240941410583,0.836495629215021,0.45690000000000003
1,1787600079.3870072,10330,114.21000000000001,-151.37,-1429.23,-0.7406586519488959,0.4773713774125308,-0.47280157499791337,-0.6377600318624315,-0.7209156268192736,0.27118775924920446,-0.21139276963054993,0.5023915077258345,0.8384007811976848,0.4544
1,1787600079.446846,10333,114.22,-151.33,-1429.26,-0.7424348794174199,0.47579883069358175,-0.47159932414610345,-0.6363228430121209,-0.7209901501437117,0.27434730335237467,-0.20948434138477476,0.503774429786158,0.8380498998318766,0.45530000000000004
1,1787600079.4917252,10336,114.26,-151.37,-1429.25,-0.7424797227978552,0.4747662440159985,-0.472568381059251,-0.6358756479096839,-0.7214003862903376,0.27430574739802926,-0.2106799032405796,0.5041611807776288,0.8375174518584356,0.45170000000000005
1,1787600079.5515647,10339,114.14,-151.34,-1429.22,-0.7435142422666714,0.47463029093708153,-0.4710760644222961,-0.6351976228819676,-0.7215016911092257,0.27560712910159896,-0.20907068525193945,0.504144222074903,0.8379308157102087,0.4626
1,1787600079.6114042,10342,114.09,-151.4,-1429.15,-0.7429333346349998,0.47441124862973694,-0.4722118459565511,-0.6355741589370809,-0.7212840561000723,0.27530855218690603,-0.20998940158860846,0.5046615475637133,0.8373894993556203,0.45430000000000004
1,1787600079.6562836,10345,114.13,-151.35,-1429.18,-0.7430564977036522,0.47438896949776327,-0.47204040805764985,-0.6355109250209859,-0.7212503387482857,0.2755427608093781,-0.20974485786152944,0.5047306751866123,0.8374091235031497,0.457
1,1787600079.7161229,10351,114.22,-151.42000000000002,-1429.26,-0.7435142422666714,0.47463029093708153,-0.4710760644222961,-0.6351976228819676,-0.7215016911092257,0.27560712910159896,-0.20907068525193945,0.504144222074903,0.8379308157102087,0.46130000000000004
1,1787600079.7759624,10354,114.36,-151.51,-1429.26,-0.7430234148337272,0.4745626318829179,-0.47191790962961455,-0.635480168268828,-0.7214719590677571,0.2750330307725866,-0.20995513984146447,0.5042504543372179,0.8376456998963585,0.45120000000000005
1,1787600079.8358035,10357,114.43,-151.63,-1429.23,-0.7435278690817436,0.47477842348747795,-0.4709052521362518,-0.6351126668971921,-0.721773750691654,0.2750900818990729,-0.20928021465369834,0.5036150329400895,0.8381966895372795,0.4529
1,1787600079.895641,10360,114.48,-151.69,-1429.22,-0.7451054038560222,0.47484735115941024,-0.46833527546133613,-0.6338460486582553,-0.7226382766149508,0.2757410157580666,-0.20750210539864514,0.5023085847045275,0.8394218021872342,0.4575
1,1787600079.9405208,10363,114.5,-151.76,-1429.19,-0.7466821385997142,0.47531771039621423,-0.46533735942846643,-0.6323891491542667,-0.7241913733468252,0.27501057943646795,-0.20627590244160818,0.49961978438982957,0.8413265258614874,0.45890000000000003
1,1787600080.0003603,10366,114.69,-151.84,-1429.16,-0.7494951791399339,0.4772572205537517,-0.45878374194745186,-0.6301720128893378,-0.7266720946145953,0.27355237355840534,-0.20283049725571062,0.49413885936823937,0.8453913750714852,0.45980000000000004
1,1787600080.0601995,10369,114.84,-151.91,-1429.14,-0.7524453901033245,0.47950471475104567,-0.45155416446288493,-0.6276012484228137,-0.7299822888659735,0.27063357315772935,-0.19985646822252576,0.48703294187715135,0.8502095657166567,0.45740000000000003
1,1787600080.1200387,10375,115.2,-151.87,-1429.1000000000001,-0.7618098817887106,0.48216050588750003,-0.4326279586103757,-0.6193173117648201,-0.7379421606183092,0.26811832263084573,-0.1899783444434325,0.4721891719896717,0.860781978492952,0.4616
1,1787600080.179879,10378,115.3,-151.84,-1429.01,-0.7663631298978958,0.4817237502146251,-0.42500562538895714,-0.6150549962731643,-0.7412001786720562,0.26894171616900586,-0.1854586333728332,0.4675088487030697,0.8643150882009473,0.45570000000000005
1,1787600080.2247598,10381,115.55,-151.74,-1429.15,-0.7709075009605696,0.4809777104334141,-0.417566841390645,-0.6108171029475327,-0.7441006641190097,0.2705857875137416,-0.18056603143867433,0.46365358159285197,0.8674221951083613,0.4582
1,1787600080.284597,10384,115.60000000000001,-151.61,-1429.16,-0.7755139964151034,0.47844922192645617,-0.4119033665827992,-0.6062190819265524,-0.7465199389436884,0.27423786293588276,-0.17628518392764372,0.46237898178602443,0.8689817093185082,0.45420000000000005
1,1787600080.3444378,10387,115.76,-151.51,-1429.1100000000001,-0.7815394582826447,0.47446405683455506,-0.4050678139760871,-0.6000393706567319,-0.7493892887892074,0.2799436505975423,-0.17073028087935377,0.4618436452091787,0.8703744128653802,0.4645
1,1787600080.3893168,10390,115.98,-151.46,-1428.9,-0.7879801226233086,0.4698964900152561,-0.39784999060185733,-0.5931116305120376,-0.7527385379514442,0.2856628908942749,-0.16524503049080708,0.4610661364208661,0.8718440788031009,0.677
1,1787600080.449155,10393,116.14,-151.37,-1428.91,-0.7945654813383681,0.4652634082535379,-0.39012261765479456,-0.5858559854284819,-0.7562486205665099,0.2913087506905231,-0.15949438925288137,0.46001954831458275,0.8734664017380964,0.7248
1,1787600080.5089982,10396,116.23,-151.3,-1429.17,-0.801255707623273,0.4608076218549227,-0.3816354630292346,-0.5784294709771477,-0.7596882105182264,0.2971416663894709,-0.15299881733603313,0.45883565515337305,0.8752492236236201,0.48800000000000004
1,1787600080.568838,10402,116.57000000000001,-151.12,-1429.15,-0.8118331329121805,0.4515083996350111,-0.3702257816049889,-0.5660148870091786,-0.7642418124300057,0.3091303929051412,-0.14336705336296962,0.46051559929358676,0.8759973006906403,0.6557000000000001
1,1787600080.629182,10405,116.68,-151.08,-1429.1100000000001,-0.817659016353369,0.4453320968438963,-0.3648466205087552,-0.558790504808535,-0.7663965351730405,0.31684305674983815,-0.1385168029946681,0.4629424093722427,0.8754983842890626,0.7225
1,1787600080.6740615,10408,116.86,-150.96,-1429.28,-0.8240962139292453,0.43711742782823654,-0.3602690445712898,-0.5504050417508389,-0.7682283289784109,0.3269243407430774,-0.13386455917359455,0.46771100996648024,0.8736856934581189,0.6836
1,1787600080.734407,10411,116.96000000000001,-150.85,-1429.27,-0.8327810360491474,0.42716946173253845,-0.3521391727144852,-0.5392005115491941,-0.7700169016791479,0.34108177827836683,-0.12545339509951928,0.4739200587563042,0.871585465440094,0.6617000000000001
1,1787600080.794246,10414,117.15,-150.76,-1429.44,-0.8407518190097205,0.41462169248796116,-0.34817413883036263,-0.5277756245445911,-0.771088065125774,0.35619669560111966,-0.12078604624878163,0.48323084332336286,0.8671209160737495,0.6018
1,1787600080.8396318,10417,117.17,-150.54,-1429.56,-0.8487875764508734,0.40313494312916914,-0.34211382271240354,-0.516100622044371,-0.772295987434656,0.3704039088856146,-0.11489037378329638,0.4909593928428002,0.8635734343941825,0.5678000000000001
1,1787600080.899471,10420,117.29,-150.46,-1429.64,-0.8553023064664815,0.39234834468045054,-0.33840913252988186,-0.5060254857810057,-0.7728884595261923,0.38285981360195814,-0.11133809901922138,0.49870452730824427,0.8595915437863769,0.5609000000000001
1,1787600080.9598162,10423,117.26,-150.16,-1429.93,-0.8598599823922982,0.3813056767898965,-0.33948017840238554,-0.49817198839848564,-0.7720893391464467,0.39459184273309816,-0.11164891694689928,0.5084132504412153,0.853844532757798,0.48410000000000003
1,1787600081.0056949,10426,117.3,-150.11,-1430.05,-0.8645289042864004,0.3694525921033273,-0.3407265117972015,-0.4900366256353765,-0.7701932377735552,0.40824806432337396,-0.11159694973093966,0.5199107218321433,0.8468996175077245,0.4687
1,1787600081.064535,10432,117.29,-149.81,-1430.06,-0.8745908036362073,0.3447090303391874,-0.3409789005167183,-0.47222504928550707,-0.7650875616378287,0.4377722305656015,-0.10997467445859209,0.5438903450418098,0.831918784225977,0.6096
1,1787600081.1243746,10435,117.3,-149.66,-1429.98,-0.8789213292846052,0.33318156887707706,-0.3413024158853727,-0.46410154163328843,-0.7624788875090917,0.4508167090475937,-0.11003206797196631,0.5546313985553893,0.824789037120587,0.8968
1,1787600081.1842146,10438,117.29,-149.46,-1430.19,-0.8828943593945147,0.323628499388258,-0.3402383642875303,-0.45675974271140285,-0.7599888644525042,0.46237156416285646,-0.10894075264823068,0.5636324336763257,0.8188103517424163,0.7069000000000001
1,1787600081.244054,10441,117.31,-149.33,-1430.25,-0.8863980697620899,0.3144929969966053,-0.3396948877480122,-0.4500537238483179,-0.7572704224385757,0.4732791490758528,-0.10839791313629359,0.5723946734027094,0.8127817851600158,0.7667
1,1787600081.2889345,10444,117.3,-149.18,-1430.42,-0.8894950640529579,0.3060518703684162,-0.3393092743639914,-0.44387806574690325,-0.7550360958152089,0.4825896359899519,-0.10849328907454174,0.5798730435708498,0.8074505926467993,0.6083000000000001
1,1787600081.3487718,10447,117.36,-149.08,-1430.6100000000001,-0.8925681379367719,0.2982482198948172,-0.3381865143225797,-0.4378269772177882,-0.7526130397933609,0.4918141420835021,-0.10784088816593648,0.5870448123121177,0.8023395360924278,0.5179
1,1787600081.4086115,10450,117.41,-148.89000000000001,-1430.83,-0.8960107354329259,0.2900994940700792,-0.3361652057087878,-0.4310428187888799,-0.7500444382495167,0.501632763106143,-0.10661543208881295,0.5943699388354453,0.79709317237652,0.4867
1,1787600081.4684508,10456,117.56,-148.67000000000002,-1431.08,-0.9030401970425158,0.2688589410975258,-0.3350123465147686,-0.41587924508312185,-0.7424496344307159,0.5251790112359681,-0.1075307213521183,0.6135824395512095,0.7822747176279441,0.47490000000000004
1,1787600081.5282907,10459,117.57000000000001,-148.54,-1431.13,-0.9074591059736467,0.25631471715859233,-0.33289748685356707,-0.4061234561717339,-0.7381016976608629,0.5387667605349074,-0.1076183503526968,0.6241062807551796,0.7738925254770853,0.48090000000000005
1,1787600081.5731697,10462,117.57000000000001,-148.38,-1431.27,-0.9119630399545186,0.24257139856703988,-0.33088144456004676,-0.3958604163319399,-0.7321339930379787,0.5543233235394014,-0.10778656937863923,0.6365052496527386,0.7637035567719248,0.4839
1,1787600081.6330094,10465,117.57000000000001,-148.09,-1431.43,-0.9166839280894495,0.22811734844302434,-0.32810524427662063,-0.3847745869555733,-0.7255174931209187,0.5705899441882107,-0.10788462919093257,0.649297191211283,0.7528439840162593,0.4879
1,1787600081.6928487,10468,117.56,-147.98,-1431.51,-0.9210462256360532,0.2124304943550479,-0.32641558680561,-0.3736895410308532,-0.7181009281033546,0.5871006591558651,-0.10968125257185475,0.6627249370026533,0.7407872033918366,0.4932
1,1787600081.7377288,10471,117.57000000000001,-147.71,-1431.69,-0.9256113910471534,0.19648592832459194,-0.3234761702725215,-0.3620296454673859,-0.7088570551588467,0.6053562679565536,-0.11035437719688736,0.6774326205032876,0.7272598958498508,0.5045000000000001
1,1787600081.7975671,10474,117.57000000000001,-147.53,-1431.83,-0.9295185908010706,0.1807236494942565,-0.32145629853631535,-0.3512922038076736,-0.6991406283957454,0.6227328233442894,-0.11220061006580777,0.6917668279412357,0.7133510207891914,0.5067
1,1787600081.8574066,10477,117.57000000000001,-147.26,-1432.02,-0.9331537784339375,0.1646372594445347,-0.31956000781865523,-0.3406002074039913,-0.689216136609797,0.6395096682248237,-0.11495879483895147,0.705603068190083,0.699220126748306,0.5097
1,1787600081.917246,10483,117.57000000000001,-146.76,-1432.3700000000001,-0.9407692473340838,0.13195748601252597,-0.3123146572860695,-0.3173744297971467,-0.6668008235127929,0.6742774896684577,-0.11927570826198028,0.7334602127231681,0.6691856407385681,0.5274
1,1787600081.977098,10486,117.59,-146.42000000000002,-1432.6200000000001,-0.9442868647679936,0.11444411112910707,-0.3085852596196097,-0.3055764202688877,-0.6531247692788102,0.6928571910070309,-0.12225125112768968,0.7485523236102937,0.6517085624842939,0.529
1,1787600082.0219648,10489,117.65,-146.27,-1432.79,-0.9479683141500365,0.09565861940048004,-0.30365359194636865,-0.29236586217606747,-0.639085771494998,0.7114011381117462,-0.12600903936457247,0.7631636817924693,0.6338003761369826,0.5274
1,1787600082.0818043,10492,117.79,-146.0,-1433.1000000000001,-0.9523665207254791,0.07594873024365309,-0.2953469156358714,-0.2764046476732078,-0.6241389384911554,0.7307879693890585,-0.12883509205917304,0.7776132559527972,0.6154016113243401,0.5372
1,1787600082.1416438,10495,117.78,-145.68,-1433.27,-0.9566485681418131,0.05474025530219079,-0.2860542282883958,-0.25921266906473966,-0.6078318695558886,0.7505659268502181,-0.1327867059179962,0.7921766992291833,0.5956708553637684,0.5435
1,1787600082.186523,10498,117.94,-145.46,-1433.53,-0.9607764226688922,0.032835880752796094,-0.27537332946157783,-0.24091133138068713,-0.5906768633119441,0.7701055600113195,-0.13736956015053445,0.8062398204524206,0.5754189394353454,0.536
1,1787600082.246273,10501,118.01,-145.17000000000002,-1433.75,-0.964603584558863,0.011814532975841587,-0.2634394455406309,-0.22269331480903123,-0.5715425612798528,0.7897764165794209,-0.14123601592921697,0.8204873658114596,0.5539430208498105,0.5537000000000001
1,1787600082.3061347,10504,118.19,-144.99,-1434.0,-0.967686030226621,-0.008820709349929713,-0.25200385312690604,-0.20525941040973364,-0.5529399835768133,0.807543156122521,-0.14646610987696673,0.8331743932986886,0.5332617640604572,0.5479
1,1787600082.365983,10510,118.46000000000001,-144.58,-1434.49,-0.9721713712198844,-0.04502567686005281,-0.22990326966736166,-0.17396250328845922,-0.5185351991029888,0.8371727986149791,-0.15690720961785765,0.8538699758830485,0.4962722960788965,0.5468000000000001
1,1787600082.4257915,10513,118.55,-144.39000000000001,-1434.72,-0.9736957710081399,-0.06187492982499059,-0.21928985060876946,-0.1595201760665856,-0.5020909027243197,0.849975316599937,-0.16269560211803352,0.8625985268133897,0.47901348894453916,0.5543
1,1787600082.4706702,10516,118.7,-144.18,-1435.02,-0.9752097898646104,-0.07782192082024396,-0.20714635983301855,-0.14449521759516173,-0.4850295299707016,0.8624775284890194,-0.16759175947626292,0.8710281876588427,0.46176065061826393,0.5626
1,1787600082.5305102,10519,118.8,-144.06,-1435.19,-0.9760565075112394,-0.09458724332585793,-0.19587482621556238,-0.13026885744370603,-0.46695928521469754,0.8746308082454506,-0.17419448592097633,0.8792054818708728,0.4434568769597929,0.5537000000000001
1,1787600082.5903497,10522,118.97,-143.91,-1435.48,-0.9767931758172257,-0.1099889013562811,-0.18378665146124407,-0.11606904356869209,-0.4493314781789711,0.8857929779821863,-0.18000852424801334,0.8865684769356167,0.4261376149814909,0.553
1,1787600082.6501887,10525,119.08,-143.69,-1435.73,-0.9771124359007376,-0.12385404933314766,-0.17294930491883778,-0.10370333402425978,-0.4325260128802355,0.8956376871783474,-0.1857334275793663,0.8930741417405996,0.40978246818758834,0.5534
1,1787600082.7100277,10528,119.18,-143.63,-1435.88,-0.9771871340776751,-0.1374267325264303,-0.16192343307924467,-0.09134099297438139,-0.4163585905494258,0.9046006561340477,-0.19173452478756575,0.8987543698156937,0.39430756363742486,0.5568000000000001
1,1787600082.7549152,10531,119.31,-143.43,-1436.13,-0.9772314871485466,-0.148495757775864,-0.1515507520536007,-0.08037509034270829,-0.401952904751986,0.9121259272785981,-0.1963630957635408,0.9035390817690249,0.3808656749277173,0.5696
1,1787600082.8147466,10537,119.63,-143.46,-1436.05,-0.9767176813724838,-0.1643647918123566,-0.13786510112004402,-0.06765447153174534,-0.3738529987872643,0.9250171932345528,-0.2035815398706856,0.9128078387646825,0.35402882102115646,0.5113
1,1787600082.874586,10540,119.72,-143.49,-1436.23,-0.976656877904978,-0.17022523620190072,-0.13101416641305608,-0.0602323898406248,-0.36842851708201774,0.9277028010170241,-0.2061877834765868,0.9139386176110255,0.349575172436859,0.5009
1,1787600082.9364207,10543,119.78,-143.47,-1436.4,-0.976261295570079,-0.175907195052562,-0.12637460781569457,-0.05499283369905265,-0.36303348056917706,0.9301518586916746,-0.20949861816627585,0.915020956434643,0.3447419009517876,0.49100000000000005
1,1787600082.994265,10546,119.89,-143.41,-1436.49,-0.9759802072963647,-0.1807228444521574,-0.12166301187652029,-0.05070446633888119,-0.35468308448386443,0.9336107147383759,-0.21187659629849223,0.9173544369948472,0.33700021493588467,0.48710000000000003
1,1787600083.0541039,10549,119.93,-143.4,-1436.6200000000001,-0.9754980921330821,-0.18637771449585325,-0.11690517432525846,-0.045567586095183035,-0.3486868301702666,0.9361309147567288,-0.21523723502724829,0.9185210079280246,0.3316505550315139,0.4768
1,1787600083.1139433,10555,120.02,-143.43,-1436.8500000000001,-0.9745931965897474,-0.19701424751363497,-0.10655274486194362,-0.03472356483716812,-0.33707016648567584,0.9408389750166167,-0.22127443414451942,0.9206351552824579,0.3216652540329275,0.5097
1,1787600083.1737876,10558,120.01,-143.38,-1436.89,-0.9743034137166174,-0.20057818274307343,-0.10247560991588206,-0.030813935636362588,-0.33198927449407756,0.942779731958369,-0.2231218487525233,0.9217111880781215,0.31727768024377945,0.5209
1,1787600083.2336226,10561,120.05,-143.29,-1436.88,-0.974069405627056,-0.2028254793800084,-0.10025277021421132,-0.029204739833060166,-0.3266828843435505,0.9446826854813533,-0.22435658268175893,0.9231143580246426,0.3122883376242457,0.48760000000000003
1,1787600083.2934618,10564,120.02,-143.27,-1436.8600000000001,-0.9738943434050028,-0.2042089537928692,-0.09913884745426785,-0.02811952970526851,-0.3248412933464183,0.9453504250732535,-0.2252534126997709,0.9234591692802926,0.3106188383521814,0.4929
1,1787600083.338344,10567,120.05,-143.28,-1436.89,-0.9738284101737376,-0.20470539307944766,-0.09876198450152666,-0.027666286224558342,-0.3245354753847689,0.9454688264682886,-0.22559433535670123,0.9234567814797674,0.31037842804228066,0.4927
1,1787600083.3981807,10570,119.98,-143.23,-1436.8600000000001,-0.973847574291054,-0.2047346010168323,-0.09851215759442408,-0.027356980340883488,-0.3247697562972225,0.9453973773082254,-0.2255493242598139,0.9233679377913883,0.31067531891803063,0.49920000000000003
1,1787600083.4580202,10573,119.93,-143.14000000000001,-1436.89,-0.9739069934560131,-0.2044488453325268,-0.09851821019317261,-0.02735453755710962,-0.32518637565310776,0.945254225256165,-0.22529291460786396,0.9232846206516128,0.3111086818070193,0.5099
1,1787600083.5028996,10576,119.87,-142.95000000000002,-1436.82,-0.9739975050454669,-0.20387477060490294,-0.09881264127632536,-0.028181324566220876,-0.3237347627097809,0.9457280879612993,-0.22479918396404128,0.9239214692407791,0.3095713900945323,0.4864
1,1787600083.5627394,10582,119.8,-142.8,-1436.9,-0.9739152800522315,-0.20410172315021596,-0.09915399078149267,-0.028394983007549886,-0.3239151825309962,0.945659917447024,-0.2251283016876925,0.9238081192179597,0.3096704807471827,0.49450000000000005
1,1787600083.6225781,10585,119.82000000000001,-142.67000000000002,-1437.0,-0.9739146478664907,-0.2040681804182976,-0.09922921148459504,-0.028313651337350615,-0.3245933450976468,0.9454297951018186,-0.22514127968685863,0.9235774672755312,0.31034829808116954,0.5104000000000001
1,1787600083.6821973,10588,119.85000000000001,-142.8,-1436.92,-0.973820665061329,-0.20427396846882398,-0.09972691765771538,-0.028919198836322907,-0.3238170868734025,0.9456776269889694,-0.2254706017160021,0.9238044382090946,0.3094323313860442,0.48660000000000003
1,1787600083.742512,10591,119.81,-142.64000000000001,-1437.0,-0.9738780063667162,-0.2041762794373507,-0.0993663707212432,-0.028445620355969398,-0.3244536304864851,0.9454737904070655,-0.22528310055961748,0.9236026681313022,0.31017033388605203,0.5013000000000001
1,1787600083.787391,10594,119.83,-142.71,-1436.96,-0.9738585696178845,-0.20414721180712492,-0.09961627524247713,-0.028754903324704446,-0.3242192060807078,0.945544849249988,-0.22532785428480648,0.9236914107643162,0.30987341893688236,0.5008
1,1787600083.8477452,10597,119.8,-142.71,-1436.97,-0.9739164728508246,-0.2040831884309058,-0.09918042200799805,-0.028362719238590614,-0.3241776382791132,0.9455709465699386,-0.22512720863370128,0.9237201475769878,0.30993358787512226,0.5051
1,1787600083.9075844,10600,119.82000000000001,-142.66,-1437.0,-0.9738749831200046,-0.20417980545703288,-0.0993887533704854,-0.02842880806822226,-0.32460691702881955,0.9454216796164902,-0.22529829143788718,0.923548026071505,0.3103219673413334,0.5087
1,1787600083.952971,10603,119.82000000000001,-142.75,-1436.94,-0.9738780063667162,-0.2041762794373507,-0.0993663707212432,-0.028445620355969398,-0.3244536304864851,0.9454737904070655,-0.22528310055961748,0.9236026681313022,0.31017033388605203,0.501
1,1787600084.0128105,10609,119.82000000000001,-142.75,-1436.94,-0.973857374206448,-0.20416580892171704,-0.09958984471854188,-0.028787204084993703,-0.3239567599327065,0.9456338163236716,-0.225328896470673,0.923779378510499,0.30961031677588696,0.48600000000000004
1,1787600084.0726497,10612,119.8,-142.68,-1436.97,-0.973853483084931,-0.20433911555338177,-0.09927194638068636,-0.02826696432947353,-0.3245924890151823,0.9454314860435552,-0.22541156183954816,0.9235178622689388,0.31032947952017875,0.5026
1,1787600084.1324897,10615,119.83,-142.72,-1436.98,-0.9738798347112182,-0.20419130968349747,-0.0993175543022902,-0.028494711223599176,-0.3240379369329376,0.9456148618018486,-0.22526899248483806,0.9237452703413336,0.3097556400566137,0.4934
1,1787600084.1923282,10618,119.81,-142.71,-1436.97,-0.9739176665837596,-0.20406464724300738,-0.09920684684855156,-0.02833045728684161,-0.3244400570460033,0.9454819060002706,-0.22512610667348967,0.9236321070261543,0.3101966585320728,0.5106
1,1787600084.2372093,10621,119.81,-142.70000000000002,-1436.96,-0.9738768108426396,-0.20419484536480478,-0.09933993370952783,-0.02847790693317943,-0.3241912176136043,0.9455628288162105,-0.22528418967977998,0.9236907055658038,0.3099072673101952,0.4932
1,1787600084.2970474,10624,119.83,-142.74,-1436.95,-0.9738585696178845,-0.20414721180712492,-0.09961627524247713,-0.028754903324704446,-0.3242192060807078,0.945544849249988,-0.22532785428480648,0.9236914107643162,0.30987341893688236,0.4985
1,1787600084.3568866,10627,119.82000000000001,-142.69,-1436.98,-0.9737575975080519,-0.2045297646999583,-0.09981841837620234,-0.02882343878582082,-0.32423203344266177,0.9455383640372277,-0.2257550678764641,0.9236022757883484,0.309828154767569,0.48610000000000003
1,1787600084.4017658,10630,119.82000000000001,-142.73,-1436.93,-0.9737961749938676,-0.20443674243199367,-0.09963246414250536,-0.028740604345936137,-0.32395597714992297,0.9456355019407156,-0.22559917382194314,0.9237197319602052,0.30959145588698583,0.48360000000000003
1,1787600084.4616065,10636,119.82000000000001,-142.73,-1436.94,-0.973794340046757,-0.20442165161622713,-0.09968135052955095,-0.02869144529540354,-0.32437170185615327,0.9454944738081783,-0.22561335124447357,0.9235771691555812,0.310006174704313,0.4998
1,1787600084.5214446,10639,119.82000000000001,-142.71,-1436.97,-0.9738371109463362,-0.20430649372506784,-0.09949943701078116,-0.028593089426979166,-0.3242048099200919,0.9455546924751091,-0.22544115990811073,0.923661246262095,0.30988092160189484,0.49960000000000004
1,1787600084.5812843,10642,119.83,-142.72,-1436.96,-0.9738768108426396,-0.20419484536480478,-0.09933993370952783,-0.02847790693317943,-0.3241912176136043,0.9455628288162105,-0.22528418967977998,0.9236907055658038,0.3099072673101952,0.4969
1,1787600084.641124,10645,119.81,-142.72,-1436.96,-0.973957288909659,-0.2039530064829687,-0.09904731458401622,-0.028215289025395975,-0.32442649657350864,0.9454900030070401,-0.22496910197838352,0.9236615286280994,0.31022295802767774,0.5109
1,1787600084.6860027,10648,119.81,-142.72,-1436.94,-0.9738780063667162,-0.2041762794373507,-0.0993663707212432,-0.028445620355969398,-0.3244536304864851,0.9454737904070655,-0.22528310055961748,0.9236026681313022,0.31017033388605203,0.5059
1,1787600084.7458425,10651,119.82000000000001,-142.76,-1436.91,-0.9739787491991615,-0.2037936984073266,-0.09916412959281329,-0.028377121167218706,-0.3244408953531585,0.9454802189452204,-0.22485580958182433,0.9236916335617121,0.31021545897230496,0.5124000000000001
1,1787600084.8056817,10654,119.83,-142.76,-1436.91,-0.973957288909659,-0.2039530064829687,-0.09904731458401622,-0.028215289025395975,-0.32442649657350864,0.9454900030070401,-0.22496910197838352,0.9236615286280994,0.31022295802767774,0.5118
1,1787600084.8520656,10657,119.83,-142.79,-1436.89,-0.9740608844057321,-0.20356684291170787,-0.098822739982673,-0.028163537018079214,-0.3242605266885568,0.9455484789339419,-0.2245266323921379,0.9238049855346201,0.31011633308812664,0.5104000000000001
1,1787600084.9109068,10663,119.83,-142.82,-1436.8600000000001,-0.9739805705853664,-0.20380869619448208,-0.09911540484561066,-0.02842611932612761,-0.32402518147632836,0.9456212970895321,-0.2248417306957513,0.9238342368221355,0.3098007408206144,0.496
1,1787600084.9707506,10666,119.86,-142.84,-1436.9,-0.9739793813393676,-0.20382721271311383,-0.09908901091133031,-0.028458342682909425,-0.32376271454001654,0.9457102238029479,-0.22484280610578758,0.9239221677345352,0.30953762374094745,0.5018
1,1787600085.0306125,10669,119.84,-142.85,-1436.89,-0.9739781930257105,-0.20384572276917212,-0.09906261060100112,-0.02849056784560587,-0.32350021066762097,0.9457990807998493,-0.22484387261877226,0.9240100297111058,0.3092744702348944,0.49570000000000003
1,1787600085.0904603,10672,119.85000000000001,-142.85,-1436.88,-0.9740189656811802,-0.20371550236039607,-0.09892951324764149,-0.02834311564640045,-0.3237491539080732,0.9457183265324096,-0.2246858301914444,0.9239515568696544,0.3095638839873334,0.5027
1,1787600085.1353397,10675,119.84,-142.83,-1436.9,-0.973998693474051,-0.2038562917465244,-0.09883904808423535,-0.02814911357454859,-0.32399723333329344,0.9456391596149869,-0.22479807053399953,0.9238335375530202,0.3098345080465757,0.5067
1,1787600085.19518,10678,119.85000000000001,-142.83,-1436.91,-0.9740159570482972,-0.20371904745681357,-0.09895183231541647,-0.028326352423950422,-0.3239024455432154,0.945666338371774,-0.22470098614301612,0.9238970480927045,0.3097155329523256,0.5031
1,1787600085.2548244,10681,119.85000000000001,-142.79,-1436.93,-0.9739549059557344,-0.20399003290962656,-0.09899448286791564,-0.02827976549382973,-0.32390161028095715,0.9456680187682234,-0.22497132267995973,0.9238375470454383,0.3096967720863375,0.4954
1,1787600085.314664,10687,119.84,-142.77,-1436.95,-0.973998693474051,-0.2038562917465244,-0.09883904808423535,-0.02814911357454859,-0.32399723333329344,0.9456391596149869,-0.22479807053399953,0.9238335375530202,0.3098345080465757,0.5004000000000001
1,1787600085.37434,10690,119.85000000000001,-142.76,-1436.96,-0.9739591117781843,-0.2039679729547351,-0.09899855853994453,-0.028264317980677807,-0.3240107882236809,0.9456310789328766,-0.2249550553184736,0.9238041324455122,0.3098082438594187,0.5013000000000001
1,1787600085.4192195,10693,119.84,-142.78,-1436.94,-0.9739560969662273,-0.2039715229295548,-0.09902090191525795,-0.028247526349811793,-0.3241640719182156,0.9455790457346858,-0.2249702167786432,0.9237495722928375,0.3099598832935807,0.5024000000000001
1,1787600085.4790585,10696,119.84,-142.77,-1436.92,-0.9739164728508246,-0.2040831884309058,-0.09918042200799805,-0.028362719238590614,-0.3241776382791132,0.9455709465699386,-0.22512720863370128,0.9237201475769878,0.30993358787512226,0.4958
1,1787600085.538898,10699,119.82000000000001,-142.78,-1436.94,-0.9739152800522315,-0.20410172315021596,-0.09915399078149267,-0.028394983007549886,-0.3239151825309962,0.945659917447024,-0.2251283016876925,0.9238081192179597,0.3096704807471827,0.4937
1,1787600085.5837781,10702,119.84,-142.79,-1436.92,-0.9738970767574163,-0.20405413140802253,-0.09943035421176379,-0.02867199897194562,-0.3239431618675443,0.9456419747209885,-0.22517193510362715,0.923808821853621,0.30963665853240374,0.4892
1,1787600085.6436167,10705,119.8,-142.76,-1436.9,-0.9740385683999917,-0.20354124219031108,-0.09909505536059719,-0.028455974998872986,-0.32417928580957234,0.9455675798899089,-0.2245865640597367,0.9238391382592648,0.3099711629558805,0.5075000000000001
1,1787600085.7034564,10708,119.81,-142.87,-1436.83,-0.9740008913727463,-0.20346456663299353,-0.09962145215737281,-0.029042223214903642,-0.32397260248623516,0.9456205909925139,-0.2246749048644091,0.9239285269776789,0.3096405402414625,0.49520000000000003
1,1787600085.7632952,10714,119.79,-142.86,-1436.84,-0.9739428980252501,-0.2037320750986743,-0.09964172299877996,-0.029012360174498392,-0.3238185777980431,0.9456742629626534,-0.22493002099160225,0.9239235738137872,0.3094700557531802,0.4872
1,1787600085.8231347,10717,119.88,-142.93,-1436.8500000000001,-0.9739996147470215,-0.20368646432693743,-0.09917950757411974,-0.02865234761420856,-0.3235145733656326,0.945789280863474,-0.22473049069685272,0.9240401209201059,0.3092669744429686,0.4873
1,1787600085.8680148,10720,119.79,-142.86,-1436.83,-0.9739825598737799,-0.20362037304878627,-0.09948224334619736,-0.028897147533257665,-0.32380499148550446,0.945682442659011,-0.22477305871958955,0.923952959391627,0.30949636654619134,0.4919
1,1787600085.9278557,10723,119.83,-142.88,-1436.82,-0.9739417080674617,-0.203750660480743,-0.0996153484172816,-0.029044610042067754,-0.3235560813286207,0.9457631166749798,-0.22493101145493394,0.9240114342306205,0.30920690402533435,0.4862
1,1787600085.9876928,10726,119.75,-142.84,-1436.8,-0.973904908588369,-0.20365556911680727,-0.10016804977232081,-0.029598627021778512,-0.3236118981391107,0.9457268425191429,-0.22501811106199085,0.9240128508578824,0.3091392908440827,0.4828
1,1787600086.047532,10729,119.76,-142.81,-1436.8500000000001,-0.9739855409929967,-0.2034135123742234,-0.09987546705853861,-0.029335950862755384,-0.323847176169846,0.9456544868363891,-0.22470328863538594,0.9239837387478192,0.3094551382770111,0.4959
1,1787600086.1073723,10735,119.72,-142.77,-1436.8,-0.973965277668381,-0.20335068924810956,-0.10020047444334672,-0.02956401672028972,-0.3242907942137615,0.9454953462093666,-0.22476122177038332,0.9238419659067921,0.3098361102546927,0.5038
1,1787600086.1672268,10738,119.74000000000001,-142.84,-1436.79,-0.9739462051784002,-0.2033556999990198,-0.10037553833729718,-0.02995444849795668,-0.3233778566208911,0.9457956929815561,-0.2247921716470056,0.924160819947041,0.3088612284522552,0.4897
1,1787600086.2270527,10741,119.68,-142.78,-1436.77,-0.9740106966161892,-0.2030286463756806,-0.10041181020230955,-0.029904344597234327,-0.3241659405255851,0.9455274576538603,-0.22451924873261012,0.9239566070730928,0.3096696549462389,0.5085000000000001
1,1787600086.2868896,10744,119.7,-142.78,-1436.76,-0.9739685780816986,-0.2031777340041739,-0.10051874111051834,-0.03008398588918882,-0.323654592039183,0.9456969170114542,-0.2246779087995376,0.92410308594706,0.30911700671523645,0.49470000000000003
1,1787600086.3472338,10747,119.63,-142.81,-1436.68,-0.9739311785193039,-0.2032520022745415,-0.10073074545236715,-0.030134674376746225,-0.32419316481485144,0.94551081077243,-0.22483318462408364,0.9238979464522694,0.30961689817106636,0.49670000000000003
1,1787600086.4070733,10753,119.48,-142.69,-1436.71,-0.9748273286669707,-0.19307817695940555,-0.11150110701715199,-0.04175279572611709,-0.33316112688703436,0.9419449918017584,-0.2190168562761119,0.9228892030538627,0.31671301765720816,0.5084000000000001
1,1787600086.4679139,10756,119.41,-142.76,-1436.67,-0.9750490145473113,-0.18501967238494632,-0.12266678466840182,-0.05261512393417972,-0.3442187600133475,0.9374140461867766,-0.21566424822790595,0.9204787700351598,0.3258953297469167,0.4944
1,1787600086.526753,10759,119.15,-142.76,-1436.59,-0.9754743864095663,-0.1740244040882524,-0.13477844130501207,-0.06523060058022097,-0.3562566195051667,0.9321084646148721,-0.21022533198171814,0.9180396112589474,0.33616749092185716,0.5134000000000001
1,1787600086.5865917,10762,118.96000000000001,-142.88,-1436.19,-0.9755329292479418,-0.16181612197949796,-0.14883227680999223,-0.08087180326794198,-0.36538208542273254,0.9273379551643112,-0.2044388793481348,0.9166850464143348,0.3433558945048527,0.4864
1,1787600086.6464307,10765,118.66,-142.77,-1436.02,-0.9754137591510512,-0.14751492448052916,-0.16372948883545413,-0.09713506907690367,-0.37910556121882205,0.9202411378591958,-0.19782006170821118,0.9135197428126368,0.3554559082042298,0.4994
1,1787600086.7062712,10768,118.27,-142.89000000000001,-1435.9,-0.9747224307133742,-0.13122002020758858,-0.18082447113411243,-0.11463074581660929,-0.4009760846595901,0.9088883163758862,-0.19177063168728242,0.9066418729728873,0.375798535114861,0.5618000000000001
1,1787600086.7511497,10771,117.94,-142.96,-1435.6200000000001,-0.9735630037769608,-0.11029815823254549,-0.20002348353953214,-0.1360437913699463,-0.42343693453848813,0.8956524154482801,-0.18348614254616522,0.89918600898766,0.3972371542723212,0.5683
1,1787600086.8109908,10777,117.41,-143.55,-1434.81,-0.9680369903631839,-0.056940486525215626,-0.2442584006392838,-0.18809688496177288,-0.4793833025765439,0.8572112989680453,-0.16590342719867704,0.875756490244336,0.4533504413129604,0.5730000000000001
1,1787600086.8713331,10780,117.05,-143.84,-1434.33,-0.9631338030782282,-0.026104043168322086,-0.26775334974251075,-0.21768852808374087,-0.5091623419720135,0.8326856635359519,-0.15806638513233381,0.8602745424850375,0.4847089120733763,0.5564
1,1787600086.9162128,10783,116.74000000000001,-144.28,-1433.77,-0.9568143912491085,0.007844542521783984,-0.29059367483003085,-0.24876708936578726,-0.5392909458071387,0.8045372651524081,-0.15040331095781154,0.8420829762695987,0.5179528020291637,0.5548000000000001
1,1787600086.9765573,10786,116.38,-144.61,-1433.3700000000001,-0.9485562769576353,0.04354137860744502,-0.3136002834712252,-0.2816101652819773,-0.5687031550464575,0.772834028915693,-0.14469521157981394,0.821389596835246,0.5517086422711764,0.5402
1,1787600087.0363965,10789,116.11,-145.25,-1432.83,-0.9387727957730579,0.08118071274732917,-0.3348362731160884,-0.3147080089630276,-0.5975969700221875,0.7374528666395077,-0.14023019293633973,0.7976763462069915,0.5865559987681488,0.5412
1,1787600087.0817692,10792,115.82000000000001,-145.73,-1432.3600000000001,-0.9274797540278912,0.12046248389263543,-0.3539351576811475,-0.34781073861642886,-0.6252655489825905,0.6986205574978406,-0.13714589301709484,0.7710588714423277,0.6218192830707546,0.5265000000000001
1,1787600087.1416101,10795,115.65,-146.38,-1431.91,-0.9150902696011171,0.1603810631424498,-0.36998339566344385,-0.37974314950588484,-0.6514123168320746,0.6568539669384816,-0.1356648034115928,0.7415793336284165,0.6570046826701673,0.5095000000000001
1,1787600087.201742,10798,115.46000000000001,-146.94,-1431.43,-0.9017172706110299,0.2012896021759032,-0.38260744887895415,-0.41061834519683227,-0.675665600832686,0.61226511450451,-0.13527209050506306,0.7091956654600141,0.6919125447794091,0.48800000000000004
1,1787600087.2615821,10804,115.19,-148.27,-1430.46,-0.8730511705923584,0.2805626633407306,-0.3988310989209197,-0.46790016774970883,-0.712289115916167,0.5231764982939882,-0.1372992590916167,0.6433729923508764,0.7531401636922388,0.47990000000000005
1,1787600087.3214214,10807,115.14,-148.91,-1430.05,-0.8575426068679988,0.31905124845998944,-0.403518250221919,-0.4947243629330416,-0.7264540529410191,0.47698250878419385,-0.14095560338820637,0.6086631332861302,0.7808077279662244,0.4691
1,1787600087.3663006,10810,115.04,-149.6,-1429.64,-0.8419695286871239,0.35589812298248286,-0.40549209464541675,-0.5197936519960336,-0.7364900143829198,0.4328937722569737,-0.14457479762049996,0.5752555821300578,0.8050957353763585,0.47640000000000005
1,1787600087.4261403,10813,115.09,-150.26,-1429.28,-0.8253654625114839,0.3919977773092881,-0.4063368010379838,-0.5441011350280106,-0.7444034312072694,0.38706263894630116,-0.1507508147720431,0.5405564486632471,0.8276913178559645,0.4615
1,1787600087.4859796,10816,115.04,-150.9,-1428.9,-0.8083707142116491,0.42776889479836155,-0.4044138487341112,-0.5672125510652959,-0.7498064430008231,0.34067612177617085,-0.15750146132321222,0.5047812107016679,0.8487574559340324,0.45890000000000003
1,1787600087.54582,10819,115.12,-151.66,-1428.45,-0.7900625273778166,0.4635017015673637,-0.4012073970872613,-0.5899732982721271,-0.7526827885091584,0.29223300157235,-0.1665314089272188,0.46758399515620286,0.868120093831769,0.4771
1,1787600087.6056576,10825,115.43,-153.01,-1428.05,-0.7523264004702843,0.5329151427232383,-0.3873066457107287,-0.6321971930779595,-0.749363979165695,0.19692723476783275,-0.18528814376471747,0.3930077319662126,0.9006737624661879,0.4595
1,1787600087.6804569,10828,115.43,-153.64000000000001,-1428.16,-0.733089287843254,0.565145823181441,-0.3784049346798243,-0.6510093481424937,-0.7441307059635918,0.1498543328476428,-0.19689318088891772,0.35620175600731974,0.9134294632519502,0.6275000000000001
1,1787600087.7402961,10831,115.79,-154.21,-1428.14,-0.7028568776597346,0.5922458649744253,-0.39400132607277316,-0.6718604016846266,-0.7346609197511927,0.0942174805357462,-0.23365746334020904,0.3309352933898503,0.9142680249327286,0.4514
1,1787600087.8001356,10834,115.65,-154.85,-1428.68,-0.663351436445746,0.6126466799952747,-0.42968467188873827,-0.6887109154211051,-0.7243990055109422,0.030386770058388968,-0.2926467952074457,0.316085631286089,0.9024675766747999,0.659
1,1787600087.8599753,10840,116.08,-155.79,-1427.67,-0.6617737865041068,0.6687184269405413,-0.3389264241191367,-0.7057949664803194,-0.7081579848143484,-0.01912416886367159,-0.2528021376236007,0.22655669050780466,0.9406184907809804,0.29250000000000004
1,1787600087.919814,10843,116.24000000000001,-156.31,-1427.52,-0.6465814119782919,0.6904200705440849,-0.3244265770156003,-0.7161991129190044,-0.6958452706960077,-0.05346204171214221,-0.2626619659147276,0.19778646424844268,0.9443988597101917,0.3002
1,1787600087.9646938,10846,116.48,-156.99,-1428.01,-0.6122006540214595,0.7105398803036652,-0.3469055169837317,-0.7264054300749835,-0.6786959729159554,-0.10819855592956248,-0.31232276633840705,0.18575482455569645,0.9316381458382901,0.42700000000000005
1,1787600088.024533,10849,116.65,-157.38,-1427.95,-0.5985351758804275,0.7299453605115889,-0.3300536530647594,-0.7338796125245477,-0.6648127029841477,-0.1394445562642418,-0.32121076811745525,0.15875717501429099,0.9336058064444952,0.4323
1,1787600088.0843728,10852,116.84,-157.86,-1427.8600000000001,-0.5864429710461135,0.747156418934932,-0.3127969426879615,-0.7402393661680704,-0.6511420147294426,-0.16751046961063687,-0.3288317540714414,0.13330927311485524,0.9349322516716857,0.4277
1,1787600088.1442132,10855,117.04,-158.26,-1427.72,-0.5768316582661002,0.7636114326253014,-0.29010828665502736,-0.746518112257602,-0.6369734852072338,-0.19229011210745084,-0.33162621442420237,0.10565206626888311,0.9374762369253892,0.4539
1,1787600088.2040522,10858,117.17,-158.68,-1427.63,-0.5660234035774582,0.778146136565803,-0.27222435003192647,-0.7521437529966395,-0.6226340613629735,-0.21588561892534475,-0.3374867129691483,0.0825555314825343,0.9377032061323648,0.45220000000000005
1,1787600088.2489314,10861,117.41,-159.02,-1427.6100000000001,-0.5573916279276693,0.7917039993736306,-0.2500386979888128,-0.7579428297177668,-0.6081464257481314,-0.23596735310037398,-0.33887643765178876,0.05798881121018623,0.9390420958502672,0.4751
1,1787600088.3087718,10867,117.8,-159.70000000000002,-1427.57,-0.5361436389448365,0.8156421746847045,-0.21743468282358938,-0.7667717963692093,-0.5782968428061791,-0.27862837955445435,-0.35300284802211507,0.017337949013984687,0.9354615891698943,0.49570000000000003
1,1787600088.36861,10870,117.95,-160.07,-1427.5,-0.5283462871224572,0.8262077950400623,-0.19552718557518434,-0.7712745107736397,-0.5633362644331781,-0.29629019930695527,-0.35494482657843723,-0.005738692317155691,0.934869636631596,0.5028
1,1787600088.4284494,10873,118.16,-160.39000000000001,-1427.53,-0.5179447155704878,0.8366149795953873,-0.17834978982105879,-0.77481404377898,-0.5471830625163309,-0.31662895265296565,-0.36248650895650064,-0.02580837096483606,0.9316316111063805,0.5004000000000001
1,1787600088.4882169,10876,118.34,-160.70000000000002,-1427.56,-0.5071926053127231,0.8465145806876756,-0.1617675053873955,-0.7777119397782265,-0.5304354816619523,-0.33734602194251645,-0.37137555094874036,-0.045290887352991874,0.927377450491599,0.5089
1,1787600088.5480564,10879,118.56,-161.02,-1427.63,-0.4956220129614247,0.8558472624495639,-0.14793337563123696,-0.7794665657555062,-0.5134290176466748,-0.3589185377041531,-0.3831327356640026,-0.06257880788220388,0.9215710497116648,0.5051
1,1787600088.6085048,10885,118.96000000000001,-161.6,-1427.77,-0.47558736084052894,0.8722090153804266,-0.11431577186830912,-0.7831227093808133,-0.4789908929785529,-0.3965936793440646,-0.4006687962155211,-0.09909166429480946,0.9108487019294094,0.49620000000000003
1,1787600088.6688147,10888,119.13,-161.98,-1427.77,-0.46506885551825244,0.8794258366793934,-0.10159309724430816,-0.7834032400211998,-0.4622796150242087,-0.41542378489604515,-0.4122988274919407,-0.11361230265168455,0.9039369013017186,0.5153
1,1787600088.7286541,10891,119.42,-162.14000000000001,-1427.96,-0.4560024575631105,0.8859117115931421,-0.08498351580461365,-0.7842871319050407,-0.4451469935236806,-0.43213174945263316,-0.42066073435081697,-0.1304016618718399,0.8977972784300994,0.5138
1,1787600088.7889998,10894,119.68,-162.31,-1428.07,-0.4474380542814689,0.8917232785251425,-0.06803515353980215,-0.7853722529451695,-0.42818247565223727,-0.44704607351832315,-0.42777285080360355,-0.1465925034941841,0.8919198540422035,0.5176000000000001
1,1787600088.8488388,10897,119.98,-162.56,-1428.16,-0.44087525018855533,0.8961719545825485,-0.050048392490400814,-0.7863989918327846,-0.41254825097142034,-0.45976142320207986,-0.4326726700585083,-0.1633394270839605,0.8866310349544081,0.5182
1,1787600088.9086783,10903,120.63,-162.76,-1428.41,-0.4301324338859165,0.9026729379323157,-0.012948221654708256,-0.7889774420813644,-0.38284877877955154,-0.480563636237443,-0.43874900023376134,-0.19649015169124331,0.8768642626326079,0.5386000000000001
1,1787600088.968517,10906,120.9,-162.86,-1428.47,-0.42717088536824716,0.9041506531828974,0.006052358436812543,-0.7907157587763923,-0.37031478475368207,-0.4874787677586667,-0.43851296847001214,-0.21302243201544271,0.8731138642478676,0.5264
1,1787600089.0133975,10909,121.26,-162.82,-1428.63,-0.4239970374084695,0.9053521361687054,0.02374914321829332,-0.7933369856945475,-0.3586334214376374,-0.4919334265497961,-0.43685574209105976,-0.22741938915293938,0.8703088429054213,0.5357000000000001
1,1787600089.0732358,10912,121.53,-162.88,-1428.69,-0.4214564527793337,0.9058961314324867,0.041553068073439704,-0.7959589148205213,-0.34757564344808684,-0.4956214059132097,-0.4345386798990389,-0.24195737462888597,0.8675440994752357,0.5335
1,1787600089.1330752,10915,121.84,-163.0,-1428.76,-0.4197357764698311,0.9057344924763991,0.05888044743196011,-0.7982463452890044,-0.33749073770045945,-0.4989015676455102,-0.4320007525271407,-0.2564079388492477,0.8646561852615551,0.5318
1,1787600089.1929145,10918,122.10000000000001,-162.92000000000002,-1428.8700000000001,-0.41634593047222035,0.9062724590723732,0.07298147782920338,-0.800868413381084,-0.32755204548793515,-0.501317705597094,-0.43042519748231045,-0.26717014695430163,0.8621799475450185,0.546
1,1787600089.252754,10921,122.37,-162.98,-1428.98,-0.4138174745674389,0.9059120142806006,0.08988058814166809,-0.8032146614346182,-0.3168586395771431,-0.5044272099934678,-0.4284872289801634,-0.28093420031635036,0.8587634538646333,0.5402
1,1787600089.2976336,10924,122.68,-162.9,-1429.1200000000001,-0.41083445672984703,0.9053690385052781,0.10734036183803203,-0.8058088684944938,-0.305513388039193,-0.5072806296168195,-0.426482258270042,-0.29490417739469493,0.8550698272866628,0.5403
1,1787600089.3574727,10930,123.24000000000001,-162.96,-1429.42,-0.40302754100913823,0.9043502547997938,0.14042584460018498,-0.8102561133912816,-0.28125305952231555,-0.5141806562108219,-0.42550420902757474,-0.3210098645725466,0.8461080515790719,0.5456
1,1787600089.4173129,10933,123.54,-162.96,-1429.58,-0.39819240470670675,0.9038101076068921,0.1567485190408773,-0.8124110643966224,-0.268125501751165,-0.5177808201900038,-0.425947263496125,-0.3335206210990619,0.8410308698388298,0.5578000000000001
1,1787600089.4771514,10936,123.8,-162.93,-1429.72,-0.3934498108010449,0.9028613553630235,0.1733165294271322,-0.8144612959871148,-0.2548667878806461,-0.5212443935184252,-0.426438792465708,-0.34624311318414086,0.8356229190567616,0.5517000000000001
1,1787600089.536991,10939,124.08,-162.9,-1429.9,-0.38816962626105056,0.9025537264329487,0.18633601946578743,-0.8154004256160715,-0.24212709381802153,-0.525829455569359,-0.4294723357254644,-0.3560494928254174,0.8299290761898134,0.5624
1,1787600089.5968301,10942,124.19,-162.89000000000001,-1430.01,-0.38360996804895564,0.902151498070815,0.19739824452629756,-0.8160513700232058,-0.23107938330680874,-0.5297758772290354,-0.4323234366729709,-0.3643144152227986,0.8248463208162732,0.5584
1,1787600089.6566696,10948,124.37,-162.98,-1430.17,-0.37530393252332406,0.9026488326912661,0.21064672576050913,-0.8156950297946742,-0.21370197940147323,-0.5375621660498046,-0.44021423943438454,-0.3735726821396169,0.8164893597336214,0.5621
1,1787600089.7170146,10951,124.44,-162.98,-1430.22,-0.3723703237703531,0.9025136857178045,0.21635477592885793,-0.8148331644281795,-0.20632692520497767,-0.5417343574884455,-0.4442828559860505,-0.3780188448047576,0.8122281064142971,0.561
1,1787600089.7768552,10954,124.45,-162.94,-1430.26,-0.3695247436670035,0.9026256925681568,0.22072227557202026,-0.8147072702399355,-0.2004776366949534,-0.5441146763352365,-0.44688200639098036,-0.3808878789106602,0.8094571613513034,0.5524
1,1787600089.8366928,10957,124.52,-163.09,-1430.21,-0.3686048810976952,0.9030586731835478,0.2204891707520445,-0.8138252423564427,-0.1988662409594322,-0.5460226122699888,-0.4492426032050294,-0.38070625289668586,0.8082350106688854,0.5747
1,1787600089.896532,10960,124.36,-162.9,-1430.17,-0.3686680946364522,0.9031140602617651,0.2201563765931769,-0.8141241993673047,-0.19938950741243133,-0.5453857463652428,-0.4486486643261883,-0.38030095778388046,0.8087555610362072,0.5653
1,1787600089.9563718,10966,124.36,-162.9,-1430.14,-0.3687262803778126,0.9030279570393157,0.22041197554611872,-0.8141326090079796,-0.19930562085203196,-0.5454038544479186,-0.4485855828140301,-0.3805493112622676,0.8086737269067241,0.56
1,1787600090.0162103,10969,124.45,-162.89000000000001,-1430.21,-0.3687060083485913,0.9030746459429138,0.2202545419797955,-0.8140604874596871,-0.19931747983368822,-0.5455071630965481,-0.44873310794340243,-0.3804322884401747,0.8086469388723527,0.5653
1,1787600090.0760508,10972,124.38000000000001,-162.99,-1430.14,-0.36857199066882873,0.9032394649965004,0.2198025399472276,-0.814179505769038,-0.19954539011737918,-0.5452461551158229,-0.44862726185565444,-0.3799211841365768,0.8089459028662914,0.5675
1,1787600090.1358893,10975,124.42,-162.87,-1430.19,-0.3686086736474868,0.9031024808284165,0.22030332460814153,-0.8140745978893505,-0.1991940283280338,-0.5455311981452049,-0.44878747173147876,-0.38043087177568824,0.8086174355137644,0.5690000000000001
1,1787600090.1809604,10978,124.41,-162.96,-1430.16,-0.36858837315790866,0.9031491570684564,0.22014588631029014,-0.8140024508656882,-0.19920590663451773,-0.5456345083905279,-0.4489349854460659,-0.38031382679105524,0.8085906084008668,0.5699000000000001
1,1787600090.240778,10981,124.39,-162.88,-1430.17,-0.3687111216825166,0.9029667312303694,0.22068799477715675,-0.8144761860560906,-0.19941418054567892,-0.5448509217619254,-0.44797394019646375,-0.3806377108070576,0.8089711255764435,0.5575
1,1787600090.300618,10984,124.43,-162.95000000000002,-1430.19,-0.3686086736474868,0.9031024808284165,0.22030332460814153,-0.8140745978893505,-0.1991940283280338,-0.5455311981452049,-0.44878747173147876,-0.38043087177568824,0.8086174355137644,0.5639000000000001
1,1787600090.345497,10987,124.37,-162.91,-1430.16,-0.36850585590315743,0.9032381642529425,0.21991874136156753,-0.8136723679791673,-0.19897406360614797,-0.5462111309733914,-0.44960061360306897,-0.3802238033698459,0.8082630435685605,0.5710000000000001
1,1787600090.4053693,10993,124.41,-162.95000000000002,-1430.17,-0.3690247252554915,0.9029309614844604,0.22030985212390583,-0.8135481161099525,-0.1991965949239833,-0.5463150916317779,-0.44939983858926397,-0.38083644174821124,0.8080862514066829,0.5658000000000001
1,1787600090.4652085,10996,124.47,-162.88,-1430.24,-0.36879907359515113,0.9030094654017059,0.22036594271866058,-0.8139473662889103,-0.19925556324536567,-0.5456985481262698,-0.44886181417748716,-0.38061939770681397,0.8084874432312461,0.5685
1,1787600090.5250337,10999,124.48,-162.97,-1430.2,-0.3685504470964492,0.903188561350312,0.22004770071727922,-0.8140661881711097,-0.19927793754903386,-0.5455131023933,-0.44885054218700354,-0.3801824907227544,0.8086992423183514,0.5659000000000001
1,1787600090.5848546,11002,124.44,-162.89000000000001,-1430.2,-0.3685680458941733,0.9031958138565963,0.2199884482823391,-0.813930289700708,-0.19921780060720728,-0.5457378046543493,-0.44908248580129706,-0.3801967776732831,0.8085637459058994,0.5667
1,1787600090.6297336,11005,124.51,-162.92000000000002,-1430.28,-0.3688343220231258,0.9030240040065385,0.22024734070072302,-0.8136754607462187,-0.19913516504558443,-0.5461478102324469,-0.44932559183421766,-0.3806479137342895,0.8082163561154667,0.5770000000000001
1,1787600090.689573,11008,124.41,-162.89000000000001,-1430.19,-0.36868454867349876,0.9030235967107187,0.22049963118575927,-0.8139471268512569,-0.1990499197945537,-0.5457739496534858,-0.44895632110485134,-0.3806934635811588,0.8084000918645287,0.5609000000000001
1,1787600090.749413,11011,124.5,-162.91,-1430.25,-0.3686048810976952,0.9030586731835478,0.2204891707520445,-0.8138252423564427,-0.1988662409594322,-0.5460226122699888,-0.4492426032050294,-0.38070625289668586,0.8082350106688854,0.5679000000000001
1,1787600090.794292,11014,124.39,-162.95000000000002,-1430.14,-0.36887495488099825,0.9029305522925855,0.22056220301345428,-0.8138198714434751,-0.19911139195158012,-0.5459412701370268,-0.44903060531022526,-0.3808819650911697,0.8082700317115696,0.5642
1,1787600090.8541315,11020,124.37,-163.03,-1430.16,-0.3688572871230256,0.9029232782564038,0.2206215205254254,-0.8139557925976948,-0.19917162256877496,-0.5457166228547377,-0.4487986958903739,-0.3808677176475191,0.8084055369807096,0.5621
1,1787600090.913971,11023,124.48,-162.91,-1430.3,-0.3686289473604981,0.9030557851384126,0.22046076316645694,-0.814146730766736,-0.19918216568916558,-0.5454278739239588,-0.4486399446657944,-0.380547912619974,0.8086442272414079,0.5585
1,1787600090.9738102,11026,124.51,-162.5,-1430.44,-0.36870861322906456,0.9030206985737382,0.22047125998210734,-0.8142683988572303,-0.19936580582216462,-0.5451790990962158,-0.4483535805067052,-0.38053500944890317,0.8088091081525606,0.5640000000000001
1,1787600091.0336502,11029,124.54,-162.17000000000002,-1430.64,-0.36856250996604123,0.9030641432941175,0.22053759167995302,-0.8147882644499335,-0.19960810247865338,-0.544313043697776,-0.44752850229029795,-0.38030482316338476,0.8093741292606712,0.5592
1,1787600091.0790362,11032,124.53,-162.24,-1430.6100000000001,-0.3685221591865416,0.9031574538129646,0.22022268686620838,-0.8146443046671958,-0.19963170128158347,-0.5445198258252144,-0.447823709803077,-0.3800707795470515,0.8093207815648293,0.5604
1,1787600091.1388748,11035,124.44,-161.42000000000002,-1430.92,-0.36875433442266137,0.9030687494906012,0.22019780775017256,-0.8147022016404204,-0.1999489033334943,-0.544316781569322,-0.4475271650824697,-0.38011481127314006,0.8094641232099377,0.5706
1,1787600091.1992185,11038,124.5,-157.64000000000001,-1432.84,-0.36882230464533944,0.9030354100330029,0.2202206979886915,-0.8176884946694535,-0.20255740116362592,-0.5388469401593005,-0.44199053528475385,-0.378810701354072,0.8131093525832379,0.5571
1,1787600091.244098,11041,124.60000000000001,-151.48,-1435.98,-0.37017499167604084,0.9023572632282438,0.22073025401352858,-0.8216618373200821,-0.20718387933404728,-0.5309865019337889,-0.4334077763832,-0.3779235499983147,0.8181268176311307,0.5569000000000001
1,1787600091.3039374,11047,125.04,-138.21,-1443.49,-0.3719239783598251,0.901326783341726,0.22199681067947338,-0.8301379488638609,-0.21593956192597347,-0.5140438614080716,-0.41538360605240837,-0.3754732150581134,0.8285386681361477,0.5571
1,1787600091.3637764,11050,125.29,-132.59,-1447.13,-0.37306942694425116,0.9004797430280896,0.22350712533508513,-0.8333371422226501,-0.21931176293803617,-0.5073968447174234,-0.4078828386579588,-0.37555103918518984,0.8322217294058414,0.5497000000000001
1,1787600091.4235895,11053,125.44,-127.79,-1450.47,-0.37372838076511533,0.8999818538369072,0.22440980409725597,-0.8356724999849465,-0.2217298292574284,-0.502481199236729,-0.40246561366108613,-0.375324586966742,0.8349568157926791,0.5419
1,1787600091.4834292,11056,125.62,-123.5,-1453.72,-0.3738805326659651,0.900119795461035,0.22360165722238826,-0.836826871678928,-0.22343431305238223,-0.4997978537237519,-0.39991765918682937,-0.37398056309117766,0.8367821725518133,0.5577
1,1787600091.5283082,11059,125.78,-119.27,-1457.13,-0.3745479599415885,0.8994447938942592,0.22519522295134906,-0.8388070057389456,-0.22519522295134903,-0.4956711800005694,-0.39511597389482855,-0.3745479599415885,0.8388070057389456,0.5443
1,1787600091.5886326,11062,125.94,-114.56,-1460.91,-0.3748826096748321,0.8992254686488829,0.22551404722673982,-0.8404906737809341,-0.22701543316646158,-0.49197502008894217,-0.39120129888672245,-0.3739753329264386,0.8408947580475815,0.5438000000000001
1,1787600091.6484718,11065,126.18,-109.48,-1465.16,-0.37500533873570385,0.8991732826480017,0.2255180784144298,-0.8429426675098217,-0.22951404332046701,-0.486591166391373,-0.3857702103728929,-0.37257309576874664,0.8440205169888622,0.5575
1,1787600091.693857,11068,126.37,-104.44,-1469.44,-0.3754053946086241,0.8987255678765177,0.22663438252783724,-0.8448987858000759,-0.2312883651454766,-0.48233985311384975,-0.3810732625786027,-0.3725560975119901,0.8461590410521747,0.557
1,1787600091.753696,11074,126.73,-96.01,-1477.3700000000001,-0.3756152244552354,0.8983547901638509,0.22775397723663765,-0.8477217582314258,-0.233723725781356,-0.4761733304458597,-0.37454108423304316,-0.37192995442226107,0.849345091953201,0.5333
1,1787600091.813536,11077,126.97,-92.34,-1481.31,-0.3759656951551378,0.8982292436220379,0.22767086324054622,-0.8480009785610222,-0.2344669115302923,-0.4753100122625178,-0.37355606865109653,-0.3717653739922905,0.8498507929479795,0.5281
1,1787600091.8733752,11080,127.18,-88.65,-1485.56,-0.3756130768375167,0.8984962162742042,0.2271989565327984,-0.8490289001716512,-0.23531517816128092,-0.4730504133813235,-0.37157064359549474,-0.3705824014546067,0.8512367124074046,0.5176000000000001
1,1787600091.9332142,11083,127.42,-84.81,-1490.38,-0.37528018676073555,0.8990297494021954,0.22563308958274092,-0.8490291478044779,-0.23573816094948305,-0.47283932329128214,-0.3719062887384798,-0.36901629931749813,0.8517703230535736,0.5233
1,1787600091.9780939,11086,127.61,-80.83,-1495.67,-0.37482248554975617,0.899517204702018,0.22444799569470636,-0.8495966657657966,-0.23637156593113967,-0.4715018434098665,-0.37107089598342824,-0.36741976166821644,0.8528241957694018,0.5323
1,1787600092.037933,11089,127.87,-76.87,-1501.28,-0.37460818420629194,0.8999505596979845,0.22306433696346292,-0.8503971186841693,-0.23762902266548594,-0.4694221853733679,-0.36945019807726115,-0.36554266192379026,0.854333139620805,0.5388000000000001
1,1787600092.0977724,11092,128.13,-72.5,-1507.28,-0.374737819582105,0.8998965026037681,0.2230646793563607,-0.8513939041966999,-0.2387741252168565,-0.4670281972468313,-0.3670149676396727,-0.36492903656523584,0.8556440917811673,0.5441
1,1787600092.1426523,11095,128.43,-67.44,-1513.8,-0.3751060215881322,0.8998851056690288,0.22249105411985573,-0.8523777925635988,-0.240497613723509,-0.4643414654515623,-0.3643454011137374,-0.36382371333976943,0.8572541830162924,0.542
1,1787600092.202492,11101,129.0,-55.550000000000004,-1527.6000000000001,-0.37571812168650254,0.8998399217940002,0.2216393651455765,-0.855541739294723,-0.24486294270698955,-0.4561693453241171,-0.356208120852019,-0.3610128175489636,0.8618500566829662,0.5532
1,1787600092.2623305,11104,129.33,-49.18,-1534.53,-0.3763635418667937,0.8997423348212034,0.22093939278447294,-0.8562924066002104,-0.24677222482799685,-0.4537254494209691,-0.3537142897202515,-0.3599544415393842,0.8633185977747542,0.5772
1,1787600092.32217,11107,129.62,-42.92,-1541.32,-0.37738308633698586,0.8993576329794642,0.22076651500702396,-0.8570329065271252,-0.24887307869574804,-0.4511726807223238,-0.35082275193669954,-0.359469106742256,0.8646995767441347,0.5942000000000001
1,1787600092.3820148,11110,129.91,-36.9,-1547.82,-0.3780993750875924,0.8988053711985181,0.2217876625582813,-0.8585649778517355,-0.2508317431896071,-0.4471572602730629,-0.34627596128640065,-0.35948900026726394,0.8665221389681986,0.595
1,1787600092.426889,11113,130.19,-31.2,-1554.02,-0.3785220354686176,0.8986871006177559,0.221545850441722,-0.8589590191580245,-0.25188830569169063,-0.44580453661089403,-0.34483397754829653,-0.3590456470130514,0.8672806646577566,0.6069
1,1787600092.4867284,11116,130.48,-25.990000000000002,-1559.83,-0.3784545887070891,0.8989789226454217,0.22047453577641377,-0.860142477352038,-0.2535675597230386,-0.44255893540951363,-0.3419459649436543,-0.35712797327481977,0.8692137641359419,0.6134000000000001
1,1787600092.546568,11119,130.74,-21.22,-1565.47,-0.3788236129494885,0.8987934299462798,0.22059700940243554,-0.8607880484108169,-0.2546458372608075,-0.4406806477244486,-0.3399067607226919,-0.3568275043366815,0.8701364985816089,0.6193000000000001
1,1787600092.6064074,11125,131.24,-12.19,-1576.42,-0.37807651172422885,0.8993676616985585,0.2195357838105351,-0.8632200473476067,-0.25678486164842845,-0.43464086863224544,-0.33452847582774536,-0.3538351931606923,0.8734365202699628,0.6319
1,1787600092.6662464,11128,131.51,-7.72,-1581.89,-0.3770650260236811,0.9001841092748079,0.21792323317829457,-0.8647533177249421,-0.2579051547946596,-0.430913715973451,-0.33169815440165784,-0.35093233042776684,0.8756842089629517,0.6538
1,1787600092.7109427,11131,131.76,-3.17,-1587.44,-0.37652493235113976,0.9004693902935063,0.21767832336365206,-0.8663872550135491,-0.2590723405627474,-0.42691292637425193,-0.3280275897970432,-0.3493370857778786,0.8777023987845549,0.6584
1,1787600092.7708108,11134,132.0,1.32,-1593.03,-0.375935778261395,0.9009982244924817,0.21650517334325983,-0.8680108389467318,-0.2606094578515184,-0.42265812892848587,-0.3243909278848442,-0.34682114978722595,0.8800486440909256,0.6648000000000001
1,1787600092.8306215,11137,132.23,5.6000000000000005,-1598.41,-0.3753078677129955,0.9017029914144804,0.21465255578935533,-0.8690717793329058,-0.2618092128642349,-0.41972631371710206,-0.3222704559835761,-0.3440750664224122,0.8819036806060799,0.6987
1,1787600092.875501,11140,132.46,9.49,-1603.44,-0.37490148997186357,0.901707288470985,0.21534353655306343,-0.8707305212264321,-0.262750439388578,-0.4156808463302766,-0.31824083996499014,-0.3433455584675781,0.8836495885015534,0.6880000000000001
1,1787600092.9353404,11143,132.62,12.83,-1607.94,-0.3748879858355746,0.9018110866470874,0.21493199407381225,-0.871221314424816,-0.26345250395895814,-0.4142055038862365,-0.3169107435352136,-0.3425340014628539,0.8844422188440596,0.6863
1,1787600092.9951794,11146,132.81,15.450000000000001,-1611.81,-0.37444063075181827,0.902218237106078,0.2140010903602637,-0.8719709268469323,-0.26411556398508074,-0.4122010087257727,-0.31537424875199044,-0.3409475348115073,0.8856036707975378,0.7058
1,1787600093.0550199,11152,133.03,18.79,-1617.47,-0.37453101552995693,0.9018896886134057,0.21522432013811385,-0.872293725823882,-0.2640231098735496,-0.41157678911837303,-0.3143726678551896,-0.3418870968982504,0.8855975602270464,0.6878000000000001
1,1787600093.115365,11155,133.09,19.93,-1619.45,-0.37484152493292716,0.9016067374142769,0.21586829835605964,-0.8720469533233984,-0.2638596240681885,-0.41220408778416123,-0.3146870546834364,-0.34275850074910935,0.8851489523119183,0.6682
1,1787600093.1602437,11158,133.14000000000001,20.95,-1621.1200000000001,-0.3746178381293534,0.9018109956468157,0.21540288643792221,-0.872420063901374,-0.2641908230345977,-0.41120121732142784,-0.31391831335175685,-0.34196511101982424,0.8857286014279924,0.6671
1,1787600093.220213,11161,133.19,22.400000000000002,-1622.3,-0.3741776856587527,0.9020573024828059,0.21513642786033058,-0.8731538087190982,-0.26454557513843296,-0.4094118525323958,-0.3123995612583221,-0.3410399708423036,0.8866218204023002,0.6725
1,1787600093.2800531,11164,133.15,21.35,-1621.49,-0.3742630279816963,0.9023322344605706,0.21383106542166827,-0.8726712518413485,-0.2647233316607485,-0.41032480291116563,-0.3136432242144338,-0.3401736267376222,0.886515556308262,0.6869000000000001
1,1787600093.325437,11167,133.09,21.04,-1621.17,-0.37436497289733217,0.9020513029316856,0.21483555093798581,-0.8728397536585373,-0.2645809129923867,-0.4100581725967901,-0.3130521226583258,-0.3410284260283346,0.8863960633598014,0.6794
1,1787600093.385277,11170,133.14000000000001,21.73,-1621.74,-0.3739465013357959,0.902302378049691,0.21450974967257347,-0.8734719807939778,-0.26487905974810083,-0.40851656328086267,-0.3117863257209377,-0.3401315955227249,0.8871864431000976,0.6959000000000001
1,1787600093.4451494,11173,133.1,21.64,-1621.69,-0.37390013844177616,0.90242185289212,0.21408756595368528,-0.873414333954947,-0.26494766494377625,-0.4085953206815722,-0.3120033456795887,-0.3397609957949756,0.8872521501924635,0.6908000000000001
1,1787600093.5049555,11179,133.14000000000001,21.7,-1621.67,-0.3739361040692812,0.902592341291404,0.2133046073473081,-0.8732245982729964,-0.26514227245700617,-0.4088745239401673,-0.3124909455399492,-0.3391557765960006,0.8873121030151183,0.7040000000000001
1,1787600093.5648007,11182,133.13,21.46,-1621.53,-0.37380310895670915,0.9027594432709226,0.21283003387556093,-0.872773303828049,-0.2646980545511569,-0.4101240056884074,-0.3139076231303896,-0.3390580002035146,0.8868492975915484,0.7007
1,1787600093.6096745,11185,133.12,21.69,-1621.77,-0.37389554810353304,0.902551556357355,0.21354813795787417,-0.8731569473432902,-0.2649063219362381,-0.40917182931423957,-0.31272841958240005,-0.33944856564011405,0.8871164562053642,0.6993
1,1787600093.6695135,11188,133.18,21.75,-1621.79,-0.37404162940926977,0.902182299205341,0.21484868738119592,-0.873649345398246,-0.2650420391447939,-0.40803129631339036,-0.31117467884465577,-0.34032310601329135,0.887327731314305,0.6957
1,1787600093.7293527,11191,133.14000000000001,21.62,-1621.6000000000001,-0.3742624261751101,0.9020095955780082,0.21518904674429395,-0.8735459771794437,-0.26505974548753747,-0.40824105265846605,-0.311199392845055,-0.3407668129487956,0.8871487570219492,0.6971
1,1787600093.7891922,11194,133.15,21.63,-1621.66,-0.3739886316615852,0.9023127855679357,0.2143924914462442,-0.8732724038397832,-0.2647688767046571,-0.4090143648094048,-0.31229443171433896,-0.34018976899546344,0.8869854051736316,0.6976
1,1787600093.8490317,11200,133.2,21.68,-1621.77,-0.37371713453137634,0.902516276498311,0.21400905124148775,-0.8735229553229398,-0.2648658611228302,-0.40841611395186067,-0.3119184987805866,-0.3395739187088523,0.8873535957278695,0.7089000000000001
1,1787600093.908874,11203,133.17000000000002,21.59,-1621.64,-0.373791385742001,0.9023911681480546,0.21440657544362754,-0.8737998616747773,-0.2650837224636572,-0.4076817653782798,-0.31105273135308537,-0.339736367987297,0.8875952898616492,0.7136
1,1787600093.9687111,11206,133.15,21.59,-1621.67,-0.37372830889919395,0.9025934458390493,0.21366380754760464,-0.8736376068739192,-0.2651611950712427,-0.4079790098571268,-0.3115838297841528,-0.33913804292173055,0.8876378230225763,0.7214
1,1787600094.0285494,11209,133.17000000000002,21.67,-1621.79,-0.3736326848324843,0.9027132099955342,0.2133248164757863,-0.8734601608541416,-0.26499854112039545,-0.4084643443493188,-0.31219539430543536,-0.33894635815069696,0.8874961420033628,0.7083
1,1787600094.0883892,11212,133.2,21.68,-1621.78,-0.37391520463245015,0.9025871507277506,0.2133631999334312,-0.8733244168256958,-0.26519722647472677,-0.4086256159936264,-0.31223690159994066,-0.33912662297624596,0.8874126722489352,0.7173
1,1787600094.1482291,11215,133.27,21.66,-1621.8,-0.37371983192395364,0.9026348820754431,0.21350352898109848,-0.8735852099063842,-0.2651657295998789,-0.40808824643523184,-0.3117408671630181,-0.33902419604862244,0.8876261748247596,0.7127
1,1787600094.193108,11218,133.25,21.63,-1621.8,-0.37392814786122885,0.9024160883637993,0.21406294331165923,-0.873633816175194,-0.2652340677559204,-0.40793975601406546,-0.31135461369993916,-0.3395527834723602,0.887559694760828,0.7163
1,1787600094.2529478,11224,133.2,21.64,-1621.74,-0.3736241252203111,0.9027546151889569,0.21316453224773477,-0.8734076876689809,-0.2650031211857246,-0.40857356361192554,-0.3123524038231199,-0.3388324814961847,0.8874843803183559,0.7109000000000001
1,1787600094.3132915,11227,133.19,21.57,-1621.6200000000001,-0.37381567204876753,0.9026188881274564,0.21340334141311484,-0.8733515021470689,-0.26508041031965124,-0.40864352406739973,-0.31228031802882866,-0.33913348236397944,0.8873947735430349,0.7051000000000001
1,1787600094.358171,11230,133.2,21.59,-1621.63,-0.3735662041876519,0.9024752657304789,0.2144450648383659,-0.8741071310785741,-0.2651117852731724,-0.40700425637437243,-0.3104593604425774,-0.33949099554181505,0.8878968687069535,0.7073
1,1787600094.418013,11233,133.26,21.63,-1621.83,-0.373791385742001,0.9023911681480546,0.21440657544362754,-0.8737998616747773,-0.2650837224636572,-0.4076817653782798,-0.31105273135308537,-0.339736367987297,0.8875952898616492,0.7043
1,1787600094.4778533,11236,133.27,21.61,-1621.8400000000001,-0.3739465013357959,0.902302378049691,0.21450974967257347,-0.8734719807939778,-0.26487905974810083,-0.40851656328086267,-0.3117863257209377,-0.3401315955227249,0.8871864431000976,0.7029000000000001
1,1787600094.5376942,11239,133.29,21.54,-1621.76,-0.3736694510774472,0.9026659499443004,0.21346035730934487,-0.8737320352552668,-0.2652800965530732,-0.40769940022212636,-0.3113895821959507,-0.33885196352381675,0.8878152256612214,0.7197
1,1787600094.5975332,11242,133.27,21.57,-1621.73,-0.37397413394795376,0.9025146365000395,0.21356656583154388,-0.873229775974981,-0.26507814163656274,-0.4089050466516531,-0.31243096115552016,-0.33941259512532473,0.8872350222921378,0.7006
1,1787600094.642413,11245,133.26,21.56,-1621.8,-0.3739407220723059,0.9024627730809107,0.21384405434604656,-0.8734817781067961,-0.2651835791364369,-0.40829799493969965,-0.3117658090481257,-0.3394681318761771,0.8874477267699017,0.7117
1,1787600094.7020586,11251,133.26,21.55,-1621.72,-0.37364003681366825,0.9027021800192135,0.21335861144664453,-0.8737792298815803,-0.26533951770469716,-0.40755956346501204,-0.3112924353681488,-0.33870889349528205,0.8879038828329161,0.7116
1,1787600094.7618978,11254,133.3,21.57,-1621.75,-0.3738942880096246,0.9025819635083311,0.21342179022588428,-0.8734241710661967,-0.2652521757373809,-0.4083766651804584,-0.31198281810237977,-0.33909745268289915,0.8875131766868964,0.7037
1,1787600094.8220067,11257,133.29,21.56,-1621.79,-0.3739446644158429,0.902550900933764,0.21346488980292178,-0.8732771029067609,-0.26513769390578923,-0.4087653419861991,-0.31233393906794205,-0.339269619173263,0.8873238619649153,0.6993
1,1787600094.8818457,11260,133.29,21.51,-1621.78,-0.37386605923375105,0.902587824411229,0.2134464545913796,-0.8732043133167379,-0.26496589771101653,-0.4090321506376233,-0.31263140750421986,-0.3393056030701522,0.8872053374316065,0.6997
1,1787600094.9422126,11263,133.3,21.5,-1621.72,-0.37406616284797584,0.9024104504098126,0.21384546944780214,-0.8732006414594878,-0.2650385153967062,-0.4089929401726258,-0.3124022176088555,-0.339720420857312,0.8871273246189636,0.7121000000000001
1,1787600095.00203,11269,133.29,21.56,-1621.79,-0.37393224363630806,0.9025042508625493,0.21368377183152093,-0.8734293411680623,-0.2651881136071708,-0.4084072114791742,-0.3119228480824087,-0.33935430095476765,0.8874360795390617,0.7194
1,1787600095.0618694,11272,133.29,21.55,-1621.8,-0.3739027940410252,0.9025405225700789,0.21358208194332182,-0.8734766075840076,-0.2652476267789064,-0.40826745215813104,-0.3118257792611902,-0.339211293454518,0.8875248626269939,0.7226
1,1787600095.1217089,11275,133.29,21.55,-1621.76,-0.3736694510774472,0.9026659499443004,0.21346035730934487,-0.8737320352552668,-0.2652800965530732,-0.40769940022212636,-0.3113895821959507,-0.33885196352381675,0.8878152256612214,0.7276
1,1787600095.181548,11278,133.31,21.56,-1621.79,-0.3738574709903864,0.9026292708647173,0.21328617105405906,-0.8731517661195192,-0.2649704925197385,-0.4091413342797475,-0.31278840244970285,-0.33919174145618025,0.8871935402272082,0.7162000000000001
1,1787600095.2413898,11281,133.27,21.580000000000002,-1621.78,-0.3737102129880912,0.9027066400411673,0.21321678811477682,-0.8737992523652792,-0.2655157028205345,-0.40740186317884747,-0.3111519617072568,-0.33855890710673053,0.8880103170258902,0.7283000000000001
1,1787600095.3012264,11287,133.22,21.54,-1621.65,-0.3739211479201565,0.9024270507453517,0.21402895416536305,-0.8733145397588238,-0.26489262492456533,-0.4088442391747833,-0.3122574094940043,-0.3397901048347644,0.8871516188749664,0.7191000000000001
1,1787600095.3610663,11290,133.22,21.580000000000002,-1621.66,-0.37414989674744303,0.9024312888519661,0.21361091653952813,-0.8728006541312053,-0.26481831252158006,-0.4099881455619941,-0.3134180481593519,-0.3398367700149622,0.8867243635052439,0.7195
1,1787600095.4209056,11293,133.16,21.6,-1621.67,-0.37439873375783117,0.9018843853887056,0.2154765498901665,-0.8730502708643029,-0.264562847644612,-0.40962144010041923,-0.3124240911074243,-0.3414836087401716,0.8864424021094035,0.6765
1,1787600095.4807446,11296,133.11,21.61,-1621.6100000000001,-0.37438190810537,0.9019678812704264,0.21515605508542088,-0.8729450458926654,-0.2645718510070488,-0.4098398254271498,-0.3127381232514433,-0.3412560282416156,0.886419307920311,0.6882
1,1787600095.5405838,11299,133.03,21.54,-1621.49,-0.37475110176890075,0.9020861776690473,0.21401434480296572,-0.8720568332354198,-0.26460101445287404,-0.41170764233606466,-0.314767360649744,-0.3409205643679444,0.8858299370988972,0.6869000000000001
1,1787600095.6004233,11305,133.03,21.53,-1621.49,-0.37455051315152665,0.9022639436775554,0.21361575091119403,-0.872060227507597,-0.2645290529858367,-0.4117466936428444,-0.3149966233109905,-0.34050573573119386,0.8859079925346831,0.6816
1,1787600095.6602628,11308,133.02,21.55,-1621.49,-0.37455576974899357,0.9021338563584724,0.2141552720796995,-0.8723193032269848,-0.2645702556838254,-0.4111710264901739,-0.3142721886602868,-0.3408182580484597,0.8860450927664386,0.6822
1,1787600095.7201023,11311,133.04,21.53,-1621.49,-0.3746017937196677,0.902455752626835,0.21271368242955188,-0.8715591409319005,-0.26446679922148164,-0.4128461892370959,-0.31631971168432577,-0.3400454773413069,0.8856132978561623,0.663
1,1787600095.7799416,11314,133.01,21.56,-1621.55,-0.3744648792907654,0.9024611434705708,0.21293177006623965,-0.871996843118724,-0.2646628847417801,-0.41179492836986015,-0.31527378541314144,-0.3398785694420121,0.8860502233312283,0.6724
1,1787600095.824821,11317,133.04,21.57,-1621.6200000000001,-0.375100132348234,0.9018303608141205,0.21448051432755,-0.871398728655994,-0.264123554570987,-0.413404164973581,-0.3161710714297788,-0.34196600450141224,0.8849266101526643,0.649
1,1787600095.8846612,11320,133.0,21.56,-1621.6000000000001,-0.3750223329246935,0.9015429454227879,0.21582068336034058,-0.8722071816884731,-0.2642886734817338,-0.41158975847355145,-0.31402688104487375,-0.34259570141446544,0.8854463864930272,0.6195
1,1787600095.9444997,11323,133.02,21.56,-1621.52,-0.3739773903393449,0.9027065827775189,0.2127480597446367,-0.8726116336053703,-0.26478440704090705,-0.41041217657930423,-0.3141494046016003,-0.339131306720759,0.8867356474115217,0.6564
1,1787600095.9893794,11326,133.01,21.52,-1621.42,-0.374301984660757,0.9028128907384512,0.21172366092503658,-0.8719230300340396,-0.26492588625197205,-0.41178210802542947,-0.3156711167897338,-0.338737596245366,0.8863456362585838,0.6912
1,1787600096.0492191,11332,133.0,21.56,-1621.49,-0.37431063130092906,0.9023620662223445,0.21362175155644042,-0.8730595987175698,-0.26530123528121435,-0.4091236874655121,-0.31250358139102374,-0.33964386642659006,0.8871209362970647,0.6544
1,1787600096.1088054,11335,132.99,21.56,-1621.53,-0.37460764771175464,0.9020337893966164,0.21448578755396974,-0.8729663873808848,-0.26519028565273917,-0.409394429491396,-0.31240806132209986,-0.3406011673236005,0.8867874875294349,0.646
1,1787600096.1686444,11338,133.01,21.56,-1621.5,-0.3746185935892169,0.9021111944926237,0.21414084642666611,-0.8730812663304423,-0.2654860856638476,-0.4089575047626826,-0.3120737280196277,-0.340165446643218,0.8870724080873846,0.6482
1,1787600096.2284837,11341,132.99,21.56,-1621.51,-0.3748327323102795,0.901949607754086,0.2144465617841908,-0.8726574910077067,-0.2651614342291978,-0.41007111235205157,-0.3130005210489984,-0.34084647404625623,0.8864842666135087,0.6397
1,1787600096.273363,11344,133.0,21.56,-1621.55,-0.3741643070959229,0.9024091755208787,0.21367908468344762,-0.8734405084827029,-0.2655012611192436,-0.4081798114625081,-0.31161314066788864,-0.3393622847044428,0.8875418245261885,0.6402
1,1787600096.3332026,11347,132.99,21.54,-1621.55,-0.3744398037267247,0.9020758331618751,0.21460201446025787,-0.873447039696519,-0.2654459909043605,-0.4082017819145201,-0.31126371814022774,-0.34029048934419404,0.8873090107912855,0.6571
1,1787600096.3930418,11350,133.0,21.57,-1621.54,-0.3741895822351275,0.9022846898560061,0.21415997524783048,-0.8735976575254101,-0.26548775141172526,-0.40785216269680624,-0.31114191185505197,-0.3397036830854157,0.8875765422685452,0.6481
1,1787600096.4379215,11353,133.0,21.55,-1621.56,-0.37435303916280477,0.9021543532564161,0.21442323794325424,-0.8733220968499832,-0.26527856427582086,-0.40857777532473305,-0.31171832994407056,-0.3402128837011571,0.8871791682296327,0.6511
1,1787600096.497761,11359,133.01,21.54,-1621.56,-0.37443561476204124,0.9022057611455018,0.2140624557311208,-0.8731900281989727,-0.2654043798759647,-0.4087782892920458,-0.3119890143124421,-0.33997835180864144,0.8871739261553117,0.6406000000000001
1,1787600096.5576005,11362,133.0,21.55,-1621.55,-0.37441035294931924,0.902112220863239,0.2145004162549834,-0.8734942419185846,-0.26550556689467886,-0.40806200911505147,-0.31116667067577036,-0.34014751934584236,0.8873978634994714,0.6533
1,1787600096.6174405,11365,133.0,21.56,-1621.58,-0.37421901767312593,0.9022483509947777,0.21426161564537166,-0.873550466497642,-0.2654282282954797,-0.407991958383587,-0.3112389906382433,-0.33984668418439373,0.887487758763669,0.6526000000000001
1,1787600096.677314,11368,133.0,21.56,-1621.56,-0.3745655298449595,0.9020233434599549,0.21460324253209465,-0.873166097955901,-0.2653006238645586,-0.40889674045844604,-0.311900030831083,-0.3405429001321277,0.8869886718200912,0.6439
1,1787600096.722159,11371,133.0,21.56,-1621.56,-0.3741152202933885,0.9024098270755002,0.21376226501044357,-0.8733206744239927,-0.2652699377522052,-0.40858641650030864,-0.3120076947263511,-0.3395414026632199,0.8873346799877944,0.6474000000000001
1,1787600096.7819986,11374,133.01,21.55,-1621.56,-0.3741517586706778,0.9023625095913828,0.21389801955039286,-0.8735924865870668,-0.265551743257451,-0.4078215774472385,-0.3112019101198835,-0.3394468632008111,0.8876537603147218,0.6478
1,1787600096.8418381,11377,133.0,21.56,-1621.55,-0.3743892564529302,0.9021070197887436,0.21455910491166166,-0.8735937863479776,-0.265560664064075,-0.407812984290657,-0.3109124975082639,-0.3401183008156411,0.8874981466704339,0.6386000000000001
1,1787600096.9016767,11383,133.0,21.55,-1621.56,-0.37418118457350374,0.9023262036358982,0.21399968070816616,-0.8735452913425965,-0.26549224001024335,-0.4079613884518013,-0.311298996279056,-0.33958988902258397,0.8875650073032856,0.6421
1,1787600096.9615161,11386,132.99,21.55,-1621.53,-0.3742400656268798,0.9022535478271747,0.21420296149415158,-0.8734508617558234,-0.26537317437288277,-0.40824094652701,-0.3114931225205433,-0.3398758799275639,0.8873874130648158,0.6398
1,1787600097.0063965,11389,133.0,21.55,-1621.57,-0.37446662263064434,0.9019201315263962,0.215208793693489,-0.8733376953305061,-0.2650862197860504,-0.4086692623556877,-0.3115381492697141,-0.3409829503464211,0.8869467904686569,0.6364000000000001
1,1787600097.0662348,11392,133.0,21.56,-1621.57,-0.37436143856686455,0.9021127549845879,0.2145835282780685,-0.8733745460048652,-0.2652740740014633,-0.4084685643393645,-0.31156125514085203,-0.34032667094540664,0.8871907017875433,0.636
1,1787600097.1260743,11395,133.0,21.55,-1621.57,-0.3744398037267247,0.9020758331618751,0.21460201446025787,-0.873447039696519,-0.2654459909043605,-0.4082017819145201,-0.31126371814022774,-0.34029048934419404,0.8873090107912855,0.6348
1,1787600097.1859205,11398,132.99,21.55,-1621.57,-0.37438664775683633,0.9022063563493561,0.21414557792356484,-0.8730699888920332,-0.2651728660769655,-0.4091847328439721,-0.3123834702372449,-0.3401573777817361,0.8869664739228815,0.6453
1,1787600097.2457533,11404,133.0,21.55,-1621.56,-0.3742400656268798,0.9022535478271747,0.21420296149415158,-0.8734508617558234,-0.26537317437288277,-0.40824094652701,-0.3114931225205433,-0.3398758799275639,0.8873874130648158,0.6508
1,1787600097.3055923,11407,133.0,21.55,-1621.57,-0.3744435658877373,0.9019457398829941,0.21514157727458028,-0.8737036308323854,-0.2654878176698403,-0.4076250533752957,-0.31053821252075037,-0.3406025557388319,0.8874434728976225,0.6402
1,1787600097.3654459,11410,132.99,21.56,-1621.55,-0.37445249427948424,0.9021226331006937,0.21438303192030844,-0.8732949599746163,-0.26539535826778576,-0.4085599303564253,-0.31167489858955005,-0.3402059062646985,0.8871971026394355,0.6535000000000001
1,1787600097.4252856,11413,133.0,21.55,-1621.58,-0.37415316535033577,0.9023320054504348,0.21402420610323644,-0.8733258564782684,-0.26520583745187476,-0.408616950441301,-0.31194768353815866,-0.3397981985256045,0.88725747503976,0.6444000000000001
1,1787600097.4851274,11416,133.0,21.55,-1621.57,-0.37438062805548056,0.902366588463021,0.2134799413584168,-0.8730798403361095,-0.26547761668123004,-0.40896604680575566,-0.3123631504122366,-0.3394939985726744,0.8872277538477252,0.6515000000000001
1,1787600097.5454838,11422,133.0,21.55,-1621.58,-0.3743935821251035,0.902195350053242,0.2141798216589075,-0.8733894464308852,-0.2655145293395547,-0.40828043006338993,-0.3114808509791337,-0.3399199685983493,0.8873748331012166,0.6387
1,1787600097.605323,11425,133.0,21.55,-1621.56,-0.37443561476204124,0.9022057611455018,0.2140624557311208,-0.8731900281989727,-0.2654043798759647,-0.4087782892920458,-0.3119890143124421,-0.33997835180864144,0.8871739261553117,0.6416000000000001
1,1787600097.6650045,11428,133.0,21.55,-1621.56,-0.3742982056434589,0.9023153549717422,0.21384071977597235,-0.8732119586852654,-0.26535172185372047,-0.4087656283474776,-0.31209249984760834,-0.3397285149814256,0.8872332318209151,0.6487
1,1787600097.724844,11431,133.0,21.55,-1621.58,-0.37457393069412664,0.9019817036514555,0.21476353676164237,-0.8732185870825423,-0.26529613364673477,-0.40878754952378615,-0.31174295439980637,-0.3406566713717956,0.8870002044148403,0.6323000000000001
1,1787600097.7846842,11434,133.0,21.54,-1621.56,-0.37421901767312593,0.9022483509947777,0.21426161564537166,-0.873550466497642,-0.2654282282954797,-0.407991958383587,-0.3112389906382433,-0.33984668418439373,0.887487758763669,0.6462
1,1787600097.8445227,11437,132.99,21.55,-1621.55,-0.374407639625315,0.9022115730729166,0.2140868907791732,-0.8729700714743258,-0.2651177574186865,-0.40943354651444613,-0.312637447693508,-0.3401864960791064,0.886865815208315,0.6392
1,1787600097.8894024,11440,132.99,21.55,-1621.54,-0.37418118457350374,0.9023262036358982,0.21399968070816616,-0.8735452913425965,-0.26549224001024335,-0.4079613884518013,-0.311298996279056,-0.33958988902258397,0.8875650073032856,0.6508
1,1787600097.9492414,11446,133.0,21.55,-1621.53,-0.37431514183602255,0.9022322877646143,0.21416132589080697,-0.8733169066402271,-0.265342668400362,-0.4085472419470242,-0.3117783750817609,-0.33995612546504533,0.8872564891789585,0.6452
1,1787600098.0090811,11449,133.0,21.55,-1621.55,-0.3744481478375457,0.9020342224727266,0.21476230132184476,-0.8734994294387597,-0.26544153148748445,-0.4080925631909263,-0.31110662376618226,-0.3404042521027053,0.8873204684888121,0.6319
1,1787600098.0689204,11452,133.0,21.55,-1621.56,-0.37451539446985166,0.9019197009411593,0.21512571291991395,-0.8734574278179525,-0.2653178750261267,-0.4082628405589552,-0.311143602046929,-0.3408038706438506,0.8871540907077146,0.6404000000000001
1,1787600098.12876,11455,133.0,21.55,-1621.56,-0.3745611489515374,0.9021533719589533,0.21406363343453325,-0.8729086043400941,-0.2652590600198466,-0.4094730754841106,-0.31262519758511625,-0.34023069311935605,0.8868531791082386,0.6489
1,1787600098.1885993,11458,133.0,21.55,-1621.58,-0.3745655298449595,0.9020233434599549,0.21460324253209465,-0.873166097955901,-0.2653006238645586,-0.40889674045844604,-0.311900030831083,-0.3405429001321277,0.8869886718200912,0.6376000000000001
1,1787600098.251431,11464,132.99,21.55,-1621.56,-0.374431432224765,0.9021174253009426,0.2144417252553933,-0.8733946331200574,-0.2654504649601249,-0.40831099114465924,-0.31142080437760045,-0.34017672116247444,0.8872975154816769,0.639
1,1787600098.308278,11467,133.0,21.55,-1621.57,-0.37441035294931924,0.902112220863239,0.2145004162549834,-0.8734942419185846,-0.26550556689467886,-0.40806200911505147,-0.31116667067577036,-0.34014751934584236,0.8873978634994714,0.6367
1,1787600098.3681173,11470,133.01,21.55,-1621.58,-0.3742982056434589,0.9023153549717422,0.21384071977597235,-0.8732119586852654,-0.26535172185372047,-0.4087656283474776,-0.31209249984760834,-0.3397285149814256,0.8872332318209151,0.646
1,1787600098.4279585,11473,132.99,21.55,-1621.55,-0.37432767660994004,0.9022790367232201,0.21394235301506376,-0.8731646484282928,-0.26529212295450333,-0.40890535119192123,-0.31218950536316864,-0.33987148951936336,0.8871443418931271,0.6516000000000001
1,1787600098.4878247,11476,133.0,21.55,-1621.57,-0.3744230333326693,0.9021589988877721,0.21428143371691227,-0.8733422097128266,-0.2654549536542417,-0.40842019087496345,-0.3115778824690224,-0.34006294756447236,0.8872859825613627,0.6389
1,1787600098.5476646,11482,133.0,21.55,-1621.57,-0.3744692642432032,0.9020394308438282,0.21470359880564693,-0.8733998244487976,-0.26538639521286694,-0.4083415333868565,-0.311360750239916,-0.3404334390726947,0.8872201287004112,0.6358
1,1787600098.6072521,11485,133.0,21.55,-1621.56,-0.374431432224765,0.9021174253009426,0.2144417252553933,-0.8733946331200574,-0.2654504649601249,-0.40831099114465924,-0.31142080437760045,-0.34017672116247444,0.8872975154816769,0.6468
1,1787600098.6670923,11488,133.0,21.55,-1621.55,-0.3743446123679572,0.9021959329715662,0.21426294528137357,-0.873269630866621,-0.2652830691931402,-0.40868697679953414,-0.31187539658837987,-0.340099091044114,0.8871675970603345,0.6494
1,1787600098.727385,11491,133.0,21.55,-1621.57,-0.3743851556277513,0.9022368868156662,0.21401952087311812,-0.8733370234414145,-0.2655190325182324,-0.4083896262848408,-0.3116379289048022,-0.339806185111096,0.8873632614821106,0.6538
1,1787600098.7870224,11494,132.99,21.55,-1621.57,-0.37444406821447407,0.9021642064006818,0.2142227449838654,-0.873242502497749,-0.2653998617529873,-0.40866911458166755,-0.31183196053397616,-0.3400921317392144,0.8871855331995746,0.6423
1,1787600098.8358898,11497,133.0,21.55,-1621.57,-0.37434864857271666,0.9022842461517419,0.21388367973775782,-0.8730647914782779,-0.26523705335786046,-0.4091542195884466,-0.3124435296061866,-0.3399006394116118,0.8870437396965302,0.6474000000000001
1,1787600098.8923764,11500,132.99,21.54,-1621.54,-0.3744398037267247,0.9020758331618751,0.21460201446025787,-0.873447039696519,-0.2654459909043605,-0.4082017819145201,-0.31126371814022774,-0.34029048934419404,0.8873090107912855,0.6368
1,1787600098.9372656,11503,133.0,21.55,-1621.57,-0.37450707817810225,0.9019613666998335,0.21496544228193795,-0.8734050204159126,-0.2653223201061301,-0.4083720567886341,-0.31130068857421433,-0.3406901223024651,0.8871426727752146,0.6381
1,1787600098.9971044,11509,133.0,21.55,-1621.57,-0.3742316410118562,0.902295079593295,0.2140426784716134,-0.8733984442453409,-0.26537767791512895,-0.40835015079486886,-0.31165018282585893,-0.3397620894186156,0.8873758426611044,0.6491
1,1787600099.056955,11512,132.99,21.54,-1621.57,-0.3744903634233778,0.9020446425795412,0.2146448939447998,-0.8733001551139475,-0.2653312541868751,-0.4085904607667377,-0.3116148372285595,-0.34046260932027145,0.8871197240924422,0.6459
1,1787600099.116795,11515,133.0,21.55,-1621.58,-0.37418526358463083,0.9024143678556704,0.21362045127691068,-0.8733408317929674,-0.26544627112582125,-0.40842878041167074,-0.3118672474615891,-0.33939149346005654,0.887441397573769,0.6406000000000001
1,1787600099.1771405,11518,132.99,21.55,-1621.57,-0.3744230333326693,0.9021589988877721,0.21428143371691227,-0.8733422097128266,-0.2654549536542417,-0.40842019087496345,-0.3115778824690224,-0.34006294756447236,0.8872859825613627,0.6417
1,1787600099.2369797,11521,133.0,21.54,-1621.58,-0.3744271339231985,0.9022472973330026,0.21390216417173538,-0.8731375370817472,-0.26540891263617694,-0.4088874544811848,-0.31214605991567473,-0.3398645664799068,0.8871622815080369,0.6534
1,1787600099.297419,11527,133.0,21.55,-1621.6000000000001,-0.37414855703701894,0.9024617092502367,0.21348470812743894,-0.8730684883828301,-0.26516447783493785,-0.40919337028774655,-0.3126727872073883,-0.33948588045994776,0.887121787077906,0.6523
1,1787600099.3572545,11530,132.99,21.55,-1621.57,-0.37423573040886804,0.9021652312315879,0.21458218388812375,-0.8736551828593263,-0.2654192947093873,-0.40777349038284544,-0.3109248133365655,-0.34007424711793005,0.8875107136811335,0.6446000000000001
1,1787600099.4170656,11533,132.99,21.54,-1621.56,-0.3744146070514438,0.9022005539202094,0.21412113985447653,-0.8732897694782814,-0.26545945698617307,-0.40852938109905435,-0.31173495240521737,-0.33994916855711466,0.8872744120317251,0.6397
1,1787600099.4769046,11536,132.99,21.55,-1621.55,-0.3741067127968114,0.902451309561778,0.2136019693509314,-0.8732681979388566,-0.2652744866527614,-0.4086956094696103,-0.3121647352104116,-0.33942757784444394,0.8873229950191011,0.6521
1,1787600099.5367444,11539,132.99,21.55,-1621.57,-0.3743446123679572,0.9021959329715662,0.21426294528137357,-0.873269630866621,-0.2652830691931402,-0.40868697679953414,-0.31187539658837987,-0.340099091044114,0.8871675970603345,0.6451
1,1787600099.5966053,11545,133.0,21.55,-1621.57,-0.3743235688470968,0.9021907263196619,0.2143216254799638,-0.8733693553789803,-0.26533816363629414,-0.4084380344715998,-0.3116213004441086,-0.34006992260551394,0.8872680614383696,0.6521
1,1787600099.656423,11548,133.0,21.55,-1621.54,-0.3742021953956934,0.9023313965418743,0.21394103808253784,-0.873445682799648,-0.2654372204357272,-0.4082103884102066,-0.31155313537131984,-0.33961909961329584,0.8874646533908571,0.6549
1,1787600099.7162614,11551,132.99,21.54,-1621.57,-0.37433877835222545,0.9023561863826702,0.2135972657097638,-0.8732794024193747,-0.2655876383019679,-0.40846822604854255,-0.31185503736804315,-0.33943558929214696,0.8874288232810954,0.6584
1,1787600099.7761343,11554,133.0,21.54,-1621.57,-0.3745571016002938,0.9020649647135652,0.21444294597188665,-0.8731135920040967,-0.2653051287251589,-0.4090059218762372,-0.3120570990996535,-0.340429123472774,0.8869771016170981,0.6552
1,1787600099.8359714,11557,133.0,21.55,-1621.57,-0.37436563867112777,0.9022011429818518,0.21420426276010263,-0.8731698420302204,-0.26522797000424037,-0.4089358762646657,-0.3121294531941496,-0.3401282427697974,0.887067067881032,0.6416000000000001
1,1787600099.8957803,11563,133.0,21.55,-1621.56,-0.37442040798009385,0.9020399284731982,0.2147866977447338,-0.8732800243846188,-0.2651548158957175,-0.408747994023344,-0.31175528399502644,-0.3406125233272783,0.8870128250785355,0.6455000000000001
1,1787600099.9556193,11566,133.0,21.55,-1621.56,-0.3743361581833314,0.902237494127885,0.21410265030208922,-0.8732171480582376,-0.26528758875288155,-0.40879616875738933,-0.3120324550645043,-0.33998529298120644,0.8871559882810357,0.6426000000000001
1,1787600100.0154583,11569,133.0,21.55,-1621.56,-0.3741643070959229,0.9024091755208787,0.21367908468344762,-0.8734405084827029,-0.2655012611192436,-0.4081798114625081,-0.31161314066788864,-0.3393622847044428,0.8875418245261885,0.6461
1,1787600100.075329,11572,133.0,21.55,-1621.55,-0.37416161786312446,0.9022904675642609,0.2141844902431472,-0.8733783165608648,-0.2652013176812898,-0.4085077444326087,-0.3117906346883421,-0.3399120080885275,0.8872690836932536,0.6525000000000001
1,1787600100.1202097,11575,132.99,21.55,-1621.55,-0.3743951288947159,0.9021647772155066,0.21430586135615662,-0.8731225229951283,-0.26516833156678926,-0.40907556242423826,-0.31222643593797533,-0.3402711722814327,0.8869781181154858,0.6425000000000001
1,1787600100.1800172,11578,133.0,21.55,-1621.56,-0.3741473200859759,0.9024920731584738,0.21335847946262199,-0.8733356583201505,-0.2655103407739246,-0.4083981964316486,-0.311927252382653,-0.3391346588425226,0.8875184912962515,0.6556000000000001
1,1787600100.2403598,11581,132.99,21.55,-1621.58,-0.37443561476204124,0.9022057611455018,0.2140624557311208,-0.8731900281989727,-0.2654043798759647,-0.4087782892920458,-0.3119890143124421,-0.33997835180864144,0.8871739261553117,0.6467
1,1787600100.2852392,11584,133.0,21.55,-1621.58,-0.3740601595886513,0.9025704516597246,0.21317968195696654,-0.8732105280730483,-0.26534317409403163,-0.4087742330726002,-0.31238177070837664,-0.33905689751495266,0.8873883307642908,0.6542
1,1787600100.3451104,11590,132.99,21.55,-1621.56,-0.3743767017415811,0.9022784050201699,0.21385921777504438,-0.8732845836261367,-0.2655235503336845,-0.4084988129959751,-0.3117949986674266,-0.339692396224075,0.8873516522515331,0.6445000000000001
1,1787600100.4049773,11593,133.0,21.55,-1621.55,-0.3745611489515374,0.9021533719589533,0.21406363343453325,-0.8729086043400941,-0.2652590600198466,-0.4094730754841106,-0.31262519758511625,-0.34023069311935605,0.8868531791082386,0.6393
1,1787600100.4649096,11596,132.99,21.55,-1621.55,-0.37437409263874044,0.902159563556421,0.2143645508114804,-0.8732223420785081,-0.26522345029073074,-0.40882669031119456,-0.31197240271511995,-0.340242036349961,0.8870786755663709,0.6399
1,1787600100.5247493,11599,133.0,21.55,-1621.57,-0.37454016292850895,0.9021481515474951,0.21412234589814227,-0.8730085296388433,-0.26531418237252785,-0.40922425613570534,-0.31237121111157207,-0.34020155392272206,0.88695384839193,0.6369
1,1787600100.5702515,11602,132.99,21.55,-1621.56,-0.37442040798009385,0.9020399284731982,0.2147866977447338,-0.8732800243846188,-0.2651548158957175,-0.408747994023344,-0.31175528399502644,-0.3406125233272783,0.8870128250785355,0.6451
1,1787600100.6300893,11605,133.0,21.55,-1621.5900000000001,-0.3744564645562282,0.9019925932356565,0.21492258583049254,-0.8735518023433283,-0.26543708671003086,-0.40798333498025885,-0.3109495212647428,-0.34051800943108257,0.8873318885728837,0.6411
1,1787600100.6898944,11608,133.0,21.55,-1621.57,-0.3743991039350354,0.9022531333521682,0.21392660967920174,-0.8729174865177727,-0.2651223213682993,-0.40954269184515885,-0.3127944575981759,-0.3400726952704071,0.8868540969220269,0.6421
1,1787600100.7347744,11611,133.0,21.55,-1621.58,-0.37449873449561116,0.9020030139133479,0.21480516928701335,-0.8733525961800938,-0.2653267798265576,-0.40848126352668823,-0.3114577669711835,-0.3405763685256306,0.8871312172363331,0.6285000000000001
1,1787600100.7946486,11617,132.99,21.55,-1621.56,-0.374214709634687,0.902378087452536,0.21372210549807488,-0.8732935587521614,-0.2653867289129672,-0.4085685307985191,-0.31196427894073403,-0.3395344922130572,0.8873525890324597,0.6436000000000001
1,1787600100.854836,11620,133.0,21.55,-1621.56,-0.37432767660994004,0.9022790367232201,0.21394235301506376,-0.8731646484282928,-0.26529212295450333,-0.40890535119192123,-0.31218950536316864,-0.33987148951936336,0.8871443418931271,0.6486000000000001
1,1787600100.9147077,11623,132.99,21.55,-1621.55,-0.3744692642432032,0.9020394308438282,0.21470359880564693,-0.8733998244487976,-0.26538639521286694,-0.4083415333868565,-0.311360750239916,-0.3404334390726947,0.8872201287004112,0.6417
1,1787600100.9750884,11626,132.99,21.55,-1621.57,-0.3744499072868517,0.9020034933023767,0.21488826166912228,-0.8732327440561644,-0.26509515731591987,-0.4088876768451074,-0.3118522753500598,-0.34075541908817336,0.8869238426838201,0.6318
1,1787600101.034928,11629,132.99,21.55,-1621.56,-0.3741361781757064,0.9024150255364709,0.2137036309146072,-0.8732208858477494,-0.26521492092020316,-0.4088353338944206,-0.31226175670316736,-0.3395705632225811,0.8872341449095335,0.6513
1,1787600101.0947707,11635,133.0,21.54,-1621.57,-0.3741895822351275,0.9022846898560061,0.21415997524783048,-0.8735976575254101,-0.26548775141172526,-0.40785216269680624,-0.31114191185505197,-0.3397036830854157,0.8875765422685452,0.6466000000000001
1,1787600101.1546056,11638,132.99,21.55,-1621.58,-0.37439929020306334,0.9020347139440269,0.21484540101049407,-0.8733797412711111,-0.2652099790098957,-0.40849907536098296,-0.31150120229727807,-0.34058338461159304,0.8871132729780691,0.6494
1,1787600101.2144787,11641,132.99,21.55,-1621.56,-0.3744230333326693,0.9021589988877721,0.21428143371691227,-0.8733422097128266,-0.2654549536542417,-0.40842019087496345,-0.3115778824690224,-0.34006294756447236,0.8872859825613627,0.6451
1,1787600101.2742858,11644,133.0,21.55,-1621.58,-0.3742400656268798,0.9022535478271747,0.21420296149415158,-0.8734508617558234,-0.26537317437288277,-0.40824094652701,-0.3114931225205433,-0.3398758799275639,0.8873874130648158,0.6446000000000001
1,1787600101.3191645,11647,133.0,21.56,-1621.5900000000001,-0.37443561476204124,0.9022057611455018,0.2140624557311208,-0.8731900281989727,-0.2654043798759647,-0.4087782892920458,-0.3119890143124421,-0.33997835180864144,0.8871739261553117,0.6469
1,1787600101.3790045,11650,132.99,21.55,-1621.57,-0.37437409263874044,0.902159563556421,0.2143645508114804,-0.8732223420785081,-0.26522345029073074,-0.40882669031119456,-0.31197240271511995,-0.340242036349961,0.8870786755663709,0.6489
1,1787600101.438844,11653,132.99,21.55,-1621.5900000000001,-0.3743361581833314,0.902237494127885,0.21410265030208922,-0.8732171480582376,-0.26528758875288155,-0.40879616875738933,-0.3120324550645043,-0.33998529298120644,0.8871559882810357,0.6393
1,1787600101.4837234,11656,132.99,21.54,-1621.55,-0.37443530374437745,0.9019873879476852,0.21498129056540588,-0.8736513088702553,-0.26549223301660346,-0.4077343065246621,-0.31069533922984,-0.3404888047956485,0.887432126976303,0.6447
1,1787600101.5435615,11662,133.0,21.55,-1621.55,-0.37421901767312593,0.9022483509947777,0.21426161564537166,-0.873550466497642,-0.2654282282954797,-0.407991958383587,-0.3112389906382433,-0.33984668418439373,0.887487758763669,0.6344000000000001
1,1787600101.60343,11665,132.99,21.55,-1621.58,-0.3742400656268798,0.9022535478271747,0.21420296149415158,-0.8734508617558234,-0.26537317437288277,-0.40824094652701,-0.3114931225205433,-0.3398758799275639,0.8873874130648158,0.6436000000000001
1,1787600101.6632411,11668,132.99,21.54,-1621.56,-0.374382519217273,0.9021179655735364,0.2145248365434461,-0.8732748253037249,-0.26521894522014394,-0.40871749483850495,-0.31181534406644784,-0.34035582452160024,0.887090245645247,0.6322
1,1787600101.7230806,11671,132.99,21.55,-1621.55,-0.37441200900735566,0.902081563275273,0.2146264212764021,-0.8732275407448822,-0.26515930647562463,-0.4088571930075477,-0.3119123428075926,-0.34049874506113176,0.8870012936947012,0.6516000000000001
1,1787600101.7679598,11674,132.99,21.55,-1621.55,-0.37448592464516267,0.90195615439216,0.21502415630985125,-0.8735046215938836,-0.2653774907155027,-0.40812309843436856,-0.3110465693377497,-0.34066095017722403,0.8872430043272065,0.6456000000000001
1,1787600101.8277993,11677,133.0,21.54,-1621.56,-0.3744481478375457,0.9020342224727266,0.21476230132184476,-0.8734994294387597,-0.26544153148748445,-0.4080925631909263,-0.31110662376618226,-0.3404042521027053,0.8873204684888121,0.6428
1,1787600101.8876514,11680,132.99,21.56,-1621.58,-0.3743446123679572,0.9021959329715662,0.21426294528137357,-0.873269630866621,-0.2652830691931402,-0.40868697679953414,-0.31187539658837987,-0.340099091044114,0.8871675970603345,0.6472
1,1787600101.9476838,11686,132.99,21.56,-1621.55,-0.3743446123679572,0.9021959329715662,0.21426294528137357,-0.873269630866621,-0.2652830691931402,-0.40868697679953414,-0.31187539658837987,-0.340099091044114,0.8871675970603345,0.6509
1,1787600102.0075233,11689,133.0,21.55,-1621.56,-0.3743524493519971,0.9023724872594595,0.21350442126882738,-0.8728596843723743,-0.26519115053560294,-0.4096213191167698,-0.31301152544518196,-0.33970214587897385,0.8869195211650832,0.648
1,1787600102.0675886,11692,132.98,21.56,-1621.54,-0.37460342605560376,0.9019452671569265,0.2148650931180412,-0.8731713043705354,-0.2652364617387844,-0.4089272460819261,-0.31183993716530534,-0.34079958101134905,0.8869112126764591,0.6334000000000001
1,1787600102.1274495,11695,133.0,21.55,-1621.57,-0.37467335303768773,0.9019499901924279,0.2147232956979187,-0.8731914460207936,-0.2654129275953741,-0.408769710792481,-0.31169949810612796,-0.34064966322768075,0.8870181676962743,0.6352
1,1787600102.1873064,11698,133.0,21.55,-1621.55,-0.37441035294931924,0.902112220863239,0.2145004162549834,-0.8734942419185846,-0.26550556689467886,-0.40806200911505147,-0.31116667067577036,-0.34014751934584236,0.8873978634994714,0.6421
1,1787600102.2321863,11701,133.0,21.55,-1621.57,-0.37467335303768773,0.9019499901924279,0.2147232956979187,-0.8731914460207936,-0.2654129275953741,-0.408769710792481,-0.31169949810612796,-0.34064966322768075,0.8870181676962743,0.6374000000000001
1,1787600102.2920573,11707,132.99,21.55,-1621.56,-0.374382519217273,0.9021179655735364,0.2145248365434461,-0.8732748253037249,-0.26521894522014394,-0.40871749483850495,-0.31181534406644784,-0.34035582452160024,0.887090245645247,0.6499
1,1787600102.3518991,11710,133.0,21.55,-1621.56,-0.37439767232564425,0.9022836083132991,0.2138005451963868,-0.8731848385410741,-0.26546850756132034,-0.4087477330030875,-0.3120490677748254,-0.3397215943420405,0.887251158150027,0.648
1,1787600102.411738,11713,133.0,21.55,-1621.55,-0.3743951288947159,0.9021647772155066,0.21430586135615662,-0.8731225229951283,-0.26516833156678926,-0.40907556242423826,-0.31222643593797533,-0.3402711722814327,0.8869781181154858,0.6388
1,1787600102.4716108,11716,133.0,21.55,-1621.56,-0.37433154893018084,0.9023672750660119,0.21356308755370676,-0.8729596736756088,-0.2652461952766517,-0.40937252475885005,-0.3127575732283818,-0.33967301450247833,0.8870202611029201,0.64
1,1787600102.5164888,11719,133.0,21.56,-1621.58,-0.3745486459611394,0.9021065674101302,0.2142826470906815,-0.87306106923059,-0.26530964822799585,-0.4091150937707824,-0.31221415919624157,-0.3403153414006626,0.8869654938072474,0.6354000000000001
1,1787600102.576896,11722,133.0,21.55,-1621.56,-0.3745655298449595,0.9020233434599549,0.21460324253209465,-0.873166097955901,-0.2653006238645586,-0.40889674045844604,-0.311900030831083,-0.3405429001321277,0.8869886718200912,0.6366
1,1787600102.636702,11725,132.99,21.55,-1621.55,-0.37423573040886804,0.9021652312315879,0.21458218388812375,-0.8736551828593263,-0.2654192947093873,-0.40777349038284544,-0.3109248133365655,-0.34007424711793005,0.8875107136811335,0.6482
1,1787600102.682085,11728,133.0,21.55,-1621.57,-0.37419374318136006,0.9023728914790089,0.21378074583024287,-0.8733932657081658,-0.26544173846231384,-0.4083195891672719,-0.31171019550144247,-0.33950529923097983,0.8874530442871529,0.6431
1,1787600102.7424278,11734,133.0,21.55,-1621.57,-0.3743698105791303,0.9020711381582384,0.21474381627615402,-0.8734269783278117,-0.26526959837060543,-0.4083593438498088,-0.311404172188002,-0.34044045276993473,0.8872021977326854,0.6347
1,1787600102.8022673,11737,133.0,21.55,-1621.57,-0.3744230333326693,0.9021589988877721,0.21428143371691227,-0.8733422097128266,-0.2654549536542417,-0.40842019087496345,-0.3115778824690224,-0.34006294756447236,0.8872859825613627,0.6495000000000001
1,1787600102.8621073,11740,132.99,21.55,-1621.56,-0.37436143856686455,0.9021127549845879,0.2145835282780685,-0.8733745460048652,-0.2652740740014633,-0.4084685643393645,-0.31156125514085203,-0.34032667094540664,0.8871907017875433,0.6442
1,1787600102.9219468,11743,133.0,21.55,-1621.57,-0.3743401124439535,0.9023257698919026,0.21372338478611463,-0.873012240981551,-0.2652416169968828,-0.40926337694600706,-0.31260055552064975,-0.33978682964744855,0.8870320192001623,0.652
1,1787600102.9668398,11746,133.0,21.55,-1621.57,-0.374382519217273,0.9021179655735364,0.2145248365434461,-0.8732748253037249,-0.26521894522014394,-0.40871749483850495,-0.31181534406644784,-0.34035582452160024,0.887090245645247,0.6403
1,1787600103.0266654,11749,132.99,21.55,-1621.57,-0.37436563867112777,0.9022011429818518,0.21420426276010263,-0.8731698420302204,-0.26522797000424037,-0.4089358762646657,-0.3121294531941496,-0.3401282427697974,0.887067067881032,0.643
1,1787600103.0865042,11752,133.0,21.55,-1621.58,-0.37439091840571603,0.9020763490353525,0.21468511994633785,-0.8733272917024114,-0.2652144547930196,-0.40860828985297454,-0.3116582772574084,-0.34046960727778675,0.8871017781162732,0.6365000000000001
1,1787600103.1323833,11755,133.0,21.55,-1621.5900000000001,-0.37436563867112777,0.9022011429818518,0.21420426276010263,-0.8731698420302204,-0.26522797000424037,-0.4089358762646657,-0.3121294531941496,-0.3401282427697974,0.887067067881032,0.6445000000000001
1,1787600103.191224,11761,133.0,21.55,-1621.5900000000001,-0.37437409263874044,0.902159563556421,0.2143645508114804,-0.8732223420785081,-0.26522345029073074,-0.40882669031119456,-0.31197240271511995,-0.340242036349961,0.8870786755663709,0.6428
1,1787600103.2510633,11764,132.99,21.54,-1621.56,-0.37442701420619195,0.902029017467398,0.21482100148597352,-0.8735989700616144,-0.2654966630033518,-0.40784355020199975,-0.3108524578315612,-0.34037504841113897,0.8874207434352614,0.6359
1,1787600103.3109026,11767,133.0,21.55,-1621.56,-0.3743403406937812,0.9021075477577448,0.21464221767343927,-0.873474202361744,-0.265329198036079,-0.40821959100225236,-0.3113071267057323,-0.34029750064912234,0.8872910931110385,0.6403
1,1787600103.37077,11770,133.0,21.55,-1621.56,-0.3743446123679572,0.9021959329715662,0.21426294528137357,-0.873269630866621,-0.2652830691931402,-0.40868697679953414,-0.31187539658837987,-0.340099091044114,0.8871675970603345,0.644
1,1787600103.4156592,11773,132.99,21.55,-1621.58,-0.3743446123679572,0.9021959329715662,0.21426294528137357,-0.873269630866621,-0.2652830691931402,-0.40868697679953414,-0.31187539658837987,-0.340099091044114,0.8871675970603345,0.6525000000000001
1,1787600103.4754927,11776,132.99,21.55,-1621.55,-0.37448196496240477,0.9020862526962542,0.21448461626495713,-0.8732476972209284,-0.26533574318654646,-0.40869964850240403,-0.31177189933706634,-0.3403488446933127,0.8871081933449186,0.6377
1,1787600103.5353,11779,132.99,21.55,-1621.56,-0.37440358264522666,0.902123179523428,0.21446614247698942,-0.8731750402805654,-0.26516381169949516,-0.4089663824766382,-0.31206939345833357,-0.340384961376874,0.8869897247065559,0.6417
1,1787600103.595167,11785,133.0,21.55,-1621.53,-0.37436563867112777,0.9022011429818518,0.21420426276010263,-0.8731698420302204,-0.26522797000424037,-0.4089358762646657,-0.3121294531941496,-0.3401282427697974,0.887067067881032,0.646
1,1787600103.6553607,11788,132.99,21.55,-1621.57,-0.37431514183602255,0.9022322877646143,0.21416132589080697,-0.8733169066402271,-0.265342668400362,-0.4085472419470242,-0.3117783750817609,-0.33995612546504533,0.8872564891789585,0.6419
1,1787600103.7152019,11791,132.99,21.55,-1621.54,-0.37455261135443324,0.9021949372415918,0.2139033345771291,-0.8728560138920786,-0.26526362360155875,-0.40958221275612333,-0.31278222510239717,-0.3401168993293495,0.8868414595916131,0.6426000000000001
1,1787600103.77508,11794,132.99,21.56,-1621.55,-0.37422318901412105,0.902336592802465,0.21388239313636775,-0.8733460099096347,-0.2653821960953375,-0.40845934555416413,-0.3118072349690135,-0.3396482935114708,0.8873642346498557,0.6574
1,1787600103.835202,11797,133.0,21.55,-1621.55,-0.37440358264522666,0.902123179523428,0.21446614247698942,-0.8731750402805654,-0.26516381169949516,-0.4089663824766382,-0.31206939345833357,-0.340384961376874,0.8869897247065559,0.6501
1,1787600103.895045,11803,133.0,21.55,-1621.56,-0.374214709634687,0.902378087452536,0.21372210549807488,-0.8732935587521614,-0.2653867289129672,-0.4085685307985191,-0.31196427894073403,-0.3395344922130572,0.8873525890324597,0.6549
1,1787600103.9548824,11806,133.0,21.55,-1621.54,-0.3741237004069285,0.9023683260243124,0.2139225583754716,-0.8733731340877094,-0.26526540349317285,-0.4084772140076066,-0.31185064605935753,-0.33965522209688526,0.8873463273461366,0.6585000000000001
1,1787600103.999733,11809,133.0,21.55,-1621.5900000000001,-0.37445249427948424,0.9021226331006937,0.21438303192030844,-0.8732949599746163,-0.26539535826778576,-0.4085599303564253,-0.31167489858955005,-0.3402059062646985,0.8871971026394355,0.634
1,1787600104.0595706,11812,133.0,21.54,-1621.56,-0.3744271339231985,0.9022472973330026,0.21390216417173538,-0.8731375370817472,-0.26540891263617694,-0.4088874544811848,-0.31214605991567473,-0.3398645664799068,0.8871622815080369,0.6458
1,1787600104.1194324,11815,132.99,21.55,-1621.52,-0.3746438767809613,0.901986404792894,0.2146217397173962,-0.873238706928086,-0.2654725758392159,-0.4086299942489002,-0.3116025133292355,-0.3405067356838651,0.8871071167794913,0.6456000000000001
1,1787600104.1642892,11818,132.99,21.55,-1621.53,-0.3743851556277513,0.9022368868156662,0.21401952087311812,-0.8733370234414145,-0.2655190325182324,-0.4083896262848408,-0.3116379289048022,-0.339806185111096,0.8873632614821106,0.6463
1,1787600104.2241616,11821,132.99,21.55,-1621.54,-0.3744146070514438,0.9022005539202094,0.21412113985447653,-0.8732897694782814,-0.26545945698617307,-0.40852938109905435,-0.31173495240521737,-0.33994916855711466,0.8872744120317251,0.6416000000000001
1,1787600104.2839687,11824,132.99,21.54,-1621.54,-0.37412764351590055,0.9024565077320393,0.21354333988521143,-0.8731683753067495,-0.2652194846168585,-0.4089445113260959,-0.31241878099981546,-0.3394567374963408,0.8872224234355948,0.6521
1,1787600104.3438373,11830,132.99,21.55,-1621.55,-0.37448196496240477,0.9020862526962542,0.21448461626495713,-0.8732476972209284,-0.26533574318654646,-0.40869964850240403,-0.31177189933706634,-0.3403488446933127,0.8871081933449186,0.6328
1,1787600104.4036474,11833,133.0,21.55,-1621.58,-0.374382519217273,0.9021179655735364,0.2145248365434461,-0.8732748253037249,-0.26521894522014394,-0.40871749483850495,-0.31181534406644784,-0.34035582452160024,0.887090245645247,0.638
1,1787600104.448527,11836,132.99,21.55,-1621.56,-0.3745655298449595,0.9020233434599549,0.21460324253209465,-0.873166097955901,-0.2653006238645586,-0.40889674045844604,-0.311900030831083,-0.3405429001321277,0.8869886718200912,0.6347
1,1787600104.5083666,11839,132.99,21.55,-1621.54,-0.3744230333326693,0.9021589988877721,0.21428143371691227,-0.8733422097128266,-0.2654549536542417,-0.40842019087496345,-0.3115778824690224,-0.34006294756447236,0.8872859825613627,0.6455000000000001
1,1787600104.568206,11842,132.99,21.55,-1621.56,-0.37440358264522666,0.902123179523428,0.21446614247698942,-0.8731750402805654,-0.26516381169949516,-0.4089663824766382,-0.31206939345833357,-0.340384961376874,0.8869897247065559,0.6426000000000001
1,1787600104.6280735,11845,133.0,21.55,-1621.56,-0.3744230333326693,0.9021589988877721,0.21428143371691227,-0.8733422097128266,-0.2654549536542417,-0.40842019087496345,-0.3115778824690224,-0.34006294756447236,0.8872859825613627,0.65
1,1787600104.6889863,11851,133.0,21.55,-1621.57,-0.3741152202933885,0.9024098270755002,0.21376226501044357,-0.8733206744239927,-0.2652699377522052,-0.40858641650030864,-0.3120076947263511,-0.3395414026632199,0.8873346799877944,0.6552
1,1787600104.7495613,11854,132.99,21.55,-1621.53,-0.37414333340821526,0.9024039865381442,0.2137377157786005,-0.8735401208233536,-0.26555624634038133,-0.40793079969711443,-0.3113589943748369,-0.33933305926430374,0.88764218664517,0.653
1,1787600104.8106363,11857,132.99,21.55,-1621.54,-0.37440615338209793,0.9022420903961017,0.21396084367774754,-0.8732373124198778,-0.2654639749553797,-0.40863856181055436,-0.3118920141769097,-0.33983538414732817,0.8872628038941497,0.6541
1,1787600104.8719342,11860,133.0,21.55,-1621.55,-0.3742021953956934,0.9023313965418743,0.21394103808253784,-0.873445682799648,-0.2654372204357272,-0.4082103884102066,-0.31155313537131984,-0.33961909961329584,0.8874646533908571,0.6382
1,1787600104.9337077,11863,132.99,21.55,-1621.58,-0.3743991039350354,0.9022531333521682,0.21392660967920174,-0.8729174865177727,-0.2651223213682993,-0.40954269184515885,-0.3127944575981759,-0.3400726952704071,0.8868540969220269,0.6351
1,1787600104.9934576,11869,133.0,21.55,-1621.55,-0.3744271339231985,0.9022472973330026,0.21390216417173538,-0.8731375370817472,-0.26540891263617694,-0.4088874544811848,-0.31214605991567473,-0.3398645664799068,0.8871622815080369,0.6454000000000001
1,1787600105.0490198,11872,133.0,21.55,-1621.55,-0.3743361581833314,0.902237494127885,0.21410265030208922,-0.8732171480582376,-0.26528758875288155,-0.40879616875738933,-0.3120324550645043,-0.33998529298120644,0.8871559882810357,0.6345000000000001
1,1787600105.0996838,11875,132.99,21.55,-1621.55,-0.37443561476204124,0.9022057611455018,0.2140624557311208,-0.8731900281989727,-0.2654043798759647,-0.4087782892920458,-0.3119890143124421,-0.33997835180864144,0.8871739261553117,0.6554
1,1787600105.1605175,11878,132.99,21.55,-1621.53,-0.37435715731544783,0.9022427038476755,0.2140439723989745,-0.8731173251623228,-0.2652325043601313,-0.40904505269254143,-0.31228649549426274,-0.34001444378803797,0.8870554225906199,0.6491
1,1787600105.2212813,11881,133.0,21.55,-1621.56,-0.37439929020306334,0.9020347139440269,0.21484540101049407,-0.8733797412711111,-0.2652099790098957,-0.40849907536098296,-0.31150120229727807,-0.34058338461159304,0.8871132729780691,0.6264000000000001
1,1787600105.2821445,11884,132.99,21.55,-1621.57,-0.3746413041668153,0.9018671211751678,0.21512691360079386,-0.8731765154316036,-0.2651722942715837,-0.4089577328397979,-0.3117798359594645,-0.3410562271737027,0.8868336844048773,0.6381
1,1787600105.3426669,11890,133.0,21.55,-1621.54,-0.37431514183602255,0.9022322877646143,0.21416132589080697,-0.8733169066402271,-0.265342668400362,-0.4085472419470242,-0.3117783750817609,-0.33995612546504533,0.8872564891789585,0.6439
1,1787600105.4032362,11893,132.99,21.55,-1621.55,-0.37451539446985166,0.9019197009411593,0.21512571291991395,-0.8734574278179525,-0.2653178750261267,-0.4082628405589552,-0.311143602046929,-0.3408038706438506,0.8871540907077146,0.6347
1,1787600105.4485965,11896,133.0,21.55,-1621.57,-0.37445249427948424,0.9021226331006937,0.21438303192030844,-0.8732949599746163,-0.26539535826778576,-0.4085599303564253,-0.31167489858955005,-0.3402059062646985,0.8871971026394355,0.6418
1,1787600105.5096335,11899,133.0,21.55,-1621.56,-0.3742146108992705,0.9021600371925421,0.21464084486010154,-0.8737546550439103,-0.26547437344654756,-0.40752442850982556,-0.31067060977602073,-0.34004503280582343,0.8876109214545986,0.6409
1,1787600105.5697591,11902,132.99,21.55,-1621.56,-0.3743361581833314,0.902237494127885,0.21410265030208922,-0.8732171480582376,-0.26528758875288155,-0.40879616875738933,-0.3120324550645043,-0.33998529298120644,0.8871559882810357,0.6547000000000001
1,1787600105.6305585,11905,133.0,21.55,-1621.55,-0.3742106202266184,0.902289883046414,0.21410132802413445,-0.873498083063958,-0.26543271704660265,-0.40810117814685215,-0.311396067080495,-0.3397328946000764,0.8874762248834913,0.6537000000000001
1,1787600105.6895607,11911,132.99,21.55,-1621.55,-0.37439757359819675,0.9020654270831345,0.21471940328043243,-0.8736461247440707,-0.26555621958910713,-0.40770374410496846,-0.31075537904186085,-0.34023206712310944,0.8875095689048572,0.6516000000000001
1,1787600105.749226,11914,133.0,21.55,-1621.56,-0.3744398037267247,0.9020758331618751,0.21460201446025787,-0.873447039696519,-0.2654459909043605,-0.4082017819145201,-0.31126371814022774,-0.34029048934419404,0.8873090107912855,0.6459
1,1787600105.8092964,11917,133.0,21.55,-1621.57,-0.3746354764438834,0.902028019912794,0.21446144427814723,-0.8731862435517181,-0.26547706447664415,-0.40873917393480114,-0.3117595930548158,-0.340392978084255,0.8870955848211779,0.6351
1,1787600105.8705163,11920,133.0,21.54,-1621.55,-0.37437409263874044,0.902159563556421,0.2143645508114804,-0.8732223420785081,-0.26522345029073074,-0.40882669031119456,-0.31197240271511995,-0.340242036349961,0.8870786755663709,0.6429
1,1787600105.931078,11923,132.99,21.54,-1621.56,-0.3746245307274827,0.9019504923901478,0.21480635524672817,-0.8730714850487655,-0.26518126067460435,-0.40917610020842005,-0.31209396497202063,-0.34082870809865445,0.8868106611694775,0.6422
1,1787600105.9909482,11929,132.99,21.55,-1621.55,-0.3744230333326693,0.9021589988877721,0.21428143371691227,-0.8733422097128266,-0.2654549536542417,-0.40842019087496345,-0.3115778824690224,-0.34006294756447236,0.8872859825613627,0.6466000000000001
1,1787600106.051111,11932,133.0,21.55,-1621.56,-0.37435715731544783,0.9022427038476755,0.2140439723989745,-0.8731173251623228,-0.2652325043601313,-0.40904505269254143,-0.31228649549426274,-0.34001444378803797,0.8870554225906199,0.6471
1,1787600106.0965388,11935,132.99,21.55,-1621.53,-0.3742316410118562,0.902295079593295,0.2140426784716134,-0.8733984442453409,-0.26537767791512895,-0.40835015079486886,-0.31165018282585893,-0.3397620894186156,0.8873758426611044,0.6483
1,1787600106.1574838,11938,132.99,21.55,-1621.55,-0.37437409263874044,0.902159563556421,0.2143645508114804,-0.8732223420785081,-0.26522345029073074,-0.40882669031119456,-0.31197240271511995,-0.340242036349961,0.8870786755663709,0.6389
1,1787600106.2181566,11941,132.99,21.55,-1621.54,-0.374214709634687,0.902378087452536,0.21372210549807488,-0.8732935587521614,-0.2653867289129672,-0.4085685307985191,-0.31196427894073403,-0.3395344922130572,0.8873525890324597,0.6522
1,1787600106.2634933,11944,133.0,21.55,-1621.57,-0.3744481478375457,0.9020342224727266,0.21476230132184476,-0.8734994294387597,-0.26544153148748445,-0.4080925631909263,-0.31110662376618226,-0.3404042521027053,0.8873204684888121,0.6432
1,1787600106.3227723,11947,132.99,21.55,-1621.55,-0.3746817257647878,0.9019083382604022,0.21488358186301867,-0.8732439098120707,-0.2654084534436965,-0.4086605275980954,-0.31154241822591167,-0.3407634109128877,0.8870296609634686,0.6275000000000001
1,1787600106.3824728,11950,133.0,21.55,-1621.56,-0.37436563867112777,0.9022011429818518,0.21420426276010263,-0.8731698420302204,-0.26522797000424037,-0.4089358762646657,-0.3121294531941496,-0.3401282427697974,0.887067067881032,0.642
1,1787600106.4422238,11956,132.99,21.54,-1621.56,-0.37436563867112777,0.9022011429818518,0.21420426276010263,-0.8731698420302204,-0.26522797000424037,-0.4089358762646657,-0.3121294531941496,-0.3401282427697974,0.887067067881032,0.6498
1,1787600106.5031395,11959,133.0,21.54,-1621.58,-0.37436143856686455,0.9021127549845879,0.2145835282780685,-0.8733745460048652,-0.2652740740014633,-0.4084685643393645,-0.31156125514085203,-0.34032667094540664,0.8871907017875433,0.6358
1,1787600106.5643768,11962,133.0,21.55,-1621.58,-0.37429347644909156,0.9024450214517705,0.2133011409828053,-0.8729544817621716,-0.26531040616890644,-0.4093419855693135,-0.3128176245977702,-0.339416221821237,0.8870973802833628,0.6555000000000001
1,1787600106.625353,11965,133.0,21.55,-1621.55,-0.37441035294931924,0.902112220863239,0.2145004162549834,-0.8734942419185846,-0.26550556689467886,-0.40806200911505147,-0.31116667067577036,-0.34014751934584236,0.8873978634994714,0.6415000000000001
1,1787600106.6855485,11971,132.99,21.55,-1621.57,-0.37442040798009385,0.9020399284731982,0.2147866977447338,-0.8732800243846188,-0.2651548158957175,-0.408747994023344,-0.31175528399502644,-0.3406125233272783,0.8870128250785355,0.641
1,1787600106.7453492,11974,132.99,21.55,-1621.55,-0.3744230333326693,0.9021589988877721,0.21428143371691227,-0.8733422097128266,-0.2654549536542417,-0.40842019087496345,-0.3115778824690224,-0.34006294756447236,0.8872859825613627,0.6434000000000001
1,1787600106.8068895,11977,133.0,21.55,-1621.56,-0.37441200900735566,0.902081563275273,0.2146264212764021,-0.8732275407448822,-0.26515930647562463,-0.4088571930075477,-0.3119123428075926,-0.34049874506113176,0.8870012936947012,0.6398
1,1787600106.8686314,11980,133.0,21.55,-1621.56,-0.37418526358463083,0.9024143678556704,0.21362045127691068,-0.8733408317929674,-0.26544627112582125,-0.40842878041167074,-0.3118672474615891,-0.33939149346005654,0.887441397573769,0.6527000000000001
1,1787600106.9275124,11983,133.0,21.55,-1621.58,-0.3743066874344724,0.902273830649358,0.21400102398625534,-0.8732644410745024,-0.26534718780635136,-0.40865643990777617,-0.31193544155268604,-0.3398423229213726,0.8872448793060099,0.6356
1,1787600106.989945,11989,133.0,21.55,-1621.57,-0.3743446123679572,0.9021959329715662,0.21426294528137357,-0.873269630866621,-0.2652830691931402,-0.40868697679953414,-0.31187539658837987,-0.340099091044114,0.8871675970603345,0.6575000000000001
1,1787600107.0502002,11992,133.0,21.55,-1621.56,-0.37422738773421005,0.9022068003891175,0.2144219009365884,-0.8736028330972481,-0.26542375418289593,-0.40788272912679097,-0.3110819060538409,-0.3399604683593205,0.8874992550300088,0.6486000000000001
1,1787600107.0950925,11995,132.99,21.54,-1621.57,-0.37466891341910696,0.9018614481391465,0.21510261197323335,-0.8733959960786352,-0.2654591977580725,-0.40830239817989006,-0.3111312252911216,-0.3408479759159532,0.887141487003535,0.6385000000000001
1,1787600107.1552827,11998,133.0,21.54,-1621.54,-0.3745231146868895,0.90223126413602,0.2138017366177144,-0.8729034000144913,-0.2653232945845034,-0.40944255225118675,-0.3126852903613664,-0.3399739627770696,0.8869304447504797,0.6466000000000001
1,1787600107.2162936,12001,132.99,21.55,-1621.52,-0.3741178933160744,0.9025283060034017,0.21325679066180314,-0.8733829225596259,-0.2655698434057755,-0.40825840941080227,-0.3118301981559014,-0.3389916151412327,0.8876072399332882,0.6594
1,1787600107.261187,12004,133.0,21.55,-1621.58,-0.37423573040886804,0.9021652312315879,0.21458218388812375,-0.8736551828593263,-0.2654192947093873,-0.40777349038284544,-0.3109248133365655,-0.34007424711793005,0.8875107136811335,0.6364000000000001
1,1787600107.320625,12007,132.99,21.55,-1621.55,-0.3743781392326039,0.9022479169228239,0.21398529218887485,-0.8730174379747435,-0.2651774152294808,-0.4092938937294648,-0.3125404963468702,-0.34004357788471257,0.8869547921301375,0.6477
1,1787600107.3812308,12010,133.0,21.55,-1621.56,-0.3742568327047595,0.9021704286326878,0.21452352056246446,-0.8735556462873003,-0.2653642112044336,-0.40802250949111374,-0.31117897746052653,-0.3401034447231625,0.8874104410440865,0.6382
1,1787600107.4302049,12013,133.0,21.55,-1621.57,-0.37439767232564425,0.9022836083132991,0.2138005451963868,-0.8731848385410741,-0.26546850756132034,-0.4087477330030875,-0.3120490677748254,-0.3397215943420405,0.887251158150027,0.6381
1,1787600107.4779358,12016,132.99,21.55,-1621.53,-0.374382519217273,0.9021179655735364,0.2145248365434461,-0.8732748253037249,-0.26521894522014394,-0.40871749483850495,-0.31181534406644784,-0.34035582452160024,0.887090245645247,0.6567000000000001
1,1787600107.533193,12019,133.0,21.54,-1621.58,-0.3743767017415811,0.9022784050201699,0.21385921777504438,-0.8732845836261367,-0.2655235503336845,-0.4084988129959751,-0.3117949986674266,-0.339692396224075,0.8873516522515331,0.6469
1,1787600107.5781934,12022,132.99,21.55,-1621.54,-0.37434864857271666,0.9022842461517419,0.21388367973775782,-0.8730647914782779,-0.26523705335786046,-0.4091542195884466,-0.3124435296061866,-0.3399006394116118,0.8870437396965302,0.6438
1,1787600107.6298146,12025,133.0,21.55,-1621.53,-0.37440358264522666,0.902123179523428,0.21446614247698942,-0.8731750402805654,-0.26516381169949516,-0.4089663824766382,-0.31206939345833357,-0.340384961376874,0.8869897247065559,0.639
1,1787600107.6779659,12028,133.0,21.55,-1621.58,-0.3744146070514438,0.9022005539202094,0.21412113985447653,-0.8732897694782814,-0.26545945698617307,-0.40852938109905435,-0.31173495240521737,-0.33994916855711466,0.8872744120317251,0.6389
1,1787600107.7304034,12031,133.0,21.55,-1621.56,-0.37435715731544783,0.9022427038476755,0.2140439723989745,-0.8731173251623228,-0.2652325043601313,-0.40904505269254143,-0.31228649549426274,-0.34001444378803797,0.8870554225906199,0.6401
1,1787600107.7901893,12037,132.99,21.55,-1621.55,-0.37435715731544783,0.9022427038476755,0.2140439723989745,-0.8731173251623228,-0.2652325043601313,-0.40904505269254143,-0.31228649549426274,-0.34001444378803797,0.8870554225906199,0.6456000000000001
1,1787600107.851134,12040,132.99,21.55,-1621.55,-0.37437409263874044,0.902159563556421,0.2143645508114804,-0.8732223420785081,-0.26522345029073074,-0.40882669031119456,-0.31197240271511995,-0.340242036349961,0.8870786755663709,0.6467
1,1787600107.9111726,12043,132.99,21.55,-1621.53,-0.37444406821447407,0.9021642064006818,0.2142227449838654,-0.873242502497749,-0.2653998617529873,-0.40866911458166755,-0.31183196053397616,-0.3400921317392144,0.8871855331995746,0.6478
1,1787600107.9718218,12046,133.0,21.55,-1621.56,-0.37436563867112777,0.9022011429818518,0.21420426276010263,-0.8731698420302204,-0.26522797000424037,-0.4089358762646657,-0.3121294531941496,-0.3401282427697974,0.887067067881032,0.6443
1,1787600108.0319219,12049,132.99,21.55,-1621.53,-0.3743361581833314,0.902237494127885,0.21410265030208922,-0.8732171480582376,-0.26528758875288155,-0.40879616875738933,-0.3120324550645043,-0.33998529298120644,0.8871559882810357,0.64
1,1787600108.0779166,12052,133.0,21.54,-1621.56,-0.3746117992930354,0.9019035905338412,0.21502537806640432,-0.8732237939104524,-0.26523198601186165,-0.40881805163769314,-0.31168286057958094,-0.3409133423296442,0.8869227065773886,0.6325000000000001
