Tool ID,Timestamp,Frame #,Tx,Ty,Tz,R00,R01,R02,R10,R11,R12,R20,R21,R22,Tracking Quality
1,1784433129.149779,92,-88.21000000000001,52.230000000000004,-2156.67,0.9094330753894658,0.4158428251711719,0.002495223700678456,-0.41013661049207767,0.8959302543178228,0.1705782522248106,0.06869819591319729,-0.15615288710638525,0.9853409733318779,0.17250000000000001
1,1784433129.2024496,95,-88.22,52.230000000000004,-2156.61,0.9094180900762975,0.41585853316631727,0.004518609823634086,-0.41041638410687653,0.8956551273198663,0.1713484302883187,0.06720959082315539,-0.1576818737153801,0.9852001307363855,0.157
1,1784433129.261166,98,-88.23,52.22,-2156.53,0.9093759243691297,0.4159627855820252,0.0032232264321369066,-0.4103376908042647,0.8957531292499977,0.17102429928013255,0.06825252876790996,-0.15684799153855555,0.9852615388144951,0.15480000000000002
1,1784433129.3251884,101,-88.23,52.230000000000004,-2156.57,0.9093172796376149,0.4160986894038811,0.001991388666324306,-0.41021622314419404,0.895639355327628,0.17190926518842448,0.06974765387997421,-0.15713696530315116,0.9851107749454149,0.1593
1,1784433129.38559,104,-88.24,52.230000000000004,-2156.55,0.9093424961831182,0.41604235500975406,0.0022323694571451547,-0.4103163273521767,0.8959137137196205,0.17023257349091273,0.0688239503637852,-0.1557156909468517,0.9854013839290401,0.163
1,1784433129.431551,107,-88.23,52.24,-2156.57,0.9093646195702993,0.4159900432880951,0.0028762056487038716,-0.41029095580333996,0.8957218841147142,0.17129984793912761,0.06868275081668339,-0.1569541022183086,0.9852147428541141,0.1557
1,1784433129.4915705,113,-88.22,52.230000000000004,-2156.55,0.9093339199568706,0.41606242372111324,0.0019701733894798143,-0.4102489940685476,0.8958190361598066,0.17089182929403085,0.06933674986337772,-0.15620599867171614,0.985287826524491,0.1582
1,1784433129.5515335,116,-88.23,52.230000000000004,-2156.58,0.9093872787263153,0.41593491090141477,0.0035954393582667463,-0.4104431532338035,0.8959112724349265,0.16993943005530895,0.06746254704826476,-0.15601647931376636,0.9854479503902263,0.1575
1,1784433129.6080189,119,-88.24,52.230000000000004,-2156.55,0.9094058122360006,0.4158891793761729,0.004154413218936649,-0.4104387998199569,0.8957833237896085,0.17062305946968295,0.06723883010384384,-0.15687073435875495,0.9853276167996163,0.15430000000000002
1,1784433129.6733181,122,-88.23,52.230000000000004,-2156.57,0.9093935236231109,0.4159195280516821,0.0037901685461979476,-0.4104612388593335,0.8959109319993489,0.1698975377046976,0.06726805026462186,-0.1560594377451234,0.9854544440532359,0.1521
1,1784433129.7329364,125,-88.23,52.22,-2156.55,0.9093853390437293,0.4159399429955129,0.0035027065550599827,-0.4103354204949976,0.895688853155022,0.17136604395572305,0.06814064733706975,-0.15727505255039895,0.985201202813798,0.1617
1,1784433129.7924793,131,-88.23,52.230000000000004,-2156.57,0.909413547012365,0.4158695624081755,0.0044167378031716355,-0.4105053691741563,0.895878160800254,0.1699637104806326,0.06672587496300815,-0.15638039539401116,0.9854404241489356,0.1534
1,1784433129.852534,134,-88.23,52.24,-2156.53,0.9093600428316252,0.4160009079507609,0.0027490153523828335,-0.4103218151582312,0.8958176107903404,0.1707243866679296,0.06855888349819794,-0.15637791654203897,0.9853149885754565,0.153
1,1784433129.89745,137,-88.23,52.22,-2156.54,0.9092544463519926,0.4162329273971258,0.002549890105515612,-0.41045881228539766,0.895589812742039,0.1715880261846382,0.06913693084301514,-0.15706380061331265,0.9851654923567458,0.1557
1,1784433129.95747,140,-88.23,52.230000000000004,-2156.54,0.9093920074599589,0.41592322715831476,0.0037477830992785942,-0.41047136799234196,0.8959426572182257,0.16970565999765652,0.0672267270246118,-0.15586732847828558,0.9854876676481552,0.1547
1,1784433130.0179503,143,-88.24,52.22,-2156.56,0.9093886039149041,0.4159318644299311,0.003612647442371365,-0.4103740991496244,0.8957524369803651,0.17094054636297054,0.0678635824049664,-0.15693392174918108,0.9852747222920042,0.16140000000000002
1,1784433130.063215,146,-88.24,52.24,-2156.58,0.9093683151157719,0.41598100892021683,0.0030112590755997145,-0.4103888478115351,0.8959123062210596,0.17006508505152593,0.06804602159878662,-0.15588758699582397,0.9854282313619783,0.16790000000000002
1,1784433130.1186783,149,-88.24,52.22,-2156.59,0.9094011308604384,0.41590090959148146,0.004002073304476677,-0.4104104751421437,0.895751753042302,0.17085677866342588,0.06747462547770047,-0.15701984053813509,0.9852877471043792,0.1668
1,1784433130.1683116,152,-88.23,52.230000000000004,-2156.55,0.9093964132938319,0.4159126627012171,0.0038497393545240967,-0.4103820951816902,0.8957201477310225,0.1710904816259553,0.06771040867252448,-0.157168934441571,0.9852477995935341,0.1567
1,1784433130.2141023,155,-88.23,52.22,-2156.56,0.9093901308465037,0.41592815566328956,0.003655030165859867,-0.410363883479152,0.8957204908408527,0.17113236229226408,0.06790488240832117,-0.157125973710129,0.9852412675739662,0.154
1,1784433130.2747247,158,-88.23,52.230000000000004,-2156.55,0.9093664781817049,0.41598550794327577,0.002943729025870682,-0.4103400002224279,0.8958172596516699,0.17068251676030108,0.06836441016245796,-0.15642088892263534,0.9853216799257956,0.1552
1,1784433130.334353,161,-88.23,52.230000000000004,-2156.55,0.9093886039149041,0.4159318644299311,0.003612647442371365,-0.4103740991496244,0.8957524369803651,0.17094054636297054,0.0678635824049664,-0.15693392174918108,0.9852747222920042,0.17250000000000001
1,1784433130.3806617,164,-88.24,52.230000000000004,-2156.57,0.9094960999677951,0.4156887154950006,0.004442516571343574,-0.410317983237226,0.895926819292043,0.1701595930454058,0.06675325292078076,-0.1565823306869554,0.9854065033990465,0.15330000000000002
1,1784433130.441352,170,-88.23,52.230000000000004,-2156.55,0.9093996058906969,0.4159046496716739,0.003959695357889268,-0.4104206436225172,0.8957836625361832,0.17066495018526817,0.06743331590782006,-0.15682777915517232,0.9853211636775762,0.1656
1,1784433130.5016847,173,-88.23,52.24,-2156.55,0.9093792344341148,0.4159546826562979,0.0033331601104609897,-0.41037634609273815,0.8958165636190605,0.1705987658610443,0.06797545547914147,-0.1565068251611943,0.9853349436259565,0.1633
1,1784433130.5613296,176,-88.23,52.230000000000004,-2156.61,0.9093728753827904,0.4159700995115081,0.0031384439491206925,-0.4103581772009875,0.8958169105945625,0.17064064315718075,0.06816993415222472,-0.15646385846322278,0.9853283316095615,0.1607
1,1784433130.6223292,179,-88.23,52.230000000000004,-2156.58,0.9093996058906969,0.4159046496716739,0.003959695357889268,-0.4104206436225172,0.8957836625361832,0.17066495018526817,0.06743331590782006,-0.15682777915517232,0.9853211636775762,0.1607
1,1784433130.682032,182,-88.23,52.22,-2156.56,0.9092675253326917,0.416205138353388,0.0024187152787455432,-0.41045237660142325,0.895705966834725,0.1709961038120862,0.06900299933775296,-0.15647397158923096,0.9852687360804088,0.1608
1,1784433130.7427692,188,-88.23,52.230000000000004,-2156.53,0.9094135051997216,0.4158699210734431,0.0043915039250754075,-0.4104468187724541,0.8957510774361357,0.1707729962013141,0.06708565807926459,-0.15710574788456974,0.9853006132453699,0.1608
1,1784433130.8027282,191,-88.23,52.230000000000004,-2156.52,0.909382513800406,0.41594661754316914,0.0034431015742869093,-0.4104148831779175,0.8958798530659813,0.1701731839525014,0.06769835492913108,-0.1561656179345253,0.9854081552915103,0.16290000000000002
1,1784433130.848381,194,-88.23,52.230000000000004,-2156.57,0.9094058122360006,0.4158891793761729,0.004154413218936649,-0.4104387998199569,0.8957833237896085,0.17062305946968295,0.06723883010384384,-0.15687073435875495,0.9853276167996163,0.15860000000000002
1,1784433130.9095523,197,-88.23,52.230000000000004,-2156.58,0.9094211615736468,0.41585060665483886,0.0046285879965323245,-0.4104548610910049,0.8957187961274765,0.17092292201664508,0.06693248754381555,-0.15734074872310339,0.9852735310067202,0.15610000000000002
1,1784433130.9705133,200,-88.23,52.230000000000004,-2156.57,0.909413547012365,0.4158695624081755,0.0044167378031716355,-0.4105053691741563,0.895878160800254,0.1699637104806326,0.06672587496300815,-0.15638039539401116,0.9854404241489356,0.1542
1,1784433131.0304165,203,-88.23,52.230000000000004,-2156.54,0.9094119804283848,0.415873700661533,0.0043491322588226165,-0.410456947925208,0.895782987125446,0.17058116506969986,0.06704434169448015,-0.15691368670289635,0.9853340302517006,0.15360000000000001
1,1784433131.0905328,209,-88.23,52.230000000000004,-2156.58,0.9094226795365655,0.415846528884206,0.004696206925870057,-0.4105033018060866,0.8958141930789467,0.1703055215916872,0.06661403118588727,-0.15680751223481884,0.9853801169883087,0.1517
1,1784433131.151502,212,-88.23,52.230000000000004,-2156.55,0.9093868695984982,0.4159362375927946,0.003545089419823373,-0.41032516943984754,0.8956568334400702,0.17155783874911384,0.06818193841483683,-0.15746708535200898,0.9851676711630051,0.1582
1,1784433131.211237,215,-88.23,52.230000000000004,-2156.55,0.909268640207143,0.41619922863035363,0.0029566912844915124,-0.4104253426349585,0.8954289759166287,0.1725050353232468,0.06914895558741335,-0.15806691993075697,0.9850041983488059,0.1495
1,1784433131.2722323,218,-88.23,52.230000000000004,-2156.53,0.9094475061970649,0.41580844849957377,0.002927051129909089,-0.4101627011996343,0.8958977126772103,0.17068639947096725,0.06835050853182657,-0.1564308875386201,0.9853210570201576,0.1532
1,1784433131.331159,221,-88.24,52.230000000000004,-2156.56,0.9094042891266096,0.4158929310178665,0.00411203690327688,-0.4104489407682419,0.8958151965339288,0.17043121979586556,0.06719751439118903,-0.15667866347478998,0.9853609950020344,0.15810000000000002
1,1784433131.3911598,227,-88.23,52.230000000000004,-2156.53,0.9093232265886029,0.4160699745470857,0.004128664055085102,-0.4106262154185856,0.8957347109121577,0.17042722458023662,0.06721146328939445,-0.15666877144951558,0.9853616164916298,0.1552
1,1784433131.4512696,230,-88.24,52.230000000000004,-2156.56,0.9094392057794222,0.4158039129823672,0.005238028240252326,-0.4105676050535428,0.8958450448284653,0.1699879329154957,0.06598918602234562,-0.15674425541255732,0.9854322227952926,0.1688
1,1784433131.496061,233,-88.24,52.230000000000004,-2156.6,0.9093585207755134,0.4160045131063289,0.0027066156241163067,-0.4103320858868794,0.8958494459861142,0.17053254650680422,0.06851758887098351,-0.1561858354702466,0.9853483266407714,0.1822
1,1784433131.557148,236,-88.23,52.230000000000004,-2156.55,0.9093842479629046,0.4159422613995126,0.003510660735841043,-0.41046344296508097,0.8959746858103774,0.16955566748489198,0.06737990461698776,-0.15563225105631243,0.9855143585381954,0.158
1,1784433131.6171274,239,-88.23,52.230000000000004,-2156.59,0.9093988857978226,0.41590121240928934,0.004455112362460707,-0.4104050468495444,0.8955388474005592,0.17198218023068945,0.06753787108061861,-0.15822880367670494,0.9850899865783515,0.1584
1,1784433131.6634,242,-88.24,52.230000000000004,-2156.55,0.9094012481910767,0.41590040972122533,0.004027279755437889,-0.4104691990552551,0.8958788314647593,0.17004751089114645,0.06711487477041896,-0.1562944929517803,0.9854276356270393,0.1569
1,1784433131.7221806,245,-88.23,52.230000000000004,-2156.55,0.9093996058906969,0.4159046496716739,0.003959695357889268,-0.4104206436225172,0.8957836625361832,0.17066495018526817,0.06743331590782006,-0.15682777915517232,0.9853211636775762,0.1643
1,1784433131.7821033,248,-88.23,52.230000000000004,-2156.56,0.909356468068041,0.41600580584890307,0.0031596649858103495,-0.4103260666800018,0.8956372133421617,0.17165809354529613,0.0685808499928113,-0.15739489056729794,0.9851515190251557,0.1529
1,1784433131.8283517,251,-88.23,52.230000000000004,-2156.56,0.9093466262745163,0.4160295206418389,0.0028550372461697065,-0.41026879626365476,0.8955737580861033,0.17212541543858528,0.06905235763916401,-0.15769299851945104,0.9850709061394604,0.15360000000000001
1,1784433131.8875778,257,-88.23,52.22,-2156.5,0.9095228323738412,0.4156268992626277,0.00474320566694941,-0.4103367629620935,0.8960099755187287,0.16967576353951586,0.06627185188642418,-0.1562702926990941,0.9854885272124091,0.1597
1,1784433131.947389,260,-88.23,52.230000000000004,-2156.57,0.9093996058906969,0.4159046496716739,0.003959695357889268,-0.4104206436225172,0.8957836625361832,0.17066495018526817,0.06743331590782006,-0.15682777915517232,0.9853211636775762,0.1549
1,1784433132.0072289,263,-88.24,52.230000000000004,-2156.55,0.9094696309526056,0.41575480689786626,0.0035959583214324564,-0.41019680576758333,0.8958328853520946,0.1709444999402214,0.06784961984420435,-0.15694388189113578,0.9852740974084004,0.1549
1,1784433132.0670698,266,-88.24,52.230000000000004,-2156.58,0.9093942168906116,0.4159130250670367,0.004302774163027267,-0.4103765231948861,0.8955070137295241,0.17221584587867383,0.06777364898239269,-0.15837785180010677,0.9850498406490887,0.1537
1,1784433132.1120784,269,-88.22,52.230000000000004,-2156.54,0.9093520471736669,0.416019884932221,0.00251190008615266,-0.41031391240059994,0.8958497991043007,0.1705744140699209,0.06871206292619958,-0.15614286018184004,0.9853415953986011,0.1705
1,1784433132.1719198,272,-88.23,52.230000000000004,-2156.52,0.9092963955320682,0.41613614518991343,0.003282337409209129,-0.4105047037532532,0.8956407070680917,0.17121218425983092,0.06830778336941111,-0.1570300369644222,0.985228711631015,0.16440000000000002
1,1784433132.2317853,275,-88.23,52.230000000000004,-2156.57,0.9093606019718928,0.4160026644292949,0.0022536124431824143,-0.41033803206607533,0.8960602763925376,0.1694068490689488,0.06845432799653442,-0.154976657142476,0.9855436269995796,0.16790000000000002
1,1784433132.2916257,281,-88.24,52.230000000000004,-2156.58,0.9093683151157719,0.41598100892021683,0.0030112590755997145,-0.4103888478115351,0.8959123062210596,0.17006508505152593,0.06804602159878662,-0.15588758699582397,0.9854282313619783,0.18080000000000002
1,1784433132.3514576,284,-88.23,52.230000000000004,-2156.56,0.9093777126849789,0.415958347080796,0.0032907697652641635,-0.410386557831402,0.8958483991172407,0.17040692166215096,0.06793415063963967,-0.15631474432339765,0.9853682823614639,0.1651
1,1784433132.3963459,287,-88.23,52.230000000000004,-2156.54,0.9093838102497258,0.4159436402038586,0.0034603221892745323,-0.41034566368887376,0.8957208360341785,0.17117423925921155,0.0680993535022781,-0.1570830101194752,0.9852346958894498,0.1739
1,1784433132.45619,290,-88.24,52.230000000000004,-2156.57,0.9093664781817049,0.41598550794327577,0.002943729025870682,-0.4103400002224279,0.8958172596516699,0.17068251676030108,0.06836441016245796,-0.15642088892263534,0.9853216799257956,0.157
1,1784433132.5159986,293,-88.23,52.230000000000004,-2156.53,0.9094539039411205,0.41579303882066376,0.003121774260446937,-0.4101808783555217,0.8958973638748535,0.1706445441072785,0.06815602422198536,-0.15647383893279496,0.9853277089841155,0.1593
1,1784433132.560906,296,-88.23,52.230000000000004,-2156.53,0.9093683151157719,0.41598100892021683,0.0030112590755997145,-0.4103888478115351,0.8959123062210596,0.17006508505152593,0.06804602159878662,-0.15588758699582397,0.9854282313619783,0.17
1,1784433132.6213086,299,-88.23,52.230000000000004,-2156.54,0.909382513800406,0.41594661754316914,0.0034431015742869093,-0.4104148831779175,0.8958798530659813,0.1701731839525014,0.06769835492913108,-0.1561656179345253,0.9854081552915103,0.1663
1,1784433132.6811492,302,-88.23,52.22,-2156.5,0.9093870787443145,0.4159355650018753,0.003570263219001978,-0.41038430695574657,0.8957843462764077,0.1707487205533344,0.06782227965303006,-0.15674186018010577,0.9853081384267293,0.16340000000000002
1,1784433132.7264893,305,-88.23,52.230000000000004,-2156.56,0.9094150664030317,0.41586578763998067,0.004459110869679343,-0.410495283300755,0.8958463615688246,0.17015557249685273,0.06676720292930126,-0.15657248524078968,0.9854071227053924,0.1558
1,1784433132.7863011,311,-88.23,52.230000000000004,-2156.52,0.909412828207084,0.41587673228444055,0.0038537561947278786,-0.41047213713650155,0.8960259066789089,0.1692636972148252,0.06693976790358395,-0.1555124371381747,0.9855632650258224,0.1585
1,1784433132.8462625,314,-88.22,52.22,-2156.53,0.9093628659421329,0.415990295759425,0.003354382133399555,-0.41034434564337374,0.895636863643203,0.17161621858635057,0.06838637323343132,-0.15743786811740293,0.9851581708734011,0.1605
1,1784433132.9062824,317,-88.23,52.230000000000004,-2156.54,0.9094012481910767,0.41590040972122533,0.004027279755437889,-0.4104691990552551,0.8958788314647593,0.17004751089114645,0.06711487477041896,-0.1562944929517803,0.9854276356270393,0.1595
1,1784433132.9663634,320,-88.23,52.230000000000004,-2156.4900000000002,0.9094899692125085,0.41570416434155893,0.004247781881996526,-0.4102998823585765,0.8959271534363251,0.17020147552833445,0.06694775902425104,-0.15653939914465642,0.9854001289207655,0.1723
1,1784433133.0112946,323,-88.23,52.230000000000004,-2156.55,0.9094012481910767,0.41590040972122533,0.004027279755437889,-0.4104691990552551,0.8958788314647593,0.17004751089114645,0.06711487477041896,-0.1562944929517803,0.9854276356270393,0.15940000000000001
1,1784433133.0718062,326,-88.24,52.230000000000004,-2156.52,0.909347057687575,0.41603168268952895,0.0023595918013795984,-0.4102854207776193,0.8958183193122015,0.17080811538681137,0.06894782209962765,-0.1562919632712492,0.9853014868782735,0.1608
1,1784433133.1318364,329,-88.23,52.230000000000004,-2156.56,0.9093964132938319,0.4159126627012171,0.0038497393545240967,-0.4103820951816902,0.8957201477310225,0.1710904816259553,0.06771040867252448,-0.157168934441571,0.9852477995935341,0.1612
1,1784433133.176821,332,-88.23,52.230000000000004,-2156.53,0.9094012481910767,0.41590040972122533,0.004027279755437889,-0.4104691990552551,0.8958788314647593,0.17004751089114645,0.06711487477041896,-0.1562944929517803,0.9854276356270393,0.1622
1,1784433133.2367978,338,-88.23,52.230000000000004,-2156.53,0.9094120293828528,0.41587332898385515,0.0043743632276793025,-0.41051544717393884,0.8959099231725878,0.1697718386319382,0.06668454427633483,-0.1561882959788411,0.9854736869921407,0.1597
1,1784433133.2968194,341,-88.23,52.230000000000004,-2156.52,0.9094429495072875,0.4158192901871897,0.0027999106605150624,-0.41019342318559676,0.8959931160986211,0.1701108211700972,0.06822666023459717,-0.15585459188649045,0.985420960311444,0.1615
1,1784433133.3567982,344,-88.23,52.230000000000004,-2156.53,0.9093728753827904,0.4159700995115081,0.0031384439491206925,-0.4103581772009875,0.8958169105945625,0.17064064315718075,0.06816993415222472,-0.15646385846322278,0.9853283316095615,0.1774
1,1784433133.4167833,347,-88.23,52.22,-2156.56,0.9094012481910767,0.41590040972122533,0.004027279755437889,-0.4104691990552551,0.8958788314647593,0.17004751089114645,0.06711487477041896,-0.1562944929517803,0.9854276356270393,0.1653
1,1784433133.4623623,350,-88.23,52.230000000000004,-2156.55,0.9093710546108588,0.4159745840171054,0.0030709099190256296,-0.41030919984979275,0.8957215326711512,0.17125798208511872,0.06848828771810145,-0.15699707437095814,0.9852214335287284,0.162
1,1784433133.5222018,353,-88.23,52.230000000000004,-2156.55,0.9095076609915519,0.41566523762459423,0.004269054715756336,-0.41032079355473644,0.8960740447923818,0.16937577343301455,0.06657823198529567,-0.15580024544239382,0.9855422987096,0.1582
1,1784433133.5820415,356,-88.23,52.230000000000004,-2156.56,0.9093022946452942,0.4161169973944057,0.0039976783595848135,-0.41056618440518167,0.8955232807663613,0.17167836738629316,0.06785827271433391,-0.15774884495588815,0.9851449419954965,0.1595
1,1784433133.626784,359,-88.24,52.22,-2156.59,0.9093561754942949,0.4160066354925338,0.003134536101369091,-0.4102664503710535,0.8955090955725858,0.17246709670747284,0.0689404510452646,-0.1581200144603809,0.9850102919445686,0.1623
1,1784433133.6865287,365,-88.23,52.230000000000004,-2156.58,0.9093774515042569,0.41595911632207877,0.003265615436439433,-0.41032743581202924,0.8957211833109587,0.17121611252432165,0.06829382194275235,-0.15704004367221602,0.9852280845407729,0.1575
1,1784433133.7467318,368,-88.23,52.230000000000004,-2156.57,0.9094639497297737,0.4157726295122966,0.002905974939691376,-0.41019449370852124,0.8960764238007127,0.1696688540650147,0.06793968996933616,-0.15549972108320922,0.9854968469101839,0.16870000000000002
1,1784433133.8067062,371,-88.24,52.22,-2156.56,0.9093840336868853,0.4159429415591288,0.0034854902824915735,-0.4104046989709014,0.8958480543229848,0.17036503933708474,0.06773966591277196,-0.15635770826173495,0.9853748549304292,0.15990000000000001
1,1784433133.8666875,374,-88.23,52.230000000000004,-2156.58,0.9093792344341148,0.4159546826562979,0.0033331601104609897,-0.41037634609273815,0.8958165636190605,0.1705987658610443,0.06797545547914147,-0.1565068251611943,0.9853349436259565,0.1525
1,1784433133.9116986,377,-88.23,52.230000000000004,-2156.54,0.9094639497297737,0.4157726295122966,0.002905974939691376,-0.41019449370852124,0.8960764238007127,0.1696688540650147,0.06793968996933616,-0.15549972108320922,0.9854968469101839,0.1552
1,1784433133.9721105,380,-88.24,52.230000000000004,-2156.59,0.9094333067974817,0.4158195281246876,0.0050180192865327145,-0.41049119548877916,0.895718132827735,0.170839120080235,0.06654351143117351,-0.15742663864085474,0.985286158703476,0.1723
1,1784433134.0319204,383,-88.22,52.230000000000004,-2156.54,0.9094150664030317,0.41586578763998067,0.004459110869679343,-0.410495283300755,0.8958463615688246,0.17015557249685273,0.06676720292930126,-0.15657248524078968,0.9854071227053924,0.161
1,1784433134.07678,386,-88.22,52.230000000000004,-2156.51,0.9094444666433588,0.41581568448807166,0.0028422922955537084,-0.4101831903853841,0.8959613518181886,0.17030269044672144,0.06826794575087694,-0.1560467000030456,0.9853876978129547,0.16190000000000002
1,1784433134.1365821,392,-88.23,52.230000000000004,-2156.57,0.9093964132938319,0.4159126627012171,0.0038497393545240967,-0.4103820951816902,0.8957201477310225,0.1710904816259553,0.06771040867252448,-0.157168934441571,0.9852477995935341,0.1605
1,1784433134.1964893,395,-88.23,52.230000000000004,-2156.55,0.9094347490324166,0.4158155520435897,0.005085659350577967,-0.4105395020191702,0.8958135345185462,0.17022170441879889,0.06622502951450508,-0.156893397095206,0.9853926666125179,0.15710000000000002
1,1784433134.2563446,398,-88.23,52.230000000000004,-2156.56,0.9093997303652945,0.41590413678161664,0.003984898928193494,-0.4104793163919751,0.8959105936437395,0.16985564168227965,0.06707355086698796,-0.15610239333482515,0.9854608980417402,0.1582
1,1784433134.3162086,401,-88.22,52.22,-2156.58,0.9092295507475326,0.41629116642029834,0.0018135070630159106,-0.41037516472289093,0.8955592360898548,0.17194731411922667,0.06995604495753222,-0.1570837974285806,0.9851044778901964,0.1718
1,1784433134.361094,404,-88.23,52.230000000000004,-2156.56,0.9093840336868853,0.4159429415591288,0.0034854902824915735,-0.4104046989709014,0.8958480543229848,0.17036503933708474,0.06773966591277196,-0.15635770826173495,0.9853748549304292,0.1723
1,1784433134.4210134,407,-88.23,52.24,-2156.55,0.90934401492222,0.4160388057723587,0.0022747783732830216,-0.4103060330224121,0.8958819524404258,0.17042443063405682,0.06886524370500112,-0.1559077912839535,0.9853681235083721,0.16140000000000002
1,1784433134.481392,410,-88.22,52.230000000000004,-2156.56,0.909402657590957,0.4158971613184877,0.004044449743595551,-0.41040029879531587,0.895719806704729,0.17104859726276173,0.06751593230653145,-0.15721189231119506,0.9852542919473698,0.1515
1,1784433134.526742,413,-88.23,52.230000000000004,-2156.54,0.9094211615736468,0.41585060665483886,0.0046285879965323245,-0.4104548610910049,0.8957187961274765,0.17092292201664508,0.06693248754381555,-0.15734074872310339,0.9852735310067202,0.1617
1,1784433134.5866086,419,-88.23,52.230000000000004,-2156.53,0.9093809956756572,0.41595028532997436,0.0034007113760740814,-0.41042505951654984,0.8959116149504317,0.16998131873163574,0.06765704120627036,-0.15597351804335996,0.9854414170534902,0.1588
1,1784433134.6470265,422,-88.22,52.24,-2156.55,0.9094441171016348,0.4158166204976287,0.0028170884188234153,-0.41012395601096713,0.8958342772067732,0.17111191801663822,0.06862753510904158,-0.15677208265296938,0.9852475706772934,0.1587
1,1784433134.6928687,425,-88.23,52.230000000000004,-2156.52,0.9094057163336039,0.41588964019665375,0.004129198089561838,-0.4103799225063317,0.8956558035136306,0.17143220478092766,0.06759853773168562,-0.1575959669834563,0.9851872658977517,0.1681
1,1784433134.7517135,428,-88.22,52.230000000000004,-2156.56,0.9093809956756572,0.41595028532997436,0.0034007113760740814,-0.41042505951654984,0.8959116149504317,0.16998131873163574,0.06765704120627036,-0.15597351804335996,0.9854414170534902,0.1643
1,1784433134.8121815,431,-88.22,52.22,-2156.57,0.9093100749455936,0.4160976498302762,0.004234785491637943,-0.4105742374887676,0.8954908422078623,0.17182824864489146,0.06770511880911517,-0.15798385147721408,0.9851178201410578,0.1524
1,1784433134.8720214,434,-88.22,52.24,-2156.57,0.9093664781817049,0.41598550794327577,0.002943729025870682,-0.4103400002224279,0.8958172596516699,0.17068251676030108,0.06836441016245796,-0.15642088892263534,0.9853216799257956,0.1612
1,1784433134.9318614,437,-88.23,52.230000000000004,-2156.56,0.9094088637371299,0.4158816515159489,0.00423916132140229,-0.41041849431885713,0.8957194677620129,0.17100670920516042,0.06732145332198597,-0.15725484731639539,0.9852607446346945,0.15660000000000002
1,1784433134.9767747,440,-88.22,52.24,-2156.56,0.9094181216567518,0.4158579124578451,0.0045690971218196865,-0.4105335004209363,0.8959095910571259,0.169729931608973,0.06649003710661057,-0.15623124302794505,0.9854800219525025,0.1582
1,1784433135.0365813,446,-88.22,52.230000000000004,-2156.55,0.9093855553349147,0.4159392573784862,0.0035278774982193837,-0.41039450689650847,0.8958162187252046,0.17055688487436776,0.06778097415485186,-0.15654978901394306,0.9853415159741873,0.16240000000000002
1,1784433135.0964394,449,-88.23,52.230000000000004,-2156.53,0.9093901308465037,0.41592815566328956,0.003655030165859867,-0.410363883479152,0.8957204908408527,0.17113236229226408,0.06790488240832117,-0.157125973710129,0.9852412675739662,0.1719
1,1784433135.156279,452,-88.22,52.230000000000004,-2156.56,0.9094798920740306,0.41573396430796616,0.0034054124261319813,-0.41026891873039933,0.896138651389032,0.16915948631523872,0.067273622147156,-0.15524428623118203,0.9855828079647961,0.1622
1,1784433135.2161515,455,-88.23,52.230000000000004,-2156.53,0.909399472237295,0.41590518108279906,0.003934493997128502,-0.4103616795717519,0.8956561447377123,0.17147408647556342,0.06779300726166496,-0.15755300930817628,0.985180773982297,0.1636
1,1784433135.2760863,458,-88.22,52.22,-2156.59,0.9093822832166684,0.41594732921719485,0.003417936324934379,-0.41035589902046354,0.895752782073756,0.17098242467058755,0.0680580569128002,-0.1568909580702741,0.9852681503859979,0.15810000000000002
1,1784433135.3360004,464,-88.22,52.230000000000004,-2156.58,0.9093792344341148,0.4159546826562979,0.0033331601104609897,-0.41037634609273815,0.8958165636190605,0.1705987658610443,0.06797545547914147,-0.1565068251611943,0.9853349436259565,0.1532
1,1784433135.3958395,467,-88.23,52.230000000000004,-2156.54,0.9094012481910767,0.41590040972122533,0.004027279755437889,-0.4104691990552551,0.8958788314647593,0.17004751089114645,0.06711487477041896,-0.1562944929517803,0.9854276356270393,0.1744
1,1784433135.4556959,470,-88.23,52.230000000000004,-2156.54,0.9093759243691297,0.4159627855820252,0.0032232264321369066,-0.4103376908042647,0.8957531292499977,0.17102429928013255,0.06825252876790996,-0.15684799153855555,0.9852615388144951,0.16920000000000002
1,1784433135.5155492,473,-88.22,52.230000000000004,-2156.56,0.9094011308604384,0.41590090959148146,0.004002073304476677,-0.4104104751421437,0.895751753042302,0.17085677866342588,0.06747462547770047,-0.15701984053813509,0.9852877471043792,0.15410000000000001
1,1784433135.5754035,476,-88.23,52.230000000000004,-2156.57,0.9093916595389321,0.41592443870258733,0.0036974113870001995,-0.4103536599453397,0.8956885078616496,0.17132416833020478,0.06794617966075514,-0.15731801605191137,0.9852077742765731,0.1645
1,1784433135.635258,482,-88.23,52.230000000000004,-2156.55,0.9093918380844321,0.41592382367891484,0.0037225961007234065,-0.4104126596111285,0.8958158759130366,0.17051500019962768,0.06758649019100008,-0.15659275001886264,0.9853480486534654,0.1637
1,1784433135.6951265,485,-88.22,52.230000000000004,-2156.56,0.9093855553349147,0.4159392573784862,0.0035278774982193837,-0.41039450689650847,0.8958162187252046,0.17055688487436776,0.06778097415485186,-0.15654978901394306,0.9853415159741873,0.19240000000000002
1,1784433135.7549717,488,-88.22,52.230000000000004,-2156.56,0.9093855553349147,0.4159392573784862,0.0035278774982193837,-0.41039450689650847,0.8958162187252046,0.17055688487436776,0.06778097415485186,-0.15654978901394306,0.9853415159741873,0.1816
1,1784433135.8148117,491,-88.22,52.24,-2156.56,0.9093667985508163,0.415984628991125,0.0029688611545710102,-0.4103990556151366,0.8959440310440768,0.1698732126813824,0.0680047119223588,-0.15569547738969902,0.985461454079636,0.1771
1,1784433135.8746839,494,-88.23,52.230000000000004,-2156.54,0.909376533209609,0.4159649982152742,0.0027278393354432124,-0.41035371730060344,0.8959963202669382,0.16970686717302463,0.06814798269391045,-0.15544682154316664,0.9854908107774915,0.1824
1,1784433135.934491,500,-88.23,52.230000000000004,-2156.54,0.9093580011857193,0.4160021303862776,0.003202060835054968,-0.4103157658116632,0.895605151099421,0.17184989278603408,0.06862213932763463,-0.15758693105159924,0.9851179427641327,0.1605
1,1784433135.9941993,503,-88.22,52.24,-2156.53,0.9092509642419979,0.41624119239094515,0.002440037286871055,-0.41041976454606344,0.8955260895579018,0.17201348723599177,0.06941398198454674,-0.15740486866071537,0.9850915726098523,0.1587
1,1784433136.0540392,506,-88.22,52.230000000000004,-2156.59,0.9094196351401611,0.4158544141866974,0.004586220990628059,-0.41046497844885776,0.8957507427576156,0.17073109944048998,0.0668911704824701,-0.15714869726032882,0.9853069868121643,0.1557
1,1784433136.1144888,509,-88.23,52.230000000000004,-2156.54,0.9094745582050829,0.4157424539668233,0.0037735854718309687,-0.41028393312490774,0.8959913943806914,0.1699014873840147,0.06725416118892298,-0.156069321666329,0.9854538267404448,0.1593
1,1784433136.1594949,512,-88.22,52.24,-2156.53,0.909363436037255,0.4159927495677613,0.002858934341845602,-0.4103604944897843,0.8958808933915777,0.17029882388909245,0.06828181134545902,-0.15603671735512206,0.9853883179114825,0.1565
1,1784433136.2198534,515,-88.22,52.230000000000004,-2156.6,0.9093759243691297,0.4159627855820252,0.0032232264321369066,-0.4103376908042647,0.8957531292499977,0.17102429928013255,0.06825252876790996,-0.15684799153855555,0.9852615388144951,0.1635
1,1784433136.2797067,518,-88.22,52.230000000000004,-2156.54,0.909402657590957,0.4158971613184877,0.004044449743595551,-0.41040029879531587,0.895719806704729,0.17104859726276173,0.06751593230653145,-0.15721189231119506,0.9852542919473698,0.1647
1,1784433136.3248312,521,-88.23,52.22,-2156.55,0.9094287813583543,0.41583123612497436,0.004865665405126369,-0.4104629267736878,0.8956864798689349,0.17107283689813,0.06677931851581782,-0.1575757368466725,0.985246370090137,0.166
1,1784433136.384648,527,-88.22,52.24,-2156.53,0.9092755633041961,0.41618613207247435,0.0026558328994565625,-0.4104602886668712,0.8956737050892033,0.1711460354179656,0.06884984680698776,-0.15670902170051249,0.9852420926413581,0.1671
1,1784433136.444531,530,-88.21000000000001,52.230000000000004,-2156.58,0.909381689034465,0.4159442622381211,0.003913356616611322,-0.41033986459929733,0.895507699325557,0.17229961105376368,0.06816259362329088,-0.15829191754424207,0.9850368164036881,0.1588
1,1784433136.5048673,533,-88.22,52.230000000000004,-2156.55,0.9094041860820725,0.4158934048533318,0.0040868246727793515,-0.41039011458304214,0.895687823527244,0.17124040597226522,0.06755723639197302,-0.15740393446331427,0.9852207982105067,0.1544
1,1784433136.564686,536,-88.22,52.230000000000004,-2156.55,0.9093903165368994,0.4159275276156173,0.003680212015353544,-0.410422832020781,0.8958477116098156,0.17032315332772172,0.06754517854710157,-0.15640066935603802,0.9853813878291103,0.15660000000000002
1,1784433136.6245458,539,-88.23,52.230000000000004,-2156.52,0.9092413081434941,0.41626382968398007,0.0021604773394076583,-0.4104222212604809,0.8955905312229163,0.17167178183809764,0.06952585030850408,-0.15697778339841906,0.9851518317793447,0.16740000000000002
1,1784433136.684401,545,-88.22,52.230000000000004,-2156.54,0.9093964132938319,0.4159126627012171,0.0038497393545240967,-0.4103820951816902,0.8957201477310225,0.1710904816259553,0.06771040867252448,-0.157168934441571,0.9852477995935341,0.1592
1,1784433136.744256,548,-88.22,52.230000000000004,-2156.57,0.9092899991817734,0.41615161163524916,0.003087640101292083,-0.4104864679712915,0.8956410566830575,0.17125407205701604,0.06850224084264811,-0.15698704952014542,0.9852220608992142,0.1506
1,1784433136.804099,551,-88.22,52.230000000000004,-2156.57,0.909450552791657,0.41580117972826053,0.0030118040335110996,-0.41014218057352386,0.8958339261211891,0.17107006904976302,0.0684330602950386,-0.15681503673717828,0.9852542618592285,0.15810000000000002
1,1784433136.863939,554,-88.22,52.24,-2156.52,0.9093857624636236,0.4159385902492424,0.0035530507914867974,-0.4104533020351626,0.8959429975557373,0.16974755367684027,0.06742122719801008,-0.15582436995641266,0.9854811737678206,0.1569
1,1784433136.923779,557,-88.22,52.230000000000004,-2156.58,0.9093683151157719,0.41598100892021683,0.0030112590755997145,-0.4103888478115351,0.8959123062210596,0.17006508505152593,0.06804602159878662,-0.15588758699582397,0.9854282313619783,0.1577
1,1784433136.983619,563,-88.23,52.24,-2156.58,0.9094119222801861,0.4158740908908761,0.004323903368954198,-0.4103981573517642,0.895655464374335,0.1713903193843537,0.06740406558163457,-0.157638921786726,0.9851937181493724,0.1593
1,1784433137.0434957,566,-88.22,52.230000000000004,-2156.55,0.9094104574177763,0.4158774720580786,0.004306759079979881,-0.41046706920839976,0.8958148599670706,0.170389324071799,0.06700302257852042,-0.15672161592058642,0.9853674086697725,0.154
1,1784433137.1033287,569,-88.23,52.24,-2156.56,0.9094807654741064,0.4157270614679232,0.0039683240642949015,-0.4103020108483808,0.8959910562722871,0.16985960960112412,0.06705965349156565,-0.15611225910644144,0.9854602810008503,0.1552
1,1784433137.16314,572,-88.22,52.230000000000004,-2156.57,0.909402657590957,0.4158971613184877,0.004044449743595551,-0.41040029879531587,0.895719806704729,0.17104859726276173,0.06751593230653145,-0.15721189231119506,0.9852542919473698,0.15710000000000002
1,1784433137.2083008,575,-88.22,52.230000000000004,-2156.54,0.9094058122360006,0.4158891793761729,0.004154413218936649,-0.4104387998199569,0.8957833237896085,0.17062305946968295,0.06723883010384384,-0.15687073435875495,0.9853276167996163,0.16
1,1784433137.2681437,578,-88.22,52.230000000000004,-2156.53,0.9093982143010747,0.41590785564696825,0.0039425166020229515,-0.41048942585616666,0.8959423189600834,0.16966376265043445,0.0670322242379833,-0.15591028416229924,0.9854941218526572,0.1694
1,1784433137.3285701,581,-88.22,52.230000000000004,-2156.53,0.9093566189383451,0.4160091041334872,0.0026391042182943893,-0.4102830176451791,0.8957541832754111,0.17114990089558008,0.06883592830046842,-0.15671907485259948,0.9852414661149612,0.16670000000000001
1,1784433137.3734176,584,-88.23,52.24,-2156.54,0.9093585207755134,0.4160045131063289,0.0027066156241163067,-0.4103320858868794,0.8958494459861142,0.17053254650680422,0.06851758887098351,-0.1561858354702466,0.9853483266407714,0.1593
1,1784433137.4332943,590,-88.22,52.22,-2156.58,0.9093728753827904,0.4159700995115081,0.0031384439491206925,-0.4103581772009875,0.8958169105945625,0.17064064315718075,0.06816993415222472,-0.15646385846322278,0.9853283316095615,0.1589
1,1784433137.4930975,593,-88.23,52.230000000000004,-2156.54,0.9093807579447382,0.4159510100348864,0.0033755489645071824,-0.4103661264887553,0.8957846912699753,0.17079060020086118,0.0680167575709749,-0.15669889641383378,0.985301566299485,0.17200000000000001
1,1784433137.5536437,596,-88.22,52.230000000000004,-2156.53,0.9093585207755134,0.4160045131063289,0.0027066156241163067,-0.4103320858868794,0.8958494459861142,0.17053254650680422,0.06851758887098351,-0.1561858354702466,0.9853483266407714,0.16240000000000002
1,1784433137.6135194,599,-88.23,52.230000000000004,-2156.61,0.9093710546108588,0.4159745840171054,0.0030709099190256296,-0.41030919984979275,0.8957215326711512,0.17125798208511872,0.06848828771810145,-0.15699707437095814,0.9852214335287284,0.1568
1,1784433137.6733627,602,-88.22,52.230000000000004,-2156.57,0.9093600428316252,0.4160009079507609,0.0027490153523828335,-0.4103218151582312,0.8958176107903404,0.1707243866679296,0.06855888349819794,-0.15637791654203897,0.9853149885754565,0.1637
1,1784433137.7331939,608,-88.23,52.230000000000004,-2156.55,0.90937467447189,0.4159656513365212,0.003205984611293873,-0.41040695770873814,0.8959119595458233,0.1700232037312004,0.06785153272699276,-0.15593055393651034,0.9854348440438114,0.1642
1,1784433137.793704,611,-88.23,52.230000000000004,-2156.6,0.9093485817134689,0.41602810884534813,0.0024019963083968155,-0.4102751028646198,0.8957864474707022,0.1709999429743898,0.06898910714836126,-0.1564840348993534,0.9852681106767284,0.1564
1,1784433137.853549,614,-88.22,52.230000000000004,-2156.59,0.9093777126849789,0.415958347080796,0.0032907697652641635,-0.410386557831402,0.8958483991172407,0.17040692166215096,0.06793415063963967,-0.15631474432339765,0.9853682823614639,0.15960000000000002
1,1784433137.9133918,617,-88.22,52.22,-2156.53,0.9092735736032385,0.41618734079221814,0.0031089726757272808,-0.4104540628919327,0.8954607912783223,0.17227139501004357,0.06891321065152638,-0.15791791743656963,0.9850446186595789,0.1589
1,1784433137.97323,620,-88.22,52.230000000000004,-2156.54,0.9093680018966059,0.4159818748325131,0.0029861241437758035,-0.4103297412934174,0.8957853875038136,0.17087434841052,0.06840570543932545,-0.15661296033684458,0.9852883030452957,0.17200000000000001
1,1784433138.033103,626,-88.23,52.24,-2156.56,0.9093980826819134,0.41590838155842685,0.003917315906300261,-0.410430804235429,0.8958155351825977,0.17047311183930108,0.06739200359923077,-0.15663570817334688,0.9853545416630074,0.15810000000000002
1,1784433138.0932746,629,-88.22,52.230000000000004,-2156.55,0.9093515652623141,0.41601765180396383,0.0030073480835119976,-0.4102974591024366,0.8956055029858935,0.17189176267485645,0.06881660997945058,-0.1575439507213805,0.9851112514746929,0.16690000000000002
1,1784433138.1391163,632,-88.22,52.230000000000004,-2156.59,0.9093965612342679,0.4159121052511034,0.0038749349521769037,-0.41044095697987265,0.8958473709777742,0.17028126363653912,0.06735068855427356,-0.15644362760370073,0.9853878810567238,0.161
1,1784433138.19853,635,-88.22,52.230000000000004,-2156.55,0.9092857335029458,0.41616167758517375,0.0029854576706609135,-0.41057634135312937,0.8958635358800503,0.1698693409699707,0.06801854724329238,-0.15568552659122645,0.9854620713355355,0.16
1,1784433138.2584038,638,-88.22,52.230000000000004,-2156.57,0.9093389855265896,0.4160506033050549,0.0021224728438840787,-0.4102775411779184,0.8958505115832641,0.17065813810365324,0.06910100293392717,-0.1560569011146383,0.9853280139161891,0.1602
1,1784433138.318245,641,-88.23,52.230000000000004,-2156.57,0.9093973497683377,0.4159050227797512,0.004412738480630695,-0.410415245476532,0.8955709839099723,0.17179039280169986,0.06749656668869755,-0.15803678307627933,0.9851236413162255,0.1487
1,1784433138.3781173,644,-88.22,52.230000000000004,-2156.52,0.9095106872056199,0.4156577374066623,0.004353756163993549,-0.4103006714283364,0.8960106369281235,0.16975952856059306,0.06666084971118817,-0.15618445455816884,0.9854758988783794,0.16620000000000001
1,1784433138.423729,647,-88.22,52.230000000000004,-2156.6,0.9092428413280694,0.41626025835834346,0.002202908328680186,-0.4104118273969336,0.895558509053976,0.17186357611119688,0.06956714329602023,-0.15716982589690912,0.9851182966533341,0.1602
1,1784433138.484339,653,-88.23,52.230000000000004,-2156.56,0.9094362716539997,0.4158117016285449,0.005128019973282138,-0.41052945940099156,0.8957816612937247,0.17041355067536243,0.06626636223607066,-0.15708546743295057,0.985359287345164,0.16
1,1784433138.5443065,656,-88.23,52.24,-2156.57,0.9094742131231536,0.41574366450494116,0.0037230482166997103,-0.4101661428393397,0.8957369282749016,0.17151994226019962,0.06797345755748535,-0.15752003284867233,0.9851736132880509,0.1564
1,1784433138.5893316,659,-88.22,52.230000000000004,-2156.57,0.9093664781817049,0.41598550794327577,0.002943729025870682,-0.4103400002224279,0.8958172596516699,0.17068251676030108,0.06836441016245796,-0.15642088892263534,0.9853216799257956,0.1592
1,1784433138.6493008,662,-88.21000000000001,52.230000000000004,-2156.53,0.9093154979266339,0.4160891503637298,0.0038915523929656834,-0.4106182343697454,0.8957668829001371,0.17027729473551298,0.06736461113604456,-0.15643372542058015,0.9853885014132893,0.16390000000000002
1,1784433138.7093036,665,-88.23,52.230000000000004,-2156.54,0.9094027677782417,0.41589667446642975,0.00406965908128821,-0.4104590738470095,0.8958470324269014,0.17023937026601457,0.06715619594593344,-0.15648658300211718,0.9853943346124905,0.162
1,1784433138.7553167,668,-88.22,52.24,-2156.58,0.9093822832166684,0.41594732921719485,0.003417936324934379,-0.41035589902046354,0.895752782073756,0.17098242467058755,0.0680580569128002,-0.1568909580702741,0.9852681503859979,0.1633
1,1784433138.8151553,671,-88.23,52.230000000000004,-2156.55,0.9094451452290426,0.41578842328026283,0.005432760388497935,-0.4105856652443981,0.8958447208468969,0.169946013858992,0.06579467543153396,-0.1567871907933127,0.9854383986267233,0.169
1,1784433138.8751845,674,-88.21000000000001,52.230000000000004,-2156.55,0.9093743989952474,0.4159664466453795,0.0031808359355411857,-0.4103479379342548,0.8957850383457908,0.17083247615408162,0.06821123283695445,-0.15665592979854442,0.985294954505409,0.1568
1,1784433138.9208279,677,-88.22,52.230000000000004,-2156.57,0.909277092050182,0.41618251924344374,0.002698249237075424,-0.41044997214628526,0.8956417621676172,0.17133783652888532,0.06889114774685118,-0.15690106608135562,0.9852086404537139,0.17650000000000002
1,1784433138.9806323,683,-88.23,52.22,-2156.54,0.9093612065574453,0.4159982495398717,0.00276629502223401,-0.4102520521579916,0.8956582358604018,0.17172529876401255,0.06895976876805718,-0.15729520309022618,0.9851409895929926,0.1615
1,1784433139.0405078,686,-88.22,52.230000000000004,-2156.56,0.9093901308465037,0.41592815566328956,0.003655030165859867,-0.410363883479152,0.8957204908408527,0.17113236229226408,0.06790488240832117,-0.157125973710129,0.9852412675739662,0.1539
1,1784433139.1003456,689,-88.23,52.230000000000004,-2156.56,0.9094600037591902,0.4157783894812603,0.0032912615671254384,-0.4101398843171944,0.8957696429735478,0.17141184912170185,0.06832113036690947,-0.15724209858499116,0.9851939634295248,0.1615
1,1784433139.1601524,692,-88.22,52.230000000000004,-2156.56,0.9094041860820725,0.4158934048533318,0.0040868246727793515,-0.41039011458304214,0.895687823527244,0.17124040597226522,0.06755723639197302,-0.15740393446331427,0.9852207982105067,0.1582
1,1784433139.205032,695,-88.22,52.230000000000004,-2156.56,0.9092981740234108,0.41613172124090597,0.0033498201103836977,-0.41055362149895014,0.8957360789953173,0.17059484359203742,0.06798937116776292,-0.15649686055373702,0.9853355662133771,0.15860000000000002
1,1784433139.2648726,698,-88.22,52.230000000000004,-2156.55,0.909450552791657,0.41580117972826053,0.0030118040335110996,-0.41014218057352386,0.8958339261211891,0.17107006904976302,0.0684330602950386,-0.15681503673717828,0.9852542618592285,0.16390000000000002
1,1784433139.3247135,701,-88.22,52.24,-2156.53,0.9093916595389321,0.41592443870258733,0.0036974113870001995,-0.4103536599453397,0.8956885078616496,0.17132416833020478,0.06794617966075514,-0.15731801605191137,0.9852077742765731,0.1515
1,1784433139.3845613,707,-88.22,52.230000000000004,-2156.52,0.9093710546108588,0.4159745840171054,0.0030709099190256296,-0.41030919984979275,0.8957215326711512,0.17125798208511872,0.06848828771810145,-0.15699707437095814,0.9852214335287284,0.15960000000000002
1,1784433139.4444265,710,-88.23,52.230000000000004,-2156.57,0.9093710546108588,0.4159745840171054,0.0030709099190256296,-0.41030919984979275,0.8957215326711512,0.17125798208511872,0.06848828771810145,-0.15699707437095814,0.9852214335287284,0.1628
1,1784433139.4893055,713,-88.22,52.230000000000004,-2156.57,0.9093822832166684,0.41594732921719485,0.003417936324934379,-0.41035589902046354,0.895752782073756,0.17098242467058755,0.0680580569128002,-0.1568909580702741,0.9852681503859979,0.1568
1,1784433139.549113,716,-88.22,52.230000000000004,-2156.57,0.9093789804004476,0.41595543886617437,0.003308002945980735,-0.41031717295856096,0.8956892005324526,0.17140791587563897,0.06833511235914322,-0.15723208618848766,0.9851945916882,0.15660000000000002
1,1784433139.6089861,719,-88.22,52.22,-2156.53,0.9093416313867757,0.4160238256356733,0.004687635896304111,-0.41062199989337556,0.8956063373888394,0.1711106707149292,0.06698783942180944,-0.15752290288211146,0.9852406632073154,0.16570000000000001
1,1784433139.653866,722,-88.22,52.230000000000004,-2156.57,0.9092902923646283,0.4161507843383261,0.0031127007638137158,-0.41054568673301783,0.8957682589190816,0.170444904347393,0.06814252208690107,-0.15626180277877635,0.9853622915841478,0.1628
1,1784433139.7136831,725,-88.22,52.22,-2156.53,0.909347491268279,0.4160305919190838,0.002384682692495037,-0.41034473639686464,0.8959450832452536,0.1699988385843948,0.06858817270838159,-0.15556655937608257,0.9854413773372889,0.16970000000000002
1,1784433139.7735126,728,-88.22,52.230000000000004,-2156.55,0.9093725836098495,0.4159709263137262,0.00311330057143314,-0.4102989173372056,0.8956895499938997,0.1714497840874771,0.06852957471533348,-0.15718911696878418,0.9851879409005724,0.16060000000000002
1,1784433139.8333879,734,-88.22,52.230000000000004,-2156.53,0.9093950415479404,0.4159158207490668,0.0038325524979868166,-0.4104511018548424,0.8958791699179454,0.17008940558799848,0.06730937077528994,-0.15625153745727763,0.98542118185478,0.1656
1,1784433139.893226,737,-88.23,52.230000000000004,-2156.57,0.9094074166794649,0.41588499027398035,0.00422200819439097,-0.410487288162081,0.8958784950921821,0.17000561252119822,0.06692037616244274,-0.15633744559822657,0.9854340497253475,0.1554
1,1784433139.9380736,740,-88.22,52.230000000000004,-2156.58,0.9093278406368557,0.41607647901059447,0.0018005157204315793,-0.4102903444118926,0.8959461541581317,0.17012443131903182,0.06917160924168053,-0.15543761598596315,0.9854209435624538,0.16090000000000002
1,1784433139.99846,743,-88.22,52.230000000000004,-2156.53,0.9093580011857193,0.4160021303862776,0.003202060835054968,-0.4103157658116632,0.895605151099421,0.17184989278603408,0.06862213932763463,-0.15758693105159924,0.9851179427641327,0.153
1,1784433140.0582917,746,-88.22,52.230000000000004,-2156.53,0.9093743989952474,0.4159664466453795,0.0031808359355411857,-0.4103479379342548,0.8957850383457908,0.17083247615408162,0.06821123283695445,-0.15665592979854442,0.985294954505409,0.1633
1,1784433140.1031678,749,-88.21000000000001,52.230000000000004,-2156.58,0.9093450911872917,0.4160331647945846,0.0028126365883467557,-0.41027914430929946,0.8956058569583193,0.17193362884201369,0.0690110779397418,-0.15750096753022286,0.9851045205198474,0.1605
1,1784433140.162979,752,-88.21000000000001,52.230000000000004,-2156.5,0.9094135051997216,0.4158699210734431,0.0043915039250754075,-0.4104468187724541,0.8957510774361357,0.1707729962013141,0.06708565807926459,-0.15710574788456974,0.9853006132453699,0.1656
1,1784433140.2228544,755,-88.22,52.230000000000004,-2156.55,0.9092575140617127,0.41622569752221306,0.0026347380251966947,-0.41043809533334924,0.8955257311528042,0.1719716102802091,0.06921952774648786,-0.1574478757093367,0.9850983826061083,0.1549
1,1784433140.2826927,761,-88.22,52.230000000000004,-2156.53,0.909281797543941,0.41616733179081666,0.0033711430364124035,-0.4105216213924955,0.8955563780284306,0.171612272701795,0.06840037298535877,-0.15742784290814318,0.9851588010329871,0.1655
1,1784433140.3432,764,-88.22,52.22,-2156.55,0.9092881567242264,0.416151814524423,0.0035658532062997927,-0.4105398920838157,0.8955560301615926,0.17157037579086193,0.0682059018624315,-0.15747083574185672,0.9851654129342409,0.1632
1,1784433140.3880453,767,-88.22,52.24,-2156.56,0.9094027677782417,0.41589667446642975,0.00406965908128821,-0.4104590738470095,0.8958470324269014,0.17023937026601457,0.06715619594593344,-0.15648658300211718,0.9853943346124905,0.1573
1,1784433140.4478853,770,-88.22,52.230000000000004,-2156.53,0.9092725111017204,0.4161933331223172,0.0025709957813287525,-0.4104808981203918,0.895737480409133,0.17076240355703085,0.068767236625069,-0.15632490414145034,0.9853088812713087,0.1688
1,1784433140.5077252,773,-88.22,52.230000000000004,-2156.56,0.9093269754644936,0.4160760683042688,0.0022709198703748353,-0.4102137444192057,0.895574832830842,0.1722509874850761,0.0696357349510351,-0.15756403201387903,0.9850504759825044,0.1558
1,1784433140.5526054,776,-88.22,52.22,-2156.55,0.9093649562285278,0.4159891328552353,0.0029013324244041225,-0.41035025128822056,0.8958490949488469,0.1704906752494867,0.06832311213038932,-0.1562288079250465,0.9853550182158393,0.17
1,1784433140.6124456,779,-88.22,52.230000000000004,-2156.53,0.9093948864630786,0.41591639122107815,0.0038073597727761458,-0.41039229119057496,0.8957520939698669,0.17089866435975776,0.06766910525605187,-0.15697688257267012,0.9852812545317259,0.1757
1,1784433140.6722856,782,-88.22,52.230000000000004,-2156.53,0.9095228034923277,0.4156266723356473,0.004768560647899207,-0.41039477332564805,0.8961363173305308,0.16886631040045802,0.06591206228336521,-0.15554475241701443,0.9856274296310362,0.1678
1,1784433140.7321258,788,-88.22,52.230000000000004,-2156.52,0.9093886039149041,0.4159318644299311,0.003612647442371365,-0.4103740991496244,0.8957524369803651,0.17094054636297054,0.0678635824049664,-0.15693392174918108,0.9852747222920042,0.1632
1,1784433140.7919655,791,-88.22,52.230000000000004,-2156.55,0.909366148672702,0.41598640533732356,0.00291859944308757,-0.4102806536321079,0.895689901539321,0.1714916485887624,0.06872403439399895,-0.15714614489389558,0.9851812504517122,0.163
1,1784433140.8368456,794,-88.22,52.230000000000004,-2156.55,0.9093920074599589,0.41592322715831476,0.0037477830992785942,-0.41047136799234196,0.8959426572182257,0.16970565999765652,0.0672267270246118,-0.15586732847828558,0.9854876676481552,0.1633
1,1784433140.8966856,797,-88.22,52.230000000000004,-2156.53,0.9093728753827904,0.4159700995115081,0.0031384439491206925,-0.4103581772009875,0.8958169105945625,0.17064064315718075,0.06816993415222472,-0.15646385846322278,0.9853283316095615,0.1648
1,1784433140.9565256,800,-88.22,52.230000000000004,-2156.55,0.9093516350507876,0.416020936554595,0.0024868008960179633,-0.41025444346249196,0.8957225932517833,0.171383568516883,0.0690716689369802,-0.15686814936926416,0.985201242520391,0.1578
1,1784433141.0163658,803,-88.22,52.22,-2156.57,0.9093786146097944,0.4159517726591797,0.0038285913933739936,-0.4103603876769604,0.8955720085757776,0.17191605416936012,0.06808000819613702,-0.15790788541815667,0.9851041631252913,0.16040000000000001
1,1784433141.0762055,809,-88.22,52.22,-2156.55,0.9092025118617405,0.4163528813130646,0.0010347205472401135,-0.41030174241835365,0.8955607152005706,0.1721147453238845,0.07073381505874453,-0.1569117064203682,0.9850763644487078,0.1772
1,1784433141.136548,812,-88.22,52.230000000000004,-2156.54,0.9093948864630786,0.41591639122107815,0.0038073597727761458,-0.41039229119057496,0.8957520939698669,0.17089866435975776,0.06766910525605187,-0.15697688257267012,0.9852812545317259,0.16840000000000002
1,1784433141.1963892,815,-88.22,52.230000000000004,-2156.56,0.9093840336868853,0.4159429415591288,0.0034854902824915735,-0.4104046989709014,0.8958480543229848,0.17036503933708474,0.06773966591277196,-0.15635770826173495,0.9853748549304292,0.1671
1,1784433141.2562292,818,-88.23,52.230000000000004,-2156.57,0.9093809956756572,0.41595028532997436,0.0034007113760740814,-0.41042505951654984,0.8959116149504317,0.16998131873163574,0.06765704120627036,-0.15597351804335996,0.9854414170534902,0.1583
1,1784433141.301109,821,-88.22,52.22,-2156.59,0.9092689647325407,0.4161983410368635,0.0029817264087486097,-0.41048505574118865,0.8955570800229212,0.17169605538268054,0.06878930721679892,-0.157341848657571,0.9851454582312457,0.1615
1,1784433141.3615344,824,-88.23,52.22,-2156.56,0.9093400274741251,0.4160482371753123,0.002139807625122246,-0.410207517997862,0.8956913285599045,0.17165906943889353,0.06950184610059781,-0.15697422809464048,0.9851540920600699,0.1701
1,1784433141.4214103,827,-88.23,52.22,-2156.53,0.9093725836098495,0.4159709263137262,0.00311330057143314,-0.4102989173372056,0.8956895499938997,0.1714497840874771,0.06852957471533348,-0.15718911696878418,0.9851879409005724,0.1589
1,1784433141.4812481,833,-88.31,52.07,-2156.55,0.9087118454659802,0.4174236309262058,0.0005424520211488335,-0.4116033127576935,0.8958235094745587,0.16757969089235658,0.06946578176847161,-0.15250492522232884,0.9858583838190083,0.1495
1,1784433141.541088,836,-88.60000000000001,51.52,-2156.54,0.9067289104097782,0.42162100526419277,-0.008854995601813779,-0.4158919775581147,0.8974908742348553,0.14677872348523843,0.06983227069125884,-0.1294057903850016,0.9891297161570549,0.15510000000000002
1,1784433141.5859385,839,-88.7,51.33,-2156.4700000000003,0.9057812925252183,0.42350825621910393,-0.014177694650353408,-0.41753154633017253,0.8977077577839169,0.14067049951467184,0.07230254442604278,-0.12149707209980848,0.9899549502581892,0.166
1,1784433141.646443,842,-88.69,51.34,-2156.4,0.9058589033739022,0.4233395821136771,-0.014256415890689511,-0.4173091985580932,0.8977133372242323,0.14129330121606448,0.0726132217783581,-0.12204246140400814,0.989865120931846,0.1578
1,1784433141.7062824,845,-88.65,51.45,-2156.45,0.9064030691201541,0.4222707442885218,-0.010995217486858928,-0.4165014116182023,0.8977532907969904,0.14340712319553583,0.07042762532991086,-0.12540513299379982,0.9896026991723483,0.15460000000000002
1,1784433141.751138,848,-88.08,51.050000000000004,-2156.73,0.9061809419112506,0.4225024113542647,0.018105604565184032,-0.42100142195942286,0.8972645368392586,0.1329441748959884,0.039923717574683576,-0.12809396289623826,0.9909581390979916,0.1474
1,1784433141.810971,851,-86.89,49.5,-2157.39,0.9024457356154617,0.4265370882530444,0.06047980335684684,-0.4301927427828498,0.8997146762799657,0.07380857228944017,-0.022932473186229294,-0.09262620380352016,0.9954368327736882,0.1306
1,1784433141.8708112,854,-83.66,47.59,-2158.98,0.8873576970878515,0.41835804789492115,0.1938372027772175,-0.4255096836082669,0.9049388948930235,-0.0052063101507936384,-0.17758892582179162,-0.07785974743951195,0.9810198943722386,0.12150000000000001
1,1784433141.9306545,860,-80.45,47.13,-2160.64,0.8383642647000393,0.4076960989558384,0.3618414716006909,-0.4342528249138597,0.9007484410241355,-0.008759568877632679,-0.3294993835021472,-0.14978697169240232,0.9321984871168395,0.1568
1,1784433141.9904945,863,-80.04,47.38,-2160.91,0.8317634137781457,0.397556520454562,0.38745120537196237,-0.43480995686959445,0.9004724111129881,0.009473026518653256,-0.3451230576289949,-0.17634695877282128,0.921841540192451,0.15910000000000002
1,1784433142.0353756,866,-79.69,47.75,-2160.94,0.8365689484040172,0.3766562842991901,0.39784725468969145,-0.4179240698747165,0.9082857892907771,0.018878474297015068,-0.3542483117610438,-0.1820630892585249,0.9172574148755039,0.1623
1,1784433142.0952146,869,-79.25,48.410000000000004,-2161.17,0.8441874339345431,0.3463906392885959,0.4090979117524915,-0.3925101539229385,0.9192028687935175,0.031652252197254635,-0.36507993022679647,-0.18729551787217252,0.9119413542167019,0.1734
1,1784433142.1550546,872,-79.11,48.61,-2161.18,0.8489727723443212,0.33224480162847464,0.41092410930590695,-0.3799299918980754,0.9242484955347596,0.03765527530190077,-0.36728522033199995,-0.18809069698576045,0.9108915723800969,0.1709
1,1784433142.2149265,875,-79.14,48.480000000000004,-2161.07,0.8520653808378283,0.32661805243181147,0.409029625581494,-0.3742286883837508,0.9264839098460925,0.03975491902740205,-0.3659746925243114,-0.18694441051271954,0.9116547108471428,0.1743
1,1784433142.2747693,881,-79.38,47.56,-2160.76,0.8540115670946902,0.32799512560157357,0.40383590832178307,-0.37002300976900016,0.9285913032554732,0.028304836332191205,-0.36571466406197334,-0.17360123588243753,0.9143934576483628,0.1565
1,1784433142.3346066,884,-79.60000000000001,46.86,-2160.57,0.8554995471577639,0.3296005806365661,0.39935445666337444,-0.366960077605695,0.9300527037975329,0.018500529790262406,-0.36532290683241164,-0.16237433726712033,0.9166099215809199,0.16570000000000001
1,1784433142.3944495,887,-79.78,46.11,-2160.3,0.8561895474213859,0.33217966362465856,0.39572228893577754,-0.368415117462226,0.9295086121162873,0.016853522686590017,-0.3622288780752531,-0.160219883522183,0.9182155677249658,0.1607
1,1784433142.4542825,890,-80.06,45.18,-2159.87,0.8556509746023897,0.339660476767934,0.39050245861423205,-0.3724659206824425,0.9280027133729599,0.008949966625856611,-0.3593473912416239,-0.15310690544258046,0.9205583783300414,0.1584
1,1784433142.5001326,893,-80.53,44.08,-2159.17,0.8554271934939872,0.3551986634935145,0.3769326545729641,-0.3839568819531543,0.9233501658032556,0.001258615076995775,-0.34759377070340597,-0.14580254031916437,0.9262398122541843,0.1647
1,1784433142.5589747,896,-80.94,43.25,-2158.54,0.8552371692412518,0.3651644148134344,0.36772861528873724,-0.39323460092019735,0.9194368944386201,0.0015315953116689129,-0.3375439719315741,-0.14591349251877828,0.9299318898250715,0.1608
1,1784433142.618815,899,-81.19,42.5,-2158.05,0.8539120705159238,0.36937682007979455,0.3665991552294511,-0.3986773738876001,0.9170796935487799,0.0046029588921303625,-0.33450041461453345,-0.15008531063436897,0.9303676005507127,0.1801
1,1784433142.6786609,905,-81.45,40.22,-2157.04,0.8529871605865279,0.3787805892542807,0.3590796138444962,-0.40497422886361273,0.9143247354204334,-0.0024803537401876193,-0.3292548827745078,-0.14330227982322588,0.9333036369620612,0.16010000000000002
1,1784433142.738552,908,-81.55,38.85,-2156.58,0.8529413512181898,0.3839893136087309,0.35361456194051766,-0.40833832669211445,0.912809064035948,-0.006278819005249301,-0.3251935767145048,-0.13903891415036423,0.9353701502696754,0.14780000000000001
1,1784433142.7834044,911,-81.78,37.43,-2155.85,0.8532615776294561,0.3884538694674528,0.3479199210120841,-0.4101125444998048,0.9119504983886128,-0.012409243839029364,-0.322106164152733,-0.1320979931131581,0.9374421258031286,0.1468
1,1784433142.843747,914,-81.92,36.26,-2155.17,0.8516391097133573,0.39200285089520054,0.34791463277171253,-0.4157974640195002,0.909431288214763,-0.006870293369958351,-0.3190976272578547,-0.13881101147269284,0.937501043931331,0.15760000000000002
1,1784433142.9035869,917,-82.04,35.21,-2154.37,0.8501501220925275,0.3945929843357478,0.34862751844779616,-0.42082312028443775,0.9071425503895583,-0.0005428690420847683,-0.3164690685361364,-0.14624899994781335,0.9372612008795277,0.1647
1,1784433142.9634647,920,-82.26,34.31,-2153.31,0.8489918121688659,0.3984403428198086,0.3470708804896468,-0.4273437429832,0.9040582335917974,0.007485693554242588,-0.3107896848406234,-0.15467386168487776,0.9378090254994101,0.16920000000000002
1,1784433143.0239594,923,-82.35000000000001,33.55,-2152.14,0.8488757833616094,0.4013885585802327,0.3439434974862836,-0.43229988781407797,0.901609247770219,0.014750299358160019,-0.30418203664606763,-0.1612079073001784,0.9388744853311051,0.14880000000000002
1,1784433143.0688918,926,-82.43,32.910000000000004,-2150.92,0.8486577341825821,0.40373401540767795,0.341729271521886,-0.4355525771674509,0.8999754238977603,0.018389913073164295,-0.30012331254815533,-0.16444780686539925,0.9396184949660594,0.1632
1,1784433143.128753,932,-82.60000000000001,31.71,-2148.05,0.8516646517239373,0.40875467738489185,0.32800447362790247,-0.4453146943505146,0.8944040997521413,0.041666885437592116,-0.27633701163516283,-0.1815514253938389,0.9437568203398655,0.1623
1,1784433143.1886485,935,-82.74,31.14,-2146.42,0.8542551130976711,0.40861909341906305,0.3213699398510515,-0.4476371576054708,0.8925182263866401,0.05506533118525161,-0.2643277830221037,-0.19089696713418358,0.9453513479450857,0.19690000000000002
1,1784433143.2335258,938,-82.91,30.34,-2144.94,0.8554728271143192,0.410007883213787,0.3163222688518529,-0.4508463428962579,0.8902000709775264,0.06543247457247021,-0.2547622757907931,-0.19858844209610163,0.9463925261220839,0.164
1,1784433143.2933743,941,-83.04,29.38,-2143.33,0.8587379864030824,0.40868838242877975,0.3091001080170096,-0.4486882800164452,0.8910684402829476,0.06838027572040777,-0.24748312686779994,-0.19741033610087996,0.9485680055305861,0.1835
1,1784433143.3533485,944,-82.93,28.52,-2141.7,0.8648306710672384,0.40497397904872195,0.29675576940446435,-0.4437292959357754,0.8930661733054074,0.07441184063022073,-0.234887680199987,-0.19603287069030448,0.9520498365627649,0.1792
1,1784433143.413831,947,-82.34,27.69,-2140.23,0.8666744639249881,0.4035641271788441,0.293276949034035,-0.4441006689659576,0.8919325600765451,0.08503472290358217,-0.22726629623488634,-0.20394191214578206,0.9522382722123696,0.1651
1,1784433143.47457,953,-80.42,26.07,-2137.41,0.8668389314675885,0.40228160673891994,0.2945501243789964,-0.449091051250752,0.8865919170741209,0.11077906059057188,-0.2165813809601918,-0.22830742751471786,0.949193459713555,0.20620000000000002
1,1784433143.534406,956,-79.42,24.94,-2136.39,0.8660471104631808,0.4030673810323154,0.2958024489522111,-0.4519355004426542,0.8841587159635114,0.11839623484470521,-0.21381465314150674,-0.2362203448763573,0.9478835597099847,0.23240000000000002
1,1784433143.594245,959,-78.44,23.55,-2135.46,0.8663668937187999,0.40375912212042925,0.29391661533941604,-0.4540894833791575,0.8818444139833246,0.1270951242607558,-0.2078729096166399,-0.24357545202862185,0.9473435768592962,0.1895
1,1784433143.6540852,962,-77.68,21.94,-2134.71,0.8680469458174106,0.4035724923120267,0.28917770195180076,-0.45336627578754113,0.8817399042538171,0.13036012129867292,-0.20236976018071612,-0.2442621229243877,0.9483577887426616,0.1882
1,1784433143.6989698,965,-77.0,20.07,-2133.88,0.8687642434660208,0.40571863694277355,0.2839737257427358,-0.45351248813676825,0.882139629302632,0.1271066383703567,-0.19893494509238507,-0.2392113334503884,0.9503698362058725,0.18710000000000002
1,1784433143.7588124,968,-76.46000000000001,18.19,-2133.14,0.8700733365496925,0.40924985752499543,0.27474887286585264,-0.4536853777872283,0.882805650612786,0.12175286948649532,-0.1927225129748611,-0.23058347157137374,0.9537763341741857,0.20220000000000002
1,1784433143.8186517,971,-75.93,16.37,-2132.52,0.8704145218604746,0.41215653119868395,0.2692685535384138,-0.4542129453789829,0.8832741334305608,0.11626437744486053,-0.1899188257770948,-0.22350346530369528,0.9560214645146256,0.2086
1,1784433143.8785274,977,-74.79,13.42,-2130.77,0.8725128633111404,0.41448847291258023,0.2586901799048283,-0.4537448579410417,0.8837601980797992,0.11438319886249858,-0.18120956721061693,-0.21718015128586507,0.9591641541669442,0.1807
1,1784433143.938365,980,-74.23,12.21,-2129.52,0.8732307220458716,0.4150627407991725,0.2553253361410194,-0.45436994552471727,0.8828582030423153,0.11878276779381489,-0.17611376629642297,-0.21973692116067517,0.9595309410330216,0.16570000000000001
1,1784433143.9838858,983,-73.72,11.14,-2128.21,0.8711104651394223,0.41673837332473507,0.25979931817314855,-0.4586907939492802,0.8794261371013697,0.1273280209896525,-0.17541183845669628,-0.2300843271099015,0.957231366675594,0.2071
1,1784433144.044214,986,-73.3,9.81,-2127.27,0.8697456255349656,0.41766561666897484,0.26286494539081545,-0.46260045186669024,0.8755236815856737,0.13949589569375065,-0.17188184545066248,-0.24292738757742555,0.9546951951116555,0.2019
1,1784433144.1040502,989,-73.17,8.25,-2126.7200000000003,0.8746210172385942,0.41551986059749363,0.24976253052362785,-0.45630021050577785,0.879598372262545,0.1345244267984968,-0.1637931442304881,-0.23162458626432722,0.9589170229696465,0.1927
1,1784433144.14893,992,-72.4,6.890000000000001,-2126.43,0.8778125539714648,0.4091398797359508,0.2490977296157997,-0.4504949198944707,0.8818847588033679,0.13904531397929318,-0.1627865081613605,-0.23427298393109175,0.9584449497809742,0.1824
1,1784433144.208742,995,-71.48,5.55,-2126.4700000000003,0.8801709003682785,0.4000116092749306,0.2555188810835206,-0.44343981856087433,0.8849715275731581,0.1420792831468752,-0.16929357182005728,-0.2383612968376187,0.9563072616634759,0.198
1,1784433144.2685962,998,-70.86,3.91,-2126.52,0.8841874733509977,0.39237671745100966,0.253481801263029,-0.43481180140605724,0.8896375075527387,0.1395843920836797,-0.1707372523124308,-0.23363564958653354,0.957216367346004,0.1899
1,1784433144.3284564,1004,-70.28,0.76,-2126.38,0.8874462673392618,0.3898833641724012,0.24582531384546688,-0.42851116944621687,0.8943529769803884,0.1284948645905844,-0.1697565911693774,-0.2193711806685823,0.9607595874341434,0.2104
1,1784433144.3880897,1007,-70.09,-0.51,-2126.36,0.88783199337339,0.39137442889665464,0.24203389834576994,-0.42813395989463826,0.8953486206594362,0.12268724411356559,-0.1686880669388601,-0.21254859183034544,0.9624798346892096,0.195
1,1784433144.4329689,1010,-69.89,-1.6300000000000001,-2126.2,0.8896065642023872,0.3895785097815714,0.2383878051503356,-0.42439311586719836,0.8979882249844932,0.11622233431544145,-0.1687917181989538,-0.20456229492643452,0.964190657163756,0.1893
1,1784433144.4928093,1013,-69.33,-2.43,-2126.27,0.8903726803638786,0.38834104380671536,0.23754520360713005,-0.42239531372667666,0.899343192934724,0.11297796361998236,-0.1697606815590244,-0.2009304730922775,0.9647840462919819,0.1872
1,1784433144.552617,1016,-68.64,-3.2,-2126.31,0.8908635264896005,0.3880025263263343,0.23625455918329905,-0.42174055275050437,0.8996804646059273,0.11273849285919146,-0.16881079152770934,-0.20007273969945324,0.965128911334099,0.1693
1,1784433144.6124873,1019,-67.82000000000001,-3.66,-2126.39,0.8916564318647636,0.3863996297758629,0.23589008801404554,-0.41970932052427107,0.900867828588849,0.11082076375240776,-0.16968468928943697,-0.1978193153427854,0.9654401196853478,0.171
1,1784433144.6722972,1025,-66.0,-3.94,-2126.52,0.8969439262059036,0.376262821884196,0.23220224398157846,-0.4079186580107697,0.9068099819959485,0.10629216809906683,-0.1705695215712098,-0.1900577423317697,0.9668423309364973,0.17830000000000001
1,1784433144.7321372,1028,-64.96000000000001,-3.8200000000000003,-2126.75,0.8985796374020683,0.3713114199905344,0.23384282035371642,-0.4034500292649985,0.9086672003578211,0.10748019761775314,-0.17257667609627722,-0.1909234097183799,0.9663154466782926,0.1981
1,1784433144.7919772,1031,-63.82,-3.5100000000000002,-2126.92,0.8997660302756708,0.36557774677286836,0.23827295655703976,-0.39985453992490294,0.9093742805371717,0.1146942230408555,-0.174749642813382,-0.19847248918168447,0.9644020081763732,0.18580000000000002
1,1784433144.8525488,1034,-62.63,-3.2800000000000002,-2127.2,0.900657015740003,0.3599589510812048,0.24340602608569675,-0.3961505711787722,0.9103687926600029,0.11955495098698886,-0.17855437533996354,-0.20410344163508762,0.9625279840917188,0.1784
1,1784433144.8974597,1037,-61.44,-3.08,-2127.45,0.9035730692468463,0.351841119271306,0.24446581626425493,-0.38912229376331403,0.9127153477118576,0.12463761289273784,-0.1792750652718079,-0.20774628959655916,0.9616142314518081,0.1709
1,1784433144.9572995,1040,-60.29,-3.04,-2127.61,0.9065631968946267,0.3431364269315479,0.245765259035619,-0.3809038725432874,0.9159630418387915,0.1261901179449305,-0.18181146805887002,-0.2080122556439376,0.9610803772755949,0.17750000000000002
1,1784433145.0171397,1043,-59.18,-3.25,-2127.81,0.9096615525398575,0.3344439782297133,0.24629877234095088,-0.3726003332364713,0.919108476182835,0.128096060364626,-0.18353433330809532,-0.20829506579549706,0.9606915811343424,0.16620000000000001
1,1784433145.0775342,1049,-57.6,-4.82,-2128.0,0.9118577566456193,0.3283136244374353,0.24642563919765564,-0.36569470591175257,0.9224005425902077,0.12427638994357365,-0.18650151128968162,-0.2034389417934656,0.9611606438304784,0.171
1,1784433145.1381004,1052,-57.08,-6.12,-2127.9900000000002,0.9115039621036193,0.33002630175254277,0.2454448353926869,-0.36668054794161076,0.9223791386538558,0.12149938410301138,-0.1862952034558154,-0.20074701673427328,0.961766464606479,0.1748
1,1784433145.182985,1055,-56.36,-7.5200000000000005,-2128.28,0.9091980552983354,0.33197011869354703,0.251306061479458,-0.37078062005693174,0.9201391174631913,0.1259592644637801,-0.18942182564826604,-0.20770133559669648,0.959676782651027,0.1794
1,1784433145.2427914,1058,-55.39,-8.9,-2128.61,0.9052718292916762,0.33430540119742136,0.2621503649074967,-0.378087219914579,0.915381889814022,0.13829696286533008,-0.19373427478938074,-0.2243120472260482,0.9550660376335722,0.1781
1,1784433145.3026354,1061,-54.4,-10.63,-2128.88,0.9008438241882532,0.3440583340952162,0.2647721041981353,-0.3887645321973512,0.9107573734086437,0.13922336473151015,-0.19324218723471936,-0.22835251152858596,0.9542078324722182,0.1889
1,1784433145.3475153,1064,-53.230000000000004,-12.33,-2129.2400000000002,0.8987697062226669,0.3492755996408414,0.2649897557868072,-0.3933492209889088,0.9093417838473616,0.13555039836428653,-0.1936218105582109,-0.2260621057250171,0.9546761329536481,0.1758
1,1784433145.4073553,1067,-51.9,-13.66,-2129.61,0.8973404610670878,0.3492296335566516,0.26984951357709214,-0.39428574875117606,0.9090704923447372,0.13464615954352904,-0.19828980120931788,-0.22722126439658744,0.9534420022960942,0.1849
1,1784433145.4671943,1070,-50.6,-14.790000000000001,-2130.01,0.8954719472710344,0.3485970277517592,0.27678530288521624,-0.3965609643058791,0.9072096137184251,0.14039272903415298,-0.20216179965417055,-0.23547999706876385,0.950620732858842,0.1902
1,1784433145.5270355,1076,-48.72,-16.86,-2130.53,0.8940282994637107,0.34892086240987347,0.28101179963335304,-0.3985400498912074,0.9059188228698898,0.14309757161722586,-0.20464415063895544,-0.23992773525622954,0.9489760025754481,0.1761
1,1784433145.5869045,1079,-48.14,-17.63,-2130.69,0.8952503978334929,0.3465844823806281,0.2800105743573355,-0.39471784969239504,0.9084467829585956,0.1375582119191377,-0.206699163794111,-0.23367421574733188,0.9500904254762728,0.1895
1,1784433145.6317873,1082,-47.6,-18.16,-2130.87,0.8969293093303298,0.3440644456679106,0.27773633412186255,-0.39115010234461955,0.9102975598259241,0.135498893024119,-0.20620235570916998,-0.2301695240517333,0.9510534047558988,0.1766
1,1784433145.691623,1085,-47.07,-18.55,-2131.0,0.8992658221591308,0.3408404740947989,0.2741327275523582,-0.38608601423463806,0.9130776659996063,0.1312507731981885,-0.20556889528543365,-0.2238681466210505,0.9526932781433813,0.1615
1,1784433145.7514355,1088,-46.46,-18.84,-2131.17,0.9006057202300908,0.33631689310245955,0.2753185139120658,-0.38159318306995094,0.9150831870638646,0.130420103464087,-0.20807685917319707,-0.22251675929455078,0.9524653865152626,0.1632
1,1784433145.797313,1091,-45.63,-18.91,-2131.4,0.9032162165743679,0.32888944228959877,0.2757393712684519,-0.374344976500889,0.9179423894859199,0.13133014944569502,-0.20991975773050364,-0.2218411691623455,0.9522185626099977,0.17420000000000002
1,1784433145.8561304,1094,-44.74,-18.93,-2131.7400000000002,0.9067483779535862,0.31938705653626887,0.27531670344466663,-0.3640197107837448,0.9224441650273884,0.1287882470097448,-0.2128309874982003,-0.21699924083743347,0.9526879343397388,0.1771
1,1784433145.916096,1097,-43.93,-18.91,-2131.96,0.9090290523070829,0.31315951140647386,0.2749496362560707,-0.35714595476200417,0.9254053303235906,0.12677437282756596,-0.2147392583083575,-0.21343873834040722,0.9530639831180443,0.1751
1,1784433145.976077,1103,-42.97,-18.82,-2132.27,0.9110886500880114,0.3068867786927694,0.2752053356030367,-0.35090734382951144,0.9277346083114085,0.12717127265146927,-0.21629033202462372,-0.2124358764541725,0.952937296293846,0.16040000000000001
1,1784433146.0361004,1106,-42.300000000000004,-18.46,-2132.82,0.9063789508233642,0.30205733282276953,0.29536175309665985,-0.3570289346273972,0.9214276092282708,0.15330199212893011,-0.22584848315444433,-0.24440239082273213,0.9430057974461075,0.1668
1,1784433146.0811563,1109,-41.84,-18.53,-2133.14,0.9017559025019142,0.29918141853549685,0.3119723883712248,-0.3629664468720246,0.9160380753529883,0.17067396681594735,-0.23471610670777626,-0.2671417663089791,0.9346355578220117,0.1792
1,1784433146.1410496,1112,-41.75,-19.19,-2133.29,0.8997573575390564,0.2999685038777856,0.3169473051402349,-0.3655990173681945,0.9147121896434015,0.1721597183349928,-0.23827307034943088,-0.27077759656052863,0.9326872129214373,0.182
1,1784433146.2008293,1115,-41.660000000000004,-20.04,-2133.27,0.9010892627256599,0.30317020727011157,0.3100418778557573,-0.36559806352048557,0.9156284817907551,0.16722003254283838,-0.2331870419868947,-0.26403088599130686,0.9359014342825038,0.1724
1,1784433146.245812,1118,-41.43,-20.8,-2133.37,0.8993383513244481,0.30414681824155926,0.31414207421254425,-0.36774843190153034,0.9147839248457311,0.1671270824187553,-0.23654094924767086,-0.2658290499501058,0.9345497822650407,0.1865
1,1784433146.305906,1121,-40.64,-20.93,-2133.9,0.8925268258625436,0.2982611114863307,0.33828416234088093,-0.37670418686414336,0.9054546511421948,0.19556541188050341,-0.24797141108353088,-0.30198043661784607,0.9204987752220737,0.2028
1,1784433146.3661644,1124,-40.09,-21.3,-2134.48,0.8845251313558689,0.2965872012413025,0.36007127636029823,-0.38988231491489955,0.8938226984385416,0.22152373297830444,-0.2561387758940107,-0.33632873177279277,0.9062427443392983,0.19
1,1784433146.4259686,1130,-39.83,-22.85,-2134.7,0.8823936509960429,0.30078525971849085,0.36181441681883475,-0.394829226193013,0.8916056067863768,0.22169646837720117,-0.25591273283230753,-0.33847846236234413,0.9055059379656895,0.18780000000000002
1,1784433146.4858444,1133,-39.64,-23.51,-2134.9,0.880334239533865,0.30036062147483916,0.36714455432646703,-0.3969774462620811,0.8901702999589742,0.22361964187026737,-0.25965464344696054,-0.3426081349562478,0.9028837865407893,0.2026
1,1784433146.53083,1136,-39.37,-24.0,-2135.36,0.8761477630654267,0.2979900548279794,0.378902394422451,-0.4020012766100324,0.8854460785288901,0.23319565952588997,-0.2660076519187992,-0.35663310171859863,0.8955739834760825,0.2106
1,1784433146.5906146,1139,-39.34,-24.740000000000002,-2135.87,0.8735867158028711,0.298654088963245,0.384255104218913,-0.40459766169680994,0.8844729731823202,0.23239684132857777,-0.2704569875640621,-0.3584875100412294,0.8934985859094641,0.21980000000000002
1,1784433146.6511412,1142,-39.68,-25.8,-2136.2400000000002,0.875611184286631,0.3030038822665526,0.37615648510102867,-0.4019219560825659,0.8889778903778633,0.2194927143166423,-0.26788765400989883,-0.3433758258100304,0.9001828964595763,0.2054
1,1784433146.7110336,1145,-39.96,-26.67,-2136.7,0.8780856789247191,0.3059618227948625,0.36790338875764655,-0.39699379766477705,0.8950549791124995,0.2031563658407507,-0.2671356679348772,-0.3244440589037932,0.9073999049807195,0.21810000000000002
1,1784433146.771131,1151,-40.44,-27.67,-2138.46,0.8756793828841958,0.3076261221303821,0.37222545234652776,-0.39889351329610645,0.895246202012552,0.19854017939044502,-0.27215727703268017,-0.3223358601910813,0.9066587063460168,0.21830000000000002
1,1784433146.8311794,1154,-40.68,-28.03,-2139.65,0.8735476558008785,0.3076982871489473,0.37714222400891956,-0.4000282126951567,0.8952701708618349,0.19613452070693602,-0.27729392725537383,-0.3222003805873373,0.9051491549223621,0.2286
1,1784433146.8911786,1157,-41.12,-28.45,-2141.12,0.8729853620568157,0.3087846110358588,0.37755611718255083,-0.40078885352371163,0.8952883753162653,0.19449169626159135,-0.2779655599632435,-0.3211086872244282,0.9053310767135551,0.1857
1,1784433146.9511952,1160,-41.97,-28.68,-2142.62,0.8755448598369651,0.31208737379321255,0.36881251271062504,-0.39885422731325626,0.8976957783798037,0.18723673473286095,-0.27264721485358084,-0.3110365904486706,0.9104502927862955,0.1535
1,1784433146.9965677,1163,-42.68,-28.86,-2144.27,0.8802183635603471,0.3158498317088532,0.3541955904025822,-0.3951028059933347,0.9011742487925232,0.17826594181005176,-0.2628866773865462,-0.29685662721711387,0.9180232773355703,0.1678
1,1784433147.056456,1166,-43.24,-28.94,-2145.98,0.8841201951973443,0.318281058675124,0.3420945017577047,-0.391917121003002,0.9037753738674298,0.17202047510545337,-0.2544257272937001,-0.28615946826800936,0.9237858561439669,0.22610000000000002
1,1784433147.116793,1169,-43.43,-28.88,-2147.75,0.8855195556179505,0.31827082728793077,0.3384653558573515,-0.38906418028101664,0.9061676169076005,0.165799015950821,-0.25393735495284653,-0.2785030171568275,0.9262569239655355,0.26880000000000004
1,1784433147.1616716,1172,-43.5,-28.830000000000002,-2149.39,0.8862121572849009,0.3204340421869012,0.33458935561103104,-0.3901387826483666,0.9056707721981967,0.1659885015884309,-0.2498394335450117,-0.27763731196236063,0.927630195957539,0.3453
1,1784433147.2215114,1178,-43.84,-29.43,-2151.55,0.8903125643628161,0.3448931505616801,0.2973083457176148,-0.4091465852013338,0.8924929926699063,0.18988241059456323,-0.19985647238904766,-0.2906973903060584,0.9357095797914293,0.7329
1,1784433147.2813184,1181,-44.2,-29.97,-2152.27,0.8923773535053605,0.36244111079257707,0.26888491991595903,-0.42193241558319244,0.8814525024623708,0.21216626165098962,-0.16011150998882304,-0.3027836308492698,0.9395139047714153,1.0278
1,1784433147.3416617,1184,-44.45,-30.900000000000002,-2155.08,0.8571108029567337,0.3657283014796841,0.3627724919996671,-0.43221919152295335,0.8937238079323171,0.12018454815076517,-0.2802635223037558,-0.2598087077673577,0.9240951214210299,0.1521
1,1784433147.4015017,1187,-44.49,-31.87,-2156.31,0.8527825328871846,0.36929012849622234,0.36930577114061136,-0.4359119909220654,0.8927569705658743,0.1138671492415793,-0.28765028728106484,-0.2580887298997896,0.9223055457525096,0.1615
1,1784433147.4463897,1190,-44.410000000000004,-32.95,-2157.36,0.8455343932850115,0.36936018274523574,0.3855446085403788,-0.43821471245008276,0.8926096400954247,0.10590512830362943,-0.30502369672607255,-0.2584977481741824,0.9165912167506507,0.16870000000000002
1,1784433147.5062428,1193,-44.18,-34.11,-2158.39,0.8243726409918356,0.3661785930921413,0.43165146443074437,-0.44364224959995047,0.8915792836964006,0.09092818734203686,-0.3515555477503396,-0.26645753666292377,0.8974458635491531,0.2328
1,1784433147.5660963,1196,-43.980000000000004,-35.27,-2159.31,0.7980324090105804,0.3604028151475673,0.4829638547577635,-0.4515006007863703,0.8883929993448831,0.08309684834305824,-0.3991133694306873,-0.2843724486456291,0.8716884929795579,0.339
1,1784433147.6119862,1199,-44.14,-36.56,-2160.19,0.7606065772329665,0.35885097644494623,0.541020897354677,-0.4590239697190659,0.8865756175118569,0.05727713031236503,-0.45910198201848507,-0.2919069220453297,0.8390564456392193,0.5555
1,1784433147.6711361,1205,-44.74,-38.93,-2161.67,0.6925532141089585,0.35741921575190555,0.6265952041299423,-0.46973520405033325,0.8826678405603263,0.01569462699022912,-0.5474658744644667,-0.30520319043526295,0.7791868382133991,1.0812000000000002
1,1784433147.7309763,1208,-44.93,-40.0,-2162.48,0.672901759788916,0.3541571617990843,0.6494427814822467,-0.4792260273963012,0.8775067172398131,0.018010437667260907,-0.5635118777265831,-0.3233491393918097,0.7601971439801892,1.337
1,1784433147.790823,1211,nan,nan,nan,nan,nan,nan,nan,nan,nan,nan,nan,nan,nan
1,1784433147.850663,1214,nan,nan,nan,nan,nan,nan,nan,nan,nan,nan,nan,nan,nan
1,1784433147.8955472,1217,nan,nan,nan,nan,nan,nan,nan,nan,nan,nan,nan,nan,nan
1,1784433147.9414318,1220,nan,nan,nan,nan,nan,nan,nan,nan,nan,nan,nan,nan,nan
1,1784433148.000272,1223,nan,nan,nan,nan,nan,nan,nan,nan,nan,nan,nan,nan,nan
1,1784433148.045152,1226,nan,nan,nan,nan,nan,nan,nan,nan,nan,nan,nan,nan,nan
1,1784433148.0910296,1229,nan,nan,nan,nan,nan,nan,nan,nan,nan,nan,nan,nan,nan
1,1784433148.149872,1232,nan,nan,nan,nan,nan,nan,nan,nan,nan,nan,nan,nan,nan
1,1784433148.1947525,1235,nan,nan,nan,nan,nan,nan,nan,nan,nan,nan,nan,nan,nan
1,1784433148.2545934,1238,nan,nan,nan,nan,nan,nan,nan,nan,nan,nan,nan,nan,nan
1,1784433148.3144355,1241,nan,nan,nan,nan,nan,nan,nan,nan,nan,nan,nan,nan,nan
1,1784433148.3593972,1244,nan,nan,nan,nan,nan,nan,nan,nan,nan,nan,nan,nan,nan
1,1784433148.4193728,1250,nan,nan,nan,nan,nan,nan,nan,nan,nan,nan,nan,nan,nan
1,1784433148.4799373,1253,nan,nan,nan,nan,nan,nan,nan,nan,nan,nan,nan,nan,nan
1,1784433148.524786,1256,-47.85,-41.87,-2172.17,0.8180621841195187,0.3550789703828785,0.4524303125404373,-0.41958451333290253,0.906486285581089,0.04723822842351297,-0.39334857198773987,-0.2284765608224081,0.8905477876397035,0.6333000000000001
1,1784433148.58466,1259,-48.4,-41.68,-2172.44,0.8290358273347294,0.35709497938366197,0.43032867984181933,-0.4172728474341977,0.9073521607050216,0.050945335979712514,-0.37226733376644494,-0.2217999823329819,0.9012334880859185,0.5314
1,1784433148.629536,1262,-49.58,-42.26,-2172.69,0.8460047420657324,0.3712490410966329,0.38268802684056363,-0.4060803536594929,0.9137679567209471,0.011263553693503205,-0.3455064728396193,-0.1649311091178853,0.9238089664379046,0.35950000000000004
1,1784433148.689343,1265,-50.78,-42.84,-2172.75,0.8605967942311535,0.38427585391000657,0.3342233173505354,-0.40328513555388545,0.9149737011138214,-0.013572977247440353,-0.31102131309661996,-0.1231064351356604,0.9423961738185503,0.22540000000000002
1,1784433148.7497852,1268,-52.17,-43.39,-2173.0,0.861962525823149,0.4090590239763542,0.29948508974586635,-0.4210041297535635,0.9066662592737927,-0.026679899267277925,-0.28244667958222097,-0.1030873862214963,0.9537278773292717,0.14930000000000002
1,1784433148.7946937,1271,-53.86,-43.980000000000004,-2173.23,0.8465654724999743,0.4453417530285065,0.29154351953077606,-0.4550906498796534,0.889654632513132,-0.03751180134356004,-0.2760786140993358,-0.10092253394272623,0.9558217621395578,0.14800000000000002
1,1784433148.8545387,1274,-55.63,-44.2,-2173.54,0.8290576904994351,0.478627980440489,0.28909964054491993,-0.48723207365806026,0.8720348076535094,-0.04647795864249664,-0.27435060091534264,-0.10232570830522464,0.9561700670891266,0.1452
1,1784433148.9141965,1277,-56.9,-44.08,-2173.5,0.8166518237211123,0.5027115990826346,0.28347988810630265,-0.5112727528534003,0.8580360941352079,-0.04872610543540835,-0.2677311543371209,-0.10514327990402986,0.9577394842483712,0.1432
1,1784433148.9740365,1283,-58.120000000000005,-43.15,-2173.63,0.8068601147686498,0.5157868153574956,0.2879942990735995,-0.5243905334616875,0.8498353582457149,-0.052862390138397504,-0.2720134621876055,-0.10836892995111706,0.9561719779464163,0.1348
1,1784433149.0338438,1286,-58.410000000000004,-42.64,-2173.5,0.8070996360499556,0.5168623466695277,0.2853830620119176,-0.5256109727212078,0.8491679264568173,-0.051448401647621905,-0.2689298846225436,-0.10847648257709322,0.9570316451845293,0.12340000000000001
1,1784433149.0787249,1289,-58.78,-42.050000000000004,-2173.36,0.8052055493674644,0.5183305843967535,0.2880580298251717,-0.5263073610732899,0.8484769275150047,-0.055564963374115525,-0.27321161202977684,-0.10686584465401942,0.9559995325827693,0.1348
1,1784433149.1385648,1292,-59.24,-41.34,-2173.04,0.8071690674401788,0.5192795449256327,0.2807611988676146,-0.5281587715816344,0.8477048213188649,-0.049445403367053484,-0.2636786084784493,-0.10837568977671821,0.9585031566438837,0.12510000000000002
1,1784433149.199016,1295,-59.99,-40.51,-2172.85,0.8063777898588762,0.5207667292268073,0.2802799917095887,-0.5284073656001878,0.8472719048980247,-0.05399976990638102,-0.265594646033732,-0.10455779693971086,0.9583982215641528,0.1268
1,1784433149.2438972,1298,-60.89,-39.68,-2172.61,0.8051876471701744,0.5244785445527016,0.2767582142384183,-0.5315795481375384,0.8452088033601788,-0.05518389914046553,-0.262861250180488,-0.10268561255762278,0.9593537554662599,0.1403
1,1784433149.303704,1301,-61.75,-38.78,-2172.13,0.8043645350044285,0.5273069250038126,0.27376103022551046,-0.533836256232725,0.8436935223245055,-0.05656935494680441,-0.260799820472595,-0.1006411805907136,0.9601327025004249,0.13570000000000002
1,1784433149.3635712,1304,-62.43,-37.97,-2171.94,0.8044678433182286,0.5284217302270948,0.27129681916808635,-0.5350536026377543,0.8430005314955629,-0.05538723862550486,-0.25797118321874274,-0.10060108807563599,0.9609007699584385,0.1247
1,1784433149.4091582,1307,-62.82,-37.35,-2171.9,0.8036846467464632,0.5278801915311551,0.274651582870086,-0.5345976722756424,0.8432264438999003,-0.05634264020609198,-0.2613356412383842,-0.10154638199837261,0.9598916683259435,0.1302
1,1784433149.4689646,1313,-63.28,-36.83,-2171.9900000000002,0.8040311821057837,0.5282893897393777,0.27284460575641245,-0.5353972091628475,0.8428575351925033,-0.0542310223935737,-0.25861880562366363,-0.10247680741521034,0.9605284052644023,0.131
1,1784433149.5288334,1316,-63.620000000000005,-36.92,-2172.15,0.8035206215960485,0.5300743731792241,0.27087962191451886,-0.5346736616145266,0.8427044275272318,-0.06303430337296823,-0.2616843255634828,-0.09418283667767302,0.9605471914641842,0.1291
1,1784433149.5886445,1319,-64.11,-37.06,-2172.03,0.8060014875469476,0.5321230801732879,0.25924241477621035,-0.5345011070592453,0.8424708805069193,-0.06746393147702967,-0.2543033004594105,-0.08418932856834523,0.9634531583479615,0.1144
1,1784433149.6485293,1322,-64.44,-37.17,-2172.35,0.8056810887611446,0.5333655930354168,0.25768028131511045,-0.5316727287962377,0.8429321832844888,-0.0823980815165439,-0.26115530373135937,-0.07061500229570833,0.9627104594756194,0.1187
1,1784433149.693394,1325,-64.73,-37.13,-2172.35,0.8067855992974066,0.5335277251636331,0.253860519277896,-0.5306632736606608,0.8432376578941481,-0.08571313958164378,-0.2597950860853126,-0.06556232752816483,0.9634355683983307,0.1184
1,1784433149.753937,1328,-64.94,-37.07,-2172.39,0.8093169810406751,0.5332156452977385,0.2463475183737882,-0.5305431233772884,0.843588524508488,-0.08296020464453588,-0.2520516185948403,-0.06355687946484119,0.9656244117856656,0.11320000000000001
1,1784433149.8144395,1331,-65.13,-36.97,-2172.6,0.8075915288540751,0.5324364982829941,0.2535888361487563,-0.5273731922059056,0.844467780668276,-0.09355043322053305,-0.26395726674158904,-0.058185416638018635,0.9627777618043376,0.1255
1,1784433149.8592863,1334,-65.26,-36.87,-2172.48,0.8093489351462472,0.5325672033792554,0.2476418281761679,-0.529293441197077,0.8441217777928719,-0.0854802746928083,-0.25456385109318325,-0.06189182612106604,0.9650733897357275,0.1245
1,1784433149.9191773,1340,-65.83,-37.12,-2172.52,0.8199715931689433,0.5273287287926101,0.2226454539979531,-0.5119662140685999,0.8496019089313662,-0.1267564278150924,-0.25600230867757656,-0.010050280102971208,0.966623923675388,0.1283
1,1784433149.9789994,1343,-66.05,-37.22,-2172.68,0.8338703247028628,0.5146815418365052,0.19940710135985598,-0.4901250019015086,0.8565914350010745,-0.16133380301054748,-0.25384594558705936,0.036797064768779225,0.9665444697133257,0.12840000000000001
1,1784433150.0388396,1346,-66.17,-37.27,-2172.56,0.8406910174314496,0.509213229056063,0.18422947800059425,-0.4828449649173811,0.8589105771503087,-0.1706849738941792,-0.2451516939855953,0.05453904852141356,0.9679494507061678,0.11950000000000001
1,1784433150.0986843,1349,-66.18,-37.28,-2172.62,0.8414950265507817,0.5072526465398477,0.18595933122223207,-0.4781973961217203,0.8594901023812622,-0.18056581695064625,-0.25142269315379223,0.06301996895403976,0.9658235412746607,0.13190000000000002
1,1784433150.1435595,1352,-66.17,-37.230000000000004,-2172.61,0.841970942329849,0.5072963703639587,0.1836717857694513,-0.47911887806476483,0.8595625783100515,-0.17775622253788348,-0.2480524802418774,0.06166495426520475,0.966781981866296,0.1283
1,1784433150.20368,1355,-66.14,-37.08,-2172.51,0.8424417043218195,0.5072974161104873,0.18149740060665012,-0.4806304560378693,0.8598196053523245,-0.17235025668853038,-0.24348786324615337,0.05796186556172652,0.968170482194343,0.1136
1,1784433150.2638202,1358,-66.14,-36.910000000000004,-2172.46,0.8420226239845283,0.5075914512232471,0.1826165910953543,-0.48230267025749596,0.8600142707656745,-0.16661208942293018,-0.24162374668210704,0.0522146792048299,0.9689641852591034,0.115
1,1784433150.3093429,1361,-65.99,-36.58,-2172.4700000000003,0.8375692485209467,0.5095229585066461,0.19713982014471712,-0.4861039645062999,0.8597256944721944,-0.1567630886259939,-0.2493605614833964,0.03546949420189033,0.9677609339902844,0.1173
1,1784433150.3691785,1367,-66.09,-36.21,-2172.32,0.8354727398205658,0.5112491373360938,0.20151828847481018,-0.4892985570453806,0.8589990053330768,-0.15069051366988184,-0.25014440447474595,0.02729520855176525,0.967823717678013,0.1178
1,1784433150.4290245,1370,-66.17,-36.08,-2172.13,0.8348602562820099,0.5122256121546276,0.20157696974990424,-0.4904187177923324,0.8584399108327785,-0.15023448581579346,-0.24999566740178003,0.0265676822893575,0.9678823918938241,0.1197
1,1784433150.4888635,1373,-66.27,-35.99,-2172.04,0.8343036120004627,0.5131318073557483,0.2015768619728079,-0.49215015810813356,0.8579868542064382,-0.14712844688597496,-0.24844658354889942,0.023543710174128308,0.9683594316337897,0.1269
1,1784433150.548705,1376,-66.29,-35.94,-2172.03,0.8341685392864,0.5132060758339008,0.2019464577356138,-0.4916149584126551,0.8578894571408165,-0.14946709334016717,-0.24995515743772312,0.025400847501674463,0.9679241789605628,0.12200000000000001
1,1784433150.593583,1379,-66.32000000000001,-35.9,-2171.95,0.8344395245015453,0.5135996306340458,0.19981516299371938,-0.4929341968075334,0.8577100717104812,-0.1461140325366221,-0.24642759092144464,0.02342759695258684,0.9688780058055194,0.11800000000000001
1,1784433150.6539724,1382,-66.31,-35.92,-2172.09,0.8331707397373391,0.5134711195339907,0.20536291741705795,-0.49101565163921945,0.8577073429882863,-0.1524524307096707,-0.25442120251828043,0.026182497751063908,0.9667390177916001,0.128
1,1784433150.713812,1385,-66.32000000000001,-35.910000000000004,-2172.04,0.8338371536402275,0.5135718767153674,0.20238460577874828,-0.4914637262229682,0.8576271486116749,-0.15145652766138445,-0.2513543455287759,0.026825387439211073,0.9675233286968006,0.1301
1,1784433150.7586918,1388,-66.33,-35.9,-2172.01,0.8347032424053255,0.5134923500138305,0.19898769709534833,-0.4926498066058078,0.8577422926819749,-0.14688201862695507,-0.24610295644160085,0.024571646708000404,0.9689321797776976,0.1247
1,1784433150.8184998,1394,-66.33,-35.9,-2171.98,0.8339151045524791,0.5138076616717943,0.20146286309538777,-0.4925694263025407,0.8575594039697196,-0.1482134573346334,-0.2489195827395142,0.02436299387313276,0.968217685160896,0.1174
1,1784433150.8790658,1397,-66.32000000000001,-35.910000000000004,-2172.04,0.8337198297153501,0.5136308024729087,0.20271814001327906,-0.4914348631048668,0.8575893381748675,-0.1517639692874877,-0.2517995648616343,0.026905869244990867,0.9674053200885672,0.1253
1,1784433150.9388728,1400,-66.32000000000001,-35.9,-2172.03,0.8337362712467984,0.5133949395537124,0.20324730268351632,-0.4916764356717093,0.8577882353863608,-0.14984533972705538,-0.2512729842475081,0.024999585464424573,0.9675933588620576,0.1236
1,1784433150.998746,1403,-66.33,-35.9,-2171.9900000000002,0.8336710153483065,0.5136946454054823,0.20275711935678054,-0.4921261328056937,0.8576166946587964,-0.1493501739276976,-0.25060827515833695,0.02472683409287492,0.9677727399022494,0.12660000000000002
1,1784433151.0436287,1406,-66.34,-35.89,-2171.9,0.8350681608970206,0.513817712840847,0.1966024532580108,-0.4936557426156706,0.8575752705617189,-0.1444599013690828,-0.24282745816451282,0.02357993409649897,0.9697828686202733,0.1173
1,1784433151.103433,1409,-66.33,-35.9,-2172.01,0.8339440382580171,0.5135804338643825,0.20192196266276616,-0.49198745470223126,0.8576670014999986,-0.1495180890515302,-0.24997136929962757,0.025346646517321596,0.9679214131533589,0.1292
1,1784433151.1634138,1412,-66.32000000000001,-35.9,-2171.9900000000002,0.8339975613477426,0.5138593456524116,0.2009891553086718,-0.49240847006296795,0.8574990576970796,-0.14909481767944785,-0.24896177673744474,0.025375951889454476,0.9681808171976135,0.12350000000000001
1,1784433151.2087975,1415,-66.34,-35.89,-2171.93,0.8345694198056012,0.5138109058424402,0.1987265371376297,-0.4935032027890619,0.8576004541572433,-0.14483110807498642,-0.24484377133650057,0.022799431279344046,0.9692944411122236,0.11900000000000001
1,1784433151.2686374,1421,-66.33,-35.89,-2172.12,0.8330467235245722,0.5132095492997626,0.20651662144367436,-0.4900524168660286,0.8578104710817129,-0.1549510388036627,-0.2566744731147598,0.02787748572064077,0.9660957823327645,0.1278
1,1784433151.3284829,1424,-66.34,-35.9,-2171.9900000000002,0.8344756089200934,0.5138293590080344,0.19907246906298198,-0.4930777041251885,0.8575528223569678,-0.14655215645711914,-0.24601795831213702,0.02413600399799956,0.9689647142692742,0.11330000000000001
1,1784433151.388332,1427,-66.33,-35.9,-2172.04,0.8335827508756617,0.5135459789407502,0.20349527010805668,-0.49148533837313185,0.8576686162801225,-0.15115127128935446,-0.2521546343155572,0.02598215083334343,0.9673380837283627,0.1269
1,1784433151.4487946,1430,-66.34,-35.89,-2171.92,0.8345312366337059,0.5138638040220294,0.1987501094304781,-0.4934003796230039,0.8575547691917458,-0.14545062125810018,-0.24518091375654266,0.02331970738455167,0.9691968379937099,0.1178
1,1784433151.5086343,1433,-66.34,-35.9,-2172.03,0.8341832642913404,0.513738534152979,0.20052680644390686,-0.49222846782622065,0.8575560972734314,-0.14936089009714737,-0.24869543027103425,0.02588935216472914,0.9682356760659027,0.1226
1,1784433151.5685418,1439,-66.33,-35.9,-2172.0,0.8339366610140072,0.5139323792175584,0.20105510440819022,-0.49273440665457724,0.8574822212843125,-0.1481115953599951,-0.24852052212155493,0.02444892171652835,0.9683180264310526,0.1165
1,1784433151.6290786,1442,-66.33,-35.9,-2171.96,0.834211565798269,0.5137168628403923,0.2004645812153004,-0.4930939620613376,0.8576551446707615,-0.14589721518393364,-0.24687933908501217,0.022861269719777037,0.9687765244264267,0.11810000000000001
1,1784433151.6749558,1445,-66.33,-35.89,-2172.0,0.8340784272476278,0.5136459272269228,0.2011990025902678,-0.4919654727519763,0.8576058093439526,-0.14994081965705208,-0.24956592479753392,0.02607944061322702,0.9680065660713532,0.12340000000000001
1,1784433151.7338312,1448,-66.35,-35.9,-2171.9900000000002,0.8347830827065787,0.5138451090150115,0.19773823294510315,-0.49357668358516027,0.8575676877275156,-0.1447747159788496,-0.24396569891682632,0.023256502467759597,0.9695049627748128,0.10790000000000001
1,1784433151.7936373,1451,-66.34,-35.89,-2172.01,0.8341760157141819,0.5138078851774459,0.20037922032160277,-0.4929347372220695,0.8575760857933501,-0.14689656876580132,-0.24731704277510305,0.023763716141148063,0.9686431572814317,0.1189
1,1784433151.8534853,1454,-66.33,-35.910000000000004,-2172.01,0.8338680283722782,0.5137069523022837,0.20191403719114864,-0.4917485542362126,0.8575539573381734,-0.15094558509685824,-0.2506939781189887,0.026577761567472925,0.9677014787241666,0.12760000000000002
1,1784433151.913324,1457,-66.33,-35.89,-2172.05,0.8335873894933216,0.5136031334243145,0.20333195866473028,-0.49140017023087884,0.857616836705022,-0.15172090856943607,-0.25230524523832853,0.02655527700472464,0.9672832472902803,0.1237
1,1784433151.9588554,1460,-66.35,-35.9,-2171.98,0.8346162937030387,0.5138699873441797,0.19837660747249247,-0.49344089757134374,0.8575481647940493,-0.14535207484705673,-0.24480956453821276,0.023426078742512357,0.9692881387623392,0.1158
1,1784433152.0187292,1466,-66.34,-35.9,-2172.02,0.8338976643165548,0.5135395177399815,0.2022173315192886,-0.49202294976559924,0.8577042558914088,-0.14918721905620339,-0.2500561983861894,0.02491130556900176,0.9679108040018433,0.1254
1,1784433152.0785654,1469,-66.32000000000001,-35.9,-2172.05,0.8334423808062578,0.5135844719172419,0.20397251795642612,-0.4909996827394667,0.8575996300094058,-0.15310841308521667,-0.2535608594119758,0.027456598719035583,0.9669296901848873,0.1305
1,1784433152.1240995,1472,-66.34,-35.9,-2172.01,0.8345054363946256,0.5139840950243703,0.19854729081454328,-0.4933318416927966,0.8574616642297482,-0.14622991605121077,-0.24540654147721724,0.024079959267611178,0.9691211404988858,0.12050000000000001
1,1784433152.1839716,1475,-66.34,-35.89,-2171.96,0.8346363559421053,0.5136283217634645,0.1989173205684467,-0.4925324441057281,0.8576346721470637,-0.14790050924332923,-0.24656428136070513,0.02546990800229429,0.96879169017051,0.1241
1,1784433152.2438157,1478,-66.35,-35.89,-2171.91,0.834887194934075,0.5139759739267348,0.19695702567102316,-0.49378087006235755,0.8574840100759906,-0.1445739424116922,-0.24319503304050596,0.023449321739926293,0.9696939234698568,0.11460000000000001
1,1784433152.3036542,1481,-66.34,-35.89,-2171.98,0.8339281418832916,0.5136750720443295,0.2017468079929234,-0.4923066745350107,0.8576302364463133,-0.1486758747790629,-0.24939525332964876,0.02466369585632741,0.968087656012278,0.1258
1,1784433152.3641262,1487,-66.33,-35.9,-2172.08,0.8337182780203014,0.5136118309674442,0.20277258193634726,-0.49146321369272056,0.8576066728466655,-0.15157408840463227,-0.2517493644116831,0.026714823209999215,0.9674236795423046,0.12350000000000001
1,1784433152.4239688,1490,-66.34,-35.9,-2171.98,0.8342497377632931,0.5138020080130764,0.2000871600168471,-0.4926440344483608,0.8575464734315231,-0.14804020139002935,-0.24764739119223336,0.024930753436042764,0.9685294147153158,0.114
1,1784433152.4838123,1493,-66.43,-36.02,-2172.03,0.8313229514563409,0.5179825303312543,0.20148510777114345,-0.4959754440130544,0.8549917659204048,-0.15164906575498918,-0.2508196749020531,0.026137683140223338,0.9676808937878694,0.127
1,1784433152.5436594,1496,-66.61,-36.22,-2171.95,0.8274391726558333,0.5250890962039388,0.19906244397766346,-0.5029976819115959,0.8506351576627935,-0.15301359593041144,-0.24967528421169521,0.026481495345332007,0.9679674492761026,0.13090000000000002
1,1784433152.6035051,1499,-66.66,-36.27,-2171.95,0.8261461004130899,0.5268512844903652,0.19977573627219344,-0.5047757063658287,0.8495714257908369,-0.1530682159777244,-0.25036794330569434,0.025614771335635653,0.9678118497178569,0.1278
1,1784433152.6640134,1505,-66.71000000000001,-36.300000000000004,-2172.01,0.8250181165025672,0.5273872656112789,0.20299699385363984,-0.5041346188098049,0.8491823537514566,-0.15728196398388686,-0.25532996996053764,0.027422657569869908,0.9664650041733309,0.12440000000000001
1,1784433152.7238529,1508,-67.03,-36.64,-2171.87,0.8174329238266923,0.5420155425963745,0.1949937604850549,-0.5206413047438466,0.8400505341854283,-0.15247206894838786,-0.24644684384014806,0.023113883246537577,0.9688806436101897,0.1254
1,1784433152.7836912,1511,-67.51,-36.89,-2171.88,0.8101625635975563,0.5554821677015874,0.18728636338660964,-0.5338290503849722,0.8311139858187624,-0.15580785455659465,-0.2422048007577771,0.026250789359477254,0.9698699554826359,0.1111
1,1784433152.844161,1514,-67.43,-36.84,-2171.9,0.8108173470789428,0.554124451932498,0.188471009564798,-0.5319523686235772,0.8319785151558172,-0.15760211875126437,-0.24413501836408327,0.02752893186504948,0.9693504272030515,0.10310000000000001
1,1784433152.8900027,1517,-67.54,-36.96,-2172.0,0.8104493879602872,0.5552141085047879,0.18683972616129896,-0.5312942848264914,0.8309993227836246,-0.16482265755612655,-0.24677555078553212,0.03431354325030595,0.9684649752490312,0.10600000000000001
1,1784433152.9488664,1520,-67.68,-37.02,-2171.96,0.8164094182282402,0.5522987621747855,0.16864678807622227,-0.5289404330702467,0.8323856855961741,-0.1653967613892333,-0.23172759889941086,0.04582736862167584,0.9717006597679796,0.091
1,1784433153.0087209,1523,-70.66,-35.52,-2170.54,0.835757274486534,0.5483941431327323,0.027814419292097114,-0.5440840134808677,0.8338914920559215,-0.0927230594366899,-0.07404299033258482,0.062360590555776974,0.9953033669832246,0.1129
1,1784433153.0691981,1529,-73.67,-33.31,-2169.53,0.8313869726113912,0.5504253545104341,-0.07633892116167632,-0.5526581187524001,0.8333457272439174,-0.010193265490717094,0.0580060820011463,0.05066387269415128,0.9970298222493181,0.12250000000000001
1,1784433153.129069,1532,-73.93,-33.33,-2169.39,0.8229372682313814,0.5626794709687941,-0.07852429882622154,-0.5645693267277855,0.8253824921308764,-0.002284075734117446,0.06352737893229052,0.04621206156515952,0.9969095834085915,0.1264
1,1784433153.1740189,1535,-74.04,-33.31,-2169.38,0.8188682101696475,0.56841615334774,-0.0797366351617416,-0.5699063677992134,0.8216953287800137,0.004849598232114681,0.06827581061741989,0.04147123430118557,0.9968041685356609,0.1207
1,1784433153.233799,1538,-74.05,-33.28,-2169.28,0.8177231810431932,0.5697012742091324,-0.08227549665053419,-0.5709714083976131,0.8209152203833452,0.009479015529576959,0.0729414146904706,0.0392257454671651,0.996564544279746,0.1078
1,1784433153.2936292,1541,-74.03,-33.26,-2169.38,0.8182244756945293,0.5690874257213331,-0.08153655168253504,-0.5704955236686264,0.8212698075278116,0.007124655591042914,0.07101806001625474,0.04068667016477666,0.9966448866183132,0.1062
1,1784433153.3382838,1544,-73.99,-33.230000000000004,-2169.33,0.8193762326218131,0.5680877765888367,-0.07680408520929229,-0.5695460941567482,0.8219519696252644,0.0034937458323408255,0.06511402341490545,0.04088077444839291,0.9970400825619915,0.12340000000000001
1,1784433153.3981202,1547,-74.0,-33.2,-2169.34,0.8192163112515448,0.5683723513248959,-0.07640357078580297,-0.5696855679536895,0.8218445248570475,0.005470889121152056,0.06590135844346702,0.03904417001170369,0.9970619658493663,0.11950000000000001
1,1784433153.4579616,1550,-73.85000000000001,-33.19,-2169.38,0.8210303236610262,0.5663727714777314,-0.07163163657005027,-0.5676360256552173,0.823273192907838,0.0032545687399378642,0.06081570526944253,0.03798859786787402,0.9974258450755188,0.1255
1,1784433153.5177677,1556,-71.33,-34.86,-2170.17,0.8346219082738096,0.5506737645592679,0.012832585690681965,-0.5487893966175835,0.8333146330152424,-0.06645991696338627,-0.047291314101991555,0.04842651576146759,0.9977065721852848,0.09910000000000001
1,1784433153.577628,1559,-68.12,-37.1,-2172.61,0.8218422800650034,0.5445057450640667,0.16759701754441234,-0.5135585052196873,0.8354087214437667,-0.19583138117322035,-0.2466433222572157,0.07487163500229209,0.9662097649361688,0.09380000000000001
1,1784433153.6232948,1562,-67.42,-36.62,-2172.42,0.7976003944361997,0.5629116757311663,0.21671191965544717,-0.5372993261928284,0.8263157946322617,-0.1688539061259367,-0.2741223173474778,0.018238773719314018,0.9615218678039854,0.07200000000000001
1,1784433153.6833243,1565,-67.11,-36.53,-2172.7,0.7948117038654682,0.5562368364615309,0.24264158168322983,-0.5279389558334143,0.8309454566419339,-0.1755280803736326,-0.2992571040292872,0.01141182936238933,0.9541042688504271,0.0985
1,1784433153.7431648,1568,-66.68,-35.9,-2172.68,0.7908019749523001,0.5502848988958339,0.2679902357526174,-0.5264741770761214,0.8348598433449872,-0.160729533197866,-0.31218132116377867,-0.013984706546261293,0.9499196022291847,0.11170000000000001
1,1784433153.7890086,1571,-66.38,-35.2,-2172.66,0.7851439514088364,0.5457820797346259,0.29269591217962865,-0.5306166190193972,0.8365444936876739,-0.13652587191172585,-0.3193665279683242,-0.048116852779243796,0.9464088911734072,0.12250000000000001
1,1784433153.8478513,1574,-66.2,-34.67,-2172.61,0.7808573287083563,0.5425814788437633,0.3096242416513354,-0.5338448173911245,0.8369715771181035,-0.12036731300926794,-0.3244557645459338,-0.07130159824400306,0.9432097004064177,0.12760000000000002
1,1784433153.9076943,1577,-65.96000000000001,-34.14,-2172.75,0.7758846323389559,0.5388759088214342,0.3280484601276413,-0.5362123077605067,0.8372587601852455,-0.10711736320138472,-0.33238441345284964,-0.09279290589769829,0.9385680999845808,0.1269
1,1784433153.9682114,1583,-64.86,-32.7,-2173.09,0.7608824167624757,0.5219349210966985,0.3855410302438345,-0.5514259678167351,0.8332738955261467,-0.03979971170821659,-0.3420341355465433,-0.18231443490426996,0.9218319244561155,0.13490000000000002
1,1784433154.0280488,1586,-64.34,-32.11,-2173.17,0.7554822047824676,0.5132863958346738,0.40716546281342686,-0.5601797176169473,0.8283568507865701,-0.004859189804206103,-0.33977245654646415,-0.22441480255546095,0.9133414882541877,0.12250000000000001
1,1784433154.0729015,1589,-64.09,-31.810000000000002,-2173.25,0.7510547323424118,0.5083781235538473,0.42127007075976536,-0.5634915209392355,0.826085845897584,0.0077123950404783485,-0.34408442983613147,-0.24317454369144492,0.9069024459360567,0.1257
1,1784433154.1327415,1592,-64.04,-31.77,-2173.28,0.7491484313976333,0.5071326946098778,0.4261373696264971,-0.5643245019818796,0.8254962619788649,0.009683900134994889,-0.3468637833463864,-0.24773443748628388,0.9046066351105243,0.1306
1,1784433154.192588,1595,-64.07000000000001,-31.810000000000002,-2173.25,0.749829514924332,0.5067735503168238,0.42536603913291277,-0.563770998866033,0.8258720690392802,0.009878583824304028,-0.34629172584099727,-0.24721629048276755,0.9049674835782795,0.11720000000000001
1,1784433154.2380157,1598,-64.33,-32.12,-2173.01,0.7532871717942281,0.5096369685857899,0.4157265893119415,-0.561283456917702,0.8276199845644172,0.002458076505731108,-0.342810906770434,-0.2351920946806683,0.9094863169938029,0.1298
1,1784433154.2978878,1601,-64.33,-32.46,-2172.82,0.7563335881733918,0.5134868201400058,0.40532800167675004,-0.5581777532059429,0.8296669010387151,-0.009509424103503911,-0.3411701909996353,-0.21905277643371734,0.9141218638179223,0.1331
1,1784433154.3576958,1604,-64.05,-32.88,-2172.7400000000002,0.7590336843272021,0.5163079267484288,0.39660306457894645,-0.5569065268744401,0.830435105325416,-0.015253070766684045,-0.3372283890500939,-0.20929324074108063,0.9178634718730092,0.1217
1,1784433154.4176197,1610,-62.89,-34.35,-2172.58,0.7628893360309874,0.5245319846863582,0.37797626646548776,-0.5503711374425903,0.8336495381040125,-0.046044095051549105,-0.3392513405137094,-0.17290067859889008,0.9246696076435597,0.1368
1,1784433154.4780583,1613,-62.09,-35.32,-2172.87,0.7651879908713767,0.5315899501844947,0.3631796573172462,-0.5482292925340876,0.8337725118300436,-0.06533024815653005,-0.33753811849004534,-0.1491158052637826,0.9294258954788885,0.14600000000000002
1,1784433154.5229383,1616,-60.96,-36.31,-2173.16,0.7565554860867171,0.5482965270345017,0.3563631783924861,-0.5619371170022699,0.8238157507576902,-0.07452707788931698,-0.33444053732654494,-0.14386982743246443,0.9313704954245032,0.1378
1,1784433154.5827463,1619,-59.27,-37.01,-2173.76,0.7533880356711793,0.556599571673305,0.35014766102405315,-0.5709786448993578,0.8178435875194362,-0.07152099986878978,-0.32617457714606596,-0.14604377140580732,0.933960043073125,0.1321
1,1784433154.6425853,1622,-57.15,-37.550000000000004,-2175.04,0.7500314725442405,0.5561384782345805,0.35799830058261917,-0.5699333534122898,0.8180913745067152,-0.07682757074081868,-0.3356020900729615,-0.14641207595221997,0.9305561461588555,0.14400000000000002
1,1784433154.6875021,1625,-54.78,-38.0,-2176.25,0.751501451985554,0.5522045744771616,0.36099262539572896,-0.5669120533755351,0.8203803098896156,-0.07474537365585186,-0.3374259791437802,-0.14847981368494262,0.9295684232626161,0.13470000000000001
1,1784433154.747342,1628,-52.300000000000004,-38.34,-2177.59,0.7578617356716298,0.5470784637295069,0.35545849846099753,-0.56594617729078,0.8223288772808329,-0.05899272836543148,-0.3245774391647352,-0.1564620468784913,0.9328285554547819,0.131
1,1784433154.807182,1631,-49.96,-38.7,-2179.43,0.7562211731770608,0.5417325486896905,0.36695419731743406,-0.5603188099851445,0.8257716272554656,-0.06437430230062526,-0.33789401950247905,-0.15693012875172496,0.9280089257514853,0.1462
1,1784433154.8670247,1637,-45.800000000000004,-39.56,-2182.86,0.7531435508642683,0.531483870732893,0.3876850357472449,-0.5540910478150866,0.8301681598678694,-0.06167606563955693,-0.3546236068322872,-0.16836187660030663,0.9197262505685495,0.15130000000000002
1,1784433154.9268475,1640,-44.08,-40.1,-2184.62,0.732952992505441,0.5274922288712809,0.4295717160821081,-0.5501437620554793,0.8310526840007979,-0.08181245312612434,-0.4001521608697911,-0.17636151761503524,0.8993191109143398,0.129
1,1784433154.9717305,1643,-42.800000000000004,-40.95,-2186.15,0.6907100890899635,0.5288713199624475,0.4931680238524321,-0.5398929121751777,0.8308600701339497,-0.13485988002372615,-0.4810771416439785,-0.17310884084351733,0.8594173101639697,0.2772
1,1784433155.0315368,1646,-41.88,-41.85,-2187.57,0.6366701509235407,0.5317795493412162,0.5584457268396356,-0.5234483792904434,0.8298137591252198,-0.19341902539481348,-0.5662622300146848,-0.16917339054628083,0.8066767945031464,0.5569000000000001
1,1784433155.0914106,1649,-41.230000000000004,-42.78,-2189.04,0.5663199221182783,0.5383042806011227,0.6241075606804126,-0.501010783851507,0.8261151316298454,-0.2579185603183714,-0.654423364708539,-0.16662019919178694,0.7375417065799353,1.002
1,1784433155.151217,1652,nan,nan,nan,nan,nan,nan,nan,nan,nan,nan,nan,nan,nan
1,1784433155.211057,1655,nan,nan,nan,nan,nan,nan,nan,nan,nan,nan,nan,nan,nan
1,1784433155.2565684,1658,nan,nan,nan,nan,nan,nan,nan,nan,nan,nan,nan,nan,nan
1,1784433155.301451,1661,nan,nan,nan,nan,nan,nan,nan,nan,nan,nan,nan,nan,nan
1,1784433155.3613257,1667,nan,nan,nan,nan,nan,nan,nan,nan,nan,nan,nan,nan,nan
1,1784433155.421164,1670,nan,nan,nan,nan,nan,nan,nan,nan,nan,nan,nan,nan,nan
1,1784433155.466011,1673,nan,nan,nan,nan,nan,nan,nan,nan,nan,nan,nan,nan,nan
1,1784433155.5258794,1676,nan,nan,nan,nan,nan,nan,nan,nan,nan,nan,nan,nan,nan
1,1784433155.5707598,1679,nan,nan,nan,nan,nan,nan,nan,nan,nan,nan,nan,nan,nan
1,1784433155.616608,1682,nan,nan,nan,nan,nan,nan,nan,nan,nan,nan,nan,nan,nan
1,1784433155.6754513,1685,nan,nan,nan,nan,nan,nan,nan,nan,nan,nan,nan,nan,nan
1,1784433155.7208436,1688,nan,nan,nan,nan,nan,nan,nan,nan,nan,nan,nan,nan,nan
1,1784433155.7666888,1691,nan,nan,nan,nan,nan,nan,nan,nan,nan,nan,nan,nan,nan
1,1784433155.825564,1694,nan,nan,nan,nan,nan,nan,nan,nan,nan,nan,nan,nan,nan
1,1784433155.8704112,1697,nan,nan,nan,nan,nan,nan,nan,nan,nan,nan,nan,nan,nan
1,1784433155.9168682,1700,nan,nan,nan,nan,nan,nan,nan,nan,nan,nan,nan,nan,nan
1,1784433155.9757106,1703,nan,nan,nan,nan,nan,nan,nan,nan,nan,nan,nan,nan,nan
1,1784433156.0205905,1706,nan,nan,nan,nan,nan,nan,nan,nan,nan,nan,nan,nan,nan
1,1784433156.0655031,1709,nan,nan,nan,nan,nan,nan,nan,nan,nan,nan,nan,nan,nan
1,1784433156.1253119,1712,nan,nan,nan,nan,nan,nan,nan,nan,nan,nan,nan,nan,nan
1,1784433156.1701918,1715,nan,nan,nan,nan,nan,nan,nan,nan,nan,nan,nan,nan,nan
1,1784433156.2150717,1718,nan,nan,nan,nan,nan,nan,nan,nan,nan,nan,nan,nan,nan
1,1784433156.2749472,1721,nan,nan,nan,nan,nan,nan,nan,nan,nan,nan,nan,nan,nan
1,1784433156.3198192,1724,nan,nan,nan,nan,nan,nan,nan,nan,nan,nan,nan,nan,nan
1,1784433156.3647046,1727,nan,nan,nan,nan,nan,nan,nan,nan,nan,nan,nan,nan,nan
1,1784433156.4245439,1730,nan,nan,nan,nan,nan,nan,nan,nan,nan,nan,nan,nan,nan
1,1784433156.4694169,1733,nan,nan,nan,nan,nan,nan,nan,nan,nan,nan,nan,nan,nan
1,1784433156.5152686,1736,nan,nan,nan,nan,nan,nan,nan,nan,nan,nan,nan,nan,nan
1,1784433156.574147,1739,-33.05,-31.5,-2219.57,0.6875260387866132,0.42567615476633086,0.5883092360772003,-0.4396447919671175,0.8888133246811855,-0.12931871776880452,-0.5779449825775619,-0.16973710593894434,0.7982286088464213,0.25020000000000003
1,1784433156.619636,1742,-32.04,-30.11,-2220.4900000000002,0.7259818427294787,0.41458861629397137,0.5486954011713241,-0.4443053292733468,0.8917447709129821,-0.08593042493003081,-0.5249220307878238,-0.1814043626509654,0.831594443707258,0.1388
1,1784433156.679476,1745,-31.1,-28.78,-2221.4,0.7481616241373638,0.40689445774807537,0.5241098018755627,-0.44634072017852094,0.8930958948202895,-0.05621106799968932,-0.490952284523314,-0.19187658249261724,0.8497936404870846,0.1269
1,1784433156.7400424,1748,-30.32,-27.47,-2222.28,0.7577021251142656,0.40154546126529417,0.5144402124003993,-0.446292980478284,0.8939718828635024,-0.04045798098390874,-0.4761408039363311,-0.19893595750071544,0.8565713161436925,0.1364
1,1784433156.7849417,1751,-29.62,-26.18,-2223.37,0.7575535041355602,0.39771067561224416,0.5176281550263526,-0.4432721777775004,0.8955239368925821,-0.03932753311361633,-0.47918938300042246,-0.1996574490382536,0.8547013737342484,0.1245
1,1784433156.8447707,1754,-28.93,-24.88,-2224.31,0.7603317589214876,0.3939104982743136,0.5164592294892587,-0.43699519698798595,0.8984854131772376,-0.041942342771476036,-0.4805526133367586,-0.1938001074741977,0.8552839903553681,0.112
1,1784433156.9044785,1757,-28.3,-23.71,-2225.44,0.7637854616379128,0.3919239111329797,0.5128619857942179,-0.43160249212491425,0.9009058367517668,-0.045694223903707316,-0.4799490153986397,-0.1864519272864376,0.8572541171840758,0.1047
1,1784433156.9643323,1763,-27.32,-21.69,-2227.27,0.7664840707257845,0.3913600159547036,0.5092538730687916,-0.41778837424001497,0.9060358777794898,-0.06746749236658153,-0.4878063587874966,-0.1610475895140432,0.8579677326322945,0.09730000000000001
1,1784433157.024182,1766,-26.85,-20.18,-2226.63,0.8138807800768673,0.38574189577079593,0.43451267607357863,-0.4334380015878901,0.9011047455699155,0.011905305156700434,-0.38694905943930974,-0.19802380502992664,0.9005870296870278,0.913
1,1784433157.06913,1769,-26.39,-18.77,-2228.05,0.7927526988682133,0.3813641959540964,0.4755044778773902,-0.4200537190476885,0.9070915371348534,-0.02719956566812456,-0.4416990282436327,-0.17817489526477812,0.8792927130063208,0.5591
1,1784433157.129119,1772,-25.990000000000002,-17.28,-2229.37,0.7715464337603833,0.37591229247155805,0.5132309898285684,-0.4089931523397341,0.9110298608776045,-0.05243275625541336,-0.48727887486617083,-0.1694536543073366,0.8566473937105327,0.258
1,1784433157.190149,1775,-25.6,-15.69,-2230.59,0.758398352924811,0.37041116207822294,0.5363091545823122,-0.40341043719598657,0.9130405168102085,-0.06014178102027178,-0.5119491746670531,-0.1707412828545217,0.8418761529387296,0.1834
1,1784433157.235092,1778,-25.43,-14.15,-2231.25,0.7557125106699447,0.3668146383716977,0.5425362866142402,-0.39968381466320646,0.914579109201394,-0.061627115044047394,-0.5187980816398573,-0.1702705907919077,0.8377687487595717,0.2291
1,1784433157.294968,1781,-25.48,-12.8,-2231.78,0.7605088571588895,0.3702515568956969,0.5334229680086829,-0.3970515379711909,0.9151873060975818,-0.06915396555919966,-0.5137862925162481,-0.15920420652157277,0.843017002348259,0.1961
1,1784433157.3549774,1784,-25.92,-11.91,-2231.9500000000003,0.7628561571193805,0.38938039642967454,0.5161718613226803,-0.3985552764667277,0.9118068057209249,-0.09880303963711612,-0.5091209828180145,-0.13035051176452214,0.8507670473973155,0.17370000000000002
1,1784433157.4150064,1790,-27.0,-9.23,-2231.77,0.7804916402222706,0.4185966589854445,0.4643378475090878,-0.4098619218362087,0.9034667478336939,-0.12554298302787778,-0.4720656782396693,-0.09232915381953814,0.8767150750289907,0.1753
1,1784433157.4750323,1793,-27.16,-7.58,-2232.0,0.7824840610077954,0.41958473685584896,0.4600731929447276,-0.4058555315891565,0.904030718542221,-0.1342004001876254,-0.4722287387985104,-0.08171357616481856,0.8776804143440393,0.1693
1,1784433157.5200098,1796,-27.39,-5.96,-2231.98,0.7862040072564286,0.4200978467614227,0.45321193510359997,-0.40540190174288115,0.9041427831925691,-0.13481515368848637,-0.4664038561560023,-0.07774076631479136,0.8811491452731485,0.1889
1,1784433157.5798786,1799,-27.62,-4.36,-2231.93,0.7896712188677537,0.4202532934902885,0.4469972431710082,-0.4026456980861584,0.9047015078205103,-0.13925380985813304,-0.4629209521123733,-0.07001679125652853,0.8836299231225215,0.1852
1,1784433157.6396863,1802,-27.990000000000002,-2.99,-2231.65,0.7920677777292704,0.42129180768232355,0.4417486256489947,-0.397866168509278,0.9051268414548201,-0.1498262755119008,-0.46295912069940076,-0.057084268041040186,0.8845395632211466,0.14850000000000002
1,1784433157.6845655,1805,-28.490000000000002,-1.79,-2231.15,0.7956538815512607,0.424440491085897,0.43218649944112686,-0.398456118691856,0.9041071991520543,-0.15434666798622335,-0.4562539010785926,-0.049400829630589095,0.8884773130375224,0.1583
1,1784433157.7444055,1808,-29.22,-0.75,-2230.3,0.8002742539505484,0.4301257299501671,0.41779537443433834,-0.40332246181543496,0.9017032664833953,-0.15576331727435716,-0.4437252643911884,-0.043852886427360044,0.895089277163434,0.14880000000000002
1,1784433157.80475,1811,-30.02,-0.03,-2229.04,0.8078346200337266,0.4362387123368908,0.3963571779766524,-0.4056207526829732,0.8993642575776704,-0.16314330260437934,-0.42763890336107463,-0.028977888991732804,0.9034850581397127,0.1819
1,1784433157.8645902,1817,-32.08,0.74,-2226.11,0.8291672204194719,0.4556462329489681,0.32383364708019696,-0.41387327816296926,0.8897985697231345,-0.1922691211331182,-0.37575341675689977,0.025397159645891156,0.9263716069037504,0.1754
1,1784433157.9244304,1820,-32.95,0.87,-2224.88,0.8348309884219555,0.4625468882098349,0.298508956277395,-0.4161318984322162,0.8852212587047459,-0.20788835042970846,-0.3604045835968529,0.0493325383959115,0.9314906530812831,0.1661
1,1784433157.9693103,1823,-33.730000000000004,0.81,-2223.86,0.8372051508458175,0.46929754091549103,0.28079770919276587,-0.4184847348243487,0.8802917942248016,-0.22351036606715632,-0.35207678440395157,0.06961447486803832,0.9333786813360485,0.15560000000000002
1,1784433158.0291502,1826,-34.24,1.05,-2222.89,0.8387954541249562,0.4717785208554295,0.2717484377117409,-0.41951173897672306,0.8781978116713198,-0.22973572738351158,-0.3470332649761901,0.07869962411071958,0.9345449599483148,0.15080000000000002
1,1784433158.0889904,1829,-34.660000000000004,1.48,-2221.9,0.8399614207702801,0.4710291454155783,0.2694371091491342,-0.4206905350899,0.8788719713567561,-0.22495228749506643,-0.3427598070126457,0.07560160138885547,0.9363760529638158,0.15910000000000002
1,1784433158.1338704,1832,-35.11,2.18,-2220.92,0.8384633623182122,0.47243769608517117,0.2716280791224905,-0.42628329665069414,0.8791134257019243,-0.2131716110255856,-0.3395021959378979,0.06294607270007173,0.9384966973223628,0.1583
1,1784433158.193779,1835,-35.58,3.24,-2219.76,0.8344318260079296,0.47428401781621027,0.2806745413983694,-0.437009284058522,0.8797274588937121,-0.1873565683798413,-0.33577732709599417,0.03367890307781512,0.9413391089802574,0.1527
1,1784433158.2542794,1838,-36.1,4.58,-2218.88,0.8307362103662903,0.4741378615424581,0.29166871110593884,-0.44575047636851906,0.8804402178986547,-0.16165251474631628,-0.3334424412151117,0.004279130579271441,0.9427607477181009,0.15660000000000002
1,1784433158.314119,1844,-36.46,8.46,-2217.34,0.8294747073412738,0.4537677273295977,0.32567861384383207,-0.44915988663694895,0.888495940373846,-0.09396999614492972,-0.33200467785468213,-0.0683360342229981,0.9407991710823739,0.1514
1,1784433158.3739274,1847,-36.57,10.51,-2216.91,0.8303851960199087,0.44200017777551637,0.33925841047406624,-0.44580210960812666,0.8922842785718339,-0.07133894646324733,-0.3342467730583526,-0.0920033100489011,0.9379842672668471,0.16040000000000001
1,1784433158.4188075,1850,-36.62,12.43,-2216.9700000000003,0.8328470168317494,0.4350341179623595,0.34221508260619876,-0.4422278458266179,0.8948082415640584,-0.061259637646551755,-0.33286690873381314,-0.10031713232419283,0.9376225754706664,0.1589
1,1784433158.4791858,1853,-36.39,14.51,-2217.14,0.8336815024598954,0.4263661130217607,0.3509801848009756,-0.43729409500833805,0.8978166430580331,-0.051953343673369096,-0.337266996498398,-0.1101690206669722,0.9349405114541941,0.1676
1,1784433158.5390255,1856,-35.99,16.78,-2217.91,0.8360043901557824,0.41496691550870396,0.3590252340343929,-0.4310845696673793,0.9015036357565304,-0.03817444842362072,-0.33950368692394034,-0.12285623203952396,0.9325468314321281,0.1578
1,1784433158.5838737,1859,-35.39,19.16,-2218.69,0.8382010637842984,0.40143591626055636,0.36914520423123187,-0.4242448999392115,0.9052998422902642,-0.021176884208746975,-0.34268825708862366,-0.1388574833607102,0.9291304309774225,0.1642
1,1784433158.6444154,1862,-34.86,21.45,-2219.77,0.8395117491904057,0.3885622723307744,0.3797886036894872,-0.4164710792609505,0.9090992924570781,-0.009503504262059813,-0.34895825410854564,-0.1501926661830898,0.9250244861160869,0.17550000000000002
1,1784433158.7042518,1865,-34.35,23.580000000000002,-2220.9,0.8418593539913773,0.3784409043827053,0.38477956025134813,-0.40939802393507535,0.9123544756624872,-0.0016027278881153948,-0.3516618917302189,-0.15617872015299641,0.9230071079228457,0.15860000000000002
1,1784433158.7501004,1868,-33.9,25.560000000000002,-2222.04,0.8422075928833113,0.3680583019818212,0.3939790055725777,-0.4009486528845422,0.916099635274592,0.001279062090204962,-0.36045325388983473,-0.15904258735325635,0.9191185490284767,0.1638
1,1784433158.8089745,1874,-33.1,29.32,-2224.3,0.8493198747290253,0.3451834495146623,0.3993796897332555,-0.3791816622552572,0.925298481461569,0.006632285748843473,-0.36725606516382114,-0.1570703867254195,0.9167616245318705,0.1385
1,1784433158.8688116,1877,-32.660000000000004,31.240000000000002,-2225.57,0.8497163102261037,0.328236534457719,0.41260510125654315,-0.36868196746073983,0.9293415013191839,0.019949456009706164,-0.3769029039487671,-0.16907143866718566,0.9106915227572915,0.1665
1,1784433158.9292662,1880,-32.51,32.67,-2227.08,0.8517272893247991,0.3160588947231563,0.4179322907909927,-0.35781200039853345,0.9335042153829594,0.023247628546702502,-0.3827939354146431,-0.1693418286443794,0.9081806803060433,0.1864
1,1784433158.9891064,1883,-32.54,33.78,-2228.77,0.8546656573492825,0.3034611950922148,0.4212575426279313,-0.3429265022340207,0.9391660522447757,0.019197405462802998,-0.3898051156837976,-0.16086773879236266,0.9067378575986408,0.1558
1,1784433159.0341399,1886,-32.72,34.67,-2230.66,0.8588622297845571,0.2845900886037597,0.42586870244008623,-0.3180889066905411,0.9480273636691608,0.00797277711444986,-0.4014662098980619,-0.14231162708297806,0.9047498455966049,0.16060000000000002
1,1784433159.0939798,1889,-33.04,35.28,-2232.73,0.8627079545105973,0.2662145382338438,0.4299590734675599,-0.29327519464798935,0.9560217326571211,-0.0034794958629554467,-0.4119765107725502,-0.12309454220320941,0.9028416739669571,0.1529
1,1784433159.1537902,1892,-32.910000000000004,35.72,-2234.89,0.8689849619003212,0.2396565915848301,0.43293169680798316,-0.2586732524203649,0.9658413782301589,-0.015446053888859937,-0.4218450953529835,-0.098565461539067,0.9012943832723153,0.16920000000000002
1,1784433159.2142038,1898,-32.55,35.54,-2239.25,0.8641062945898791,0.20847907710613262,0.45810128362527497,-0.22130203894121803,0.974852970638791,-0.026212462631055145,-0.45204614721354397,-0.07872839415166583,0.8885134330687923,0.18380000000000002
1,1784433159.2740438,1901,-32.36,35.12,-2241.2400000000002,0.8546107021860477,0.20259404588011387,0.4781173499079456,-0.2153310562724721,0.9761186856113554,-0.02872016373458624,-0.4725178133294574,-0.07840895468176007,0.8778262652211208,0.16390000000000002
1,1784433159.3338828,1904,-32.160000000000004,34.67,-2242.96,0.8502987031747037,0.19532898232663054,0.48871126858571645,-0.2097731996852695,0.9774129363622768,-0.025674043808412178,-0.4826876009110048,-0.08068792037792946,0.8720677378689478,0.1935
1,1784433159.3937232,1907,-31.970000000000002,34.410000000000004,-2244.71,0.8431676785683212,0.18819470517367018,0.5036377852805565,-0.2099419662582989,0.9776160139762645,-0.01383112507208461,-0.49496730863897254,-0.09407274930475729,0.8638041914791434,0.1703
1,1784433159.4541976,1910,-31.73,34.27,-2246.27,0.8363263888284599,0.17885138163450465,0.5182377394946998,-0.2123115906347854,0.9771871849675188,0.005384609306462692,-0.5054522329867331,-0.11453116965562132,0.8552196509353841,0.1734
1,1784433159.5000756,1913,-31.490000000000002,34.37,-2248.04,0.8296652725134321,0.16597092348789855,0.5330189378828734,-0.21469044404770427,0.9762150850351532,0.030201340771693026,-0.5153285833522255,-0.1394910760815275,0.8455641258200384,0.1859
1,1784433159.558918,1919,-31.09,34.54,-2250.9500000000003,0.8134273794795948,0.1471112994055811,0.5627558652738862,-0.2300727840011207,0.9699619775932447,0.07899541812899864,-0.5342306733752121,-0.1937318445960889,0.822839935840783,0.19940000000000002
1,1784433159.618758,1922,-30.96,34.49,-2252.41,0.8061689617269607,0.144165466373773,0.5738535731816147,-0.2431992065074995,0.9648849844134116,0.09925277229202793,-0.5393938738085526,-0.21957523803644857,0.8129212530983799,0.18810000000000002
1,1784433159.678598,1925,-30.91,34.38,-2253.57,0.8009641479735752,0.1430728518004357,0.5813661434403071,-0.25430506348793225,0.960379777345569,0.11401586709784989,-0.5420197121372652,-0.23916697586281926,0.8056139207531546,0.1904
1,1784433159.7391238,1928,-30.8,34.46,-2254.71,0.7946693012834957,0.13976670279964043,0.5907334173602486,-0.2644012802253625,0.9556692915826973,0.12956916354215953,-0.5464363317100998,-0.25915530848188806,0.796395543353218,0.2253
1,1784433159.7839987,1931,-30.7,34.68,-2255.69,0.7891783420097659,0.13413972117837858,0.5993363660791025,-0.275196344654612,0.9496420860315727,0.14982282979019917,-0.5490578443037282,-0.2831721095725881,0.7863517278983706,0.2417
1,1784433159.8438423,1934,-30.59,34.980000000000004,-2256.46,0.7840109706477797,0.12688028365433418,0.6076414991783576,-0.2881310652157622,0.9414303557398348,0.17518383072988905,-0.5498247785991066,-0.3124264375998995,0.7746498782850737,0.23170000000000002
1,1784433159.903877,1937,-30.5,35.36,-2257.02,0.7782277245561926,0.11749860492325931,0.6168919569691107,-0.302392222150971,0.9310675400588753,0.20413764922549932,-0.5503821878610256,-0.34540890794796103,0.7601132373505333,0.2523
1,1784433159.9485545,1940,-30.400000000000002,35.800000000000004,-2257.4,0.7758674287709049,0.10744259982695646,0.6216798377902001,-0.31108715968399553,0.9224232593684891,0.22882331536746273,-0.5488665703540063,-0.37093317230794753,0.7491021756939391,0.2743
1,1784433160.0081928,1946,-30.18,36.63,-2257.77,0.7696900863018332,0.08980914450176264,0.6320692118846938,-0.3256837871151904,0.9067733338219183,0.2677539764033228,-0.5490967509091488,-0.4119422758510533,0.7271838278645029,0.2958
1,1784433160.0680327,1949,-30.04,37.08,-2257.9500000000003,0.7671932589082451,0.07991409475407756,0.636418290863315,-0.3333885400548002,0.8973320010773563,0.28921853537184733,-0.5479658610222681,-0.4340610755436888,0.7150695056090566,0.3022
1,1784433160.1278765,1952,-30.05,37.71,-2257.9900000000002,0.7665122436532221,0.06700791647345665,0.6387244472067666,-0.33593248652455304,0.8894694066062806,0.30982824146436677,-0.5473649101167651,-0.45205543226617384,0.7042993265164382,0.3251
1,1784433160.188353,1955,-30.16,38.34,-2257.96,0.7647979455772875,0.05444447404661607,0.6419656546004214,-0.3408174823705067,0.8797767004187428,0.3314157526596151,-0.5467426690422009,-0.472259204935274,0.6914070416205732,0.3519
1,1784433160.2332327,1958,-30.41,39.01,-2257.84,0.7631287039818588,0.04488473193803421,0.6446859250812128,-0.3455007179547659,0.87138415916142,0.3483086290278874,-0.546135363304474,-0.4885437626266413,0.6804859711609742,0.3919
1,1784433160.2930725,1961,-30.75,39.6,-2257.56,0.7603582763798978,0.03917595928514916,0.6483213213790515,-0.35318184243249684,0.8626438107297074,0.3620887211523106,-0.5450852022542697,-0.5042924746848966,0.6697545985356166,0.3879
1,1784433160.3532188,1964,-31.23,40.19,-2257.35,0.7602869391492808,0.034567243646866294,0.6486669991803776,-0.3596708776368647,0.85394340747861,0.37605520419713395,-0.540925715730862,-0.5192164890394745,0.6616748503385752,0.3985
1,1784433160.3980987,1967,-31.78,40.84,-2257.0,0.7603686240478276,0.03232746795179483,0.6486867428731985,-0.3638417842667193,0.8485355423053632,0.3841960299979078,-0.5380136723032449,-0.528149948651298,0.6569618863788124,0.35700000000000004
1,1784433160.4579346,1973,-33.480000000000004,41.94,-2255.8,0.7610150423833543,0.04493732929469089,0.6471759742930216,-0.37728266324548587,0.8422015080915539,0.38516803058237487,-0.5277441589261358,-0.5372869402881225,0.6578820916510593,0.3602
1,1784433160.5178452,1976,-34.53,42.46,-2254.96,0.7612755434983414,0.057019087454146355,0.6459166900902941,-0.3856489643789289,0.8406144956883153,0.3803184795827553,-0.5212815200491614,-0.5386242598552123,0.6619286091042296,0.41090000000000004
1,1784433160.5778694,1979,-35.72,43.14,-2253.9500000000003,0.7626932858829115,0.07023351299256124,0.6429356152227464,-0.3918242510235168,0.8410685689719061,0.37293084961881373,-0.5145606941644374,-0.5363496209938755,0.668996544147082,0.4471
1,1784433160.6378624,1982,-36.82,43.93,-2252.93,0.7635128600294667,0.07957016649592237,0.640871828974745,-0.3895543709417812,0.8482460013784228,0.3587842154076314,-0.5150684465678099,-0.5235907846298746,0.6786436366760504,0.3667
1,1784433160.6829226,1985,-37.95,44.86,-2251.77,0.766600966564563,0.089172867957938,0.6359018459498558,-0.3871935241468555,0.8542134075038107,0.34698793826222163,-0.5122539730651353,-0.5122183656028795,0.6893679808477464,0.396
1,1784433160.743071,1988,-39.09,45.72,-2250.38,0.7701036906833916,0.10332989316370429,0.629494431091012,-0.3837898046854821,0.8632755865929305,0.3278119085880067,-0.5095544047648877,-0.4940427054126087,0.7044686748275552,0.3783
1,1784433160.8029087,1991,-40.34,46.49,-2248.84,0.7722420392222784,0.12130402303314292,0.6236405750540867,-0.37981637260802426,0.8750247652771781,0.3001186153015199,-0.5092953523808159,-0.4686331125172376,0.7218041631188521,0.3915
1,1784433160.8477612,1994,-41.58,47.13,-2247.33,0.7760401143236862,0.14107766349438577,0.6147022318354187,-0.374171070413825,0.8875875293285466,0.26867152406948336,-0.5076984843643444,-0.43850367232602666,0.7415907080935792,0.3425
1,1784433160.9077492,2000,-43.93,49.21,-2244.68,0.7819709901525294,0.16208902650240586,0.6018708483116418,-0.36494470889763453,0.9018469979675852,0.23127332683315527,-0.5053085493116991,-0.4004986139106565,0.76437172255922,0.2762
1,1784433160.9676018,2003,-45.04,50.72,-2243.7000000000003,0.7820921254698093,0.1568224509599137,0.6031074747945356,-0.3673132807940166,0.8978296762851828,0.24286380161312532,-0.5034012922415396,-0.4114712520414629,0.7597884887999943,0.3095
1,1784433161.0274553,2006,-46.13,51.85,-2242.62,0.7813626929448347,0.15987572817460616,0.6032512690534811,-0.3765222022833306,0.8916486768377521,0.25138350837156553,-0.4976980744002399,-0.42355919141735754,0.7568977725585984,0.3133
1,1784433161.0873096,2009,-47.28,52.76,-2241.58,0.780503015597909,0.1671253078940048,0.6023986836837413,-0.3828458885860886,0.8895535140354297,0.24924600550449483,-0.49421055050989976,-0.42516311825998326,0.7582824372462738,0.3416
1,1784433161.1321943,2012,-48.26,53.44,-2240.59,0.7810447739595688,0.1733038225877451,0.5999457026656008,-0.38547465199837927,0.8896399227876584,0.24484709606016902,-0.4913027108994764,-0.4225004057499171,0.7616528431010948,0.3367
1,1784433161.1920483,2015,-49.13,54.25,-2239.67,0.7834163404601968,0.1756417028642845,0.5961617479467191,-0.3854787000139165,0.8897564723985109,0.2444168399692193,-0.487508983851102,-0.42128780191205684,0.7647558947955705,0.319
1,1784433161.251888,2018,-49.89,54.83,-2238.88,0.7849418804680797,0.17953820202894663,0.5929859005907713,-0.38374426465870454,0.892293804288262,0.237806867374201,-0.4864222277289402,-0.4142195080401138,0.7692955319837892,0.303
1,1784433161.2968006,2021,-50.67,55.09,-2237.91,0.7847762564169675,0.18599104038567132,0.5912136333512835,-0.3837912258946026,0.8948469891352413,0.22793236049738874,-0.4866523628736313,-0.4057785096969146,0.7736363995945786,0.32080000000000003
1,1784433161.3565385,2027,-52.24,54.730000000000004,-2235.83,0.7884384121584678,0.21115430731809987,0.5777358641577026,-0.3819221498282426,0.9043058803155971,0.19069962322250733,-0.4821828923796524,-0.37100503140475904,0.7936339993780169,0.2851
1,1784433161.4166503,2030,-52.870000000000005,54.31,-2234.2200000000003,0.7895917730657369,0.22459737463469423,0.5710524067142252,-0.3820479974647283,0.9081711771298553,0.17106852622199112,-0.48019179453640914,-0.35324372936794773,0.80289146721218,0.25370000000000004
1,1784433161.476486,2033,-53.42,53.85,-2232.48,0.7919662510587202,0.23582799253214334,0.5631825770762583,-0.3838306353393184,0.9096372425292878,0.15885254287775402,-0.4748299701566987,-0.34197257922525437,0.8109200049937206,0.2722
1,1784433161.536299,2036,-53.79,53.28,-2230.4500000000003,0.7963420906118819,0.24748227483276192,0.5518983587251357,-0.38587999176589133,0.910519277934035,0.14849672206900566,-0.46576378849654365,-0.33122072422190785,0.8205832835070807,0.3064
1,1784433161.5812082,2039,-54.1,52.63,-2228.29,0.7979958871753431,0.25931975997440404,0.5440182222481657,-0.38781778439985665,0.9119165451632741,0.13418487530517212,-0.4613024280820809,-0.318058920240096,0.8282744672518167,0.2258
1,1784433161.6410542,2042,-54.28,51.96,-2226.18,0.8013074455500251,0.2707205073825753,0.5334948777529308,-0.3920848702341737,0.9111856240803476,0.1265314704046336,-0.4518581992611673,-0.3105658792459798,0.8362852398605554,0.225
1,1784433161.7008905,2045,-54.53,51.19,-2224.25,0.8011696426932934,0.28622970917642543,0.5255471027524361,-0.3992716147308556,0.9098237355451642,0.11315011227947819,-0.4457683045001247,-0.30048847535874357,0.8432065552874112,0.20550000000000002
1,1784433161.7613842,2051,-55.36,49.46,-2220.87,0.7939996715155574,0.33077891325893566,0.510048852735132,-0.4422052044892661,0.8899933144025247,0.11120457473240584,-0.41715594057353805,-0.3138426530318121,0.8529265562650516,0.279
1,1784433161.821194,2054,-56.07,48.5,-2219.53,0.7888229216778,0.3595075695824503,0.49851048699964096,-0.47090749977246754,0.8747452085648248,0.11431074643674045,-0.394974081293625,-0.32492326402675586,0.8593138818851096,0.25780000000000003
1,1784433161.8810754,2057,-56.6,48.4,-2218.26,0.7984584108858075,0.36851335493786014,0.4760904045642525,-0.47427866235080196,0.8721065699838736,0.12037392171769018,-0.3708421719875517,-0.3219130904815854,0.8711188470307307,0.2359
1,1784433161.9409072,2060,-57.07,48.5,-2217.19,0.807861267641096,0.3750429693123774,0.4546459539187347,-0.47687523149871747,0.8692597756779613,0.13029756702005074,-0.3463382534869139,-0.32207175218832074,0.8810900071014192,0.25680000000000003
1,1784433162.0007143,2063,-57.53,48.99,-2216.19,0.816863314602474,0.37539636939422605,0.437963344473363,-0.47527133974463065,0.8682689092154519,0.14221903848343703,-0.326881444676818,-0.32432494066205153,0.8876721545652727,0.28200000000000003
1,1784433162.046592,2066,-57.89,49.68,-2215.3,0.8260273087294512,0.3724613878686761,0.4230264764528572,-0.4740075733189595,0.8651424284302437,0.1638456559268269,-0.3049519727259546,-0.3358587397653372,0.891180790442539,0.2524
1,1784433162.1060665,2072,-58.99,50.77,-2213.75,0.8402576495588436,0.36624019973109395,0.3997939450001409,-0.4680655654784187,0.8621454726776603,0.19395826962205517,-0.2736452242799341,-0.3501046986864673,0.8958487546379926,0.2484
1,1784433162.1659396,2075,-59.61,50.95,-2213.13,0.8450498276534338,0.3651570037286788,0.39057797097480484,-0.46358828416412423,0.8643433215011711,0.19492697443423831,-0.2664145108072476,-0.34579037754717334,0.8996956836770522,0.251
1,1784433162.2257466,2078,-60.410000000000004,51.160000000000004,-2212.35,0.849763321077378,0.3649198561180352,0.3804415812741,-0.4603487913178394,0.8653237147165346,0.1982267869925304,-0.2568682317526819,-0.34358167494785,0.9033107683163534,0.2805
1,1784433162.2856185,2081,-61.25,51.45,-2211.44,0.8566790852987143,0.36280815011886847,0.36670313745464833,-0.456561147036222,0.8641569104608213,0.21162408445112557,-0.24011010771878677,-0.34871633215284376,0.9059492567804999,0.261
1,1784433162.3305016,2084,-62.29,51.870000000000005,-2210.32,0.8684427050777407,0.3580076034058545,0.3429837079233542,-0.4471993478308379,0.8643198285420428,0.2301390390366813,-0.2140560938093789,-0.3532446601049338,0.91071301671296,0.2313
1,1784433162.3903182,2087,-63.35,52.230000000000004,-2209.13,0.8792547582962036,0.3518669208499939,0.32109303951507384,-0.43572805584480034,0.8664751810400104,0.24364281641655597,-0.19248930194479694,-0.354133351512146,0.9151707152130578,0.2149
1,1784433162.4501467,2090,-64.3,52.63,-2207.92,0.8933552261224433,0.3394638043615185,0.2944159735614267,-0.41651524693172826,0.8714323055894372,0.25907679527213373,-0.16861639609812407,-0.3540763509519978,0.9198904547082757,0.2298
1,1784433162.4960246,2093,-65.2,52.67,-2206.81,0.9023231213618129,0.33259152711971074,0.27421863675551683,-0.40328823750808,0.8759935511843789,0.26456359494648496,-0.15222214734887238,-0.34931099949981537,0.9245594861797366,0.2119
1,1784433162.5548987,2099,-66.76,52.5,-2204.44,0.9164308928823512,0.3218186716035186,0.2378805607404758,-0.37970201367372103,0.8869887625177966,0.2628256379793825,-0.126415186520362,-0.3311852620128117,0.935059101256454,0.2508
1,1784433162.6147387,2102,-67.29,52.46,-2203.09,0.9232180282100332,0.3134576350195776,0.22228986354737815,-0.36633276221585587,0.8926130722344846,0.26275884495753177,-0.11605507190674577,-0.32401576246233493,0.9389062817771922,0.21130000000000002
1,1784433162.6745787,2105,-67.55,52.72,-2201.48,0.9306415924479549,0.302368253004525,0.20610595814028754,-0.3507931739297597,0.8975013341271036,0.26727421193290246,-0.1041651358671402,-0.3210370614353742,0.9413207899832658,0.23550000000000001
1,1784433162.7344186,2108,-67.67,53.26,-2199.7400000000002,0.9381713802917993,0.28861541242703537,0.19114289134297577,-0.33338574789392433,0.9019762309518552,0.2743953751415911,-0.09321161034221588,-0.32115420362725766,0.9424285507081973,0.201
1,1784433162.7792659,2111,-67.6,53.95,-2197.94,0.9462381523400825,0.27056084847247935,0.17728560666303098,-0.3121005469361562,0.9076777672514581,0.2805607232660337,-0.08500945628680964,-0.32080819520588916,0.9433215221919624,0.22060000000000002
1,1784433162.8391058,2114,-67.37,54.800000000000004,-2196.08,0.9558392533461051,0.24478355892879952,0.16264172601430155,-0.2825391942302315,0.9176954791772427,0.27929663660950554,-0.08088835198278987,-0.31291535081520305,0.9463303111164233,0.22110000000000002
1,1784433162.8989458,2117,-66.99,55.870000000000005,-2194.35,0.9660552963974514,0.2121954145019702,0.147344054399114,-0.24596308953279516,0.9299047459878005,0.2734580808402743,-0.07898938466600552,-0.30041682618272375,0.9505316447422383,0.2104
1,1784433162.9587858,2123,-66.29,58.08,-2191.4,0.985363093974795,0.12070894446331273,0.12036994541401225,-0.14794920226860933,0.9563200885109957,0.25211688134356197,-0.08467943422402827,-0.2662353076450877,0.9601813132854775,0.1761
1,1784433163.0186257,2126,-66.09,58.83,-2190.73,0.9916113363728205,0.07024119678107736,0.10850406375648379,-0.09384826433619164,0.9684850868552213,0.23071441181711888,-0.0888789112106659,-0.238961944279412,0.966952805636454,0.1751
1,1784433163.063506,2129,-65.8,59.35,-2190.14,0.9932501505866272,0.05034935117381558,0.10449440748680325,-0.07338265921751683,0.9704363740720442,0.2299309226791152,-0.0898283011406098,-0.23604700107029372,0.9675808439608096,0.17070000000000002
1,1784433163.1233459,2132,-65.3,59.910000000000004,-2189.59,0.9938755104012186,0.0393607894755554,0.10325792016391923,-0.06330398714569638,0.968692561720956,0.24005692257868652,-0.0905763492097955,-0.24512333450398593,0.9652515091132841,0.1701
1,1784433163.1831863,2135,-63.980000000000004,60.370000000000005,-2189.08,0.9939629429087192,0.033273579746556335,0.10454920858183464,-0.05863382790939006,0.966510182448423,0.24984023184469006,-0.09273479578308479,-0.25446205240539504,0.9626262626464666,0.1711
1,1784433163.2290647,2138,-62.58,60.85,-2188.4900000000002,0.9935604480867707,0.053880907333436624,0.09967188080166306,-0.08009147937687125,0.9562252843871568,0.28145791946563714,-0.0801435644879832,-0.28762832496752905,0.9543830236061064,0.1769
1,1784433163.287906,2141,-61.42,60.53,-2187.76,0.9904695422266152,0.10796121286393091,0.08552463059463254,-0.12953322267717932,0.9412051128399361,0.31201615308638686,-0.04681057726907069,-0.3201207773339812,0.9462195610823231,0.1976
1,1784433163.3477569,2144,-59.730000000000004,60.870000000000005,-2187.43,0.9861734614421037,0.13929788975745033,0.08976637375109016,-0.16216728622018187,0.9227108702554792,0.3497233495098055,-0.034112684257923846,-0.35944505535825244,0.9325425335882658,0.2154
1,1784433163.407587,2150,-56.480000000000004,61.78,-2186.7400000000002,0.9733841262144687,0.20388939005985196,0.10465399875168171,-0.22914980684372663,0.8732341149850052,0.4300610961826675,-0.0037025473904112143,-0.4425960879259739,0.8967134403450444,0.2393
1,1784433163.4676695,2153,-55.03,62.190000000000005,-2186.25,0.9717314423316873,0.2109416744444828,0.10602647766730938,-0.23607886418052368,0.8640329029550061,0.44465032609723654,0.0021849190402569336,-0.4571113131324828,0.8894068099216942,0.2851
1,1784433163.512587,2156,-53.74,62.46,-2185.9,0.9725238364685442,0.20844503800260497,0.10367282012464306,-0.23274227236963313,0.8603420041444222,0.45347841244868337,0.005331243074887189,-0.46514761316903613,0.8852170783544705,0.2599
1,1784433163.5724225,2159,-52.53,63.08,-2185.7000000000003,0.9742752601328355,0.19798730855817184,0.10765102481159657,-0.22535676641786354,0.8528842037689427,0.4709595129001017,0.0014301478176095043,-0.48310408879589073,0.8755617591386183,0.25730000000000003
1,1784433163.6322286,2162,-51.27,63.92,-2185.69,0.978634184898126,0.1730708550273398,0.11100275351938624,-0.20540042311632165,0.8472471851775615,0.4898804684740296,-0.009262738926264554,-0.5022137855025529,0.8646938853251939,0.2335
1,1784433163.6781068,2165,-49.86,64.73,-2185.59,0.9814095283645168,0.14778362574111187,0.1224554514839898,-0.18963590361977628,0.8449327925359293,0.5001267840815438,-0.029556077101802813,-0.5140511414832644,0.8572501748300231,0.281
1,1784433163.737016,2168,-48.59,65.22,-2184.92,0.9818985063041902,0.1412011531862785,0.1262440400829506,-0.18609089706519644,0.8433644352210438,0.5040898803127877,-0.035291661154881714,-0.518457967190355,0.8543745284766945,0.2886
1,1784433163.7972493,2171,-47.14,65.57000000000001,-2184.46,0.9826714926522355,0.13567382811337667,0.12629073558139225,-0.18152540526253458,0.8422138204436949,0.5076656457727939,-0.037486861337004455,-0.5217935348571284,0.8522477586995478,0.2788
1,1784433163.8570836,2177,-43.980000000000004,65.85,-2184.15,0.9871680408900083,0.08997764662844931,0.1319214999633822,-0.14462963264138365,0.8539783502186377,0.4998032079927781,-0.06768698846455765,-0.5124695117419764,0.8560335689256228,0.2421
1,1784433163.916988,2180,-42.56,65.48,-2183.78,0.989013021151562,0.06875906003721237,0.1308641878263842,-0.12387034838916763,0.8686055497579251,0.4797713369092394,-0.08068073365188481,-0.4907102919162504,0.8675794076768201,0.24080000000000001
1,1784433163.962188,2183,-41.62,64.49,-2183.12,0.9911391678955596,0.05848073172355233,0.11926086483157655,-0.10611803903841234,0.888639377816333,0.4461603052545608,-0.07988811960447977,-0.4548626828079863,0.8869711540601428,0.2462
1,1784433164.0220237,2186,-41.14,63.190000000000005,-2182.29,0.9927925796384014,0.056309166783995515,0.10579306003240786,-0.0950993900303346,0.9073391363947815,0.40950188959543354,-0.07293147352677563,-0.4166112928167749,0.9061545292425288,0.22820000000000001
1,1784433164.0818634,2189,-40.97,61.88,-2181.57,0.9945469829909764,0.04980394066399527,0.09162895894794232,-0.0804017038995543,0.9257425783666057,0.3695081116960728,-0.06642186863973985,-0.37486030210397875,0.9246988100310927,0.21000000000000002
1,1784433164.1277654,2192,-41.03,60.550000000000004,-2180.81,0.9959278425296707,0.045936096348845816,0.07757323975718143,-0.06908131137431085,0.9417099859251559,0.3292568523624809,-0.05792672002626343,-0.33327492774145584,0.941048520346282,0.1898
1,1784433164.1867337,2195,-40.81,59.85,-2180.4700000000003,0.9969539552465209,0.035359256004814,0.06951643067005074,-0.0550530532745021,0.950402194331463,0.3061124472070594,-0.05524465986385272,-0.30900710675440124,0.9494538617183044,0.18960000000000002
1,1784433164.246687,2198,-40.36,59.26,-2180.14,0.9971854627636725,0.037061530324046195,0.06517358224649313,-0.05498400743841842,0.9524620710732005,0.29965440442777064,-0.05096971432932059,-0.30239452067950867,0.9518191225669917,0.1981
1,1784433164.3065271,2204,-38.54,59.09,-2180.03,0.9974171755237107,0.032093614059352675,0.06425712339431783,-0.05007602411507035,0.9520611229584225,0.30178139432372947,-0.051491453457153065,-0.3042196872126403,0.951209236778698,0.19190000000000002
1,1784433164.3663707,2207,-37.31,59.15,-2180.06,0.9971999415440991,0.025400873182019282,0.07033542653625063,-0.04568713507317649,0.9515431305695278,0.30410254249964425,-0.05920272183988387,-0.3064644617366483,0.9500392473046656,0.1734
1,1784433164.411262,2210,-36.0,58.93,-2180.08,0.9968313598030278,0.020719302946761175,0.07679811585349597,-0.042881722614400486,0.9531474611904732,0.299451290015216,-0.06699550715434781,-0.30179567212197683,0.9510157592330298,0.1879
1,1784433164.4711158,2213,-34.81,58.620000000000005,-2179.85,0.997085444253881,0.010043050172976867,0.07562905526491863,-0.031477878122049135,0.9571434453413639,0.2878985380806879,-0.06949647506150558,-0.28944008392634035,0.9546699313222025,0.2026
1,1784433164.5309603,2216,-33.910000000000004,57.980000000000004,-2179.57,0.9976538089942597,0.012193015972538069,0.06736622121463237,-0.030552232140026295,0.9598848126214751,0.278725147071264,-0.06126531245743629,-0.2801293930670775,0.9580052633620358,0.18050000000000002
1,1784433164.5908003,2219,-33.25,57.29,-2179.19,0.9978626836070307,0.014289844471985686,0.06376413576252289,-0.03124300905970859,0.9613692577535247,0.2734831340893475,-0.05739284841746363,-0.27489079757497065,0.9597609652195314,0.1762
1,1784433164.6506405,2222,-32.88,56.39,-2178.61,0.99794035352627,0.015505488333247417,0.06224653111146356,-0.03163596180149424,0.9630983924115712,0.26728384248798326,-0.05580516754528445,-0.2687025611448357,0.9616052812404101,0.1912
1,1784433164.6955204,2225,-32.56,55.26,-2178.14,0.9978019754677475,0.013601636957007777,0.06485532533840448,-0.03075122090943645,0.9619870251384753,0.2713582979711608,-0.05869906443240445,-0.2727562262118246,0.9602908210003073,0.1955
1,1784433164.7553923,2231,-31.59,51.82,-2176.8,0.9961917026685635,0.01790402824683051,0.08533192431232837,-0.04216971431969104,0.9555451672594847,0.2918135509554673,-0.07631386983048291,-0.2943006610586871,0.9526611749052839,0.1814
1,1784433164.815228,2234,-31.13,49.45,-2175.93,0.9955153775259031,0.023783257556120988,0.09156139890520275,-0.050079011081074584,0.9536305230693993,0.29678429560798086,-0.08025724738987787,-0.3000386343963106,0.9505448922123547,0.18860000000000002
1,1784433164.875117,2237,-30.61,46.86,-2175.17,0.9947894281681826,0.033077178008243405,0.09643595750461234,-0.060510391707382524,0.9528407771650316,0.29737677425609077,-0.08205172819776285,-0.30166264877599586,0.949877444849182,0.1825
1,1784433164.9350412,2240,-29.92,44.15,-2174.45,0.993861757251373,0.04199850301692081,0.10234712119815777,-0.07054228199041178,0.9532459541758824,0.29384679222155313,-0.0852208538140632,-0.29926288876445917,0.9503573693529992,0.1995
1,1784433164.994879,2243,-29.11,41.52,-2173.81,0.9918926733325619,0.04958966809906372,0.11700337348558941,-0.08222179795150585,0.9524629465147867,0.2933494698444032,-0.09689427501563429,-0.3005914175990315,0.9488183699396842,0.2046
1,1784433165.055251,2249,-27.2,36.63,-2173.02,0.9851200507672951,0.05837866891907935,0.16164905379085426,-0.10573758164190859,0.9473438330311895,0.30225688717760363,-0.13549187947903996,-0.31485170006371316,0.9394202241607464,0.1693
1,1784433165.115089,2252,-26.68,33.730000000000004,-2172.63,0.9819350927957756,0.06729648769729027,0.1768464200365946,-0.11765331459802797,0.9491265734295735,0.2920897895749414,-0.148193019741986,-0.3076197821230692,0.9398983447938967,0.1767
1,1784433165.1600182,2255,-26.41,31.03,-2172.39,0.9782714493862111,0.07761225963574139,0.19225324046693082,-0.13053131056548808,0.9510003675717555,0.28028535074177807,-0.16107932293704663,-0.2992902237504923,0.9404673379174433,0.1774
1,1784433165.2199235,2258,-26.39,28.52,-2172.05,0.9755169389350514,0.08789338628735663,0.2015972581602452,-0.14221433413247514,0.9513289477782273,0.2734013831099392,-0.16775513410338225,-0.29537770018420917,0.9405372024624246,0.1791
1,1784433165.2797399,2261,-26.310000000000002,26.37,-2171.9,0.9716524786949909,0.0959842118230934,0.21605205790869006,-0.15358875992660234,0.9510339739564647,0.26822541491212787,-0.17972744217311093,-0.2938050569021476,0.9388166141843876,0.1781
1,1784433165.3398945,2264,-26.19,24.53,-2171.71,0.9687378670025137,0.1041720097947953,0.22515580696649423,-0.16301143525605,0.9514304227048558,0.26116550830349367,-0.18701394870753027,-0.28970388869839614,0.9386679071225589,0.1832
1,1784433165.399915,2267,-26.19,23.0,-2171.4900000000002,0.9667725402102763,0.11295023712762163,0.22933185436869408,-0.1711285045781921,0.9523855980524424,0.25234244102632336,-0.1899102167241182,-0.2832029600041388,0.9400692490602449,0.18330000000000002
1,1784433165.4449294,2270,-26.14,21.830000000000002,-2171.58,0.9640278121780369,0.12259899236036718,0.2358386406411185,-0.18245937339838772,0.9504358235687023,0.25175448821490887,-0.19328464606971693,-0.285729299074326,0.9386159029359128,0.1864
1,1784433165.5049324,2276,-25.87,19.13,-2172.09,0.9525234735175165,0.1679302605093531,0.25396547010053533,-0.22959738187070963,0.9440099447019382,0.23691826975132022,-0.19996018262704368,-0.2839800202639344,0.9377479797123824,0.1889
1,1784433165.5648835,2279,-25.75,18.03,-2172.69,0.9474428256777986,0.18606548585852525,0.26025319795134033,-0.24717276177263311,0.9421968402962188,0.22620950460471526,-0.20311995940664657,-0.27864807393565894,0.9386679567251616,0.1917
1,1784433165.6107535,2282,-25.45,17.1,-2173.67,0.9422435369267333,0.19643000992736345,0.2712791335870408,-0.2593795800933508,0.9403865096438774,0.21998964955288855,-0.21189466852754138,-0.27764809323988093,0.937023044417725,0.1983
1,1784433165.6696074,2285,-24.900000000000002,16.47,-2174.9,0.9368490610440627,0.2018349954328145,0.2856159509542382,-0.2695490393108006,0.9370572522935693,0.2219617564596446,-0.22283884811110144,-0.2849321683184646,0.9322856360739747,0.18710000000000002
1,1784433165.729854,2288,-23.97,16.14,-2176.69,0.9250891039288496,0.2061612435405446,0.31891643333941627,-0.28927847287102487,0.9266460668424754,0.24009379820973764,-0.2460246226001085,-0.31436381545462055,0.9168681893310987,0.1932
1,1784433165.7898123,2291,-23.22,15.540000000000001,-2178.61,0.9115490162476911,0.21576554107172116,0.3500337444645786,-0.3127510869110144,0.9164715133968794,0.24953300937553832,-0.2669553307462611,-0.33693500325442705,0.9028896139440821,0.1971
1,1784433165.8498478,2294,-22.72,14.68,-2180.53,0.8995010931262993,0.22465272980019266,0.3747384880925822,-0.3304464517140831,0.9109026927308664,0.24710610458916016,-0.28583723692718016,-0.34610321490702517,0.8935936652734602,0.20400000000000001
1,1784433165.894826,2297,-22.34,13.780000000000001,-2182.75,0.886130812131683,0.22725863068263377,0.4038882253434712,-0.34166171320513417,0.9091801185432167,0.23803106052672077,-0.31311253172074877,-0.3489197999913405,0.8832980899183618,0.2019
1,1784433165.9546652,2303,-21.96,11.71,-2187.9700000000003,0.8577866401044899,0.22669893205415945,0.46131298948084437,-0.3598890690278344,0.9056749688670734,0.22412654631235465,-0.36699037869204243,-0.3582742594342063,0.8584623561778012,0.2417
1,1784433166.0150712,2306,-21.87,10.5,-2190.71,0.8377981591037933,0.2325965427271266,0.4939565698658973,-0.37916270643728595,0.89883352952748,0.21984978563629615,-0.3928484270675493,-0.37147965557828444,0.8412330110272609,0.2398
1,1784433166.0599568,2309,-21.8,9.39,-2193.41,0.8191494735208067,0.23519841453611284,0.5231403691460678,-0.3918200657722659,0.895544303559442,0.21089674350366597,-0.4188927978478532,-0.37773285025522035,0.8257401030283469,0.2477
1,1784433166.1197915,2312,-21.79,8.58,-2195.82,0.8023362538682166,0.23445991109296843,0.5488944213771844,-0.3973900877052661,0.896000615895996,0.19815149383135286,-0.44535115798919567,-0.3771093295110493,0.8120658222542119,0.2466
1,1784433166.1796365,2315,-22.02,7.69,-2197.7000000000003,0.7898023133431743,0.23924527211943938,0.5647778373894161,-0.40009828386089635,0.8988737960897122,0.17873797009823147,-0.46490178434733503,-0.3671343057680201,0.8056542263520362,0.26130000000000003
1,1784433166.2254813,2318,-22.82,5.97,-2198.3,0.7951327887009525,0.26848880818186466,0.5437624556860543,-0.384788582364635,0.916404574886392,0.11018349245284095,-0.4687233674721806,-0.2968440920893873,0.831974753088798,0.1952
1,1784433166.2843697,2321,-24.13,3.21,-2198.02,0.8158356359317165,0.3157376711096389,0.4844811019907312,-0.34861756583771125,0.936968523337581,-0.023574966892490824,-0.4613870478603413,-0.1496653243635762,0.8744840094306269,0.1734
1,1784433166.3442018,2324,-24.97,1.5,-2197.68,0.8296830965145153,0.33688581395996825,0.4451223513941024,-0.3326822610246152,0.9387014367869948,-0.09034448391341397,-0.4482727657996133,-0.0731270191280961,0.8909006490713787,0.16570000000000001
1,1784433166.4040763,2330,-27.29,-3.16,-2196.44,0.837227657397634,0.41251624454812696,0.3589988825503217,-0.3524094861159748,0.9089804810974731,-0.22262533341756247,-0.41815954345673423,0.05987347465878498,0.9063982365651091,0.16290000000000002
1,1784433166.4640205,2333,-28.2,-4.92,-2195.91,0.8399810339416371,0.4333427674864205,0.326566851479982,-0.35833129852417234,0.8949377145357569,-0.2658668230514984,-0.4074684565905918,0.10630396497180342,0.9070109833485782,0.1683
1,1784433166.5089953,2336,-29.29,-6.76,-2195.39,0.8472251308931943,0.4501873541942376,0.2820300049757151,-0.36342674020284743,0.8783964576916636,-0.3103879308547119,-0.3874668786987372,0.16047120999833406,0.9078096764592943,0.1208
1,1784433166.5690835,2339,-30.39,-8.44,-2194.9900000000002,0.858616374137542,0.45775466480999044,0.23073488879576443,-0.3614537085085144,0.8597957404107552,-0.3606972433731136,-0.36349572028889465,0.2263005780289006,0.903691822313029,0.1522
1,1784433166.6289268,2342,-31.53,-9.98,-2194.41,0.8682887467804541,0.4640966454089449,0.17518263593916186,-0.3688325161298737,0.8401504845105675,-0.3976301528078138,-0.3317185964936777,0.2806447346679123,0.9006671447562868,0.1655
1,1784433166.6887882,2345,-32.47,-11.26,-2193.87,0.8758839766213818,0.46671345270674447,0.12249821451949446,-0.3791009419316033,0.8226645259903055,-0.423680957211576,-0.29851253796865174,0.3246561731119488,0.8974901859830104,0.1552
1,1784433166.748825,2348,-33.410000000000004,-12.18,-2193.0,0.880317558577598,0.4688710526195239,0.07211748800004575,-0.39636945086195446,0.8105199160342768,-0.4312177224270604,-0.26063816774096954,0.3510233635062604,0.8993610753136816,0.1514
1,1784433166.7936795,2351,-34.1,-12.450000000000001,-2191.78,0.8800513636407775,0.4737579905411158,0.032603124887834935,-0.4203672302900069,0.8091301842715966,-0.41060898260866174,-0.22090945894713537,0.3476517097600068,0.9112284563426604,0.15080000000000002
1,1784433166.8538222,2357,-35.04,-12.98,-2189.6,0.8739474001448885,0.4859681788480121,-0.007132385795529685,-0.4516427671363885,0.8066218129978723,-0.3812873741542082,-0.17954039287407075,0.33644639980711905,0.9244290494047945,0.1699
1,1784433166.913658,2360,-35.27,-13.23,-2188.4500000000003,0.8713841850685063,0.49043806623292263,-0.012653268439669378,-0.4603541275907602,0.8084726148827397,-0.36666893541015294,-0.1695985826080071,0.32533449582602864,0.9302654387877572,0.17420000000000002
1,1784433166.958835,2363,-35.25,-13.34,-2187.23,0.8709225905131296,0.49136426373611125,-0.007416310199081429,-0.46352925979902154,0.8163871734544319,-0.3444598791285492,-0.16320069437374005,0.3034355670354957,0.9387717454279163,0.1363
1,1784433167.0188324,2366,-35.46,-14.040000000000001,-2185.86,0.8696474113361655,0.4936731158653574,0.0004843842438822487,-0.4663373303201205,0.8218142672262623,-0.3273389749682501,-0.16199652559919026,0.2844436057554314,0.9449068529959129,0.1887
1,1784433167.0785966,2369,-35.660000000000004,-15.24,-2184.56,0.8689863732514768,0.4948305204843276,-0.002332187911574991,-0.4700579671619094,0.8239915302996709,-0.3163597090370706,-0.154622736396879,0.27600853970777095,0.9486364400535778,0.16870000000000002
1,1784433167.1237683,2372,-35.82,-16.73,-2183.18,0.8673751710298933,0.49760245122145225,-0.007218948626046341,-0.4763783630278524,0.8260083688087558,-0.3012869560681344,-0.14395821588143895,0.26476777597793216,0.95350619131914,0.1288
1,1784433167.1837702,2375,-35.82,-18.18,-2181.56,0.8646397265457831,0.5022098469291641,-0.013543002850875263,-0.4884110288682503,0.8339563044496263,-0.25684927321014417,-0.11769796157406691,0.22869663730826384,0.9663565790768963,0.26030000000000003
1,1784433167.2437563,2378,-36.06,-19.740000000000002,-2179.54,0.8594588222295639,0.5100152597747943,-0.03485638662597767,-0.5061000896737283,0.8392840934678907,-0.1986577702583641,-0.072064083453651,0.18837899365011435,0.979448887194914,0.7111000000000001
1,1784433167.303798,2384,-37.0,-22.81,-2177.35,0.8444010145428058,0.5356474556755557,0.008290347844590568,-0.5250268819521631,0.8305357655420548,-0.18589544207178077,-0.10645985096114895,0.1526176444051508,0.9825345565167433,0.1095
1,1784433167.3635468,2387,-37.44,-23.8,-2175.88,0.8365253909487762,0.5474240499350285,0.023498507414918646,-0.5371851688125104,0.8278201656883208,-0.16169683883006536,-0.10796927667569212,0.12264046164497655,0.9865606684140794,0.11670000000000001
1,1784433167.4087222,2390,-37.86,-24.94,-2174.53,0.8305122223825626,0.556527591682522,0.022945330009150073,-0.5492178904985489,0.8250752248022466,-0.13270486868930711,-0.09278554429166665,0.09761102967172418,0.9908899684914187,0.1107
1,1784433167.4689317,2393,-38.160000000000004,-25.77,-2173.26,0.8234589275011138,0.5664514829167155,0.03237456131238583,-0.5605409361524324,0.8210437389062225,-0.10807884945837191,-0.08780235541299723,0.07085122655497621,0.9936150411902918,0.1155
1,1784433167.5295398,2396,-38.31,-26.37,-2172.02,0.8125939412999601,0.5812483775588385,0.04291165515119574,-0.5784517248480623,0.8133083280306791,-0.06263517842429245,-0.07130700234127645,0.026074645561527606,0.9971135463305781,0.1
1,1784433167.574421,2399,-38.4,-26.62,-2171.0,0.802033151984199,0.5937956999228349,0.0644165341464533,-0.5938900636351033,0.8043036413052489,-0.019754617146638547,-0.06354065968955218,-0.022412481707030352,0.9977275506018405,0.1351
1,1784433167.6342554,2402,-38.480000000000004,-26.740000000000002,-2170.08,0.7950525203887153,0.6019706980383196,0.07431533170759451,-0.6047228991967024,0.7961761025113328,0.020342786854291185,-0.046922329553067035,-0.0611137668052158,0.9970272827240945,0.1285
1,1784433167.6941004,2405,-38.75,-26.96,-2169.36,0.7911778827206964,0.6062353727607797,0.08072317329735507,-0.6102028675547079,0.7913543029437465,0.037560985615781146,-0.041109832420090316,-0.07897493289655794,0.9960285847566708,0.13470000000000001
1,1784433167.7545116,2411,-39.43,-26.990000000000002,-2168.09,0.7890933667446527,0.6111950120953223,0.06141918063103527,-0.61421436747135,0.7864484506372698,0.06511179065274698,-0.008507017771134507,-0.08910382528284905,0.9959860134402516,0.1348
1,1784433167.8143463,2414,-39.92,-26.87,-2167.64,0.7889007876770152,0.6132192271178698,0.03997157359358227,-0.6143080205724194,0.7852471727365253,0.07754052856209553,0.0161617778409689,-0.08572664231296757,0.9961876026807218,0.1297
1,1784433167.8592303,2417,-40.34,-27.11,-2167.61,0.7893266253864549,0.6133703807184356,0.02720761866375452,-0.6137968441486115,0.7872613244890283,0.05893251290235421,0.01472795197019133,-0.06321695200737035,0.9978911285354036,0.1638
1,1784433167.919071,2420,-40.52,-27.240000000000002,-2167.67,0.7913072333278695,0.611257005950255,0.014061833441005435,-0.6111691519964116,0.7901179444331143,0.046753625878398264,0.017467974438380048,-0.04559064116153568,0.9988074705905539,0.1603
1,1784433167.978909,2423,-40.72,-27.19,-2167.89,0.7934156425354719,0.6086798661635044,-0.000662349758676585,-0.6081471300557375,0.7927658140955406,0.04098087610587148,0.025469322429038228,-0.0321120620423743,0.9991597115008155,0.15330000000000002
1,1784433168.038751,2426,-40.99,-26.55,-2168.06,0.7964051905468782,0.6045633997329212,-0.015552111540330716,-0.6033772932635145,0.7960571710438652,0.04721040567113381,0.04092205327186535,-0.028214821158577725,0.9987638907284363,0.1426
1,1784433168.0985906,2432,-41.68,-24.400000000000002,-2167.7200000000003,0.7943855473048425,0.6045790874566771,-0.05861509398813288,-0.5910963941765887,0.7916546268809143,0.15455744734394244,0.1398451108355992,-0.08813103169764991,0.9862435126414201,1.2289
1,1784433168.158432,2435,-41.63,-22.68,-2169.25,0.8068775449713997,0.5904468656905149,0.017919994898831393,-0.5873026384886573,0.7985844457120472,0.13167571488715776,0.06343688394923418,-0.11677063784629078,0.9911308591158797,0.2679
1,1784433168.2182739,2438,-41.59,-20.92,-2170.0,0.8133557709262277,0.5777574747741866,0.06818130420839197,-0.5809203503960482,0.8002566528236098,0.14873075037558775,0.03136776046731343,-0.1605789212633711,0.986524441485946,0.23420000000000002
1,1784433168.2781134,2441,-41.86,-19.87,-2170.29,0.8162051018004164,0.5718043384842024,0.08275886832005172,-0.5769816223705121,0.7992532767472357,0.16818563272615997,0.030023977778834633,-0.18502431758947385,0.9822751970089063,0.24020000000000002
1,1784433168.3229587,2444,-42.43,-19.42,-2170.2,0.81684695401635,0.5710521170700191,0.08161209042819433,-0.5760735810403013,0.8001771521349211,0.16690043267963853,0.030004715322999625,-0.1833466792475284,0.9825903074360592,0.2411
1,1784433168.3827977,2447,-43.24,-19.66,-2170.17,0.8141997103073971,0.5763434763750445,0.07005018897390024,-0.5797385825457742,0.8005611162667738,0.15167423983496225,0.03133700118338037,-0.16410391939751348,0.9859451790009458,0.2212
1,1784433168.4426708,2450,-43.96,-20.05,-2170.02,0.8116680713994611,0.5803745442453423,0.06603279687163711,-0.5832479567994305,0.7990913102855268,0.1458591742587685,0.031886717610460205,-0.1569027285236667,0.9870991698010183,0.226
1,1784433168.5025108,2456,-45.65,-21.73,-2169.8,0.8065626986990719,0.5879721933593082,0.06119896162120969,-0.5900396613761995,0.7943859889935272,0.1442362592895262,0.03619131208356302,-0.15244540113437294,0.9876490209596981,0.21430000000000002
1,1784433168.5623465,2459,-46.800000000000004,-22.84,-2169.61,0.8019899679434285,0.595758050400332,0.04341009907030941,-0.5946807095454568,0.7894652403742769,0.1519851569571762,0.05627561650138279,-0.14770571967253288,0.9874290229497048,0.218
1,1784433168.6072347,2462,-48.32,-23.66,-2169.38,0.7967082569596136,0.6041278771754852,0.0168956003686283,-0.5976571076477589,0.78340545921118,0.17053406743590954,0.08978827858072323,-0.1459636752673835,0.9852069176228658,0.5027
1,1784433168.6670716,2465,-50.25,-24.51,-2169.1,0.7871811959302196,0.6161548564334198,-0.02643780753733924,-0.6013966045371476,0.7764117196880245,0.18843292064359274,0.13663048278132942,-0.13243124414048504,0.9817301445663897,1.0393000000000001
1,1784433168.7267828,2468,-52.03,-24.86,-2168.94,0.7800283454476293,0.6233360250657644,-0.05484505587057442,-0.6028747382336465,0.7721070214413014,0.20097959458799267,0.16762407433881915,-0.12370508193382496,0.97805890538648,1.3227
1,1784433168.7866228,2471,-53.85,-25.17,-2170.48,0.7803922159263464,0.6248827667670038,-0.022572485888383516,-0.6181490220743956,0.7764169143642029,0.12275406957668805,0.09423256247197835,-0.08184316029323613,0.9921803874715427,0.1419
1,1784433168.8464947,2477,-57.0,-24.7,-2169.57,0.7679961529473265,0.634042293716847,-0.09040065727850627,-0.6092793173923767,0.7667997846128953,0.2019821866291597,0.19738445343031946,-0.10004229153661313,0.9752081405772397,1.2214
1,1784433168.906589,2480,-58.43,-24.490000000000002,-2169.85,0.7685449308550655,0.6324523612775564,-0.09665764310920064,-0.6086146468880529,0.7692861787944599,0.19438875149850862,0.1972990138097835,-0.09056923224948626,0.9761507636218011,1.1625
1,1784433168.9664285,2483,-59.83,-24.29,-2170.06,0.768415552507459,0.6320380645439092,-0.10032658487283354,-0.6089700891505738,0.770361568857657,0.18894042380367282,0.19670528509574625,-0.08408887081391066,0.97685008707613,1.0609
1,1784433169.0263016,2486,-61.25,-24.060000000000002,-2170.07,0.7668227464711284,0.6337449695537325,-0.1017358789209299,-0.61180953217571,0.7696128238593939,0.18271616701898152,0.19409268876857344,-0.07786793253007403,0.97788783265264,0.9525
1,1784433169.086114,2489,-62.72,-23.78,-2170.2400000000002,0.7655034511572466,0.6345317373284569,-0.10664867832877899,-0.6132366820258706,0.769667895412979,0.17762911526114525,0.19479537490465829,-0.07057481911763024,0.9783015674229842,0.8068000000000001
1,1784433169.1459823,2492,-64.16,-23.69,-2170.18,0.7628861839211344,0.6366920507328705,-0.11237394233460359,-0.6151473537576344,0.7683006249571709,0.17694033699357617,0.19899347614238228,-0.06585880521230444,0.9777853620446457,0.7221000000000001
1,1784433169.1909032,2495,-65.66,-23.61,-2170.36,0.7606560921594475,0.6382279482898251,-0.11860605162671281,-0.6158358179580281,0.7672501585319857,0.17909059035194883,0.20530113195178612,-0.06318449378133306,0.9766571378763953,0.7133
1,1784433169.2511365,2501,-68.68,-23.62,-2170.8,0.7623775159026093,0.6356658066856112,-0.12128275003848685,-0.6119198730547397,0.7690997568223907,0.18449832795017634,0.21055781202994633,-0.06644205194355979,0.9753209018198531,0.618
1,1784433169.3109107,2504,-70.24,-23.71,-2171.14,0.7675348907742415,0.6292758070384433,-0.12207436307550076,-0.6050312173742933,0.7741019388411436,0.18628852429756185,0.21172486260889173,-0.06912414164746206,0.9748817546732259,0.5658000000000001
1,1784433169.370839,2507,-72.03,-24.060000000000002,-2171.33,0.7634803652300112,0.6310697496055659,-0.13729057885017765,-0.6039844610457681,0.7729669629354918,0.194228847047844,0.22869303164613822,-0.06536853480880582,0.9713014217705276,0.7629
1,1784433169.430673,2510,-73.69,-24.330000000000002,-2171.4700000000003,0.7610114248783102,0.631913482345322,-0.14678883484411365,-0.6024746338786127,0.7723268303649089,0.2013345043238365,0.2405949432916572,-0.06478130848247564,0.9684613855667054,0.9019
1,1784433169.4909482,2513,-75.12,-24.45,-2171.83,0.7590389341721528,0.6332791138355115,-0.15105449477096544,-0.6021043878207032,0.7710807214814778,0.2071348042378682,0.2476493540832655,-0.06627280693703125,0.9665804221495635,0.9412
1,1784433169.550983,2519,-77.85000000000001,-24.34,-2172.36,0.7543156869046429,0.6384006940666563,-0.15314175885364578,-0.6060310543617866,0.7668057460541412,0.21150723147801131,0.2524563440254926,-0.06673456101274201,0.9653042487877689,0.8291000000000001
1,1784433169.6109755,2522,-78.98,-24.26,-2172.39,0.7524495569777346,0.6406914754440984,-0.15275502445836253,-0.6082789240720952,0.7649095831940393,0.21191998505949075,0.25261910999309783,-0.06654143694860262,0.965274998347678,0.7827000000000001
1,1784433169.655943,2525,-79.97,-24.16,-2172.42,0.7517640566377818,0.6417204461341431,-0.15180801085878867,-0.6095482604736018,0.764065178213455,0.21131805790146577,0.2515983332637798,-0.0663270115038913,0.9655563195608273,0.7035
1,1784433169.7157695,2528,-80.7,-24.11,-2172.33,0.7516228469378425,0.6420200507080561,-0.151239381279737,-0.6100903052142621,0.7638426640532823,0.21055689030652253,0.25070483729800863,-0.06598968904919658,0.9658118064584681,0.6681
1,1784433169.7756243,2531,-81.3,-24.05,-2172.19,0.7516831757951292,0.6418370012013919,-0.15171574445440167,-0.6108014012484626,0.7642569746027866,0.20696116786467472,0.24878515120373124,-0.06290103862258536,0.9665140494999214,0.6405000000000001
1,1784433169.835478,2534,-81.84,-24.0,-2171.9900000000002,0.7511800463396808,0.6422233444914348,-0.1525703567910581,-0.6114721856493418,0.764070628065389,0.20566439046412213,0.2486570010241651,-0.0611984568269333,0.9666563219281558,0.6258
1,1784433169.8953323,2537,-82.48,-23.990000000000002,-2171.94,0.7494246991664026,0.643448100329349,-0.15600372579492708,-0.6131107932328134,0.7633851787087299,0.20331803695017,0.24991553673346742,-0.05672399060708265,0.9666046830989546,0.6597000000000001
1,1784433169.9402614,2540,-83.28,-23.93,-2172.03,0.7471053781664118,0.6452133894683261,-0.15979122618472144,-0.6151368256944547,0.7622082877970436,0.20160657649999625,0.2518734594779146,-0.05232788992777115,0.9663444273892896,0.7182000000000001
1,1784433170.0000646,2546,-85.2,-23.72,-2172.65,0.7473784397410153,0.6414743749766039,-0.1730205018448999,-0.613692550404327,0.7663019364430897,0.19016518025601706,0.2545720357551437,-0.03594396266337775,0.9663855908277688,0.8286
1,1784433170.0599322,2549,-86.23,-23.54,-2172.9900000000002,0.750369316921604,0.636080729160806,-0.1798532574430131,-0.6106236146083215,0.7712113990113575,0.17992159213838935,0.2531495398085358,-0.025184996033396984,0.967099284701175,0.8626
1,1784433170.1057816,2552,-87.28,-23.2,-2173.54,0.7551457963033853,0.629558375480888,-0.1827869748838561,-0.6077539258521091,0.7768384072125992,0.16479458331735566,0.24574375258930842,-0.013354435265374713,0.9692428318651977,0.7203
1,1784433170.1646605,2555,-88.42,-22.93,-2174.12,0.7562518103949041,0.6266483169312873,-0.188135818390904,-0.6072302427086265,0.7792970149330753,0.15481471136949804,0.24362805998992162,-0.002837147085252724,0.9698645879616207,0.7235
1,1784433170.2244637,2558,-89.63,-22.64,-2174.51,0.7543503208266163,0.6278947508119901,-0.19158229399276455,-0.6108599259030361,0.778263926494218,0.14544900014623532,0.24042825207225213,0.007310445988530676,0.9706393835946131,0.7207
1,1784433170.2743444,2561,-90.78,-22.32,-2174.83,0.7545541502748422,0.6283150431606788,-0.18938912545604414,-0.6137648379054413,0.7778287457828128,0.1351856722616854,0.23225149742018486,0.014235475823832885,0.9725515889525609,0.6063000000000001
1,1784433170.3292298,2564,-91.92,-22.04,-2175.11,0.7545079078211123,0.6283604231451293,-0.18942279604176962,-0.6157701454155554,0.7776414869447023,0.12688910826914307,0.22703511853965164,0.020902067058223815,0.9736622404830023,0.5692
1,1784433170.3888867,2567,-92.92,-21.740000000000002,-2175.2200000000003,0.7569212374110162,0.6265231051110995,-0.18584681627114846,-0.616787530692095,0.7788784295729194,0.11367292522307382,0.21597079047622106,0.028586547674890158,0.9759812636281023,0.36310000000000003
1,1784433170.4487226,2573,-94.45,-20.86,-2175.39,0.7722610565243879,0.60967020631071,-0.17864797819424846,-0.6050409747978265,0.7915526616440948,0.08584755476916801,0.19374797906438218,0.04179262352623597,0.9801607507073837,0.17270000000000002
1,1784433170.508567,2576,-94.99,-20.42,-2175.42,0.7800013543901428,0.6011247519039198,-0.1739164161256599,-0.5981665766056897,0.7978562610404875,0.0749808865666651,0.18383316833850302,0.0455457941740441,0.9819016991795478,0.154
1,1784433170.568375,2579,-95.15,-20.02,-2175.46,0.7879624158513304,0.5926939732783076,-0.16682051805850467,-0.5911883860782955,0.8039867254514612,0.06404402754337994,0.17207999120140474,0.048158066171821695,0.9839051159998687,0.1637
1,1784433170.6282587,2582,-95.10000000000001,-19.73,-2175.5,0.794495093923746,0.5870808408759183,-0.15528564649549198,-0.587146365233288,0.807911126089885,0.05038609067502989,0.15503771000771552,0.05114390106942111,0.9865838078232203,0.16160000000000002
1,1784433170.6880653,2585,-94.81,-19.330000000000002,-2175.75,0.8012741756624554,0.5831208403581127,-0.13390213200879483,-0.5839283953503412,0.8109480115068582,0.03729546536306656,0.1303354307931193,0.04830536381314632,0.9902925160309206,0.1882
1,1784433170.7485218,2591,-95.52,-18.32,-2176.33,0.8025975821525534,0.5853413661747888,-0.11494610114095716,-0.5862428400579845,0.8096025670923007,0.02937713121298614,0.11025630867947549,0.04380831430434607,0.9929372477625099,0.2066
1,1784433170.8089285,2594,-96.07000000000001,-17.6,-2176.54,0.8035820259260149,0.5874977975438836,-0.09540579379538548,-0.5866308856155174,0.8088720607579978,0.039877228678332224,0.10059886505620003,0.023923361097389222,0.9946394025691967,0.2096
1,1784433170.8689828,2597,-96.61,-16.94,-2176.88,0.8027225654402601,0.5928755225659124,-0.06430472513900959,-0.5908581005964556,0.8052931540793525,0.04888395393661195,0.08076625466465565,-0.0012452851578482916,0.9967322917274828,0.2363
1,1784433170.9287899,2600,-97.05,-16.56,-2177.18,0.7986384740512555,0.6011455003200348,-0.02829620487021214,-0.5992093589209031,0.7986736795316927,0.055394023187589604,0.05589930184431809,-0.027284447369922075,0.9980635385510462,0.20900000000000002
1,1784433170.9886298,2603,-97.61,-16.27,-2177.21,0.7914774800923398,0.6111644924775615,0.006431301681978126,-0.6103908399508836,0.7898473408494875,0.0597009267687555,0.03140734007735525,-0.05117754671375207,0.998195590904722,0.2015
1,1784433171.0489635,2609,-98.38,-15.34,-2177.19,0.7581697080201998,0.6441038867571378,0.10153263960378917,-0.6519565456737475,0.7515432319925964,0.100674887629821,-0.01146108169936539,-0.14252351914849173,0.9897250578296024,0.22030000000000002
1,1784433171.1088018,2612,-99.18,-15.58,-2177.17,0.7268193215022786,0.6731313465939331,0.1364839335731712,-0.6860401414861407,0.721026183618107,0.09731478205691031,-0.032902859459987686,-0.16436372096586907,0.985850885818748,0.249
1,1784433171.1538143,2615,-100.0,-15.9,-2177.21,0.698724103042693,0.6970231644690484,0.1610693515872536,-0.7137768743443955,0.6943647916056707,0.09154293981273812,-0.04803333715586949,-0.17893083683917507,0.9826884318794554,0.2328
1,1784433171.2140012,2618,-99.74000000000001,-15.75,-2177.39,0.6821860091872135,0.6992087352542534,0.21384432050763075,-0.7268073428894714,0.6803907026212339,0.09391260889002011,-0.07983317099532893,-0.21948949025119804,0.9723430611045155,0.279
1,1784433171.2739062,2621,-98.78,-14.99,-2177.79,0.6770196142736769,0.6774970588885663,0.28747552432522755,-0.7275680665111283,0.6749604187222976,0.12277272397189515,-0.11085644086827093,-0.2922775536293597,0.9498866675358993,0.2716
1,1784433171.3337462,2624,-98.15,-14.17,-2178.01,0.6734910729397403,0.6514112007134745,0.3493897855626395,-0.7278464393167481,0.6669044100833694,0.1596185095322108,-0.12903230387933445,-0.36180375260130015,0.9232814896656428,0.3352
1,1784433171.3935862,2627,-97.86,-13.780000000000001,-2178.33,0.6683894501922679,0.6312246301632577,0.393460301869117,-0.7285415142492122,0.6622093314095124,0.17523145667839324,-0.14994267200214517,-0.4037750211063401,0.902487078823532,0.3991
1,1784433171.4390159,2630,-97.98,-13.71,-2178.54,0.6609744776073936,0.6234749078953709,0.4176024175893764,-0.7311332098170984,0.6603838454782018,0.171281657319075,-0.16898807488748954,-0.41853579996970525,0.8923400779352785,0.3513
1,1784433171.4989471,2636,-98.79,-13.3,-2179.21,0.6387691668731454,0.6245746099255166,0.4493111484134092,-0.7421690765060442,0.6541670647027045,0.14577555808987122,-0.20287684276514525,-0.4265817718733849,0.881401712373541,0.3483
1,1784433171.5589094,2639,-99.21000000000001,-13.3,-2179.92,0.6097805971620152,0.6292350844760162,0.4819033427869087,-0.7587083635289488,0.6392585787001503,0.1253398925701154,-0.22919258809123927,-0.44205393112461344,0.8672133990785169,0.3703
1,1784433171.6043866,2642,-99.10000000000001,-13.35,-2181.38,0.5777590281384024,0.622794550996582,0.5275617998429519,-0.7695348113647781,0.6310779733673637,0.09775871126562925,-0.2720490387822468,-0.46245814813830144,0.8438730838924469,0.3548
1,1784433171.6637366,2645,-99.34,-13.06,-2182.2,0.5533908328853042,0.6214870555091597,0.5545380292757781,-0.7809038736885091,0.6187208831762823,0.08586971980763651,-0.2897373399076999,-0.4805604109330227,0.8277161139588223,0.3497
1,1784433171.7235909,2648,-99.32000000000001,-12.71,-2182.76,0.5344151334242906,0.6203616865328904,0.5740660615723294,-0.7920972217606037,0.6045805328533962,0.08404981007614765,-0.29492788346684146,-0.4996336229446245,0.8144837545200013,0.3804
1,1784433171.7834423,2651,-99.09,-12.26,-2183.2,0.5198089402175697,0.6096091404591332,0.5984775363692136,-0.8002440619720401,0.5926750481041761,0.09135495954354036,-0.29901188429287606,-0.5264152194070657,0.7959138834247297,0.4091
1,1784433171.843312,2654,-98.66,-12.26,-2184.15,0.4989162960056624,0.593905093913845,0.6311570874221226,-0.8044198080547246,0.5883378828131478,0.08226364966461734,-0.32247682395668426,-0.5487579385030613,0.7712803789418475,0.42210000000000003
1,1784433171.8881943,2657,-98.39,-12.15,-2184.59,0.48698864249418894,0.5817162443446209,0.6514969479186041,-0.8063393454276669,0.586098044186699,0.0794099654691272,-0.33564702009246083,-0.5639993738171307,0.7544837865964621,0.4045
1,1784433171.9480343,2663,-98.3,-11.73,-2185.36,0.47542177789879525,0.5743960686327978,0.6663657324913511,-0.807895167835855,0.5848820878623295,0.07223808611306086,-0.3482521082305523,-0.5726972146230402,0.7421174903450175,0.4017
1,1784433172.0078743,2666,-98.43,-11.43,-2185.69,0.46678491170505343,0.576935966190841,0.6702661688612563,-0.8084505894123081,0.5856037515944,0.05895668407785348,-0.35849615156009285,-0.5693971698507159,0.7397752174022848,0.39130000000000004
1,1784433172.0527544,2669,-98.73,-11.21,-2186.01,0.4508101361352297,0.5830885520831893,0.6758535060109293,-0.8138008274628808,0.5795650903812386,0.04280793421921949,-0.3667402819141442,-0.5693083930884179,0.7357917634634255,0.4636
1,1784433172.1125944,2672,-98.85000000000001,-10.88,-2186.5,0.43471869179415207,0.586933049768475,0.683029467954537,-0.8203293768079754,0.5710278532342828,0.03141503424294498,-0.3715903289250409,-0.5739658403773897,0.7297149042806079,0.46180000000000004
1,1784433172.1724343,2675,-98.87,-10.3,-2186.9500000000003,0.41463315203272144,0.5815524449608354,0.6999114965447306,-0.8287177344675706,0.5590421783589913,0.026434057474607305,-0.3759072569322747,-0.5909895063160665,0.7137402451942475,0.4364
1,1784433172.2322748,2678,-98.7,-9.53,-2187.4900000000002,0.39925333710562694,0.5716281782170287,0.7168249428405108,-0.8373044364549022,0.545853430151446,0.03106949444131438,-0.37352115536199443,-0.6126053041397709,0.6965606131822698,0.43160000000000004
1,1784433172.2924116,2681,-98.5,-8.69,-2187.86,0.38497724442580333,0.5609813023075062,0.7328659493629714,-0.8462747656222466,0.5314053567863042,0.03778052209581636,-0.36825472481059485,-0.6347506008190895,0.6793232900574496,0.4403
1,1784433172.3373175,2684,-98.18,-7.8100000000000005,-2188.34,0.37851609157168203,0.5487838817977807,0.7453601944699338,-0.8521845752079239,0.5209203544099844,0.0492283875326678,-0.3612575510615499,-0.6538181975444977,0.6648418957622,0.49610000000000004
1,1784433172.3974545,2690,-97.48,-6.3100000000000005,-2188.86,0.37646394575527703,0.5274318407707327,0.761636757836414,-0.8576867035441441,0.5092025619786448,0.07131808633133492,-0.35021195883342865,-0.6800944083107735,0.6440676825260464,0.47090000000000004
1,1784433172.4572947,2693,-97.3,-5.94,-2189.19,0.37037696733530157,0.5174227822031899,0.7714237269650286,-0.8591935181032074,0.5064410760714919,0.07282811899934304,-0.3529977344359848,-0.6897761237710824,0.6321404104772943,0.4927
1,1784433172.51712,2696,-97.18,-5.99,-2189.76,0.35351239316908606,0.5023312717971987,0.7891085357860946,-0.8627566026631774,0.5010907337724111,0.06752126397305441,-0.3614969328181883,-0.7046782030842413,0.6105314059579628,0.47600000000000003
1,1784433172.5770772,2699,-97.02,-6.05,-2190.57,0.32713409611773103,0.48187072114947205,0.8128861490123466,-0.8669604551866793,0.49530093490430865,0.05528610155747835,-0.3759825159495334,-0.7228261146235695,0.5797926833950677,0.4844
1,1784433172.6370199,2702,-96.89,-6.17,-2191.4500000000003,0.2982306645299708,0.46320970115764487,0.8345629056502915,-0.8702313351530415,0.4911464411817617,0.0383744268002136,-0.39211719428222824,-0.7377072224588392,0.5495745262294256,0.4932
1,1784433172.697039,2708,-96.66,-5.36,-2192.46,0.27704841688777715,0.44277237046514695,0.8527583495062662,-0.872071118999932,0.48847747608138625,0.029693749634649467,-0.4034056743604172,-0.7518925344182062,0.5214609080074782,0.5173
1,1784433172.7570388,2711,-96.2,-4.5,-2192.82,0.28094861997216397,0.42798195114709886,0.859010664909382,-0.8711599483960708,0.4892715888916046,0.0411540595086288,-0.4026763182089204,-0.7598978627393334,0.5103009121664406,0.5202
1,1784433172.8165202,2714,-95.51,-3.41,-2193.73,0.2867246592654617,0.4052411847798042,0.8680832632457357,-0.8689450371550111,0.4915521333609877,0.057541485833597514,-0.40339000009021186,-0.7708152063539758,0.4930724343143677,0.537
1,1784433172.8763916,2717,-95.02,-2.57,-2194.52,0.2900326310005696,0.39119487331228875,0.8734114975480171,-0.8639779389989977,0.499553555315532,0.06315351371583423,-0.41161048805628336,-0.7729248452894978,0.48287057236517755,0.5745
1,1784433172.9362037,2720,-94.66,-2.0300000000000002,-2195.31,0.29441826755021444,0.385912746906687,0.8742935636888023,-0.857254921659714,0.5110084740399538,0.06312161871780414,-0.42241198257498364,-0.7680766180754973,0.48127583124729884,0.542
1,1784433172.9966855,2726,-94.36,-1.44,-2197.04,0.3050907665550357,0.3827182127521761,0.8720357755222207,-0.8395621737324444,0.5403071237085448,0.0566000751541215,-0.4495052620387371,-0.749396411585737,0.4861584491725995,0.5131
1,1784433173.056561,2729,-94.52,-1.45,-2197.82,0.3048654072737326,0.3861796835105458,0.8705873508680881,-0.8320230340875312,0.5528190609586864,0.04613845021817406,-0.46345954968648534,-0.7384147465242354,0.4898458001452593,0.4913
1,1784433173.1163986,2732,-94.9,-1.6600000000000001,-2198.66,0.3057257134977688,0.395015564883865,0.866310851603373,-0.8235165566693003,0.5663677179286258,0.0323742023818332,-0.47786218619788223,-0.723318955639766,0.49845503248977124,0.5218
1,1784433173.1763809,2735,-95.34,-1.92,-2199.58,0.3055098002754394,0.40092598047884864,0.8636678297312774,-0.817746851710077,0.5751468530882446,0.022275185766815073,-0.4878051336895893,-0.713066936240745,0.5035689585213915,0.5309
1,1784433173.2361867,2738,-95.64,-2.19,-2200.48,0.3048331117539087,0.40694237725824517,0.8610892378666902,-0.812087196371656,0.583417420102218,0.01176857725027029,-0.49758532883079715,-0.7028669970290826,0.5083176418536616,0.5039
1,1784433173.2960267,2744,-95.86,-2.52,-2202.46,0.30118006882880427,0.4076303908272113,0.8620487402776779,-0.8063444797743103,0.5914426332254599,0.002047325286985025,-0.5090178249116363,-0.695724856590153,0.5068212484148997,0.5233
1,1784433173.3559337,2747,-95.98,-2.9,-2203.48,0.30154673125344683,0.4134011754310157,0.8591676419783372,-0.8025249768438703,0.5965941430329581,-0.005393518380064853,-0.5148040699257409,-0.6878770941462036,0.5116657824565444,0.538
1,1784433173.4157445,2750,-96.23,-3.3000000000000003,-2204.34,0.3015613957524049,0.42454496265007596,0.8537108991223593,-0.797006168183989,0.6036823423908247,-0.018676117428481027,-0.5232990468828859,-0.6747808564074509,0.5204122436660099,0.47390000000000004
1,1784433173.4755845,2753,-96.76,-3.94,-2205.09,0.30132773102973875,0.4498741853034204,0.8407227937376581,-0.7952498969926018,0.6050433574207837,-0.03873160175156136,-0.5260980895666939,-0.6569138094442598,0.5400787415883957,0.5568000000000001
1,1784433173.5354602,2756,-97.38,-4.51,-2205.56,0.2991460886998506,0.48272720633260185,0.8230954148103989,-0.7965934845667424,0.6012147031422342,-0.06308487196951586,-0.5253098494806624,-0.6368008519089126,0.5643883743014974,0.4686
1,1784433173.5952919,2762,-97.81,-4.0600000000000005,-2206.93,0.32835876840599726,0.5172040195673514,0.7903673331776,-0.7879605875933923,0.6114138469708083,-0.07274077351687382,-0.5208633521475405,-0.598893237460344,0.6082994809416621,0.5293
1,1784433173.6553087,2765,-97.81,-3.4,-2207.66,0.3477763839437319,0.5239987186742033,0.7774811442078935,-0.7858157430339863,0.6152290693923815,-0.06314119237493329,-0.5114149047211727,-0.5889979074685898,0.6257285835141755,0.45220000000000005
1,1784433173.7156951,2768,-97.72,-2.59,-2208.36,0.36370827288375085,0.5236654651669268,0.770383523206088,-0.7846595438768794,0.6179399670503971,-0.04959432754541053,-0.5020216055498473,-0.5864509167127799,0.6356489832036964,0.47900000000000004
1,1784433173.7755642,2771,-97.57000000000001,-1.78,-2209.08,0.37641560332378626,0.5213331307249953,0.7658479355478246,-0.7824711675436165,0.6214965059513332,-0.03848330876125468,-0.4960344398701764,-0.5847682104037115,0.6418691257288522,0.4767
1,1784433173.8354099,2774,-97.46000000000001,-0.97,-2209.84,0.39151634617510034,0.519620321089351,0.7594140323885903,-0.7808388995148742,0.6242489643206606,-0.024573228297943187,-0.48683217198753315,-0.5833591967695225,0.6501434332993898,0.4635
1,1784433173.8952599,2780,-96.99000000000001,1.34,-2211.03,0.43504135397701993,0.5056034684116872,0.7450531209651522,-0.7762934208407796,0.6298409186853685,0.025863911322372497,-0.4561880589068085,-0.5896317069829635,0.6665034921372843,0.44170000000000004
1,1784433173.955269,2783,-96.67,2.68,-2211.4700000000003,0.45957152490640285,0.49585576873859194,0.736831778701125,-0.7742247819930791,0.63017196302951,0.05881567783595819,-0.435166635259383,-0.5975034339819263,0.6735129144543801,0.458
1,1784433174.0157082,2786,-96.31,4.24,-2211.67,0.48984599346809665,0.48612259133040286,0.7236958814871529,-0.7698856975940956,0.6306964724757383,0.09745754073807096,-0.4090561273508881,-0.6049022944285085,0.6832029704793587,0.394
1,1784433174.075545,2789,-95.95,5.67,-2212.03,0.5166814645334147,0.4771478105296805,0.7108939661541219,-0.7626965851729947,0.633771466812982,0.12894823309830283,-0.38901694458347014,-0.6088215623320625,0.6913769753661804,0.3886
1,1784433174.1354122,2792,-95.75,7.05,-2212.32,0.5412196733809518,0.4716482602380835,0.6961531324068038,-0.7537610987722795,0.6390838053987439,0.15302318665701073,-0.3727270732359291,-0.6075523090989363,0.7013948392920557,0.42500000000000004
1,1784433174.1952617,2798,-95.46000000000001,9.49,-2213.3,0.5860684653611695,0.462979045669727,0.6649617712169268,-0.7240875182108915,0.6675566885521235,0.17339357987109916,-0.36362208387334727,-0.5831110278841176,0.7264712721639668,0.4541
1,1784433174.2550726,2801,-95.43,10.5,-2213.98,0.6071414188345493,0.46212014879412666,0.6463932747283689,-0.7097283749438701,0.6811878592503593,0.17963500274012914,-0.3573022968511452,-0.567827498883602,0.7415571455906074,0.38230000000000003
1,1784433174.3149126,2804,-95.47,11.57,-2214.36,0.6302559017608715,0.46317071390623193,0.6230974145951673,-0.6939551222955607,0.6959514475080631,0.18460192564321953,-0.34814334193740337,-0.5487480956604979,0.7600471965434996,0.38430000000000003
1,1784433174.3752913,2807,-95.43,12.75,-2214.7400000000002,0.6540616359390895,0.46072378538666364,0.5999474726771215,-0.6796147524292386,0.7061685922251442,0.1986195046698654,-0.33215533214631154,-0.5376425512677931,0.7749924660234007,0.3165
1,1784433174.4351313,2810,-95.54,14.030000000000001,-2214.85,0.6751310486579045,0.46225742443702683,0.5749053319381587,-0.6694866604381084,0.7112317016603494,0.2143293681434078,-0.3098155558287976,-0.529591861820185,0.789649783929764,0.34190000000000004
1,1784433174.4955473,2816,-96.38,16.330000000000002,-2214.62,0.7146565078050909,0.48542050234335304,0.5036199080224678,-0.6538328420530177,0.7194176515817139,0.23439466129911207,-0.2485330772849075,-0.49679490586899,0.8315203731706853,0.3109
1,1784433174.555385,2819,-97.09,17.06,-2214.3,0.7255036373724105,0.5069936713614659,0.46540508093361393,-0.6514876130147242,0.723906970495778,0.22698587655623317,-0.22182957928954974,-0.46788472433607686,0.8554972369827822,0.3745
1,1784433174.6002653,2822,-97.54,17.830000000000002,-2214.25,0.732861670419372,0.519695238579085,0.43912484674447233,-0.6484134105706024,0.7289863325996605,0.21940596134812965,-0.20609177815315108,-0.4455286588774348,0.8712235035262462,0.3062
1,1784433174.6601055,2825,-97.8,18.68,-2214.35,0.7374486299640285,0.5253921814037695,0.4244202797746194,-0.6458941423982947,0.7323096912242434,0.21573889995692686,-0.19745955276903904,-0.4332269288246544,0.8793885109332559,0.3113
1,1784433174.719913,2828,-98.16,19.57,-2214.43,0.7418862098040463,0.5322530466080241,0.40781312641829354,-0.6431087737736205,0.736956854347078,0.20810021606487986,-0.18977870480635256,-0.4166548802154321,0.8890347316020264,0.30760000000000004
1,1784433174.7797532,2831,-98.55,20.25,-2214.7000000000003,0.742281680606939,0.540867382563334,0.3955760118035804,-0.6423286284382954,0.7424728165615234,0.190126404677984,-0.19087126479362038,-0.39521714429701377,0.8985385740911723,0.3057
1,1784433174.839593,2834,-98.91,21.080000000000002,-2214.81,0.7459683296815062,0.547130432942217,0.3797098108564559,-0.6393114462964283,0.7480332490343969,0.17812111883045353,-0.1865800786433329,-0.3756255418465386,0.9077958617254992,0.32270000000000004
1,1784433174.884473,2837,-99.32000000000001,21.89,-2214.91,0.7492037422516321,0.5531430412519491,0.36431652242342016,-0.6368778304417018,0.7526773067484421,0.1669236382235366,-0.18188012999781117,-0.3570849308224247,0.9161931949602786,0.3089
1,1784433174.944313,2843,-100.10000000000001,23.86,-2214.31,0.7640512258148066,0.5595609186154247,0.3211188295462494,-0.6271875140461999,0.7608774522452205,0.16643714996769735,-0.1512003523654596,-0.32856822887047954,0.932298971586624,0.31970000000000004
1,1784433175.005151,2846,-100.5,24.66,-2213.96,0.7679405664882234,0.5619998956854118,0.30728391365532476,-0.6237791355121015,0.7651558570466079,0.15948700425754544,-0.14548840655365655,-0.31415383441374284,0.9381580314006914,0.2549
1,1784433175.063993,2849,-100.95,25.71,-2213.28,0.7756944050591927,0.5613475563543071,0.28842175877508436,-0.6178278190019616,0.7686936772080751,0.16552587920807707,-0.1287904345327877,-0.3065924845709294,0.9430875210591432,0.2545
1,1784433175.1238334,2852,-101.32000000000001,26.75,-2212.59,0.7810198446847098,0.5592479002723779,0.27793846126365496,-0.6135244704878474,0.7702029558593761,0.17428462610937936,-0.11660071321084689,-0.30664179888987125,0.9446560648470455,0.24730000000000002
1,1784433175.1836734,2855,-101.45,28.02,-2211.7200000000003,0.788712833028188,0.550717408409373,0.27320761902171325,-0.6054755768328426,0.772826123914507,0.1901028880743678,-0.10644901538100908,-0.31535712814227446,0.9429838221593576,0.2686
1,1784433175.2435133,2861,-101.79,30.63,-2210.32,0.8002442493429097,0.5334180387619646,0.27399696589003014,-0.5928712407044742,0.7723804463992624,0.22788623908786962,-0.09007126811109338,-0.3448095734509347,0.9343412249908725,0.2933
1,1784433175.3033535,2864,-101.97,32.19,-2209.53,0.8067519096180261,0.5240415073782642,0.2730052286539305,-0.5854700572175541,0.7713553410430005,0.24947094008342996,-0.07985091376648162,-0.36109754414721945,0.92910300568963,0.279
1,1784433175.3631923,2867,-102.26,33.730000000000004,-2208.94,0.8110953682110776,0.5156801141354306,0.2760404382546249,-0.5801641279927611,0.769303614702384,0.26754725376322724,-0.07439010859607115,-0.37715509845568157,0.9231577023737328,0.3003
1,1784433175.4230652,2870,-102.66,35.14,-2208.17,0.8140991375193251,0.5102626650737966,0.2772627038064764,-0.5764893272965557,0.7676664848440864,0.27990752680177944,-0.07001892460939374,-0.3877114657563157,0.9191176037470034,0.3143
1,1784433175.4679134,2873,-102.94,36.58,-2207.4,0.8182070327951878,0.5014577091520515,0.28120707213096674,-0.5709578394161886,0.766081935097085,0.2951704834957303,-0.06741214351800423,-0.40206794780221156,0.9131248371698285,0.3244
1,1784433175.5278182,2876,-103.10000000000001,38.06,-2206.53,0.8238944297210095,0.48740033678044736,0.28920387338519354,-0.5629154061402775,0.7629737331453508,0.31780076787222145,-0.06575875762679095,-0.4246315982549504,0.9029749672935719,0.3306
1,1784433175.5876606,2879,-103.11,39.62,-2205.77,0.8336972987908482,0.4637751809781309,0.29976890348657764,-0.5480205881656992,0.7616739022715593,0.345725760603598,-0.0679871233055524,-0.45251016354013207,0.8891638223395723,0.3015
1,1784433175.6325078,2882,-102.77,41.03,-2205.32,0.8554149474416753,0.41981491030022405,0.3033491532590298,-0.5110726926681032,0.7792320611826089,0.36277003409057507,-0.08408311663068899,-0.4653523782196855,0.8811226892907437,0.3214
1,1784433175.6923482,2888,-102.60000000000001,42.85,-2203.67,0.8841705692671162,0.3530361885752647,0.3059540063442767,-0.4534437268663861,0.8061016697841393,0.38024845106422794,-0.1123885715159055,-0.4749374143268484,0.8728134173264878,0.26940000000000003
1,1784433175.7522213,2891,-102.16,43.81,-2203.67,0.8973594037953099,0.2994033155953,0.32419709287818627,-0.4135153495733292,0.8270435022022357,0.38079404030565933,-0.15411410087131394,-0.47576958716967394,0.8659631307607875,0.30910000000000004
1,1784433175.8120615,2894,-102.31,43.93,-2203.66,0.8981472001504524,0.2856067198385415,0.33430586062013995,-0.4047756054115629,0.8340039250671759,0.37495888072727046,-0.17172162393131027,-0.47208712602189606,0.8646649231458278,0.28340000000000004
1,1784433175.8719203,2897,-102.54,43.96,-2203.61,0.8977870145247917,0.2857014630113882,0.33519121495620063,-0.40379747647006514,0.8378237148608556,0.36742212891055315,-0.17585810913082367,-0.4652161829191976,0.8675527814508021,0.3039
1,1784433175.9168015,2900,-102.71000000000001,43.980000000000004,-2203.68,0.8976629684365992,0.28735001084920164,0.33411250554649496,-0.40399442652580053,0.8394619996146395,0.3634447063021835,-0.1760389117033007,-0.4612304439951407,0.8696417533090064,0.324
1,1784433175.976642,2903,-102.7,44.04,-2203.69,0.8995300778999389,0.28560113617058924,0.33057167145930505,-0.400806089408672,0.8405597277455378,0.36443630826973783,-0.1737818104585685,-0.46031655967433566,0.8705794318977025,0.2702
1,1784433176.0364819,2906,-102.4,44.08,-2203.84,0.9020231463909463,0.26694660767802486,0.3392547008136692,-0.38459044249982627,0.8538836139494436,0.3506750138895348,-0.19607252462485758,-0.4467910948954022,0.8728878980770683,0.2533
1,1784433176.0813668,2909,-101.7,43.93,-2204.51,0.9032521840153453,0.23731698587222444,0.35751383230307476,-0.3556718291640714,0.8801600471787745,0.31434987082761934,-0.24006882765280507,-0.4110948060566806,0.8794134513541557,0.22340000000000002
1,1784433176.1412063,2915,-100.78,42.84,-2204.93,0.8923280736456222,0.2181053565219273,0.3951969919424186,-0.33423160930878587,0.9076969305619993,0.2537233012302656,-0.30338068548072106,-0.3584917512367167,0.8828611578116231,0.2202
1,1784433176.2010791,2918,-100.35000000000001,42.88,-2204.9700000000003,0.8925376487221482,0.19341078411451992,0.4073927026859291,-0.3110897491645494,0.9180726318741103,0.2456945472909038,-0.32649611571698217,-0.34602732723290947,0.8795825005249774,0.20950000000000002
1,1784433176.2609198,2921,-99.78,42.71,-2205.15,0.892274147610414,0.1695018363197653,0.4184686045455937,-0.28947143397798725,0.9260586589018108,0.24211908058578768,-0.3464868459506605,-0.3371713032824811,0.8753641401302411,0.19110000000000002
1,1784433176.3209586,2924,-99.18,42.42,-2205.52,0.8876889952931217,0.14981240916527197,0.4353900431746063,-0.2759736889759703,0.9300312780410358,0.24265272481130754,-0.3685739690055211,-0.335556349851191,0.8669228140071424,0.2174
1,1784433176.3658793,2927,-98.56,42.11,-2206.01,0.8826117320244505,0.13517403522753696,0.4502493872212421,-0.27333708292459996,0.9267916056398037,0.2575735988292762,-0.3824700897992806,-0.35040733427812154,0.8549452207557107,0.2359
1,1784433176.4257174,2930,-97.88,41.51,-2206.44,0.87965772364644,0.12422003244411799,0.4590987614541619,-0.26881611673697653,0.9261719142200635,0.2644682980857922,-0.3923521181434037,-0.35605472732365945,0.848106624510656,0.233
1,1784433176.4855576,2933,-97.26,40.7,-2206.65,0.877662975418793,0.12446696686229941,0.46283439342720656,-0.2702702810824125,0.9260314315104761,0.26347630447213266,-0.395805099439945,-0.3563337789415388,0.8463832236301577,0.2584
1,1784433176.5310476,2936,-96.47,39.910000000000004,-2206.9,0.8782347858040702,0.12510173081249415,0.46157688195077207,-0.26869820184669363,0.9275084937614936,0.25986394579594685,-0.39560704913845024,-0.35224643496847996,0.8481848334673074,0.2142
1,1784433176.5908844,2942,-95.35000000000001,37.43,-2207.02,0.878651074938942,0.13724245741394636,0.45731476730106024,-0.2742175634830669,0.9291333900675625,0.24802393299633196,-0.390867006008504,-0.3433302365719337,0.854018344223008,0.23370000000000002
1,1784433176.6507232,2945,-94.99,35.64,-2206.73,0.8793354397117438,0.14666570258500894,0.45305447371392366,-0.2799433111984585,0.9288443731184033,0.24265175260344554,-0.38522840884622933,-0.34020185509712675,0.8578238576807456,0.1791
1,1784433176.7106135,2948,-94.53,33.61,-2206.41,0.877899317524671,0.15536171002421803,0.4529409755675323,-0.2883028496086522,0.9267362501705801,0.24091780657996809,-0.3823274188405116,-0.3420857519367371,0.8583723452701802,0.19740000000000002
1,1784433176.7704525,2951,-94.12,31.59,-2206.11,0.8769679680046893,0.164050937009702,0.4516796133986625,-0.29493497857115397,0.9258178399868816,0.2363782679885312,-0.3793949676906105,-0.3405122864571317,0.8602969494673203,0.22410000000000002
1,1784433176.815377,2954,-93.49,29.62,-2205.87,0.8771753875452474,0.17552141725027068,0.4469402326612605,-0.30173937395226863,0.9255484246717562,0.2287213671577794,-0.3735193297431048,-0.3354882198737939,0.8648300206596524,0.2212
1,1784433176.875214,2957,-92.86,27.52,-2205.39,0.8793831842963372,0.19859317856055708,0.43271926766212887,-0.3098744735741931,0.9287453200621496,0.20349432692282107,-0.36147340953927865,-0.31303814446784284,0.8782619736184523,0.22110000000000002
1,1784433176.93505,2960,-92.11,25.080000000000002,-2204.87,0.8792028455984031,0.237176672401889,0.4132185648782463,-0.3255545235922464,0.9323025735091334,0.15756320508568056,-0.34787441478254183,-0.27305519130134437,0.8968970141789357,0.18730000000000002
1,1784433176.9948943,2966,-89.59,19.97,-2203.65,0.8540253700514272,0.33183572639863873,0.4006566085739891,-0.3911166454362108,0.9173695667158727,0.07389754885148507,-0.34302833260715987,-0.21981385022109054,0.9132433598333644,0.1721
1,1784433177.0548263,2969,-88.02,18.39,-2202.98,0.8489957415907953,0.35404737211562287,0.3922456998600714,-0.4038699906590592,0.9134683672111263,0.04964446343440904,-0.3407275471777223,-0.20056420518791637,0.9185198627093442,0.17950000000000002
1,1784433177.1152015,2972,-86.46000000000001,17.240000000000002,-2202.13,0.8417641772800374,0.3741704010651511,0.3891395390021501,-0.41967201021417516,0.9069724450363063,0.03572656977178136,-0.3395710142088916,-0.1933843191978311,0.9204857583893062,0.17900000000000002
1,1784433177.1750138,2975,-84.84,16.15,-2201.53,0.8337492533232875,0.3913032833332556,0.38954322357791576,-0.43568100846697333,0.8996404690246904,0.028793842297197704,-0.3391817233343526,-0.19372342900549913,0.9205579784078185,0.168
1,1784433177.234886,2978,-83.47,15.120000000000001,-2201.06,0.8289727053577738,0.40312364585895827,0.38767973885824175,-0.44227042365018604,0.8967846979034052,0.013193861094578756,-0.34234650010785617,-0.1823966330711157,0.9216997027818888,0.17880000000000001
1,1784433177.2797644,2981,-81.96000000000001,13.85,-2201.18,0.8189876087364608,0.41245710522417933,0.39892158764126023,-0.43851820386387025,0.8982712462416521,-0.028470213477848356,-0.370082533519401,-0.15161762603852938,0.9165429689099698,0.16920000000000002
1,1784433177.3396132,2987,-79.95,11.47,-2200.9500000000003,0.8007771122855986,0.4503739675605216,0.3948661871866623,-0.46351299261917944,0.883499664373598,-0.06770560334973931,-0.37935698505859944,-0.12880851057105652,0.9162404954441359,0.15410000000000001
1,1784433177.399446,2990,-79.25,10.3,-2200.61,0.7884693251157905,0.4738756901608277,0.3921198204962982,-0.48758754456149145,0.8701691242530786,-0.07116236073322767,-0.37493267360947014,-0.13508340190870835,0.9171575463293233,0.1519
1,1784433177.4592857,2993,-78.47,9.200000000000001,-2200.42,0.7756348195159222,0.49514038094971397,0.3914417324551315,-0.5109940975396079,0.8566424981148528,-0.07105394220749217,-0.3705072995693664,-0.14491250317524762,0.9174555615337995,0.1645
1,1784433177.519094,2996,-77.96000000000001,7.88,-2200.12,0.7596087876788553,0.5226284791861654,0.38710975501092104,-0.5382700189029691,0.8392617209256266,-0.07684497731896725,-0.36504777280687056,-0.1499974550867824,0.9188258197483524,0.16970000000000002
1,1784433177.5640066,2999,-77.63,6.44,-2199.9,0.7463728215028743,0.5492632135670913,0.3758158239667277,-0.5615812599990331,0.8228086687836166,-0.0872489712972678,-0.3571471681810413,-0.14593086307044462,0.922577955223177,0.17930000000000001
1,1784433177.6238458,3002,-77.21000000000001,5.25,-2199.67,0.7427221347195407,0.5644631411963259,0.3602016002580018,-0.5706292850570549,0.8150240647542113,-0.1005882344352351,-0.3503513231499534,-0.1308324734242232,0.9274356119239638,0.1683
1,1784433177.683653,3005,-76.88,3.96,-2199.18,0.7374134094170786,0.5800957072720924,0.34599195657756404,-0.5805407094538493,0.8061655264302503,-0.11432247662755952,-0.3452447657513456,-0.11655948867393141,0.9312464428503178,0.1693
1,1784433177.743494,3011,-75.95,1.77,-2198.12,0.7344020766418743,0.5894955511782144,0.33637566048273465,-0.5894955511782144,0.7996398819287964,-0.11432871192309442,-0.33637566048273465,-0.11432871192309442,0.934762194713078,0.1665
1,1784433177.8033357,3014,-75.58,0.81,-2197.35,0.733526099249675,0.5911300306053434,0.3354172753989898,-0.5928516730627299,0.7978250961174856,-0.10955368433716352,-0.3323647927598197,-0.11849220616416374,0.9356779582805568,0.1557
1,1784433177.848282,3017,-75.17,-0.06,-2196.52,0.7326284923493075,0.5912447570437885,0.3371722548879311,-0.5956843327650818,0.7966390295610717,-0.10259840290283767,-0.3292653457262088,-0.12568171644366263,0.9358356897744255,0.1693
1,1784433177.908122,3020,-74.9,-0.8200000000000001,-2195.58,0.7335248046804932,0.5916847884644642,0.3344405358478647,-0.5970663945752435,0.7960766543220509,-0.09886192852827426,-0.324735402115883,-0.12716552812445778,0.9372170757457761,0.1613
1,1784433177.967962,3023,-74.61,-1.51,-2194.81,0.7338392436124472,0.5928775498323214,0.33162656021364534,-0.5985578792748674,0.7951747843026078,-0.09708515626641581,-0.3212606880592219,-0.12725279295215583,0.9384019911496305,0.1766
1,1784433178.0128481,3026,-74.46000000000001,-2.11,-2193.91,0.7340554026931162,0.5941218426681476,0.3289101729069079,-0.6007779025995723,0.7939489198570564,-0.09333286883982614,-0.3165889725260592,-0.1290904672019524,0.9397377686101989,0.1563
1,1784433178.072688,3029,-74.78,-3.41,-2193.16,0.7356341794972516,0.6054780690759498,0.30370818530863597,-0.6011137403129178,0.7902003501647964,-0.11935525881354049,-0.3122573060192818,-0.09476135534854196,0.9452595730116082,0.1462
1,1784433178.1325321,3032,-74.77,-4.19,-2192.16,0.736422748976968,0.6106471501631072,0.291189959969229,-0.6009559467094624,0.7881436716811494,-0.13297181243966874,-0.310698382525142,-0.0770688704123278,0.9473789655199384,0.1439
1,1784433178.192405,3038,-74.08,-5.3,-2190.19,0.7447794738706859,0.6098942809788817,0.27079974396250356,-0.5953703822874791,0.7905982732899564,-0.14313796898726974,-0.3013928386603859,-0.05461992585304989,0.9519343572453104,0.13870000000000002
1,1784433178.2528367,3041,-73.58,-5.5200000000000005,-2189.08,0.7469917165556135,0.6098198601323294,0.26480769170378016,-0.5966800255251868,0.7906094587407052,-0.1375122935922144,-0.2932171934531812,-0.05528491600712966,0.954446046419348,0.1369
1,1784433178.2977161,3044,-73.14,-5.6000000000000005,-2188.18,0.746206504334442,0.6116231220196441,0.2628554916677903,-0.5991302732134587,0.7891297493443186,-0.13534088228964458,-0.2902047012164665,-0.05649243587168635,0.9552956799238363,0.1781
1,1784433178.358126,3047,-73.55,-5.66,-2186.7400000000002,0.7382861537318048,0.6287254072904219,0.24420875790067595,-0.6200304884012745,0.7751577014896129,-0.1212135771034643,-0.26551035509142584,-0.06192656981323445,0.9621171193209233,0.188
1,1784433178.4181974,3050,-74.24,-5.49,-2185.14,0.7349416498868796,0.6430022654875266,0.21542715204787843,-0.6401251276330122,0.7626716916732674,-0.09258353899617637,-0.22383161580610383,-0.06985683429804837,0.9721210986638875,0.1603
1,1784433178.46323,3053,-74.96000000000001,-5.3500000000000005,-2183.84,0.7352437654148466,0.6510791098885499,0.1884478656958786,-0.6515625336763187,0.7555245414632461,-0.0681830767569781,-0.186769564244002,-0.0726543867463312,0.9797134631914682,0.1696
1,1784433178.5232134,3056,-76.63,-5.21,-2182.63,0.7340047089377801,0.6611620419488545,0.15524767806052878,-0.6618228809317461,0.7476430334625438,-0.05495788196545714,-0.15240591042465595,-0.062407121396091156,0.9863456745313405,0.18510000000000001
1,1784433178.5832288,3059,-78.14,-5.12,-2181.51,0.732815679075191,0.6684913439485936,0.12688775972240077,-0.669764571861211,0.7415628196485105,-0.03872986953914842,-0.11998582741780525,-0.05660307041807736,0.991160680030292,0.165
1,1784433178.6291633,3062,-79.63,-5.0600000000000005,-2180.48,0.7306993266376111,0.6737446071156022,0.11021206120014372,-0.6751102728041218,0.7371028546473083,-0.03009154740343011,-0.10151164271001434,-0.05241742127796348,0.9934524650635694,0.2333
1,1784433178.6882274,3068,-81.78,-4.82,-2178.59,0.7290705899482312,0.6769614962627654,0.10089205841004417,-0.6800658352864468,0.7331350785729057,-0.004839033172697653,-0.0772433463068845,-0.06508524520639794,0.9948856096595918,0.20270000000000002
1,1784433178.7482345,3071,-82.63,-4.7,-2177.5,0.7275633765702575,0.6775406505589499,0.10765779077168934,-0.6825758746264208,0.7306715148824124,0.014467643810149559,-0.06886006427286015,-0.08401073847786228,0.9940827366817824,0.2354
1,1784433178.8082268,3074,-82.97,-4.0600000000000005,-2176.12,0.7310652730636116,0.6704531010088189,0.12663414179472046,-0.680286769321731,0.7305097040068639,0.059711672540685344,-0.05247359341829884,-0.12980066139840146,0.9901506503024217,0.1859
1,1784433178.868206,3077,-83.42,-3.67,-2174.57,0.7332134286750115,0.6661444098136698,0.13656387986810942,-0.6788070649927258,0.7289000892444367,0.08902599853645804,-0.04023725297029001,-0.15797558410542348,0.986622865283364,0.24830000000000002
1,1784433178.9132211,3080,-84.2,-3.67,-2172.92,0.7327427957254325,0.667527394763543,0.13226931825889962,-0.680095957310415,0.7250793971610755,0.1083021544686979,-0.023611102526300682,-0.16931345207256362,0.9852793871713567,0.22410000000000002
1,1784433178.9731653,3083,-85.04,-3.6,-2170.89,0.7339861352603257,0.6694325093615338,0.11456207337304505,-0.6791622073884334,0.7230325436395161,0.12634332943785348,0.0017462247511435673,-0.17054048272504518,0.9853491231289684,0.2469
1,1784433179.0331945,3086,-85.75,-3.63,-2169.13,0.7340539965984483,0.6723880394676991,0.09517906523300908,-0.6787322076830283,0.7218682010204617,0.1350144088947731,0.02207533310208533,-0.16370896351839243,0.9862616564239765,0.2222
1,1784433179.0790386,3089,-86.45,-3.11,-2167.4,0.7368430175500847,0.672912977161142,0.0651958024401399,-0.6732622467111875,0.7215994020889378,0.16128313631093358,0.06148426336136314,-0.16273422526627723,0.9847523837421746,0.2174
1,1784433179.1379094,3095,-87.46000000000001,-0.76,-2165.2400000000002,0.7405991393099894,0.6719453184272097,0.0015504505985175082,-0.6521456136171133,0.7182166103564582,0.24263346687552836,0.16192286278738235,-0.1807052562927684,0.9701167954709903,0.2207
1,1784433179.1977224,3098,-87.47,0.71,-2164.65,0.7431063323969246,0.6689331246056842,-0.0179291259370834,-0.6386077749645855,0.7169142374650822,0.2796678134405907,0.19993270994605342,-0.19637324391356403,0.9599294039503589,0.25930000000000003
1,1784433179.25759,3101,-87.2,1.92,-2164.27,0.7459563850357577,0.6653264949066371,-0.029828288580358336,-0.6272869412459459,0.7169425016004747,0.30414559464368185,0.2237412902588387,-0.20816845239877743,0.9521584586922537,0.2283
1,1784433179.3174362,3104,-86.57000000000001,2.93,-2163.9700000000003,0.7501804141444689,0.6603573720179663,-0.03402186731439748,-0.6191125384230125,0.7195335314288641,0.31459682439103226,0.23222620653459236,-0.21494101137529184,0.9486154914545302,0.25520000000000004
1,1784433179.3623142,3107,-85.82000000000001,3.86,-2163.63,0.7549236974525347,0.6546009831297943,-0.03984675532713659,-0.6124181231483057,0.7254031403726545,0.31422018772987487,0.23459380525517035,-0.21280939082427197,0.9485135263731886,0.2487
1,1784433179.422155,3110,-85.08,4.93,-2163.39,0.7583401454155223,0.6499024952028715,-0.050467520052465284,-0.6058104299833483,0.7312363511861745,0.3135077696442629,0.24065316697387334,-0.20717177759774916,0.9482435909577421,0.23320000000000002
1,1784433179.4819984,3113,-84.33,6.44,-2163.1,0.765844831571155,0.6391400699590241,-0.07058091051072503,-0.5901233438782774,0.742190422156633,0.3176599066122124,0.255413650703461,-0.20162675475177613,0.9455741741410864,0.20980000000000001
1,1784433179.541802,3119,-83.43,10.52,-2163.11,0.7774185024975729,0.6182267322591419,-0.11582823271816911,-0.5536330320855715,0.7599809430214002,0.34046942891842685,0.2985145520040317,-0.20056089789509415,0.9330939869473739,0.2212
1,1784433179.6016426,3122,-82.87,12.66,-2163.41,0.7830294147052336,0.6089447041200602,-0.12669365820952527,-0.5389941907488036,0.7659784610300213,0.35037445622808,0.31040328291663083,-0.2060663596082893,0.9280013240251145,0.2094
1,1784433179.6465237,3125,-82.4,14.82,-2163.9,0.790613834892374,0.5973328191706663,-0.13462268463523563,-0.5248885315781072,0.7743632221188522,0.35334633102310187,0.31531221589807207,-0.2086985945600333,0.925755422956903,0.2165
1,1784433179.706395,3128,-81.85000000000001,16.93,-2164.45,0.7990890344689497,0.5849266028858776,-0.1389877125067834,-0.5129198803595135,0.7838702173159461,0.34994382225870724,0.31363977956162353,-0.20834671017666231,0.9264025782752863,0.2298
1,1784433179.7662346,3131,-81.01,19.2,-2165.29,0.8079357715576712,0.5717073981175659,-0.14279509786807637,-0.49914958245619734,0.792769053574515,0.3498098369519809,0.31319240631170214,-0.21134776703861965,0.9258739860242726,0.22340000000000002
1,1784433179.811115,3134,-80.22,21.6,-2165.89,0.818358202499243,0.5560660987500785,-0.14519072361234353,-0.48309514290550576,0.8024347154703888,0.3503107339335538,0.3113020001595187,-0.21653872916599473,0.9253118628159152,0.2137
1,1784433179.870951,3137,-79.13,24.02,-2166.53,0.8319166094154888,0.5350353855532413,-0.1471458160619294,-0.4616326934119299,0.8144557794470112,0.3515068131610085,0.30791234361727665,-0.2244970367983851,0.92454911666004,0.2016
1,1784433179.9314399,3140,-78.01,26.39,-2167.18,0.8425993822748509,0.5180631499873738,-0.1470947096778117,-0.4455594367240109,0.824031680166016,0.3499265329022005,0.30249474265881393,-0.2293084444758467,0.9251565099786336,0.228
1,1784433179.9920201,3146,-75.92,30.94,-2168.23,0.8611041945682283,0.4845613511167327,-0.15394759855525172,-0.4094388104528199,0.8404107295265375,0.35506290455587225,0.30142897437370264,-0.2427140348241096,0.9220794275480927,0.23750000000000002
1,1784433180.0518546,3149,-75.25,33.34,-2168.4700000000003,0.8667956263776081,0.4701571563963695,-0.16618540965418652,-0.3895560435938096,0.8464804714996922,0.3629282301904838,0.3113060086027702,-0.24984607193017572,0.9168781322230745,0.22490000000000002
1,1784433180.1119585,3152,-74.96000000000001,35.75,-2168.7400000000002,0.8673726007756203,0.45972626791923926,-0.19056896391801137,-0.36716059570574167,0.8496448682541066,0.378545498996444,0.3359432517327017,-0.2583705796612876,0.905752049504029,0.2142
1,1784433180.1726649,3155,-74.63,37.42,-2169.26,0.8685755635820283,0.4518541977909536,-0.20348040270958767,-0.35509985388427,0.8539124772798833,0.380443918228565,0.34565963623126766,-0.25818842941624387,0.902140870815662,0.21910000000000002
1,1784433180.233117,3158,-74.07000000000001,38.93,-2169.71,0.8745703557632999,0.43429244233187686,-0.2156774613942505,-0.33654260910501843,0.8638611708181616,0.3748105518918348,0.34909277431198965,-0.2552135421291128,0.901665283149501,0.22460000000000002
1,1784433180.278716,3161,-73.52,40.26,-2170.3,0.8791965308499271,0.4191456984798948,-0.22656200826099276,-0.32193873028176745,0.8731444600121145,0.3660248705958601,0.3512391124092197,-0.24886871116304238,0.9026048141451659,0.2582
1,1784433180.3388574,3167,-72.36,42.58,-2171.64,0.894892769391804,0.3790768910700257,-0.2355156936319777,-0.2882785240219268,0.8938681285817094,0.34335879382006823,0.34067935640130453,-0.23937518535244345,0.9091958517060427,0.23870000000000002
1,1784433180.3989604,3170,-71.61,43.93,-2172.48,0.9105319740114156,0.33275071755566954,-0.24537417196816422,-0.24781501582201218,0.9143217284176287,0.320317802934111,0.3309369157951573,-0.2308521971079919,0.914979792593477,0.2858
1,1784433180.44396,3173,-70.38,45.21,-2173.53,0.9270836758698066,0.2790549937757373,-0.25028817068441445,-0.19834399966908475,0.9317450522131595,0.30415590652092633,0.3180809892637368,-0.23233481901152836,0.9191545115723921,0.26480000000000004
1,1784433180.5044148,3176,-69.09,46.57,-2174.46,0.9402253453388202,0.23291435295646667,-0.24844960086377074,-0.15570421645941962,0.9428377344692148,0.2946408040949464,0.3028737310485258,-0.23834410134892967,0.9227456813190277,0.3189
1,1784433180.5648549,3179,-67.88,47.870000000000005,-2175.4,0.948921392724573,0.19730084435658118,-0.24621244332047268,-0.1217799386478348,0.948921392724573,0.2910632868854924,0.2910632868854924,-0.24621244332047268,0.9244790942912536,0.2587
1,1784433180.6107104,3182,-66.72,48.96,-2176.31,0.9557485091913284,0.15970822600259008,-0.24705883859044445,-0.08927369466553353,0.9576596695203253,0.2737118280509386,0.28031231621054176,-0.23954381628697302,0.9295395448604403,0.2785
1,1784433180.6705406,3185,-65.55,49.95,-2177.2400000000002,0.9610536009078487,0.12993475872421512,-0.24391173538257116,-0.06415401120040942,0.963362407933007,0.260417230283283,0.2688126467057589,-0.23462700069855286,0.934178747089788,0.2849
1,1784433180.7299821,3188,-64.18,50.97,-2178.19,0.9654674549696157,0.0992487050718171,-0.24087815993995904,-0.03771483677190486,0.9680976718111346,0.2477185679781176,0.25777933292209754,-0.23007953489049862,0.9384099440771129,0.3381
1,1784433180.7897902,3194,-61.230000000000004,52.870000000000005,-2180.21,0.9761264757748296,0.01781277863501071,-0.216471264163887,0.030851764519133663,0.9751557355750261,0.21936148249222284,0.21500063236527275,-0.22080307129301888,0.951325775846583,0.2416
1,1784433180.84963,3197,-59.72,53.38,-2181.25,0.9788818549725334,-0.023504867595226835,-0.20307101025223334,0.06475483955323198,0.9778661921719431,0.198958591072563,0.19389978019576756,-0.2079067853786283,0.9587375260380485,0.27080000000000004
1,1784433180.894513,3200,-58.13,53.33,-2182.45,0.9824854528110156,-0.053281954234356374,-0.17855914529281766,0.08436297918372954,0.9816037943858132,0.171280117324282,0.16614819516918997,-0.1833440050842736,0.9689064728040983,0.2315
1,1784433180.9544032,3203,-56.83,52.870000000000005,-2183.5,0.9838638712662359,-0.08166124529585368,-0.15919586625834836,0.10276651441379972,0.9862796187109776,0.12919580964786295,0.14646134757079707,-0.14347109371597805,0.9787569253577146,0.28290000000000004
1,1784433181.0149589,3206,-55.43,52.31,-2184.73,0.985710433259481,-0.10210304624754969,-0.13397727311143748,0.11487046039989805,0.9891766995451866,0.09129202815365169,0.1232060026578309,-0.10537753566990646,0.9867704170095576,0.23120000000000002
1,1784433181.0598388,3209,-53.84,51.660000000000004,-2185.93,0.9878744170137,-0.12117486169655073,-0.09706074954719934,0.12715306465810142,0.9901884304050906,0.057956625505248466,0.08908554516808567,-0.06959543939601749,0.9935895734443776,0.2833
1,1784433181.1196795,3212,-52.32,51.08,-2187.23,0.9887317295907122,-0.13783031416096395,-0.05841550649313089,0.13975247875567298,0.9897261940518984,0.03018783677557979,0.05365455788844233,-0.03801138389790427,0.9978358197178341,0.2265
1,1784433181.1794858,3215,-50.78,50.6,-2188.53,0.9877719280816528,-0.1550595875691883,-0.016221664425302842,0.15519375538043825,0.987856633013174,0.0073600885043527235,0.014883426513091592,-0.009787589833480105,0.999841330762277,0.17700000000000002
1,1784433181.2393267,3221,-48.1,50.18,-2190.62,0.9825366813015448,-0.18162501946173523,0.040423040490180785,0.18238561612965815,0.9830974073113075,-0.015967929320678493,-0.03683961082790489,0.02306165742763282,0.9990550550548948,0.14300000000000002
1,1784433181.2995389,3224,-47.06,50.26,-2191.34,0.9803332666817969,-0.18946730722143143,0.055216172732781475,0.19063145405501591,0.9815214540695162,-0.016591682438280197,-0.0510522767549792,0.02679131753986929,0.998336561657746,0.1406
1,1784433181.3443904,3227,-45.93,51.01,-2192.2000000000003,0.977964559647597,-0.197649281654606,0.06723155163091173,0.1977841020920361,0.9802342837150684,0.004711474212375853,-0.06683389134958968,0.008689677268177083,0.9977262753260766,0.1434
1,1784433181.4042022,3230,-44.71,52.24,-2193.27,0.974043857748113,-0.2096012443069776,0.0854744497972363,0.2072741999792417,0.977644107068004,0.03534693675794743,-0.09097235407605385,-0.01671281843890169,0.9957131677816103,0.15910000000000002
1,1784433181.4640713,3233,-43.42,53.42,-2194.54,0.9702069291671274,-0.2200563303632411,0.10135939060174255,0.2141264268282831,0.9745594281171811,0.06621022882957452,-0.11335072972788686,-0.04253389865715091,0.9926441857660673,0.2015
1,1784433181.5089502,3236,-42.26,54.230000000000004,-2195.7200000000003,0.9671828438196133,-0.2271378039312816,0.11386731157922315,0.21809342021204448,0.9720789978541831,0.08658915631312863,-0.1303556929375078,-0.058913835014209465,0.9897153900807547,0.1766
1,1784433181.5688217,3239,-41.1,54.65,-2196.82,0.9649447988952627,-0.23299278911006588,0.12081347320432925,0.22305061042814808,0.9706119047528321,0.09033800717145445,-0.13831109960018154,-0.060223671216487584,0.9885560930734264,0.1721
1,1784433181.6286612,3242,-39.59,54.94,-2198.34,0.959266167533992,-0.24220590717530835,0.1454122359158037,0.23059798758255443,0.9686677182910015,0.09223567457215824,-0.1631961640098305,-0.05494679308468271,0.9850623645141386,0.1643
1,1784433181.6885488,3248,-36.19,55.02,-2201.94,0.9372727937475187,-0.26435294106704044,0.22723827285456774,0.24917243362608676,0.9639236660303966,0.09361764997784278,-0.24378845013981795,-0.03112376287864866,0.9693288930815481,0.1517
1,1784433181.748503,3251,-34.87,54.28,-2203.4700000000003,0.9300670059849544,-0.26243387481730696,0.25710664271184575,0.250273307503135,0.9649018564986204,0.07954670877514099,-0.2689584278836116,-0.009636839413932053,0.9631035745943871,0.18230000000000002
1,1784433181.793357,3254,-33.68,53.19,-2204.93,0.9236066220973338,-0.25435145977719026,0.2868033167994496,0.24856867268203875,0.9669329392423603,0.05704652460246365,-0.2918294409052017,0.01860177188717157,0.956289470559838,0.1421
1,1784433181.8537807,3257,-32.85,51.99,-2206.31,0.9168672565617555,-0.24635282992232663,0.3141094029700181,0.24789008289199757,0.9681295261250888,0.03571732700818123,-0.3128976520345248,0.04511655831368342,0.9487146860448663,0.2078
1,1784433181.9136357,3260,-32.08,51.06,-2207.88,0.9085099449417019,-0.23985550814920542,0.34216810949080567,0.24818977614717055,0.9685064327230597,0.019927990116179066,-0.3361718533102421,0.066817849295975,0.9394274107441284,0.1986
1,1784433181.958556,3263,-31.53,50.09,-2209.14,0.9015172327734151,-0.23275194096378654,0.36481942518203936,0.24962810657051845,0.968341336250622,0.0009300098801172213,-0.3534861912756727,0.09023076241476222,0.9310778281601753,0.158
1,1784433182.0184748,3266,-31.03,49.36,-2210.56,0.894103870896652,-0.22660531612316487,0.38630078792612277,0.25044074420271356,0.9680602015168698,-0.011784730896717957,-0.3712919359356109,0.10728223032654371,0.9222975774474029,0.1955
1,1784433182.078565,3269,-30.62,48.56,-2211.81,0.886336013046897,-0.21938088123760865,0.40777506167437555,0.25411798892391463,0.9666335717821164,-0.03230457566681511,-0.38708205807218155,0.13225568740571425,0.9125107744391,0.1734
1,1784433182.1385968,3275,-30.26,46.62,-2214.81,0.8701983713793512,-0.19921179720052354,0.4506322828036869,0.2629785715253061,0.9612340963594715,-0.08289320185937749,-0.41664981143309543,0.19064016327135147,0.8888527790250973,0.19820000000000002
1,1784433182.1984587,3278,-30.42,45.660000000000004,-2216.54,0.8623058543667914,-0.18838445444074275,0.4700424564332688,0.2658005172663355,0.9584574661933902,-0.10348608852930267,-0.4310205314665487,0.21417418804143962,0.8765561696954074,0.18960000000000002
1,1784433182.2433388,3281,-30.67,44.730000000000004,-2218.33,0.8538604326689904,-0.17933600424663393,0.4886317213435653,0.2695857170396186,0.9554156450163399,-0.12043457321818196,-0.44524813608880953,0.23456244976309024,0.8641380413282235,0.2139
1,1784433182.3033304,3284,-30.75,43.980000000000004,-2220.0,0.8469813113892966,-0.17231424358704825,0.5029219219861971,0.27345417942802575,0.9524794359670989,-0.13418545306083585,-0.45590072374433926,0.2511786724959348,0.8538523318306084,0.21910000000000002
1,1784433182.3633564,3287,-30.67,43.300000000000004,-2221.4,0.8405658572204112,-0.16529325765374955,0.5158751580077553,0.2729958798429636,0.9517956567235426,-0.13985091144131453,-0.46789132206537193,0.2583856939081794,0.8451713103977838,0.23500000000000001
1,1784433182.4082072,3290,-30.37,42.61,-2222.7200000000003,0.8406252329780575,-0.1543039644433795,0.5191719409190396,0.2666459725066016,0.9522505524095688,-0.14872394152146376,-0.47143307375129634,0.26345620507539275,0.8416303731334066,0.2399
1,1784433182.4685524,3293,-30.03,41.32,-2224.08,0.8422139983544263,-0.12787234265571717,0.5237597206349389,0.25163155119925806,0.9523975039064972,-0.1721062375212728,-0.4768198228019737,0.27674475340358745,0.8342992257258076,0.23870000000000002
1,1784433182.5283911,3296,-29.72,39.69,-2225.28,0.8513703456783159,-0.0932091494129547,0.5162175790936399,0.23189376878115775,0.9495829365324634,-0.2109917691448044,-0.47052504131029604,0.2993397753592011,0.8300613738681298,0.23320000000000002
1,1784433182.5887911,3302,-29.02,36.21,-2228.07,0.8549488172894997,-0.016723933439345855,0.5184426968003328,0.17730576607696222,0.9486993314741649,-0.2617866378872956,-0.4874681375548016,0.31573705596712726,0.8140546212374598,0.2311
1,1784433182.6486304,3305,-28.62,34.550000000000004,-2229.41,0.853380629530207,0.020497258957679412,0.520885173063939,0.14032737286196678,0.9533084874678321,-0.26741569914171626,-0.5020455453126603,0.30130182557863167,0.8106586706713854,0.2585
1,1784433182.6940439,3308,-28.17,33.56,-2230.65,0.8458777364624933,0.04566930675825101,0.5314180740032367,0.11368533267595335,0.9579959107579853,-0.26328592842257237,-0.5211204276282466,0.2831221457095839,0.8051554822003975,0.2323
1,1784433182.7538843,3311,-27.64,32.58,-2231.57,0.8398777370097122,0.06906083487101211,0.5383641778223764,0.0846333117441213,0.9630776066863227,-0.25557528449082656,-0.5361367264221572,0.26021553486727755,0.8030225937014908,0.24880000000000002
1,1784433182.813754,3314,-27.150000000000002,31.830000000000002,-2232.48,0.8337030453585235,0.08431962404733942,0.545737513059565,0.06572536955292735,0.9660968704078001,-0.2496738127745581,-0.5482877054585984,0.24402261778115836,0.7998959645192466,0.23340000000000002
1,1784433182.8586314,3317,-26.75,30.900000000000002,-2232.9700000000003,0.8322958903687577,0.09308119245185713,0.546460833442816,0.05894558191748849,0.9653508949820363,-0.2542106762702745,-0.5511886875178821,0.24378995297001466,0.7979708576027026,0.23470000000000002
1,1784433182.9184728,3320,-26.3,30.02,-2233.4700000000003,0.8306722440794065,0.09844630645367068,0.547989003230642,0.053327378090180864,0.9656498785113592,-0.2543157542839683,-0.5542019610774663,0.24047585508035274,0.7968886681722005,0.2401
1,1784433182.978316,3323,-25.89,28.86,-2233.87,0.828578107319451,0.10942061612296351,0.5490769061235299,0.04196241494258482,0.9658205297015874,-0.25579261158042044,-0.5582987334779678,0.23498475093975046,0.7956661932133856,0.231
1,1784433183.0381527,3329,-25.17,25.98,-2234.92,0.8239660591931024,0.1406237388779474,0.5489124678505453,0.011935306612769708,0.9641940401558365,-0.26492904971713566,-0.5665134435773331,0.2248439836685701,0.7927847761241381,0.2657
1,1784433183.0979643,3332,-24.94,24.3,-2235.44,0.8195677110659251,0.15929769746590972,0.5503935051944382,-0.004745569569503657,0.9624309042412542,-0.27148523740863534,-0.5729626921079779,0.2198886039416813,0.7895332515536992,0.2358
1,1784433183.1428514,3335,-24.830000000000002,22.27,-2235.89,0.8153954601350201,0.1863004859253451,0.548107993496883,-0.02846877627910451,0.958561178302921,-0.2834607490071348,-0.5782039193644134,0.2155286440232385,0.7869101799043744,0.2569
1,1784433183.2027168,3338,-24.91,19.94,-2236.33,0.8091464922496477,0.2222672853616123,0.543947798909114,-0.05783740149402977,0.9513306693230359,-0.3026958747551784,-0.5847536139849919,0.2134647780392911,0.7826212362746918,0.2273
1,1784433183.2625563,3341,-25.01,17.580000000000002,-2236.51,0.8019502590834853,0.25593642760150354,0.5397891504861055,-0.08968558850651966,0.9449176214117456,-0.31478116836908826,-0.5906202478498094,0.20402753189741177,0.7807307404333971,0.2318
1,1784433183.3074276,3344,-25.0,15.530000000000001,-2236.89,0.7812669074702814,0.28941888717734654,0.553044959326861,-0.13534447149561904,0.9434773311159179,-0.30254321956698355,-0.6093471041429461,0.16151542779378938,0.776278863075116,0.2338
1,1784433183.367277,3347,-25.03,13.74,-2236.92,0.761923428516896,0.3114808598595643,0.5678488910072861,-0.1768893657216499,0.9435050190305216,-0.280193560523448,-0.6230432098752468,0.11303960812636075,0.7739762306576268,0.198
1,1784433183.4271443,3350,-25.13,11.85,-2236.77,0.7465416518503016,0.3313625075688731,0.5769527282458171,-0.21215169906910789,0.9404462634165658,-0.2656171722760223,-0.630608609705508,0.07589278097084046,0.7723814259559835,0.1877
1,1784433183.4869845,3356,-25.25,8.46,-2236.07,0.7317642749640646,0.35163772513575736,0.5838424069452873,-0.2516108492257448,0.9354954154418557,-0.24807319129476574,-0.6334137876919136,0.03463001514032937,0.7730379910542329,0.184
1,1784433183.5468242,3359,-25.37,6.69,-2235.4900000000002,0.7228339494542619,0.3616656952863723,0.5888200118621806,-0.27186731255205554,0.9322231575662046,-0.23884754313791579,-0.6352946134527481,0.012566198721986378,0.7721676273760789,0.1736
1,1784433183.5917208,3362,-25.66,4.66,-2234.77,0.7127967807923767,0.3788390771966756,0.5902556250310503,-0.2998168307854068,0.9253887338515434,-0.2318740158759322,-0.6340588436965606,-0.011689518784303972,0.7731964419736889,0.1789
1,1784433183.652163,3365,-25.94,2.52,-2234.08,0.6970021780352923,0.3978196283694027,0.5965966033242972,-0.3356308259183599,0.9162223923535171,-0.2188343584617309,-0.6336717703254723,-0.04770818623703968,0.7721295334712652,0.17980000000000002
1,1784433183.7126377,3368,-26.0,0.75,-2233.38,0.6825452595075516,0.40711029438597796,0.606954015497658,-0.3673817379719305,0.9090528995926294,-0.1966048940056086,-0.631793183983883,-0.08879208268305885,0.7700346347563284,0.2054
1,1784433183.7575939,3371,-26.23,-1.36,-2232.5,0.6598206331648201,0.4234589748756054,0.6207408707723998,-0.41249115410410264,0.894609627731176,-0.17182741852379554,-0.6280826218228308,-0.14267484209904552,0.7649549722671074,0.22610000000000002
1,1784433183.8177075,3374,-26.63,-3.71,-2231.65,0.6361930553461485,0.44628181819763985,0.6293575574151319,-0.46364338281090917,0.8731501821309122,-0.15047781570853438,-0.6166791790753026,-0.19606452558013565,0.762407694022068,0.21030000000000001
1,1784433183.8781655,3377,-26.900000000000002,-5.62,-2230.7200000000003,0.6250987162669706,0.45757841388560055,0.6323555883103458,-0.49220804333372337,0.8598458741056028,-0.13563301538032496,-0.6057910836245224,-0.22646648301572142,0.7627123278612434,0.2713
1,1784433183.923897,3380,-27.09,-7.43,-2229.93,0.6156166665011548,0.46516487787446564,0.6361114338840634,-0.5155208586882614,0.8482374281635167,-0.1213734308646688,-0.5960321838485935,-0.25320920570661787,0.7619912952010016,0.27590000000000003
1,1784433183.9827719,3386,-27.92,-11.17,-2228.15,0.5938820956065197,0.49743358035966184,0.6323479181973928,-0.5623327901974321,0.8187435189466024,-0.11593482329181957,-0.5754006339819062,-0.28673835340516013,0.7659603299778116,0.31070000000000003
1,1784433184.0430877,3389,-28.18,-12.74,-2227.18,0.5914935199881762,0.502882814806416,0.6302731871056969,-0.5792855249856466,0.8087614757246102,-0.10165213192970521,-0.5608597831491402,-0.3049815567474965,0.7696899074885761,0.2964
1,1784433184.1029282,3392,-28.400000000000002,-14.14,-2225.96,0.6013264020049449,0.5076833297723768,0.6169798983135669,-0.6020903899252766,0.795543994873823,-0.06780054999649304,-0.5252558620438381,-0.33070740676832544,0.7840528620553295,0.335
1,1784433184.1627357,3395,-28.61,-15.43,-2224.64,0.6140734937417477,0.5067855189997423,0.6050472560188712,-0.6278874009198121,0.7781684213236336,-0.01453684356545358,-0.47819572985333797,-0.37097485869913793,0.7960568435502503,0.6346
1,1784433184.207662,3398,-28.89,-16.79,-2223.08,0.6316960467773719,0.5142507277159926,0.5800916251157336,-0.6528274793975909,0.7564324977020312,0.040325656394594435,-0.4180626587357795,-0.4041733111721245,0.8135524248055146,1.0108000000000001
1,1784433184.2680614,3401,-29.25,-18.03,-2221.37,0.6472500925687074,0.5209311491342257,0.5565052160865115,-0.6724691758431193,0.7339968349968131,0.09504658729032324,-0.3589603393282824,-0.4357515164360948,0.8253896599261273,1.4132
1,1784433184.3278785,3404,-29.75,-19.55,-2221.65,0.5915189818840083,0.530519889287333,0.6071687913105073,-0.6692565538654596,0.7430262028399833,0.002779748428436609,-0.4496676096618877,-0.4079959668474089,0.7945680158785731,0.18100000000000002
1,1784433184.3727586,3407,-30.34,-20.63,-2220.28,0.5981036296178287,0.5353701548532799,0.5963646917200535,-0.6773698554295355,0.7353929166582911,0.019166039866961436,-0.4283014443045333,-0.4154227430235217,0.8024847770428196,0.2018
1,1784433184.4326375,3413,-31.740000000000002,-23.26,-2217.73,0.6053555467036414,0.550580307776972,0.5748095221578625,-0.6853488593612611,0.7277976012379666,0.024649393592545046,-0.40477352068453487,-0.408866697495011,0.8179159007087279,0.20320000000000002
1,1784433184.492521,3416,-32.45,-24.490000000000002,-2216.43,0.6050416462182678,0.5570740507854461,0.5688524486041902,-0.6898289526123763,0.7235350456926383,0.02516056025337364,-0.39756838717282367,-0.40763407560708925,0.8220546441233416,0.187
1,1784433184.5530143,3419,-33.26,-25.79,-2214.81,0.6073907461427394,0.5649048679413534,0.558532874302246,-0.6939813086026365,0.7194868649626078,0.026992488889510283,-0.38660887833873997,-0.40400636297271375,0.8290430832394787,0.1763
1,1784433184.6128569,3422,-34.03,-27.02,-2213.07,0.6121189601027175,0.5740701317654662,0.5438325684413796,-0.6976364481588836,0.7158404972800149,0.029593388690013617,-0.3723086956854821,-0.3975120957514137,0.8386717885134171,0.1631
1,1784433184.6577322,3425,-34.95,-28.17,-2210.93,0.6204632164085825,0.5835161307166503,0.523960229671476,-0.701472156552536,0.7116778096969852,0.0380986714523775,-0.35065967926958913,-0.3911823364856484,0.8508902214482066,0.17850000000000002
1,1784433184.7176843,3428,-36.03,-29.41,-2208.41,0.6356764224345176,0.5975468579529035,0.48872613855968977,-0.7042934311713026,0.7081276089798171,0.05025984689074062,-0.31604785835345584,-0.3761556086929181,0.8709883519766807,0.1827
1,1784433184.778206,3431,-37.300000000000004,-30.41,-2205.85,0.6531265010638253,0.6111885562457133,0.44707306150382814,-0.7060389718364483,0.7049243520092657,0.06775417472339168,-0.2737421119525751,-0.3599030517494919,0.8919277153924228,0.15810000000000002
1,1784433184.823062,3434,-38.84,-31.57,-2203.4,0.6632750990553051,0.6285257616500651,0.40622839624450285,-0.7076850771121778,0.7033157035770702,0.06729675129322381,-0.24340906845453886,-0.3321180333015605,0.9112900950575494,0.1366
1,1784433184.8829346,3440,-41.97,-34.07,-2199.3,0.6705258849536235,0.6587756988749544,0.3411885346534601,-0.7142137298322758,0.6976347900389095,0.05660784262304422,-0.20073312065085053,-0.28163855968098866,0.9382888339816206,0.1537
1,1784433184.942771,3443,-43.47,-35.27,-2197.34,0.6732166651681579,0.6713305646279876,0.3099912817098759,-0.7171050135614455,0.6950059590102634,0.05222180067043906,-0.1803876970996169,-0.2574528887709197,0.949304107648653,0.1363
1,1784433185.002646,3446,-45.08,-36.17,-2195.21,0.6769512918814408,0.6843539220569727,0.2709181754428583,-0.7214521969656259,0.6898498179454919,0.060116188951424857,-0.14575210431935498,-0.2361502446448248,0.9607233660324231,0.1356
1,1784433185.0630982,3449,-46.52,-36.730000000000004,-2192.9900000000002,0.6829285720029545,0.6914525380085477,0.2355885252374213,-0.7225199282806335,0.6868850831855117,0.07844638764520014,-0.10758028992038211,-0.22379068385160858,0.96868168716141,0.1359
1,1784433185.1084008,3452,-47.58,-37.31,-2191.07,0.6856232415315231,0.694515223190825,0.21810404725269358,-0.722842338293265,0.684983569765536,0.09108492258320293,-0.08613782353026901,-0.22010477938350523,0.9716656634100057,0.1121
1,1784433185.1681557,3455,-48.72,-38.0,-2189.41,0.6890060910120245,0.6977107197607445,0.19613861955074915,-0.7214337792325805,0.6861359828329933,0.09354525773121027,-0.06931023539511276,-0.20595427791805182,0.976103952802532,0.1115
1,1784433185.228205,3458,-49.7,-38.61,-2187.9500000000003,0.690551889712362,0.6990462016248347,0.18566770211476405,-0.7204579051441485,0.6874710366863923,0.09123585168475318,-0.06386309207978362,-0.19676885350895382,0.9783677855279073,0.1328
1,1784433185.2734284,3461,-50.7,-39.09,-2186.62,0.6926010699241224,0.6998302396607672,0.17476096130519078,-0.7196139649865839,0.6870335765240936,0.1007005765862358,-0.04959333963597111,-0.1955057553752982,0.9794478037541794,0.13470000000000001
1,1784433185.3341804,3467,-52.61,-39.52,-2184.38,0.694279906860888,0.7009544991752461,0.16321213501212725,-0.7188632665352034,0.6863660407269238,0.11016924327226815,-0.034799640164433335,-0.19381550047100726,0.9804205917980299,0.1033
1,1784433185.3940206,3470,-53.51,-39.31,-2183.2400000000002,0.6951673095209886,0.7001113543800787,0.16305368208489518,-0.7180997666192868,0.6866895979302132,0.11309341835742777,-0.03278928109422586,-0.19570765841564325,0.9801139604570429,0.0978
1,1784433185.4389,3473,-54.43,-38.94,-2182.06,0.695243722008807,0.6998954853773796,0.163653525949497,-0.7182248467149708,0.6853649272650939,0.12011655188261594,-0.0280933545273125,-0.2010503071951759,0.9791779906677479,0.117
1,1784433185.4987354,3476,-55.46,-38.42,-2180.84,0.6948466883879227,0.6999502040896178,0.16509933807026275,-0.7186097177060179,0.6847347559111213,0.12140176137854956,-0.028074067300874223,-0.2029976005824679,0.9787766961380653,0.1504
1,1784433185.5587187,3479,-56.43,-37.78,-2179.53,0.695704868184639,0.699575403560443,0.16306131091536624,-0.7179425217550658,0.684612959914176,0.12595090540971934,-0.02352173123244702,-0.20469330680506956,0.9785434984245894,0.15510000000000002
1,1784433185.6187036,3482,-57.550000000000004,-37.08,-2178.23,0.6958505802254669,0.6998254512839459,0.16135770119552012,-0.7179357945639543,0.6837606937633035,0.13053546854456652,-0.018978010530738103,-0.20667765094355864,0.9782250169141802,0.1227
1,1784433185.6787102,3488,-60.08,-35.74,-2175.55,0.6985451539300631,0.6986322099710093,0.15475045431871276,-0.7155659701856664,0.6819836022985595,0.15120750149422532,0.00010115863949091215,-0.21635942638790623,0.9763137755762875,0.11330000000000001
1,1784433185.738842,3491,-61.32,-35.13,-2174.57,0.702451869575743,0.6945892463232859,0.15526477327968893,-0.71172905470223,0.6860729605438612,0.1508165955830172,-0.0017673772131158708,-0.21644784984524823,0.976292581491407,0.129
1,1784433185.798685,3494,-62.64,-34.59,-2173.3,0.703750848227161,0.6932246343582171,0.15548102758365065,-0.7104465927192195,0.6865001625961483,0.15486499168344536,0.0006184765178523647,-0.21944733553720447,0.9756241512039453,0.09720000000000001
1,1784433185.8587399,3497,-63.85,-34.2,-2172.3,0.7055217988507424,0.6903975974759109,0.15996921186873017,-0.7086627467732616,0.6892019927785203,0.15098915353724027,-0.006008550756106047,-0.21989036029259287,0.9755060875095577,0.1254
1,1784433185.9037898,3500,-65.0,-33.7,-2170.94,0.7106072363686574,0.6859228666686661,0.15667538607432416,-0.7035786646320726,0.6915531183753719,0.16349723893646753,0.0037971430113494546,-0.22641578002943666,0.9740233448221932,0.12560000000000002
1,1784433185.963714,3503,-66.09,-33.18,-2169.65,0.7146418974490979,0.6813916815213952,0.158089641544912,-0.6994747027702493,0.6946164519737605,0.16805690950346522,0.004700914254124675,-0.23068021371767028,0.9730182631401866,0.14780000000000001
1,1784433186.023691,3506,-67.19,-32.59,-2168.37,0.7160071751072773,0.6805573929064589,0.15548427623158798,-0.6979621231808902,0.6935795536688627,0.17831510686794136,0.013512949334651829,-0.23619703150731008,0.9716112198340517,0.10790000000000001
1,1784433186.08369,3512,-69.17,-31.310000000000002,-2166.02,0.7156180043793424,0.6798016067910431,0.16050123741717168,-0.6983068458935097,0.6909966801578407,0.18679169411165128,0.016075471575830537,-0.245750612237607,0.9691997811588979,0.13290000000000002
1,1784433186.1436083,3515,-70.23,-30.47,-2165.05,0.7162296311367542,0.6805617571084966,0.15443707535143375,-0.6972387862392265,0.6884744041069724,0.1996523725208377,0.0295497960290595,-0.25067646409454714,0.9676198219877971,0.1343
1,1784433186.1886513,3518,-71.42,-29.77,-2164.37,0.715153549975555,0.6827897669605768,0.1495109831794391,-0.6980553476005834,0.6867661344928416,0.20265983371153923,0.035694980649803455,-0.2492998408496913,0.967768287199332,0.1569
1,1784433186.2484844,3521,-72.39,-29.02,-2164.01,0.7154295549783376,0.683382591837269,0.14542621853460405,-0.6974717101917643,0.6862850518379017,0.20626691713899273,0.04115538051911736,-0.24900012208355476,0.9676286342686958,0.1386
1,1784433186.3084838,3524,-73.25,-28.18,-2163.83,0.715418813072049,0.6840192204280522,0.14245570535285862,-0.6974198369477842,0.6867950184155914,0.20473928228665272,0.04220773547949252,-0.24582576912221252,0.968394650078761,0.1282
1,1784433186.3547637,3527,-73.99,-27.18,-2163.58,0.7162491729774132,0.6842941342844867,0.1368526945040418,-0.6960900930239526,0.6866779314481756,0.20959962036215568,0.049454065586933875,-0.24538735958867075,0.96816286809143,0.11120000000000001
1,1784433186.413765,3530,-74.35000000000001,-25.84,-2162.38,0.7216328216687866,0.6860479885008123,0.09265110989262006,-0.6798875665484145,0.6771371202768827,0.28149283684670445,0.1303800887529232,-0.26612680777614195,0.9550798681993355,1.2286000000000001
1,1784433186.4736044,3533,-74.88,-24.55,-2162.9,0.7222715836000199,0.684155897934474,0.1012643414306998,-0.6847939650089346,0.6869415000157537,0.24324596819566913,0.09685548518933616,-0.24503486053535342,0.9646641550877478,0.6264000000000001
1,1784433186.5335004,3539,-75.7,-22.01,-2164.05,0.7250478512452825,0.6821150821986487,0.09499804230472036,-0.6864598265516687,0.7046697780764952,0.17948094716787064,0.05548441164193462,-0.19534461472677908,0.9791639094462146,0.1962
1,1784433186.5935128,3542,-76.01,-20.63,-2164.43,0.7268905449395989,0.6812557156221449,0.08672246311984218,-0.6847565401238601,0.7093523794699663,0.16711577573017306,0.052331791819252446,-0.18085865108547142,0.9821158444361492,0.2642
1,1784433186.6384954,3545,-76.11,-19.26,-2164.75,0.7301979567679868,0.6787614963632914,0.0780626350216488,-0.6809190221086376,0.7135559099775723,0.16488556233550425,0.0562159164514299,-0.17355343382009028,0.9832186818540326,0.2509
1,1784433186.6985037,3548,-76.19,-18.01,-2165.15,0.7336033124398069,0.6754789431249116,0.0745276953366695,-0.6773283310087465,0.7178486903828019,0.16099562021558822,0.055249542896288514,-0.1685866397747714,0.9841372022737492,0.23020000000000002
1,1784433186.7585013,3551,-76.25,-16.86,-2165.63,0.7367738688426195,0.6717596839450084,0.0768322407377337,-0.6739634152714604,0.7205370782456546,0.16309394148417805,0.05419945632852373,-0.17194547362265167,0.9836143416168629,0.2394
1,1784433186.804476,3554,-76.42,-15.91,-2166.32,0.7390138333670301,0.6684234955377439,0.08407487558879444,-0.6716680598433238,0.721373270304017,0.16876795394029345,0.05215909775363192,-0.181192261159221,0.9820635381774113,0.23570000000000002
1,1784433186.8634875,3557,-76.75,-15.290000000000001,-2167.06,0.7410718455023264,0.6652772737240882,0.09065687436714641,-0.6697369116277418,0.7228681049268274,0.17004167748770077,0.04759190064611963,-0.18672935480459862,0.9812579472529881,0.2551
1,1784433186.9234903,3560,-77.29,-15.040000000000001,-2167.93,0.7424276800674929,0.6636842708618496,0.09123775797429143,-0.6684758608913727,0.7249610879107095,0.1660465128235428,0.04405863451286945,-0.18426776610654325,0.9818880929611916,0.263
1,1784433186.983555,3566,-78.41,-15.07,-2169.29,0.7432886773516771,0.6627462653694505,0.0910457569557202,-0.6677661006831551,0.7268824297423762,0.16040688298895966,0.04012950160677971,-0.18002589000103658,0.9828429691614657,0.2626
1,1784433187.0436032,3569,-79.04,-15.25,-2169.83,0.7428552429767885,0.6635170180225454,0.08894523470296536,-0.668328838623784,0.7273407668564308,0.1559229692267401,0.03876404836546762,-0.17527286060074507,0.9837564601521818,0.23700000000000002
1,1784433187.0885713,3572,-79.73,-15.6,-2170.34,0.7421794470130689,0.664738280607794,0.08539722902980422,-0.6691125524113194,0.7276743077877484,0.1509254583933083,0.03818456019105632,-0.16915413113552583,0.984849642982522,0.2303
1,1784433187.1485147,3575,-80.76,-15.99,-2170.83,0.7410583448629998,0.6676346485504625,0.07138981414607806,-0.6701251965244269,0.7287619743749851,0.1408481653702731,0.04200893347860064,-0.1522168215407675,0.9874539425958138,0.23800000000000002
1,1784433187.2085857,3578,-81.74,-16.23,-2171.43,0.7397050530583227,0.669932363566385,0.06345914218094141,-0.6711478629539543,0.7275960690011248,0.14200178318053072,0.048958967843737856,-0.14762990422156086,0.987830162956775,0.2523
1,1784433187.2535186,3581,-82.58,-16.34,-2172.13,0.7388699093394993,0.6709899219502885,0.061998239602314875,-0.6718126917339942,0.7263678372626499,0.14511192995583122,0.052335115341093905,-0.14887004276054505,0.9874708836571882,0.22640000000000002
1,1784433187.313628,3584,-83.32000000000001,-16.39,-2172.92,0.7391306739485477,0.6703548141721639,0.0656526461353188,-0.6718364741245839,0.726754136651586,0.1430530562261968,0.04818297276230657,-0.14984274415536988,0.9875350895840488,0.2518
1,1784433187.37356,3587,-84.07000000000001,-16.28,-2173.81,0.7404094000939244,0.6685092309128436,0.06992373300155977,-0.6705455724323268,0.7274303431407876,0.14564934318245132,0.04650328530285191,-0.15472719238192895,0.9868621688937353,0.24710000000000001
1,1784433187.433849,3593,-85.62,-15.790000000000001,-2175.73,0.7421960180405941,0.666218974632486,0.07278288702933515,-0.6689404119895545,0.7298285122610751,0.14095768123103652,0.0407896556976284,-0.15330564415710335,0.9873366110185747,0.2386
1,1784433187.4936883,3596,-86.27,-15.35,-2176.73,0.7430475517241663,0.6641642941945319,0.08225646596956186,-0.6683024635100462,0.7298832041053828,0.14367437360665164,0.03538577600005409,-0.16172909040101413,0.9862005618407114,0.24750000000000003
1,1784433187.538496,3599,-86.86,-14.9,-2177.71,0.7441829949343721,0.6614624798340111,0.09305405860223935,-0.6673591207157756,0.7302616041310733,0.14611568543239542,0.028696237522980367,-0.17083728311979335,0.984881286576343,0.2644
1,1784433187.5985467,3602,-87.27,-14.25,-2178.79,0.7473372918485441,0.6559482956465449,0.10591886352712192,-0.664049064694313,0.7318398962315504,0.1531313356645255,0.02293058854657179,-0.18477607995134676,0.9825130983283232,0.255
1,1784433187.6583579,3605,-87.65,-13.56,-2179.73,0.7539073368294599,0.6471574024357166,0.11318579392912897,-0.6567506540446465,0.7378151624614165,0.155908192388862,0.017386945868679195,-0.19187517430530007,0.9812653115231733,0.2467
1,1784433187.7032378,3608,-88.03,-12.870000000000001,-2180.7200000000003,0.7581977932801848,0.6409159617167793,0.11984505113568142,-0.6519068974710371,0.7416530651076493,0.15801306289707714,0.012389644657733049,-0.1979329710611268,0.9801372534865566,0.2571
1,1784433187.76329,3611,-88.36,-12.200000000000001,-2181.33,0.7603756295052434,0.6376072135297988,0.12363633490714021,-0.6494520977974404,0.7445614957255599,0.15440256393409113,0.006393334107385898,-0.19769982381803725,0.9802417584153964,0.2492
1,1784433187.8234546,3614,-88.64,-11.51,-2181.79,0.7618186977624705,0.6362998915867835,0.12146900718348318,-0.6477586771127339,0.7464163842391133,0.15254926274672373,0.006400622208373673,-0.1948974840937043,0.980802733850844,0.23750000000000002
1,1784433187.8684278,3617,-88.77,-10.68,-2182.18,0.7633148232034673,0.6341096122681752,0.12351307747345738,-0.6460148535086269,0.7480632330726803,0.15187563455365857,0.003910207678252533,-0.19572020578865554,0.9806519827757243,0.2361
1,1784433187.9283705,3623,-88.34,-8.26,-2182.8,0.7912655893594359,0.5976880053643577,0.12910389358667776,-0.6114250461695171,0.7760014039545486,0.1548587549258144,-0.0076275823344426705,-0.20147175808074186,0.9794646245187145,0.23500000000000001
1,1784433187.9883814,3626,-88.32000000000001,-7.01,-2183.09,0.8035780962085517,0.5805632278571653,0.13118148403608135,-0.5950440282387109,0.7886478702929023,0.15478094566166026,-0.0135958725827999,-0.20243733633531824,0.9792008359402956,0.2025
1,1784433188.048789,3629,-88.68,-6.0600000000000005,-2183.2400000000002,0.8049235449662182,0.5786804587273021,0.1312517178789505,-0.5932053343546415,0.7901003343825967,0.1544308677101409,-0.014335900816289368,-0.20216426067845958,0.9792466970340608,0.18860000000000002
1,1784433188.1086986,3632,-89.04,-5.03,-2183.45,0.807589812225236,0.5742005578607441,0.13450804638540412,-0.5894582438486481,0.7930288870695955,0.153766586201379,-0.01837590674974856,-0.2034672052827401,0.978909302451231,0.21660000000000001
1,1784433188.1534796,3635,-89.24,-4.01,-2183.9,0.8182880767027769,0.5577438717592018,0.1390194124614448,-0.5741626926336552,0.8045634193238835,0.15170664676780546,-0.027236481302495934,-0.20395950039386693,0.9786003761931338,0.20450000000000002
1,1784433188.2133338,3638,-89.34,-2.91,-2184.41,0.8392842507348668,0.5252611419402724,0.14036623253480213,-0.542050314331432,0.8284350795668391,0.14098501933283694,-0.042230358767228915,-0.19441206678260917,0.980010482131546,0.19090000000000001
1,1784433188.2731726,3641,-89.75,-2.7,-2184.78,0.8446679822967846,0.5165811663120409,0.14028506083817438,-0.5327688058155191,0.8367137897974927,0.12675738050552707,-0.05189796944567641,-0.18180740516934096,0.9819636796709982,0.17450000000000002
1,1784433188.3185856,3644,-90.24,-2.7600000000000002,-2184.89,0.8453859309698429,0.5162976660921657,0.13696476811952335,-0.5309473569791071,0.8402765822272763,0.10968212925243678,-0.058459659895972134,-0.1654448105811431,0.9844848819644806,0.1746
1,1784433188.378553,3650,-90.67,-2.92,-2184.85,0.8438845560047514,0.5162882117426022,0.14596348362617848,-0.5308431553726589,0.8429429883835723,0.08747949890672503,-0.07787426102803549,-0.15130631431172584,0.9854146328925396,0.17220000000000002
1,1784433188.4385297,3653,-90.60000000000001,-2.96,-2185.01,0.84392765641496,0.5149266320358005,0.15045489143999374,-0.5294400937430255,0.8446749016943873,0.07885111023285145,-0.08648293401203061,-0.14620148449261505,0.9854673145552957,0.16790000000000002
1,1784433188.4984741,3656,-90.27,-2.85,-2185.1,0.8440150518629678,0.5117253566068465,0.1605482844329007,-0.5270227673558986,0.8468471322845467,0.07139283738562181,-0.09942632909487377,-0.1448692305047393,0.9844426398402716,0.1525
1,1784433188.5583072,3659,-89.91,-2.47,-2185.2200000000003,0.8454626343497335,0.5086823782888733,0.1625889662209114,-0.5234118428395337,0.8497295386080239,0.06324360831197447,-0.10598573816194548,-0.1385710981242865,0.9846649552364992,0.16240000000000002
1,1784433188.6033275,3662,-89.69,-1.72,-2185.17,0.8464299003431575,0.506360972806482,0.1647877089577544,-0.5210917972190855,0.8513505097606338,0.06054459844851784,-0.10963467825490186,-0.1371162818515073,0.9844690764951238,0.1713
1,1784433188.663334,3665,-89.53,-0.74,-2185.18,0.8484380290160365,0.5043596859272027,0.16054350852898544,-0.5180159832565978,0.853522973349955,0.05619586332241984,-0.10868464477598984,-0.13084281094223488,0.9854277278495117,0.15460000000000002
1,1784433188.723278,3668,-89.36,0.59,-2185.26,0.8506482486271326,0.5015139518889622,0.15773811577519167,-0.514312173209257,0.8560309108803023,0.05190441316700614,-0.10899791555971716,-0.12527903127880505,0.986115925601793,0.1686
1,1784433188.7691233,3671,-89.29,2.09,-2185.54,0.8522094910455702,0.4991308047379606,0.15686753371391543,-0.5111662669004897,0.8582393240797269,0.04619859506728601,-0.11157074417098689,-0.11955627279574105,0.9865385277222187,0.1787
1,1784433188.8279653,3677,-88.42,6.16,-2186.7000000000003,0.8584787333436839,0.4767880264785953,0.18891120189991445,-0.49804982750210697,0.8629356418724228,0.08537240368732218,-0.12231366939858124,-0.1673775844994661,0.9782760911344908,0.16440000000000002
1,1784433188.8883164,3680,-87.93,8.2,-2187.26,0.8617732822466717,0.4627647709643061,0.20783545597455583,-0.49069586167339835,0.8643498028598016,0.110077198514602,-0.12870268583988204,-0.1968455868201653,0.9719503246601779,0.1699
1,1784433188.9481828,3683,-87.69,9.74,-2187.63,0.8648090648155824,0.45166299854505754,0.21933038357255785,-0.4836105795257391,0.8667405462170271,0.12199029844290316,-0.13500403247154075,-0.2115688098201082,0.9679940856884025,0.196
1,1784433189.008169,3686,-87.5,10.93,-2187.93,0.8671245594772823,0.4468573162623392,0.220030764335692,-0.47893353449799064,0.8693467792993534,0.12189686975104473,-0.13681252824427714,-0.21107988114612172,0.9678468969267545,0.1963
1,1784433189.0530486,3689,-87.27,12.0,-2187.9900000000002,0.8702339365616492,0.44211600566691506,0.21731620553826123,-0.4727988814981214,0.8734615443773773,0.1163019696652309,-0.1383983862280946,-0.2039567798015532,0.9691478311704773,0.2204
1,1784433189.1128957,3692,-86.9,13.0,-2187.81,0.8732724972270556,0.438477323229461,0.21244477541316203,-0.46777320250822557,0.8764955080471948,0.11377106569022004,-0.13632085901292082,-0.1987291155986374,0.97052736283495,0.1895
1,1784433189.172733,3695,-86.42,13.950000000000001,-2187.41,0.8761050608443298,0.43631203306014454,0.205113949232801,-0.46347300623781346,0.8793741579760801,0.10905898758352509,-0.13278815779969394,-0.19061190962472183,0.9726429997986826,0.1763
1,1784433189.217599,3698,-85.88,14.89,-2186.9900000000002,0.8785550027899103,0.4341136244068909,0.19921462842154325,-0.4595755853758311,0.8819134569012541,0.10497111918495432,-0.1301206686091138,-0.18377708138065701,0.9743175026447614,0.1724
1,1784433189.2774546,3704,-85.01,16.29,-2186.56,0.8826530641840397,0.43318792534636535,0.18240556356821339,-0.4536097715287381,0.8867318087247393,0.08913402587900122,-0.12313303155600346,-0.1614153670809079,0.9791748239257198,0.1728
1,1784433189.3370743,3707,-84.63,16.85,-2186.5,0.8840381198674223,0.4344931555597801,0.17231453912243624,-0.45187454198719,0.8887202980696086,0.0773668540328045,-0.11952406002617263,-0.14625980162290242,0.9819990170586165,0.1598
1,1784433189.3969212,3710,-84.24,17.36,-2186.59,0.8860354728892821,0.4348829779252388,0.1606796075821149,-0.4488877070810865,0.8913817708337812,0.06275639454841946,-0.11593518539835478,-0.12773149234275952,0.9850094916550503,0.1587
1,1784433189.4567592,3713,-83.99,17.77,-2186.53,0.8868045970021892,0.4384456798162992,0.14609241111778662,-0.4483424345964752,0.8928823718206131,0.0418345722112944,-0.11210115109083639,-0.10259851822721353,0.9883859954398838,0.15280000000000002
1,1784433189.5016413,3716,-83.61,18.13,-2186.37,0.886075330761897,0.4449355963716156,0.13001085837971113,-0.45169055236148103,0.8917806560488951,0.026512382095581863,-0.10414486604040893,-0.0822166441691505,0.9911580450659664,0.16240000000000002
1,1784433189.561446,3719,-83.15,18.44,-2186.11,0.8846110715149446,0.45250697078122964,0.11269735377362361,-0.45780174396054,0.8886985427921653,0.025148822353548584,-0.08877395665323289,-0.07383997178681442,0.9933110505710951,0.1573
1,1784433189.621286,3722,-82.67,18.93,-2185.4700000000003,0.8865302191083057,0.4534384773905345,0.091965851431568,-0.4576970769470159,0.8885673250408745,0.031007976777952515,-0.06765764082449903,-0.0695820098262357,0.9952792510379207,0.166
1,1784433189.6671643,3725,-82.24,19.21,-2184.59,0.8894971400108721,0.452009652578949,0.06694857644443605,-0.4551236161463514,0.8894524930776498,0.04167441161938037,-0.04071034190899504,-0.06753914815431689,0.996885716382897,0.15
1,1784433189.7260067,3731,-81.68,18.7,-2182.43,0.8899386980079784,0.4553866835959521,0.025141244824883138,-0.4560796925496278,0.8885055594918287,0.050489452323724024,0.0006540884508227859,-0.056398928674158466,0.9984080994326449,0.169
1,1784433189.7858715,3734,-81.62,18.32,-2180.98,0.8890388890224158,0.45783151377280173,-0.00039850005467598556,-0.45692833233268226,0.887339027537242,0.06201571833765685,0.028746354855226863,-0.05495229936741992,0.9980750933054943,0.1782
1,1784433189.8457189,3737,-81.75,17.86,-2179.51,0.8865896999520537,0.46180820772376896,-0.026303673087377372,-0.4587141897165841,0.8851165113780962,0.07842227641764876,0.05949786627758174,-0.057462514431834,0.9965731600557916,0.18050000000000002
1,1784433189.9055593,3740,-81.94,17.46,-2178.01,0.8829105016720536,0.46574157223982665,-0.059614041339076926,-0.45865394755586963,0.8826410409639982,0.10286568522790977,0.10052662547116746,-0.06347897835948693,0.992907254922541,0.1912
1,1784433189.9504423,3743,-82.22,17.06,-2176.48,0.8781507700273911,0.46971748367184063,-0.09064607345767603,-0.4569469148719265,0.8796905997641427,0.13169649074911421,0.14160064296933328,-0.07422893114950073,0.9871369325939914,0.18050000000000002
1,1784433190.010279,3746,-82.09,16.37,-2175.2400000000002,0.8747301225555895,0.47220038932096825,-0.1089679082070015,-0.454642853110435,0.8774680522119768,0.15280606487611398,0.16777094149311725,-0.08412258717161339,0.98223026909074,0.1883
1,1784433190.0701146,3749,-81.83,15.52,-2173.98,0.8722977175944783,0.47500164565827946,-0.11606088273570155,-0.45293544333093955,0.8743499749805937,0.17424581896286787,0.18424488067262312,-0.09942614280641512,0.9778385685135197,0.2016
1,1784433190.1299596,3755,-81.36,13.290000000000001,-2171.71,0.8660118010627698,0.4816428634794643,-0.13432688665833015,-0.45008921757075565,0.8678956865022283,0.21018271474450748,0.21781473009547042,-0.1215616280333899,0.968390166174414,0.21380000000000002
1,1784433190.1898015,3758,-81.4,12.31,-2170.48,0.8612195593338806,0.48529244392773596,-0.1509705749058458,-0.4473444438568817,0.864808281851385,0.22801224570542789,0.24121322345827884,-0.12883275789914786,0.9618826858411403,0.2311
1,1784433190.2346816,3761,-81.43,11.57,-2169.13,0.8547059973466774,0.49095671980569355,-0.16863913358783386,-0.4458644161185516,0.8606649872270856,0.24588758041158496,0.2658619576751903,-0.13497140081896705,0.9545156575049365,0.2199
1,1784433190.29452,3764,-81.33,10.85,-2167.86,0.8501605782065599,0.49457137497880355,-0.18062709186349582,-0.4435767992282605,0.8575874559024387,0.26035241244358465,0.28366637877954365,-0.14121937023779216,0.9484674348757274,0.2185
1,1784433190.3548863,3767,-80.99,10.13,-2166.58,0.8473179129969558,0.4966214676665972,-0.18820061680865396,-0.4411138500201067,0.8554450989846136,0.27135263762057477,0.29575484042517647,-0.14690405193826053,0.943900563560166,0.24810000000000001
1,1784433190.4004672,3770,-80.60000000000001,9.36,-2165.53,0.8448632118646214,0.49849275833990225,-0.19419351976951021,-0.43885871922940184,0.853383646233706,0.2813172175626541,0.30595616972717576,-0.1524510486141057,0.9397603417799321,0.216
1,1784433190.4599423,3773,-80.10000000000001,8.53,-2164.27,0.8431339152505836,0.4999278605886924,-0.19798316888421263,-0.4373684990943918,0.8518092670369777,0.288322334531763,0.3127842658353208,-0.15650273734711434,0.9368419804047635,0.2262
1,1784433190.5198827,3776,-79.46000000000001,7.65,-2163.42,0.841429752594289,0.5016519017618171,-0.20085153947098774,-0.4359107582793866,0.8498058677632472,0.29633055517689133,0.3193396033463494,-0.1617879988562395,0.9337274019544942,0.22130000000000002
1,1784433190.5797236,3782,-78.37,5.75,-2161.78,0.8350143960862207,0.5061260363759397,-0.21584113053619985,-0.4329582238214484,0.846464716574599,0.30991072911349843,0.339555790341058,-0.16532972780678176,0.9259416538579496,0.2159
1,1784433190.6403584,3785,-77.8,4.66,-2161.07,0.831222284267779,0.5108886351861672,-0.2192311943457656,-0.4348408243442282,0.8431724745268186,0.3161860776251121,0.3463855822927501,-0.16749024042593255,0.9230189855803486,0.20670000000000002
1,1784433190.6853728,3788,-77.22,3.59,-2160.26,0.8298027872267584,0.5132977693658072,-0.21898112766809405,-0.43468824025855485,0.8405955444728684,0.3231799257275782,0.34996209522121735,-0.1729870821086034,0.9206530298282449,0.22260000000000002
1,1784433190.7458832,3791,-76.66,2.35,-2159.65,0.8280949887873537,0.5158897325311533,-0.2193546749312799,-0.43412881009699184,0.8377201716418124,0.331296076445499,0.3546700801999549,-0.17911643669230076,0.9176744718676718,0.23420000000000002
1,1784433190.8059204,3794,-76.15,1.01,-2158.85,0.8270635463015558,0.5176282662419871,-0.21915033280013338,-0.4349294235967278,0.836280754769758,0.3338725740331815,0.3560930873646844,-0.18081890716691867,0.9167890902176186,0.2707
1,1784433190.8514187,3797,-75.66,-0.36,-2158.28,0.8235900831579096,0.5198474796376487,-0.2268434985586583,-0.4371689554192706,0.8366280850956747,0.33005567961598287,0.36136225500399366,-0.1726616493131262,0.9162997738267207,0.2351
1,1784433190.911262,3800,-75.46000000000001,-1.5,-2157.83,0.8180941331726389,0.5221260993414142,-0.24105253712630456,-0.4426731805459935,0.8393076439976879,0.3155996418761348,0.36710004698147736,-0.15148272216186934,0.9177638805229955,0.2664
1,1784433190.9711258,3803,-74.75,-2.17,-2157.92,0.8176238382274551,0.5211663881312927,-0.24469747657952562,-0.4412712414476639,0.8402303892594362,0.315107258621845,0.3698255678471166,-0.1496612469783663,0.9169681349531392,0.2472
1,1784433191.0160115,3806,-74.07000000000001,-2.59,-2157.87,0.8181220399116825,0.5205106583458159,-0.2444278673947646,-0.4400908635161611,0.8403352464752941,0.31647544198706234,0.3701301928515789,-0.15134506295123115,0.9165687711568298,0.2421
1,1784433191.0758178,3812,-72.04,-3.23,-2158.32,0.8276557478029274,0.5099982560907964,-0.23428133069692822,-0.4261573259717523,0.8427149508102197,0.328970280118941,0.3652066492403754,-0.17243343778187392,0.9148173658634504,0.24730000000000002
1,1784433191.1356578,3815,-70.23,-2.73,-2158.62,0.8449065562117684,0.4898771650423712,-0.2148331316171209,-0.4014879112932834,0.8461553062591343,0.35046919233345913,0.3534690486530983,-0.20986081306323,0.9116019256148561,0.2461
1,1784433191.195996,3818,-67.87,-1.57,-2159.19,0.8711154324690237,0.4532490850573254,-0.18900574120646,-0.3590586408564338,0.8504287979108869,0.38450975554616873,0.3350146201893828,-0.267088237439505,0.9035646505263596,0.2787
1,1784433191.255869,3821,-65.48,-0.34,-2159.61,0.894172855090596,0.4190156133849222,-0.15773655555637567,-0.3216051370774581,0.846223623700139,0.4248243336924041,0.3114884283958581,-0.32913750079786264,0.8914277674293164,0.2766
1,1784433191.3007483,3824,-63.63,0.22,-2160.11,0.9049816803728395,0.4022470435703374,-0.13858381625743513,-0.30281859113350645,0.837802852946998,0.4542986687827612,0.2988462130485674,-0.36916621667318616,0.880004116702721,0.30460000000000004
1,1784433191.360589,3827,-62.42,0.1,-2160.21,0.9079714179900756,0.3975771219334583,-0.13236440695368043,-0.2980124858679232,0.8347433228378411,0.4630249920300853,0.29457844860055926,-0.3809672126217003,0.8764060249264265,0.3015
1,1784433191.4203968,3830,-61.52,-0.63,-2160.13,0.9069947833699661,0.3990051718028155,-0.13474173746198348,-0.2988341612649885,0.8351970617828588,0.46167522356125007,0.2967467051219258,-0.3784715852793776,0.8767557539790632,0.2904
1,1784433191.4658508,3833,-60.71,-1.74,-2159.96,0.9054611998794609,0.4017010953269562,-0.1370264409738885,-0.3025240243777835,0.8372756785268692,0.4554653146197207,0.297689822108713,-0.37095237990946295,0.8796448724641032,0.3146
1,1784433191.526393,3839,-58.82,-4.3500000000000005,-2159.61,0.9050562880299488,0.40134063574229434,-0.14070824282685504,-0.30158999284616334,0.8389373387083691,0.4530205491321229,0.29986095396450224,-0.36757289865126075,0.8803258331235135,0.28750000000000003
1,1784433191.586841,3842,-57.92,-5.8500000000000005,-2159.45,0.907710747790804,0.39640350464294194,-0.13756983627180974,-0.2997493822977095,0.8420294494654382,0.4484826797604035,0.2936179595276846,-0.36585607517126756,0.883140886893521,0.2525
1,1784433191.6466837,3845,-57.160000000000004,-7.32,-2159.41,0.911280565347982,0.3904323233390073,-0.13088289464695904,-0.29875660770007284,0.8456034996893993,0.4423790350690057,0.28339410822140765,-0.36402928756508685,0.8872262717144078,0.28190000000000004
1,1784433191.7065587,3848,-56.28,-9.040000000000001,-2159.36,0.9161986920750225,0.3829069828595282,-0.11816174980691117,-0.2993524109584323,0.8500224861056951,0.4334165515621977,0.266398368413532,-0.3617236729771862,0.8934136184962157,0.2622
1,1784433191.766391,3851,-55.56,-11.13,-2159.23,0.9260732537896885,0.36082098895465403,-0.11043795790019285,-0.2915109477098641,0.8699357703964519,0.39778527216329773,0.23960320528047246,-0.33618442753125466,0.9108075179228631,0.272
1,1784433191.8262038,3857,-53.120000000000005,-16.28,-2159.07,0.9438250495548137,0.32270417965435705,-0.0711075823415603,-0.2941013439696745,0.9184494324874194,0.2644901499843962,0.15066079552453093,-0.22871959338269568,0.9617633140720069,0.2308
1,1784433191.8860438,3860,-51.88,-18.05,-2159.15,0.944253399262374,0.3260809108367515,-0.045351489163272515,-0.30761895520525395,0.9229638415829947,0.23131866662418032,0.11728638616599915,-0.20447245955931384,0.971820413914981,0.20670000000000002
1,1784433191.94592,3863,-50.6,-19.22,-2159.3,0.9453215598885851,0.3255684077821309,-0.019296638671556513,-0.3143151705907177,0.925239149242419,0.21245820823327374,0.08702368612246064,-0.1947760985423344,0.9769796054628196,0.2152
1,1784433192.0057557,3866,-49.230000000000004,-20.07,-2159.75,0.946019830914134,0.3240226523289834,0.007469959496805912,-0.31913703786525227,0.9272393888979417,0.19590473893901633,0.056551132435926466,-0.18771370875314988,0.9805944793676701,0.18630000000000002
1,1784433192.0506358,3869,-47.89,-20.61,-2160.29,0.9466262666728035,0.31998672962533736,0.03882272670475078,-0.3215317929625529,0.9289105045204664,0.18369153683776115,0.02271601548239714,-0.1863699746611933,0.9822169898680178,0.1854
1,1784433192.1110797,3872,-46.7,-21.04,-2160.89,0.9464368710279164,0.3168512479178567,0.0621493029066609,-0.3228742146940316,0.9305337257357139,0.17279822555258914,-0.003080688981283467,-0.18360901928093826,0.9829945256175604,0.20600000000000002
1,1784433192.1709197,3875,-45.59,-21.18,-2161.57,0.9456360383926831,0.3131897077254166,0.0876623628922936,-0.32399965736356057,0.9305938186526137,0.17035071679873154,-0.028225961831040734,-0.18949235251168958,0.9814764100162052,0.19190000000000002
1,1784433192.215832,3878,-44.46,-21.17,-2162.41,0.9442760354227756,0.3088135900856425,0.1139163531046416,-0.32460299018065175,0.9310270093034763,0.16679810164748354,-0.05454968095254393,-0.1944810389879726,0.979388307966832,0.1869
1,1784433192.2756724,3884,-42.14,-20.330000000000002,-2164.2400000000002,0.9401930104523244,0.2960297217462683,0.16853340007079523,-0.3260953430278271,0.9252058844631561,0.19405127830115665,-0.09848314755408397,-0.23740361243581823,0.9664060194609017,0.194
1,1784433192.335512,3887,-41.12,-20.21,-2165.13,0.9371694350559258,0.29258055329753485,0.19002649770246627,-0.32840952917156585,0.9236541486053627,0.1975099868700645,-0.1177311817075981,-0.24750683545351027,0.9617066783887493,0.1983
1,1784433192.3953521,3890,-40.0,-20.2,-2166.37,0.9328899301613353,0.2887163304260782,0.2153120032624252,-0.33133759003498625,0.9223229302727516,0.19883614792811788,-0.1411799547860332,-0.2568332004207879,0.9560883471354669,0.1892
1,1784433192.4551878,3893,-38.75,-20.21,-2167.7,0.9270301064646068,0.28320134316853374,0.24578889506191762,-0.33354615745501515,0.9222674499042453,0.19537070326462708,-0.17135385188321342,-0.26309646534048886,0.9494304120735373,0.18560000000000001
1,1784433192.5000718,3896,-37.5,-20.37,-2169.25,0.9185235334871865,0.2795266730962539,0.2796057178563293,-0.3377900217151077,0.9223394632824788,0.18758415631789346,-0.2054566125972106,-0.26674848359368203,0.941611823864033,0.16490000000000002
1,1784433192.5599198,3899,-36.230000000000004,-20.55,-2170.92,0.9080960413044018,0.27422787122328945,0.3164816810047887,-0.34043532469692933,0.9235358212266246,0.1765938181527318,-0.24385522234672388,-0.26810569101682047,0.9320160776395559,0.1859
1,1784433192.6197197,3902,-34.730000000000004,-20.93,-2172.71,0.8926752301171249,0.26865139181363634,0.36188031614324406,-0.34267526261972026,0.9261098998755051,0.15777869862908556,-0.29275347636508775,-0.264852568477593,0.9187755542280052,0.22110000000000002
1,1784433192.6651018,3905,-33.45,-21.07,-2174.73,0.8784193052780034,0.26241351157604814,0.3993978881481938,-0.34470590493105613,0.9267746469975409,0.14921994768879016,-0.330994506329896,-0.26875249324408296,0.9045522285388045,0.19010000000000002
1,1784433192.724942,3911,-31.51,-20.95,-2178.18,0.8500085573287726,0.2647835729848741,0.45538457587540515,-0.36889597298328203,0.9163242851790366,0.15577408484033958,-0.3760335272081154,-0.30039884132348366,0.8765610774765967,0.1973
1,1784433192.7850099,3914,-30.96,-21.87,-2180.03,0.8260646715350328,0.29360399619415983,0.4810549364267436,-0.39905602793358064,0.9074623020183475,0.13140189110296296,-0.39795909967180276,-0.30051433216134876,0.8667869929538784,0.2281
1,1784433192.8454154,3917,-30.64,-22.96,-2181.58,0.8056419514217996,0.32638587248065154,0.4943817435487664,-0.4313434602236296,0.8952214622604309,0.11189885089044369,-0.4060589432971282,-0.30339874052695,0.8620123774140832,0.17220000000000002
1,1784433192.9052553,3920,-30.46,-23.89,-2182.69,0.8077788713812981,0.35298682007848065,0.47211608720826115,-0.45603762186352376,0.8816886186010018,0.12105728922505656,-0.37352775317908815,-0.313090218116663,0.8731847072210108,0.4063
1,1784433192.9651103,3923,-30.400000000000002,-24.740000000000002,-2183.3,0.8195815381521653,0.37629756000399023,0.43207204104775626,-0.4723864859398843,0.87053884157537,0.137888118451084,-0.3242485315641354,-0.31711554935647046,0.8912354448375837,0.8816
1,1784433193.0250175,3929,-30.18,-26.39,-2187.21,0.7613633027730868,0.40948577255241764,0.5026403518099265,-0.4813865506996228,0.8763763860830545,0.015212452843787673,-0.43427285201354293,-0.2535465085406514,0.8643617633901148,0.14850000000000002
1,1784433193.0849967,3932,-30.16,-27.01,-2188.34,0.7486322650452545,0.4274225715287381,0.506813256615267,-0.4966132491623409,0.8679705340185571,0.0015597538150090684,-0.4392322990054744,-0.2528578601176982,0.8620544588870613,0.1432
1,1784433193.1448283,3935,-30.35,-27.73,-2189.17,0.7392369928521229,0.45207299777727633,0.49915796405508467,-0.5186726800047289,0.8549506564066004,-0.0061665327887969815,-0.42954315198320014,-0.2543410698070406,0.8664890655938755,0.1399
1,1784433193.2048812,3938,-30.45,-28.12,-2190.17,0.7343889162731201,0.46235454067636467,0.4968915358215915,-0.5244620972113563,0.8512648731196432,-0.01695949236456001,-0.4308276084977122,-0.24814591374541214,0.8676469196900294,0.1298
1,1784433193.2645166,3941,-30.48,-28.38,-2190.91,0.7358327024035725,0.46634508978707395,0.49099133526462707,-0.5266044708106452,0.849918766574253,-0.01805052761391844,-0.4257205249875743,-0.24527606376568115,0.8709774320543086,0.1519
1,1784433193.3243525,3947,-30.61,-28.95,-2192.94,0.7256837012612405,0.4746791476046773,0.4980591054815516,-0.5259488481243076,0.8494171506206608,-0.04322399088690663,-0.44357747336908393,-0.23058666713575257,0.8660651326884861,0.12660000000000002
1,1784433193.3843627,3950,-30.650000000000002,-29.26,-2193.59,0.7213746679950532,0.4806151514866641,0.4986257760449993,-0.5355934305274336,0.8436079334355959,-0.03827965282468477,-0.43904244162823486,-0.23944671809397208,0.8659717106483006,0.13920000000000002
1,1784433193.444357,3953,-30.47,-29.22,-2194.88,0.7017145803841699,0.48303692177643304,0.5237098241173412,-0.5553789041223579,0.8312907469627242,-0.02258244605893744,-0.446263286112713,-0.27501095653610635,0.8515973539490237,0.13820000000000002
1,1784433193.5046735,3956,-30.11,-28.79,-2196.2000000000003,0.6862032676982386,0.4681505950730301,0.5567406000401153,-0.5824109539837808,0.8121437077658498,0.03492962376036164,-0.4358010510312728,-0.3482206459546962,0.8299517007940475,0.15940000000000001
1,1784433193.5647478,3959,-29.86,-28.330000000000002,-2197.48,0.6749197879772812,0.4446484410516931,0.5888726888445418,-0.5955128634229645,0.7994651074938268,0.07886679527954316,-0.4357151699154886,-0.4039100218739104,0.804368687192219,0.1549
1,1784433193.624715,3965,-29.38,-27.52,-2200.68,0.669214576297304,0.38971521884007154,0.6326720312102119,-0.5887813806158179,0.7975187259900396,0.13153086153202112,-0.453308213814124,-0.46052788178313314,0.7631682208982429,0.1796
1,1784433193.6847398,3968,-29.32,-27.330000000000002,-2201.9500000000003,0.6673240282855945,0.3746740773686619,0.6436598302058544,-0.5851379020045868,0.7984243206034636,0.14188812461431766,-0.4607518604524108,-0.47131511753479705,0.7520437374732952,0.1995
1,1784433193.7447205,3971,-29.11,-26.88,-2203.13,0.6651698596919731,0.35689662362839064,0.6558764043629073,-0.580089727609827,0.8000632867780141,0.15295308127500457,-0.4701541935141254,-0.48220694436374134,0.7392100493962904,0.2064
1,1784433193.8046315,3974,-28.8,-26.28,-2204.32,0.663329064689783,0.33912242318877006,0.6670761081228694,-0.5758190047660129,0.8006380901654416,0.16556304637965666,-0.477940399723706,-0.49393788138470474,0.726359651718853,0.1932
1,1784433193.8647575,3977,-28.38,-25.43,-2205.58,0.6664099505583878,0.3166421056976344,0.6750078182481558,-0.5688499850775949,0.8011854173422321,0.18577303764371603,-0.4819828547510661,-0.5077791881689535,0.7140397914601758,0.2155
1,1784433193.924589,3983,-27.77,-23.31,-2207.44,0.701375553160541,0.2778658934567929,0.6564014615174186,-0.568080500627,0.7741287442971772,0.2793013284255063,-0.4305309259926887,-0.5687839945940232,0.7008051721110113,1.2463
1,1784433193.9844675,3986,-27.39,-22.28,-2209.59,0.6753569369121891,0.255906939366725,0.6916680172948151,-0.5677140806295199,0.7790341275693657,0.2660950032173023,-0.47073743256678063,-0.5723787788398451,0.6714080749546011,0.7909
1,1784433194.0443778,3989,-26.990000000000002,-21.11,-2211.55,0.6485217632513812,0.23552950721027255,0.7238407102550987,-0.5660705336641725,0.7849765329032181,0.2517458911450232,-0.508904385426652,-0.573007586358618,0.6424006790695295,0.36260000000000003
1,1784433194.1041832,3992,-26.57,-19.8,-2213.32,0.6319729365631135,0.2173887886919811,0.7438765502439422,-0.5623151058998074,0.7891382489054019,0.24710836851754894,-0.5333028493536139,-0.574458822428161,0.6209550162497821,0.3537
1,1784433194.1640854,3995,-26.17,-18.47,-2214.55,0.6277475676517409,0.20575786522028777,0.7507307721196146,-0.5593357357192771,0.7899647863201018,0.2511954838798076,-0.54136542746531,-0.5775979027612769,0.6109862000659887,0.4043
1,1784433194.2239246,4001,-25.13,-15.23,-2216.4900000000002,0.6306147999736339,0.16959946915827798,0.7573380976257856,-0.5493988771625334,0.7867948520595773,0.28127341599428757,-0.5481658944395951,-0.593455879433154,0.5893422361747549,0.39430000000000004
1,1784433194.2837672,4004,-24.67,-13.290000000000001,-2217.4700000000003,0.6296679662687313,0.14415735068834987,0.7633720655732145,-0.5447094102924496,0.7825430086836388,0.3015262806111771,-0.553904243162888,-0.6056773875611293,0.571266130278414,0.4723
1,1784433194.3296099,4007,-24.400000000000002,-11.27,-2218.39,0.6311271404095288,0.12026842693695873,0.7662989221711068,-0.5343562622993488,0.7835133948920644,0.3171279630782837,-0.5622649887552666,-0.6096246923368681,0.5587627554814462,0.38820000000000005
1,1784433194.3884768,4010,-24.310000000000002,-9.620000000000001,-2219.11,0.6331479580122628,0.1064440090664915,0.7666768133958105,-0.5248049524838854,0.7870986809112103,0.32412255144654684,-0.5689494047042221,-0.6075733202187908,0.5542122656934126,0.449
1,1784433194.448323,4013,-24.46,-8.21,-2219.63,0.6435317881010033,0.10864935387086143,0.7576688957631624,-0.4961227470987676,0.8129929090713917,0.3048028044667703,-0.5828628119160614,-0.572047067734011,0.5770901964010668,0.3971
1,1784433194.5081651,4016,-24.61,-6.93,-2220.12,0.6503717775447534,0.10374782943169901,0.7524977999047496,-0.4761554157805497,0.8275293934905581,0.2974409570519846,-0.5918551942799263,-0.5517531067401069,0.5876018534743663,0.3795
1,1784433194.5680056,4019,-24.86,-5.47,-2221.03,0.652071036759932,0.09008694604783457,0.752786626588572,-0.4657896325656933,0.8310302289951258,0.3040210135675254,-0.5982001180317034,-0.5488835037128403,0.5838523084982816,0.37770000000000004
1,1784433194.6135259,4022,-25.16,-3.46,-2222.21,0.65060064666739,0.06817847757542009,0.7563534185494711,-0.4601605636223655,0.8276925648291822,0.32121219437193926,-0.6041283425255932,-0.5570248767532626,0.5698703645876769,0.3781
1,1784433194.6733727,4028,-25.91,1.0,-2224.28,0.6476260049467609,0.043041826374336116,0.7607417162868482,-0.4509009114295048,0.826471570647136,0.3370951067341355,-0.6142222120607003,-0.5613306904975157,0.554652080242058,0.3425
1,1784433194.7332082,4031,-26.27,3.46,-2225.32,0.6471696168301195,0.030071525303088424,0.7617527094916711,-0.4470563388111381,0.8243457563281151,0.3472674818531226,-0.6175047505734165,-0.5652873405532567,0.5469351932628665,0.3643
1,1784433194.793709,4034,-26.6,5.98,-2225.89,0.6514873858376684,0.026919165764502623,0.7581817358713835,-0.43685801145747793,0.8303665395505122,0.3458995342875237,-0.620257417464571,-0.5565669488115971,0.5527331793648089,0.39930000000000004
1,1784433194.8535469,4037,-27.04,7.98,-2225.81,0.6713096679601808,0.04954447578035935,0.7395192185621963,-0.4076559976207134,0.8579702972010079,0.3125756815951542,-0.6189991254493441,-0.5113045218267327,0.5961608580345438,0.3675
1,1784433194.9133914,4040,-27.63,9.89,-2225.43,0.6978361691272843,0.0746398645624589,0.7123577553981243,-0.3657002656707934,0.8922830639007749,0.26475318612654425,-0.6158636186251525,-0.44526376957253466,0.6499632133897959,0.2959
1,1784433194.9739695,4046,-28.55,14.52,-2226.78,0.707607465941446,0.07173339408931881,0.7029551865633769,-0.33945402682139664,0.9070275404454035,0.24914253861655314,-0.6197278740049249,-0.4149160891626024,0.6661696489148597,0.3012
1,1784433195.0338132,4049,-28.94,16.96,-2227.46,0.7098575289836104,0.06724700064308123,0.7011277554410411,-0.333082227157621,0.9091428045288646,0.25003117990584645,-0.6206114069987771,-0.41101970984114644,0.6677606454599567,0.27690000000000003
1,1784433195.0796905,4052,-29.43,19.63,-2227.94,0.7185046151805113,0.055761525088601445,0.6932833261258333,-0.3317040742519333,0.9035929757701173,0.27109434015407285,-0.6113293098559672,-0.4247474384368875,0.6677320483939118,0.2952
1,1784433195.1385334,4055,-29.94,22.27,-2228.4500000000003,0.728399855220822,0.04449099184898988,0.6837062253326195,-0.330475756909087,0.8969500554644116,0.29371137549940873,-0.6001828263201567,-0.43988765571072996,0.6680414847475167,0.28290000000000004
1,1784433195.1989434,4058,-30.53,24.330000000000002,-2229.02,0.7318895989640827,0.040289005559814774,0.6802311452434352,-0.32794214448397846,0.8958695918715536,0.29978596403291685,-0.5973203200958792,-0.4424866895070373,0.6688900992014004,0.2934
1,1784433195.2442727,4061,-31.150000000000002,25.92,-2229.31,0.7393094886285208,0.044352988489890215,0.6719034844647339,-0.32218019592668384,0.8995005910238488,0.2951247331220991,-0.5912879174957651,-0.43466251179479726,0.6792989764925006,0.327
1,1784433195.3040807,4064,-31.990000000000002,26.53,-2229.09,0.7490969850394383,0.06757169774513672,0.6590051385753098,-0.3043705619048128,0.9186749209650943,0.25178353924656466,-0.5883980523850942,-0.3891920544584868,0.7087434491378457,0.2551
1,1784433195.36395,4067,-32.77,27.19,-2228.93,0.7567641320724325,0.08475413804285363,0.6481703360176791,-0.28954748999363833,0.9324424436044031,0.21613269165823512,-0.5860633920038362,-0.351237562697475,0.7301793444786666,0.22410000000000002
1,1784433195.4238951,4073,-34.42,28.94,-2228.67,0.7616036342546221,0.08853568970736919,0.6419667716776254,-0.287222731013691,0.9341266146322514,0.21192114246748983,-0.5809156626216828,-0.3457873616599219,0.7368636871478208,0.22340000000000002
1,1784433195.4839282,4076,-35.4,29.84,-2228.23,0.7631645979517763,0.0875420055018628,0.6402469786776162,-0.3015825642406286,0.9245137168177266,0.2330715434408922,-0.5715135636003322,-0.3709592763209789,0.7319572814941215,0.27190000000000003
1,1784433195.5288785,4079,-36.51,30.650000000000002,-2227.29,0.7710509986043542,0.09296384563296681,0.6299508559850981,-0.3192779911032478,0.9123868645371522,0.2561479529825261,-0.550946387544471,-0.3986325787303314,0.733178112893793,0.2969
1,1784433195.5889306,4082,-37.75,31.41,-2226.29,0.7771238639671795,0.09757994019829831,0.621736805508261,-0.33492055158214296,0.9005209422463251,0.27729092430821467,-0.5328289821139928,-0.42372182838117683,0.7324978416163961,0.2776
1,1784433195.6494515,4085,-38.99,32.230000000000004,-2224.9700000000003,0.7835393616427043,0.1033349167239706,0.612689124876714,-0.3505008783492425,0.8877136170911375,0.29851912553030624,-0.5130450302195246,-0.4486495614804714,0.7317775399330235,0.3037
1,1784433195.6943567,4088,-40.35,33.0,-2223.23,0.7955137452875285,0.11495475113167429,0.5949313290211435,-0.37098975219654295,0.8687005395394738,0.32821635603512306,-0.4790871369842411,-0.4818140489816396,0.7337102543784987,0.3541
1,1784433195.7541716,4091,-41.65,33.84,-2221.34,0.8039415134647964,0.13252932575774284,0.5797534137390918,-0.39392170432882956,0.8489999639433817,0.3521714810753513,-0.44553757842251945,-0.5115027263254169,0.7347524938202407,0.3408
1,1784433195.814079,4094,-42.85,34.800000000000004,-2219.75,0.810775402644628,0.14241141408119273,0.5677695268379911,-0.4066195413952373,0.8347548026660513,0.3712747876997421,-0.4210745718064298,-0.531886650110112,0.7347059251242466,0.3532
1,1784433195.8739138,4100,-45.26,36.5,-2216.17,0.8216619943220476,0.1660867221810546,0.5452401010581199,-0.4245004384267882,0.8166793270391366,0.39094021865544537,-0.38035633932166857,-0.5526753816681688,0.7415382509592905,0.34740000000000004
1,1784433195.9337425,4103,-46.59,37.45,-2214.1,0.833097230111915,0.17991520526448523,0.5230482999632946,-0.42795145303718146,0.8087626413985263,0.4034359226958398,-0.3504376678144338,-0.5599406297034684,0.7507728898835276,0.35910000000000003
1,1784433195.9786322,4106,-47.74,38.64,-2212.2400000000002,0.8432475517481139,0.1832795566984539,0.5053139326866323,-0.4258511812414179,0.8014248709663799,0.41996303126800405,-0.3280005151003595,-0.5693213330738097,0.7538493760698879,0.3405
1,1784433196.0384867,4109,-48.81,40.03,-2210.48,0.8544515419116109,0.1796788899991283,0.487471085310249,-0.41921458168702935,0.792675052934657,0.4426346065955619,-0.30687407356412494,-0.5825648092218754,0.7526264319238597,0.3674
1,1784433196.098342,4112,-49.79,41.63,-2208.87,0.8672204899920742,0.17180654888817481,0.46734476727255864,-0.4101942417126491,0.77856327534147,0.4749525348446381,-0.2822575168240724,-0.6035907024206864,0.7456600821739158,0.3511
1,1784433196.1442397,4115,-50.76,42.97,-2207.26,0.8780094791603088,0.16794158874209233,0.44821309360105166,-0.4005153181395742,0.7705223484604561,0.49586569800555774,-0.2620817323664486,-0.6148909930172707,0.7437891046970477,0.36260000000000003
1,1784433196.2031982,4118,-51.61,44.2,-2205.8,0.8896786268179462,0.1632758155239101,0.42639529670053344,-0.38583955360794403,0.7681819310089113,0.510905431310965,-0.24413066143964052,-0.6190618135020304,0.7464333133030848,0.33680000000000004
1,1784433196.2628486,4121,-52.25,45.31,-2204.48,0.8998824754959268,0.1549831745825128,0.4076662187275871,-0.36843489994936035,0.7703340613726809,0.5204240178819339,-0.23338220753653732,-0.6185189160287639,0.7503113325280217,0.3639
1,1784433196.3227684,4127,-53.0,48.44,-2202.43,0.9276427640308507,0.1065863580677666,0.35793609850789465,-0.2935615654887657,0.8005654146199007,0.5224142266269663,-0.23086903129044511,-0.5896900585801969,0.7739283721396284,0.321
1,1784433196.3826103,4130,-53.38,50.21,-2201.26,0.9402515452138296,0.0925687763212373,0.32765538813423256,-0.2636965156048538,0.8067490432628265,0.5287911958915099,-0.2153861169640814,-0.5835983232026142,0.7829570982973667,0.28450000000000003
1,1784433196.4424505,4133,-53.69,51.92,-2200.44,0.9491551765905062,0.08448190089602663,0.3032610413034268,-0.24227798893781904,0.8111292450870895,0.5323257685296612,-0.2010120066754492,-0.5787332340426306,0.7903556269090939,0.30060000000000003
1,1784433196.502753,4136,-54.32,54.07,-2199.43,0.9615694663575369,0.07352684087964459,0.2645334856670154,-0.21149035317258025,0.8127621415058465,0.5428531402228116,-0.1750885258485515,-0.577937284664253,0.797077476228686,0.2953
1,1784433196.5627456,4139,-54.94,56.25,-2198.69,0.972323659431098,0.06349390853666599,0.22484489073415825,-0.1811967029588273,0.812463965728829,0.5541390251814383,-0.14749391901827197,-0.5795436376761647,0.8014828231981704,0.30770000000000003
1,1784433196.6230254,4145,-56.29,60.24,-2197.23,0.9885988529900731,0.04148581576318455,0.14474541428720614,-0.11682200978511971,0.8178240709415727,0.5634859421656577,-0.09499960998065847,-0.5739710063052109,0.8133463948555414,0.2852
1,1784433196.682861,4148,-57.050000000000004,62.0,-2196.52,0.9935727580223152,0.03494973107335989,0.10766471480401481,-0.08977986749237003,0.8225940346061424,0.5614967761469702,-0.06894019081045906,-0.567554024325692,0.8204448059209889,0.2726
1,1784433196.7278657,4151,-57.620000000000005,63.620000000000005,-2195.82,0.9966454709391789,0.0294582954570289,0.07635452891079125,-0.06721710645188184,0.8268700692353089,0.558361665234131,-0.046686891700549675,-0.5616209552995347,0.826076410940162,0.24430000000000002
1,1784433196.7876484,4154,-57.910000000000004,64.39,-2195.12,0.9976566788971655,0.031727079655476595,0.06061801273889835,-0.05953635683892144,0.8391332864082416,0.5406577011899975,-0.03371310229312651,-0.5429997422266784,0.8390558424059356,0.26180000000000003
1,1784433196.8476667,4157,-58.4,64.47,-2194.04,0.9987786357882258,0.03543828588526275,0.03442912410336447,-0.047954388479976566,0.8631105289502635,0.5027331214876413,-0.011900139432879606,-0.5037701288372609,0.8637557779678047,0.23550000000000001
1,1784433196.8926804,4160,-58.97,64.33,-2192.9500000000003,0.999239303263479,0.037913918269897706,0.009129601028573844,-0.03771868830990804,0.8801491076820649,0.4731964167221102,0.009905320070418007,-0.47318081432776676,0.8809096443940289,0.24400000000000002
1,1784433196.952654,4163,-59.38,64.05,-2191.93,0.9991909575333608,0.03742226429465283,-0.014731073234034052,-0.02677270529930116,0.8922653450079594,0.4507169581331324,0.030010875270842965,-0.44995791829113113,0.8925453597059309,0.2479
1,1784433197.0126524,4166,-59.68,63.54,-2190.82,0.9989058066781055,0.03479087133628824,-0.03125355430067369,-0.017851856252887502,0.9013271079295023,0.4327710199860492,0.04322615658475275,-0.4317395508673036,0.9009619634611715,0.2452
1,1784433197.0727155,4172,-60.19,61.870000000000005,-2188.28,0.9972998188400088,0.041902978778122414,-0.060309300370718785,-0.01446499330050807,0.9172306455518421,0.3980938417375571,0.07199885631384442,-0.39614654262036814,0.9153600829506534,0.23970000000000002
1,1784433197.13312,4175,-60.04,60.65,-2186.84,0.9958711100535464,0.05117164663540868,-0.07498129594330982,-0.01859532746794306,0.9234587082650343,0.38324695422903815,0.08885350841175213,-0.3802702679806763,0.920597402414773,0.229
1,1784433197.177995,4178,-59.82,59.2,-2185.17,0.9943478372100787,0.06164836535774859,-0.08643990793815304,-0.025457505386219718,0.9288428923252318,0.3695981558346966,0.10307421624804829,-0.3653085824691443,0.9251623346846948,0.228
1,1784433197.2377706,4181,-59.800000000000004,57.5,-2183.56,0.9919676774916242,0.07556375326709763,-0.10144084977986957,-0.03564316360552107,0.9364401862668822,0.3490119517045753,0.12136594126880462,-0.3425929023442195,0.9316117279013295,0.23070000000000002
1,1784433197.2976904,4184,-60.1,55.67,-2182.09,0.9891343908906419,0.08684905997302622,-0.11861870653147753,-0.04380853533654358,0.9443215446404671,0.32609451476452267,0.14033520224471802,-0.31735478743772616,0.9378656459756323,0.2642
1,1784433197.343534,4187,-60.38,54.18,-2180.9700000000003,0.9870480583529281,0.09610130349943541,-0.12845493360484153,-0.05071904001312201,0.9465836272949761,0.3184446820363516,0.15219628603176286,-0.30780509417940954,0.9391976972476789,0.24710000000000001
1,1784433197.402582,4190,-60.68,53.300000000000004,-2180.07,0.986773252733339,0.09268473215018107,-0.13299657182166294,-0.04585046869881226,0.9465020619350998,0.3194238270272018,0.15548724130990554,-0.3091009336428049,0.9382325567848205,0.2267
1,1784433197.4628713,4193,-61.11,52.69,-2179.06,0.985296072363765,0.08197740131470418,-0.14990448778547844,-0.029711779820456103,0.9462180360307705,0.32216244106036446,0.1682523697439042,-0.3129714587047196,0.9347406089989891,0.2747
1,1784433197.523427,4199,-62.050000000000004,50.89,-2176.91,0.9810639243500312,0.07238254983415468,-0.17965061318688091,-0.013749635421560089,0.9512313114856376,0.3081719318417694,0.1931955586049803,-0.2998662343926373,0.9342139570818291,0.24330000000000002
1,1784433197.583234,4202,-62.65,49.51,-2175.7400000000002,0.9770658928109626,0.06815917554080654,-0.20173390368283117,-0.008208803808904807,0.9587393317652771,0.28416810036718837,0.2127788914473031,-0.2759949646567253,0.9373110064640175,0.2635
1,1784433197.6281438,4205,-63.2,48.02,-2174.52,0.9723009012701906,0.06270699537154871,-0.22516391833650393,-0.002678656412458846,0.9662657633172151,0.25753310358247894,0.23371731255728412,-0.2497965319464472,0.9396690430351149,0.2576
1,1784433197.6879823,4208,-63.410000000000004,46.34,-2173.69,0.9695244185096634,0.04204990170444831,-0.24135908451961277,0.01206589798433112,0.9757695524378027,0.21846783433989167,0.24469739683807643,-0.2147221141428541,0.945525038102478,0.2715
1,1784433197.7478282,4211,-63.56,44.74,-2173.01,0.9646048074840683,-0.014768326254957586,-0.2632858938839117,0.05636994509448987,0.9868998358441443,0.1511659462340816,0.2576043374414869,-0.1606568098476631,0.9528008159006289,0.26940000000000003
1,1784433197.7927096,4214,-63.5,43.19,-2172.7,0.960418773107085,-0.04372766778097352,-0.2751066544704404,0.07723388500194019,0.9906838850049406,0.11216223517309483,0.2676391362842672,-0.12897027200853056,0.9548486590382045,0.2917
1,1784433197.8525326,4217,-63.26,41.7,-2172.43,0.9578901068424535,-0.05266533216704144,-0.2822638942569313,0.08250703598914122,0.9920622764180185,0.09489482978848493,0.2750256937554008,-0.11418757592678005,0.9546319004089097,0.2848
1,1784433197.912354,4220,-62.83,40.37,-2172.17,0.957083471939979,-0.059253724716995165,-0.2836903661502764,0.08737088854083416,0.992325799962749,0.08749762604708589,0.2763287092846135,-0.10852881108467513,0.9549156725018427,0.2851
1,1784433197.9721942,4226,-61.89,37.39,-2171.53,0.9539956012866639,-0.0694553559558191,-0.2916647840496809,0.09408480642987155,0.9930099656392648,0.07126890864998352,0.2846760297684898,-0.09543145011030985,0.953861832974301,0.3311
1,1784433198.0320342,4229,-61.57,35.6,-2171.04,0.951720373789365,-0.06785292011490614,-0.2993731974411059,0.09048968157354728,0.993940949933761,0.06239395462294939,0.2933256682306362,-0.08647178312405045,0.9520938415305489,0.28350000000000003
1,1784433198.0769153,4232,-61.21,33.84,-2170.43,0.9497364205466716,-0.0634351167825461,-0.30655622232468244,0.0834073825247975,0.9951325792624695,0.052481980057795606,0.3017348836769747,-0.07541309998408427,0.9504046108491019,0.3194
1,1784433198.1367552,4235,-60.81,32.35,-2169.86,0.9482992162837061,-0.06003962238060214,-0.3116469799951605,0.0800503227957228,0.9954435922558152,0.05180733979986941,0.307116496163931,-0.07407630107688455,0.948784569542927,0.30310000000000004
1,1784433198.1966271,4238,-60.370000000000005,30.92,-2169.2,0.9467356171350965,-0.05540530638987892,-0.31720958887094175,0.07515698794156488,0.995899076628228,0.05036324388474818,0.313118345695968,-0.07152119402587456,0.9470172228601409,0.3005
1,1784433198.2415128,4241,-59.88,29.84,-2168.5,0.9468858630977487,-0.053167403357612886,-0.3171441146952599,0.07463368485626772,0.9956420318578406,0.0559174166317216,0.31278902690217025,-0.07661704521971018,0.9467274438989259,0.3437
1,1784433198.3013153,4244,-59.300000000000004,28.46,-2167.87,0.9469989479538187,-0.05039768081766195,-0.31725867418017345,0.07384534461063469,0.9953209809021433,0.06231380308833584,0.31263374362614316,-0.08243918209320344,0.9462895558982496,0.3398
1,1784433198.3611543,4247,-58.72,27.29,-2167.2,0.9452147260568271,-0.07892372203673977,-0.3167651618236836,0.09930501023465205,0.9938648097759768,0.048695531943460484,0.3109785146720151,-0.0774841015230116,0.947253174934536,0.3221
1,1784433198.4209945,4253,-57.47,24.07,-2165.77,0.9392186913547166,-0.15096784959278,-0.30834551755987205,0.15781901126560471,0.9874642182360807,-0.0027527053153135928,0.30489573544587417,-0.04607739242554614,0.9512704475669271,0.3015
1,1784433198.4808342,4256,-56.57,22.56,-2165.28,0.9386145874441747,-0.18647952001152376,-0.2902206830211679,0.1888316438743664,0.9818028617386989,-0.020143260744110787,0.2886958027209713,-0.03589609028811457,0.956747722335058,0.2813
1,1784433198.525753,4259,-55.14,20.95,-2165.13,0.9489269047688624,-0.1995105431951241,-0.2444039127341717,0.20089386982484375,0.979418515970952,-0.019519826844949385,0.2432681287645071,-0.030576358959899186,0.9694770259269533,0.3215
1,1784433198.5855649,4262,-53.71,18.67,-2165.16,0.9576828530923212,-0.20405661045541285,-0.20298879925355431,0.20199439569636785,0.9788942820505329,-0.03105235379212392,0.20504101297109087,-0.011264293063479635,0.9786885606267038,0.3301
1,1784433198.645406,4265,-52.5,16.71,-2165.19,0.9652158160433082,-0.20575013874400325,-0.1613236153409479,0.20345114813469184,0.9785997457049163,-0.030824795683810143,0.16421345493754885,-0.00306889444203819,0.9864200540866842,0.2837
1,1784433198.6902862,4268,-51.6,14.57,-2165.4,0.970738668117011,-0.2000663031145554,-0.13281533262574144,0.19737741791439517,0.9797636198264493,-0.03324761889247358,0.1367793592610292,0.006060001868631411,0.9905830017002587,0.2664
1,1784433198.750193,4271,-50.74,12.91,-2165.4900000000002,0.9743217626104582,-0.196539197842126,-0.10986103319750613,0.19492628871269427,0.9804904999872291,-0.02534011451214789,0.11269802514838154,0.0032746215608948116,0.9936238885923022,0.2682
1,1784433198.8113525,4274,-49.730000000000004,11.34,-2165.9900000000002,0.9783743548929125,-0.191503345586092,-0.07816706670466268,0.1908362916582284,0.9814916938454104,-0.015986391043722865,0.07978177407160701,0.0007235618847489928,0.9968120911105492,0.2456
1,1784433198.8712192,4280,-47.4,8.71,-2166.79,0.9825116924108792,-0.18617265192133944,-0.0032431392947557566,0.18619085236634034,0.9824905718944826,0.006726264457165975,0.0019341072889232141,-0.007212476345046635,0.9999721193183172,0.1877
1,1784433198.931551,4283,-46.37,8.16,-2167.29,0.9821236041720278,-0.18588679556207569,0.02965342077752621,0.18483044316861427,0.9821431077242098,0.03510873435378785,-0.03565015296235903,-0.02900026181768485,0.9989434675737491,0.1943
1,1784433198.9771698,4286,-45.49,7.640000000000001,-2167.79,0.9817755330332804,-0.17924364576668764,0.06315471628852903,0.1749789854819031,0.9822464638608447,0.06763311964260303,-0.07415630368985725,-0.055349793903255985,0.995709416917368,0.2303
1,1784433199.0370803,4289,-44.550000000000004,7.33,-2168.46,0.9798021920256736,-0.16919458638386978,0.10658731838298803,0.1575406939321046,0.9814037461340316,0.10967049206363813,-0.1231608470946679,-0.09066354842206875,0.9882365742728019,0.2154
1,1784433199.0969226,4292,-43.550000000000004,7.03,-2169.36,0.9758749341980828,-0.1524112333012163,0.15632955180480046,0.12711201024144395,0.9787748295651577,0.16075562155668305,-0.17751239296529872,-0.13700601801854786,0.9745351206449333,0.1678
1,1784433199.1418014,4295,-42.89,6.25,-2170.08,0.9723257499369139,-0.13132741073316417,0.193224602987665,0.09333583514082124,0.9765426444044472,0.19404351454798688,-0.21417529710072403,-0.17063872611365846,0.9617751126235926,0.15
1,1784433199.2016451,4298,-42.57,5.05,-2170.21,0.970740249698752,-0.11055501989460184,0.21316884197956526,0.06688509311408995,0.977068263555751,0.20214844216879058,-0.23062903532279755,-0.18197581138231952,0.9558739729367164,0.16720000000000002
1,1784433199.262162,4301,-42.09,3.59,-2170.46,0.9668607146342394,-0.08863582000632407,0.23942441376930312,0.03884207585261988,0.9779518129714978,0.20518660933213975,-0.2523324228877995,-0.18908713049165282,0.9489859880114171,0.1524
1,1784433199.3080063,4304,-41.63,1.8800000000000001,-2170.81,0.961529771846907,-0.06611086405965093,0.2666268019260659,0.010741215825312504,0.9789143020664671,0.20398876315208128,-0.27449066311011255,-0.19327737286865274,0.9419653565829068,0.1693
1,1784433199.3669162,4310,-40.75,-1.92,-2171.44,0.9461808082195694,-0.006067563358500369,0.3235816169559902,-0.06256726168850232,0.977533045886083,0.2012820954915757,-0.3175330154830597,-0.21069487149802177,0.9245433765933685,0.17020000000000002
1,1784433199.4267242,4313,-40.17,-4.17,-2171.85,0.9335656927492215,0.03769944237920261,0.3564180822657054,-0.11704423646723473,0.9719986880169484,0.20376260010888392,-0.33875617194594104,-0.23194245522893836,0.9118371309783913,0.17930000000000001
1,1784433199.4871302,4316,-39.800000000000004,-6.55,-2172.17,0.9180030680128383,0.0856132735884202,0.3872218156360645,-0.17459734694206355,0.9639476538648581,0.20080011715441853,-0.35607040534114703,-0.2519430252932393,0.8998547540832805,0.1636
1,1784433199.547017,4319,-39.61,-8.93,-2172.27,0.9054446727333433,0.12609591130632095,0.4053020673160175,-0.2170613563320801,0.9581119400772228,0.18683114801536255,-0.3647661061640553,-0.2571406841269755,0.8948879015612091,0.1975
1,1784433199.5922043,4322,-40.0,-11.52,-2171.65,0.9061112689846706,0.1637869619283286,0.39004640662526074,-0.23653077748792456,0.960573796427641,0.14612040554811995,-0.3507357402945242,-0.22465932591120574,0.909127399081765,0.1814
1,1784433199.6519244,4325,-40.74,-14.44,-2170.6,0.9171223659004119,0.19710393510914917,0.3464629918616407,-0.23872975236244523,0.9676655865899751,0.08143351807729307,-0.31920944738869583,-0.15739552501252235,0.9345223257920785,0.1709
1,1784433199.7119842,4328,-41.6,-17.06,-2169.61,0.9253689560437032,0.22134766389677857,0.3077296002629995,-0.24266649321113198,0.9695714748212849,0.03231297394994695,-0.29121344107578273,-0.10457708592381533,0.9509250048434337,0.1447
1,1784433199.7569308,4331,-42.08,-19.02,-2169.19,0.9313698069813449,0.23498246122734315,0.2780890604807614,-0.24490125612940483,0.9695475507387228,0.0009600014496927942,-0.2693949839729241,-0.06899847659248667,0.9605548151137154,0.1448
1,1784433199.817579,4337,-43.44,-22.82,-2168.06,0.9361319899682273,0.26623952762552977,0.22972464231740902,-0.25833690929413167,0.9639064489850162,-0.06439253762239802,-0.23857690301972312,0.0009335602985800756,0.9711231589302597,0.1333
1,1784433199.8774247,4340,-44.09,-24.43,-2167.67,0.9316914959865019,0.2917346276087088,0.21642981162594543,-0.28048972183524123,0.9563754135351543,-0.08167976695762293,-0.23081696699164736,0.015394006608761446,0.9728754043089517,0.1385
1,1784433199.9372346,4343,-45.4,-26.69,-2166.15,0.9285034301926683,0.3541835224936417,0.11151418077735539,-0.3536572176423579,0.9350373353004559,-0.025134717099841043,-0.11317222508157455,-0.01610012385726169,0.9934449322845561,0.9855
1,1784433199.9971688,4346,-47.26,-29.52,-2167.36,0.8894479169222393,0.4235917496076028,0.17161711088075987,-0.40563994197981096,0.9046574073385971,-0.13058029260965537,-0.2105674251951254,0.046529614352340244,0.9764713792195435,0.1272
1,1784433200.0423229,4349,-49.06,-30.66,-2166.88,0.8862542237383274,0.44558107893254645,0.1265343945466296,-0.42782779526080333,0.8921413922235284,-0.14507623473106943,-0.1775297961139327,0.07443949475091817,0.9812960476395353,0.12760000000000002
1,1784433200.102164,4352,-51.68,-30.970000000000002,-2165.89,0.8873658863622281,0.45687655562738927,0.06201287478121357,-0.44562245317551313,0.8843695928453152,-0.13896421293429906,-0.11833179178232302,0.09567777259460339,0.988353859144042,0.12250000000000001
1,1784433200.1619306,4355,-54.07,-30.990000000000002,-2165.04,0.8878181666027536,0.4601811267518096,-0.0034976608697809904,-0.45655168248915856,0.879810665191178,-0.13226395817521563,-0.0577880979652698,0.11902320780961825,0.9912083593958763,0.1274
1,1784433200.206887,4358,-56.18,-30.6,-2164.42,0.8829620643248762,0.46639808283054784,-0.05339308283984815,-0.46939898528135754,0.8755666318448113,-0.11422637968860257,-0.006525762789541631,0.1259202189162738,0.992018907525503,0.12050000000000001
1,1784433200.2669687,4364,-59.99,-30.29,-2164.85,0.8728385257517812,0.47210868801917055,-0.12355684788903584,-0.4860693297843498,0.8635951078670767,-0.13394064473133263,0.04346854732389664,0.17696574912922997,0.9832566343679968,0.16240000000000002
1,1784433200.3270156,4367,-61.83,-30.11,-2165.35,0.863412713068242,0.4789669528869365,-0.1584586537691786,-0.4989417785438853,0.8571775804239155,-0.12768593204447454,0.07466986363722503,0.18930729954443065,0.9790746436322376,0.13540000000000002
1,1784433200.3869133,4370,-63.25,-29.63,-2166.19,0.8595357186209731,0.48329992175188013,-0.16619125743959473,-0.5044400459749334,0.8544988428305546,-0.12398373932919607,0.08208890565438257,0.19040197802509715,0.9782681116813509,0.1444
1,1784433200.4469159,4373,-64.78,-28.93,-2167.2200000000003,0.8545954094266619,0.49211405487375204,-0.1658024221252204,-0.512621391075131,0.8504789428100265,-0.11791894355419405,0.08298189922551566,0.18576685611931246,0.9790835917164953,0.1637
1,1784433200.5067308,4376,-66.78,-28.1,-2167.9900000000002,0.8441186812406434,0.5051013069419429,-0.17982302885364337,-0.526420661420095,0.8444107408938275,-0.09925617307335023,0.10171007428267223,0.17844654770736923,0.9786786451132643,0.15610000000000002
1,1784433200.566948,4382,-70.36,-25.88,-2169.64,0.834644837655145,0.5208341205493126,-0.17916420916924503,-0.5408741372921337,0.8364872481013053,-0.08800142824065858,0.10403442980142155,0.17035522485538818,0.9798754690165294,0.1521
1,1784433200.626877,4385,-71.47,-24.05,-2170.26,0.8359400545872039,0.5256772832232383,-0.15769470200288266,-0.5394422076068945,0.8398984044536661,-0.059772693166578385,0.10102638164827435,0.13503356656484014,0.9856772322174415,0.1409
1,1784433200.6869566,4388,-72.33,-22.06,-2170.26,0.8374155695497139,0.524678952352428,-0.15312465782520757,-0.5313146719420725,0.8471696981259415,-0.002867395384155867,0.12821810813928006,0.08375857887738936,0.988202720705435,0.7063
1,1784433200.7469509,4391,-73.7,-20.6,-2171.36,0.8446501857679996,0.5235551527006864,-0.1116067460445142,-0.529069027017642,0.8482094876169018,-0.025032574124091794,0.08155996770897694,0.08019144092254155,0.993437116515221,0.1962
1,1784433200.8069534,4394,-75.4,-19.51,-2172.13,0.8461819559636425,0.5239080529691083,-0.09744972773518819,-0.5290498031131173,0.8478375418993676,-0.035746445585679784,0.06389368691440492,0.08180375651616663,0.9945982818164968,0.14880000000000002
1,1784433200.8668535,4400,-79.03,-18.03,-2173.45,0.8438023783262573,0.5296831806469842,-0.086216439677396,-0.5343859162691703,0.8440768235905147,-0.044339692945557514,0.0492873089558661,0.08348678947618832,0.9952892630581561,0.169
1,1784433200.9269278,4403,-80.77,-17.45,-2173.96,0.842778887728564,0.5323727118837553,-0.07939170007337269,-0.5364433856322283,0.8428554588972348,-0.04269858801604803,0.04418416470226346,0.07857462089420363,0.9959286061464925,0.2088
1,1784433200.9870503,4406,-82.28,-16.92,-2174.56,0.842246004628751,0.5344482549554493,-0.07061678597883535,-0.5374973483415657,0.8425889336157754,-0.033771133738974266,0.041451998898618427,0.06639993767546216,0.9969316827466179,0.1935
1,1784433201.0469558,4409,-83.93,-16.62,-2175.2,0.8413028976730708,0.5370880463800998,-0.061203470510277094,-0.5395678195611657,0.8412232056802229,-0.03478629498953297,0.032802476444680165,0.06228923390681063,0.9975189466262778,0.1942
1,1784433201.106778,4412,-85.54,-16.46,-2175.79,0.8412434065720908,0.5375479185510872,-0.05789443980537073,-0.5398464428095823,0.8410129780749986,-0.03553855505310342,0.029586298937589614,0.061150682504905386,0.9976899543166504,0.1933
1,1784433201.166632,4418,-89.04,-16.5,-2177.2200000000003,0.839813636687747,0.540501928467058,-0.05070227762825204,-0.5425113304377577,0.8390001273077277,-0.04195524668347369,0.019862325643166538,0.06274114838770714,0.9978321684126228,0.2092
1,1784433201.2264712,4421,-90.84,-16.51,-2177.98,0.8381629174724553,0.5434102905215382,-0.046777985520538704,-0.5452358300609232,0.8370210201478832,-0.045975008954576874,0.014170864188127264,0.06403958140005916,0.9978467410490787,0.19410000000000002
1,1784433201.2863111,4424,-92.57000000000001,-16.23,-2178.54,0.836476635856604,0.5464891886230059,-0.040698948195096625,-0.5478991231866914,0.8354521908930659,-0.042733915608463104,0.010648402569083849,0.05804483999586125,0.9982571853348121,0.1953
1,1784433201.3462787,4427,-93.95,-15.43,-2178.85,0.8366332252828315,0.5472030748516559,-0.02477178285348228,-0.5477490925480893,0.8360832274574018,-0.03059033143264173,0.0039721487373405775,0.039161609227755065,0.999224994882084,0.1744
1,1784433201.4070482,4430,-95.10000000000001,-14.11,-2178.94,0.8393365102164503,0.5436119799789252,0.00048768951541055367,-0.5435966171590797,0.8393189069853773,-0.006818371512091044,-0.004115875468942325,0.005457801779516631,0.9999766357114849,0.1923
1,1784433201.4669948,4436,-97.52,-11.200000000000001,-2178.31,0.8437075593514929,0.534839046935184,0.04587753444346217,-0.5366100731184325,0.8426100183363852,0.045365035291368844,-0.014393877899217096,-0.06289317031777479,0.9979164621381902,0.1593
1,1784433201.526902,4439,-98.61,-9.71,-2177.78,0.8456252879478732,0.528886952643776,0.0720865015537347,-0.5332596450793105,0.8430107370098475,0.07047728865387398,-0.023495176376532218,-0.09803819974527128,0.9949052658809993,0.1782
1,1784433201.5718133,4442,-99.57000000000001,-8.23,-2177.29,0.8482485707802637,0.5204019415182726,0.09826587115195251,-0.5287533277648757,0.8426662641731901,0.10165375350654456,-0.029904523851914173,-0.138186057503685,0.9899547125827415,0.1835
1,1784433201.632545,4445,-100.63,-6.99,-2177.07,0.8502355453939142,0.5121090160240878,0.12183543431840257,-0.5249657314643992,0.8419798324836063,0.12442243559313057,-0.038865127515057475,-0.16974780528100747,0.9847208662689745,0.1952
1,1784433201.692382,4448,-101.3,-5.47,-2177.02,0.8656029658081766,0.4812417539498605,0.13833972617925336,-0.4979233247942146,0.8564634926190592,0.13617139360613928,-0.05295156475463235,-0.18675293857400183,0.9809788334740007,0.2034
1,1784433201.75223,4451,-102.14,-4.43,-2177.25,0.8725267304704587,0.46725295907749387,0.1427297335801396,-0.484607886509519,0.8648153495939643,0.13133776090464833,-0.06206690702225251,-0.1837636616417818,0.9810089784057514,0.20370000000000002
1,1784433201.8121448,4457,-103.58,-3.65,-2178.38,0.8697290348586896,0.4682266608286428,0.15599743591813112,-0.48579354004230624,0.8679506038687239,0.10327819565175234,-0.08704046402068724,-0.16560659205833722,0.9823433281138967,0.1706
1,1784433201.8718727,4460,-103.62,-3.24,-2179.34,0.8638721297238233,0.46891082468240114,0.18397712352924764,-0.4905200074259501,0.8661686816985383,0.09561347791740442,-0.11452102776901493,-0.17284227879858138,0.9782691249643126,0.17980000000000002
1,1784433201.9320593,4463,-103.09,-3.08,-2180.62,0.8525965386778211,0.4654793805997781,0.23750387043382193,-0.4970675010159061,0.8626357597072671,0.09372003792182577,-0.16125458650345711,-0.1979608352950482,0.9668549353552921,0.188
1,1784433201.9919667,4466,-102.32000000000001,-3.2600000000000002,-2181.9,0.8404957303842829,0.4580011758262242,0.2894854921193581,-0.49762011500118924,0.8638775426972073,0.07803724988515463,-0.2143388633729171,-0.20964377921901467,0.9539959839971943,0.1842
1,1784433202.0517626,4469,-101.22,-3.5,-2183.43,0.8237403679046135,0.4444288091301168,0.35204380394996043,-0.49558921115305304,0.8660202847700804,0.06633400451837247,-0.275396332715355,-0.22911110837743143,0.9336299909198496,0.191
1,1784433202.111663,4472,-100.29,-3.39,-2184.53,0.8107602620092053,0.4274474896104909,0.3999455477592595,-0.4884884434799782,0.870513395583248,0.05987878335964806,-0.32256292120030305,-0.24391611618712863,0.9145808275548499,0.2195
1,1784433202.156505,4475,-99.05,-3.5100000000000002,-2185.25,0.8064341131525542,0.41291848900110467,0.4232757287925897,-0.4801279226418543,0.8750683966117966,0.06109401894520386,-0.34516836332936274,-0.25249479735690383,0.9039387027139755,0.21980000000000002
1,1784433202.217028,4481,-95.83,-3.95,-2186.35,0.7959353234154302,0.3995644017725998,0.45479143546869827,-0.47686315264092055,0.8766152767449059,0.06439868190276905,-0.37294569925518206,-0.26813046341950114,0.888266604119229,0.1895
1,1784433202.276996,4484,-94.09,-3.91,-2186.9700000000003,0.7866715137786049,0.3931099938885299,0.4760382989993959,-0.4824429444168501,0.8725630801809293,0.07669730430444886,-0.38522296763261454,-0.28999690310437654,0.8760736620845262,0.1817
1,1784433202.3220882,4487,-92.56,-3.88,-2187.89,0.7669116121939905,0.39088539499778047,0.5089746428452439,-0.4989342477528923,0.8619749942534708,0.08979824998842992,-0.4036225904248545,-0.3228122012241145,0.8560847430246447,0.2323
1,1784433202.3819423,4490,-91.44,-4.07,-2189.09,0.7324755268375995,0.4001532435916875,0.5507785255681568,-0.5334270459758577,0.8400199745895414,0.09910614971865707,-0.4230073157824239,-0.3663929911087795,0.8287466361083529,0.227
1,1784433202.441792,4493,-90.94,-4.72,-2190.15,0.6817155596151294,0.42984569086904206,0.5920275144112366,-0.5807058797456992,0.8101255527125448,0.08048148899571261,-0.4450219960939058,-0.3986593418992079,0.8018891145969536,0.2859
1,1784433202.486755,4496,-90.8,-5.23,-2190.91,0.6405770037146626,0.45580452880545796,0.6179832795734685,-0.6187427271072896,0.782994417620599,0.06385279654653588,-0.45477306424609115,-0.42327529280057635,0.7835939551456528,0.3084
1,1784433202.546734,4499,-90.46000000000001,-5.28,-2191.84,0.6103934371205055,0.46284910049203665,0.6427990059839297,-0.6405667129529631,0.765794400940554,0.05686142580637972,-0.46593361992546944,-0.44646348749008663,0.7639216034131627,0.3583
1,1784433202.6066096,4502,-90.03,-5.19,-2192.78,0.5846203495542026,0.4602309420004544,0.6681366079721245,-0.654428210183845,0.7542593769539065,0.05307080169616704,-0.4795234765918048,-0.4682737151522376,0.7421434922539104,0.3304
1,1784433202.667044,4508,-90.47,-5.54,-2194.0,0.5127057774746994,0.4915528110029572,0.7039237314788833,-0.7039237314788833,0.7100755004789137,0.0168571611033783,-0.4915528110029572,-0.5041513836286788,0.7100755004789137,0.38830000000000003
1,1784433202.72696,4511,-90.84,-5.5600000000000005,-2194.48,0.4853664563666728,0.5068231687458343,0.7124252091668923,-0.7201132640880971,0.6938500271399302,-0.0030044504164413923,-0.49583897579601915,-0.5115685833398586,0.7017416152838628,0.3793
1,1784433202.7720788,4514,-91.15,-5.09,-2194.7400000000002,0.4725398065092336,0.5119200180746092,0.7173869432591509,-0.7262979151583283,0.6872748993446756,-0.01202294337640249,-0.4991968246101753,-0.5153553219141703,0.6965711898103882,0.4304
1,1784433202.8323784,4517,-91.48,-4.6000000000000005,-2194.85,0.4663002193998452,0.5173103983179552,0.7176029941268187,-0.7304051760383032,0.6827874897057236,-0.017593257737313944,-0.4990715221329619,-0.5159372013079451,0.6962301488031193,0.41600000000000004
1,1784433202.8922184,4520,-91.69,-3.89,-2195.01,0.4641409926598295,0.5193020211858577,0.7175643174831305,-0.7302538721073902,0.6828275266083453,-0.021814013342174685,-0.501300729308178,-0.513879343521621,0.6961505577796202,0.3836
1,1784433202.9370983,4523,-91.91,-3.04,-2195.21,0.46518413610795367,0.5184594983856279,0.7174980613543287,-0.7294936055372919,0.6836636548051415,-0.021049621817944866,-0.5014407233100426,-0.5136182976026065,0.6962423754513234,0.4222
1,1784433202.996954,4526,-92.03,-1.97,-2195.52,0.4651167963305786,0.5144095449024814,0.7204506824789613,-0.7281063448298182,0.6851958518029225,-0.019177989744218738,-0.5035151600396367,-0.5156447079000126,0.6932409529340933,0.41400000000000003
1,1784433203.0568075,4529,-92.08,-0.67,-2195.92,0.46734001837959355,0.5080341265587728,0.7235292899894421,-0.7268550183300893,0.6866740946440056,-0.012667678287707582,-0.5032644330263434,-0.5199807823338283,0.6901774383839081,0.38830000000000003
1,1784433203.1166613,4535,-91.95,2.49,-2197.03,0.46696310641550803,0.488860420491713,0.7368588375825075,-0.7276242270522948,0.6859494694262653,0.006025744798417849,-0.5025021805458454,-0.5389701426521608,0.676019780684101,0.44070000000000004
1,1784433203.1765153,4538,-91.86,4.11,-2197.66,0.46729242235021895,0.4800520646673863,0.7424202362696237,-0.7269241422649212,0.686583257002941,0.01359126909607176,-0.5032087870918721,-0.5460342905091335,0.6697965886608516,0.4313
1,1784433203.2214816,4541,-91.76,5.78,-2198.4,0.46892379221303676,0.4694568976058585,0.7481448378401254,-0.7258467661349995,0.687452316111995,0.02357509625891876,-0.5032464100099555,-0.5540934346863681,0.663116518003854,0.431
1,1784433203.2812517,4544,-91.7,7.33,-2199.16,0.4683813280330225,0.4592141030604988,0.754812121723256,-0.7250430330515499,0.6879897445424512,0.03134823165382011,-0.5049074487204867,-0.5619541964918083,0.6551915363249244,0.4113
1,1784433203.3410916,4547,-91.89,8.66,-2199.96,0.47109875496336984,0.4528889782508226,0.7569395857338211,-0.7222211875495497,0.6907128174332693,0.036226510843761946,-0.5064212864073556,-0.5637440706671077,0.6524799640304658,0.42960000000000004
1,1784433203.4009635,4550,-92.07000000000001,9.97,-2200.91,0.47060772537558393,0.4468743657504593,0.760809877730267,-0.7185915076320196,0.6944694325267114,0.03658486634071927,-0.512010365105981,-0.5639286377913006,0.6479428041909934,0.4299
1,1784433203.4607718,4556,-92.45,12.66,-2202.7400000000002,0.4722913005018828,0.4409374757375248,0.7632267487191864,-0.7116865845438624,0.7016221422092481,0.035051033394148265,-0.5200414722409477,-0.5597325361741317,0.6451793201099538,0.4595
1,1784433203.520625,4559,-92.62,13.8,-2203.42,0.47060795992313065,0.4415035994630061,0.7639389502559735,-0.7118541333581915,0.7015480414659083,0.03307625033474116,-0.5213365907720724,-0.5593790460649718,0.6444402547525993,0.45940000000000003
1,1784433203.5804875,4562,-92.64,15.06,-2204.05,0.47233267101898385,0.4386475231769595,0.7645195866024567,-0.711353418566208,0.7018713001884218,0.03678303774817695,-0.5204595678650185,-0.5612174519582702,0.6435501610870944,0.42260000000000003
1,1784433203.6403246,4565,-92.7,16.17,-2204.57,0.4716751384479149,0.4401537984296625,0.7640596818953872,-0.7096127779596288,0.7038371945586466,0.03260228384994451,-0.523423603906586,-0.5575642001453768,0.644321265821397,0.4516
1,1784433203.6858954,4568,-92.83,17.19,-2204.84,0.4701455924489499,0.44627186304391153,0.7614489780386746,-0.7109098380484894,0.7027622092673814,0.02706435647673533,-0.5230395052638915,-0.5540457575696662,0.6476596131088906,0.4591
1,1784433203.745738,4571,-92.97,18.1,-2205.25,0.46862641677030265,0.4515552889413955,0.7592674775953988,-0.7113000534928665,0.7025691598991419,0.021185123545997123,-0.5238716592888679,-0.5499949059651977,0.6504337691158582,0.456
1,1784433203.8055804,4574,-93.18,18.88,-2205.51,0.4680931604271568,0.4591690926298549,0.7550182365577615,-0.7138586496587488,0.7000879766105722,0.016812296473195983,-0.520859502619184,-0.54684601980703,0.6554882219784773,0.49010000000000004
1,1784433203.8534193,4577,-93.61,19.240000000000002,-2205.58,0.46071729552858437,0.4760376450447033,0.7490845974261653,-0.7220502457052285,0.6918263746067138,0.004439603084744741,-0.5161230631136785,-0.5429221195519888,0.6624594748536169,0.44380000000000003
1,1784433203.9102666,4583,-95.05,18.68,-2204.91,0.43228148610735195,0.5318320093316392,0.7282083703302858,-0.7560623731133855,0.6538689844220653,-0.028723495139217837,-0.4914289416904291,-0.5381543134279685,0.6847536273784146,0.46640000000000004
1,1784433203.9700084,4586,-95.28,18.56,-2204.8,0.4264728226583192,0.5414264047043822,0.7245539178161501,-0.7624578674458359,0.6461413597268145,-0.03404913538302328,-0.48659935460684106,-0.5379208041517539,0.6883765514287483,0.4093
1,1784433204.0298164,4589,-95.34,18.5,-2204.79,0.425299044202892,0.5428845042381887,0.7241527035495775,-0.7631550830736153,0.6452385221241788,-0.03551856902957499,-0.4865337009694287,-0.5375348031756283,0.6887243956735734,0.4767
1,1784433204.0896556,4592,-95.39,18.400000000000002,-2204.66,0.4247906841689746,0.5443200434980436,0.7233730468365145,-0.7655481650713148,0.6424850497979983,-0.033896426684921585,-0.4832068724668525,-0.5393780223853687,0.6896248743834951,0.44820000000000004
1,1784433204.1351092,4595,-95.5,18.27,-2204.4700000000003,0.4232298429790554,0.5474481133480434,0.7219259402484385,-0.7658422640499597,0.641916504993306,-0.03779983084632703,-0.48410962250998074,-0.5368833800825341,0.6909371241903255,0.454
1,1784433204.1949496,4598,-95.54,18.14,-2204.39,0.4228961166326785,0.5491150927245136,0.7208546937345619,-0.7666897898953074,0.6408683606577624,-0.038399353876354375,-0.4830586306104978,-0.5364329960488831,0.6920216760642182,0.4464
1,1784433204.2547913,4601,-95.59,18.03,-2204.2400000000002,0.4211377277362101,0.5515168723545313,0.7200501050520428,-0.7654005626395474,0.6420410986821419,-0.044104493128170164,-0.4866261326606354,-0.5325526895165438,0.6925190538176186,0.5116
1,1784433204.3145967,4607,-95.73,17.85,-2204.18,0.4230101211534346,0.5573715689841142,0.7144224041069425,-0.7636032297580981,0.6437394157295695,-0.05009662802179229,-0.48782429716523734,-0.5243438744987295,0.6979190184906146,0.4903
1,1784433204.3744369,4610,-95.78,17.78,-2204.14,0.4226564143082685,0.5598488607333312,0.7126926466434661,-0.7633886124949146,0.6437630594640208,-0.052980652908518534,-0.48846635683245015,-0.5216688378704587,0.6994728313792601,0.5026
1,1784433204.4193506,4613,-95.9,17.64,-2204.07,0.42197699783042114,0.5647792366332564,0.7091966068517116,-0.7630789176278977,0.6436485334167446,-0.05854170224984935,-0.48953649381211695,-0.5164697273785079,0.7025760043779667,0.43570000000000003
1,1784433204.4790838,4616,-96.54,17.080000000000002,-2203.76,0.4152231724286273,0.5891256949669664,0.6931959554180878,-0.7710638637022532,0.6322684408357745,-0.07547938006934082,-0.4827527681648856,-0.5031575640421078,0.7167860423978362,0.45890000000000003
1,1784433204.539655,4619,-97.72,16.36,-2202.7200000000003,0.4059744465376766,0.6311307245392158,0.6609529160999531,-0.7880014878908623,0.6080475415318104,-0.09660146126694191,-0.4628589459438095,-0.4816141565399898,0.7441837141325117,0.40640000000000004
1,1784433204.5845306,4622,-98.56,16.06,-2201.79,0.4095731360572603,0.6629236664689185,0.6267232711936159,-0.800793903023524,0.5903435835551768,-0.1011117116637958,-0.43701140843297387,-0.46046353361654796,0.7726541031462852,0.372
1,1784433204.6443748,4625,-98.95,16.0,-2201.3,0.4070672583226085,0.6757593657466762,0.6145287029971543,-0.8094878222990938,0.5785587557881511,-0.09999615817788847,-0.4231143022295341,-0.45674833957718614,0.7825313038737159,0.4262
1,1784433204.7039807,4628,-99.27,16.05,-2200.82,0.4080263854439691,0.6888115757070774,0.5992103820474599,-0.8193631949496333,0.5657732044726066,-0.0924371995612562,-0.4026889910879846,-0.45325411666385484,0.7952372489916514,0.3729
1,1784433204.7638493,4634,-100.65,16.44,-2199.41,0.40946946185516836,0.7279271944730596,0.549960688917507,-0.8488271277782851,0.5249268207194913,-0.06280398106007219,-0.33440584168896564,-0.44110523963778453,0.8328258525096269,0.37170000000000003
1,1784433204.82369,4637,-101.34,17.18,-2198.56,0.4272778154003546,0.7448869677912755,0.5124227489889767,-0.85981395799752,0.5100216881690179,-0.024450669313208346,-0.2795597004207498,-0.4301410034069576,0.8583851647650467,0.3608
1,1784433204.883535,4640,-101.69,18.3,-2197.78,0.453039843458927,0.7501961859281203,0.4816228637197492,-0.8622939262620958,0.5058791467478144,0.023140302876207074,-0.22628319639383354,-0.4257839493271258,0.8760730240825735,0.3678
1,1784433204.9433742,4643,-101.89,19.490000000000002,-2197.19,0.4786911193836978,0.7485147334867563,0.45889051632871275,-0.8606120177670196,0.503483422108855,0.07649443467688279,-0.17378655614909266,-0.43154389975390306,0.8851938180348029,0.4021
1,1784433205.0038853,4646,-102.06,20.38,-2196.68,0.49700678921442787,0.7477555594765513,0.4402793144660277,-0.8567787259532946,0.5032833715763764,0.11241024263190924,-0.13752987394967986,-0.4330906038770931,0.8907963081449992,0.39430000000000004
1,1784433205.0637271,4652,-103.11,21.11,-2195.93,0.5194005933693691,0.7610711314987144,0.3885791507618673,-0.8502998739283606,0.5054980903839909,0.14649848127387824,-0.08493025376720308,-0.40650020100536893,0.9096946952563993,0.3906
1,1784433205.1235669,4655,-104.04,21.21,-2195.31,0.5295303136650221,0.7740167568133545,0.347124915674401,-0.8465285099844191,0.5085267829225324,0.1574483814906305,-0.054654631033268855,-0.3772248284811014,0.9245075987162145,0.3551
1,1784433205.168419,4658,-104.75,21.82,-2194.55,0.5537912631994768,0.7768171436355648,0.29978385906817967,-0.8325706409429365,0.5217420111618726,0.18604139762061653,-0.01188968644648373,-0.3526193402844587,0.9356913145976923,0.3229
1,1784433205.228288,4661,-105.08,22.32,-2193.87,0.5800799804635084,0.7721341002423917,0.25945355559006716,-0.8141202726170411,0.5391117037960903,0.21579330977588587,0.026746924672016663,-0.33640377832739776,0.9413379307919344,0.3664
1,1784433205.288094,4664,-105.05,23.35,-2193.2000000000003,0.6126757282398627,0.7594182542903704,0.21888893776598298,-0.7868789127472456,0.5602649669280444,0.2586981706677302,0.07382430967822674,-0.33073717946986814,0.94083095687634,0.3513
1,1784433205.347934,4667,-104.89,23.87,-2192.89,0.6346240443720251,0.7479809827205232,0.19436247527064995,-0.7660962873636533,0.5757757770652006,0.2856199100773455,0.10172905579292608,-0.330161633194114,0.9384266061733729,0.2582
1,1784433205.407774,4670,-104.69,24.43,-2192.63,0.6563726864936208,0.7352829160862273,0.16891989147782677,-0.7441891355359394,0.5942406631569673,0.3050582973810723,0.12392508614246762,-0.32594028220289295,0.9372328981966437,0.2664
1,1784433205.4526596,4673,-104.60000000000001,24.64,-2192.4700000000003,0.6669742264366059,0.728550391364865,0.15607597032020382,-0.7324258904952471,0.6026562066808053,0.31679301046795016,0.13673951953087882,-0.3256068546440697,0.9355653264242214,0.27790000000000004
1,1784433205.5125225,4679,-104.88,24.72,-2192.12,0.6780080392358152,0.7243140955344675,0.12519660435368016,-0.7170144890156929,0.6142014465264112,0.32961614891632535,0.16184968728165733,-0.313250178124372,0.9357772195516832,0.3131
1,1784433205.572372,4682,-105.07000000000001,24.310000000000002,-2191.98,0.6797747579793318,0.7237135875266749,0.11893242469322862,-0.7147909010923089,0.6174210951679402,0.32842831631463526,0.1642566471403384,-0.3082690942519067,0.9370111629000601,0.2555
1,1784433205.632212,4685,-105.36,23.7,-2191.6,0.6848138437979135,0.7215388362343491,0.10203777314459475,-0.7086473158170158,0.6267547137016942,0.32403319372873807,0.16984987821033415,-0.29421121096635383,0.940526864163723,0.2505
1,1784433205.69269,4688,-105.73,22.830000000000002,-2191.07,0.6891466533299261,0.7199404003156403,0.08223569904559674,-0.7033878483303606,0.6373581712423602,0.314674588061667,0.17413335414373712,-0.2747005306582963,0.9456305797882713,0.2441
1,1784433205.7525358,4691,-105.97,21.92,-2190.65,0.6904431120111857,0.7199862631722903,0.07005776130815598,-0.7004994192623663,0.6412867446063744,0.313132359881962,0.18052388398601685,-0.26527550213949314,0.9471219748666182,0.229
1,1784433205.8123822,4697,-106.4,19.98,-2189.61,0.690696498292234,0.7210544595978068,0.054943730679313116,-0.6979944938261308,0.6448841076309081,0.31133289950387627,0.18905563687774402,-0.25338696497492175,0.9487112374930258,0.22540000000000002
1,1784433205.8722737,4700,-106.65,19.05,-2189.36,0.6891424701607383,0.7230023853485671,0.04847892945433083,-0.6986215916744066,0.6451611419050849,0.3093460402559652,0.19238120351810456,-0.24705192117449493,0.9497130202208014,0.2223
1,1784433205.9320977,4703,-106.77,18.45,-2189.0,0.6882322155006307,0.7242575957073317,0.04227709317501415,-0.6976140958170836,0.6446643836357684,0.31263781887165826,0.19917577880958906,-0.2446605148603883,0.9489311047720186,0.223
1,1784433205.9919353,4706,-106.85000000000001,18.0,-2188.82,0.6888305849370592,0.7237953205651332,0.040407414954247545,-0.6963087908469231,0.6451070682702502,0.3146282540666976,0.20165934901353946,-0.244861602534531,0.9483545236669969,0.24630000000000002
1,1784433206.0517435,4709,-106.91,17.68,-2188.59,0.690287528250292,0.7224846251222979,0.03897556675655995,-0.6946273723799491,0.6466713596550735,0.31513325140706144,0.20247454625860992,-0.24460604870638683,0.9482467711801706,0.2469
1,1784433206.1116004,4715,-106.99000000000001,17.26,-2188.36,0.6943171331433369,0.7190521929375226,0.029793664684921364,-0.6886193570933418,0.6517624470662632,0.3178192782550315,0.20911025718498508,-0.24118386435650307,0.9476830925547282,0.23950000000000002
1,1784433206.1714234,4718,-107.01,17.080000000000002,-2188.13,0.6952704507894016,0.7181185070236565,0.0300800619882493,-0.687668739692106,0.6524497754321059,0.3184666308875474,0.20907105182060232,-0.24210555633588685,0.9474566981566587,0.23900000000000002
1,1784433206.231349,4721,-106.98,16.98,-2187.93,0.6960807646154066,0.7174383112579675,0.027456122664111775,-0.6860840121623905,0.6534174936757637,0.31989733855354296,0.2115662954905339,-0.2415115908146003,0.9470543036777844,0.23750000000000002
1,1784433206.2917187,4724,-106.94,16.88,-2187.81,0.6964419175031974,0.717175226949274,0.025066898386658078,-0.6850984441267212,0.6540852269424735,0.3206440982627921,0.21356211602158207,-0.24048328371400465,0.946868001811506,0.2446
1,1784433206.3515894,4727,-106.92,16.87,-2187.7200000000003,0.6990875641100119,0.7146919414592988,0.02218121998150258,-0.6819933746652564,0.6571398072382557,0.32101761736011186,0.2148525415707827,-0.2395468692260579,0.9468134361238062,0.2442
1,1784433206.4114337,4733,-107.07000000000001,17.52,-2187.53,0.7205196708444487,0.6933343819684576,-0.011782983774234963,-0.6519181216920725,0.6830751361034614,0.32925844111687913,0.23633486102495962,-0.22955564296626266,0.9441663202247039,0.248
1,1784433206.471064,4736,-107.12,18.17,-2187.52,0.7427633732280282,0.6681376378320389,-0.0435277877124999,-0.6188274834774773,0.7098600936542735,0.33637953732365894,0.2556464689446221,-0.22291420849593613,0.9407200107187987,0.20220000000000002
1,1784433206.5309317,4739,-107.06,18.14,-2187.4900000000002,0.7495287337819799,0.6602058198709966,-0.04832134770106282,-0.6109373289392693,0.7180041208301837,0.3335051162717383,0.2548769454927862,-0.22045035241373495,0.9415090996782385,0.2137
1,1784433206.5915842,4742,-106.99000000000001,18.05,-2187.51,0.754362873501458,0.6540486481410924,-0.05618737355876787,-0.6042908739614165,0.7253052558579139,0.3297951265131631,0.2564550540144812,-0.2148316822298222,0.94237898617315,0.2054
1,1784433206.652063,4745,-107.8,18.28,-2187.58,0.7719254629359146,0.625360457088791,-0.11426013469654488,-0.5633737158101214,0.7562151637834251,0.3327892462179394,0.2945184816025487,-0.19251733629391946,0.9360533848135069,0.2087
1,1784433206.7118883,4751,-110.71000000000001,20.25,-2187.9,0.7437966698872933,0.6261798953506192,-0.2338060147285788,-0.5067805531089513,0.7563926082292429,0.41357428982801675,0.4358210468244487,-0.18912683806073238,0.8799380968397671,0.2008
1,1784433206.771729,4754,-111.74000000000001,20.97,-2188.39,0.7306806596843791,0.6259034315083499,-0.27267318898137566,-0.48537109589022326,0.7571132347361138,0.43725787478528283,0.4801256844176579,-0.18714818784452783,0.8570034322854169,0.2218
1,1784433206.8166215,4757,-112.02,21.080000000000002,-2188.75,0.7274666200070288,0.6266808919350925,-0.2793982398995855,-0.4808184469627976,0.7560961446057234,0.4439957670661338,0.4894955953181119,-0.18865227217237057,0.8513544399181631,0.2034
1,1784433206.8771992,4760,-111.75,20.97,-2189.01,0.730801711019171,0.6277128909951232,-0.26815179591044475,-0.48511987782178395,0.7539907651137702,0.4428957329500126,0.4801953387046042,-0.19358319297319213,0.8555337422245101,0.2122
1,1784433206.937066,4763,-111.56,20.87,-2189.1,0.7326479428031942,0.6281847359760815,-0.26193688055122766,-0.4877391764531375,0.7530151578816392,0.44167710802497445,0.4746972589546546,-0.1958369461750021,0.8580853121070112,0.2029
1,1784433206.9821022,4766,-111.38,20.75,-2189.32,0.7346615131124336,0.6260694190664802,-0.2613609451718246,-0.4880484754732214,0.7553027963169906,0.4374087007182174,0.47125486388960913,-0.19379052707883998,0.8604441207160934,0.24700000000000003
1,1784433207.0421305,4769,-111.17,20.580000000000002,-2189.42,0.7399885024044178,0.6207711390846483,-0.2589598601884375,-0.4883114763157783,0.7605791507432802,0.4278682712622375,0.46256774466835887,-0.19016452964256686,0.8659494980991959,0.1892
1,1784433207.102478,4772,-111.01,20.51,-2189.4900000000002,0.7503395571712822,0.6051854323602635,-0.2659720688398033,-0.4775592225271935,0.7744542671867977,0.41491900054755604,0.45708613840634743,-0.18431272472371857,0.8701155564531025,0.1743
1,1784433207.1623523,4778,-111.01,20.41,-2189.43,0.7533119248858369,0.6015625060945227,-0.265788816706182,-0.4748490813665356,0.7771244438369895,0.41303262427610565,0.45501592691921483,-0.1849328257836528,0.8710685140662132,0.2061
1,1784433207.2220726,4781,-110.98,20.42,-2189.4500000000003,0.7533361915389147,0.6015043336421083,-0.26585168633545864,-0.4754594478788976,0.7774468976125449,0.4117215500982711,0.4543378654045221,-0.183763048522799,0.8716698033414201,0.21280000000000002
1,1784433207.2671318,4784,-110.99000000000001,20.42,-2189.39,0.752963902213477,0.6016401632236328,-0.266597966908403,-0.47512539591096015,0.7773345143867096,0.4123189431782532,0.4553034374171875,-0.18379381583562238,0.8711593500253983,0.198
1,1784433207.3270514,4787,-110.98,20.42,-2189.48,0.752881683516753,0.6017802792109486,-0.2665139136663846,-0.47488554151346996,0.7770720780300466,0.41308922523774944,0.455689470019265,-0.18444370712729272,0.8708200880863413,0.19360000000000002
1,1784433207.3874736,4790,-110.98,20.41,-2189.46,0.7529073393095712,0.6016201161717505,-0.2668028752305191,-0.4747323932397968,0.7772421278453358,0.41294531055730593,0.45580664016948824,-0.18424958757062251,0.870799860046761,0.2083
1,1784433207.4323852,4793,-110.98,20.42,-2189.5,0.7532273896446467,0.6015321876432937,-0.26609683710669035,-0.4749070785804127,0.7772483325982378,0.41273271761210867,0.4550953374880135,-0.18451031597808346,0.8711166265743863,0.20700000000000002
1,1784433207.4921815,4796,-110.98,20.41,-2189.48,0.7528952686129182,0.6016489296580301,-0.2667719624353885,-0.4750744709944699,0.7773432323836853,0.41236118400815613,0.45547004457988904,-0.18372823546921296,0.8710860887316265,0.2069
1,1784433207.5522053,4799,-110.98,20.42,-2189.5,0.7531776064436434,0.6016334213030785,-0.2660088711358639,-0.4752236810231849,0.7772509112728683,0.41236327906382514,0.4548471678999425,-0.18416907258453669,0.8713184300568612,0.1867
1,1784433207.6120408,4805,-110.98,20.41,-2189.51,0.7528952686129182,0.6016489296580301,-0.2667719624353885,-0.4750744709944699,0.7773432323836853,0.41236118400815613,0.45547004457988904,-0.18372823546921296,0.8710860887316265,0.1998
1,1784433207.672507,4808,-110.98,20.41,-2189.51,0.7533361915389147,0.6015043336421083,-0.26585168633545864,-0.4754594478788976,0.7774468976125449,0.4117215500982711,0.4543378654045221,-0.183763048522799,0.8716698033414201,0.18460000000000001
1,1784433207.7173617,4811,-110.97,20.41,-2189.4900000000002,0.7530606683411647,0.6016417742743608,-0.26632086896365736,-0.4747252902447668,0.777109490445818,0.41320302353814314,0.45556067499245406,-0.1847376932492133,0.870825158165162,0.19640000000000002
1,1784433207.7771719,4814,-110.98,20.41,-2189.48,0.7530606683411647,0.6016417742743608,-0.26632086896365736,-0.4747252902447668,0.777109490445818,0.41320302353814314,0.45556067499245406,-0.1847376932492133,0.870825158165162,0.18480000000000002
1,1784433207.8372028,4817,-110.98,20.400000000000002,-2189.52,0.7534365228101922,0.601573854709918,-0.2654096897725047,-0.47529272127450134,0.7772083995856793,0.4123638353650164,0.4543459422061189,-0.18454268054549766,0.8715008685353771,0.2154
1,1784433207.882247,4820,-110.97,20.41,-2189.52,0.7533282299397352,0.6014846998514212,-0.26591866015853627,-0.47551384296680393,0.7775042684925685,0.4115503585501751,0.45429413723138345,-0.1835844991290977,0.8717302154661791,0.2117
1,1784433207.9422376,4823,-110.98,20.41,-2189.53,0.7529718895342963,0.6016598537842148,-0.26653096239556906,-0.47507089071379144,0.7772770485301115,0.41249004669776385,0.4553471009763387,-0.18397230816803833,0.8710988505673556,0.21980000000000002
1,1784433208.0021408,4826,-110.98,20.41,-2189.53,0.7533884370852759,0.6015731418885907,-0.2655477693833911,-0.474845593899138,0.7770580950910471,0.41316144399985844,0.4548928718069565,-0.1851768662975014,0.8710809396189639,0.2033
1,1784433208.047946,4829,-110.98,20.400000000000002,-2189.5,0.7528466396005229,0.6016486353055758,-0.2669098291130143,-0.47462682041298804,0.777193287541953,0.41315853512227996,0.456016796386775,-0.1843624512601991,0.8706659336269412,0.19970000000000002
1,1784433208.1067877,4835,-110.97,20.400000000000002,-2189.4700000000003,0.7531453012565943,0.6016721070979242,-0.2660128394184346,-0.4746672363090958,0.7769854490238354,0.4135028739681427,0.45548125095309766,-0.1851601672757207,0.8707769763174887,0.1948
1,1784433208.1667514,4838,-110.97,20.42,-2189.4900000000002,0.7528546504525621,0.6016683373775588,-0.26684281344880684,-0.4745722335900346,0.7771356843094971,0.41332955771173135,0.4560603802100291,-0.1845408896969284,0.8706053007147097,0.21230000000000002
1,1784433208.2265925,4841,-110.98,20.400000000000002,-2189.4700000000003,0.7528170856688289,0.6017406234017288,-0.2667857898636838,-0.47454678377620385,0.7770369353026988,0.4135443763165567,0.45614886334699073,-0.1847209336363585,0.8705207585943946,0.1912
1,1784433208.28647,4844,-110.97,20.400000000000002,-2189.4900000000002,0.7528290449905732,0.6018284492358342,-0.26655383454186665,-0.4747253847060177,0.776965582128502,0.4134734493331366,0.45594324003575853,-0.1847349503426715,0.8706254992748522,0.1841
1,1784433208.3313189,4847,-110.98,20.400000000000002,-2189.5,0.7530109258758734,0.6017429492969207,-0.2662329214860622,-0.47504205456870496,0.7771121962020149,0.41283372064939794,0.4553126309501021,-0.18439646820241704,0.8710271813277536,0.20800000000000002
1,1784433208.3911831,4850,-110.98,20.41,-2189.54,0.7529233527641783,0.6016594957381376,-0.2666688509190352,-0.474623257971226,0.7771269492477161,0.41328739122518215,0.4558938339735774,-0.1846064894337892,0.8706786182075478,0.1963
1,1784433208.4523494,4853,-110.97,20.41,-2189.52,0.75324338191216,0.6015714117971005,-0.2659628622833936,-0.4747980950449545,0.7771331568065205,0.41307484253294174,0.45518257495999825,-0.18486723100748703,0.8709953675837836,0.19360000000000002
1,1784433208.4983304,4856,-110.97,20.400000000000002,-2189.4500000000003,0.7526956314938955,0.6017977227165447,-0.26699960161615727,-0.4743353747900884,0.7769390509723803,0.4139706068030479,0.45656898553532127,-0.184946511206127,0.8702525779564976,0.17980000000000002
1,1784433208.5571506,4862,-110.98,20.41,-2189.4500000000003,0.7527970066900125,0.6017497140508666,-0.26682194129842,-0.4749436628049173,0.7771959124171224,0.4127893299051775,0.4557687833540228,-0.18402118182920346,0.870867969762453,0.1912
1,1784433208.6172845,4865,-110.97,20.41,-2189.51,0.7531588131462346,0.601541042723424,-0.26627086979121695,-0.4748561191867934,0.777257045403808,0.41277494042274515,0.4552619776030207,-0.18444473234375314,0.8710434389051032,0.2225
1,1784433208.677416,4868,-110.97,20.400000000000002,-2189.52,0.7529663407110737,0.6018107026110111,-0.2662058751774958,-0.4748274557175863,0.7769481122724509,0.4133890638769232,0.45561011517847033,-0.1848661923097795,0.870772021764563,0.1962
1,1784433208.7372365,4871,-110.97,20.41,-2189.4900000000002,0.752881683516753,0.6017802792109486,-0.2665139136663846,-0.47488554151346996,0.7770720780300466,0.41308922523774944,0.455689470019265,-0.18444370712729272,0.8708200880863413,0.20070000000000002
1,1784433208.7828405,4874,-110.98,20.400000000000002,-2189.48,0.7532058708510667,0.6016435959206342,-0.2659058096453977,-0.4747727887942902,0.7770344018350878,0.41328965313116595,0.4552710348089126,-0.18504735029844602,0.8709108812108998,0.19940000000000002
1,1784433208.8426757,4877,-110.98,20.41,-2189.48,0.7532058708510667,0.6016435959206342,-0.2659058096453977,-0.4747727887942902,0.7770344018350878,0.41328965313116595,0.4552710348089126,-0.18504735029844602,0.8709108812108998,0.2013
1,1784433208.9024868,4880,-110.97,20.400000000000002,-2189.4700000000003,0.7531588131462346,0.601541042723424,-0.26627086979121695,-0.4748561191867934,0.777257045403808,0.41277494042274515,0.4552619776030207,-0.18444473234375314,0.8710434389051032,0.17420000000000002
1,1784433208.947367,4883,-110.98,20.41,-2189.4900000000002,0.7530526632261082,0.6016221290391376,-0.2663878755846086,-0.4747798284317792,0.7771670995996265,0.4130319767453782,0.4555170698473944,-0.18455924021928444,0.8708858053311723,0.1917
1,1784433209.0077171,4889,-110.97,20.400000000000002,-2189.4500000000003,0.7532485849612721,0.6017945933906456,-0.2654427181514476,-0.47497704453888084,0.7768555439770383,0.41339118393266455,0.45498722665032193,-0.18530712657080287,0.8710039566081896,0.1947
1,1784433209.067593,4892,-110.97,20.400000000000002,-2189.4700000000003,0.7528896933930614,0.6017999374059697,-0.2664468894933338,-0.47483098521711586,0.7770144775747696,0.4132602534928215,0.45573308532544027,-0.1846221464975936,0.8707594489653133,0.2056
1,1784433209.1274688,4895,-110.98,20.41,-2189.52,0.7532541034522715,0.6016441864827636,-0.2657678093821901,-0.475220153804476,0.7771847008490288,0.4124921165116441,0.45472415929920057,-0.18441316015322534,0.8713310078907648,0.18710000000000002
1,1784433209.1873415,4898,-110.98,20.41,-2189.4900000000002,0.7530606683411647,0.6016417742743608,-0.26632086896365736,-0.4747252902447668,0.777109490445818,0.41320302353814314,0.45556067499245406,-0.1847376932492133,0.870825158165162,0.2144
1,1784433209.2322419,4901,-110.98,20.400000000000002,-2189.48,0.7529423168166353,0.6017517848649907,-0.2664069386457414,-0.4749910759626046,0.7771209195489766,0.41287595492501195,0.45547924793856964,-0.18433085962787488,0.87095395336732,0.2031
1,1784433209.2923129,4904,-110.97,20.41,-2189.53,0.7534969582939441,0.6015454181956511,-0.26530255123084184,-0.47539801602739923,0.7772572094581567,0.4121504054377866,0.4541355086303943,-0.1844297703548384,0.8716344414993449,0.2076
1,1784433209.3522556,4907,-110.98,20.41,-2189.4900000000002,0.7528251083257167,0.6017603007725092,-0.2667187595362428,-0.4744921740372069,0.7769792591576986,0.4137153702924254,0.45619242984931024,-0.1848993543875503,0.870460048305061,0.23340000000000002
1,1784433209.3971875,4910,-110.97,20.41,-2189.51,0.7532824309955785,0.601654233454242,-0.26566475588602234,-0.47476930042638793,0.7769680049893087,0.41341846910312474,0.4551479875008013,-0.18529139912451834,0.8709233071197765,0.24250000000000002
1,1784433209.457042,4916,-110.96000000000001,20.41,-2189.4500000000003,0.7527914831992517,0.6019007038163503,-0.2664967646483781,-0.4746999499871637,0.7768667768221289,0.4136882504400877,0.45603173168635436,-0.18491499078057108,0.8705409271710125,0.17320000000000002
1,1784433209.516885,4919,-110.98,20.400000000000002,-2189.5,0.7531776064436434,0.6016334213030785,-0.2660088711358639,-0.4752236810231849,0.7772509112728683,0.41236327906382514,0.4548471678999425,-0.18416907258453669,0.8713184300568612,0.193
1,1784433209.5767403,4922,-110.98,20.41,-2189.53,0.7536368185708978,0.6013239264992606,-0.26540738707475287,-0.4752663574691955,0.7774595069511727,0.4119206288949395,0.4540412262694862,-0.18429935016367097,0.8717111415927585,0.1995
1,1784433209.6365998,4925,-110.97,20.400000000000002,-2189.4500000000003,0.7529583283239045,0.6017910766729785,-0.2662728973148572,-0.4748820017624188,0.7770057465085944,0.4132180469131762,0.4555665047057226,-0.18468776334505563,0.870832699122404,0.2026
1,1784433209.6814842,4928,-110.97,20.400000000000002,-2189.53,0.752783459604907,0.6018810513842758,-0.266563806488851,-0.47475454541808315,0.776924448209854,0.41351725886434626,0.4559881407998855,-0.18473657395971216,0.8706016389207473,0.2242
1,1784433209.7413242,4931,-110.97,20.41,-2189.52,0.7533884370852759,0.6015731418885907,-0.2655477693833911,-0.474845593899138,0.7770580950910471,0.41316144399985844,0.4548928718069565,-0.1851768662975014,0.8710809396189639,0.1938
1,1784433209.801167,4934,-110.98,20.41,-2189.5,0.7532780823282886,0.6017029110288773,-0.26556682312214913,-0.47505677910261784,0.7770119932490345,0.41300534981499804,0.45485512782913906,-0.18494855827104295,0.8711491511107613,0.20450000000000002
1,1784433209.8470438,4937,-110.97,20.41,-2189.48,0.7533545577550398,0.6017135155121198,-0.2653257536684936,-0.4750533035819386,0.7769456494986079,0.41313413860521486,0.4547320849308907,-0.1851926104768554,0.8711615395316605,0.20900000000000002
1,1784433209.9059203,4943,-110.98,20.41,-2189.48,0.7528736780644831,0.6017606077043254,-0.26658093685216433,-0.4749400918464001,0.7771296466712645,0.41291817763514405,0.4556458427711041,-0.18426525250278827,0.8708806937149851,0.192
1,1784433209.965759,4946,-110.98,20.400000000000002,-2189.48,0.7530404915380519,0.6016510556808966,-0.26635695091773337,-0.4751218263362672,0.7772683323374309,0.4124478023753784,0.45518047875872175,-0.18403789485715125,0.8711720754325916,0.2257
1,1784433210.0255675,4949,-110.97,20.400000000000002,-2189.46,0.7528075436587777,0.6019399687333068,-0.26636267803839053,-0.4745907412776155,0.776751338659555,0.4140301754512014,0.4561188776010056,-0.18527177856310106,0.8704194032557317,0.2068
1,1784433210.0854065,4952,-110.97,20.400000000000002,-2189.46,0.7530632592098412,0.6018119742617203,-0.2659287033463326,-0.4744270556892017,0.7767219975126839,0.41427274519328605,0.4558669723267155,-0.1858098119452164,0.8704366819743735,0.1928
1,1784433210.1303363,4955,-110.97,20.41,-2189.5,0.7530606683411647,0.6016417742743608,-0.26632086896365736,-0.4747252902447668,0.777109490445818,0.41320302353814314,0.45556067499245406,-0.1847376932492133,0.870825158165162,0.2064
1,1784433210.1907701,4958,-110.98,20.400000000000002,-2189.5,0.7531776064436434,0.6016334213030785,-0.2660088711358639,-0.4752236810231849,0.7772509112728683,0.41236327906382514,0.4548471678999425,-0.18416907258453669,0.8713184300568612,0.1961
1,1784433210.2506113,4961,-110.98,20.400000000000002,-2189.5,0.7529705206233607,0.6017621560012132,-0.26630377893855833,-0.47453971997730443,0.7769040665580903,0.41380203664235826,0.4559028945247513,-0.18520901427920197,0.8705459044724061,0.1925
1,1784433210.2954967,4964,-110.97,20.400000000000002,-2189.48,0.7530080527133752,0.6016899298063945,-0.2663608471949035,-0.4745651501874412,0.7770029081712411,0.41358723254109914,0.45581442580987047,-0.18502894114978347,0.8706305187394984,0.1923
1,1784433210.356029,4970,-110.97,20.400000000000002,-2189.48,0.7527995112175128,0.6019203429326543,-0.26642972183018515,-0.4746453486057224,0.7768090736365091,0.41385922263849667,0.4560753106205446,-0.18509339231810618,0.8704801819470386,0.1923
1,1784433210.4159,4973,-110.97,20.400000000000002,-2189.46,0.752736311511867,0.6017782152006543,-0.2669288763723861,-0.4748381070985057,0.7771471122379512,0.41300258835426396,0.45597896593880044,-0.1841340426160478,0.87073407936709,0.21300000000000002
1,1784433210.4757416,4976,-110.98,20.41,-2189.53,0.7530955091031606,0.6017733170110448,-0.26592485611949845,-0.47498401833423864,0.7769882957084417,0.41313359904412367,0.455233277008295,-0.1848190013651618,0.8709791043639757,0.2033
1,1784433210.535549,4979,-110.98,20.400000000000002,-2189.4900000000002,0.7527995112175128,0.6019203429326543,-0.26642972183018515,-0.4746453486057224,0.7768090736365091,0.41385922263849667,0.4560753106205446,-0.18509339231810618,0.8704801819470386,0.1902
1,1784433210.5804393,4982,-110.97,20.41,-2189.53,0.753396440438591,0.6015926828131835,-0.2654807855949215,-0.47479111965935195,0.7770004237327842,0.4133324741799179,0.4549364749358742,-0.18535529532416886,0.8710202169113014,0.19
1,1784433210.6400566,4985,-110.98,20.400000000000002,-2189.52,0.7531640549363688,0.601764418080179,-0.26575080711905585,-0.47503501835334005,0.7769795759763982,0.4130913577570681,0.4550666299453828,-0.18488462253026808,0.8710522594322295,0.2094
1,1784433210.6998963,4988,-110.97,20.400000000000002,-2189.51,0.7532353835695669,0.6015518063719453,-0.26602985018500724,-0.4748525897960345,0.7771907606103494,0.41290378974514846,0.45513896218935895,-0.18468878112261283,0.8710560138272608,0.2083
1,1784433210.7457554,4991,-110.98,20.39,-2189.53,0.7533305713496434,0.6016548877274234,-0.2655267337646465,-0.47521664753412335,0.777118458443823,0.4126209391830776,0.45460113085698406,-0.1846572436152932,0.8713435110241848,0.1907
1,1784433210.8045847,4997,-110.98,20.400000000000002,-2189.51,0.7532620919932087,0.6016637746350941,-0.26570081493639724,-0.4751657015470625,0.7771271634677224,0.4126632136184422,0.4547678274013047,-0.1845916414479887,0.8712704224683829,0.19840000000000002
1,1784433210.864436,5000,-110.97,20.400000000000002,-2189.52,0.7532459656534677,0.6017413664683187,-0.2655707873762012,-0.4745001409008803,0.7767457003029773,0.41414458024448647,0.45548889285230604,-0.18593935823724306,0.8706069282670007,0.18860000000000002
1,1784433210.9245434,5003,-110.97,20.400000000000002,-2189.52,0.7526380004161478,0.6018790425845879,-0.26697876025452305,-0.4747070532028005,0.7769995752506978,0.4134306153391986,0.45627760625423636,-0.18442689109155047,0.8705156333307341,0.2053
1,1784433210.9841626,5006,-110.98,20.400000000000002,-2189.51,0.7530269335631387,0.6017822032083242,-0.26609888618750605,-0.4749330128026956,0.7769970192194962,0.4131758287632186,0.45539990193087515,-0.1847533816355012,0.8709059175913297,0.2034
1,1784433211.0290515,5009,-110.97,20.400000000000002,-2189.51,0.7531250441291536,0.601681510263746,-0.26604892052439977,-0.47506379300419754,0.7771445848483262,0.41274772781614205,0.45510115412062585,-0.1844604414167462,0.8711241502050174,0.19920000000000002
1,1784433211.0886593,5012,-110.97,20.41,-2189.4900000000002,0.7527036668343622,0.6018174113413989,-0.2669325632822698,-0.4742807207666114,0.7768813151937951,0.41414154586549606,0.45661251389247876,-0.1851248916518161,0.8701918102623664,0.196
1,1784433211.1497872,5015,-110.97,20.400000000000002,-2189.5,0.753318179548399,0.6016840501348037,-0.2654958082065803,-0.47555821863408704,0.7772195793958089,0.41203653490118536,0.4542643515085243,-0.1841358987736528,0.871629433722473,0.20020000000000002
1,1784433211.1947718,5018,-110.98,20.41,-2189.52,0.7529503203587882,0.6017714374243436,-0.26633991847231153,-0.47493654184537587,0.7770633489362864,0.4130470105930786,0.4555228822919368,-0.18450931911467938,0.8708933429922883,0.2126
1,1784433211.2552705,5024,-110.98,20.400000000000002,-2189.4900000000002,0.7530564756367247,0.6016903589866477,-0.26622294492420023,-0.4750128304558033,0.7771533012030991,0.4127899675761163,0.45526778428081327,-0.18439484356034425,0.8710509665136678,0.2023
1,1784433211.315288,5027,-110.97,20.41,-2189.52,0.7531372892147248,0.6016525074268895,-0.2660798449737079,-0.47472177019823086,0.777043123768903,0.41333185783740783,0.45543766257760654,-0.18498173993776193,0.8708376952081509,0.22190000000000001
1,1784433211.375322,5030,-110.97,20.41,-2189.5,0.7531613385920758,0.6017112665171411,-0.26587882540084007,-0.47455815067324186,0.7768700041409271,0.4138448480960811,0.45556839187962234,-0.18551697607608225,0.8706554381084409,0.2028
1,1784433211.4351318,5033,-110.98,20.400000000000002,-2189.51,0.7532379378636805,0.6017218389718271,-0.2656377937478639,-0.4745546823763908,0.7768035041845843,0.4139736336062883,0.45544534512662765,-0.1857609872683527,0.8706677857894904,0.1827
1,1784433211.4799688,5036,-110.99000000000001,20.400000000000002,-2189.55,0.7532577207540606,0.6017124749055413,-0.2656029059845659,-0.4754529193005084,0.7771708153861954,0.41224997906680444,0.45447478219701254,-0.18424880258771,0.8714958698077537,0.22840000000000002
1,1784433211.540021,5039,-110.97,20.41,-2189.58,0.753270084952184,0.6016833494837592,-0.26563381951501197,-0.47511124331182675,0.7770695942655418,0.4128342913890224,0.4548114835784377,-0.18477010749033684,0.871209803539417,0.2021
1,1784433211.5998902,5042,-110.97,20.41,-2189.54,0.7526661047385201,0.6018896981031163,-0.2668754879997081,-0.4742551398101659,0.7767823921783699,0.4143563412876518,0.45670099314691975,-0.18530490149747392,0.8701070602745553,0.1841
1,1784433211.6452098,5045,-110.97,20.400000000000002,-2189.5,0.7532620919932087,0.6016637746350941,-0.26570081493639724,-0.4751657015470625,0.7771271634677224,0.4126632136184422,0.4547678274013047,-0.1845916414479887,0.8712704224683829,0.21150000000000002
1,1784433211.705228,5051,-110.97,20.41,-2189.52,0.7531017992426989,0.6018947710002281,-0.2656320097804337,-0.4756933133249667,0.7770833536288881,0.4121375173055654,0.454481629590597,-0.1840221349606158,0.8715401896695368,0.24630000000000002
1,1784433211.7653508,5054,-110.97,20.41,-2189.54,0.7534365228101922,0.601573854709918,-0.2654096897725047,-0.47529272127450134,0.7772083995856793,0.4123638353650164,0.4543459422061189,-0.18454268054549766,0.8715008685353771,0.21730000000000002
1,1784433211.8256218,5057,-110.97,20.41,-2189.4700000000003,0.7531250441291536,0.601681510263746,-0.26604892052439977,-0.47506379300419754,0.7771445848483262,0.41274772781614205,0.45510115412062585,-0.1844604414167462,0.8711241502050174,0.18660000000000002
1,1784433211.8855734,5060,-110.97,20.400000000000002,-2189.5,0.7531855924704013,0.6016530417106465,-0.26594187465560554,-0.47516921851920235,0.7771934076844444,0.41253438744387294,0.4548908408254239,-0.18434756426969176,0.8712578828802473,0.2192
1,1784433211.9454453,5063,-110.98,20.400000000000002,-2189.52,0.752783459604907,0.6018810513842758,-0.266563806488851,-0.47475454541808315,0.776924448209854,0.41351725886434626,0.4559881407998855,-0.18473657395971216,0.8706016389207473,0.2295
1,1784433212.005603,5069,-110.98,20.41,-2189.52,0.7533830206537492,0.6017233157688041,-0.26522269030161905,-0.47460232370905786,0.7767282480351797,0.4140602166764672,0.455155642083667,-0.18607063165474652,0.8707531576256319,0.1837
1,1784433212.0653656,5072,-110.98,20.400000000000002,-2189.52,0.7529528826676067,0.6019416838734605,-0.26594767473720143,-0.47463834977924074,0.7766760797828482,0.4141167758156942,0.45582934679700093,-0.1855814546465505,0.8705051006685084,0.17350000000000002
1,1784433212.1113148,5075,-110.97,20.400000000000002,-2189.52,0.7528896933930614,0.6017999374059697,-0.2664468894933338,-0.47483098521711586,0.7770144775747696,0.4132602534928215,0.45573308532544027,-0.1846221464975936,0.8707594489653133,0.23170000000000002
1,1784433212.170627,5078,-110.98,20.400000000000002,-2189.4700000000003,0.753224573507598,0.6018524836220657,-0.26537959571573777,-0.4743655885199584,0.7765308934134305,0.41470116952168457,0.455664383392438,-0.1864761634431883,0.870400258602385,0.20040000000000002
1,1784433212.2305536,5081,-110.98,20.400000000000002,-2189.55,0.7532015777830721,0.6016922426119,-0.2658078787503357,-0.4750602755769836,0.7770783050347136,0.41287654621338926,0.4549781508971735,-0.18470450190788237,0.8711366880008843,0.196
1,1784433212.290342,5084,-110.98,20.400000000000002,-2189.48,0.7533225382958075,0.6017518427343473,-0.2653297440193591,-0.4744967038439139,0.7766791346443177,0.4142733395349194,0.4553658214412039,-0.18618335471779113,0.8706191630610979,0.1835
1,1784433212.3503242,5087,-110.97,20.400000000000002,-2189.5,0.7528656770371634,0.6017409228859877,-0.26664795904655514,-0.4749946362120534,0.7771871834918775,0.41274711069339026,0.4556022035824152,-0.18408678263330736,0.8709412658443535,0.2124
1,1784433212.3955398,5090,-110.98,20.400000000000002,-2189.52,0.7533225847138948,0.6016353185271249,-0.265593725190829,-0.47527108356306424,0.7771759977906616,0.41244983402455176,0.4545574556519424,-0.18447875747319617,0.8714041011794574,0.1877
1,1784433212.4553506,5096,-110.98,20.400000000000002,-2189.52,0.7532485849612721,0.6017945933906456,-0.2654427181514476,-0.47497704453888084,0.7768555439770383,0.41339118393266455,0.45498722665032193,-0.18530712657080287,0.8710039566081896,0.1917
1,1784433212.5151906,5099,-110.98,20.41,-2189.48,0.7529785482910155,0.6017817688529501,-0.2662367527028706,-0.4744851307584625,0.7768463228615221,0.4139730079916523,0.4559464513544104,-0.18538741417028926,0.8704851177157332,0.2079
1,1784433212.5750332,5102,-110.99000000000001,20.39,-2189.52,0.7532095770671671,0.6017118231058186,-0.26574087933355517,-0.47500579514644586,0.7770207059864964,0.41304759658608237,0.4550217880405198,-0.18488294784246187,0.8710760403119177,0.22290000000000001
1,1784433212.6349015,5105,-110.99000000000001,20.39,-2189.4900000000002,0.7536996336996337,0.6014652014652014,-0.2649084249084249,-0.47507466276613036,0.7771220542824638,0.41277763692507713,0.45413756391503834,-0.18525907312255432,0.8714574854042431,0.20420000000000002
1,1784433212.6947188,5108,-110.99000000000001,20.39,-2189.52,0.752881683516753,0.6017802792109486,-0.2665139136663846,-0.47488554151346996,0.7770720780300466,0.41308922523774944,0.455689470019265,-0.18444370712729272,0.8708200880863413,0.1983
1,1784433212.7545812,5114,-110.98,20.400000000000002,-2189.56,0.7532824309955785,0.601654233454242,-0.26566475588602234,-0.47476930042638793,0.7769680049893087,0.41341846910312474,0.4551479875008013,-0.18529139912451834,0.8709233071197765,0.2046
1,1784433212.8144057,5117,-110.99000000000001,20.39,-2189.5,0.7534569187147707,0.6015641917761555,-0.26537368900014185,-0.4748965854140863,0.7770493877078979,0.4131192106702643,0.4547261866254073,-0.1852424687685885,0.8711540179334729,0.2058
1,1784433212.8742447,5120,-110.98,20.400000000000002,-2189.5,0.7534150036880843,0.6016850486776325,-0.26521865397343125,-0.47515873045402296,0.7769945791141004,0.41292082158765375,0.45452174105426996,-0.18507978340460854,0.8712952775517024,0.1807
1,1784433212.9340847,5123,-110.98,20.400000000000002,-2189.5,0.7529663407110737,0.6018107026110111,-0.2662058751774958,-0.4748274557175863,0.7769481122724509,0.4133890638769232,0.45561011517847033,-0.1848661923097795,0.870772021764563,0.2073
1,1784433212.993926,5126,-110.98,20.400000000000002,-2189.53,0.7532299144876352,0.6017022981689375,-0.2657047991647292,-0.47460921790733945,0.7768612762851644,0.41380266756748824,0.4554017854579993,-0.18558260098081555,0.8707286098520377,0.2429
1,1784433213.0537987,5132,-110.98,20.400000000000002,-2189.4900000000002,0.7531855924704013,0.6016530417106465,-0.26594187465560554,-0.47516921851920235,0.7771934076844444,0.41253438744387294,0.4548908408254239,-0.18434756426969176,0.8712578828802473,0.18680000000000002
1,1784433213.1136389,5135,-110.97,20.400000000000002,-2189.46,0.7530349440386929,0.6018018101993923,-0.2660318670711789,-0.47487848297149376,0.7769393830108704,0.4133468537891403,0.45544351951403966,-0.18493181545483955,0.8708452354840335,0.2144
1,1784433213.1734748,5138,-110.98,20.400000000000002,-2189.4900000000002,0.7531613385920758,0.6017112665171411,-0.26587882540084007,-0.47455815067324186,0.7768700041409271,0.4138448480960811,0.45556839187962234,-0.18551697607608225,0.8706554381084409,0.2548
1,1784433213.2334092,5141,-110.97,20.41,-2189.5,0.7533830206537492,0.6017233157688041,-0.26522269030161905,-0.47460232370905786,0.7767282480351797,0.4140602166764672,0.455155642083667,-0.18607063165474652,0.8707531576256319,0.1748
1,1784433213.2939174,5144,-110.98,20.400000000000002,-2189.53,0.7535413740946147,0.601594221681014,-0.265065633320532,-0.4748386818539861,0.7769253017107246,0.41341903896273113,0.45464670211359576,-0.18566493476613805,0.8711055666539601,0.1738
1,1784433213.3537862,5150,-110.98,20.400000000000002,-2189.51,0.7536017904064161,0.6015657374247029,-0.2649584968498231,-0.4749441263161845,0.7769743070173881,0.4132057636488213,0.4544363743958007,-0.18555212149561334,0.8712393424510149,0.20900000000000002
1,1784433213.4133956,5153,-110.98,20.400000000000002,-2189.51,0.7532361726206094,0.6018237498530448,-0.2654118353967571,-0.47531889969335805,0.7769571121798733,0.41280696387949567,0.45465064813563283,-0.18478587593734427,0.8712904040582092,0.1772
1,1784433213.4732287,5156,-110.97,20.39,-2189.5,0.7526595769682748,0.6017672582055881,-0.2671698488783238,-0.4748416994786584,0.7772133815841974,0.41287373363133184,0.4561018763764919,-0.1838899846054309,0.8707212825741986,0.2136
1,1784433213.5330646,5159,-110.97,20.41,-2189.4900000000002,0.7530712982131965,0.6018315282310878,-0.26586167725816406,-0.47437246485514944,0.7766641564880815,0.41444366639376545,0.4559105004216735,-0.1859881707359104,0.8703757900766593,0.2021
1,1784433213.5929098,5162,-110.99000000000001,20.400000000000002,-2189.52,0.7528601548644274,0.6018918183489905,-0.26632278577330915,-0.474751015006589,0.7768580348068129,0.41364606550323874,0.45586517849877883,-0.18498062806856855,0.8706142120776768,0.20850000000000002
1,1784433213.6527169,5168,-110.98,20.400000000000002,-2189.59,0.753172061590654,0.6017839871729331,-0.26568379405137105,-0.47498052095701376,0.7769219358254366,0.41326239890009364,0.4551102617505872,-0.1850630660491266,0.8709915678316345,0.20470000000000002
1,1784433213.7126634,5171,-110.98,20.41,-2189.53,0.7532485849612721,0.6017945933906456,-0.2654427181514476,-0.47497704453888084,0.7768555439770383,0.41339118393266455,0.45498722665032193,-0.18530712657080287,0.8710039566081896,0.1773
1,1784433213.7731612,5174,-110.98,20.400000000000002,-2189.5,0.7533890157808605,0.6018448967549409,-0.26492963433859273,-0.4753119729763855,0.7768244702728988,0.4130644873751864,0.4544045766121218,-0.18527402040022847,0.8713151083957478,0.21150000000000002
1,1784433213.8330076,5177,-110.97,20.400000000000002,-2189.54,0.7532646165311089,0.6018336271392779,-0.265308693273745,-0.4748680523678862,0.7767401007333238,0.4137331854627042,0.45507444481378206,-0.18566394684258586,0.8708823964923514,0.2106
1,1784433213.892841,5180,-110.98,20.400000000000002,-2189.4700000000003,0.7533385624023562,0.6016744436249422,-0.2654597413661201,-0.47516220552505656,0.7770608872751689,0.4127920250049544,0.4546447941394633,-0.18483571450275313,0.871282887359864,0.2079
1,1784433213.9526813,5186,-110.98,20.39,-2189.4700000000003,0.7530847102053819,0.6017006301278135,-0.26611984322606974,-0.4745616399438709,0.7769364721389261,0.41371604773576703,0.4556914187788264,-0.18527296069343654,0.8706430157574507,0.1864
1,1784433214.0122926,5189,-110.97,20.400000000000002,-2189.5,0.753172061590654,0.6017839871729331,-0.26568379405137105,-0.47498052095701376,0.7769219358254366,0.41326239890009364,0.4551102617505872,-0.1850630660491266,0.8709915678316345,0.2036
1,1784433214.0720978,5192,-110.98,20.400000000000002,-2189.53,0.7534285454394617,0.6015542930683894,-0.2654766645262203,-0.47534712410176394,0.7772658997898075,0.41219271297795057,0.4543022545895622,-0.18436418718105524,0.8715614194994576,0.2
1,1784433214.1321867,5195,-110.98,20.39,-2189.53,0.753559800276638,0.6016866078256667,-0.2648034240153927,-0.47520625442158443,0.7769195394131447,0.41300731838149757,0.45423192662520095,-0.1853894690679857,0.8713805721916508,0.20140000000000002
1,1784433214.1770175,5198,-110.98,20.39,-2189.48,0.7527713172528478,0.6019098862408113,-0.2665329862643387,-0.47509677619375396,0.7770258694080818,0.41293322888926837,0.4556516182037705,-0.18421532812496486,0.8708882337660195,0.20720000000000002
1,1784433214.237363,5201,-110.97,20.400000000000002,-2189.4900000000002,0.7531533177160149,0.6016916934613009,-0.2659458328927735,-0.47461269646614856,0.7769277424789898,0.41367387072382494,0.4555248273875868,-0.18533857932489964,0.8707162239486163,0.22030000000000002
1,1784433214.2972288,5204,-110.98,20.400000000000002,-2189.4700000000003,0.7534070101259971,0.6016655250344916,-0.2652856443118906,-0.47521316221296744,0.7770521840645604,0.4127497470623671,0.45447808258766154,-0.18490132294136152,0.8713559394541227,0.2018
1,1784433214.342189,5207,-110.98,20.400000000000002,-2189.46,0.7527754404353916,0.6018613856363143,-0.2666308473474853,-0.4748091348946251,0.7769820877931273,0.4133462479196474,0.45594453796259027,-0.18455814186474878,0.8706623171893403,0.2086
1,1784433214.4021156,5213,-110.98,20.400000000000002,-2189.46,0.7531776064436434,0.6016334213030785,-0.2660088711358639,-0.4752236810231849,0.7772509112728683,0.41236327906382514,0.4548471678999425,-0.18416907258453669,0.8713184300568612,0.2116
1,1784433214.462159,5216,-110.98,20.41,-2189.52,0.7536416664415349,0.6015471350517626,-0.2648873022895639,-0.47544542913753046,0.777182334041049,0.41223690223794474,0.45384565935508936,-0.18473944886115634,0.8717198251267549,0.1998
1,1784433214.522307,5219,-110.98,20.400000000000002,-2189.5,0.7532770412386082,0.6018044538643037,-0.26533959081127606,-0.47452584410509674,0.7766379454650765,0.41431717915158944,0.45541071838413466,-0.18618512554141392,0.8705953001297299,0.18810000000000002
1,1784433214.583167,5222,-110.98,20.39,-2189.4900000000002,0.7533064821368012,0.6017128389389476,-0.26546375162479185,-0.47460576032136614,0.7767947781347775,0.41393144955695205,0.4552787236852333,-0.18582661843388765,0.8707409210786933,0.19060000000000002
1,1784433214.6435614,5225,-110.98,20.400000000000002,-2189.5,0.7532620919932087,0.6016637746350941,-0.26570081493639724,-0.4751657015470625,0.7771271634677224,0.4126632136184422,0.4547678274013047,-0.1845916414479887,0.8712704224683829,0.2049
1,1784433214.7037597,5231,-110.97,20.400000000000002,-2189.46,0.7531880881520651,0.6018230854350927,-0.265549765021968,-0.4748715082733913,0.7768065601159012,0.4136044230796562,0.455197489553701,-0.18541990723297755,0.8708700841719862,0.1796
1,1784433214.7634833,5234,-110.98,20.400000000000002,-2189.4900000000002,0.7529448496392256,0.6019221092776471,-0.2660147134361414,-0.47469293064453966,0.7767338505009493,0.41394582626482335,0.45578577752916166,-0.185403074000183,0.870565922347883,0.1996
1,1784433214.808495,5237,-110.97,20.400000000000002,-2189.48,0.7528050096270241,0.601769417815891,-0.2667549160971164,-0.47488910222379815,0.7771383775679118,0.4129603887786193,0.45581241544031126,-0.18419964683092394,0.870807402378868,0.24580000000000002
1,1784433214.868484,5240,-110.98,20.39,-2189.53,0.753559800276638,0.6016866078256667,-0.2648034240153927,-0.47520625442158443,0.7769195394131447,0.41300731838149757,0.45423192662520095,-0.1853894690679857,0.8713805721916508,0.1986
1,1784433214.9294808,5243,-110.97,20.400000000000002,-2189.53,0.7529865803780819,0.6018013683918633,-0.266169725498982,-0.4744305355971668,0.7767885473757487,0.41414395994492026,0.45598999623183395,-0.1855657987549299,0.8704242974945822,0.1857
1,1784433214.97447,5246,-110.98,20.400000000000002,-2189.52,0.7531757033952796,0.6018522049247398,-0.26551889432252224,-0.4752134682291554,0.7769082284249333,0.4130202951662897,0.45486098912595624,-0.18489869667701983,0.8711566750811797,0.2194
1,1784433215.0344577,5249,-110.98,20.400000000000002,-2189.48,0.7531800726628564,0.6018035429578635,-0.26561678001763656,-0.474926017595747,0.7768642638697517,0.41343342067708205,0.4551538816205118,-0.1852414942864362,0.8709308427425851,0.2364
1,1784433215.094121,5252,-110.98,20.400000000000002,-2189.52,0.7529663407110737,0.6018107026110111,-0.2662058751774958,-0.4748274557175863,0.7769481122724509,0.4133890638769232,0.45561011517847033,-0.1848661923097795,0.870772021764563,0.2015
1,1784433215.154395,5258,-110.97,20.400000000000002,-2189.5,0.7531613385920758,0.6017112665171411,-0.26587882540084007,-0.47455815067324186,0.7768700041409271,0.4138448480960811,0.45556839187962234,-0.18551697607608225,0.8706554381084409,0.1797
1,1784433215.2134323,5261,-110.97,20.400000000000002,-2189.4700000000003,0.7532095770671671,0.6017118231058186,-0.26574087933355517,-0.47500579514644586,0.7770207059864964,0.41304759658608237,0.4550217880405198,-0.18488294784246187,0.8710760403119177,0.25
1,1784433215.261199,5264,-110.98,20.400000000000002,-2189.52,0.7535074212141268,0.6017345326672457,-0.26484357339940784,-0.4750464154049677,0.7768128661328294,0.4133916716884722,0.45448593970124873,-0.18568070229894648,0.8711860922946616,0.18530000000000002
1,1784433215.3174105,5267,-110.98,20.400000000000002,-2189.54,0.753228178717653,0.601804199934338,-0.2654788423341466,-0.47537334359917005,0.7770146766246431,0.4126358885327922,0.4546069675896232,-0.1846074138578754,0.8713510244256757,0.22160000000000002
1,1784433215.3813455,5270,-110.98,20.400000000000002,-2189.48,0.7531696248378151,0.6016137875907305,-0.26607586662905003,-0.47527813754395076,0.7773083830282761,0.4121921513647733,0.45480348305000706,-0.18399056566765068,0.8713789437155799,0.2005
1,1784433215.4418473,5273,-110.97,20.400000000000002,-2189.51,0.7530269335631387,0.6017822032083242,-0.26609888618750605,-0.4749330128026956,0.7769970192194962,0.4131758287632186,0.45539990193087515,-0.1847533816355012,0.8709059175913297,0.2093
1,1784433215.4924512,5276,-110.98,20.400000000000002,-2189.5,0.7530766918317124,0.601681024818581,-0.26618685278027165,-0.4746161959969596,0.7769941767089119,0.4135450590417152,0.4556478494596233,-0.18509455349550985,0.8707037633713997,0.2127
1,1784433215.5466027,5279,-110.98,20.400000000000002,-2189.4900000000002,0.7530820368488457,0.6019041988584697,-0.26566667305504715,-0.4747950980288991,0.7767163774697474,0.41386143074464005,0.4554525888205287,-0.1855343751621685,0.8707123146997875,0.2028
1,1784433215.5923479,5282,-110.98,20.39,-2189.5,0.7528075436587777,0.6019399687333068,-0.26636267803839053,-0.4745907412776155,0.776751338659555,0.4140301754512014,0.4561188776010056,-0.18527177856310106,0.8704194032557317,0.2011
1,1784433215.650567,5288,-110.98,20.400000000000002,-2189.4700000000003,0.7531372892147248,0.6016525074268895,-0.2660798449737079,-0.47472177019823086,0.777043123768903,0.41333185783740783,0.45543766257760654,-0.18498173993776193,0.8708376952081509,0.1955
1,1784433215.7122068,5291,-110.98,20.400000000000002,-2189.4700000000003,0.752881683516753,0.6017802792109486,-0.2665139136663846,-0.47488554151346996,0.7770720780300466,0.41308922523774944,0.455689470019265,-0.18444370712729272,0.8708200880863413,0.2061
1,1784433215.7570868,5294,-110.98,20.39,-2189.5,0.7526099569531725,0.6018682908852452,-0.2670820344422627,-0.47515850324863457,0.7772158250897989,0.4125044945458177,0.4558537588804785,-0.1835486901529322,0.8709232049140048,0.225
1,1784433215.8119402,5297,-110.98,20.400000000000002,-2189.53,0.7533126087644564,0.6018343552749602,-0.2651707417632299,-0.4753154258627069,0.7768908072039519,0.41293573303717024,0.454527622277725,-0.18502995025877436,0.871302793576259,0.2354
1,1784433215.859812,5300,-110.98,20.39,-2189.4900000000002,0.7530564756367247,0.6016903589866477,-0.26622294492420023,-0.4750128304558033,0.7771533012030991,0.4127899675761163,0.45526778428081327,-0.18439484356034425,0.8710509665136678,0.19790000000000002
1,1784433215.9084306,5303,-110.98,20.400000000000002,-2189.4900000000002,0.7529663407110737,0.6018107026110111,-0.2662058751774958,-0.4748274557175863,0.7769481122724509,0.4133890638769232,0.45561011517847033,-0.1848661923097795,0.870772021764563,0.2016
1,1784433215.9672403,5306,-110.98,20.400000000000002,-2189.52,0.7528399479886195,0.6019010697617992,-0.2663589963415809,-0.4751477634676361,0.7770171387319861,0.41289098923137196,0.455485033326229,-0.18428094946672932,0.8709614894353509,0.21450000000000002
1,1784433216.027564,5309,-110.98,20.400000000000002,-2189.5,0.7529259448705086,0.6018299222333306,-0.2662766723644319,-0.47432480782106157,0.776739486483055,0.414357028205813,0.45620006381670397,-0.18567852552910688,0.8702901739827769,0.20500000000000002
1,1784433216.074868,5312,-110.98,20.400000000000002,-2189.51,0.7529110821546103,0.6020624202201252,-0.2657926720725365,-0.4749007035421509,0.776621351394391,0.4139185890166322,0.4556250916531524,-0.18541876581682618,0.8706466890415544,0.22110000000000002
1,1784433216.1342108,5315,-110.98,20.400000000000002,-2189.5,0.7535208979411457,0.6016040063706622,-0.26510163312348317,-0.4752348382875178,0.7770846074882733,0.4126637387542467,0.4542665570387132,-0.18496521922665493,0.871452673891491,0.23340000000000002
1,1784433216.1949017,5318,-110.97,20.400000000000002,-2189.52,0.752783459604907,0.6018810513842758,-0.266563806488851,-0.47475454541808315,0.776924448209854,0.41351725886434626,0.4559881407998855,-0.18473657395971216,0.8706016389207473,0.1993
1,1784433216.2454784,5321,-110.98,20.400000000000002,-2189.51,0.7530875049584705,0.6017537156595725,-0.2659918712391869,-0.47503852598278545,0.7770459020783377,0.41296254660122045,0.4551896403780827,-0.1846405474243431,0.8710397577259668,0.19390000000000002
1,1784433216.293738,5324,-110.97,20.400000000000002,-2189.48,0.7528601548644274,0.6018918183489905,-0.26632278577330915,-0.474751015006589,0.7768580348068129,0.41364606550323874,0.45586517849877883,-0.18498062806856855,0.8706142120776768,0.18510000000000001
1,1784433216.3441608,5327,-110.98,20.400000000000002,-2189.52,0.753172061590654,0.6017839871729331,-0.26568379405137105,-0.47498052095701376,0.7769219358254366,0.41326239890009364,0.4551102617505872,-0.1850630660491266,0.8709915678316345,0.2504
1,1784433216.404129,5333,-110.97,20.400000000000002,-2189.4900000000002,0.7532984606758434,0.6016933170830528,-0.2655307540022383,-0.47466027964171287,0.7768525522103431,0.41376047546222505,0.455235156895703,-0.1856482273060219,0.8708017498973437,0.1892
1,1784433216.4612923,5336,-110.98,20.400000000000002,-2189.51,0.7531318718414847,0.6018029811633088,-0.2657546904186181,-0.4744781713931349,0.7767132587000607,0.41423058630545295,0.45570039333751755,-0.18587545728924687,0.8705098884501801,0.1971
1,1784433216.5084848,5339,-110.98,20.400000000000002,-2189.4900000000002,0.7531195480530024,0.6018320412129564,-0.2657238049364185,-0.47482045960508884,0.7768152857629571,0.413646640195986,0.45536411527573584,-0.18535427153012074,0.8707969433482668,0.16840000000000002
1,1784433216.5711093,5342,-110.98,20.400000000000002,-2189.4900000000002,0.7534889872405327,0.6015258622089076,-0.2653695219897467,-0.47545239662959515,0.7773146797921712,0.41197925568985677,0.45409180200308663,-0.18425125691138358,0.8716949636657108,0.2164
1,1784433216.6317947,5345,-110.97,20.400000000000002,-2189.52,0.7532379378636805,0.6017218389718271,-0.2656377937478639,-0.4745546823763908,0.7768035041845843,0.4139736336062883,0.45544534512662765,-0.1857609872683527,0.8706677857894904,0.2328
1,1784433216.6926458,5348,-110.98,20.41,-2189.53,0.753270084952184,0.6016833494837592,-0.26563381951501197,-0.47511124331182675,0.7770695942655418,0.4128342913890224,0.4548114835784377,-0.18477010749033684,0.871209803539417,0.24830000000000002
1,1784433216.7520745,5354,-110.99000000000001,20.39,-2189.5,0.7530900660448714,0.6019237355591327,-0.2655996404272235,-0.4747405495793743,0.7766586027987818,0.4140323964181034,0.4554961723325508,-0.18571276549872162,0.8706514835002648,0.19110000000000002
1,1784433216.8120732,5357,-110.97,20.400000000000002,-2189.5,0.7531935829171803,0.6016726488135483,-0.2658748771923908,-0.4751147500358522,0.777135872269545,0.41270547649652406,0.4549345018249881,-0.18452604071388348,0.871197302192625,0.20720000000000002
1,1784433216.8570483,5360,-110.97,20.400000000000002,-2189.46,0.7533305713496434,0.6016548877274234,-0.2655267337646465,-0.47521664753412335,0.777118458443823,0.4126209391830776,0.45460113085698406,-0.1846572436152932,0.8713435110241848,0.2025
1,1784433216.9174683,5363,-110.98,20.400000000000002,-2189.54,0.7537942290639758,0.6015681521502695,-0.2644050274642226,-0.475438545409386,0.7770498604176207,0.41249448961648355,0.4535994375755479,-0.18522762413707666,0.8717443877007068,0.1893
1,1784433216.9770706,5366,-110.98,20.400000000000002,-2189.4700000000003,0.7526139579916842,0.6018198517620093,-0.26717989494205024,-0.4748708831370071,0.7771722912625846,0.4129175148166322,0.45614676868829257,-0.18389153248265125,0.8706974386642076,0.2242
1,1784433217.0220406,5369,-110.98,20.400000000000002,-2189.52,0.7532770412386082,0.6018044538643037,-0.26533959081127606,-0.47452584410509674,0.7766379454650765,0.41431717915158944,0.45541071838413466,-0.18618512554141392,0.8705953001297299,0.1923
