Tool ID,Timestamp,Frame #,Tx,Ty,Tz,R00,R01,R02,R10,R11,R12,R20,R21,R22,Tracking Quality
1,1784842783.1266,92,-29.810000000000002,46.5,-2060.94,-0.5235977195441989,0.7998287766847445,-0.2934609958326652,-0.8492442599367879,-0.5174947659400104,0.10480149898313278,-0.06804127462454088,0.30409389209860654,0.9502090768540304,0.12190000000000001
1,1784842783.1866271,95,-29.82,46.51,-2060.93,-0.5233555620754371,0.7995674313951662,-0.2946029163074247,-0.8492038806511205,-0.5179555358345473,0.10283400208794906,-0.07036849246488591,0.3039966867426076,0.9500706761697973,0.0983
1,1784842783.2315905,98,-29.830000000000002,46.52,-2060.93,-0.5233839779335706,0.7993711286480188,-0.2950847510909773,-0.8492571456154506,-0.5176112754748204,0.1041194896377547,-0.06950908043938298,0.30509730609319036,0.9497810913842984,0.11760000000000001
1,1784842783.2914813,101,-29.82,46.51,-2060.91,-0.5232464231136296,0.7996462918103767,-0.29458273658296147,-0.8492102490234725,-0.5181185025659807,0.10195670773557525,-0.07109946309420569,0.3035111617267142,0.9501714798156257,0.1077
1,1784842783.3516076,104,-29.82,46.51,-2060.93,-0.5232482914908733,0.7995883024979454,-0.2947367841996256,-0.8493413885163883,-0.5175281746788833,0.10384504883044234,-0.06950130362040655,0.3046688939192803,0.9499191722841825,0.0947
1,1784842783.3964944,107,-29.82,46.51,-2060.95,-0.5231615518963662,0.7995872922277149,-0.2948934599568751,-0.8493507109989291,-0.5176201608008812,0.10330894858667233,-0.0700382776986964,0.30451523975069145,0.9499290017767535,0.0994
1,1784842783.45646,110,-29.82,46.51,-2060.9,-0.5231344358729416,0.7993281332998384,-0.2956431925806764,-0.8492856465288695,-0.517851665297784,0.10268175762204348,-0.07102290196788226,0.3048018833007886,0.9497639492696872,0.11130000000000001
1,1784842783.5165684,113,-29.82,46.5,-2060.93,-0.5232482914908733,0.7995883024979454,-0.2947367841996256,-0.8493413885163883,-0.5175281746788833,0.10384504883044234,-0.06950130362040655,0.3046688939192803,0.9499191722841825,0.1077
1,1784842783.5765026,119,-29.82,46.51,-2060.92,-0.523146733201061,0.7993901511743174,-0.2954536879894373,-0.8494083732626251,-0.5173214262351902,0.10432620662771899,-0.06944718116956722,0.30553875067410124,0.9496437020609942,0.1082
1,1784842783.6365764,122,-29.830000000000002,46.5,-2060.91,-0.5231893902920278,0.7995838167015805,-0.29485349235644054,-0.8493026021616623,-0.5177852797034198,0.10287611036523764,-0.07041272503806002,0.3042435277723828,0.9499883809612252,0.1014
1,1784842783.6965034,125,-29.830000000000002,46.5,-2060.94,-0.5232103273718942,0.7996641574349683,-0.2945983513959606,-0.8492958744175308,-0.5178108159623608,0.10280309610977696,-0.07033826148517779,0.303988806021236,0.9500754363654637,0.10880000000000001
1,1784842783.7575607,128,-29.830000000000002,46.5,-2060.94,-0.5232803625798881,0.7996287622999494,-0.2945700335080132,-0.8493356459506974,-0.5175180165208578,0.10394259518517227,-0.06932981072938567,0.30457994858323845,0.949960226675443,0.10110000000000001
1,1784842783.8181727,131,-29.82,46.51,-2060.9,-0.5235946337773875,0.7994901435235501,-0.29438778827970585,-0.8491824276097955,-0.517654102537807,0.10451523699687063,-0.06883214451299512,0.3047125539495724,0.9499538911690771,0.0949
1,1784842783.8641121,134,-29.830000000000002,46.5,-2060.91,-0.5230439919654759,0.7993852996644134,-0.29564865152619096,-0.8493743557326471,-0.5176251506053225,0.10308931702445147,-0.07062709319071427,0.30503663081874793,0.9497180989989488,0.108
1,1784842783.9244628,140,-29.82,46.51,-2060.93,-0.5232424364714978,0.7994096185418162,-0.2952314591268997,-0.8492700231483032,-0.5177852519303704,0.10314485282883998,-0.0704115079873379,0.30470099223046576,0.9498418420330401,0.1051
1,1784842783.9848108,143,-29.830000000000002,46.51,-2060.94,-0.5227448783570257,0.7992649853364433,-0.29650172911238437,-0.8494567079189668,-0.5176747970486714,0.10215726049619839,-0.07184075113032846,0.30526756741545946,0.9495528520105019,0.1187
1,1784842784.0301595,146,-29.82,46.49,-2060.95,-0.5230710832596457,0.7993490540288096,-0.29569871775310075,-0.8494188788994662,-0.5173777715191563,0.10396061613440662,-0.06988712346888112,0.3055508654236128,0.9496075287254869,0.093
1,1784842784.090416,149,-29.82,46.5,-2060.89,-0.5236153505864852,0.7995704865102419,-0.2941326260923244,-0.8491756939612368,-0.517679875026617,0.10444227007240937,-0.06875758442269474,0.3044578527386036,0.9500409520068883,0.09140000000000001
1,1784842784.150415,152,-29.810000000000002,46.52,-2060.96,-0.5230649861416999,0.7994658506139949,-0.29539359162755247,-0.8493676128529098,-0.5176507428314938,0.10301634182280281,-0.07055266479115638,0.3047819911806544,0.9498053797188256,0.091
1,1784842784.1973875,155,-29.82,46.51,-2060.9,-0.5230649861416999,0.7994658506139949,-0.29539359162755247,-0.8493676128529098,-0.5176507428314938,0.10301634182280281,-0.07055266479115638,0.3047819911806544,0.9498053797188256,0.1034
1,1784842784.2564168,158,-29.82,46.51,-2060.92,-0.5230874993361951,0.7993857892047673,-0.29557034366742135,-0.8493698428860067,-0.5175791037918837,0.10335734765265088,-0.07035863865941713,0.30511347288420754,0.949713341293325,0.1086
1,1784842784.3172452,161,-29.830000000000002,46.51,-2060.91,-0.523759777251435,0.7997681134303936,-0.2933371106312945,-0.8491039773773377,-0.5178404969127081,0.1042288604906785,-0.06854291601261792,0.303664592103177,0.9503103094080894,0.0959
1,1784842784.3623958,164,-29.82,46.52,-2060.91,-0.5234422428917054,0.7995684177023396,-0.2944461984293191,-0.8491947809171541,-0.5178637308380486,0.10337011340597412,-0.06983152883596142,0.30415045897626747,0.9500610800811483,0.11
1,1784842784.4233992,170,-29.830000000000002,46.51,-2060.9900000000002,-0.5231084554037259,0.7994663399796937,-0.2953152808857017,-0.8493630998207031,-0.5176047338993829,0.10328438462766464,-0.0702841984239311,0.3048588373074032,0.9498006215872273,0.1092
1,1784842784.483361,173,-29.82,46.51,-2060.95,-0.5235608547346818,0.7996098430025166,-0.2941226451040113,-0.8491796255991121,-0.5177617102735225,0.10400372513515542,-0.06912304143222667,0.3042152368769977,0.9500921506859379,0.0902
1,1784842784.5432024,176,-29.82,46.51,-2060.89,-0.5232971375923829,0.7993701092287642,-0.2952414846514836,-0.8492665419118485,-0.5177034052372078,0.10358342046336229,-0.07004603184127493,0.3049436221293913,0.9497909984548695,0.1024
1,1784842784.6031554,179,-29.830000000000002,46.5,-2060.92,-0.5232424364714978,0.7994096185418162,-0.2952314591268997,-0.8492700231483032,-0.5177852519303704,0.10314485282883998,-0.0704115079873379,0.30470099223046576,0.9498418420330401,0.0954
1,1784842784.6633332,182,-29.82,46.52,-2060.94,-0.5232649439115283,0.7993295904678295,-0.29540819940515756,-0.8492722180403893,-0.5177135981944884,0.10348589232003232,-0.0702175059228297,0.30503251637661194,0.9497497911634041,0.1039
1,1784842784.7233055,188,-29.82,46.51,-2060.92,-0.5232649026839725,0.7996247316000489,-0.2946084354404724,-0.8492924409945136,-0.5177291827514625,0.10324167277356376,-0.06997278963078181,0.30423146112960275,0.9500247506092848,0.11080000000000001
1,1784842784.7844849,191,-29.82,46.51,-2060.94,-0.5228209502501712,0.799306031454749,-0.2962568514981008,-0.8494469771872315,-0.517618486613426,0.10252285239643755,-0.07140088883888795,0.30525558208833176,0.9495898813050456,0.1044
1,1784842784.8300073,194,-29.82,46.51,-2060.94,-0.523438658500137,0.7993316457211426,-0.2950947151954891,-0.8492532779143293,-0.5175292219711993,0.10455799518761075,-0.06914362399631786,0.30533985091143123,0.9497298219525597,0.10020000000000001
1,1784842784.8892648,197,-29.82,46.51,-2060.93,-0.5230859612705571,0.7995463367813287,-0.29513849708436085,-0.8493608753960618,-0.5176763166384114,0.10294335596881926,-0.07047822690798267,0.3045273165600177,0.9498925902441083,0.09290000000000001
1,1784842784.9493883,200,-29.82,46.51,-2060.92,-0.5229245792308558,0.7993438109394972,-0.295971884389301,-0.849388687521172,-0.5177274223420922,0.10245571563399258,-0.07133541860319548,0.3049717824122982,0.9496859849365855,0.10450000000000001
1,1784842784.9943073,203,-29.82,46.52,-2060.88,-0.5231806855856111,0.7992699241742857,-0.2957187152356126,-0.8494112043141648,-0.5172133915751876,0.10483755796875406,-0.06915617265096496,0.30603577549973326,0.9495048856633369,0.114
1,1784842785.054187,206,-29.830000000000002,46.51,-2060.92,-0.5235513504793468,0.7994896141091815,-0.29446619558585013,-0.8491873100817315,-0.5177001350874397,0.10424721831588457,-0.06910062089015692,0.3046357284725458,0.9499590397120268,0.1121
1,1784842785.1152146,209,-29.82,46.52,-2060.95,-0.5231893902920278,0.7995838167015805,-0.29485349235644054,-0.8493026021616623,-0.5177852797034198,0.10287611036523764,-0.07041272503806002,0.3042435277723828,0.9499883809612252,0.1038
1,1784842785.1750076,215,-29.82,46.51,-2060.91,-0.5233727032713574,0.799411123329141,-0.29499638873734163,-0.8492561503091859,-0.5176471755572971,0.10394899133505012,-0.0696060674974038,0.3049315620515429,0.9498272147250536,0.08710000000000001
1,1784842785.2358625,218,-29.830000000000002,46.51,-2060.94,-0.5230439919654759,0.7993852996644134,-0.29564865152619096,-0.8493743557326471,-0.5176251506053225,0.10308931702445147,-0.07062709319071427,0.30503663081874793,0.9497180989989488,0.0955
1,1784842785.296261,221,-29.82,46.51,-2060.92,-0.5233405683423793,0.7993706149262247,-0.2951631235766838,-0.8492618807450074,-0.517657350594386,0.1038514578089962,-0.06977755685410728,0.3050204704082502,0.9497860839112149,0.101
1,1784842785.3575678,224,-29.830000000000002,46.5,-2060.93,-0.5229371182765276,0.7991094117945123,-0.2965820599936372,-0.8494917115189647,-0.5171809701395316,0.10434402803281591,-0.07000430264791636,0.30650936707866105,0.9492899480684588,0.12810000000000002
1,1784842785.418186,230,-29.82,46.52,-2060.93,-0.5231519035249026,0.7994668373653339,-0.2952369587151002,-0.849358512826933,-0.5175587044868868,0.10355242198169927,-0.07001573056600614,0.30493567086014406,0.9497957854772687,0.1058
1,1784842785.49311,233,-29.830000000000002,46.51,-2060.92,-0.5232404946913227,0.7993072127820826,-0.2955120375039204,-0.8493578011854048,-0.5173689118136138,0.10450231889432614,-0.06935928402653889,0.3056752994328063,0.9496061820754906,0.11800000000000001
1,1784842785.5532146,236,-29.82,46.51,-2060.92,-0.5235175968731429,0.7996093258925258,-0.29420103961385,-0.8491843974365796,-0.5178076552845211,0.10373567987447734,-0.06939153344928252,0.3041383863875905,0.9500971829297832,0.10250000000000001
1,1784842785.6142464,239,-29.830000000000002,46.51,-2060.91,-0.523021495743887,0.7994653692683543,-0.29547189093117027,-0.8493720519224695,-0.5176967312775481,0.10274829359924319,-0.07082112963545079,0.3047051324890283,0.9498100598709209,0.1102
1,1784842785.674007,245,-29.830000000000002,46.51,-2060.9700000000003,-0.5234647203733572,0.7994885793366617,-0.2946229760807686,-0.8491968531695064,-0.5177921387725516,0.10371116426091365,-0.06963756954008643,0.30448203975865795,0.9499691028517487,0.0949
1,1784842785.7339401,248,-29.830000000000002,46.51,-2060.92,-0.5234310176556889,0.7996083157164724,-0.29435779451714217,-0.849193719236632,-0.5178994838572061,0.10319957281644017,-0.0699285132473603,0.3039846477332459,0.9501070134345436,0.09580000000000001
1,1784842785.779131,251,-29.830000000000002,46.51,-2060.9700000000003,-0.5234518774160092,0.7996885622807172,-0.2941025933021586,-0.8491869946145062,-0.5179250581982734,0.10312653522686588,-0.0698539920637195,0.3037298757905036,0.9501939709054394,0.0935
1,1784842785.8390884,254,-29.830000000000002,46.51,-2060.93,-0.5229081792867503,0.7993069789122303,-0.2961003031022077,-0.849438246120785,-0.5175263457594397,0.10305895144103476,-0.0708639687165523,0.3054092908002053,0.9495806774733019,0.12350000000000001
1,1784842785.8990993,257,-29.830000000000002,46.5,-2060.96,-0.5236698512109628,0.7995311321313762,-0.2941425771380408,-0.8491715975887512,-0.5175979323007005,0.10488078149312116,-0.06839213976223059,0.30470042538657477,0.9499895609889534,0.09580000000000001
1,1784842785.94405,260,-29.830000000000002,46.51,-2060.94,-0.523583365098935,0.799530057456925,-0.2942994172855288,-0.8491815106365618,-0.5176900004459669,0.10434474318940015,-0.06892910694824403,0.3045467955194754,0.950000014502177,0.11040000000000001
1,1784842786.004076,263,-29.82,46.52,-2060.94,-0.5232482914908733,0.7995883024979454,-0.2947367841996256,-0.8493413885163883,-0.5175281746788833,0.10384504883044234,-0.06950130362040655,0.3046688939192803,0.9499191722841825,0.11220000000000001
1,1784842786.0640757,266,-29.830000000000002,46.52,-2060.94,-0.523119715982505,0.7994263204233761,-0.29540365766984905,-0.8493641864707651,-0.5175688995302163,0.10345488378968157,-0.07018718893957139,0.30502457680230094,0.9497545820133422,0.10260000000000001
1,1784842786.125092,272,-29.84,46.5,-2060.95,-0.5234647203733572,0.7994885793366617,-0.2946229760807686,-0.8491968531695064,-0.5177921387725516,0.10371116426091365,-0.06963756954008643,0.30448203975865795,0.9499691028517487,0.1052
1,1784842786.184883,275,-29.810000000000002,46.52,-2060.93,-0.5236959564512828,0.7996874518862971,-0.293670775686273,-0.8491155779462363,-0.5178606915692066,0.10403383784371405,-0.06888599629536676,0.3038425306356306,0.9502286230646445,0.0931
1,1784842786.2453,278,-29.830000000000002,46.5,-2060.9,-0.5229344515611748,0.7994644306377088,-0.29562845518579134,-0.849380708169405,-0.5177886466888234,0.10221218102455674,-0.0713580546263227,0.30455137744768274,0.9498191862321299,0.1183
1,1784842786.3047633,281,-29.82,46.51,-2060.95,-0.522956913826553,0.7993843446525843,-0.29580523289043686,-0.8493831595460432,-0.5177171827747314,0.1025532395362343,-0.07116399764338814,0.3048829089735167,0.9497273804915061,0.10110000000000001
1,1784842786.3650088,284,-29.830000000000002,46.5,-2060.94,-0.5228871185261047,0.7992262501194926,-0.29635529757269674,-0.8494450013152935,-0.5175007257568169,0.10313189895288788,-0.070938360707929,0.30566386760803455,0.9494932064101193,0.1
1,1784842786.4099858,287,-29.82,46.51,-2060.95,-0.5232649026839725,0.7996247316000489,-0.2946084354404724,-0.8492924409945136,-0.5177291827514625,0.10324167277356376,-0.06997278963078181,0.30423146112960275,0.9500247506092848,0.0989
1,1784842786.4710493,293,-29.830000000000002,46.51,-2060.96,-0.5229779842153545,0.7994648959428876,-0.29555017878707546,-0.849376417028317,-0.5177426992318785,0.10248023998911693,-0.07108959292458324,0.3046282612416588,0.9498146620423905,0.11230000000000001
1,1784842786.530984,296,-29.830000000000002,46.52,-2060.95,-0.5233141905182583,0.7995088920552158,-0.29483519044859857,-0.8493385059823028,-0.5174103337196702,0.10445405121798602,-0.06903883152234112,0.3050771674261134,0.9498218578540341,0.09680000000000001
1,1784842786.5913126,299,-29.82,46.5,-2060.94,-0.523400837077323,0.7995099668304889,-0.2946784292843106,-0.849328592209478,-0.517318108135201,0.10499008263108912,-0.06850187006369979,0.30523071263247303,0.9498114054188066,0.0966
1,1784842786.650755,302,-29.82,46.51,-2060.93,-0.5231442629604778,0.7994486565404382,-0.295299721786572,-0.849277705078362,-0.5179129258598628,0.10243818079264554,-0.07104547690296001,0.3043814166189594,0.9498970962313056,0.1043
1,1784842786.7109385,305,-29.830000000000002,46.5,-2060.9700000000003,-0.5229630461767739,0.7992673544028103,-0.29611036543735164,-0.849434880707151,-0.5174443502388092,0.10349747747633675,-0.07049848063283064,0.3056518290340648,0.9495298434681204,0.1033
1,1784842786.7719407,311,-29.830000000000002,46.5,-2060.94,-0.5234198014246255,0.7996481996136118,-0.29426938055345647,-0.8491926405183584,-0.5179352081950724,0.10302902213155707,-0.07002550082693894,0.3038188226009644,0.9501529099399212,0.1008
1,1784842786.8314128,314,-29.830000000000002,46.5,-2060.91,-0.5233024245733309,0.7994466492825041,-0.2950247911390677,-0.8492162099984395,-0.5179401780472671,0.10280953574572486,-0.07061445398471694,0.30434031431169656,0.9499424045557173,0.1068
1,1784842786.8783183,317,-29.830000000000002,46.51,-2060.92,-0.5229681584779519,0.799344280506126,-0.29589360662292735,-0.8493843596645766,-0.5176814078077798,0.10272375366658072,-0.07106697387237695,0.3050486538772117,0.9496814223687458,0.1223
1,1784842786.9366684,320,-29.830000000000002,46.51,-2060.94,-0.5230327393497495,0.7994253415173832,-0.29556027626883874,-0.8493732123493787,-0.5176609552756672,0.1029188103622507,-0.07072410983246209,0.30487088861171874,0.9497640978503592,0.0993
1,1784842786.9978588,323,-29.82,46.52,-2060.91,-0.5234534771313651,0.799528505574605,-0.29453459228539225,-0.8491958255610649,-0.5178279491417719,0.10354064389063815,-0.06973454759833839,0.3043162563210603,0.9500151098850954,0.0993
1,1784842787.0428917,326,-29.82,46.5,-2060.89,-0.5230388643566921,0.799308460300279,-0.29586539450374905,-0.8494245947456657,-0.5173879808645464,0.10386305935254003,-0.07005857701683192,0.30563975943797783,0.9495662869105408,0.0976
1,1784842787.1028795,329,-29.82,46.5,-2060.94,-0.5229840402655284,0.7993480505625391,-0.29585534926617885,-0.8494281279436519,-0.5174700178544639,0.10342454292789463,-0.07042406609737399,0.30539724079233144,0.9496172788185477,0.10540000000000001
1,1784842787.16388,332,-29.830000000000002,46.51,-2060.91,-0.5237054359329861,0.7998073655599057,-0.2933271115501671,-0.8491079160328914,-0.5179221220537269,0.10379028094019413,-0.06890836890045363,0.3034219067297014,0.9503613961078128,0.0883
1,1784842787.210426,335,-29.82,46.52,-2060.91,-0.523140643468213,0.7995068387211657,-0.29514857612692674,-0.8493574460229046,-0.5175945393726055,0.10338192151971864,-0.07011273805174713,0.30476992576326917,0.9498418269970735,0.0979
1,1784842787.2702405,341,-29.830000000000002,46.49,-2060.89,-0.5234910272006105,0.7996450799400201,-0.29415113558877964,-0.8491399930078471,-0.5180542773711689,0.10286417244147322,-0.07013142459042812,0.3036239645106342,0.9502073833957313,0.11810000000000001
1,1784842787.331813,344,-29.82,46.5,-2060.96,-0.5234630931283087,0.7996486965984052,-0.2941910130527701,-0.8491880534838483,-0.5178893333471231,0.10329708720765066,-0.06975700647860429,0.3038957065075848,0.9501480724673389,0.0897
1,1784842787.3766334,347,-29.830000000000002,46.52,-2060.93,-0.5229081792867503,0.7993069789122303,-0.2961003031022077,-0.849438246120785,-0.5175263457594397,0.10305895144103476,-0.0708639687165523,0.3054092908002053,0.9495806774733019,0.1096
1,1784842787.436644,350,-29.82,46.51,-2060.91,-0.5233233987251713,0.7995270258504814,-0.29476966479171357,-0.8492094748815349,-0.5179657134748373,0.10273649515109384,-0.07053997532012214,0.30408560406435964,0.9500295033748428,0.09680000000000001
1,1784842787.497269,353,-29.830000000000002,46.49,-2060.93,-0.5229307394538434,0.7992267360623125,-0.2962770090598315,-0.8494405250104006,-0.5174545867259746,0.10339992817360243,-0.0706699101761971,0.3057406990235907,0.9494884879535163,0.1202
1,1784842787.5416906,356,-29.82,46.51,-2060.91,-0.5233782422011107,0.7995898780180959,-0.2945016851589859,-0.8493268500704844,-0.5173900419896745,0.10464915766155058,-0.06869583204114194,0.30489928078126016,0.9499038431542668,0.0945
1,1784842787.6026998,359,-29.830000000000002,46.51,-2060.95,-0.5233876963098455,0.7996078226506524,-0.2944361548916092,-0.8491982691969796,-0.5179453674075613,0.10293151108334403,-0.07019700096390995,0.30390775958657107,0.9501118116930996,0.0956
1,1784842787.6628351,362,-29.82,46.51,-2060.93,-0.5235288390754825,0.7995694360743575,-0.29428943499896776,-0.849185385350853,-0.5177718438869511,0.10390620281980525,-0.06929455940260507,0.3043041809992775,0.9500511720236747,0.1131
1,1784842787.707817,365,-29.82,46.49,-2060.9,-0.5233121899427297,0.7995669502661933,-0.2946812581406615,-0.8492083195782372,-0.5180014075856676,0.10256593829519384,-0.07063697202209944,0.30391978181962065,0.9500753572229222,0.11120000000000001
1,1784842787.7684636,371,-29.82,46.52,-2060.9900000000002,-0.5231293924187868,0.7995468259724959,-0.2950601834623886,-0.8493563621784399,-0.5176303455929042,0.1032114109407358,-0.07020974871453367,0.3046041667454302,0.9498878316868598,0.0941
1,1784842787.8287234,374,-29.82,46.52,-2060.88,-0.5227074090006306,0.7991471494485176,-0.29688515979104807,-0.849513256267051,-0.5174480812453001,0.10283341209018222,-0.07144362814414824,0.30595966522381024,0.9493600430046203,0.11230000000000001
1,1784842787.889159,377,-29.82,46.51,-2060.9,-0.5234967942871206,0.7995290148512966,-0.29445621199428484,-0.8491911278740703,-0.5177819867203575,0.10380868252648319,-0.06946606877514147,0.3043931152947364,0.9500101560773404,0.0913
1,1784842787.9504526,380,-29.830000000000002,46.5,-2060.92,-0.5228645753307359,0.7993065011699576,-0.2961785830401147,-0.8494426486397486,-0.5175724264311469,0.10279090460767386,-0.07113242956695642,0.3053324427335163,0.949585318377599,0.1206
1,1784842788.0105925,383,-29.82,46.51,-2060.93,-0.5228645753307359,0.7993065011699576,-0.2961785830401147,-0.8494426486397486,-0.5175724264311469,0.10279090460767386,-0.07113242956695642,0.3053324427335163,0.949585318377599,0.0974
1,1784842788.0707052,389,-29.82,46.52,-2060.92,-0.5236100413219684,0.7994942473051616,-0.29434923671169844,-0.8492248084812363,-0.517442534368189,0.10521619783395059,-0.06818907014187794,0.3050609318686655,0.9498884558518477,0.0926
1,1784842788.131735,392,-29.830000000000002,46.5,-2060.93,-0.5231422641578835,0.7993462390167412,-0.29558038098215217,-0.8493663086520805,-0.5174971448134821,0.10379585173133243,-0.06999317951416512,0.3053560139897114,0.9496623924015382,0.0954
1,1784842788.1766436,395,-29.830000000000002,46.49,-2060.94,-0.5230823837637312,0.7993089701496437,-0.29578706874095917,-0.8494198963515236,-0.5173418182919475,0.10413108435308241,-0.06979011017486506,0.30571655709937895,0.9495613341101682,0.11230000000000001
1,1784842788.2365937,398,-29.82,46.51,-2060.91,-0.5234967942871206,0.7995290148512966,-0.29445621199428484,-0.8491911278740703,-0.5177819867203575,0.10380868252648319,-0.06946606877514147,0.3043931152947364,0.9500101560773404,0.1058
1,1784842788.296698,401,-29.82,46.51,-2060.96,-0.5237692005124144,0.7998879256008106,-0.2929933976604564,-0.8490963603985893,-0.5179019478833039,0.10398530250255812,-0.06856526345355383,0.3032439263311165,0.950443015541086,0.0949
1,1784842788.3416429,404,-29.82,46.5,-2060.93,-0.5229245792308558,0.7993438109394972,-0.295971884389301,-0.849388687521172,-0.5177274223420922,0.10245571563399258,-0.07133541860319548,0.3049717824122982,0.9496859849365855,0.1008
1,1784842788.4018035,407,-29.82,46.5,-2060.96,-0.5231631725875419,0.7994268219084005,-0.2953253312223194,-0.8493595625916687,-0.5175228409399293,0.10372291231716335,-0.06991872626290675,0.30510140202709546,0.9497497071328179,0.0936
1,1784842788.461416,410,-29.830000000000002,46.51,-2060.93,-0.5233614376109873,0.7994511039092872,-0.29490801630335983,-0.8492551379662674,-0.5176830469766619,0.10377848288954333,-0.06970305774968988,0.3047658040712267,0.9498733012403084,0.1287
1,1784842788.5070527,413,-29.830000000000002,46.51,-2060.95,-0.5233876963098455,0.7996078226506524,-0.2944361548916092,-0.8491982691969796,-0.5179453674075613,0.10293151108334403,-0.07019700096390995,0.30390775958657107,0.9501118116930996,0.10690000000000001
1,1784842788.5674298,419,-29.82,46.51,-2060.93,-0.5233876963098455,0.7996078226506524,-0.2944361548916092,-0.8491982691969796,-0.5179453674075613,0.10293151108334403,-0.07019700096390995,0.30390775958657107,0.9501118116930996,0.09910000000000001
1,1784842788.6281621,422,-29.82,46.5,-2060.92,-0.5234213735754776,0.7994880739787589,-0.2947013492505505,-0.8492015137830552,-0.5178381098966716,0.10344312895117795,-0.06990604174839034,0.3044051765400472,0.9499740174461062,0.0952
1,1784842788.6886485,425,-29.830000000000002,46.5,-2060.98,-0.5232934154966247,0.799428374490136,-0.29509028340142923,-0.8493452472085913,-0.517384542367011,0.10452696476917205,-0.06911332969879311,0.30533180210999555,0.949734614657278,0.1
1,1784842788.7495575,428,-29.830000000000002,46.51,-2060.88,-0.5235721054175952,0.7995699572843787,-0.2942110362254339,-0.8491805766333844,-0.5177258696926004,0.10417423923232424,-0.06902607258985177,0.3043810231589637,0.9500461010095896,0.0966
1,1784842788.8095481,431,-29.82,46.5,-2060.95,-0.5233121899427297,0.7995669502661933,-0.2946812581406615,-0.8492083195782372,-0.5180014075856676,0.10256593829519384,-0.07063697202209944,0.30391978181962065,0.9500753572229222,0.1247
1,1784842788.8693402,437,-29.82,46.49,-2060.96,-0.5232858798918232,0.7994101121145469,-0.2951531137475053,-0.8492654728341337,-0.5177392469571177,0.10341290447565972,-0.07014302928770386,0.3047778614159566,0.9498370442518339,0.0925
1,1784842788.9310365,440,-29.82,46.51,-2060.93,-0.5234213735754776,0.7994880739787589,-0.2947013492505505,-0.8492015137830552,-0.5178381098966716,0.10344312895117795,-0.06990604174839034,0.3044051765400472,0.9499740174461062,0.11370000000000001
1,1784842788.9914682,443,-29.82,46.52,-2060.96,-0.522999035567,0.799545382450704,-0.29529509003325016,-0.8493696799331864,-0.5177681972592243,0.10240722980888312,-0.0710151787027557,0.3043735785325171,0.94990187339805,0.1009
1,1784842789.0523915,446,-29.82,46.5,-2060.96,-0.5232803625798881,0.7996287622999494,-0.2945700335080132,-0.8493356459506974,-0.5175180165208578,0.10394259518517227,-0.06932981072938567,0.30457994858323845,0.949960226675443,0.0954
1,1784842789.112529,449,-29.82,46.5,-2060.93,-0.5233233987251713,0.7995270258504814,-0.29476966479171357,-0.8492094748815349,-0.5179657134748373,0.10273649515109384,-0.07053997532012214,0.30408560406435964,0.9500295033748428,0.1053
1,1784842789.1574647,452,-29.82,46.51,-2060.93,-0.5233458433113872,0.7994471346789622,-0.29494644792282204,-0.8492117343664154,-0.517894239204362,0.10307757861591348,-0.07034599137888141,0.3044172068929944,0.9499376851374989,0.1013
1,1784842789.2173178,458,-29.82,46.51,-2060.93,-0.5236959564512828,0.7996874518862971,-0.293670775686273,-0.8491155779462363,-0.5178606915692066,0.10403383784371405,-0.06888599629536676,0.3038425306356306,0.9502286230646445,0.09530000000000001
1,1784842789.2772787,461,-29.82,46.5,-2060.96,-0.5233180449814615,0.7994505983920919,-0.2949863802403552,-0.849259799324615,-0.5177290637337614,0.1035104333701561,-0.06997154455845433,0.3046889517128725,0.9498782162236458,0.1008
1,1784842789.3374388,464,-29.830000000000002,46.51,-2060.94,-0.5235513504793468,0.7994896141091815,-0.29446619558585013,-0.8491873100817315,-0.5177001350874397,0.10424721831588457,-0.06910062089015692,0.3046357284725458,0.9499590397120268,0.094
1,1784842789.397277,467,-29.82,46.52,-2060.9,-0.5235063636722807,0.7996492015965568,-0.2941126341737378,-0.8491833924882211,-0.5178434380083948,0.10356514681031209,-0.06948851068213745,0.30397257787115417,0.9501431569955884,0.1017
1,1784842789.458553,470,-29.830000000000002,46.5,-2060.94,-0.523021495743887,0.7994653692683543,-0.29547189093117027,-0.8493720519224695,-0.5176967312775481,0.10274829359924319,-0.07082112963545079,0.3047051324890283,0.9498100598709209,0.10650000000000001
1,1784842789.5180335,476,-29.830000000000002,46.51,-2060.95,-0.5232916295568598,0.7995888196561457,-0.2946584292305553,-0.849336616329554,-0.5174821509109597,0.10411309067754612,-0.06923281445666019,0.3047457021345154,0.9499141405584777,0.1072
1,1784842789.5787086,479,-29.82,46.52,-2060.9,-0.5231631725875419,0.7994268219084005,-0.2953253312223194,-0.8493595625916687,-0.5175228409399293,0.10372291231716335,-0.06991872626290675,0.30510140202709546,0.9497497071328179,0.1033
1,1784842789.638424,482,-29.82,46.51,-2060.92,-0.5235193067314783,0.7994491564703398,-0.2946329609840936,-0.8491930922974845,-0.517710278949846,0.10414969545758809,-0.06927212623868262,0.30472465159309764,0.9499180276412471,0.10650000000000001
1,1784842789.6984081,485,-29.82,46.51,-2060.95,-0.5231032730567875,0.7993896334834227,-0.29553202803844303,-0.8494131458193124,-0.5173675713966528,0.10405817496222595,-0.0697156612721691,0.30546196153755134,0.9496487332835315,0.0942
1,1784842789.758385,488,-29.82,46.51,-2060.93,-0.5232633915080002,0.7994900755711971,-0.2949763417135459,-0.8492632835565775,-0.5178108443805822,0.10307184215181354,-0.0703370337037705,0.3044462982284883,0.949929025340696,0.1037
1,1784842789.818357,494,-29.82,46.51,-2060.96,-0.523021495743887,0.7994653692683543,-0.29547189093117027,-0.8493720519224695,-0.5176967312775481,0.10274829359924319,-0.07082112963545079,0.3047051324890283,0.9498100598709209,0.1135
1,1784842789.8787577,497,-29.810000000000002,46.51,-2060.92,-0.5234268518994574,0.7996666818645252,-0.29420660874019133,-0.8492725714623284,-0.5175811735398173,0.10414330587661379,-0.06899586996616407,0.3043730058873917,0.9500508634882062,0.095
1,1784842789.925306,500,-29.82,46.51,-2060.94,-0.5230162893187962,0.7993886221725717,-0.29568867385856173,-0.8494224690243645,-0.5174598003244794,0.10352209505561101,-0.07025261720213856,0.30530834542997287,0.9496585617931649,0.09570000000000001
1,1784842789.98408,503,-29.82,46.51,-2060.94,-0.5234951394742071,0.7996890631830595,-0.2940242186832257,-0.8491823705046334,-0.517879192054397,0.1033946036368285,-0.06958549109557517,0.30380675545893615,0.9501890942157262,0.0941
1,1784842790.0443277,506,-29.830000000000002,46.5,-2060.94,-0.523416083220465,0.7994116409707615,-0.29491800912555644,-0.8492513781006452,-0.5176011091420902,0.10421702648335801,-0.06933758447121055,0.30500839348338016,0.9498221829818386,0.0918
1,1784842790.0899854,509,-29.830000000000002,46.51,-2060.91,-0.5234707336193527,0.7993721801641127,-0.29492797192482456,-0.8492474534727548,-0.5175190638282132,0.10465553661613404,-0.06897212345620457,0.30525093964481603,0.9497708723854923,0.099
1,1784842790.1493373,512,-29.82,46.5,-2060.93,-0.5232649026839725,0.7996247316000489,-0.2946084354404724,-0.8492924409945136,-0.5177291827514625,0.10324167277356376,-0.06997278963078181,0.30423146112960275,0.9500247506092848,0.11320000000000001
1,1784842790.209273,515,-29.830000000000002,46.51,-2060.93,-0.523021495743887,0.7994653692683543,-0.29547189093117027,-0.8493720519224695,-0.5176967312775481,0.10274829359924319,-0.07082112963545079,0.3047051324890283,0.9498100598709209,0.09720000000000001
1,1784842790.2693605,521,-29.82,46.49,-2060.93,-0.5234967942871206,0.7995290148512966,-0.29445621199428484,-0.8491911278740703,-0.5177819867203575,0.10380868252648319,-0.06946606877514147,0.3043931152947364,0.9500101560773404,0.0902
1,1784842790.329244,524,-29.82,46.51,-2060.9,-0.5232161912828588,0.7995478284059531,-0.29490352197080316,-0.8493471138504936,-0.5175383420600257,0.10374750450780362,-0.06967278789668059,0.30475782941392143,0.9498780806175176,0.1037
1,1784842790.3740797,527,-29.830000000000002,46.51,-2060.91,-0.5229420330507821,0.7991865935046074,-0.29636534687985366,-0.8494416388880529,-0.5174186642260512,0.10357040133989825,-0.07057288567072585,0.30590638220382105,0.949442337972705,0.1023
1,1784842790.4339206,530,-29.82,46.5,-2060.94,-0.5230874993361951,0.7993857892047673,-0.29557034366742135,-0.8493698428860067,-0.5175791037918837,0.10335734765265088,-0.07035863865941713,0.30511347288420754,0.949713341293325,0.1063
1,1784842790.493788,533,-29.82,46.51,-2060.91,-0.522756128995091,0.7992248404704005,-0.2965900941925245,-0.8494579864215062,-0.5176390199368742,0.1023277789435131,-0.07174370287898396,0.30543329781452305,0.9495068939630491,0.1134
1,1784842790.5386672,536,-29.810000000000002,46.53,-2060.92,-0.5237474211829545,0.799910602509381,-0.29297041966260695,-0.8492220102863125,-0.5173826759205439,0.1055326674663898,-0.06716112007314229,0.3040693911763837,0.9502795321904729,0.0882
1,1784842790.5987573,539,-29.82,46.5,-2060.95,-0.523047912845456,0.7996223469509276,-0.29499997139779993,-0.8493144492674378,-0.5179585613725408,0.10190139825555383,-0.07131512555945804,0.30384705191523337,0.9500479576889055,0.1095
1,1784842790.6588502,542,-29.830000000000002,46.51,-2060.95,-0.5231069173469742,0.799626758148062,-0.2948833679225854,-0.8493541433636398,-0.5177018720205341,0.10287035946983175,-0.07040377954885509,0.30427260698271136,0.9499797305549108,0.12090000000000001
1,1784842790.7056763,545,-29.830000000000002,46.51,-2060.93,-0.5231744506548159,0.7993867923537659,-0.29541369364399617,-0.8493605953182563,-0.5174869487359168,0.10389339251659853,-0.06982172514804401,0.3052671192551661,0.9497035919690958,0.1075
1,1784842790.7645428,551,-29.830000000000002,46.51,-2060.92,-0.5232821209927925,0.7994683776406972,-0.29500192372565304,-0.8493443080873386,-0.5174204934238786,0.10435650101756937,-0.06921031837034484,0.3051660959830588,0.9497808092889295,0.093
1,1784842790.8243554,554,-29.82,46.51,-2060.93,-0.5234048090801203,0.7994516174479556,-0.2948296409651689,-0.8492504026421668,-0.517637009740682,0.10404652689466626,-0.06943456951634577,0.30484264384526755,0.9498683082667339,0.09480000000000001
1,1784842790.8841953,557,-29.830000000000002,46.51,-2060.9700000000003,-0.5231953305001731,0.7994673427707958,-0.29515862512523283,-0.8493538518727003,-0.5175126545996823,0.1038204538527788,-0.06974726124961264,0.3050124918297495,0.9497908713901103,0.108
1,1784842790.944063,560,-29.82,46.51,-2060.93,-0.5235288390754825,0.7995694360743575,-0.29428943499896776,-0.849185385350853,-0.5177718438869511,0.10390620281980525,-0.06929455940260507,0.3043041809992775,0.9500511720236747,0.0908
1,1784842790.9889426,563,-29.830000000000002,46.51,-2060.9,-0.5228110814336373,0.7991851474625681,-0.2966001908384827,-0.8494549565763793,-0.5175571074013087,0.1027663238916921,-0.07137821711147325,0.3056758751580241,0.9494563757584461,0.1144
1,1784842791.0487869,566,-29.82,46.51,-2060.98,-0.5230597917610134,0.7993891238161334,-0.2956103566646474,-0.8494178444069346,-0.51741369609498,0.10379013776081336,-0.06998413996043812,0.3053851597864678,0.9496536865279845,0.1047
1,1784842791.1085951,569,-29.82,46.51,-2060.91,-0.5233233987251713,0.7995270258504814,-0.29476966479171357,-0.8492094748815349,-0.5179657134748373,0.10273649515109384,-0.07053997532012214,0.30408560406435964,0.9500295033748428,0.0981
1,1784842791.1684673,575,-29.82,46.51,-2060.96,-0.523031283923991,0.7995858369395982,-0.295128387998213,-0.8493641399782726,-0.5177579863641653,0.10250475732908235,-0.07084372770959214,0.3042846642894232,0.9499431611009587,0.1087
1,1784842791.2282753,578,-29.82,46.5,-2060.94,-0.523140643468213,0.7995068387211657,-0.29514857612692674,-0.8493574460229046,-0.5175945393726055,0.10338192151971864,-0.07011273805174713,0.30476992576326917,0.9498418269970735,0.092
1,1784842791.273155,581,-29.82,46.49,-2060.94,-0.5234630931283087,0.7996486965984052,-0.2941910130527701,-0.8491880534838483,-0.5178893333471231,0.10329708720765066,-0.06975700647860429,0.3038957065075848,0.9501480724673389,0.09570000000000001
1,1784842791.3330228,584,-29.830000000000002,46.52,-2060.93,-0.5233780056210627,0.7994875766399229,-0.294779711022557,-0.8492061004415474,-0.5178840605342699,0.10317508816277754,-0.07017451250261113,0.30432830075916373,0.9499788540552156,0.0918
1,1784842791.3935928,587,-29.82,46.52,-2060.96,-0.5232649439115283,0.7993295904678295,-0.29540819940515756,-0.8492722180403893,-0.5177135981944884,0.10348589232003232,-0.0702175059228297,0.30503251637661194,0.9497497911634041,0.1136
1,1784842791.4385762,590,-29.830000000000002,46.5,-2060.95,-0.5232161912828588,0.7995478284059531,-0.29490352197080316,-0.8493471138504936,-0.5175383420600257,0.10374750450780362,-0.06967278789668059,0.30475782941392143,0.9498780806175176,0.095
1,1784842791.4984696,593,-29.830000000000002,46.5,-2060.91,-0.5238028791418411,0.7997686501211632,-0.2932586743577933,-0.8490990211385799,-0.5177946031729997,0.10449689577408922,-0.06827441764103834,0.3037414282054527,0.9503050819013275,0.09570000000000001
1,1784842791.5585263,596,-29.82,46.5,-2060.93,-0.523562619678245,0.7994496819689635,-0.2945545607784341,-0.8491882469006357,-0.5176642376938648,0.10441771084760887,-0.06900365643557112,0.30480148131620477,0.9499129183172365,0.0994
1,1784842791.6035407,599,-29.82,46.52,-2060.89,-0.523562619678245,0.7994496819689635,-0.2945545607784341,-0.8491882469006357,-0.5176642376938648,0.10441771084760887,-0.06900365643557112,0.30480148131620477,0.9499129183172365,0.10300000000000001
1,1784842791.6634312,605,-29.830000000000002,46.5,-2060.94,-0.523206608044941,0.7994273314146172,-0.2952469933554135,-0.8493548647541864,-0.5174767618788414,0.10399093534432137,-0.06965026214240232,0.3051782146593905,0.9497447542791704,0.09190000000000001
1,1784842791.7232704,608,-29.830000000000002,46.51,-2060.98,-0.5232482914908733,0.7995883024979454,-0.2947367841996256,-0.8493413885163883,-0.5175281746788833,0.10384504883044234,-0.06950130362040655,0.3046688939192803,0.9499191722841825,0.10550000000000001
1,1784842791.7830827,611,-29.82,46.52,-2060.98,-0.522974339248475,0.7992272300348339,-0.2961987090763015,-0.8494359747392054,-0.5174084272191933,0.10366795194956242,-0.07040145812749155,0.3058175178327876,0.9494836915293045,0.10690000000000001
1,1784842791.8429604,614,-29.82,46.51,-2060.95,-0.5234743178451341,0.799608816797137,-0.2942794227547252,-0.8491890953161287,-0.517853579814305,0.10346762909086205,-0.06966002406507246,0.30406152333663,0.9501021371797148,0.0931
1,1784842791.887832,617,-29.82,46.5,-2060.98,-0.5234759726163699,0.7994486389919044,-0.2947113498108566,-0.8491978637436232,-0.5177562997345655,0.10388167450728422,-0.06954059466679986,0.3046478092800968,0.9499230589864768,0.0974
1,1784842791.9476433,620,-29.82,46.5,-2060.93,-0.5232536856886346,0.7993696115557585,-0.295319834305885,-0.8492711291148555,-0.5177494393976034,0.10331537763298286,-0.07031450536865108,0.3048667612657424,0.9497958350140827,0.1211
1,1784842792.0075114,623,-29.830000000000002,46.51,-2060.92,-0.5232649439115283,0.7993295904678295,-0.29540819940515756,-0.8492722180403893,-0.5177135981944884,0.10348589232003232,-0.0702175059228297,0.30503251637661194,0.9497497911634041,0.1115
1,1784842792.067125,629,-29.830000000000002,46.5,-2060.9900000000002,-0.523583365098935,0.799530057456925,-0.2942994172855288,-0.8491815106365618,-0.5176900004459669,0.10434474318940015,-0.06892910694824403,0.3045467955194754,0.950000014502177,0.0911
1,1784842792.1273508,632,-29.830000000000002,46.51,-2060.95,-0.5231084554037259,0.7994663399796937,-0.2953152808857017,-0.8493630998207031,-0.5176047338993829,0.10328438462766464,-0.0702841984239311,0.3048588373074032,0.9498006215872273,0.11370000000000001
1,1784842792.1722293,635,-29.830000000000002,46.5,-2060.92,-0.5234759726163699,0.7994486389919044,-0.2947113498108566,-0.8491978637436232,-0.5177562997345655,0.10388167450728422,-0.06954059466679986,0.3046478092800968,0.9499230589864768,0.099
1,1784842792.2320423,638,-29.82,46.51,-2060.9700000000003,-0.5230762382348868,0.7994258269596641,-0.29548197268851656,-0.8493687363903657,-0.517614937644021,0.10318684979400161,-0.0704556501401664,0.3049477389941325,0.9497593789195728,0.1032
1,1784842792.2918816,641,-29.830000000000002,46.51,-2060.96,-0.5232117374997871,0.7992084385402668,-0.2958299334220299,-0.8492846301912805,-0.5176981429235817,0.10346134415488176,-0.07046342784249149,0.3053760052451789,0.9496211880308815,0.10490000000000001
1,1784842792.336763,644,-29.830000000000002,46.51,-2060.98,-0.523206608044941,0.7994273314146172,-0.2952469933554135,-0.8493548647541864,-0.5174767618788414,0.10399093534432137,-0.06965026214240232,0.3051782146593905,0.9497447542791704,0.095
1,1784842792.3966055,647,-29.830000000000002,46.5,-2060.92,-0.5232762111388655,0.7992895552814296,-0.2954965544201284,-0.8492732899260463,-0.5176777283252074,0.10365639688047235,-0.07012050965547001,0.30519825755411356,0.9497037104863757,0.1057
1,1784842792.4564705,650,-29.82,46.52,-2060.9,-0.5234101388157589,0.7995280043154921,-0.2946129611883266,-0.849200449292044,-0.5178738910784343,0.10327259976137174,-0.07000302498505635,0.30423938478535034,0.9500199857047078,0.09670000000000001
1,1784842792.516129,656,-29.810000000000002,46.51,-2060.9,-0.5232821209927925,0.7994683776406972,-0.29500192372565304,-0.8493443080873386,-0.5174204934238786,0.10435650101756937,-0.06921031837034484,0.3051660959830588,0.9497808092889295,0.09430000000000001
1,1784842792.5759413,659,-29.830000000000002,46.52,-2060.88,-0.5231456776500718,0.7992880858122524,-0.29573156043045595,-0.8492868290824342,-0.5178158829905225,0.10285228859801593,-0.07092589021754409,0.30496764943405197,0.9497179849279037,0.11270000000000001
1,1784842792.6208215,662,-29.82,46.51,-2060.96,-0.5234101388157589,0.7995280043154921,-0.2946129611883266,-0.849200449292044,-0.5178738910784343,0.10327259976137174,-0.07000302498505635,0.30423938478535034,0.9500199857047078,0.09820000000000001
1,1784842792.680692,665,-29.82,46.51,-2060.96,-0.5235513504793468,0.7994896141091815,-0.29446619558585013,-0.8491873100817315,-0.5177001350874397,0.10424721831588457,-0.06910062089015692,0.3046357284725458,0.9499590397120268,0.0927
1,1784842792.740526,668,-29.830000000000002,46.5,-2060.92,-0.5233555620754371,0.7995674313951662,-0.2946029163074247,-0.8492038806511205,-0.5179555358345473,0.10283400208794906,-0.07036849246488591,0.3039966867426076,0.9500706761697973,0.0918
1,1784842792.800819,671,-29.82,46.52,-2060.9,-0.5233047189998582,0.7993883572461715,-0.29517863298644575,-0.8493461692972339,-0.5173485626645303,0.10469741834954265,-0.06901634424246254,0.30549749427484985,0.9496883832179869,0.0966
1,1784842792.860659,677,-29.830000000000002,46.51,-2060.92,-0.5230919820816295,0.7994296850733763,-0.29544366113591725,-0.8494121311741935,-0.5174034964902555,0.10388769529531797,-0.06981267575467087,0.305296250293286,0.9496948930371439,0.10070000000000001
1,1784842792.920529,680,-29.830000000000002,46.5,-2060.94,-0.5230485092691515,0.799429179508209,-0.2955219854801846,-0.8494167928727798,-0.5174495920152269,0.10361964924181258,-0.07008115964394067,0.30521944019689706,0.9496998075122756,0.1066
1,1784842792.9803398,683,-29.830000000000002,46.52,-2060.94,-0.5230796666373565,0.799367701110645,-0.29563311852976565,-0.8492887382667867,-0.5179333711014406,0.1022431521066659,-0.07138838423554175,0.3045591921459274,0.9498144013835853,0.1102
1,1784842793.0407577,686,-29.82,46.52,-2060.92,-0.5231840619596118,0.7995073400273046,-0.29507024681235683,-0.8493528219537593,-0.5175485186630916,0.10364996222298116,-0.06984426354846181,0.3048467550624471,0.9498369516802709,0.1062
1,1784842793.0856392,689,-29.82,46.51,-2060.94,-0.523206608044941,0.7994273314146172,-0.2952469933554135,-0.8493548647541864,-0.5174767618788414,0.10399093534432137,-0.06965026214240232,0.3051782146593905,0.9497447542791704,0.10020000000000001
1,1784842793.1455054,692,-29.82,46.5,-2060.92,-0.5231989719042097,0.7994091329922884,-0.2953097930765174,-0.8492744994954744,-0.5178312364116192,0.1028767957467818,-0.07067998518031285,0.30462411047868704,0.9498465618245819,0.0964
1,1784842793.2053454,695,-29.82,46.51,-2060.91,-0.523400837077323,0.7995099668304889,-0.2946784292843106,-0.849328592209478,-0.517318108135201,0.10499008263108912,-0.06850187006369979,0.30523071263247303,0.9498114054188066,0.0913
1,1784842793.2651849,701,-29.810000000000002,46.51,-2060.93,-0.5233403055493349,0.7996656480582083,-0.2943633399443192,-0.8492821145063094,-0.5176730919402934,0.10360723845691787,-0.06953283085867487,0.3042193636122171,0.9500609265916353,0.09240000000000001
1,1784842793.325025,704,-29.82,46.5,-2060.95,-0.523583365098935,0.799530057456925,-0.2942994172855288,-0.8491815106365618,-0.5176900004459669,0.10434474318940015,-0.06892910694824403,0.3045467955194754,0.950000014502177,0.093
1,1784842793.3699698,707,-29.82,46.51,-2060.92,-0.5234647203733572,0.7994885793366617,-0.2946229760807686,-0.8491968531695064,-0.5177921387725516,0.10371116426091365,-0.06963756954008643,0.30448203975865795,0.9499691028517487,0.0981
1,1784842793.4303427,710,-29.82,46.52,-2060.93,-0.5234213735754776,0.7994880739787589,-0.2947013492505505,-0.8492015137830552,-0.5178381098966716,0.10344312895117795,-0.06990604174839034,0.3044051765400472,0.9499740174461062,0.10650000000000001
1,1784842793.4901829,713,-29.82,46.51,-2060.94,-0.523619143227026,0.7998063404063738,-0.29348391896654014,-0.8491173850101905,-0.518013748762973,0.10325416488445924,-0.06944536931755045,0.30326815516683386,0.9503713835875184,0.0858
1,1784842793.5350544,716,-29.82,46.51,-2060.94,-0.5235400902779882,0.7995295321454446,-0.29437782032449816,-0.8491863562321873,-0.5177360038198634,0.10407671563677921,-0.06919758854769888,0.30446996169725005,0.9500051242826316,0.0902
1,1784842793.594903,719,-29.82,46.5,-2060.96,-0.5233952615963113,0.7993311198693223,-0.2951731033596796,-0.8492581238862117,-0.5175753467334202,0.10428997778814511,-0.06941209658122112,0.30526303618721207,0.9497349312234252,0.09050000000000001
1,1784842793.6547155,722,-29.82,46.5,-2060.94,-0.5233196800042311,0.7992900611592824,-0.2954181962104903,-0.8492686289508674,-0.5176316358019428,0.10392442204274606,-0.06985204649960583,0.305275101750856,0.9496987963827381,0.0974
1,1784842793.714591,728,-29.82,46.52,-2060.92,-0.5230004634605714,0.7993848181469807,-0.2957269479370225,-0.8493787946196811,-0.517671176934829,0.10282128097493658,-0.07089554619611402,0.30495977617880676,0.9497227787320504,0.1193
1,1784842793.7744231,731,-29.82,46.5,-2060.95,-0.5235496130515076,0.7996497146079456,-0.29403424392585303,-0.8491786575325954,-0.5177975221845516,0.10383320090740851,-0.06922001346977602,0.3040494366825407,0.9501381635258495,0.1023
1,1784842793.8193026,734,-29.82,46.5,-2060.93,-0.5234101388157589,0.7995280043154921,-0.2946129611883266,-0.849200449292044,-0.5178738910784343,0.10327259976137174,-0.07000302498505635,0.30423938478535034,0.9500199857047078,0.0993
1,1784842793.8791506,737,-29.82,46.51,-2060.95,-0.5237973810357499,0.7996927938248936,-0.293475278557881,-0.8491479308618468,-0.5175575556724422,0.10527092703786328,-0.06770594606926061,0.30434456142816707,0.9501527733980273,0.09480000000000001
1,1784842793.938983,740,-29.82,46.51,-2060.95,-0.5232117374997871,0.7992084385402668,-0.2958299334220299,-0.8492846301912805,-0.5176981429235817,0.10346134415488176,-0.07046342784249149,0.3053760052451789,0.9496211880308815,0.11220000000000001
1,1784842793.9988227,743,-29.810000000000002,46.5,-2060.96,-0.5229681584779519,0.799344280506126,-0.29589360662292735,-0.8493843596645766,-0.5176814078077798,0.10272375366658072,-0.07106697387237695,0.3050486538772117,0.9496814223687458,0.10500000000000001
1,1784842794.0586352,746,-29.82,46.5,-2060.94,-0.5231232031054821,0.7993681666846557,-0.29555481465182176,-0.8492844469299493,-0.517887418927479,0.1025112165546954,-0.07111991686968086,0.30463610325738816,0.949809876773559,0.1068
1,1784842794.103552,749,-29.810000000000002,46.51,-2060.96,-0.5232424364714978,0.7994096185418162,-0.2952314591268997,-0.8492700231483032,-0.5177852519303704,0.10314485282883998,-0.0704115079873379,0.30470099223046576,0.9498418420330401,0.1041
1,1784842794.1638687,755,-29.82,46.52,-2060.94,-0.5234102243509798,0.7996303495597944,-0.29433491316481314,-0.8493209962622275,-0.517379909966269,0.10474671389324383,-0.06852431942744631,0.3048103227027859,0.9499447798797723,0.0926
1,1784842794.2242649,758,-29.830000000000002,46.51,-2060.94,-0.5233518435269022,0.7993306020430807,-0.295251480122351,-0.8492628958986097,-0.5176214510285027,0.10402195482230918,-0.06968056778542987,0.3051862088505862,0.949739962516323,0.10700000000000001
1,1784842794.2691486,761,-29.82,46.51,-2060.96,-0.523031283923991,0.7995858369395982,-0.295128387998213,-0.8493641399782726,-0.5177579863641653,0.10250475732908235,-0.07084372770959214,0.3042846642894232,0.9499431611009587,0.095
1,1784842794.328989,764,-29.82,46.49,-2060.92,-0.5230004634605714,0.7993848181469807,-0.2957269479370225,-0.8493787946196811,-0.517671176934829,0.10282128097493658,-0.07089554619611402,0.30495977617880676,0.9497227787320504,0.10300000000000001
1,1784842794.388825,767,-29.82,46.5,-2060.94,-0.5232274593017828,0.7995078493517744,-0.294991906088119,-0.8493481239231891,-0.5175024774806424,0.10391799742853085,-0.06957578760431062,0.30492357177872886,0.9498319983833678,0.1087
1,1784842794.4493496,770,-29.830000000000002,46.51,-2060.92,-0.5229232339498165,0.7995044524695768,-0.29554005122282073,-0.8493794569090394,-0.5178243356276249,0.10204163666226794,-0.07145508782704535,0.3043855908434745,0.9498650338392807,0.1119
1,1784842794.5091584,776,-29.830000000000002,46.49,-2060.95,-0.5231309855676624,0.7993862867679247,-0.295492024370195,-0.8493652560808428,-0.5175330365001881,0.1036253728274082,-0.07009018263445094,0.3051903023660558,0.9497085056163205,0.1058
1,1784842794.5690253,779,-29.830000000000002,46.5,-2060.91,-0.5230066163517074,0.7992678523011728,-0.29603205828120843,-0.8494302933586612,-0.5173981994316251,0.10376550462235072,-0.07023002190628147,0.30572864357593826,0.9495250078435323,0.10260000000000001
1,1784842794.6288617,782,-29.82,46.51,-2060.95,-0.5232761397959946,0.7995848027900757,-0.2946968351838184,-0.8492935032157083,-0.5176934083917778,0.10341218643512774,-0.06987579635175878,0.3043972372654847,0.9499787866207053,0.0878
1,1784842794.688678,785,-29.830000000000002,46.5,-2060.96,-0.5231631725875419,0.7994268219084005,-0.2953253312223194,-0.8493595625916687,-0.5175228409399293,0.10372291231716335,-0.06991872626290675,0.30510140202709546,0.9497497071328179,0.11280000000000001
1,1784842794.7335582,788,-29.82,46.5,-2060.94,-0.5232103273718942,0.7996641574349683,-0.2945983513959606,-0.8492958744175308,-0.5178108159623608,0.10280309610977696,-0.07033826148517779,0.303988806021236,0.9500754363654637,0.0975
1,1784842794.7938883,791,-29.82,46.480000000000004,-2060.92,-0.5234048090801203,0.7994516174479556,-0.2948296409651689,-0.8492504026421668,-0.517637009740682,0.10404652689466626,-0.06943456951634577,0.30484264384526755,0.9498683082667339,0.1032
1,1784842794.8537233,794,-29.82,46.51,-2060.98,-0.5233931197856097,0.7997862921190585,-0.29394137017360256,-0.849269674049975,-0.5176885887836747,0.10363177978890892,-0.06928681620724182,0.3038756521697908,0.9501888891784878,0.0995
1,1784842794.91354,800,-29.82,46.51,-2060.94,-0.5231032730567875,0.7993896334834227,-0.29553202803844303,-0.8494131458193124,-0.5173675713966528,0.10405817496222595,-0.0697156612721691,0.30546196153755134,0.9496487332835315,0.10650000000000001
1,1784842794.973379,803,-29.82,46.49,-2060.95,-0.5234647203733572,0.7994885793366617,-0.2946229760807686,-0.8491968531695064,-0.5177921387725516,0.10371116426091365,-0.06963756954008643,0.30448203975865795,0.9499691028517487,0.10300000000000001
1,1784842795.0182176,806,-29.830000000000002,46.51,-2060.95,-0.5234759726163699,0.7994486389919044,-0.2947113498108566,-0.8491978637436232,-0.5177562997345655,0.10388167450728422,-0.06954059466679986,0.3046478092800968,0.9499230589864768,0.1008
1,1784842795.078025,809,-29.82,46.5,-2060.94,-0.5229779842153545,0.7994648959428876,-0.29555017878707546,-0.849376417028317,-0.5177426992318785,0.10248023998911693,-0.07108959292458324,0.3046282612416588,0.9498146620423905,0.1073
1,1784842795.1379044,812,-29.82,46.5,-2060.94,-0.52298921933216,0.7994248640966498,-0.2956385684013351,-0.8493776143467302,-0.5177069524194834,0.10265076552655766,-0.07099256798422873,0.30479402566419156,0.9497687388045686,0.10210000000000001
1,1784842795.182833,815,-29.82,46.51,-2060.96,-0.5233178424088244,0.7997454187287738,-0.2941865072346306,-0.8492800524100496,-0.5177446140436094,0.10326619585913684,-0.06972681259713834,0.30388777509332693,0.950152825472761,0.0915
1,1784842795.2428067,818,-29.82,46.5,-2060.94,-0.5231840619596118,0.7995073400273046,-0.29507024681235683,-0.8493528219537593,-0.5175485186630916,0.10364996222298116,-0.06984426354846181,0.3048467550624471,0.9498369516802709,0.0994
1,1784842795.3028417,821,-29.830000000000002,46.52,-2060.92,-0.5232161912828588,0.7995478284059531,-0.29490352197080316,-0.8493471138504936,-0.5175383420600257,0.10374750450780362,-0.06967278789668059,0.30475782941392143,0.9498780806175176,0.11
1,1784842795.3625605,827,-29.82,46.5,-2060.98,-0.5232327756158328,0.7995843057385512,-0.294775169473195,-0.849298089665079,-0.517739354289834,0.10314415112255881,-0.07014426143740496,0.30432038879467976,0.9499836227805487,0.09920000000000001
1,1784842795.4224002,830,-29.830000000000002,46.49,-2060.94,-0.5235775570969808,0.7996460737740666,-0.2939943849839273,-0.849130820593806,-0.517962581027254,0.10340026195941117,-0.06959447695074203,0.3037777499312699,0.950197709650285,0.0887
1,1784842795.4672081,833,-29.82,46.51,-2060.9900000000002,-0.5233782422011107,0.7995898780180959,-0.2945016851589859,-0.8493268500704844,-0.5173900419896745,0.10464915766155058,-0.06869583204114194,0.30489928078126016,0.9499038431542668,0.108
1,1784842795.5270443,836,-29.82,46.51,-2060.94,-0.5231681882280969,0.7992079485423788,-0.29590826587443125,-0.8492891430580387,-0.5177442323600043,0.10319332023775665,-0.07073187619364318,0.3052991399343149,0.9496259457520602,0.1008
1,1784842795.5875998,839,-29.82,46.5,-2060.94,-0.523297000638785,0.7996651431721757,-0.29444168848496166,-0.8492867750984683,-0.5177190204304688,0.10333919647142423,-0.06980130919470856,0.30414252362985933,0.9500658411682661,0.0999
1,1784842795.6474123,842,-29.82,46.5,-2060.94,-0.522999035567,0.799545382450704,-0.29529509003325016,-0.8493696799331864,-0.5177681972592243,0.10240722980888312,-0.0710151787027557,0.3043735785325171,0.94990187339805,0.12050000000000001
1,1784842795.7072766,848,-29.82,46.5,-2060.95,-0.522974339248475,0.7992272300348339,-0.2961987090763015,-0.8494359747392054,-0.5174084272191933,0.10366795194956242,-0.07040145812749155,0.3058175178327876,0.9494836915293045,0.1082
1,1784842795.7672083,851,-29.82,46.51,-2060.91,-0.5233727032713574,0.799411123329141,-0.29499638873734163,-0.8492561503091859,-0.5176471755572971,0.10394899133505012,-0.0696060674974038,0.3049315620515429,0.9498272147250536,0.11900000000000001
1,1784842795.8272915,854,-29.82,46.5,-2060.96,-0.5233293021601274,0.7994106137103619,-0.29507475694782237,-0.8492608485540578,-0.5176932214975338,0.10368095065510714,-0.06987454911364702,0.3048547180260258,0.9498321684821148,0.1109
1,1784842795.887138,857,-29.830000000000002,46.5,-2061.0,-0.5229840402655284,0.7993480505625391,-0.29585534926617885,-0.8494281279436519,-0.5174700178544639,0.10342454292789463,-0.07042406609737399,0.30539724079233144,0.9496172788185477,0.1087
1,1784842795.9320064,860,-29.82,46.51,-2060.96,-0.5234499596368308,0.7992916269555218,-0.295183053095863,-0.8492542022718413,-0.5174932354072863,0.10472846428415368,-0.0690466485777445,0.3055055586834613,0.9496835862189509,0.08940000000000001
1,1784842795.9917145,863,-29.830000000000002,46.5,-2060.96,-0.5230439919654759,0.7993852996644134,-0.29564865152619096,-0.8493743557326471,-0.5176251506053225,0.10308931702445147,-0.07062709319071427,0.30503663081874793,0.9497180989989488,0.10550000000000001
1,1784842796.052147,866,-29.82,46.51,-2060.9700000000003,-0.5231181503779366,0.799586799115927,-0.29497178072607716,-0.8493552612923981,-0.5176661231436055,0.10304089025426728,-0.07030676254876893,0.3044383938155894,0.9499337995412602,0.1032
1,1784842796.1119857,872,-29.82,46.51,-2060.94,-0.5233727032713574,0.799411123329141,-0.29499638873734163,-0.8492561503091859,-0.5176471755572971,0.10394899133505012,-0.0696060674974038,0.3049315620515429,0.9498272147250536,0.1071
1,1784842796.1718261,875,-29.82,46.5,-2060.91,-0.5234328181853442,0.799550474782107,-0.2945116689067783,-0.8493226987091472,-0.5173079750820032,0.10508764139502201,-0.06833036150906516,0.305141765729087,0.9498523382630457,0.1028
1,1784842796.2165947,878,-29.810000000000002,46.49,-2060.95,-0.5229517621131319,0.7993074646814529,-0.2960220116938574,-0.8494337696313976,-0.5174802446039819,0.10332699286438694,-0.0705955063199084,0.3054861262792651,0.9495759585932685,0.11510000000000001
1,1784842796.2764614,881,-29.82,46.52,-2060.93,-0.52259461673917,0.7992845096376561,-0.29671390127281194,-0.8495995970465821,-0.517293090801144,0.10289986835601449,-0.071241780252362,0.30586292822552275,0.9494063818427718,0.1154
1,1784842796.3361323,884,-29.810000000000002,46.52,-2060.93,-0.5230162893187962,0.7993886221725717,-0.29568867385856173,-0.8494224690243645,-0.5174598003244794,0.10352209505561101,-0.07025261720213856,0.30530834542997287,0.9496585617931649,0.1015
1,1784842796.3816357,887,-29.82,46.49,-2060.9700000000003,-0.5235080460096595,0.7994890927135104,-0.29454459152270357,-0.8491921186020199,-0.5177461471675819,0.1039791940598577,-0.06936909590993134,0.3045588904058665,0.9499641102733231,0.0888
1,1784842796.441508,890,-29.82,46.5,-2060.92,-0.5234310176556889,0.7996083157164724,-0.29435779451714217,-0.849193719236632,-0.5178994838572061,0.10319957281644017,-0.0699285132473603,0.3039846477332459,0.9501070134345436,0.1163
1,1784842796.501316,893,-29.82,46.52,-2060.95,-0.5232656617833642,0.7994317875551458,-0.295130249626843,-0.8493927446797801,-0.5172189097768048,0.10495982400253774,-0.06873872623032971,0.305603364535926,0.9496744553269578,0.1228
1,1784842796.5611637,899,-29.82,46.49,-2060.9700000000003,-0.5227088528893428,0.7989857457231541,-0.2973167221034217,-0.8495224307072903,-0.5173505944564554,0.10324728636012592,-0.0713238728357127,0.3065454950684616,0.9491800485771639,0.1119
1,1784842796.621716,902,-29.830000000000002,46.52,-2060.9700000000003,-0.523005015311964,0.7994286819653973,-0.2956002983922721,-0.849421380599095,-0.5174956670674592,0.1033515977018886,-0.07034964207201003,0.30514261750446037,0.949704644004054,0.10980000000000001
1,1784842796.6666167,905,-29.830000000000002,46.51,-2060.95,-0.5233669582615029,0.7996298124595306,-0.2944132979775853,-0.8493259534540618,-0.5174259659426104,0.10447867991942433,-0.06879281786241302,0.3047335439269737,0.9499500067983871,0.0942
1,1784842796.7271001,908,-29.82,46.49,-2060.92,-0.5229615002151304,0.7994281924450605,-0.29567859986269457,-0.8494258943520376,-0.5175417216412695,0.10308354070767964,-0.07061812300664187,0.3050657822251032,0.9497094025113181,0.1015
1,1784842796.7869396,911,-29.82,46.52,-2060.9900000000002,-0.5230439919654759,0.7993852996644134,-0.29564865152619096,-0.8493743557326471,-0.5176251506053225,0.10308931702445147,-0.07062709319071427,0.30503663081874793,0.9497180989989488,0.09480000000000001
1,1784842796.831849,914,-29.82,46.52,-2060.98,-0.5230425089849405,0.7995458556073596,-0.29521679927780814,-0.8493653146479989,-0.517722267195739,0.10267529558082371,-0.07074670358146799,0.3044504538193351,0.9498972708148795,0.0971
1,1784842796.891687,917,-29.82,46.49,-2060.94,-0.523021495743887,0.7994653692683543,-0.29547189093117027,-0.8493720519224695,-0.5176967312775481,0.10274829359924319,-0.07082112963545079,0.3047051324890283,0.9498100598709209,0.09960000000000001
1,1784842796.9515274,920,-29.830000000000002,46.51,-2060.94,-0.5226148848415083,0.7991025050624928,-0.29716808130239314,-0.8494784403026684,-0.5177159721329848,0.1017671443018049,-0.07252628215373383,0.3056229026124304,0.9493864227993308,0.11670000000000001
1,1784842797.0113401,926,-29.82,46.5,-2060.95,-0.5229456781871904,0.7994243946975785,-0.29571684907652773,-0.8493819423813633,-0.5177529290698031,0.10238271531905296,-0.07126102456323671,0.3047171501606858,0.9497733017810871,0.10070000000000001
1,1784842797.071179,929,-29.810000000000002,46.51,-2060.94,-0.5233066243476069,0.7997852828863267,-0.2940980758052507,-0.8492789958067334,-0.5177803320828138,0.10309565941259463,-0.06982380822770488,0.3037219600006713,0.9501987196465438,0.1072
1,1784842797.1162558,932,-29.82,46.51,-2060.94,-0.5232215469899909,0.7996242386436238,-0.2946867654629335,-0.8492969905609231,-0.5177750994637118,0.102973628660462,-0.07024125988021675,0.30415460435270175,0.9500295479938986,0.0985
1,1784842797.176068,935,-29.810000000000002,46.49,-2060.94,-0.5233009901691436,0.7996068605640176,-0.2945928414387386,-0.8492071472328573,-0.5180370730080044,0.1023953713696658,-0.07073397187085015,0.30375394569989594,0.9501211742168042,0.11080000000000001
1,1784842797.2359085,938,-29.82,46.5,-2060.95,-0.5238187650046117,0.7996703073860303,-0.2934983831542774,-0.849021615643043,-0.5180769307171599,0.10372362329558138,-0.06911003979104664,0.3035188517107605,0.950315794384299,0.08990000000000001
1,1784842797.2808151,941,-29.82,46.51,-2060.94,-0.5236153505864852,0.7995704865102419,-0.2941326260923244,-0.8491756939612368,-0.517679875026617,0.10444227007240937,-0.06875758442269474,0.3044578527386036,0.9500409520068883,0.0936
1,1784842797.3406556,944,-29.830000000000002,46.51,-2060.95,-0.5230102611492001,0.7995053829139271,-0.2953834955177765,-0.8493708744507833,-0.517732478606791,0.1025777667449472,-0.07091815259408181,0.30453936245963936,0.9498559850552708,0.0985
1,1784842797.4004672,947,-29.82,46.5,-2060.94,-0.5232291901418328,0.7993472664168572,-0.2954236995493418,-0.8493568394093876,-0.5174048904816154,0.10433186787460214,-0.0694562735252729,0.3055096184698703,0.9496524096164747,0.0985
1,1784842797.460307,953,-29.82,46.51,-2060.92,-0.5231744506548159,0.7993867923537659,-0.29541369364399617,-0.8493605953182563,-0.5174869487359168,0.10389339251659853,-0.06982172514804401,0.3052671192551661,0.9497035919690958,0.113
1,1784842797.5201712,956,-29.830000000000002,46.49,-2060.88,-0.5234326173379564,0.7994481295337821,-0.2947897272492274,-0.8492025612379066,-0.5178023000423418,0.1036136480288204,-0.06980906168769244,0.30457095438632703,0.9499280123517182,0.10360000000000001
1,1784842797.565028,959,-29.82,46.5,-2060.91,-0.5231519035249026,0.7994668373653339,-0.2952369587151002,-0.849358512826933,-0.5175587044868868,0.10355242198169927,-0.07001573056600614,0.30493567086014406,0.9497957854772687,0.0976
1,1784842797.624894,962,-29.82,46.51,-2060.94,-0.5231953305001731,0.7994673427707958,-0.29515862512523283,-0.8493538518727003,-0.5175126545996823,0.1038204538527788,-0.06974726124961264,0.3050124918297495,0.9497908713901103,0.10790000000000001
1,1784842797.6847072,965,-29.82,46.51,-2060.91,-0.5233236710027964,0.7996292833728733,-0.29449167142848426,-0.8493308366839427,-0.5174720014627024,0.10421064033935816,-0.06906131497380508,0.3046567525507523,0.9499551557306896,0.0906
1,1784842797.7445788,968,-29.830000000000002,46.5,-2060.89,-0.5233196800042311,0.7992900611592824,-0.2954181962104903,-0.8492686289508674,-0.5176316358019428,0.10392442204274606,-0.06985204649960583,0.305275101750856,0.9496987963827381,0.0995
1,1784842797.8044107,971,-29.830000000000002,46.51,-2060.9,-0.5232004692256027,0.7992485101212976,-0.29574159002581146,-0.8492835186127295,-0.5177340117570842,0.10329084220150772,-0.07056042810875314,0.3052102752837811,0.9496672648071577,0.11180000000000001
1,1784842797.8492947,974,-29.82,46.51,-2060.92,-0.5230117165992766,0.7993447580972805,-0.2958153173895471,-0.8493799578483046,-0.5176353727820895,0.10299178632473549,-0.07079852756583785,0.30512551277654215,0.9496767818301982,0.108
1,1784842797.9098291,980,-29.82,46.51,-2060.89,-0.522896912719228,0.799347079197629,-0.29601193497377715,-0.8494370811065408,-0.5175621822846098,0.10288844789378834,-0.07096100274024093,0.3052435657749594,0.9496267170015216,0.1134
1,1784842797.9696686,983,-29.830000000000002,46.5,-2060.95,-0.5232595589886008,0.7995483416480021,-0.2948251741201637,-0.8493423787423886,-0.5174923095840038,0.10401554303869502,-0.06940430533674453,0.3048346418787461,0.9498730881077643,0.1068
1,1784842798.0143313,986,-29.82,46.5,-2060.92,-0.5237115849131931,0.7995891527311281,-0.2939104670855195,-0.8490377333402708,-0.5181430105124482,0.10326058309690272,-0.0697216120878362,0.3036198404120092,0.9502388590854721,0.0908
1,1784842798.074166,989,-29.830000000000002,46.51,-2060.94,-0.523765542300649,0.7996523998590667,-0.2936421224861008,-0.8491538733948844,-0.5175676359871726,0.10517338768488012,-0.06787750729786461,0.3044335421373352,0.9501120262499279,0.0913
1,1784842798.133983,992,-29.82,46.51,-2060.93,-0.5232916295568598,0.7995888196561457,-0.2946584292305553,-0.849336616329554,-0.5174821509109597,0.10411309067754612,-0.06923281445666019,0.3047457021345154,0.9499141405584777,0.0949
1,1784842798.1938221,995,-29.830000000000002,46.5,-2060.92,-0.5235140797038634,0.7993727179581599,-0.2948495652633748,-0.8492424964619416,-0.5174729273125611,0.10492355170150326,-0.06870364295222041,0.30532773749325975,0.9497656459160548,0.0961
1,1784842798.2536912,998,-29.830000000000002,46.51,-2060.9,-0.5231728024245715,0.7995473231807438,-0.29498185842137414,-0.8493517749962168,-0.5175843540648849,0.10347946046444083,-0.06994126903335497,0.304681004366441,0.9498829951442759,0.10640000000000001
1,1784842798.2997758,1001,-29.82,46.51,-2060.88,-0.5230117165992766,0.7993447580972805,-0.2958153173895471,-0.8493799578483046,-0.5176353727820895,0.10299178632473549,-0.07079852756583785,0.30512551277654215,0.9496767818301982,0.1048
1,1784842798.3596618,1007,-29.82,46.5,-2060.9,-0.522956913826553,0.7993843446525843,-0.29580523289043686,-0.8493831595460432,-0.5177171827747314,0.1025532395362343,-0.07116399764338814,0.3048829089735167,0.9497273804915061,0.11520000000000001
1,1784842798.4194756,1010,-29.82,46.5,-2060.94,-0.522756128995091,0.7992248404704005,-0.2965900941925245,-0.8494579864215062,-0.5176390199368742,0.1023277789435131,-0.07174370287898396,0.30543329781452305,0.9495068939630491,0.10840000000000001
1,1784842798.464379,1013,-29.82,46.52,-2060.92,-0.5235771256621374,0.7997485670927587,-0.293716228554797,-0.849250978384985,-0.5174689634067229,0.1048744374140695,-0.0681158512794216,0.30434865096440145,0.9501221655453728,0.08120000000000001
1,1784842798.5241947,1016,-29.82,46.51,-2060.91,-0.5229404870588654,0.799347560867355,-0.2959336478504041,-0.8494326415108022,-0.5175161103105238,0.10315649812322482,-0.07069253518312782,0.30532040957734247,0.9496220368993689,0.11130000000000001
1,1784842798.5841224,1019,-29.82,46.51,-2060.9,-0.5233667793453451,0.7995275110740779,-0.2946913186935965,-0.8492049990658979,-0.5179198125246771,0.1030045501708133,-0.07027150090306204,0.30416250069673845,0.9500247835350073,0.10540000000000001
1,1784842798.6439838,1022,-29.82,46.5,-2060.93,-0.5235080460096595,0.7994890927135104,-0.29454459152270357,-0.8491921186020199,-0.5177461471675819,0.1039791940598577,-0.06936909590993134,0.3045588904058665,0.9499641102733231,0.09970000000000001
1,1784842798.7038019,1025,-29.82,46.51,-2060.9,-0.5231519035249026,0.7994668373653339,-0.2952369587151002,-0.849358512826933,-0.5175587044868868,0.10355242198169927,-0.07001573056600614,0.30493567086014406,0.9497957854772687,0.108
1,1784842798.749406,1028,-29.82,46.51,-2060.93,-0.5228061304645812,0.7991079047717862,-0.2968169578711727,-0.8495055858675165,-0.5173197606146658,0.10353996743998253,-0.07080967115118496,0.3062789934174905,0.9493045710743365,0.10600000000000001
1,1784842798.8092427,1034,-29.82,46.51,-2060.94,-0.5232649439115283,0.7993295904678295,-0.29540819940515756,-0.8492722180403893,-0.5177135981944884,0.10348589232003232,-0.0702175059228297,0.30503251637661194,0.9497497911634041,0.1169
1,1784842798.8697631,1037,-29.82,46.52,-2060.95,-0.523097203832639,0.7995063454334779,-0.29522689402234215,-0.8493619961295156,-0.5176405396035071,0.10311387535087178,-0.07038121108193393,0.3046930838903217,0.9498466243326056,0.10640000000000001
1,1784842798.9146726,1040,-29.82,46.51,-2060.93,-0.523097203832639,0.7995063454334779,-0.29522689402234215,-0.8493619961295156,-0.5176405396035071,0.10311387535087178,-0.07038121108193393,0.3046930838903217,0.9498466243326056,0.10980000000000001
1,1784842798.9745111,1043,-29.82,46.51,-2060.98,-0.5234268518994574,0.7996666818645252,-0.29420660874019133,-0.8492725714623284,-0.5175811735398173,0.10414330587661379,-0.06899586996616407,0.3043730058873917,0.9500508634882062,0.0879
1,1784842799.0343516,1046,-29.830000000000002,46.51,-2060.92,-0.5227142967407616,0.7993261301492316,-0.2963907921030354,-0.8495850730830665,-0.5171904995489254,0.10353352486404377,-0.07053345005918525,0.3059276464084061,0.9494384169527593,0.11950000000000001
1,1784842799.0801218,1049,-29.82,46.51,-2060.91,-0.5233989130601118,0.7995679205405875,-0.2945245630671481,-0.849199367763732,-0.5179096435834549,0.10310206046892025,-0.07010001139209501,0.30407357913120225,0.9500659171221589,0.1053
1,1784842799.1391156,1052,-29.830000000000002,46.51,-2060.9700000000003,-0.5230327393497495,0.7994253415173832,-0.29556027626883874,-0.8493732123493787,-0.5176609552756672,0.1029188103622507,-0.07072410983246209,0.30487088861171874,0.9497640978503592,0.10990000000000001
1,1784842799.1990852,1055,-29.830000000000002,46.52,-2060.96,-0.5230762382348868,0.7994258269596641,-0.29548197268851656,-0.8493687363903657,-0.517614937644021,0.10318684979400161,-0.0704556501401664,0.3049477389941325,0.9497593789195728,0.1029
1,1784842799.2591224,1061,-29.82,46.5,-2060.94,-0.5231953305001731,0.7994673427707958,-0.29515862512523283,-0.8493538518727003,-0.5175126545996823,0.1038204538527788,-0.06974726124961264,0.3050124918297495,0.9497908713901103,0.10650000000000001
1,1784842799.3190973,1064,-29.82,46.5,-2060.96,-0.5232274593017828,0.7995078493517744,-0.294991906088119,-0.8493481239231891,-0.5175024774806424,0.10391799742853085,-0.06957578760431062,0.30492357177872886,0.9498319983833678,0.1004
1,1784842799.3640838,1067,-29.82,46.51,-2060.92,-0.5231519035249026,0.7994668373653339,-0.2952369587151002,-0.849358512826933,-0.5175587044868868,0.10355242198169927,-0.07001573056600614,0.30493567086014406,0.9497957854772687,0.1101
1,1784842799.424025,1070,-29.82,46.5,-2060.95,-0.5233403055493349,0.7996656480582083,-0.2943633399443192,-0.8492821145063094,-0.5176730919402934,0.10360723845691787,-0.06953283085867487,0.3042193636122171,0.9500609265916353,0.1422
1,1784842799.4838662,1073,-29.830000000000002,46.5,-2060.94,-0.5232178945925997,0.7993873059621701,-0.2953353514983116,-0.8493558605993654,-0.5174408405047556,0.10416140668809855,-0.06955326623242472,0.30534392354241496,0.9496986003528305,0.0944
1,1784842799.528773,1076,-29.82,46.5,-2060.92,-0.5234004851846855,0.7994076654459876,-0.2949564654904717,-0.8492082520800166,-0.5178124705285357,0.10351613383592628,-0.06998054520821369,0.30465985917302985,0.9498868845820699,0.09290000000000001
1,1784842799.588586,1079,-29.830000000000002,46.5,-2060.9700000000003,-0.5235887774126982,0.7996062200944257,-0.2940827858848264,-0.8491318436146946,-0.5179268312013172,0.10357079550371272,-0.06949751309928714,0.30394356434717773,0.9501517801724876,0.098
1,1784842799.6481278,1082,-29.830000000000002,46.5,-2060.96,-0.5234213735754776,0.7994880739787589,-0.2947013492505505,-0.8492015137830552,-0.5178381098966716,0.10344312895117795,-0.06990604174839034,0.3044051765400472,0.9499740174461062,0.1129
1,1784842799.7079678,1088,-29.82,46.51,-2060.94,-0.5233194828274665,0.799585307856035,-0.2946184894977962,-0.8492888428146509,-0.5176474420149177,0.10368021627081943,-0.06960732981334963,0.30447407317566877,0.9499738724828557,0.1198
1,1784842799.7678077,1091,-29.830000000000002,46.5,-2060.9700000000003,-0.5231631725875419,0.7994268219084005,-0.2953253312223194,-0.8493595625916687,-0.5175228409399293,0.10372291231716335,-0.06991872626290675,0.30510140202709546,0.9497497071328179,0.096
1,1784842799.8126874,1094,-29.82,46.5,-2060.91,-0.5231840619596118,0.7995073400273046,-0.29507024681235683,-0.8493528219537593,-0.5175485186630916,0.10364996222298116,-0.06984426354846181,0.3048467550624471,0.9498369516802709,0.1008
1,1784842799.8725004,1097,-29.830000000000002,46.5,-2060.94,-0.5231936822616033,0.7996277441958008,-0.2947267235149872,-0.8493450425902306,-0.5176099852286333,0.10340648828295812,-0.06986679804416474,0.30442630291081807,0.949970134597455,0.11910000000000001
1,1784842799.9322805,1100,-29.82,46.5,-2060.93,-0.5231580416610594,0.7993500895954774,-0.2955420405104285,-0.8494093339828637,-0.5172854433242031,0.104496667256285,-0.06935017511263636,0.30570443959580496,0.9495974667316996,0.1318
1,1784842799.9921265,1103,-29.82,46.5,-2060.93,-0.5231084554037259,0.7994663399796937,-0.2953152808857017,-0.8493630998207031,-0.5176047338993829,0.10328438462766464,-0.0702841984239311,0.3048588373074032,0.9498006215872273,0.10880000000000001
1,1784842800.0519133,1106,-29.830000000000002,46.5,-2060.92,-0.5230597917610134,0.7993891238161334,-0.2956103566646474,-0.8494178444069346,-0.51741369609498,0.10379013776081336,-0.06998413996043812,0.3053851597864678,0.9496536865279845,0.1071
1,1784842800.0968947,1109,-29.82,46.51,-2060.93,-0.5231084554037259,0.7994663399796937,-0.2953152808857017,-0.8493630998207031,-0.5176047338993829,0.10328438462766464,-0.0702841984239311,0.3048588373074032,0.9498006215872273,0.09920000000000001
1,1784842800.156902,1115,-29.830000000000002,46.49,-2060.95,-0.523097203832639,0.7995063454334779,-0.29522689402234215,-0.8493619961295156,-0.5176405396035071,0.10311387535087178,-0.07038121108193393,0.3046930838903217,0.9498466243326056,0.1052
1,1784842800.2168436,1118,-29.82,46.5,-2060.96,-0.5234499596368308,0.7992916269555218,-0.295183053095863,-0.8492542022718413,-0.5174932354072863,0.10472846428415368,-0.0690466485777445,0.3055055586834613,0.9496835862189509,0.0886
1,1784842800.2628818,1121,-29.830000000000002,46.51,-2060.9,-0.5233782422011107,0.7995898780180959,-0.2945016851589859,-0.8493268500704844,-0.5173900419896745,0.10464915766155058,-0.06869583204114194,0.30489928078126016,0.9499038431542668,0.1032
1,1784842800.3218043,1124,-29.810000000000002,46.51,-2060.93,-0.5231293924187868,0.7995468259724959,-0.2950601834623886,-0.8493563621784399,-0.5176303455929042,0.1032114109407358,-0.07020974871453367,0.3046041667454302,0.9498878316868598,0.0926
1,1784842800.3817532,1127,-29.82,46.5,-2060.95,-0.5235288390754825,0.7995694360743575,-0.29428943499896776,-0.849185385350853,-0.5177718438869511,0.10390620281980525,-0.06929455940260507,0.3043041809992775,0.9500511720236747,0.10640000000000001
1,1784842800.441592,1130,-29.82,46.5,-2060.9,-0.5233835893045695,0.799666160955699,-0.29428498002623193,-0.8492773799605506,-0.5176271429748524,0.10387527493602257,-0.06926435110508301,0.30429619103443567,0.9500559340312158,0.094
1,1784842800.501405,1133,-29.82,46.51,-2060.95,-0.5234310176556889,0.7996083157164724,-0.29435779451714217,-0.849193719236632,-0.5178994838572061,0.10319957281644017,-0.0699285132473603,0.3039846477332459,0.9501070134345436,0.1043
1,1784842800.5463164,1136,-29.82,46.51,-2060.93,-0.5231728024245715,0.7995473231807438,-0.29498185842137414,-0.8493517749962168,-0.5175843540648849,0.10347946046444083,-0.06994126903335497,0.304681004366441,0.9498829951442759,0.1009
1,1784842800.6061559,1142,-29.82,46.5,-2060.94,-0.5232311962614308,0.7994496114226034,-0.29514307387279193,-0.8492689001395927,-0.517821035788611,0.10297431791712171,-0.0705085137732931,0.30453520927974503,0.9498878122149074,0.1039
1,1784842800.6659925,1145,-29.82,46.51,-2060.95,-0.5233194828274665,0.799585307856035,-0.2946184894977962,-0.8492888428146509,-0.5176474420149177,0.10368021627081943,-0.06960732981334963,0.30447407317566877,0.9499738724828557,0.11320000000000001
1,1784842800.7258282,1148,-29.82,46.51,-2060.91,-0.5228871185261047,0.7992262501194926,-0.29635529757269674,-0.8494450013152935,-0.5175007257568169,0.10313189895288788,-0.070938360707929,0.30566386760803455,0.9494932064101193,0.10400000000000001
1,1784842800.786241,1151,-29.82,46.51,-2060.94,-0.5232858798918232,0.7994101121145469,-0.2951531137475053,-0.8492654728341337,-0.5177392469571177,0.10341290447565972,-0.07014302928770386,0.3047778614159566,0.9498370442518339,0.0979
1,1784842800.8460512,1154,-29.82,46.5,-2060.92,-0.523021495743887,0.7994653692683543,-0.29547189093117027,-0.8493720519224695,-0.5176967312775481,0.10274829359924319,-0.07082112963545079,0.3047051324890283,0.9498100598709209,0.1119
1,1784842800.905915,1160,-29.830000000000002,46.51,-2060.92,-0.5232006194381356,0.7995438655910128,-0.2949418905739429,-0.8493037211109158,-0.5177495350443897,0.10304663152413139,-0.07031572460483547,0.304409306620377,0.9499424576868842,0.1245
1,1784842800.96576,1163,-29.82,46.51,-2060.95,-0.5236752396191263,0.799607254173267,-0.2939259813002913,-0.8491223016612724,-0.5178349945304017,0.10410684540971316,-0.06896057012027777,0.3040972829756743,0.9501417169325316,0.09680000000000001
1,1784842801.0113032,1166,-29.82,46.5,-2060.94,-0.5228434764703409,0.7992257722064912,-0.296433574605418,-0.8494494036528103,-0.5175468443060344,0.10286386431954765,-0.07120680969045733,0.3055870235952489,0.949497846897982,0.10020000000000001
1,1784842801.0711434,1169,-29.82,46.5,-2060.94,-0.5232708354896791,0.799508366694453,-0.29491355396370234,-0.849343351932322,-0.5174564158309398,0.10418602710424088,-0.06930731025152617,0.30500037590299106,0.9498269671075533,0.10350000000000001
1,1784842801.13101,1172,-29.82,46.51,-2060.95,-0.5231084554037259,0.7994663399796937,-0.2953152808857017,-0.8493630998207031,-0.5176047338993829,0.10328438462766464,-0.0702841984239311,0.3048588373074032,0.9498006215872273,0.10250000000000001
1,1784842801.190848,1175,-29.830000000000002,46.51,-2060.94,-0.5234198014246255,0.7996481996136118,-0.29426938055345647,-0.8491926405183584,-0.5179352081950724,0.10302902213155707,-0.07002550082693894,0.3038188226009644,0.9501529099399212,0.1121
1,1784842801.2514222,1181,-29.82,46.5,-2060.92,-0.5232500223496507,0.7994278489419038,-0.29516864407861976,-0.8493500929594455,-0.5174306623526382,0.10425895283903171,-0.06938179661028784,0.30525501469006366,0.949739723453588,0.1047
1,1784842801.310932,1184,-29.82,46.5,-2060.94,-0.5233082372309917,0.7996252325695403,-0.29453009402147823,-0.8492878174743487,-0.5176832455565121,0.10350971142715844,-0.06970431791395598,0.3043083053552509,0.9500198752426002,0.09090000000000001
1,1784842801.3707695,1187,-29.82,46.51,-2060.9900000000002,-0.5234630931283087,0.7996486965984052,-0.2941910130527701,-0.8491880534838483,-0.5178893333471231,0.10329708720765066,-0.06975700647860429,0.3038957065075848,0.9501480724673389,0.1056
1,1784842801.43061,1190,-29.82,46.52,-2060.95,-0.5236811368384255,0.799491226407869,-0.2942309395975477,-0.8491724408156851,-0.517561976052821,0.1050512575052336,-0.06829518781543692,0.3048661670981889,0.9499433601431789,0.10890000000000001
1,1784842801.4904492,1193,-29.82,46.5,-2060.94,-0.5227673886486316,0.7991846815112523,-0.29667844917224645,-0.8494592478723647,-0.517603214155801,0.10249828730130445,-0.07164665776997137,0.30559901428725617,0.9494608990880299,0.1075
1,1784842801.5502772,1196,-29.830000000000002,46.5,-2060.96,-0.5234363357668235,0.7997868087461624,-0.29386300031584633,-0.8492649022346677,-0.517642686417829,0.10389983171532949,-0.06901831808543134,0.303952479433485,0.9501838569534294,0.09530000000000001
1,1784842801.5951731,1199,-29.82,46.51,-2060.92,-0.5232916295568598,0.7995888196561457,-0.2946584292305553,-0.849336616329554,-0.5174821509109597,0.10411309067754612,-0.06923281445666019,0.3047457021345154,0.9499141405584777,0.0966
1,1784842801.655013,1205,-29.82,46.51,-2060.94,-0.5235305764512641,0.7994092061251812,-0.29472132037386606,-0.8491940489616134,-0.5176743820713345,0.10432018671016209,-0.06917515976698754,0.3048903988474707,0.9498719081864891,0.1077
1,1784842801.7148535,1208,-29.830000000000002,46.49,-2060.92,-0.523237032997811,0.7996282492408843,-0.29464838420667805,-0.8493403812531723,-0.5175640111113942,0.10367454448899545,-0.06959830509691783,0.30450313203355267,0.9499652196314311,0.10450000000000001
1,1784842801.7614374,1211,-29.82,46.5,-2060.92,-0.5232858798918232,0.7994101121145469,-0.2951531137475053,-0.8492654728341337,-0.5177392469571177,0.10341290447565972,-0.07014302928770386,0.3047778614159566,0.9498370442518339,0.10300000000000001
1,1784842801.8203087,1214,-29.82,46.51,-2060.92,-0.5232049322690276,0.7995877933550943,-0.2948151277782289,-0.8493460867398891,-0.5175741779774163,0.10357700145610782,-0.06976979137849713,0.30459207312163095,0.9499241260240041,0.1005
1,1784842801.8801188,1217,-29.82,46.52,-2060.93,-0.5232595589886008,0.7995483416480021,-0.2948251741201637,-0.8493423787423886,-0.5174923095840038,0.10401554303869502,-0.06940430533674453,0.3048346418787461,0.9498730881077643,0.11710000000000001
1,1784842801.9399903,1220,-29.82,46.51,-2060.94,-0.5232327211213412,0.7992890574308944,-0.29557490119966057,-0.8492778769404317,-0.5177238003681796,0.10338836623084008,-0.07038897134856917,0.30512140076297783,0.9497085466125534,0.1327
1,1784842801.9998305,1223,-29.82,46.5,-2060.92,-0.5233254845000528,0.7994689071048887,-0.2949235559349235,-0.8493394252585001,-0.517374382146657,0.1046245162470329,-0.06894184487193303,0.30524287914852316,0.949775661277322,0.0964
1,1784842802.045335,1226,-29.82,46.51,-2060.94,-0.5232536856886346,0.7993696115557585,-0.295319834305885,-0.8492711291148555,-0.5177494393976034,0.10331537763298286,-0.07031450536865108,0.3048667612657424,0.9497958350140827,0.0951
1,1784842802.105484,1232,-29.810000000000002,46.51,-2060.9700000000003,-0.5232649026839725,0.7996247316000489,-0.2946084354404724,-0.8492924409945136,-0.5177291827514625,0.10324167277356376,-0.06997278963078181,0.30423146112960275,0.9500247506092848,0.09820000000000001
1,1784842802.1654885,1235,-29.82,46.5,-2060.92,-0.5234213735754776,0.7994880739787589,-0.2947013492505505,-0.8492015137830552,-0.5178381098966716,0.10344312895117795,-0.06990604174839034,0.3044051765400472,0.9499740174461062,0.101
1,1784842802.2104824,1238,-29.82,46.5,-2060.95,-0.5234438701018836,0.7994081709839567,-0.2948780951797662,-0.8492035916577406,-0.5177664615196229,0.10378415698478269,-0.06971208480855713,0.30473671831522664,0.9498819704269106,0.0999
1,1784842802.2704375,1241,-29.830000000000002,46.52,-2060.91,-0.5230987694443111,0.7993457373527054,-0.29565870455967835,-0.8493709323409735,-0.5175432412792624,0.10352783538923643,-0.07026163035450504,0.3052791928419212,0.9496672668454524,0.1014
1,1784842802.3304956,1244,-29.810000000000002,46.52,-2060.94,-0.5233876963098455,0.7996078226506524,-0.2944361548916092,-0.8491982691969796,-0.5179453674075613,0.10293151108334403,-0.07019700096390995,0.30390775958657107,0.9501118116930996,0.0898
1,1784842802.3757174,1247,-29.810000000000002,46.51,-2060.92,-0.5231893902920278,0.7995838167015805,-0.29485349235644054,-0.8493026021616623,-0.5177852797034198,0.10287611036523764,-0.07041272503806002,0.3042435277723828,0.9499883809612252,0.09620000000000001
1,1784842802.435488,1250,-29.82,46.5,-2060.92,-0.5231293924187868,0.7995468259724959,-0.2950601834623886,-0.8493563621784399,-0.5176303455929042,0.1032114109407358,-0.07020974871453367,0.3046041667454302,0.9498878316868598,0.11510000000000001
1,1784842802.4954548,1253,-29.82,46.51,-2060.92,-0.5232649026839725,0.7996247316000489,-0.2946084354404724,-0.8492924409945136,-0.5177291827514625,0.10324167277356376,-0.06997278963078181,0.30423146112960275,0.9500247506092848,0.1009
1,1784842802.5554886,1259,-29.82,46.51,-2060.93,-0.5230388643566921,0.799308460300279,-0.29586539450374905,-0.8494245947456657,-0.5173879808645464,0.10386305935254003,-0.07005857701683192,0.30563975943797783,0.9495662869105408,0.11
1,1784842802.6154532,1262,-29.810000000000002,46.5,-2060.94,-0.5234951394742071,0.7996890631830595,-0.2940242186832257,-0.8491823705046334,-0.517879192054397,0.1033946036368285,-0.06958549109557517,0.30380675545893615,0.9501890942157262,0.10940000000000001
1,1784842802.6604922,1265,-29.82,46.5,-2060.88,-0.5231293924187868,0.7995468259724959,-0.2950601834623886,-0.8493563621784399,-0.5176303455929042,0.1032114109407358,-0.07020974871453367,0.3046041667454302,0.9498878316868598,0.0993
1,1784842802.7204645,1268,-29.82,46.53,-2060.96,-0.5232274593017828,0.7995078493517744,-0.294991906088119,-0.8493481239231891,-0.5175024774806424,0.10391799742853085,-0.06957578760431062,0.30492357177872886,0.9498319983833678,0.0876
1,1784842802.7804706,1271,-29.82,46.52,-2060.94,-0.5232858798918232,0.7994101121145469,-0.2951531137475053,-0.8492654728341337,-0.5177392469571177,0.10341290447565972,-0.07014302928770386,0.3047778614159566,0.9498370442518339,0.0984
1,1784842802.8253994,1274,-29.82,46.49,-2060.92,-0.5230874993361951,0.7993857892047673,-0.29557034366742135,-0.8493698428860067,-0.5175791037918837,0.10335734765265088,-0.07035863865941713,0.30511347288420754,0.949713341293325,0.09770000000000001
1,1784842802.8854277,1277,-29.82,46.5,-2060.91,-0.5229081792867503,0.7993069789122303,-0.2961003031022077,-0.849438246120785,-0.5175263457594397,0.10305895144103476,-0.0708639687165523,0.3054092908002053,0.9495806774733019,0.1139
1,1784842802.9454324,1280,-29.82,46.52,-2060.92,-0.523237032997811,0.7996282492408843,-0.29464838420667805,-0.8493403812531723,-0.5175640111113942,0.10367454448899545,-0.06959830509691783,0.30450313203355267,0.9499652196314311,0.0927
1,1784842803.0054276,1286,-29.810000000000002,46.5,-2060.92,-0.5232536856886346,0.7993696115557585,-0.295319834305885,-0.8492711291148555,-0.5177494393976034,0.10331537763298286,-0.07031450536865108,0.3048667612657424,0.9497958350140827,0.0916
1,1784842803.065419,1289,-29.82,46.49,-2060.92,-0.5229358244056806,0.7993037285981598,-0.2960602523173795,-0.8493899074848276,-0.5176916478933199,0.10262622844290278,-0.07123839285151759,0.3051375217022288,0.9496400287652973,0.1095
1,1784842803.11036,1292,-29.82,46.51,-2060.93,-0.5229840402655284,0.7993480505625391,-0.29585534926617885,-0.8494281279436519,-0.5174700178544639,0.10342454292789463,-0.07042406609737399,0.30539724079233144,0.9496172788185477,0.0947
1,1784842803.1702752,1295,-29.830000000000002,46.51,-2060.92,-0.5231744506548159,0.7993867923537659,-0.29541369364399617,-0.8493605953182563,-0.5174869487359168,0.10389339251659853,-0.06982172514804401,0.3052671192551661,0.9497035919690958,0.11670000000000001
1,1784842803.2303085,1298,-29.810000000000002,46.51,-2060.89,-0.5240758054369176,0.7999672533403165,-0.2922275547219946,-0.8490120367576256,-0.5178177171549874,0.1050874552031116,-0.06725408237657064,0.3031785041581077,0.9505575642853714,0.0942
1,1784842803.275246,1301,-29.830000000000002,46.5,-2060.94,-0.5231084554037259,0.7994663399796937,-0.2953152808857017,-0.8493630998207031,-0.5176047338993829,0.10328438462766464,-0.0702841984239311,0.3048588373074032,0.9498006215872273,0.109
1,1784842803.3352456,1304,-29.82,46.5,-2060.86,-0.5231084554037259,0.7994663399796937,-0.2953152808857017,-0.8493630998207031,-0.5176047338993829,0.10328438462766464,-0.0702841984239311,0.3048588373074032,0.9498006215872273,0.1029
1,1784842803.3952441,1307,-29.810000000000002,46.51,-2060.94,-0.5234534771313651,0.799528505574605,-0.29453459228539225,-0.8491958255610649,-0.5178279491417719,0.10354064389063815,-0.06973454759833839,0.3043162563210603,0.9500151098850954,0.1177
1,1784842803.4550843,1313,-29.82,46.5,-2060.92,-0.5235496130515076,0.7996497146079456,-0.29403424392585303,-0.8491786575325954,-0.5177975221845516,0.10383320090740851,-0.06922001346977602,0.3040494366825407,0.9501381635258495,0.10590000000000001
1,1784842803.5149238,1316,-29.830000000000002,46.5,-2060.91,-0.5229245792308558,0.7993438109394972,-0.295971884389301,-0.849388687521172,-0.5177274223420922,0.10245571563399258,-0.07133541860319548,0.3049717824122982,0.9496859849365855,0.11520000000000001
1,1784842803.559805,1319,-29.830000000000002,46.51,-2060.91,-0.5232491817302406,0.7993257231170546,-0.2954465809279768,-0.8492285328007443,-0.5179248304882277,0.10278506234291017,-0.07086037606257063,0.3046838662074816,0.9498139548233289,0.1013
1,1784842803.619644,1322,-29.82,46.51,-2060.93,-0.5234326173379564,0.7994481295337821,-0.2947897272492274,-0.8492025612379066,-0.5178023000423418,0.1036136480288204,-0.06980906168769244,0.30457095438632703,0.9499280123517182,0.09340000000000001
1,1784842803.6795127,1325,-29.830000000000002,46.5,-2060.95,-0.5228773333871776,0.7991052776658775,-0.2966985834756471,-0.849452915493687,-0.5174391658928309,0.10337530633283085,-0.07091571468433136,0.30608408126962866,0.9493595191518006,0.116
1,1784842803.724391,1328,-29.810000000000002,46.5,-2060.93,-0.5233501809537745,0.7994910703850587,-0.2948196337936211,-0.8492541085855485,-0.5177188897287293,0.1036079643107486,-0.0698000511906467,0.304600032161202,0.9499193509246867,0.0872
1,1784842803.7842038,1331,-29.830000000000002,46.5,-2060.95,-0.5237391176623631,0.7996879807576001,-0.2935923535483883,-0.8491106958548551,-0.5178147804084775,0.1043018665959725,-0.06861751099488494,0.3039193752006488,0.9502234740115161,0.0951
1,1784842803.8440447,1334,-29.82,46.51,-2060.93,-0.5232762111388655,0.7992895552814296,-0.2954965544201284,-0.8492732899260463,-0.5176777283252074,0.10365639688047235,-0.07012050965547001,0.30519825755411356,0.9497037104863757,0.12840000000000001
1,1784842803.9038846,1340,-29.82,46.51,-2060.91,-0.5231390778657097,0.7996671879886643,-0.2947166328256976,-0.8493485318805494,-0.5176916882587743,0.1029678945115195,-0.07023230454833648,0.3041836687958152,0.9500209045256569,0.1097
1,1784842803.9637234,1343,-29.830000000000002,46.5,-2060.91,-0.5233515506260066,0.7996257415519784,-0.2944517412154382,-0.8492831200015379,-0.5176372878845273,0.10377774458912048,-0.06943584476196885,0.30438513702051856,0.9500149218950154,0.1296
1,1784842804.0086038,1346,-29.82,46.49,-2060.92,-0.5227448783570257,0.7992649853364433,-0.29650172911238437,-0.8494567079189668,-0.5176747970486714,0.10215726049619839,-0.07184075113032846,0.30526756741545946,0.9495528520105019,0.1072
1,1784842804.068444,1349,-29.830000000000002,46.51,-2060.91,-0.5234213735754776,0.7994880739787589,-0.2947013492505505,-0.8492015137830552,-0.5178381098966716,0.10344312895117795,-0.06990604174839034,0.3044051765400472,0.9499740174461062,0.1037
1,1784842804.1282835,1352,-29.810000000000002,46.5,-2060.91,-0.5230649861416999,0.7994658506139949,-0.29539359162755247,-0.8493676128529098,-0.5176507428314938,0.10301634182280281,-0.07055266479115638,0.3047819911806544,0.9498053797188256,0.11660000000000001
1,1784842804.1741617,1355,-29.82,46.5,-2060.92,-0.5229840402655284,0.7993480505625391,-0.29585534926617885,-0.8494281279436519,-0.5174700178544639,0.10342454292789463,-0.07042406609737399,0.30539724079233144,0.9496172788185477,0.1012
1,1784842804.2330272,1358,-29.810000000000002,46.5,-2060.94,-0.523119715982505,0.7994263204233761,-0.29540365766984905,-0.8493641864707651,-0.5175688995302163,0.10345488378968157,-0.07018718893957139,0.30502457680230094,0.9497545820133422,0.0993
1,1784842804.292844,1361,-29.82,46.51,-2060.94,-0.5234707336193527,0.7993721801641127,-0.29492797192482456,-0.8492474534727548,-0.5175190638282132,0.10465553661613404,-0.06897212345620457,0.30525093964481603,0.9497708723854923,0.0936
1,1784842804.3526845,1367,-29.82,46.51,-2060.93,-0.5230597917610134,0.7993891238161334,-0.2956103566646474,-0.8494178444069346,-0.51741369609498,0.10379013776081336,-0.06998413996043812,0.3053851597864678,0.9496536865279845,0.1192
1,1784842804.4125478,1370,-29.82,46.49,-2060.93,-0.5231989719042097,0.7994091329922884,-0.2953097930765174,-0.8492744994954744,-0.5178312364116192,0.1028767957467818,-0.07067998518031285,0.30462411047868704,0.9498465618245819,0.1052
1,1784842804.4574041,1373,-29.82,46.51,-2060.98,-0.5229630461767739,0.7992673544028103,-0.29611036543735164,-0.849434880707151,-0.5174443502388092,0.10349747747633675,-0.07049848063283064,0.3056518290340648,0.9495298434681204,0.11570000000000001
1,1784842804.5172434,1376,-29.82,46.52,-2060.94,-0.5232387363244853,0.7994678561959578,-0.29508028012558707,-0.8493491169591233,-0.5174665842434508,0.104088480208777,-0.0694787905069818,0.3050893002070948,0.9497858793269311,0.10020000000000001
1,1784842804.5770848,1379,-29.82,46.51,-2060.92,-0.5233555620754371,0.7995674313951662,-0.2946029163074247,-0.8492038806511205,-0.5179555358345473,0.10283400208794906,-0.07036849246488591,0.3039966867426076,0.9500706761697973,0.11670000000000001
1,1784842804.6369536,1382,-29.82,46.5,-2060.93,-0.5230361090408199,0.7993672435616671,-0.29571141093989245,-0.8492929556344623,-0.5179793027646356,0.10197508233456488,-0.07165684998043689,0.30448226849536636,0.9498188480035532,0.11660000000000001
1,1784842804.6967907,1385,-29.82,46.51,-2060.93,-0.5230874993361951,0.7993857892047673,-0.29557034366742135,-0.8493698428860067,-0.5175791037918837,0.10335734765265088,-0.07035863865941713,0.30511347288420754,0.949713341293325,0.1216
1,1784842804.7420552,1388,-29.82,46.51,-2060.9700000000003,-0.522999035567,0.799545382450704,-0.29529509003325016,-0.8493696799331864,-0.5177681972592243,0.10240722980888312,-0.0710151787027557,0.3043735785325171,0.94990187339805,0.0912
1,1784842804.8019788,1394,-29.82,46.51,-2060.91,-0.5233570791125425,0.7994071679299428,-0.29503482439369116,-0.8492128385502701,-0.5178584590530572,0.10324810520579039,-0.07024900415081257,0.30458298745895385,0.9498917207589493,0.1067
1,1784842804.8620226,1397,-29.810000000000002,46.51,-2060.95,-0.5231293924187868,0.7995468259724959,-0.2950601834623886,-0.8493563621784399,-0.5176303455929042,0.1032114109407358,-0.07020974871453367,0.3046041667454302,0.9498878316868598,0.1048
1,1784842804.9070446,1400,-29.82,46.5,-2060.92,-0.52298921933216,0.7994248640966498,-0.2956385684013351,-0.8493776143467302,-0.5177069524194834,0.10265076552655766,-0.07099256798422873,0.30479402566419156,0.9497687388045686,0.115
1,1784842804.9670403,1403,-29.82,46.51,-2060.9,-0.5231293924187868,0.7995468259724959,-0.2950601834623886,-0.8493563621784399,-0.5176303455929042,0.1032114109407358,-0.07020974871453367,0.3046041667454302,0.9498878316868598,0.1003
1,1784842805.0270565,1406,-29.82,46.5,-2060.93,-0.5231936822616033,0.7996277441958008,-0.2947267235149872,-0.8493450425902306,-0.5176099852286333,0.10340648828295812,-0.06986679804416474,0.30442630291081807,0.949970134597455,0.09430000000000001
1,1784842805.0726137,1409,-29.82,46.51,-2060.92,-0.5235080460096595,0.7994890927135104,-0.29454459152270357,-0.8491921186020199,-0.5177461471675819,0.1039791940598577,-0.06936909590993134,0.3045588904058665,0.9499641102733231,0.1107
1,1784842805.1325276,1412,-29.830000000000002,46.5,-2060.94,-0.5233614376109873,0.7994511039092872,-0.29490801630335983,-0.8492551379662674,-0.5176830469766619,0.10377848288954333,-0.06970305774968988,0.3047658040712267,0.9498733012403084,0.0947
1,1784842805.192526,1415,-29.82,46.51,-2060.93,-0.522896912719228,0.799347079197629,-0.29601193497377715,-0.8494370811065408,-0.5175621822846098,0.10288844789378834,-0.07096100274024093,0.3052435657749594,0.9496267170015216,0.0969
1,1784842805.2523234,1421,-29.82,46.49,-2060.94,-0.5231354337443404,0.7994301986607779,-0.29536532536895777,-0.8494073955044549,-0.5173573804982327,0.10415573583027271,-0.06954419043643778,0.30537304778450297,0.9496899005798388,0.10160000000000001
1,1784842805.3121665,1424,-29.82,46.5,-2060.93,-0.5233667793453451,0.7995275110740779,-0.2946913186935965,-0.8492049990658979,-0.5179198125246771,0.1030045501708133,-0.07027150090306204,0.30416250069673845,0.9500247835350073,0.1013
1,1784842805.3569746,1427,-29.830000000000002,46.5,-2060.95,-0.5235063636722807,0.7996492015965568,-0.2941126341737378,-0.8491833924882211,-0.5178434380083948,0.10356514681031209,-0.06948851068213745,0.30397257787115417,0.9501431569955884,0.092
1,1784842805.41681,1430,-29.82,46.51,-2060.93,-0.523583365098935,0.799530057456925,-0.2942994172855288,-0.8491815106365618,-0.5176900004459669,0.10434474318940015,-0.06892910694824403,0.3045467955194754,0.950000014502177,0.0951
1,1784842805.4766538,1433,-29.82,46.5,-2060.94,-0.5229840402655284,0.7993480505625391,-0.29585534926617885,-0.8494281279436519,-0.5174700178544639,0.10342454292789463,-0.07042406609737399,0.30539724079233144,0.9496172788185477,0.1028
1,1784842805.5364666,1436,-29.82,46.5,-2060.95,-0.5231631725875419,0.7994268219084005,-0.2953253312223194,-0.8493595625916687,-0.5175228409399293,0.10372291231716335,-0.06991872626290675,0.30510140202709546,0.9497497071328179,0.0898
1,1784842805.5963147,1439,-29.830000000000002,46.5,-2060.94,-0.5233082372309917,0.7996252325695403,-0.29453009402147823,-0.8492878174743487,-0.5176832455565121,0.10350971142715844,-0.06970431791395598,0.3043083053552509,0.9500198752426002,0.0922
1,1784842805.6412182,1442,-29.830000000000002,46.51,-2060.91,-0.5233443538126475,0.7996073375997954,-0.2945145038686368,-0.8492027451960794,-0.517991230459712,0.10266344392370738,-0.07046548718248524,0.30383085890574135,0.9501165319542305,0.1023
1,1784842805.7010574,1448,-29.830000000000002,46.51,-2060.93,-0.5231032730567875,0.7993896334834227,-0.29553202803844303,-0.8494131458193124,-0.5173675713966528,0.10405817496222595,-0.0697156612721691,0.30546196153755134,0.9496487332835315,0.096
1,1784842805.7608666,1451,-29.82,46.480000000000004,-2060.94,-0.5232500223496507,0.7994278489419038,-0.29516864407861976,-0.8493500929594455,-0.5174306623526382,0.10425895283903171,-0.06938179661028784,0.30525501469006366,0.949739723453588,0.0947
1,1784842805.8065422,1454,-29.830000000000002,46.5,-2060.95,-0.522631184248463,0.7991060079003743,-0.29712999409109814,-0.8495230493434567,-0.5175045279492559,0.10246781048803831,-0.07188347435429054,0.3059716517743835,0.9493229768762639,0.1125
1,1784842805.866355,1457,-29.82,46.52,-2060.9,-0.5237017773845126,0.7995715690089849,-0.29397577178538487,-0.8491657067576097,-0.5175878243024868,0.10497831490678006,-0.06822060415410831,0.30461147412126194,0.9500304200406007,0.1009
1,1784842805.9262266,1460,-29.82,46.51,-2060.94,-0.5235080460096595,0.7994890927135104,-0.29454459152270357,-0.8491921186020199,-0.5177461471675819,0.1039791940598577,-0.06936909590993134,0.3045588904058665,0.9499641102733231,0.09960000000000001
1,1784842805.9860616,1463,-29.82,46.5,-2060.93,-0.522924173062012,0.7996064322867953,-0.2952623624388883,-0.8495019781306504,-0.5173305401275974,0.10351570607110766,-0.0699764130226936,0.30495682595552903,0.9497918908495725,0.0954
1,1784842806.046396,1469,-29.830000000000002,46.52,-2060.92,-0.5231631725875419,0.7994268219084005,-0.2953253312223194,-0.8493595625916687,-0.5175228409399293,0.10372291231716335,-0.06991872626290675,0.30510140202709546,0.9497497071328179,0.0965
1,1784842806.1062675,1472,-29.830000000000002,46.5,-2060.95,-0.5231877401810383,0.7994491299705475,-0.29522140354925663,-0.8492733395940385,-0.5178669910750192,0.10270625204774521,-0.07077699611489188,0.30445831922324046,0.9498924932205286,0.10160000000000001
1,1784842806.166107,1475,-29.830000000000002,46.5,-2060.95,-0.523097203832639,0.7995063454334779,-0.29522689402234215,-0.8493619961295156,-0.5176405396035071,0.10311387535087178,-0.07038121108193393,0.3046930838903217,0.9498466243326056,0.0989
1,1784842806.225915,1478,-29.830000000000002,46.51,-2060.98,-0.5233136518905064,0.7994066784359418,-0.2951131718799358,-0.8492173510674006,-0.5179044270875159,0.10298007112650069,-0.07051746160412484,0.3045061031821307,0.9498964789563883,0.09290000000000001
1,1784842806.2712362,1481,-29.830000000000002,46.5,-2060.95,-0.5233892409012798,0.7994476280960945,-0.2948680932897127,-0.8492071847792071,-0.5178482798674977,0.10334561605432133,-0.07007752726912977,0.3044940869209159,0.9499328877357821,0.101
1,1784842806.3310714,1484,-29.830000000000002,46.5,-2060.93,-0.5236792341504587,0.7996513017202925,-0.29379900506405876,-0.8491640089171797,-0.517659651859039,0.10463732984400337,-0.06841451365969978,0.30427993771233147,0.9501227151407794,0.1029
1,1784842806.3909116,1487,-29.82,46.51,-2060.9,-0.5234872338590904,0.7994086845437289,-0.2947997134710662,-0.8491988572845608,-0.5177204320319954,0.10405217462023543,-0.06944362298407206,0.30481356487641553,0.949876978294651,0.0931
1,1784842806.4514694,1493,-29.810000000000002,46.5,-2060.93,-0.5232500223496507,0.7994278489419038,-0.29516864407861976,-0.8493500929594455,-0.5174306623526382,0.10425895283903171,-0.06938179661028784,0.30525501469006366,0.949739723453588,0.0949
1,1784842806.5112803,1496,-29.82,46.51,-2060.93,-0.5229555410218036,0.7995449173114755,-0.2953733693412093,-0.8493739712505761,-0.5178141068232097,0.1021391586851331,-0.07128365223961193,0.3042966907087018,0.9499063979925151,0.11410000000000001
1,1784842806.5711532,1499,-29.82,46.51,-2060.93,-0.5226757345462403,0.7994027274305888,-0.29625218293387134,-0.8495388917390114,-0.5174737670147129,0.10249181369482682,-0.07137049768216998,0.3052477351728239,0.9495946883973505,0.1115
1,1784842806.63096,1502,-29.830000000000002,46.5,-2060.92,-0.5236040914247231,0.7996103681269855,-0.29404423923470624,-0.8491747798048715,-0.5177157447869823,0.10427176484076746,-0.06885454804614102,0.304292074795725,0.9500870404493869,0.1019
1,1784842806.6914644,1505,-29.82,46.5,-2060.92,-0.5231050117829871,0.7992287601294142,-0.29596374039655665,-0.8494218801388173,-0.5172698259001524,0.10447199028765193,-0.06959609320183242,0.3060478985309742,0.9494688344626254,0.1013
1,1784842806.7513044,1511,-29.82,46.51,-2060.95,-0.5234700933289715,0.7996672107845612,-0.2941282260956913,-0.8492676890127966,-0.5175351836408645,0.10441133124656854,-0.06872738747414893,0.3044498081619645,0.9500457149638227,0.12250000000000001
1,1784842806.8117838,1514,-29.830000000000002,46.5,-2060.92,-0.5233047189998582,0.7993883572461715,-0.29517863298644575,-0.8493461692972339,-0.5173485626645303,0.10469741834954265,-0.06901634424246254,0.30549749427484985,0.9496883832179869,0.10540000000000001
1,1784842806.8566625,1517,-29.82,46.5,-2060.91,-0.522691191429316,0.7991435924591748,-0.29692328476164803,-0.8494689267534687,-0.517659590103872,0.10213271392556557,-0.07208648196792836,0.30561097396025505,0.9494237577144107,0.11320000000000001
1,1784842806.9165044,1520,-29.830000000000002,46.51,-2060.91,-0.5230597917610134,0.7993891238161334,-0.2956103566646474,-0.8494178444069346,-0.51741369609498,0.10379013776081336,-0.06998413996043812,0.3053851597864678,0.9496536865279845,0.11410000000000001
1,1784842806.9763157,1523,-29.82,46.5,-2060.94,-0.5232708354896791,0.799508366694453,-0.29491355396370234,-0.849343351932322,-0.5174564158309398,0.10418602710424088,-0.06930731025152617,0.30500037590299106,0.9498269671075533,0.09290000000000001
1,1784842807.021196,1526,-29.830000000000002,46.49,-2060.9700000000003,-0.5229856413269178,0.7991870915809324,-0.2962870426061235,-0.8494370517287055,-0.5173724755493251,0.10383841627455434,-0.0703044388094872,0.30598319266648216,0.9494375027822048,0.12010000000000001
1,1784842807.0810611,1529,-29.830000000000002,46.51,-2060.93,-0.5229953238048034,0.7993079584775088,-0.2959437088245436,-0.8494292191726605,-0.5174341229704553,0.10359502884559875,-0.07032704240925733,0.3055629491615651,0.9495711617386311,0.12000000000000001
1,1784842807.141539,1532,-29.830000000000002,46.5,-2060.93,-0.5230162893187962,0.7993886221725717,-0.29568867385856173,-0.8494224690243645,-0.5174598003244794,0.10352209505561101,-0.07025261720213856,0.30530834542997287,0.9496585617931649,0.1038
1,1784842807.201355,1538,-29.82,46.51,-2060.93,-0.5235175968731429,0.7996093258925258,-0.29420103961385,-0.8491843974365796,-0.5178076552845211,0.10373567987447734,-0.06939153344928252,0.3041383863875905,0.9500971829297832,0.1154
1,1784842807.2611957,1541,-29.82,46.5,-2060.88,-0.52298921933216,0.7994248640966498,-0.2956385684013351,-0.8493776143467302,-0.5177069524194834,0.10265076552655766,-0.07099256798422873,0.30479402566419156,0.9497687388045686,0.10490000000000001
1,1784842807.3060915,1544,-29.82,46.51,-2060.92,-0.5229681584779519,0.799344280506126,-0.29589360662292735,-0.8493843596645766,-0.5176814078077798,0.10272375366658072,-0.07106697387237695,0.3050486538772117,0.9496814223687458,0.1257
1,1784842807.3665125,1547,-29.82,46.51,-2060.93,-0.5231032730567875,0.7993896334834227,-0.29553202803844303,-0.8494131458193124,-0.5173675713966528,0.10405817496222595,-0.0697156612721691,0.30546196153755134,0.9496487332835315,0.10450000000000001
1,1784842807.4263525,1550,-29.82,46.49,-2060.91,-0.5230425089849405,0.7995458556073596,-0.29521679927780814,-0.8493653146479989,-0.517722267195739,0.10267529558082371,-0.07074670358146799,0.3044504538193351,0.9498972708148795,0.11380000000000001
1,1784842807.471812,1553,-29.830000000000002,46.49,-2060.93,-0.5236473069382436,0.799610901265806,-0.2939658220154345,-0.8491698600550207,-0.5176697588305785,0.10453979895918608,-0.0685860533232618,0.30436890013464885,0.9500818522213561,0.09860000000000001
1,1784842807.5316303,1556,-29.82,46.51,-2060.91,-0.523222273600253,0.7994312499017886,-0.2952086196049263,-0.8493977022560849,-0.5172650871358075,0.10469180021601046,-0.06900721564203004,0.30552660491493944,0.9496796817235192,0.1183
1,1784842807.5914738,1559,-29.830000000000002,46.51,-2060.92,-0.5229456781871904,0.7994243946975785,-0.29571684907652773,-0.8493819423813633,-0.5177529290698031,0.10238271531905296,-0.07126102456323671,0.3047171501606858,0.9497733017810871,0.10600000000000001
1,1784842807.6514797,1565,-29.830000000000002,46.5,-2060.93,-0.5228856551641415,0.799387165385447,-0.2959235567517173,-0.8494358990444876,-0.517597990143162,0.10271793423858727,-0.07105803992547176,0.3050778268192883,0.9496727197014615,0.1097
1,1784842807.7112968,1568,-29.82,46.51,-2060.92,-0.5230874993361951,0.7993857892047673,-0.29557034366742135,-0.8493698428860067,-0.5175791037918837,0.10335734765265088,-0.07035863865941713,0.30511347288420754,0.949713341293325,0.09960000000000001
1,1784842807.771494,1571,-29.810000000000002,46.51,-2060.95,-0.52298921933216,0.7994248640966498,-0.2956385684013351,-0.8493776143467302,-0.5177069524194834,0.10265076552655766,-0.07099256798422873,0.30479402566419156,0.9497687388045686,0.1041
1,1784842807.8319702,1574,-29.82,46.5,-2060.94,-0.5229257852671523,0.7991496004514863,-0.29649374226273667,-0.8494906866969952,-0.5172170119839449,0.10417358460505871,-0.07010132893033875,0.3063437262498286,0.949336255006397,0.10110000000000001
1,1784842807.8925416,1577,-29.82,46.49,-2060.9,-0.5228645753307359,0.7993065011699576,-0.2961785830401147,-0.8494426486397486,-0.5175724264311469,0.10279090460767386,-0.07113242956695642,0.3053324427335163,0.949585318377599,0.10500000000000001
1,1784842807.9373944,1580,-29.810000000000002,46.5,-2060.92,-0.5233518435269022,0.7993306020430807,-0.295251480122351,-0.8492628958986097,-0.5176214510285027,0.10402195482230918,-0.06968056778542987,0.3051862088505862,0.949739962516323,0.10060000000000001
1,1784842807.9972346,1586,-29.830000000000002,46.5,-2060.91,-0.5232291901418328,0.7993472664168572,-0.2954236995493418,-0.8493568394093876,-0.5174048904816154,0.10433186787460214,-0.0694562735252729,0.3055096184698703,0.9496524096164747,0.1039
1,1784842808.057074,1589,-29.82,46.5,-2060.96,-0.5232916295568598,0.7995888196561457,-0.2946584292305553,-0.849336616329554,-0.5174821509109597,0.10411309067754612,-0.06923281445666019,0.3047457021345154,0.9499141405584777,0.1005
1,1784842808.116929,1592,-29.82,46.5,-2060.95,-0.5233346165151601,0.7994870873202733,-0.2948580613872986,-0.8492106131438826,-0.5179299906796792,0.10290704192784117,-0.07044298177051687,0.3042514124251406,0.9499836126779164,0.0897
1,1784842808.1767778,1595,-29.82,46.51,-2060.91,-0.5233293021601274,0.7994106137103619,-0.29507475694782237,-0.8492608485540578,-0.5176932214975338,0.10368095065510714,-0.06987454911364702,0.3048547180260258,0.9498321684821148,0.0966
1,1784842808.2216618,1598,-29.810000000000002,46.49,-2060.94,-0.5234326173379564,0.7994481295337821,-0.2947897272492274,-0.8492025612379066,-0.5178023000423418,0.1036136480288204,-0.06980906168769244,0.30457095438632703,0.9499280123517182,0.12200000000000001
1,1784842808.2814062,1601,-29.830000000000002,46.49,-2060.93,-0.5233196800042311,0.7992900611592824,-0.2954181962104903,-0.8492686289508674,-0.5176316358019428,0.10392442204274606,-0.06985204649960583,0.305275101750856,0.9496987963827381,0.10070000000000001
1,1784842808.3414004,1604,-29.830000000000002,46.5,-2060.92,-0.5233801382972048,0.7994294496489316,-0.2949335278838357,-0.8493353338432116,-0.5172922410402718,0.10506297180726198,-0.06857639186658221,0.3054853390811739,0.9497241631573986,0.08850000000000001
1,1784842808.3863704,1607,-29.830000000000002,46.51,-2060.94,-0.5233029055367552,0.7995488629067683,-0.2947468148789467,-0.8493375696730385,-0.5174462566425013,0.10428357602498757,-0.06913582138578094,0.30491144175179263,0.9498680176162142,0.0981
1,1784842808.4463608,1613,-29.830000000000002,46.5,-2060.91,-0.5234438701018836,0.7994081709839567,-0.2948780951797662,-0.8492035916577406,-0.5177664615196229,0.10378415698478269,-0.06971208480855713,0.30473671831522664,0.9498819704269106,0.10690000000000001
1,1784842808.5063136,1616,-29.830000000000002,46.5,-2060.94,-0.5230537430579472,0.7995058601643594,-0.29530520048911907,-0.8493664722724996,-0.5176865193501247,0.10284582374857068,-0.07064968260678965,0.3046162294527341,0.9498513436857153,0.10640000000000001
1,1784842808.566342,1619,-29.82,46.49,-2060.92,-0.5232726214021032,0.7993477921526909,-0.2953453417130359,-0.8493519938578602,-0.5173587326269142,0.1045998676115355,-0.0691878184411745,0.3055864017839992,0.9496473012777215,0.1044
1,1784842808.6263368,1622,-29.830000000000002,46.51,-2060.93,-0.523097203832639,0.7995063454334779,-0.29522689402234215,-0.8493619961295156,-0.5176405396035071,0.10311387535087178,-0.07038121108193393,0.3046930838903217,0.9498466243326056,0.1014
1,1784842808.671358,1625,-29.82,46.51,-2060.92,-0.5228209502501712,0.799306031454749,-0.2962568514981008,-0.8494469771872315,-0.517618486613426,0.10252285239643755,-0.07140088883888795,0.30525558208833176,0.9495898813050456,0.1058
1,1784842808.7312214,1628,-29.84,46.5,-2060.92,-0.5232049322690276,0.7995877933550943,-0.2948151277782289,-0.8493460867398891,-0.5175741779774163,0.10357700145610782,-0.06976979137849713,0.30459207312163095,0.9499241260240041,0.0936
1,1784842808.7910655,1631,-29.830000000000002,46.5,-2060.9,-0.522974339248475,0.7992272300348339,-0.2961987090763015,-0.8494359747392054,-0.5174084272191933,0.10366795194956242,-0.07040145812749155,0.3058175178327876,0.9494836915293045,0.1174
1,1784842808.8359182,1634,-29.830000000000002,46.51,-2060.95,-0.5231503103763082,0.7996272471648203,-0.2948050514234517,-0.8493496299607534,-0.5176559388669028,0.1031384265991923,-0.07013528953888942,0.30434946122416107,0.9499749715723351,0.095
1,1784842808.8957913,1640,-29.830000000000002,46.51,-2060.92,-0.5231309855676624,0.7993862867679247,-0.295492024370195,-0.8493652560808428,-0.5175330365001881,0.1036253728274082,-0.07009018263445094,0.3051903023660558,0.9497085056163205,0.09630000000000001
1,1784842808.955625,1643,-29.830000000000002,46.51,-2060.92,-0.5237071932093413,0.7996476246163696,-0.2937591738587773,-0.8491165073714292,-0.5178248828592266,0.10420435500099788,-0.06878904484101565,0.3040083339930438,0.950182614118273,0.09730000000000001
1,1784842809.0154614,1646,-29.830000000000002,46.51,-2060.9,-0.5232912062628224,0.7994866060199275,-0.29493640033528834,-0.8492150518889772,-0.5179759003272371,0.10263899027849914,-0.0707114495198758,0.30417451154711395,0.9499882933130663,0.1148
1,1784842809.0752594,1649,-29.830000000000002,46.5,-2060.92,-0.5233331545582846,0.7996472296845746,-0.29442608138182963,-0.8492015926996405,-0.518026896396005,0.10249287568761292,-0.07056248505026164,0.3036650171951123,0.950162350882955,0.1124
1,1784842809.1201432,1652,-29.830000000000002,46.51,-2060.89,-0.5229667581114656,0.7995049136822954,-0.29546177909883564,-0.8493752026633093,-0.5177784173678435,0.10230970437213464,-0.07118662101157783,0.30446248292017314,0.9498605484401577,0.1126
1,1784842809.1799526,1655,-29.84,46.49,-2060.88,-0.5231293924187868,0.7995468259724959,-0.2950601834623886,-0.8493563621784399,-0.5176303455929042,0.1032114109407358,-0.07020974871453367,0.3046041667454302,0.9498878316868598,0.0944
1,1784842809.2398062,1658,-29.830000000000002,46.51,-2060.91,-0.5234630931283087,0.7996486965984052,-0.2941910130527701,-0.8491880534838483,-0.5178893333471231,0.10329708720765066,-0.06975700647860429,0.3038957065075848,0.9501480724673389,0.0993
1,1784842809.284673,1661,-29.84,46.5,-2060.89,-0.5228322088536073,0.7992659088774404,-0.2963452181014187,-0.8494481989446112,-0.5175826797926598,0.1026933634097417,-0.07130384768730404,0.3054213098082195,0.949543882514135,0.1058
1,1784842809.344535,1667,-29.830000000000002,46.51,-2060.9,-0.5232649026839725,0.7996247316000489,-0.2946084354404724,-0.8492924409945136,-0.5177291827514625,0.10324167277356376,-0.06997278963078181,0.30423146112960275,0.9500247506092848,0.0945
1,1784842809.4043531,1670,-29.830000000000002,46.51,-2060.91,-0.5236585745771302,0.7995710237518202,-0.2940542046091402,-0.849170737335582,-0.5176338598946835,0.10471029530793576,-0.06848909493336866,0.3045346697290758,0.9500357250168072,0.1004
1,1784842809.4642184,1673,-29.82,46.49,-2060.93,-0.5234967942871206,0.7995290148512966,-0.29445621199428484,-0.8491911278740703,-0.5177819867203575,0.10380868252648319,-0.06946606877514147,0.3043931152947364,0.9500101560773404,0.10160000000000001
1,1784842809.5240452,1676,-29.830000000000002,46.5,-2060.87,-0.5234198014246255,0.7996481996136118,-0.29426938055345647,-0.8491926405183584,-0.5179352081950724,0.10302902213155707,-0.07002550082693894,0.3038188226009644,0.9501529099399212,0.0921
1,1784842809.5689135,1679,-29.830000000000002,46.51,-2060.89,-0.523485551565175,0.7995689228803032,-0.29436782240342796,-0.8491901201124881,-0.5178177976039912,0.10363816086697912,-0.06956304482871986,0.30422732626866944,0.950056165047927,0.0964
1,1784842809.6293702,1682,-29.830000000000002,46.5,-2060.9,-0.5234647203733572,0.7994885793366617,-0.2946229760807686,-0.8491968531695064,-0.5177921387725516,0.10371116426091365,-0.06963756954008643,0.30448203975865795,0.9499691028517487,0.1027
1,1784842809.6891782,1685,-29.82,46.5,-2060.9,-0.5230859612705571,0.7995463367813287,-0.29513849708436085,-0.8493608753960618,-0.5176763166384114,0.10294335596881926,-0.07047822690798267,0.3045273165600177,0.9498925902441083,0.1114
1,1784842809.7350562,1688,-29.830000000000002,46.49,-2060.9700000000003,-0.5234101388157589,0.7995280043154921,-0.2946129611883266,-0.849200449292044,-0.5178738910784343,0.10327259976137174,-0.07000302498505635,0.30423938478535034,0.9500199857047078,0.0979
1,1784842809.7939265,1694,-29.830000000000002,46.5,-2060.94,-0.5231728024245715,0.7995473231807438,-0.29498185842137414,-0.8493517749962168,-0.5175843540648849,0.10347946046444083,-0.06994126903335497,0.304681004366441,0.9498829951442759,0.09480000000000001
1,1784842809.8543298,1697,-29.82,46.5,-2060.9,-0.5233935439411909,0.7994915798222061,-0.29474126272728424,-0.8492494101477297,-0.5176728816757856,0.10387601716094651,-0.06953155775914933,0.3046768802697069,0.9499143967246233,0.0961
1,1784842809.9141877,1700,-29.830000000000002,46.49,-2060.91,-0.5234213735754776,0.7994880739787589,-0.2947013492505505,-0.8492015137830552,-0.5178381098966716,0.10344312895117795,-0.06990604174839034,0.3044051765400472,0.9499740174461062,0.11170000000000001
1,1784842809.9740095,1703,-29.82,46.5,-2060.88,-0.5231554861950225,0.79940865546608,-0.2953881155868731,-0.849278901874573,-0.5178772003951952,0.10260873326162065,-0.0709484608343924,0.30454721616975755,0.9498512036253266,0.1039
1,1784842810.0188901,1706,-29.82,46.5,-2060.92,-0.5232482914908733,0.7995883024979454,-0.2947367841996256,-0.8493413885163883,-0.5175281746788833,0.10384504883044234,-0.06950130362040655,0.3046688939192803,0.9499191722841825,0.1029
1,1784842810.0787299,1709,-29.830000000000002,46.51,-2060.93,-0.5232858798918232,0.7994101121145469,-0.2951531137475053,-0.8492654728341337,-0.5177392469571177,0.10341290447565972,-0.07014302928770386,0.3047778614159566,0.9498370442518339,0.10690000000000001
1,1784842810.138569,1712,-29.82,46.51,-2060.93,-0.5233024245733309,0.7994466492825041,-0.2950247911390677,-0.8492162099984395,-0.5179401780472671,0.10280953574572486,-0.07061445398471694,0.30434031431169656,0.9499424045557173,0.0917
1,1784842810.1984317,1718,-29.82,46.5,-2060.95,-0.5232274593017828,0.7995078493517744,-0.294991906088119,-0.8493481239231891,-0.5175024774806424,0.10391799742853085,-0.06957578760431062,0.30492357177872886,0.9498319983833678,0.0932
1,1784842810.2582502,1721,-29.830000000000002,46.5,-2060.92,-0.5233194828274665,0.799585307856035,-0.2946184894977962,-0.8492888428146509,-0.5176474420149177,0.10368021627081943,-0.06960732981334963,0.30447407317566877,0.9499738724828557,0.1008
1,1784842810.3031306,1724,-29.830000000000002,46.51,-2060.95,-0.5232656617833642,0.7994317875551458,-0.295130249626843,-0.8493927446797801,-0.5172189097768048,0.10495982400253774,-0.06873872623032971,0.305603364535926,0.9496744553269578,0.1041
1,1784842810.3629692,1727,-29.830000000000002,46.5,-2060.94,-0.5233892409012798,0.7994476280960945,-0.2948680932897127,-0.8492071847792071,-0.5178482798674977,0.10334561605432133,-0.07007752726912977,0.3044940869209159,0.9499328877357821,0.09970000000000001
1,1784842810.4228094,1730,-29.82,46.5,-2060.92,-0.5228645753307359,0.7993065011699576,-0.2961785830401147,-0.8494426486397486,-0.5175724264311469,0.10279090460767386,-0.07113242956695642,0.3053324427335163,0.949585318377599,0.1037
1,1784842810.4676895,1733,-29.830000000000002,46.5,-2060.94,-0.5234326173379564,0.7994481295337821,-0.2947897272492274,-0.8492025612379066,-0.5178023000423418,0.1036136480288204,-0.06980906168769244,0.30457095438632703,0.9499280123517182,0.09390000000000001
1,1784842810.5275292,1736,-29.82,46.52,-2060.91,-0.5235193067314783,0.7994491564703398,-0.2946329609840936,-0.8491930922974845,-0.517710278949846,0.10414969545758809,-0.06927212623868262,0.30472465159309764,0.9499180276412471,0.0999
1,1784842810.5887425,1739,-29.82,46.480000000000004,-2060.93,-0.5230016468425762,0.7991908034483419,-0.2962487756659042,-0.8494801729570306,-0.5171605125518322,0.10453917930622839,-0.06966141796465679,0.30633162412770965,0.9493725416855245,0.11120000000000001
1,1784842810.6345916,1742,-29.82,46.480000000000004,-2060.91,-0.5237542672241249,0.7996922368420804,-0.2935537325585049,-0.849153072681935,-0.5176035651202915,0.10500289771998185,-0.06797445637405827,0.30426776975104425,0.9501581960765151,0.09290000000000001
1,1784842810.6940558,1748,-29.82,46.51,-2060.94,-0.522974339248475,0.7992272300348339,-0.2961987090763015,-0.8494359747392054,-0.5174084272191933,0.10366795194956242,-0.07040145812749155,0.3058175178327876,0.9494836915293045,0.1039
1,1784842810.7538784,1751,-29.810000000000002,46.480000000000004,-2060.92,-0.5229667581114656,0.7995049136822954,-0.29546177909883564,-0.8493752026633093,-0.5177784173678435,0.10230970437213464,-0.07118662101157783,0.30446248292017314,0.9498605484401577,0.1213
1,1784842810.8137357,1754,-29.82,46.5,-2060.95,-0.5231572044878414,0.7995433804749233,-0.29502020631000725,-0.8493081965388808,-0.5177954691576415,0.10277859413171589,-0.07058418154474222,0.30433244135081977,0.9499471766667391,0.11080000000000001
1,1784842810.8735583,1757,-29.830000000000002,46.49,-2060.92,-0.5235288390754825,0.7995694360743575,-0.29428943499896776,-0.849185385350853,-0.5177718438869511,0.10390620281980525,-0.06929455940260507,0.3043041809992775,0.9500511720236747,0.0961
1,1784842810.9184382,1760,-29.82,46.480000000000004,-2060.9,-0.5229456781871904,0.7994243946975785,-0.29571684907652773,-0.8493819423813633,-0.5177529290698031,0.10238271531905296,-0.07126102456323671,0.3047171501606858,0.9497733017810871,0.11080000000000001
1,1784842810.978298,1763,-29.82,46.5,-2060.9700000000003,-0.5230762382348868,0.7994258269596641,-0.29548197268851656,-0.8493687363903657,-0.517614937644021,0.10318684979400161,-0.0704556501401664,0.3049477389941325,0.9497593789195728,0.10450000000000001
1,1784842811.0381534,1766,-29.82,46.480000000000004,-2060.92,-0.5231293924187868,0.7995468259724959,-0.2950601834623886,-0.8493563621784399,-0.5176303455929042,0.1032114109407358,-0.07020974871453367,0.3046041667454302,0.9498878316868598,0.09230000000000001
1,1784842811.0829978,1769,-29.810000000000002,46.47,-2060.96,-0.5232161912828588,0.7995478284059531,-0.29490352197080316,-0.8493471138504936,-0.5175383420600257,0.10374750450780362,-0.06967278789668059,0.30475782941392143,0.9498780806175176,0.1012
1,1784842811.1428373,1775,-29.810000000000002,46.49,-2060.92,-0.5231503103763082,0.7996272471648203,-0.2948050514234517,-0.8493496299607534,-0.5176559388669028,0.1031384265991923,-0.07013528953888942,0.30434946122416107,0.9499749715723351,0.11270000000000001
1,1784842811.2027109,1778,-29.82,46.49,-2060.92,-0.5236459613081018,0.7996683036034273,-0.29381203416083984,-0.8490401103419445,-0.5182601558965861,0.1026513606367911,-0.07018403120548358,0.30321117232394784,0.9503353022705643,0.0971
1,1784842811.2625177,1781,-29.810000000000002,46.46,-2060.94,-0.5235816000965112,0.7996900890232373,-0.2938674353486339,-0.8491729003997937,-0.5177873983052719,0.10393072396004766,-0.06904848489995183,0.3039604771582389,0.9501791068313156,0.0961
1,1784842811.3223572,1784,-29.82,46.47,-2060.92,-0.5232803625798881,0.7996287622999494,-0.2945700335080132,-0.8493356459506974,-0.5175180165208578,0.10394259518517227,-0.06932981072938567,0.30457994858323845,0.949960226675443,0.0911
1,1784842811.3672378,1787,-29.82,46.5,-2060.92,-0.5236567268997429,0.7997309779843302,-0.29362219811328094,-0.8491622429653543,-0.5177313647649937,0.10429630415611967,-0.06860843603156155,0.303948345596425,0.9502148629202236,0.0966
1,1784842811.4270778,1790,-29.810000000000002,46.480000000000004,-2060.93,-0.523119715982505,0.7994263204233761,-0.29540365766984905,-0.8493641864707651,-0.5175688995302163,0.10345488378968157,-0.07018718893957139,0.30502457680230094,0.9497545820133422,0.09390000000000001
1,1784842811.486919,1793,-29.82,46.49,-2060.93,-0.5234422428917054,0.7995684177023396,-0.2944461984293191,-0.8491947809171541,-0.5178637308380486,0.10337011340597412,-0.06983152883596142,0.30415045897626747,0.9500610800811483,0.0984
1,1784842811.5467572,1799,-29.810000000000002,46.47,-2060.93,-0.5233667793453451,0.7995275110740779,-0.2946913186935965,-0.8492049990658979,-0.5179198125246771,0.1030045501708133,-0.07027150090306204,0.30416250069673845,0.9500247835350073,0.09670000000000001
1,1784842811.6065972,1802,-29.810000000000002,46.5,-2060.91,-0.5230327393497495,0.7994253415173832,-0.29556027626883874,-0.8493732123493787,-0.5176609552756672,0.1029188103622507,-0.07072410983246209,0.30487088861171874,0.9497640978503592,0.11220000000000001
1,1784842811.6514783,1805,-29.82,46.49,-2060.91,-0.5230439919654759,0.7993852996644134,-0.29564865152619096,-0.8493743557326471,-0.5176251506053225,0.10308931702445147,-0.07062709319071427,0.30503663081874793,0.9497180989989488,0.1245
1,1784842811.711317,1808,-29.810000000000002,46.480000000000004,-2060.94,-0.5234743178451341,0.799608816797137,-0.2942794227547252,-0.8491890953161287,-0.517853579814305,0.10346762909086205,-0.06966002406507246,0.30406152333663,0.9501021371797148,0.133
1,1784842811.771157,1811,-29.830000000000002,46.49,-2060.94,-0.5234326173379564,0.7994481295337821,-0.2947897272492274,-0.8492025612379066,-0.5178023000423418,0.1036136480288204,-0.06980906168769244,0.30457095438632703,0.9499280123517182,0.1037
1,1784842811.8160696,1814,-29.810000000000002,46.49,-2060.91,-0.5232387363244853,0.7994678561959578,-0.29508028012558707,-0.8493491169591233,-0.5174665842434508,0.104088480208777,-0.0694787905069818,0.3050893002070948,0.9497858793269311,0.1048
1,1784842811.8758776,1817,-29.82,46.480000000000004,-2060.92,-0.5230473248293249,0.7993272019857951,-0.2957997974212397,-0.8492942290258628,-0.5179436075366788,0.10214564090188158,-0.07155982484782887,0.30464806511358417,0.9497729980844356,0.1197
1,1784842811.9370356,1820,-29.810000000000002,46.480000000000004,-2060.96,-0.5235080460096595,0.7994890927135104,-0.29454459152270357,-0.8491921186020199,-0.5177461471675819,0.1039791940598577,-0.06936909590993134,0.3045588904058665,0.9499641102733231,0.0936
1,1784842811.9966998,1826,-29.810000000000002,46.5,-2060.9900000000002,-0.5231767225771617,0.7997838290927219,-0.2943330489007365,-0.8492924237405857,-0.5179177933652727,0.1022914380214117,-0.07062928521697685,0.3034913277796099,0.950212880375923,0.10160000000000001
1,1784842812.056569,1829,-29.810000000000002,46.480000000000004,-2060.95,-0.5230919820816295,0.7994296850733763,-0.29544366113591725,-0.8494121311741935,-0.5174034964902555,0.10388769529531797,-0.06981267575467087,0.305296250293286,0.9496948930371439,0.10020000000000001
1,1784842812.1015022,1832,-29.810000000000002,46.49,-2060.94,-0.5228110814336373,0.7991851474625681,-0.2966001908384827,-0.8494549565763793,-0.5175571074013087,0.1027663238916921,-0.07137821711147325,0.3056758751580241,0.9494563757584461,0.1029
1,1784842812.1618764,1835,-29.810000000000002,46.51,-2060.95,-0.5231535517518527,0.799306177173229,-0.29566872750113476,-0.8493673441856238,-0.5174612244742852,0.1039663204919442,-0.06989617958430833,0.30552171166431374,0.9496162423743741,0.0936
1,1784842812.221688,1838,-29.82,46.45,-2060.94,-0.5230275723341444,0.7993485482830638,-0.2957770392305829,-0.8494235404061729,-0.5174239049221125,0.1036925822756655,-0.07015559551521369,0.3054740594107971,0.9496124427602003,0.1097
1,1784842812.2665985,1841,-29.82,46.47,-2060.91,-0.5229081792867503,0.7993069789122303,-0.2961003031022077,-0.849438246120785,-0.5175263457594397,0.10305895144103476,-0.0708639687165523,0.3054092908002053,0.9495806774733019,0.11960000000000001
1,1784842812.3266306,1844,-29.82,46.52,-2060.9,-0.5230327393497495,0.7994253415173832,-0.29556027626883874,-0.8493732123493787,-0.5176609552756672,0.1029188103622507,-0.07072410983246209,0.30487088861171874,0.9497640978503592,0.11040000000000001
1,1784842812.386679,1847,-29.82,46.480000000000004,-2060.9900000000002,-0.523021495743887,0.7994653692683543,-0.29547189093117027,-0.8493720519224695,-0.5176967312775481,0.10274829359924319,-0.07082112963545079,0.3047051324890283,0.9498100598709209,0.0961
1,1784842812.4465485,1853,-29.84,46.52,-2060.92,-0.5234438701018836,0.7994081709839567,-0.2948780951797662,-0.8492035916577406,-0.5177664615196229,0.10378415698478269,-0.06971208480855713,0.30473671831522664,0.9498819704269106,0.10790000000000001
1,1784842812.5063593,1856,-29.82,46.53,-2060.9,-0.5231744506548159,0.7993867923537659,-0.29541369364399617,-0.8493605953182563,-0.5174869487359168,0.10389339251659853,-0.06982172514804401,0.3052671192551661,0.9497035919690958,0.10600000000000001
1,1784842812.5661988,1859,-29.830000000000002,46.480000000000004,-2060.92,-0.5231519035249026,0.7994668373653339,-0.2952369587151002,-0.849358512826933,-0.5175587044868868,0.10355242198169927,-0.07001573056600614,0.30493567086014406,0.9497957854772687,0.10300000000000001
1,1784842812.6260388,1862,-29.82,46.480000000000004,-2060.9,-0.5231519035249026,0.7994668373653339,-0.2952369587151002,-0.849358512826933,-0.5175587044868868,0.10355242198169927,-0.07001573056600614,0.30493567086014406,0.9497957854772687,0.09820000000000001
1,1784842812.685907,1865,-29.830000000000002,46.52,-2060.93,-0.5235513504793468,0.7994896141091815,-0.29446619558585013,-0.8491873100817315,-0.5177001350874397,0.10424721831588457,-0.06910062089015692,0.3046357284725458,0.9499590397120268,0.11130000000000001
1,1784842812.7457407,1871,-29.810000000000002,46.49,-2060.96,-0.523119715982505,0.7994263204233761,-0.29540365766984905,-0.8493641864707651,-0.5175688995302163,0.10345488378968157,-0.07018718893957139,0.30502457680230094,0.9497545820133422,0.09910000000000001
1,1784842812.8055873,1874,-29.830000000000002,46.52,-2060.91,-0.5235288390754825,0.7995694360743575,-0.29428943499896776,-0.849185385350853,-0.5177718438869511,0.10390620281980525,-0.06929455940260507,0.3043041809992775,0.9500511720236747,0.1058
1,1784842812.8504398,1877,-29.82,46.49,-2060.92,-0.5231137684022833,0.7995429033749913,-0.2950985106208634,-0.8493125980139573,-0.5178413827789924,0.10251055134142807,-0.07085263694983257,0.30425556353866495,0.949951817669204,0.1124
1,1784842812.9102974,1880,-29.82,46.480000000000004,-2060.96,-0.5232576053843874,0.7996063915434336,-0.29467116759243034,-0.8492114753062565,-0.5180828950467902,0.1021272934533563,-0.07100245499676866,0.30367701997817675,0.9501257384797057,0.0944
1,1784842812.9701183,1883,-29.82,46.52,-2060.96,-0.5231519035249026,0.7994668373653339,-0.2952369587151002,-0.849358512826933,-0.5175587044868868,0.10355242198169927,-0.07001573056600614,0.30493567086014406,0.9497957854772687,0.10260000000000001
1,1784842813.0150125,1886,-29.82,46.5,-2060.93,-0.5233141905182583,0.7995088920552158,-0.29483519044859857,-0.8493385059823028,-0.5174103337196702,0.10445405121798602,-0.06903883152234112,0.3050771674261134,0.9498218578540341,0.1029
1,1784842813.0748389,1889,-29.82,46.49,-2060.92,-0.523583365098935,0.799530057456925,-0.2942994172855288,-0.8491815106365618,-0.5176900004459669,0.10434474318940015,-0.06892910694824403,0.3045467955194754,0.950000014502177,0.1043
1,1784842813.1346798,1892,-29.830000000000002,46.49,-2060.95,-0.5233403055493349,0.7996656480582083,-0.2943633399443192,-0.8492821145063094,-0.5176730919402934,0.10360723845691787,-0.06953283085867487,0.3042193636122171,0.9500609265916353,0.1017
1,1784842813.194553,1898,-29.82,46.5,-2060.94,-0.5228178213945469,0.7993640510892881,-0.2961057909909598,-0.8495267935821629,-0.5172996517014032,0.10346640679764807,-0.07046809645697182,0.30564388457112845,0.9495346561374165,0.09630000000000001
1,1784842813.2544677,1901,-29.82,46.5,-2060.92,-0.5234326173379564,0.7994481295337821,-0.2947897272492274,-0.8492025612379066,-0.5178023000423418,0.1036136480288204,-0.06980906168769244,0.30457095438632703,0.9499280123517182,0.10450000000000001
1,1784842813.2998536,1904,-29.810000000000002,46.5,-2060.98,-0.5233067968076947,0.7994905689680156,-0.2948979934588722,-0.8492587330555346,-0.517764877298886,0.10333990596365925,-0.07006854318293347,0.30452317147775193,0.9499242271304345,0.0998
1,1784842813.3597262,1907,-29.82,46.5,-2060.9,-0.5228322088536073,0.7992659088774404,-0.2963452181014187,-0.8494481989446112,-0.5175826797926598,0.1026933634097417,-0.07130384768730404,0.3054213098082195,0.949543882514135,0.10990000000000001
1,1784842813.4195347,1910,-29.8,46.49,-2060.94,-0.5235775570969808,0.7996460737740666,-0.2939943849839273,-0.849130820593806,-0.517962581027254,0.10340026195941117,-0.06959447695074203,0.3037777499312699,0.950197709650285,0.09230000000000001
1,1784842813.4644134,1913,-29.82,46.49,-2060.93,-0.5231050117829871,0.7992287601294142,-0.29596374039655665,-0.8494218801388173,-0.5172698259001524,0.10447199028765193,-0.06959609320183242,0.3060478985309742,0.9494688344626254,0.11520000000000001
1,1784842813.5247219,1916,-29.8,46.51,-2060.89,-0.5228744066228046,0.7994272374722803,-0.2958351684406179,-0.8494346999334896,-0.517633769330918,0.10254741048494954,-0.07115508026664487,0.30491207394215275,0.9497186855677542,0.10840000000000001
1,1784842813.5845573,1919,-29.82,46.49,-2060.94,-0.5230425089849405,0.7995458556073596,-0.29521679927780814,-0.8493653146479989,-0.517722267195739,0.10267529558082371,-0.07074670358146799,0.3044504538193351,0.9498972708148795,0.1017
1,1784842813.6442473,1925,-29.82,46.5,-2060.93,-0.5229840402655284,0.7993480505625391,-0.29585534926617885,-0.8494281279436519,-0.5174700178544639,0.10342454292789463,-0.07042406609737399,0.30539724079233144,0.9496172788185477,0.11330000000000001
1,1784842813.7047784,1928,-29.82,46.51,-2060.98,-0.5232178945925997,0.7993873059621701,-0.2953353514983116,-0.8493558605993654,-0.5174408405047556,0.10416140668809855,-0.06955326623242472,0.30534392354241496,0.9496986003528305,0.1018
1,1784842813.749657,1931,-29.82,46.49,-2060.91,-0.5230859612705571,0.7995463367813287,-0.29513849708436085,-0.8493608753960618,-0.5176763166384114,0.10294335596881926,-0.07047822690798267,0.3045273165600177,0.9498925902441083,0.0995
1,1784842813.80953,1934,-29.810000000000002,46.5,-2060.96,-0.523140643468213,0.7995068387211657,-0.29514857612692674,-0.8493574460229046,-0.5175945393726055,0.10338192151971864,-0.07011273805174713,0.30476992576326917,0.9498418269970735,0.1004
1,1784842813.8693373,1937,-29.810000000000002,46.49,-2060.91,-0.5230537430579472,0.7995058601643594,-0.29530520048911907,-0.8493664722724996,-0.5176865193501247,0.10284582374857068,-0.07064968260678965,0.3046162294527341,0.9498513436857153,0.0946
1,1784842813.9139302,1940,-29.82,46.51,-2060.91,-0.5229404870588654,0.799347560867355,-0.2959336478504041,-0.8494326415108022,-0.5175161103105238,0.10315649812322482,-0.07069253518312782,0.30532040957734247,0.9496220368993689,0.09770000000000001
1,1784842813.973799,1943,-29.810000000000002,46.51,-2060.9,-0.5228645753307359,0.7993065011699576,-0.2961785830401147,-0.8494426486397486,-0.5175724264311469,0.10279090460767386,-0.07113242956695642,0.3053324427335163,0.949585318377599,0.1232
1,1784842814.034225,1946,-29.82,46.49,-2060.9,-0.5229667581114656,0.7995049136822954,-0.29546177909883564,-0.8493752026633093,-0.5177784173678435,0.10230970437213464,-0.07118662101157783,0.30446248292017314,0.9498605484401577,0.127
1,1784842814.0938182,1952,-29.82,46.5,-2060.93,-0.5229878189985967,0.7995853678752882,-0.29520667448218574,-0.8493684683685474,-0.5178038872306803,0.10223668280057342,-0.07111220795587218,0.3042077807166296,0.9499477248939037,0.10490000000000001
1,1784842814.1536582,1955,-29.810000000000002,46.5,-2060.95,-0.5234422428917054,0.7995684177023396,-0.2944461984293191,-0.8491947809171541,-0.5178637308380486,0.10337011340597412,-0.06983152883596142,0.30415045897626747,0.9500610800811483,0.0978
1,1784842814.1987813,1958,-29.82,46.49,-2060.92,-0.5230066163517074,0.7992678523011728,-0.29603205828120843,-0.8494302933586612,-0.5173981994316251,0.10376550462235072,-0.07023002190628147,0.30572864357593826,0.9495250078435323,0.1022
1,1784842814.2586424,1961,-29.810000000000002,46.49,-2060.93,-0.5234707336193527,0.7993721801641127,-0.29492797192482456,-0.8492474534727548,-0.5175190638282132,0.10465553661613404,-0.06897212345620457,0.30525093964481603,0.9497708723854923,0.1038
1,1784842814.3184936,1964,-29.82,46.5,-2060.95,-0.5231181503779366,0.799586799115927,-0.29497178072607716,-0.8493552612923981,-0.5176661231436055,0.10304089025426728,-0.07030676254876893,0.3044383938155894,0.9499337995412602,0.1027
1,1784842814.3633735,1967,-29.810000000000002,46.5,-2060.93,-0.5237391176623631,0.7996879807576001,-0.2935923535483883,-0.8491106958548551,-0.5178147804084775,0.1043018665959725,-0.06861751099488494,0.3039193752006488,0.9502234740115161,0.09670000000000001
1,1784842814.4231815,1970,-29.82,46.5,-2060.92,-0.5230859612705571,0.7995463367813287,-0.29513849708436085,-0.8493608753960618,-0.5176763166384114,0.10294335596881926,-0.07047822690798267,0.3045273165600177,0.9498925902441083,0.1056
1,1784842814.4830487,1973,-29.82,46.5,-2060.92,-0.5233462309222844,0.7995493921821261,-0.2946684442566456,-0.8493326866435973,-0.517400183241205,0.10455160343455543,-0.06886733607602379,0.30498822902394185,0.9498628691440842,0.10990000000000001
1,1784842814.5428603,1979,-29.810000000000002,46.5,-2060.93,-0.523140643468213,0.7995068387211657,-0.29514857612692674,-0.8493574460229046,-0.5175945393726055,0.10338192151971864,-0.07011273805174713,0.30476992576326917,0.9498418269970735,0.11410000000000001
1,1784842814.6027064,1982,-29.810000000000002,46.5,-2060.93,-0.5231615518963662,0.7995872922277149,-0.2948934599568751,-0.8493507109989291,-0.5176201608008812,0.10330894858667233,-0.0700382776986964,0.30451523975069145,0.9499290017767535,0.0954
1,1784842814.6481955,1985,-29.82,46.49,-2060.96,-0.5234813638486838,0.7996273165757399,-0.29421661456995135,-0.8492685838785917,-0.5174992920631024,0.10458181080397909,-0.06863041701733495,0.3046155565628081,0.949999593978838,0.10060000000000001
1,1784842814.708035,1988,-29.810000000000002,46.49,-2060.94,-0.5233892409012798,0.7994476280960945,-0.2948680932897127,-0.8492071847792071,-0.5178482798674977,0.10334561605432133,-0.07007752726912977,0.3044940869209159,0.9499328877357821,0.1126
1,1784842814.7678761,1991,-29.82,46.49,-2060.93,-0.5231309855676624,0.7993862867679247,-0.295492024370195,-0.8493652560808428,-0.5175330365001881,0.1036253728274082,-0.07009018263445094,0.3051903023660558,0.9497085056163205,0.0893
1,1784842814.812755,1994,-29.810000000000002,46.5,-2060.94,-0.523119715982505,0.7994263204233761,-0.29540365766984905,-0.8493641864707651,-0.5175688995302163,0.10345488378968157,-0.07018718893957139,0.30502457680230094,0.9497545820133422,0.0947
1,1784842814.8725953,1997,-29.810000000000002,46.49,-2060.91,-0.5229517621131319,0.7993074646814529,-0.2960220116938574,-0.8494337696313976,-0.5174802446039819,0.10332699286438694,-0.0705955063199084,0.3054861262792651,0.9495759585932685,0.0999
1,1784842814.9324353,2000,-29.82,46.49,-2060.93,-0.5228065349720518,0.7994041598301472,-0.2960174255627078,-0.849525684786305,-0.5173355392212824,0.10329593770804775,-0.07056513217501016,0.30547819742967175,0.9495807669789033,0.1053
1,1784842814.9922752,2006,-29.810000000000002,46.51,-2060.92,-0.5232708354896791,0.799508366694453,-0.29491355396370234,-0.849343351932322,-0.5174564158309398,0.10418602710424088,-0.06930731025152617,0.30500037590299106,0.9498269671075533,0.0903
1,1784842815.052115,2009,-29.82,46.5,-2060.9,-0.5231631725875419,0.7994268219084005,-0.2953253312223194,-0.8493595625916687,-0.5175228409399293,0.10372291231716335,-0.06991872626290675,0.30510140202709546,0.9497497071328179,0.097
1,1784842815.0969954,2012,-29.8,46.49,-2060.9,-0.5232649026839725,0.7996247316000489,-0.2946084354404724,-0.8492924409945136,-0.5177291827514625,0.10324167277356376,-0.06997278963078181,0.30423146112960275,0.9500247506092848,0.0995
1,1784842815.156835,2015,-29.82,46.47,-2060.91,-0.5230275723341444,0.7993485482830638,-0.2957770392305829,-0.8494235404061729,-0.5174239049221125,0.1036925822756655,-0.07015559551521369,0.3054740594107971,0.9496124427602003,0.0981
1,1784842815.2171795,2018,-29.810000000000002,46.5,-2060.93,-0.5234101388157589,0.7995280043154921,-0.2946129611883266,-0.849200449292044,-0.5178738910784343,0.10327259976137174,-0.07000302498505635,0.30423938478535034,0.9500199857047078,0.10400000000000001
1,1784842815.2620597,2021,-29.82,46.5,-2060.96,-0.5232043223390775,0.7994856674776073,-0.29509304394307784,-0.8492237075032023,-0.518067658106173,0.10210287086512729,-0.07124838033402608,0.30402067219560924,0.9499974206162392,0.10070000000000001
1,1784842815.3219006,2024,-29.82,46.5,-2060.92,-0.5230501653851222,0.7992683582276239,-0.2959537396734752,-0.8494256320439901,-0.5173520281559724,0.10403352627672477,-0.06996156171258888,0.30580544550256256,0.9495200942495713,0.0981
1,1784842815.3817718,2027,-29.810000000000002,46.480000000000004,-2060.92,-0.5229292210152897,0.7993876429571108,-0.2958452739115787,-0.8494314963442242,-0.5175519473542504,0.10298599326236416,-0.070789567216891,0.3051546789372531,0.9496680783810454,0.1072
1,1784842815.4415462,2033,-29.810000000000002,46.51,-2060.94,-0.5233141905182583,0.7995088920552158,-0.29483519044859857,-0.8493385059823028,-0.5174103337196702,0.10445405121798602,-0.06903883152234112,0.3050771674261134,0.9498218578540341,0.11220000000000001
1,1784842815.501503,2036,-29.810000000000002,46.49,-2060.93,-0.5235513504793468,0.7994896141091815,-0.29446619558585013,-0.8491873100817315,-0.5177001350874397,0.10424721831588457,-0.06910062089015692,0.3046357284725458,0.9499590397120268,0.096
1,1784842815.546908,2039,-29.810000000000002,46.49,-2060.92,-0.5230162893187962,0.7993886221725717,-0.29568867385856173,-0.8494224690243645,-0.5174598003244794,0.10352209505561101,-0.07025261720213856,0.30530834542997287,0.9496585617931649,0.10790000000000001
1,1784842815.60673,2042,-29.810000000000002,46.5,-2060.95,-0.5237017773845126,0.7995715690089849,-0.29397577178538487,-0.8491657067576097,-0.5175878243024868,0.10497831490678006,-0.06822060415410831,0.30461147412126194,0.9500304200406007,0.0867
1,1784842815.6665702,2045,-29.810000000000002,46.51,-2060.91,-0.5231069173469742,0.799626758148062,-0.2948833679225854,-0.8493541433636398,-0.5177018720205341,0.10287035946983175,-0.07040377954885509,0.30427260698271136,0.9499797305549108,0.1119
1,1784842815.7121248,2048,-29.82,46.5,-2060.91,-0.5233614376109873,0.7994511039092872,-0.29490801630335983,-0.8492551379662674,-0.5176830469766619,0.10377848288954333,-0.06970305774968988,0.3047658040712267,0.9498733012403084,0.0988
1,1784842815.771965,2051,-29.82,46.5,-2060.93,-0.5232916295568598,0.7995888196561457,-0.2946584292305553,-0.849336616329554,-0.5174821509109597,0.10411309067754612,-0.06923281445666019,0.3047457021345154,0.9499141405584777,0.0945
1,1784842815.8318179,2054,-29.810000000000002,46.5,-2060.9,-0.5232049322690276,0.7995877933550943,-0.2948151277782289,-0.8493460867398891,-0.5175741779774163,0.10357700145610782,-0.06976979137849713,0.30459207312163095,0.9499241260240041,0.0998
1,1784842815.891658,2060,-29.810000000000002,46.51,-2060.95,-0.5226433446376393,0.7993621408819704,-0.2964187950022315,-0.8495444024884155,-0.5174840311702581,0.10239426587646737,-0.07154189336733449,0.3053366096758995,0.949553217194826,0.1015
1,1784842815.951803,2063,-29.82,46.49,-2060.92,-0.5228065349720518,0.7994041598301472,-0.2960174255627078,-0.849525684786305,-0.5173355392212824,0.10329593770804775,-0.07056513217501016,0.30547819742967175,0.9495807669789033,0.0915
1,1784842815.9973617,2066,-29.810000000000002,46.5,-2060.93,-0.5228984036398018,0.7991861034593604,-0.29644363968281007,-0.849446152083167,-0.5174648324307504,0.10330238094311793,-0.07084133102962212,0.3058295591254388,0.9494470951996702,0.1228
1,1784842816.057173,2069,-29.82,46.480000000000004,-2060.93,-0.523048656938934,0.7991664246544903,-0.2962315448755183,-0.8493034799887451,-0.5178465969574254,0.10255974307017912,-0.0714401942423498,0.3052342178140791,0.9495937925882006,0.1053
1,1784842816.1170127,2072,-29.810000000000002,46.5,-2060.93,-0.5232916295568598,0.7995888196561457,-0.2946584292305553,-0.849336616329554,-0.5174821509109597,0.10411309067754612,-0.06923281445666019,0.3047457021345154,0.9499141405584777,0.0908
1,1784842816.161893,2075,-29.82,46.5,-2060.92,-0.5230649861416999,0.7994658506139949,-0.29539359162755247,-0.8493676128529098,-0.5176507428314938,0.10301634182280281,-0.07055266479115638,0.3047819911806544,0.9498053797188256,0.1032
1,1784842816.221733,2078,-29.810000000000002,46.5,-2060.95,-0.5230425089849405,0.7995458556073596,-0.29521679927780814,-0.8493653146479989,-0.517722267195739,0.10267529558082371,-0.07074670358146799,0.3044504538193351,0.9498972708148795,0.1072
1,1784842816.2815912,2081,-29.810000000000002,46.49,-2060.96,-0.5228110814336373,0.7991851474625681,-0.2966001908384827,-0.8494549565763793,-0.5175571074013087,0.1027663238916921,-0.07137821711147325,0.3056758751580241,0.9494563757584461,0.1119
1,1784842816.3414133,2087,-29.810000000000002,46.5,-2060.94,-0.5228533172516941,0.7993466055534768,-0.2960902106268188,-0.8494414467298017,-0.5176082337710446,0.1026203922717192,-0.07122946873647926,0.3051667093943151,0.9496313191238823,0.1078
1,1784842816.4012532,2090,-29.810000000000002,46.5,-2060.9700000000003,-0.5236360482956173,0.7996507646699393,-0.29387742936151323,-0.8491689657459113,-0.5177056291041977,0.10436929245638284,-0.06868301492631958,0.30420311661225324,0.950127942597218,0.0945
1,1784842816.4461677,2093,-29.810000000000002,46.5,-2060.9700000000003,-0.522896912719228,0.799347079197629,-0.29601193497377715,-0.8494370811065408,-0.5175621822846098,0.10288844789378834,-0.07096100274024093,0.3052435657749594,0.9496267170015216,0.0989
1,1784842816.5059724,2096,-29.82,46.49,-2060.95,-0.52298921933216,0.7994248640966498,-0.2956385684013351,-0.8493776143467302,-0.5177069524194834,0.10265076552655766,-0.07099256798422873,0.30479402566419156,0.9497687388045686,0.10160000000000001
1,1784842816.565841,2099,-29.82,46.5,-2060.95,-0.5230162893187962,0.7993886221725717,-0.29568867385856173,-0.8494224690243645,-0.5174598003244794,0.10352209505561101,-0.07025261720213856,0.30530834542997287,0.9496585617931649,0.13140000000000002
1,1784842816.6256526,2102,-29.810000000000002,46.51,-2060.93,-0.5233667793453451,0.7995275110740779,-0.2946913186935965,-0.8492049990658979,-0.5179198125246771,0.1030045501708133,-0.07027150090306204,0.30416250069673845,0.9500247835350073,0.0999
1,1784842816.6854923,2108,-29.810000000000002,46.49,-2060.95,-0.5232327756158328,0.7995843057385512,-0.294775169473195,-0.849298089665079,-0.517739354289834,0.10314415112255881,-0.07014426143740496,0.30432038879467976,0.9499836227805487,0.1023
1,1784842816.7453327,2111,-29.810000000000002,46.51,-2060.92,-0.5227984600884465,0.7993862343148248,-0.29608008801186436,-0.8494444825203972,-0.5176900142406731,0.10218180009740775,-0.07159498058386483,0.30492408488582196,0.949681768389675,0.10540000000000001
1,1784842816.8051724,2114,-29.810000000000002,46.51,-2060.96,-0.5232821209927925,0.7994683776406972,-0.29500192372565304,-0.8493443080873386,-0.5174204934238786,0.10435650101756937,-0.06921031837034484,0.3051660959830588,0.9497808092889295,0.0971
1,1784842816.8650122,2117,-29.82,46.51,-2060.96,-0.5231519035249026,0.7994668373653339,-0.2952369587151002,-0.849358512826933,-0.5175587044868868,0.10355242198169927,-0.07001573056600614,0.30493567086014406,0.9497957854772687,0.096
1,1784842816.9098923,2120,-29.82,46.49,-2060.93,-0.5229456781871904,0.7994243946975785,-0.29571684907652773,-0.8493819423813633,-0.5177529290698031,0.10238271531905296,-0.07126102456323671,0.3047171501606858,0.9497733017810871,0.1107
1,1784842816.9697328,2123,-29.810000000000002,46.5,-2060.95,-0.5230908909162054,0.7993276636296125,-0.2957215007349235,-0.8492899747609306,-0.5178976466706718,0.1024137019326895,-0.07129136421101998,0.3047249804814249,0.9497685126700752,0.1145
1,1784842817.0295722,2126,-29.810000000000002,46.5,-2060.96,-0.5232500223496507,0.7994278489419038,-0.29516864407861976,-0.8493500929594455,-0.5174306623526382,0.10425895283903171,-0.06938179661028784,0.30525501469006366,0.949739723453588,0.09480000000000001
1,1784842817.0894122,2132,-29.82,46.49,-2060.96,-0.5231309855676624,0.7993862867679247,-0.295492024370195,-0.8493652560808428,-0.5175330365001881,0.1036253728274082,-0.07009018263445094,0.3051903023660558,0.9497085056163205,0.1004
1,1784842817.1493971,2135,-29.8,46.5,-2060.95,-0.5232762111388655,0.7992895552814296,-0.2954965544201284,-0.8492732899260463,-0.5176777283252074,0.10365639688047235,-0.07012050965547001,0.30519825755411356,0.9497037104863757,0.0927
1,1784842817.1942782,2138,-29.810000000000002,46.5,-2060.95,-0.5228500928670261,0.7994046533412232,-0.2959391501733774,-0.8495211345353617,-0.5172894223418653,0.10356396820792117,-0.07029667393763422,0.3055549930039077,0.949575970569858,0.1092
1,1784842817.2541502,2141,-29.810000000000002,46.49,-2060.92,-0.523201489126862,0.7993506194161506,-0.2954636847642202,-0.8494044505752585,-0.5172392485436043,0.10476468445516895,-0.06908169886719272,0.305781207736944,0.9495923187750407,0.1051
1,1784842817.3139565,2144,-29.810000000000002,46.5,-2060.94,-0.5231422641578835,0.7993462390167412,-0.29558038098215217,-0.8493663086520805,-0.5174971448134821,0.10379585173133243,-0.06999317951416512,0.3053560139897114,0.9496623924015382,0.10590000000000001
1,1784842817.374406,2147,-29.810000000000002,46.5,-2060.93,-0.5231293924187868,0.7995468259724959,-0.2950601834623886,-0.8493563621784399,-0.5176303455929042,0.1032114109407358,-0.07020974871453367,0.3046041667454302,0.9498878316868598,0.10110000000000001
1,1784842817.4342458,2153,-29.8,46.5,-2060.94,-0.5232595589886008,0.7995483416480021,-0.2948251741201637,-0.8493423787423886,-0.5174923095840038,0.10401554303869502,-0.06940430533674453,0.3048346418787461,0.9498730881077643,0.0897
1,1784842817.4941173,2156,-29.810000000000002,46.51,-2060.92,-0.5232803625798881,0.7996287622999494,-0.2945700335080132,-0.8493356459506974,-0.5175180165208578,0.10394259518517227,-0.06932981072938567,0.30457994858323845,0.949960226675443,0.0964
1,1784842817.5544987,2159,-29.810000000000002,46.5,-2060.93,-0.5230747277187922,0.7995863140198494,-0.2950500900763504,-0.849359737619204,-0.5177120649999211,0.10277282649102573,-0.07057524589647932,0.30436153532545546,0.949938519316373,0.11860000000000001
1,1784842817.614852,2162,-29.810000000000002,46.5,-2060.96,-0.5235946337773875,0.7994901435235501,-0.29438778827970585,-0.8491824276097955,-0.517654102537807,0.10451523699687063,-0.06883214451299512,0.3047125539495724,0.9499538911690771,0.09230000000000001
1,1784842817.6746845,2165,-29.82,46.49,-2060.92,-0.5233839779335706,0.7993711286480188,-0.2950847510909773,-0.8492571456154506,-0.5176112754748204,0.1041194896377547,-0.06950908043938298,0.30509730609319036,0.9497810913842984,0.11410000000000001
1,1784842817.7345529,2171,-29.810000000000002,46.51,-2060.94,-0.5235496130515076,0.7996497146079456,-0.29403424392585303,-0.8491786575325954,-0.5177975221845516,0.10383320090740851,-0.06922001346977602,0.3040494366825407,0.9501381635258495,0.0858
1,1784842817.7943664,2174,-29.82,46.5,-2060.9700000000003,-0.5228823352462362,0.7994452413233648,-0.29577249637664066,-0.8495154582564739,-0.517279202204265,0.1036615316798492,-0.0701252427499259,0.3054660915590244,0.9496172477566517,0.0994
1,1784842817.854204,2177,-29.810000000000002,46.5,-2060.93,-0.5233254845000528,0.7994689071048887,-0.2949235559349235,-0.8493394252585001,-0.517374382146657,0.1046245162470329,-0.06894184487193303,0.30524287914852316,0.949775661277322,0.0964
1,1784842817.9146292,2180,-29.82,46.49,-2060.93,-0.5234438701018836,0.7994081709839567,-0.2948780951797662,-0.8492035916577406,-0.5177664615196229,0.10378415698478269,-0.06971208480855713,0.30473671831522664,0.9498819704269106,0.09670000000000001
1,1784842817.9595087,2183,-29.810000000000002,46.51,-2060.93,-0.5231788642522308,0.7994307202702904,-0.2952869781887965,-0.8494025858647005,-0.517311244044851,0.10442377081454644,-0.06927570372147845,0.3054498326614268,0.9496848301415584,0.096
1,1784842818.0193481,2186,-29.82,46.5,-2060.91,-0.5235608547346818,0.7996098430025166,-0.2941226451040113,-0.8491796255991121,-0.5177617102735225,0.10400372513515542,-0.06912304143222667,0.3042152368769977,0.9500921506859379,0.0984
1,1784842818.079188,2189,-29.810000000000002,46.5,-2060.9900000000002,-0.5230162893187962,0.7993886221725717,-0.29568867385856173,-0.8494224690243645,-0.5174598003244794,0.10352209505561101,-0.07025261720213856,0.30530834542997287,0.9496585617931649,0.1019
1,1784842818.1390293,2195,-29.810000000000002,46.51,-2060.92,-0.5231032730567875,0.7993896334834227,-0.29553202803844303,-0.8494131458193124,-0.5173675713966528,0.10405817496222595,-0.0697156612721691,0.30546196153755134,0.9496487332835315,0.1027
1,1784842818.1988971,2198,-29.82,46.5,-2060.94,-0.5235816000965112,0.7996900890232373,-0.2938674353486339,-0.8491729003997937,-0.5177873983052719,0.10393072396004766,-0.06904848489995183,0.3039604771582389,0.9501791068313156,0.1085
1,1784842818.2437482,2201,-29.810000000000002,46.5,-2060.94,-0.5237373327957038,0.7998476527374574,-0.2931602610287111,-0.8491021468291752,-0.5179120303578325,0.10388779072014936,-0.06873682045402023,0.3033329214262892,0.9504022244780704,0.0942
1,1784842818.3036098,2204,-29.810000000000002,46.49,-2060.93,-0.5229840402655284,0.7993480505625391,-0.29585534926617885,-0.8494281279436519,-0.5174700178544639,0.10342454292789463,-0.07042406609737399,0.30539724079233144,0.9496172788185477,0.11320000000000001
1,1784842818.363428,2207,-29.810000000000002,46.51,-2060.9700000000003,-0.5230439919654759,0.7993852996644134,-0.29564865152619096,-0.8493743557326471,-0.5176251506053225,0.10308931702445147,-0.07062709319071427,0.30503663081874793,0.9497180989989488,0.1174
1,1784842818.4232678,2210,-29.82,46.51,-2060.91,-0.5229081792867503,0.7993069789122303,-0.2961003031022077,-0.849438246120785,-0.5175263457594397,0.10305895144103476,-0.0708639687165523,0.3054092908002053,0.9495806774733019,0.1073
1,1784842818.4831078,2213,-29.810000000000002,46.5,-2060.95,-0.5235193067314783,0.7994491564703398,-0.2946329609840936,-0.8491930922974845,-0.517710278949846,0.10414969545758809,-0.06927212623868262,0.30472465159309764,0.9499180276412471,0.0964
1,1784842818.5279884,2216,-29.810000000000002,46.5,-2060.93,-0.5231953305001731,0.7994673427707958,-0.29515862512523283,-0.8493538518727003,-0.5175126545996823,0.1038204538527788,-0.06974726124961264,0.3050124918297495,0.9497908713901103,0.0989
1,1784842818.587864,2222,-29.810000000000002,46.5,-2060.94,-0.5236095705062508,0.7996864181752326,-0.2938275859416989,-0.8491251202901907,-0.5179524524577531,0.10349776367230284,-0.06942296281799362,0.30368880384213337,0.9502386872015397,0.09530000000000001
1,1784842818.647668,2225,-29.810000000000002,46.51,-2060.94,-0.5227885541633702,0.7992654430926083,-0.29642347935639224,-0.8494524904175433,-0.517628748669104,0.10242531461846241,-0.07157230022296615,0.3053444448966349,0.9495484062498126,0.12000000000000001
1,1784842818.7076077,2228,-29.810000000000002,46.5,-2060.95,-0.5232178945925997,0.7993873059621701,-0.2953353514983116,-0.8493558605993654,-0.5174408405047556,0.10416140668809855,-0.06955326623242472,0.30534392354241496,0.9496986003528305,0.1042
1,1784842818.767328,2231,-29.810000000000002,46.49,-2060.96,-0.5233029055367552,0.7995488629067683,-0.2947468148789467,-0.8493375696730385,-0.5174462566425013,0.10428357602498757,-0.06913582138578094,0.30491144175179263,0.9498680176162142,0.10060000000000001
1,1784842818.8273795,2234,-29.810000000000002,46.5,-2060.9700000000003,-0.5231580416610594,0.7993500895954774,-0.2955420405104285,-0.8494093339828637,-0.5172854433242031,0.104496667256285,-0.06935017511263636,0.30570443959580496,0.9495974667316996,0.10500000000000001
1,1784842818.8872473,2240,-29.810000000000002,46.51,-2060.96,-0.5228178213945469,0.7993640510892881,-0.2961057909909598,-0.8495267935821629,-0.5172996517014032,0.10346640679764807,-0.07046809645697182,0.30564388457112845,0.9495346561374165,0.109
1,1784842818.947346,2243,-29.810000000000002,46.49,-2060.95,-0.523021495743887,0.7994653692683543,-0.29547189093117027,-0.8493720519224695,-0.5176967312775481,0.10274829359924319,-0.07082112963545079,0.3047051324890283,0.9498100598709209,0.09430000000000001
1,1784842819.007168,2246,-29.82,46.5,-2060.92,-0.5229681584779519,0.799344280506126,-0.29589360662292735,-0.8493843596645766,-0.5176814078077798,0.10272375366658072,-0.07106697387237695,0.3050486538772117,0.9496814223687458,0.10550000000000001
1,1784842819.0672803,2249,-29.810000000000002,46.5,-2060.93,-0.5232708354896791,0.799508366694453,-0.29491355396370234,-0.849343351932322,-0.5174564158309398,0.10418602710424088,-0.06930731025152617,0.30500037590299106,0.9498269671075533,0.09430000000000001
1,1784842819.1273663,2252,-29.82,46.5,-2060.9700000000003,-0.522896912719228,0.799347079197629,-0.29601193497377715,-0.8494370811065408,-0.5175621822846098,0.10288844789378834,-0.07096100274024093,0.3052435657749594,0.9496267170015216,0.1073
1,1784842819.187228,2258,-29.810000000000002,46.5,-2060.93,-0.5228533172516941,0.7993466055534768,-0.2960902106268188,-0.8494414467298017,-0.5176082337710446,0.1026203922717192,-0.07122946873647926,0.3051667093943151,0.9496313191238823,0.10590000000000001
1,1784842819.2475505,2261,-29.810000000000002,46.51,-2060.96,-0.5232934154966247,0.799428374490136,-0.29509028340142923,-0.8493452472085913,-0.517384542367011,0.10452696476917205,-0.06911332969879311,0.30533180210999555,0.949734614657278,0.1048
1,1784842819.292431,2264,-29.810000000000002,46.5,-2060.92,-0.523538380369384,0.7996895720972735,-0.2939458326955524,-0.8491776724326866,-0.5178333054215085,0.10366266655860025,-0.0693169886969063,0.3038836225845582,0.9501841395239551,0.11040000000000001
1,1784842819.3522706,2267,-29.8,46.54,-2060.88,-0.5232649026839725,0.7996247316000489,-0.2946084354404724,-0.8492924409945136,-0.5177291827514625,0.10324167277356376,-0.06997278963078181,0.30423146112960275,0.9500247506092848,0.1082
1,1784842819.4121106,2270,-29.810000000000002,46.54,-2060.89,-0.5232103273718942,0.7996641574349683,-0.2945983513959606,-0.8492958744175308,-0.5178108159623608,0.10280309610977696,-0.07033826148517779,0.303988806021236,0.9500754363654637,0.10350000000000001
1,1784842819.471783,2273,-29.8,46.51,-2060.9,-0.5237637781631387,0.8000031843930497,-0.2926882465102668,-0.8490457177129375,-0.5181737281832697,0.10304055829611054,-0.06923058513112272,0.3024746144416606,0.9506399074837809,0.0969
1,1784842819.5315883,2276,-29.87,46.39,-2060.9,-0.523056868489535,0.7991853303942956,-0.29616603452874457,-0.8491708263004846,-0.5184011563909364,0.10084219757964259,-0.07294120979304569,0.30424176034052275,0.949798152861347,0.0994
1,1784842819.576469,2279,-29.91,46.39,-2060.92,-0.5206548022831095,0.7995639838542614,-0.29935933688902805,-0.850312510907154,-0.5171382707626463,0.09765573566048627,-0.07672816076452738,0.30539391715573216,0.949129782858999,0.0994
1,1784842819.63689,2285,-30.03,46.480000000000004,-2060.86,-0.4852879991090488,0.823351621602605,-0.29425782083930546,-0.8706636480878982,-0.48594060982445664,0.0762006274364446,-0.0802519147373352,0.2931788377898311,0.9526834727511524,0.11810000000000001
1,1784842819.6967294,2288,-29.85,46.82,-2060.87,-0.4874810234479955,0.8231443105995727,-0.291197004973693,-0.870090283910369,-0.4857906808747608,0.08336853255281522,-0.0728364580609763,0.29400826230361354,0.9530236052031144,0.1313
1,1784842819.742219,2291,-29.68,47.230000000000004,-2061.09,-0.524161404401441,0.8013137497777807,-0.2883593184777999,-0.8492443404272736,-0.5170920957710033,0.10676991497325757,-0.0635521233961079,0.3008521878069424,0.9515508860295502,0.09730000000000001
1,1784842819.8020766,2294,-29.7,47.09,-2061.06,-0.5320149992256145,0.7966169477967118,-0.28698689705632974,-0.8439392315624851,-0.5263921949537266,0.10333358854467474,-0.06875037475310056,0.29717452039979597,0.9523448379638856,0.094
1,1784842819.8624656,2297,-29.7,47.08,-2061.05,-0.507682638924027,0.8166858028474921,-0.27437681673655173,-0.8599068034971357,-0.4999593878957246,0.10296067091016231,-0.053090747164401465,0.2882098365467071,0.9560943795898217,0.0932
1,1784842819.9073682,2300,-29.71,47.07,-2061.01,-0.5067839781922192,0.8173218913318155,-0.2741439866155233,-0.8603397088643496,-0.4996661941692821,0.10074363382165444,-0.0546405051118187,0.28691221715738974,0.9563972996861485,0.11850000000000001
1,1784842819.9672084,2303,-29.69,47.07,-2060.9900000000002,-0.5067612160971846,0.8172906842460856,-0.27427906829407844,-0.8603832738941094,-0.499469032404892,0.10134746011506594,-0.054163565825713494,0.2873440848757569,0.9562947688991911,0.11900000000000001
1,1784842820.027531,2306,-29.69,47.06,-2060.9700000000003,-0.5069206338016624,0.8172933012102431,-0.27397651509387383,-0.8603566274348036,-0.49929520236197555,0.10242448207008194,-0.05308431647041798,0.2876385938902788,0.9562667486897637,0.1262
1,1784842820.088,2312,-29.69,47.04,-2060.92,-0.5071293084661807,0.8172060872345942,-0.27385046189725243,-0.8601131639566714,-0.5001458488138917,0.10029693466241194,-0.055001906176584237,0.2864059023500683,0.9565283317372181,0.1381
1,1784842820.14784,2315,-29.68,47.04,-2060.89,-0.5077212093292414,0.8174441251368098,-0.2720372692786193,-0.8598626435971708,-0.500402835702503,0.10115945910778049,-0.053436015414114024,0.2852754884321633,0.9569547993277705,0.1058
1,1784842820.1927207,2318,-29.63,47.06,-2060.89,-0.5078142599686021,0.8177743159156216,-0.27086868700770517,-0.8597960929805383,-0.5006955869762577,0.10027266665399073,-0.05362234485680871,0.28381172881196776,0.9573795207339769,0.1268
1,1784842820.25256,2321,-29.59,47.050000000000004,-2060.85,-0.5082646258373122,0.8175673908666014,-0.270648538725106,-0.8596227538565445,-0.5006458180437728,0.10199257780531075,-0.052113253348335685,0.2844948615825245,0.9572600913850908,0.1411
1,1784842820.3124282,2324,-29.490000000000002,47.01,-2060.82,-0.5091977874779335,0.817904227650897,-0.2678624415971126,-0.8589922486597692,-0.5022812682033567,0.09922622815798444,-0.05338473536517736,0.2806175368768263,0.9583339021589359,0.1028
1,1784842820.3573103,2327,-29.47,47.01,-2060.84,-0.5098218987827341,0.8178997449838233,-0.2666864051221292,-0.8587141763287572,-0.5025192037333688,0.10042117929602731,-0.05188058301129143,0.2802043130192285,0.9585374004554182,0.1351
1,1784842820.4171484,2330,-29.5,46.95,-2060.77,-0.5107293321394438,0.8180650249666799,-0.26443366695385706,-0.8583018433093534,-0.5029500675008409,0.10178003425360879,-0.04973424438114932,0.27894595269902256,0.9590180709500061,0.0979
1,1784842820.4769595,2333,-29.39,46.800000000000004,-2060.63,-0.5126980466569988,0.8179833066313121,-0.2608524928510412,-0.8572245463851779,-0.5046933210023382,0.10222880616712975,-0.048029054007170384,0.27602166909164105,0.9599506488164069,0.1062
1,1784842820.5368006,2339,-28.8,46.1,-2060.27,-0.5256278472700707,0.8188375539406751,-0.23069552754807165,-0.8502286097369295,-0.5148081922465529,0.10992650445022041,-0.02875199747912043,0.2539243695518177,0.9667966369349205,0.10790000000000001
1,1784842820.59664,2342,-28.76,45.410000000000004,-2059.79,-0.5281462917683374,0.8173821499356595,-0.23010414046234307,-0.8486621178878238,-0.5173078817770945,0.11029580732489096,-0.028880861370605092,0.25353298881576547,0.9668955059512051,0.1086
1,1784842820.6415565,2345,-28.810000000000002,44.51,-2059.33,-0.5299810543090671,0.815309929007519,-0.23321621241930038,-0.8471493557402887,-0.5214114752784348,0.1023134522767165,-0.03818443586415232,0.25179315540681524,0.9670274844842911,0.11030000000000001
1,1784842820.701361,2348,-28.91,43.54,-2058.91,-0.5306741477665254,0.8128806441344284,-0.24002084760259673,-0.8460601309784601,-0.5249695830765542,0.09267789171717286,-0.05066757997954009,0.25225383096402304,0.966333690348728,0.1061
1,1784842820.7612026,2351,-28.97,42.79,-2058.4900000000002,-0.5320326271951931,0.8110909491097603,-0.24304887547982773,-0.8446410074543392,-0.5285106482232462,0.08519426765435867,-0.05935361931929011,0.2506151770880449,0.9662655850680126,0.0999
1,1784842820.8070784,2354,-29.01,42.160000000000004,-2058.23,-0.5334039639411878,0.8097075816830578,-0.24465045149519343,-0.8434483444176184,-0.5309776685539052,0.08159415295373484,-0.06383652207793195,0.2498726628945895,0.9661721124038721,0.09720000000000001
1,1784842820.8659196,2357,-29.11,41.7,-2058.01,-0.5332989570989617,0.8081516747131335,-0.24996618374395682,-0.8429023927165461,-0.5326277433015731,0.07631017899464711,-0.07146872539706707,0.2513932332498854,0.9652428003182864,0.1288
1,1784842820.9257603,2360,-29.13,41.37,-2057.84,-0.5332492377010137,0.8074071833005575,-0.25246562309737797,-0.8426057310881715,-0.5334743906296295,0.07362510767199702,-0.07523850363115604,0.2519895134663444,0.9648007321070706,0.1328
1,1784842820.9856,2366,-29.07,40.51,-2057.44,-0.534888128791855,0.8056307303691216,-0.2546641238228574,-0.8412382785844259,-0.5359073133931638,0.07156472661886874,-0.07882162344090578,0.25251233185061905,0.964377868857173,0.0824
1,1784842821.0456464,2369,-29.14,40.11,-2057.28,-0.5353990296598354,0.8044382959243467,-0.2573458899800819,-0.8405978028948586,-0.537149093598017,0.06975804623959686,-0.08211706769998289,0.25367277996892484,0.963798167613528,0.08710000000000001
1,1784842821.0905259,2372,-29.14,39.62,-2057.03,-0.535895347006172,0.8035420229249792,-0.2591069170260927,-0.8398543842931303,-0.5387560141263452,0.06623118922607459,-0.08637586607809629,0.2531050663979789,0.9635751320592149,0.0828
1,1784842821.1508842,2375,-29.13,39.12,-2056.65,-0.5350911224198059,0.8021390119749441,-0.265048101625672,-0.8397866724851044,-0.5391720099859978,0.06365444496698636,-0.09184680410285471,0.2566447917171114,0.962131807737678,0.1042
1,1784842821.2107239,2378,-29.13,38.53,-2056.43,-0.535879132991117,0.8009641521596106,-0.2670018385328556,-0.8391470066821356,-0.5401457477174653,0.06383472721922101,-0.09309057955078384,0.25826149186043323,0.9615795057201054,0.08320000000000001
1,1784842821.2559671,2381,-29.16,37.83,-2056.12,-0.5364069755143914,0.7994862200161869,-0.27035040340959804,-0.8382670676801517,-0.5418558516706826,0.06083222216193741,-0.0978564247375881,0.25925666821601423,0.960838227863103,0.076
1,1784842821.3157783,2384,-29.16,37.08,-2055.75,-0.5377731470048374,0.7978524602699131,-0.2724545723634688,-0.8369120561855266,-0.5442381235664997,0.05816420779250597,-0.10187370893330597,0.2592996654414782,0.9604089914875379,0.0709
1,1784842821.3758225,2387,-29.17,36.32,-2055.3,-0.5384293496820536,0.7955985969775553,-0.27769895190350674,-0.8357354709423648,-0.5463612166844449,0.055096674235717416,-0.1078891005139289,0.26174853082765964,0.9590868827170231,0.0806
1,1784842821.4356914,2393,-29.080000000000002,34.84,-2054.61,-0.541477043640194,0.7927663868652819,-0.2798643726293891,-0.833158809632668,-0.5505376993698642,0.05248465970178903,-0.11246781380533315,0.26159070593028166,0.9586038250647374,0.0864
1,1784842821.4956958,2396,-28.96,34.27,-2054.29,-0.542794369122322,0.7914086449124678,-0.28115232456252554,-0.8324162845399449,-0.5514278764444676,0.05486735197417933,-0.1116127326151185,0.2638174631023433,0.9580933900619657,0.0879
1,1784842821.5409744,2399,-28.8,33.67,-2053.98,-0.5453891840818912,0.7901905630097154,-0.2795523421774138,-0.831299534688678,-0.5525948389470772,0.05983333180962892,-0.10719944735340843,0.26502418398976885,0.9582642956865715,0.0784
1,1784842821.6008139,2402,-28.67,33.17,-2053.66,-0.5472019916797715,0.7893129235656442,-0.278487143318945,-0.8307981711011326,-0.5526317489692026,0.06612525180483678,-0.10170732125419547,0.2675504788324916,0.9581609270262487,0.0944
1,1784842821.660654,2405,-28.7,32.45,-2053.2400000000002,-0.5486805908236201,0.78774497040143,-0.28001334050486487,-0.829820569089391,-0.5539011145178485,0.06775971112722164,-0.10172232974918782,0.26953926790569016,0.957601770407335,0.08070000000000001
1,1784842821.7055335,2408,-28.810000000000002,31.6,-2052.7,-0.5518127603602896,0.7859522899702818,-0.2788936632374922,-0.8279432102749525,-0.5564102608214919,0.07012604517698748,-0.10006357011002162,0.2696045614284547,0.9577581439976418,0.097
1,1784842821.765373,2411,-29.04,30.55,-2051.9900000000002,-0.5519350706024833,0.7826249790527313,-0.28786423883793466,-0.8264558305470395,-0.5593729723076433,0.06381722343157549,-0.1110785217485126,0.2731300423139577,0.9555425380336244,0.07590000000000001
1,1784842821.825213,2414,-29.150000000000002,29.47,-2051.2400000000002,-0.5548590072857252,0.7801717511321987,-0.2889005378486133,-0.8244435413283419,-0.5621643659593367,0.06529986835759792,-0.11146447503972781,0.27441440264835876,0.9551295233753703,0.0824
1,1784842821.8850524,2420,-29.28,26.93,-2049.95,-0.5627978747591572,0.7741627940245764,-0.2897076466278325,-0.8198399614061685,-0.5675060981643577,0.07615291345574345,-0.10545610389212966,0.28037260368004463,0.9540808211349627,0.0826
1,1784842821.945279,2423,-29.38,25.46,-2049.21,-0.565714396137384,0.7707519458920418,-0.29310179103264816,-0.8173961029168082,-0.5710364894128552,0.07603248447510251,-0.10876963243171203,0.28259293278968095,0.9530531996683066,0.093
1,1784842821.9901934,2426,-29.32,23.92,-2048.57,-0.5688946215978654,0.7673592726856642,-0.29583552210704794,-0.8144874748799458,-0.5755109928117537,0.07346598135544871,-0.11388179301675497,0.2827487290442837,0.952409624816513,0.0789
1,1784842822.0505521,2429,-29.34,22.37,-2048.02,-0.571127843255568,0.7640554118685392,-0.3000538522542917,-0.8119615868386928,-0.5795208904474098,0.06981345882731693,-0.12054612460230973,0.28350461218371426,0.9513641609362454,0.08170000000000001
1,1784842822.1104443,2432,-29.29,20.900000000000002,-2047.56,-0.5751700159652537,0.7608413499423823,-0.3004994059101996,-0.8090890853441581,-0.5832824401422007,0.07180840479159459,-0.12064122310173699,0.28443283080476717,0.9510750023257386,0.07390000000000001
1,1784842822.1558535,2435,-29.16,19.53,-2047.14,-0.5774467551985717,0.758373016815727,-0.3023666851299158,-0.8068910147326724,-0.5865626222981869,0.06979384261059507,-0.12442722874965459,0.2842791893341602,0.9506330560511735,0.0815
1,1784842822.2156935,2438,-29.01,18.22,-2046.9,-0.5804390349532633,0.7558347940326453,-0.3029922289963108,-0.8047282549173264,-0.5893207535658149,0.07150863692124426,-0.12451089285776797,0.2853328118991025,0.9503063842853591,0.0675
1,1784842822.2755346,2441,-28.97,16.87,-2046.56,-0.5820159341657073,0.7526364528410097,-0.3078893019124269,-0.8022872687757355,-0.5932282321261741,0.06644849861979213,-0.13263706396625985,0.2856897521146959,0.9490989278252577,0.09090000000000001
1,1784842822.335374,2447,-28.73,14.23,-2045.8700000000001,-0.5881213486593992,0.7479445869914878,-0.30772093533131906,-0.7974051270325706,-0.5998114198135622,0.06611598931732353,-0.13512343480395667,0.28426247633370666,0.9491767495653323,0.0726
1,1784842822.395214,2450,-28.62,12.94,-2045.65,-0.592437316908195,0.7455321248282242,-0.3052865479901339,-0.7949525829360989,-0.6024486062566158,0.07145675407325813,-0.13064614964798563,0.28502197751853203,0.9495757241597859,0.0636
1,1784842822.4400942,2453,-28.54,11.74,-2045.28,-0.5963556071067448,0.7431403239614359,-0.3034838525767681,-0.7926979372775986,-0.6047560392532068,0.0768121944915897,-0.1264514535629616,0.2863784068138962,0.9497354568523535,0.0784
1,1784842822.4999347,2456,-28.55,10.51,-2045.0,-0.6005356005985256,0.7405895766899131,-0.30146985141473726,-0.790600367507857,-0.6063600420911907,0.08531446683658624,-0.11961626691303201,0.28957654990248266,0.9496511835597138,0.0648
1,1784842822.559806,2459,-28.67,9.13,-2044.69,-0.605211640169041,0.7374914427980347,-0.2997085958119525,-0.7875324026496789,-0.6096455477350873,0.0901388978388879,-0.11623934523526562,0.29058334075865144,0.9497629897468199,0.0825
1,1784842822.6046824,2462,-29.01,8.06,-2044.3700000000001,-0.6094416170684208,0.7349227870521718,-0.29743808171869435,-0.7847952475624006,-0.6124805359021098,0.09467846927646699,-0.11259367117426693,0.29112899239432105,0.9500350388269733,0.0813
1,1784842822.664529,2465,-29.5,6.82,-2044.0800000000002,-0.6129407585553891,0.7317355061832814,-0.2981053093996168,-0.7822106579078122,-0.6152332014027276,0.09815597051213186,-0.11158007508947085,0.29334494521373267,0.9494728168623787,0.09570000000000001
1,1784842822.7243333,2468,-30.12,5.8500000000000005,-2043.75,-0.6183190675628665,0.7293042640144197,-0.2929109441085685,-0.7789018170702762,-0.6183636096042282,0.10458683321456624,-0.10484984526840864,0.2928168997985177,0.9504024269432267,0.083
1,1784842822.7841733,2474,-31.36,3.64,-2042.94,-0.6235711363202937,0.7224877312784943,-0.29861432668288385,-0.7736514138284315,-0.6252001011521708,0.1028995792050893,-0.11235002371822965,0.2951886035594358,0.9488103922803246,0.09580000000000001
1,1784842822.84472,2477,-31.96,2.44,-2042.64,-0.6255067043249503,0.7192944027601718,-0.3022530810470382,-0.7711402155631514,-0.6288786472502376,0.09926940603190967,-0.1186765806119983,0.2951731850805548,0.9480446508596757,0.0925
1,1784842822.889576,2480,-32.67,1.45,-2042.13,-0.6280010640201422,0.7156793021208824,-0.30564325627328376,-0.7679879516931175,-0.6334061759274315,0.09482152894357716,-0.12573452049369424,0.29427835940271696,0.9474128337443325,0.08080000000000001
1,1784842822.9494166,2483,-33.42,0.37,-2041.76,-0.6302356739956992,0.7118998921018478,-0.3098411509928339,-0.7648575689484073,-0.6378498432534881,0.09022459023920729,-0.1334012535380343,0.29384710494894795,0.946497746678566,0.09820000000000001
1,1784842823.009256,2486,-34.2,-0.73,-2041.3,-0.6300315718667565,0.7078968551407561,-0.3192839816416278,-0.761949692837326,-0.642908567401018,0.07811043174554293,-0.14997627824495538,0.2924903698315522,0.9444344866212763,0.0883
1,1784842823.054659,2489,-34.82,-1.8900000000000001,-2040.78,-0.6319481024402075,0.7043127688775879,-0.32339622666043394,-0.758394231950753,-0.6479317858800563,0.07087023204497478,-0.15962388532437302,0.29004814159423037,0.9436060040036227,0.08
1,1784842823.11448,2492,-35.44,-2.8000000000000003,-2040.38,-0.6353794260579054,0.7012872558781547,-0.32324784560026726,-0.7556211188193986,-0.6509186010437744,0.07308693186429231,-0.15915310156087678,0.2906908315687015,0.9434877480420454,0.0758
1,1784842823.1746204,2495,-36.0,-3.61,-2039.96,-0.6423023951340998,0.6983676153578678,-0.3158010560849408,-0.7524693954942792,-0.6529126458015944,0.08657300847744627,-0.14573071759060574,0.2932366804677188,0.9448676135728223,0.1037
1,1784842823.2344327,2501,-37.62,-5.69,-2038.8600000000001,-0.6523097214229886,0.6909548423483626,-0.31156609759794535,-0.7459958295887363,-0.657995271093485,0.10262770315477303,-0.13409791039861851,0.2993720579044756,0.9446661428106563,0.0673
1,1784842823.294526,2504,-38.67,-6.82,-2038.38,-0.6546296888240823,0.68727103915389,-0.3148308899241265,-0.7437984490851888,-0.659961723607448,0.1058980193939163,-0.1349956949259976,0.3034947151326011,0.9432216707847779,0.1038
1,1784842823.3394065,2507,-39.81,-8.18,-2038.03,-0.6578599846115967,0.68261067514502,-0.31821833200632776,-0.7398689852463809,-0.6647162080924264,0.10366410839686302,-0.14076265597565374,0.3036363431430529,0.9423326619646555,0.0613
1,1784842823.3992467,2510,-41.19,-9.98,-2037.8700000000001,-0.6550672257238753,0.6757923985443304,-0.33792242283122675,-0.7360764602971915,-0.6717216460618036,0.08355522011447394,-0.17052382349332454,0.3034710270877964,0.9374577117606402,0.0844
1,1784842823.4589515,2513,-42.15,-11.43,-2038.05,-0.6564504104251079,0.6712838049363034,-0.3441669825578081,-0.7319809925216315,-0.6771376361874223,0.07542180218980073,-0.18241898267382928,0.3014343624883354,0.9358742649904933,0.0843
1,1784842823.5038316,2516,-43.22,-13.16,-2038.42,-0.6576342688787762,0.6666218482500283,-0.35090237934786556,-0.7272901692509963,-0.6832398730664031,0.0650560186536357,-0.1963827337296596,0.2979909181299343,0.9341494712330272,0.079
1,1784842823.563694,2519,-44.14,-14.540000000000001,-2038.95,-0.6605553742097685,0.6627333273886811,-0.3527763234273523,-0.7232951630319187,-0.6877162198433723,0.06237393765806946,-0.20127271235123512,0.29636284809785046,0.9336264550290481,0.0947
1,1784842823.6235113,2522,-45.0,-15.83,-2039.52,-0.6624615758135043,0.6585736006988815,-0.3569670475452864,-0.7194255757590536,-0.6921269136553383,0.05819945307036973,-0.20873787752691852,0.29536612509975835,0.9323021777455586,0.093
1,1784842823.6839137,2528,-46.19,-18.09,-2040.7,-0.6684671899933526,0.6532731789705652,-0.35550776298146186,-0.7127425800428374,-0.699245216513897,0.05526429024526714,-0.21248442412626575,0.29032788501989537,0.9330380960516049,0.1053
1,1784842823.744539,2531,-46.72,-19.04,-2041.29,-0.6689606234819234,0.6503069114420769,-0.35998972924424266,-0.7105218175645006,-0.7016941566013,0.052764167352747304,-0.2182897867411913,0.29107770701697017,0.9314630091862092,0.1042
1,1784842823.80435,2534,-47.27,-19.97,-2041.93,-0.6707764556743033,0.6480802858394248,-0.36062569184586474,-0.7081089413511731,-0.7042184474154934,0.0515568181546556,-0.2205463073631927,0.28994537662463415,0.9312845992941465,0.0729
1,1784842823.8641896,2537,-47.83,-21.1,-2042.72,-0.6716802411620783,0.6453546091835379,-0.3638173745686357,-0.7041837150103912,-0.7087201469239345,0.04290744525464508,-0.23015418559438813,0.28501435358535765,0.930481525396235,0.13
1,1784842823.9240308,2540,-48.45,-22.41,-2043.64,-0.6672418264266639,0.6416561400625549,-0.37824032437966315,-0.69942576604042,-0.7143676746979636,0.021964133158317384,-0.25610924010191755,0.2792064169510569,0.9254468293034296,0.1263
1,1784842823.9704397,2543,-49.07,-23.5,-2044.68,-0.6597716374152103,0.638610658439326,-0.39607803952017184,-0.6940015645568922,-0.7199576766020143,-0.004772032524526913,-0.2882068959186057,0.2717303274011201,0.9182044512609606,0.10890000000000001
1,1784842824.0292552,2549,-49.34,-24.82,-2047.3600000000001,-0.6546403019160086,0.6368195315348123,-0.4073167801148137,-0.6870023069101816,-0.7259975375901476,-0.03090963786800161,-0.31539484048951383,0.25959287291608113,0.91276373444817,0.1165
1,1784842824.0890946,2552,-49.160000000000004,-25.19,-2048.86,-0.6555666596809424,0.637491023391121,-0.40476851385762774,-0.6838850865243981,-0.7285068013595898,-0.039736995386361586,-0.32020859317683514,0.25076490079068176,0.9135553740125181,0.17600000000000002
1,1784842824.1489341,2555,-48.9,-25.73,-2050.52,-0.6568097489068186,0.6365973610852124,-0.404159317101939,-0.679561711803349,-0.7320054844387339,-0.048619446752476696,-0.3267978482056823,0.24271747075758351,0.9133955308611804,0.1432
1,1784842824.2094219,2558,-48.71,-26.28,-2052.2400000000002,-0.6592690182172424,0.6357214056524264,-0.40152541141772874,-0.6755476496126708,-0.735267051320221,-0.05493392709122186,-0.33015107863169146,0.2350333117627599,0.9141988884483289,0.1207
1,1784842824.2542708,2561,-48.59,-26.72,-2054.0,-0.6610397474907693,0.6357756838279971,-0.39851691568913666,-0.6733724555353019,-0.7369643445777111,-0.05876300662408512,-0.3310528482941924,0.22950563102936522,0.9152765576382447,0.10740000000000001
1,1784842824.3141108,2564,-48.56,-27.39,-2056.01,-0.6659223055232951,0.6360133418316116,-0.3899160320103862,-0.6696044983039465,-0.7400013300105006,-0.06346532465693346,-0.3289031755055872,0.2188265536786507,0.9186607864426704,0.1366
1,1784842824.3739507,2567,-48.56,-28.04,-2057.89,-0.66851401378319,0.6356002292830822,-0.386136455039902,-0.6655042482482458,-0.7430217937950543,-0.07087107667530729,-0.3319534740577755,0.20959714330322668,0.9197151344737676,0.1159
1,1784842824.4195125,2570,-48.5,-28.740000000000002,-2059.85,-0.6725114533352436,0.6354151349829613,-0.3794416310415914,-0.6612751000182165,-0.7461339861547228,-0.0774552567664806,-0.33233053911552546,0.1988257552216233,0.9219678583506777,0.1129
1,1784842824.479353,2576,-48.230000000000004,-29.75,-2063.21,-0.6810106197725445,0.6363506179006426,-0.36232916920182545,-0.654515307138429,-0.7508493819713368,-0.08851507394082372,-0.32838125476114277,0.1768702821016917,0.9278376230951002,0.1033
1,1784842824.539221,2579,-48.04,-30.060000000000002,-2064.73,-0.6829307238344968,0.6369367444776679,-0.35765515511045004,-0.6515651537747386,-0.7524989374023509,-0.09595936428944128,-0.33025516926974996,0.1675020380249821,0.9289104318652505,0.11620000000000001
1,1784842824.5990324,2582,-47.99,-30.36,-2066.01,-0.6833595176471499,0.637282700586371,-0.3562169692398113,-0.6482242782152677,-0.7540968950377742,-0.10556115775550781,-0.33589441015496196,0.15877226592742835,0.9284214090589038,0.083
1,1784842824.658873,2585,-47.84,-30.61,-2067.25,-0.6826973771077203,0.6377017071546028,-0.3567363508003412,-0.6454035424357446,-0.7551650873445417,-0.11480399935238586,-0.34260554388630515,0.15186251528279054,0.9271241652283436,0.1218
1,1784842824.7037537,2588,-47.62,-30.71,-2068.13,-0.6835616180778953,0.639219421799556,-0.3523379699733915,-0.6424186754350625,-0.7560427479303548,-0.12529009838841118,-0.3464704312679355,0.14070498959226396,0.927448298376169,0.1062
1,1784842824.7635934,2591,-47.35,-30.88,-2069.14,-0.6844889640293117,0.6401850280685161,-0.3487663802016942,-0.6391943463174581,-0.7570720735875124,-0.13517567469667593,-0.3505787297567795,0.13040324087543703,0.927410129883918,0.09960000000000001
1,1784842824.823463,2594,-47.08,-30.84,-2070.0,-0.6835397289851776,0.641444265292908,-0.3483140729596082,-0.6372218791412624,-0.757140666267291,-0.14382728610385695,-0.3559799371348731,0.12364168393856435,0.9262780459183344,0.1071
1,1784842824.8832724,2600,-46.54,-30.69,-2071.66,-0.6814072880090564,0.6436389151459405,-0.3484437612555281,-0.6340593320052723,-0.7569235930031012,-0.1582259076520121,-0.36558565527817205,0.11311773187715585,0.9238785133283474,0.1106
1,1784842824.9431133,2603,-46.19,-30.650000000000002,-2072.42,-0.6815077532591621,0.645217013314232,-0.34531462172562416,-0.6321311071805126,-0.75677133662634,-0.16645542164652374,-0.36872407784465083,0.10484345373290986,0.923607278353179,0.1091
1,1784842825.0029535,2606,-45.93,-30.71,-2073.34,-0.6825791448082392,0.6462101011889873,-0.34131835021599966,-0.6287722373353102,-0.7573212478591284,-0.17638027411658397,-0.37246635368741887,0.09421800604137034,0.9232506608220691,0.10590000000000001
1,1784842825.0632498,2609,-45.61,-30.69,-2074.4900000000002,-0.683002604228107,0.647332723207454,-0.3383308854988643,-0.6269569578218341,-0.757222080142665,-0.18313845686585492,-0.3747431329009446,0.08703485973583952,0.9230344075571332,0.10790000000000001
1,1784842825.1230893,2612,-45.28,-30.64,-2075.68,-0.6857132698666701,0.6483055901087017,-0.33090357109370605,-0.6273258365160427,-0.7569430987817152,-0.1830285224935773,-0.3691335887835278,0.08207927290456873,0.9257447740015876,0.1277
1,1784842825.1691701,2615,-44.82,-30.7,-2077.16,-0.6875917358971103,0.6495266968788123,-0.3245499572757606,-0.6263124266667905,-0.756693667543208,-0.18747649906792388,-0.36735588865397906,0.07436237988195796,0.927102954115419,0.10980000000000001
1,1784842825.2280128,2621,-44.33,-30.67,-2080.27,-0.6880649542195417,0.6510112589260941,-0.3205479051972137,-0.6236644490751789,-0.7563574634519492,-0.19739818246449714,-0.3709572397657356,0.06409156131656799,0.9264356416035554,0.09430000000000001
1,1784842825.2885659,2624,-44.0,-30.61,-2082.08,-0.6910452575819837,0.6519766816736575,-0.31206226706741763,-0.6224629884687127,-0.7562453280467059,-0.20157587106131997,-0.3674183990494344,0.05494916160722372,0.9284311012017068,0.09380000000000001
1,1784842825.3491743,2627,-43.61,-30.41,-2083.81,-0.6917361466366205,0.6534998214110198,-0.30730943176558206,-0.6233686483527221,-0.7551850190535754,-0.2027488970326384,-0.3645718470853449,0.05131832433757172,0.9297600754495557,0.0956
1,1784842825.409042,2630,-43.27,-30.27,-2085.7200000000003,-0.6926980600457631,0.6547405682240881,-0.30246352826487155,-0.6218125014508025,-0.754631233853588,-0.2094777170300156,-0.3654019850087467,0.042970794898508136,0.9298574622690611,0.1077
1,1784842825.4541955,2633,-42.92,-30.09,-2087.45,-0.6919534547261196,0.6560418597276991,-0.3013461378176435,-0.6208137844269275,-0.7537677926842759,-0.2154631285797903,-0.36849784471297065,0.037989380054125665,0.9288520578891983,0.1143
1,1784842825.5140176,2636,-42.37,-29.62,-2089.13,-0.6920755722293449,0.657936621456861,-0.2969020115616529,-0.620933587182846,-0.7523859652797149,-0.21990188620917847,-0.3680664106267612,0.03216770734825048,0.9292428939584577,0.1107
1,1784842825.5744388,2639,-41.74,-29.12,-2090.79,-0.6964373071372859,0.6600339396472499,-0.28165630783118645,-0.624454125805558,-0.7507889076293478,-0.21534405249541194,-0.35359881503164275,0.02590781145640962,0.9350383218423495,0.11910000000000001
1,1784842825.6193492,2642,-41.14,-28.63,-2092.41,-0.697006905476348,0.6620415192708062,-0.27546760332185694,-0.6266916764809445,-0.749114074609501,-0.21467567596598866,-0.34848086941436035,0.023002825555865292,0.9370335926041594,0.0983
1,1784842825.679192,2648,-40.06,-27.84,-2095.36,-0.6992376185695149,0.665424301824162,-0.2612991605785598,-0.6282239312151459,-0.746390317371853,-0.21962738076599694,-0.341176559900913,0.010582659182404707,0.9399396588605077,0.0887
1,1784842825.7390323,2651,-39.57,-27.42,-2096.64,-0.698649964008208,0.66718986239109,-0.2583523085127901,-0.6293738728343354,-0.7448468329848335,-0.22156652180772554,-0.34025983598544124,0.007802750477994486,0.9402990806653693,0.10600000000000001
1,1784842825.7990336,2654,-39.2,-27.09,-2097.95,-0.6993745301886054,0.668680869109003,-0.25247012063033525,-0.6301427890622519,-0.7435449366954804,-0.22374313957607886,-0.33733563689049223,0.0026119728449388977,0.9413808186284356,0.0805
1,1784842825.8588731,2657,-38.76,-26.66,-2098.96,-0.6982348206944787,0.6705586642034697,-0.25063761296223525,-0.631124894881458,-0.7418565075311757,-0.22656188844224268,-0.33786018148136016,-9.762418541567036e-06,0.9411963119743285,0.09720000000000001
1,1784842825.918713,2660,-38.28,-26.1,-2099.84,-0.6982274306387108,0.672413275953854,-0.24563965767902876,-0.6331962816322694,-0.7401718101869262,-0.2262922012170918,-0.33397743042117706,-0.002465304365603623,0.9425778473121745,0.0847
1,1784842825.9785533,2666,-37.13,-24.87,-2101.1,-0.6974690123313436,0.6764809797526726,-0.23645392969964396,-0.637034089153188,-0.7364140322615116,-0.22777607939621192,-0.32821417716836676,-0.00823754339627696,0.9445674125145788,0.094
1,1784842826.038393,2669,-36.49,-24.150000000000002,-2101.61,-0.6947332710835291,0.6792441156526939,-0.23658637619433967,-0.6386346847403203,-0.7338473704661862,-0.23154648843481965,-0.3308948798277359,-0.009770783543499877,0.9436170358215956,0.0998
1,1784842826.098233,2672,-35.75,-23.32,-2101.9900000000002,-0.6920821689537688,0.6823238693222446,-0.23549184437973042,-0.6410079342587559,-0.7309664229114591,-0.2340874127187279,-0.33186006031694926,-0.011055583618517854,0.9432638413706339,0.0815
1,1784842826.1580737,2675,-34.93,-22.35,-2102.2400000000002,-0.6895982905248689,0.6856584458071668,-0.23308087308588607,-0.6438304032199345,-0.7278109711368366,-0.2361643541741884,-0.3315669006321878,-0.01279398241968963,0.9433449551563889,0.0858
1,1784842826.2029817,2678,-34.01,-21.31,-2102.54,-0.6870288058458821,0.6891975742803488,-0.23021321322648725,-0.646850586491732,-0.7244218802637491,-0.23832175341423717,-0.33102226313842303,-0.014820357661580725,0.943506554458155,0.0951
1,1784842826.2627938,2681,-33.160000000000004,-20.27,-2102.67,-0.6838403782092343,0.6925585344056121,-0.22961927957513067,-0.6503576096297539,-0.7212309946935346,-0.2384550940744342,-0.3307526518825268,-0.013730575928391426,0.9436175891521684,0.1126
1,1784842826.3226328,2684,-32.18,-19.150000000000002,-2103.04,-0.6803384626626484,0.6965137414792462,-0.22805302925505314,-0.6540894092825051,-0.7174075846627985,-0.2397778182667305,-0.33061551821759333,-0.013963001069667814,0.9436622349733196,0.1041
1,1784842826.3675125,2687,-31.44,-18.18,-2103.02,-0.6762226646335178,0.6999813594342461,-0.229671513863887,-0.6556714833980593,-0.7139934097993605,-0.2455775165231357,-0.33588363117980835,-0.015476020407943844,0.9417763423965368,0.09580000000000001
1,1784842826.427382,2693,-29.95,-16.36,-2102.93,-0.6707625937342003,0.7060958973467566,-0.22694961246286977,-0.6613187268715205,-0.7079297852845874,-0.24797774213817947,-0.3357604567783402,-0.01624816472702596,0.941807258841746,0.0862
1,1784842826.4872105,2696,-29.21,-15.530000000000001,-2102.95,-0.6694591972654029,0.7088820255569557,-0.22206003025990478,-0.6667726750807569,-0.705201481962824,-0.24104993176329265,-0.32747302631272324,-0.013309533414223515,0.9447667825224816,0.1008
1,1784842826.5470335,2699,-28.580000000000002,-14.77,-2103.03,-0.6675650887281628,0.71112135034456,-0.22059754621366406,-0.6691813683519384,-0.7029445828069979,-0.24096723792441738,-0.32642479771302213,-0.013241547735254345,0.9451304210803859,0.10690000000000001
1,1784842826.6069055,2702,-28.11,-14.07,-2103.11,-0.6662835693982703,0.7131783759896637,-0.21781370289916605,-0.6718292774535455,-0.7008552271421715,-0.23968181521288254,-0.3235917599478507,-0.013362432721668047,0.94610243540835,0.0971
1,1784842826.6517527,2705,-27.79,-13.31,-2103.2400000000002,-0.6634962887404191,0.7153619881441206,-0.21915725118321205,-0.6730270056565762,-0.698621436140284,-0.2428224425835263,-0.32681389885473555,-0.013613040945289832,0.9449906669547528,0.0927
1,1784842826.7115936,2708,-27.67,-12.48,-2103.37,-0.6621448231348672,0.7171893591900405,-0.21726402431206782,-0.6744606680018249,-0.696711594415377,-0.24432716084323386,-0.32659920470544285,-0.015243925733305318,0.9450399897432964,0.10110000000000001
1,1784842826.7719638,2711,-27.63,-11.5,-2103.69,-0.6592321444317819,0.7191515151321167,-0.21962258087695524,-0.6748159626873039,-0.6946685792026592,-0.24911640164984233,-0.3317173439093607,-0.016020716330401842,0.943242779139061,0.1134
1,1784842826.8168185,2714,-27.59,-10.42,-2103.96,-0.6580535911644755,0.7214117133125026,-0.21570955252620783,-0.6773673044671771,-0.6922818974179314,-0.2488359084744383,-0.32884495738023367,-0.017632765039780514,0.9442192963515648,0.0946
1,1784842826.8766592,2720,-27.32,-7.79,-2104.33,-0.6518223169607371,0.7270275869653042,-0.21577431474423345,-0.681996056553325,-0.6863871003073896,-0.2524957967518029,-0.3316761160494536,-0.01742516350054436,0.9432323773701414,0.0947
1,1784842826.937106,2723,-26.91,-6.23,-2104.42,-0.6500612997511573,0.7307382813627925,-0.20842713526983117,-0.6870420140360073,-0.6823911062647007,-0.24963102579644397,-0.3246437701776868,-0.019077270291910926,0.9456439500377649,0.09620000000000001
1,1784842826.9976742,2726,-26.54,-4.5,-2104.27,-0.6470498889801367,0.734833939827633,-0.20333598316134655,-0.6934175390013091,-0.6780402661252566,-0.24378989748994775,-0.3170150749982732,-0.016747489071197056,0.9482726210503228,0.0993
1,1784842827.0581837,2729,-26.060000000000002,-2.65,-2103.92,-0.6443754941891884,0.7389362681300886,-0.19685886855922308,-0.7000934405000968,-0.6736122111429254,-0.23688766022711408,-0.30765142134756474,-0.014825000543584361,0.9513836357125898,0.0981
1,1784842827.1180828,2732,-25.73,-0.8200000000000001,-2103.34,-0.6399734107645796,0.7433325621814935,-0.19465542765370497,-0.7059267169705714,-0.6688182303095479,-0.23313010331734316,-0.30348229566401624,-0.011784600387816365,0.9527641992708363,0.0976
1,1784842827.1791558,2738,-25.150000000000002,2.8000000000000003,-2101.38,-0.6303760707628808,0.7513546377141789,-0.19517227721924701,-0.7154693265570796,-0.6598795322442388,-0.22948343225837373,-0.3012136321043763,-0.005021086587547052,0.9535434633638731,0.13
1,1784842827.2389877,2741,-24.830000000000002,4.55,-2100.21,-0.6257692363008184,0.7551349546651931,-0.19540742857498333,-0.721178731181491,-0.655568864857867,-0.22389886359788064,-0.29717688434827044,0.0008146605208774331,0.9548220963809385,0.1056
1,1784842827.2988229,2744,-24.51,6.2700000000000005,-2098.88,-0.6216356482151681,0.7590508592480092,-0.19341901132765255,-0.7267837590765434,-0.6510162414075348,-0.21900507064032815,-0.29215490482050177,0.004432437079670748,0.9563607400405236,0.1005
1,1784842827.3586402,2747,-24.38,7.57,-2097.51,-0.6160015396015527,0.7618893372781956,-0.20016678283448675,-0.7288374265184827,-0.647644115708809,-0.2221555875814742,-0.2988948124582159,0.009040858894295645,0.9542432362642249,0.1333
1,1784842827.4184802,2750,-24.080000000000002,9.09,-2096.35,-0.6099166567683435,0.7654122793392726,-0.205294214319805,-0.7327282810111316,-0.6433619784157449,-0.22179862699180689,-0.3018458845222157,0.015146199709429825,0.9532364106722756,0.1129
1,1784842827.4783208,2756,-23.87,11.66,-2094.25,-0.6028151830356993,0.7706510458282774,-0.2066659639742815,-0.7394192227435525,-0.6369021906201768,-0.21820818641962297,-0.29978837225442456,0.02127357861297724,0.9537685079273901,0.1076
1,1784842827.5381603,2759,-23.91,12.77,-2093.2,-0.5984630444805588,0.7727132956945929,-0.21155648665985494,-0.7415615652984414,-0.6342235251272593,-0.21873949128421746,-0.30319701394173754,0.025974657494439415,0.9525738228110514,0.1633
1,1784842827.5835454,2762,-23.94,14.030000000000001,-2092.26,-0.5959624853856581,0.775059571324905,-0.2100270861355835,-0.7453932560602341,-0.6312305620737952,-0.21432888588317453,-0.2986931700472435,0.02882079807457004,0.953913912135405,0.14800000000000002
1,1784842827.643385,2765,-23.89,15.33,-2091.4900000000002,-0.5939465905050343,0.7774896167096833,-0.2067301224690652,-0.7501422429507397,-0.6280717961079353,-0.20691165814082466,-0.29071302510943403,0.03218252386593965,0.9562689068401939,0.1515
1,1784842827.7032247,2768,-23.830000000000002,16.56,-2090.92,-0.5926787754564589,0.7795389854562866,-0.20261006706779314,-0.7552903355021852,-0.6252807609610912,-0.1963682231648368,-0.279764862376298,0.03664614748785761,0.9593688975852142,0.15910000000000002
1,1784842827.7630646,2771,-23.61,17.97,-2090.62,-0.5937414294218624,0.7820814685965617,-0.18926090844632773,-0.7630897625408657,-0.6218924812665203,-0.1759083740175446,-0.255274615450517,0.0399789722481242,0.966041692932854,0.14750000000000002
1,1784842827.8229046,2774,-23.59,18.93,-2090.38,-0.5939123204341876,0.783596671220861,-0.1823305034492706,-0.7672812231967348,-0.6198375232181198,-0.16456296466869202,-0.24196627898573198,0.0421627995087207,0.9693681540938852,0.16140000000000002
1,1784842827.8677855,2777,-23.67,19.5,-2090.2400000000002,-0.5917367187632594,0.7847689297178704,-0.18435124793925178,-0.7682275175457319,-0.618269113803928,-0.16604151348872798,-0.2442829035213338,0.04337084119052378,0.9687336234391852,0.18180000000000002
1,1784842827.9276245,2783,-23.84,20.28,-2090.19,-0.5885374129932106,0.7862621800553697,-0.18819005744681722,-0.7682776005500832,-0.616396608426118,-0.17264052135517294,-0.2517404258363483,0.04297679996645045,0.9668400863971134,0.20620000000000002
1,1784842827.987498,2786,-23.900000000000002,20.59,-2090.26,-0.587736262324319,0.7868826319892643,-0.18810053009677363,-0.7685592373954058,-0.6156526576262559,-0.17403592667009968,-0.2527504392938449,0.04227917491361431,0.9666073074446481,0.20620000000000002
1,1784842828.047305,2789,-23.900000000000002,20.82,-2090.44,-0.5865966326595561,0.7875854130055043,-0.18871567972327782,-0.7687429136295031,-0.6147937311847749,-0.17624698817377,-0.25483077384195985,0.04168795169892262,0.9660866376191403,0.1912
1,1784842828.1071734,2792,-23.89,21.080000000000002,-2090.56,-0.5859400039508867,0.7881769287955325,-0.18828552967362314,-0.7692496386646891,-0.6140573915963811,-0.17660269884714055,-0.2548122940210697,0.041359989606993386,0.9661056081378626,0.164
1,1784842828.1670127,2795,-23.87,21.38,-2090.76,-0.5840414084282497,0.7893587652603914,-0.1892310041925913,-0.7707355342896043,-0.6124135870004963,-0.17583041443534037,-0.254680916883194,0.043154816229196195,0.9660617435815164,0.19460000000000002
1,1784842828.2268243,2801,-23.92,21.76,-2091.03,-0.5820919706834627,0.7895592304425988,-0.19433259965516236,-0.7693771034925063,-0.612149000041544,-0.18257183345088812,-0.2631117828743589,0.04324145431213726,0.9637958115397927,0.23290000000000002
1,1784842828.2873614,2804,-23.97,21.84,-2091.1,-0.5829208248320393,0.7890767662176625,-0.19380704061672072,-0.7688890153982748,-0.6128098074450021,-0.18241113425197153,-0.2627032431794599,0.04268485580033678,0.963932056271757,0.2129
1,1784842828.3472004,2807,-23.88,21.830000000000002,-2091.19,-0.582541769835788,0.7891686347174549,-0.1945712012985879,-0.7689696220585367,-0.6126520992652316,-0.1826010011392489,-0.26330743769923937,0.043246632748605816,0.9637421449787116,0.17120000000000002
1,1784842828.4070413,2810,-23.97,21.79,-2091.15,-0.5828690684947234,0.7889841351816852,-0.19433909391499601,-0.7685129850608645,-0.6129499977297971,-0.18352136681019285,-0.26391559405410847,0.04238318905710173,0.9636141471047511,0.193
1,1784842828.4669209,2813,-23.92,21.86,-2091.14,-0.581895501579218,0.789082493384087,-0.19684116408064314,-0.7683199481528451,-0.6127399981197406,-0.18502473341321102,-0.26661223248808336,0.04357193292674389,0.9628184689487149,0.195
1,1784842828.5267494,2819,-23.94,21.89,-2091.1,-0.582896652738052,0.7891616550649773,-0.1935339102118303,-0.768702475025533,-0.6127559625220529,-0.18337566709706166,-0.2633021023774681,0.041880933236718654,0.9638039169430819,0.2109
1,1784842828.586592,2822,-23.92,21.8,-2091.25,-0.5827212786242294,0.7890725404500156,-0.1944233456823067,-0.7688869208454812,-0.6127835095558296,-0.18250828301530717,-0.26315169463884897,0.04313810756395284,0.9637895461585495,0.2285
1,1784842828.6464005,2825,-23.95,21.88,-2091.14,-0.5828394537003683,0.7890519249239352,-0.1941525971602979,-0.7688337683914594,-0.6128297112226554,-0.1825770566740093,-0.26304525806644735,0.042857960947640036,0.963831098996171,0.2097
1,1784842828.7062402,2828,-23.94,21.81,-2091.2200000000003,-0.5828119080465797,0.7891175120722183,-0.1939686365886438,-0.7686788628966037,-0.6127887055101167,-0.1833652315331884,-0.2635585050327332,0.04223215055130289,0.9637185065592144,0.21660000000000001
1,1784842828.766081,2831,-23.93,21.87,-2091.18,-0.5826936702905059,0.7891382442736792,-0.19423933182554518,-0.7687319736567836,-0.6127426367301508,-0.18329651881781195,-0.26366501338085274,0.04251226361460262,0.9636770559483281,0.2169
1,1784842828.8259208,2837,-23.93,21.85,-2091.17,-0.5821524307121421,0.789200916972571,-0.1956028120084108,-0.7691455650799011,-0.6125321505048749,-0.18226207591211296,-0.26365440852347655,0.044342724854549265,0.9635974655521928,0.22060000000000002
1,1784842828.886497,2840,-23.96,21.85,-2091.14,-0.5828048898052984,0.7890952437451837,-0.1940802842067248,-0.7684662263555743,-0.6128426155809616,-0.1840749507095116,-0.26419333710345033,0.041864362250186506,0.9635607172376465,0.231
1,1784842828.9463546,2843,-23.92,21.830000000000002,-2091.17,-0.5826941711297141,0.7891214395436384,-0.19430608993037585,-0.769007622144596,-0.6127136313818529,-0.18223414334964047,-0.2628588594949195,0.04323609107492007,0.9638650633846998,0.20070000000000002
1,1784842829.0061595,2846,-23.95,21.85,-2091.12,-0.5827540818701185,0.7890243431349722,-0.19452060560295617,-0.7685341980433558,-0.6128911751562122,-0.18362895701248538,-0.2641076797474302,0.04248521338139746,0.9635570248523777,0.2514
1,1784842829.066003,2849,-23.93,21.830000000000002,-2091.19,-0.5826462812037291,0.7890867260953445,-0.1945904666205313,-0.7687679567118426,-0.6127781048942577,-0.18302683654399085,-0.26366482460230395,0.04295500974663081,0.963657474108463,0.22110000000000002
1,1784842829.1262295,2855,-23.95,21.85,-2091.15,-0.5826248018506445,0.7889477860276713,-0.1952171385676292,-0.7685147144090322,-0.6129467303979852,-0.18352503761400885,-0.26444937890889614,0.04310100481955602,0.9634359498058206,0.2177
1,1784842829.1860693,2858,-23.92,21.84,-2091.18,-0.5825385005987487,0.7891490506784568,-0.1946603994998775,-0.769001408332234,-0.6126647284137153,-0.18242468183003377,-0.26322182527898846,0.04342472073644943,0.9637575236156442,0.23850000000000002
1,1784842829.2459102,2861,-23.96,21.86,-2091.12,-0.5828152248422942,0.7891369794706491,-0.1938794504942854,-0.768647010455454,-0.6127758832585468,-0.18354152177259714,-0.2636440536213912,0.04205406673138561,0.963702894289227,0.187
1,1784842829.3061292,2864,-23.93,21.84,-2091.17,-0.5828161634864387,0.7891588014565047,-0.1937877851224944,-0.7690903591363594,-0.6126837797669947,-0.1819851793249515,-0.2623458386604498,0.04297641323053904,0.964016435981972,0.2343
1,1784842829.3659682,2867,-23.95,21.86,-2091.17,-0.5820125143637079,0.7890807704111586,-0.1965018343206174,-0.7684681476643026,-0.6127353429816321,-0.1844237118338568,-0.26592882346490854,0.04366849240029163,0.9630030756036324,0.26630000000000004
1,1784842829.4263477,2873,-23.93,21.85,-2091.13,-0.5826380596481637,0.7890261806429024,-0.19486040569981514,-0.7683868474663457,-0.6128954956306686,-0.18423019317247602,-0.26479151060816425,0.04238865055307629,0.9633735818539636,0.22110000000000002
1,1784842829.4861877,2876,-23.96,21.85,-2091.12,-0.5827251124741173,0.789075245571294,-0.1944008747887452,-0.7691302958008507,-0.6127413658000216,-0.1816221537115451,-0.2624310030718995,0.04368381238086018,0.9639614583387401,0.2225
1,1784842829.5460284,2879,-23.93,21.84,-2091.17,-0.5824814900556001,0.7890382730318343,-0.19527907576990558,-0.7691325702148468,-0.6127373749980021,-0.18162598579295147,-0.2629646424470628,0.04440172261859167,0.9637832141364521,0.2066
1,1784842829.6058693,2882,-23.96,21.85,-2091.13,-0.5823299637553984,0.7890839281871841,-0.19554633105563343,-0.7686184665118841,-0.6127565970657264,-0.18372535396441775,-0.2647970284001615,0.04331174239295908,0.9633310057925728,0.2081
1,1784842829.6663516,2885,-23.92,21.84,-2091.37,-0.5823399020557773,0.7891428673276923,-0.19527870703047948,-0.7685224624326537,-0.6127182221331027,-0.18425418584797537,-0.26505369872936724,0.04277750824765185,0.9632842890746242,0.18810000000000002
1,1784842829.7261922,2891,-24.22,22.080000000000002,-2091.29,-0.5577220612776157,0.8047287261214982,-0.20336612234863063,-0.7861993326145207,-0.5907345391692553,-0.18144782618970604,-0.2661516705954139,0.05868885403003096,0.9621428722658147,0.2647
1,1784842829.786032,2894,-24.2,22.17,-2091.21,-0.5580726865890335,0.804924615131867,-0.20162152771495898,-0.7865344610818036,-0.5905546660168418,-0.18057886913061838,-0.26442091069742385,0.05780614500684152,0.9626733774159296,0.2792
1,1784842829.830911,2897,-24.080000000000002,22.3,-2091.27,-0.5589742251085136,0.805128254366217,-0.19828340748924161,-0.7880064157437559,-0.5902245820360175,-0.17515944595449986,-0.25805756026711524,0.05833898166420278,0.9643665583207288,0.32030000000000003
1,1784842829.8907735,2900,-24.01,22.32,-2091.28,-0.5606885115229885,0.8050651858049643,-0.19364513846454892,-0.7881871003604142,-0.5905794255882008,-0.17313877929959393,-0.2537508381692131,0.055551675732867206,0.9656730934698824,0.3155
1,1784842829.9506135,2903,-23.96,22.41,-2091.2200000000003,-0.5602326319642214,0.8051768704705895,-0.19449834277347772,-0.7885769829718573,-0.5903037492228611,-0.17230155420203516,-0.25354632714643033,0.056847963135203086,0.9656513703598902,0.3678
1,1784842830.010453,2906,-23.96,22.37,-2091.25,-0.5603484350778504,0.8051984255322758,-0.19407505462101027,-0.7886870618177174,-0.5902829730792392,-0.17186835140324747,-0.25294732619092847,0.05675832285293782,0.9658137206313553,0.2881
1,1784842830.070294,2909,-23.97,22.42,-2091.23,-0.5610233544955331,0.8053329783575095,-0.19155048859348464,-0.7888415243304625,-0.5902622143870622,-0.1712295761802688,-0.2509618401322638,0.05503918819082644,0.96643098178852,0.39430000000000004
1,1784842830.115181,2912,-23.97,22.37,-2091.25,-0.5603541865938599,0.8052385396293991,-0.19389192830607116,-0.7886260965315413,-0.5902621690182306,-0.17221919665158747,-0.2531246045649414,0.056404486713442045,0.9657880038820297,0.3272
1,1784842830.1749916,2918,-24.0,22.35,-2091.23,-0.5607584233742168,0.8050718459160021,-0.19341487411330044,-0.7887257216436044,-0.5904678015041179,-0.17105411835050632,-0.25191611030785266,0.05663124844372317,0.9660906660697366,0.3594
1,1784842830.2348313,2921,-23.98,22.330000000000002,-2091.2,-0.560789639408987,0.804986518228113,-0.19367933757248967,-0.7884498755924987,-0.5906113320259482,-0.171828542916212,-0.2527088720439228,0.0563467829917129,0.9659002360682871,0.3744
1,1784842830.294671,2924,-24.02,22.32,-2091.17,-0.5609482676653138,0.8050214447376015,-0.1930738576707586,-0.7888162982306072,-0.5905297129573873,-0.17042155309768717,-0.25120885463901454,0.056702130709971,0.9662706555225115,0.3791
1,1784842830.3545108,2927,-24.01,22.29,-2091.19,-0.5609510998988815,0.8050414148163866,-0.1929823410384119,-0.7887860466282005,-0.5905194527731956,-0.17059703555777284,-0.251297505293804,0.056525183121122785,0.9662579715098004,0.372
1,1784842830.4151273,2930,-23.98,22.35,-2091.14,-0.5599998179634016,0.8052317518437081,-0.1949410929067289,-0.7888837450769477,-0.5901394175298944,-0.17145817166541333,-0.25310598695867803,0.057769314520684394,0.9657122064391047,0.3679
1,1784842830.4749732,2936,-23.740000000000002,22.71,-2091.16,-0.5584579128260216,0.8060435322249083,-0.1960065911146785,-0.7890274254847398,-0.589080619323117,-0.17441257343097807,-0.2560478108379895,0.057252494236375615,0.9649671862134934,0.3622
1,1784842830.5347831,2939,-23.490000000000002,23.18,-2091.06,-0.556214291533646,0.8072031205990907,-0.19760765164541008,-0.7897576353401993,-0.5874358645545161,-0.17664082896359087,-0.25866685005152995,0.057811998150709275,0.9642350509882128,0.3808
1,1784842830.5808794,2942,-23.080000000000002,23.89,-2091.06,-0.5548935992564534,0.808924379924309,-0.19425354840591946,-0.791605217120596,-0.5852150864385364,-0.17573981572822528,-0.2558403285873295,0.056255223480213244,0.9650808650571818,0.3361
1,1784842830.6407187,2945,-22.84,24.91,-2091.04,-0.5523998507391534,0.8111311957459719,-0.192147308570979,-0.7948135886013964,-0.5820037053596168,-0.1718809073813805,-0.25124841149334926,0.05777430428301486,0.9661968564876842,0.5573
1,1784842830.7005582,2948,-22.580000000000002,26.32,-2091.28,-0.5482603008372122,0.8143857001386505,-0.19022768971832074,-0.7998602744378942,-0.5770396981196567,-0.16507188788558835,-0.2442011136379732,0.06165320919186333,0.9677627280972946,0.48550000000000004
1,1784842830.7454734,2951,-22.32,27.85,-2091.56,-0.5440154412159234,0.8177260750337524,-0.18807250178731202,-0.8050060638845856,-0.5718685960485765,-0.15789726394867223,-0.2366694674597697,0.06550095467490673,0.9693797955956093,0.43560000000000004
1,1784842830.8053083,2954,-21.95,29.63,-2092.14,-0.5398837384479759,0.8219243351106578,-0.18156523982398348,-0.8119401751374893,-0.5653974780904101,-0.1451855494417662,-0.22198806489796002,0.06903679542032123,0.9726022927800199,0.2993
1,1784842830.8651514,2957,-21.77,31.38,-2092.7,-0.5334544379054511,0.8258820314641839,-0.18260677091381838,-0.818803035135829,-0.5583690930889879,-0.1333624592429804,-0.2121036358277094,0.0783761825274348,0.9740991847245806,0.191
1,1784842830.9250348,2963,-21.46,35.36,-2094.15,-0.5203666656201893,0.8349587751811751,-0.17905970249969072,-0.83215206923104,-0.5428820217068049,-0.11314611872278559,-0.191680638004532,0.09012743342337005,0.9773103799503469,0.1311
1,1784842830.9850006,2966,-21.41,37.09,-2094.96,-0.5150142167280815,0.8384983110125617,-0.17799140146940243,-0.8357023979922422,-0.5373579396000343,-0.11334878357892529,-0.19068785634637786,0.09037160603799846,0.9774820275913703,0.1086
1,1784842831.0303879,2969,-21.41,38.67,-2095.87,-0.5107736738151093,0.8415653854018392,-0.17572124581526777,-0.8376564947519991,-0.5331654592876498,-0.11860096889310551,-0.1934989688272532,0.08661579022350857,0.9772695912319931,0.0959
1,1784842831.0902283,2972,-21.43,40.35,-2096.66,-0.5058573809224096,0.8450386327911144,-0.17325709006226644,-0.839968846828309,-0.5282603664616986,-0.12406982543581044,-0.1963686495452899,0.0827689211979708,0.9770305313343504,0.1467
1,1784842831.150094,2975,-21.37,42.02,-2097.68,-0.5018193566520582,0.8480617991716968,-0.1702014044447912,-0.8412914170428841,-0.5242664074030176,-0.13180851899141238,-0.2010126486052326,0.07704491452651625,0.9765541440423625,0.1474
1,1784842831.2099078,2978,-21.490000000000002,43.71,-2098.48,-0.49653980654152435,0.8513346063291225,-0.16934464439758135,-0.8438808541389294,-0.519142572668043,-0.1354846606127658,-0.20325679456651902,0.07563317598807741,0.9761999273471087,0.2005
1,1784842831.2697484,2984,-21.28,47.58,-2100.02,-0.48706362437562517,0.8593221367838724,-0.15599516352528225,-0.8519274159116306,-0.5067999035361602,-0.13180870909720002,-0.19232447537485034,0.06869732897965126,0.9789238852754846,0.1364
1,1784842831.3295877,2987,-21.18,49.63,-2100.88,-0.4818428005810563,0.8635899310606532,-0.1484585682904851,-0.8571371729131432,-0.4997146360931774,-0.12490456070427326,-0.18205324039595838,0.06706499418414565,0.9809989318120647,0.15480000000000002
1,1784842831.3894281,2990,-21.01,51.77,-2101.63,-0.4757541534908145,0.8678035293488713,-0.1434399521956175,-0.8624665935171733,-0.4922645485885949,-0.11758821909421817,-0.17265387485695613,0.0677690833087582,0.9826484574070063,0.1438
1,1784842831.4492686,2993,-20.94,53.77,-2102.34,-0.47006305602539383,0.8716597699737874,-0.13874425670748117,-0.8664685620659107,-0.4856636808304173,-0.11559852972111533,-0.16814563423265103,0.06587893845148499,0.9835583415115775,0.1526
1,1784842831.5091078,2996,-20.76,55.71,-2103.08,-0.4639772424068962,0.8757403915892967,-0.1334311997529716,-0.8712438090628272,-0.47835942147716043,-0.11002949174531373,-0.16018534170824728,0.06519992655717893,0.9849312797747619,0.1433
1,1784842831.5689495,2999,-20.62,57.72,-2103.95,-0.4574296120572114,0.8797077455228948,-0.12989392780347792,-0.8748625859361684,-0.47136973154749295,-0.11147211270055374,-0.159290946830853,0.06264869230774461,0.9852418665535179,0.10250000000000001
1,1784842831.6138275,3002,-20.54,59.39,-2104.63,-0.4520226917188606,0.882666278366424,-0.12874675609895006,-0.8768648999018961,-0.46617791994204155,-0.1174141996461648,-0.16365644958654646,0.05981962882932458,0.9847020760186546,0.1078
1,1784842831.6736686,3008,-20.22,62.84,-2106.32,-0.4395474477368037,0.8892396685178514,-0.12669196155369739,-0.8825952548492506,-0.4537772669555822,-0.12293009441104512,-0.16680424846402445,0.057784114846417836,0.9842953513888845,0.1381
1,1784842831.733508,3011,-20.150000000000002,64.36,-2107.18,-0.4346979749753885,0.8922159558234051,-0.12242695261430049,-0.885245685237501,-0.4483080033166887,-0.12393551117654387,-0.16546222324350632,0.05450341582260224,0.9847089063997464,0.08610000000000001
1,1784842831.793383,3014,-20.01,65.84,-2108.14,-0.42934548646661297,0.8952149787967727,-0.11938423257968803,-0.8884503879986808,-0.44240030382833195,-0.12222061707254199,-0.1622293478866904,0.05359209746308843,0.9852966689143762,0.1462
1,1784842831.8531878,3017,-19.82,67.07000000000001,-2109.25,-0.42514150038975035,0.8976299796750072,-0.11625456651245172,-0.8904679603047903,-0.4378140240700458,-0.12403907448147096,-0.16223907148704475,0.05078680848645189,0.9854436481944475,0.132
1,1784842831.9130497,3020,-19.64,68.26,-2110.4700000000003,-0.42088277653246614,0.9001954026849001,-0.11182989494447686,-0.8929812482995557,-0.4328420017574099,-0.12341917071511004,-0.15950604566501314,0.047916995936817176,0.9860333579026126,0.1043
1,1784842831.9728673,3026,-19.18,70.24,-2113.15,-0.41478870333630025,0.9039509889258014,-0.10403336582393187,-0.8941535263686778,-0.4261197170783773,-0.13751893687598662,-0.1686410473966782,0.03598049940049435,0.9850206093254303,0.1422
1,1784842832.0327072,3029,-18.990000000000002,71.22,-2114.67,-0.41118372865011976,0.9058570631903541,-0.10173948280550481,-0.8951953811099281,-0.4223311982598702,-0.14234320712922305,-0.17191035725876255,0.03254750442859062,0.9845747757395756,0.1348
1,1784842832.093158,3032,-18.8,72.3,-2116.12,-0.4072838264386256,0.9080486795683197,-0.09781349730861523,-0.8968122553987887,-0.4178895431048579,-0.14524499416555048,-0.17276476286572187,0.028564406134981322,0.9845488364799923,0.13970000000000002
1,1784842832.152998,3035,-18.54,73.5,-2117.81,-0.4028801244870171,0.9104280110350769,-0.09385330050690771,-0.8982544731295776,-0.41298455301099385,-0.1502752823221929,-0.17557478975078045,0.023761222549017573,0.9841793015030065,0.1241
1,1784842832.2128618,3038,-18.26,74.7,-2119.4700000000003,-0.3992150708100889,0.9126035442623895,-0.08821620167418458,-0.8994503199093675,-0.40847833792805427,-0.15535304779266645,-0.17781014946574877,0.017326812841922144,0.9839122584375647,0.1617
1,1784842832.2726786,3044,-17.75,77.02,-2123.1,-0.39274816076298297,0.9164606128379337,-0.07647762636230938,-0.9005518253637954,-0.40011944112610753,-0.1700318872060983,-0.18642771266962976,0.002092355048813952,0.9824664523530153,0.11470000000000001
1,1784842832.332518,3047,-17.57,78.10000000000001,-2125.17,-0.3902267807033316,0.9181108829174459,-0.06924930534281139,-0.9014539333714618,-0.3962848189142355,-0.17418136613091525,-0.18736025627393413,-0.00554517507925669,0.9822756158035819,0.1024
1,1784842832.3923576,3050,-17.43,79.11,-2127.3,-0.38794821626634074,0.9196628096794345,-0.06096308709615106,-0.9025021672837185,-0.39246673202739757,-0.1773688312526363,-0.18704550126628497,-0.013790603477123412,0.9822544475398322,0.1218
1,1784842832.4521978,3053,-17.400000000000002,79.92,-2129.33,-0.38628383047367276,0.9207769607953937,-0.05435614760986145,-0.9025806614472909,-0.3894796883640505,-0.18344950785764746,-0.19008669573633447,-0.021802770930326846,0.9815251842330902,0.1285
1,1784842832.5126593,3056,-17.21,80.69,-2131.4700000000003,-0.3848260858455888,0.921843939012327,-0.04596341761663325,-0.9031599949617132,-0.3863583331070704,-0.18716105882229994,-0.1902916371087334,-0.030512137666240103,0.981253332377279,0.13440000000000002
1,1784842832.5730217,3062,-16.87,81.60000000000001,-2135.65,-0.38488937374844817,0.9224385347673651,-0.031101761232500972,-0.9020538158970645,-0.3830884804672132,-0.19885202880249017,-0.1953435005344998,-0.04848057043350193,0.9795358855546692,0.1295
1,1784842832.6333604,3065,-16.81,81.9,-2137.61,-0.3847531219265953,0.9226464339678255,-0.026241056651616773,-0.9012903186444027,-0.3816760289707827,-0.20493699135823473,-0.19909996656355677,-0.05519933691222297,0.9784233421780377,0.1474
1,1784842832.6782303,3068,-16.67,82.10000000000001,-2139.59,-0.38443141935623437,0.9229367112265551,-0.02000777054200904,-0.90203871567696,-0.380159191401187,-0.20446306417799834,-0.1963126058907365,-0.06055424232459957,0.9786697831775957,0.1447
1,1784842832.739223,3071,-16.68,81.97,-2141.5,-0.3857192785669536,0.9225267826151856,-0.01284420100523845,-0.9018646627951146,-0.3799431468640533,-0.20562912039031467,-0.19457843699455235,-0.06773138496084737,0.9785457022275671,0.1391
1,1784842832.7990913,3074,-16.73,81.66,-2143.38,-0.3877701398848159,0.9217441332004812,-0.0046980340786188755,-0.9024629875400727,-0.3806862050449512,-0.20159010245723896,-0.18760297101580517,-0.07393082035908242,0.9794587071781413,0.1476
1,1784842832.8439493,3077,-16.78,81.03,-2145.28,-0.390905457964957,0.9204289278705445,0.001873945646795292,-0.9019044949992813,-0.38263012983044753,-0.20040575252728235,-0.18374222387164768,-0.08002982247271816,0.9797111935063754,0.1573
1,1784842832.9038117,3080,-16.88,80.23,-2147.15,-0.3944158421114006,0.9188935842678324,0.008409773062974666,-0.9012904292036321,-0.38504302142498886,-0.19853824285977814,-0.17919739316599267,-0.08588627622229078,0.9800570605016736,0.168
1,1784842832.9636219,3083,-17.06,79.32000000000001,-2149.05,-0.39892570916599507,0.9168031910142925,0.018171062501095906,-0.9015332561047658,-0.38850504386475365,-0.19052983763385992,-0.16761881369210035,-0.09238906773886565,0.9815132161406673,0.1627
1,1784842833.0234628,3089,-17.51,77.05,-2152.8,-0.407743489762768,0.9124134565023237,0.03531190945788161,-0.8994754275167619,-0.39470562203348053,-0.18748713883544496,-0.15712797920681626,-0.10820885513046219,0.9816321316163896,0.16140000000000002
1,1784842833.0833027,3092,-17.78,75.75,-2154.7,-0.41291322518098655,0.9097760803879383,0.04254588140578885,-0.8981886961337433,-0.39902665388207076,-0.18448521791526912,-0.15086329775065288,-0.11439061607333724,0.9819139740049329,0.1582
1,1784842833.128182,3095,-18.07,74.38,-2156.56,-0.41910281853274517,0.9066973919543445,0.04746226839394229,-0.8951889108128217,-0.40392278486241184,-0.1883698431988197,-0.15162335392565024,-0.1214340285594756,0.9809506283458681,0.1368
1,1784842833.1880236,3098,-18.35,72.94,-2158.38,-0.4247577020773431,0.903765143098213,0.05281534480282561,-0.8929984957454298,-0.40868160207637394,-0.18850208147574352,-0.1487769509110015,-0.12723173442563238,0.9806515714731052,0.16390000000000002
1,1784842833.247891,3101,-18.61,71.65,-2160.13,-0.42946414888658074,0.9010700507355487,0.060276931645203556,-0.8918061767734592,-0.41263988142228536,-0.18549951840505627,-0.14227539453408788,-0.13342073274884222,0.9807938724232178,0.13190000000000002
1,1784842833.2927418,3104,-18.830000000000002,70.47,-2161.91,-0.4338007667460053,0.8985596591290427,0.06638850620759874,-0.8905740468741975,-0.4164299446116302,-0.1829315944960549,-0.13672878923142817,-0.13847974659369194,0.9808815412569728,0.1772
1,1784842833.352582,3107,-19.03,69.31,-2163.59,-0.43799514455855204,0.8958951586309908,0.07437820974374859,-0.8896283525935045,-0.42005299518406547,-0.1792118174079568,-0.12931220980595937,-0.14466287007538406,0.9809949064172822,0.1573
1,1784842833.4124224,3110,-19.25,67.98,-2165.2200000000003,-0.44316694320429756,0.892816610914529,0.08050813453343275,-0.8872880255063116,-0.42407077789623304,-0.18133928181062897,-0.12776157577327305,-0.15179747893024514,0.9801196381801315,0.1764
1,1784842833.4722614,3116,-19.79,65.57000000000001,-2168.14,-0.4528492020342752,0.8870567096295408,0.0897663306487063,-0.8829759490573852,-0.4322373603992313,-0.18309652553042835,-0.12361663966930157,-0.1621766264796433,0.9789880837990584,0.1675
1,1784842833.5321014,3119,-19.990000000000002,64.49,-2169.48,-0.4564897378402984,0.8848433454858456,0.0931094688842763,-0.8814299232402052,-0.43548899391955664,-0.18284044025241902,-0.12123699791425754,-0.16553425664903543,0.9787236587578692,0.1511
1,1784842833.5769823,3122,-20.21,63.4,-2170.4900000000002,-0.460125568627527,0.8824968407123254,0.09738473816753644,-0.8802372170773741,-0.439089406678579,-0.17995258990782317,-0.11604698517012228,-0.1685224586677343,0.9788428260744966,0.17
1,1784842833.6368215,3125,-20.47,62.22,-2171.52,-0.4640242721993508,0.8800810740349192,0.10069149882391339,-0.8782867148797251,-0.44229943951031914,-0.18161402003875762,-0.1152992683222383,-0.1727093191880534,0.9782011908549059,0.1777
1,1784842833.6966615,3128,-20.81,61.050000000000004,-2172.2,-0.46875333162024896,0.8778423162258642,0.09830148492330532,-0.8753614478215019,-0.44672641764476795,-0.1848725059226387,-0.11837503859665958,-0.1727089332416892,0.9778338174842169,0.2016
1,1784842833.7576046,3131,-21.07,59.96,-2172.76,-0.4734571447903715,0.8753537592248349,0.09794962101967894,-0.8722600447676021,-0.45048689105611645,-0.19032597113535366,-0.12247753405816927,-0.17554873168879398,0.9768223464138633,0.1575
1,1784842833.817475,3137,-21.91,57.81,-2172.81,-0.48508755788427316,0.8692281659205326,0.09556388834857447,-0.865538726250007,-0.4616847689739187,-0.1941388355250295,-0.12463055222290838,-0.1768885798120562,0.9763081766454107,0.1636
1,1784842833.8772836,3140,-22.23,56.81,-2172.44,-0.48749154444812176,0.8680973915541401,0.09358906382950206,-0.864753398949316,-0.46522433930670615,-0.18912396231636963,-0.12063810798081072,-0.17312779353280186,0.9774831016489613,0.1627
1,1784842833.9371235,3143,-22.62,55.42,-2171.92,-0.49435992040208065,0.8649416396810524,0.08651143881534556,-0.8592605433227506,-0.47119820288779996,-0.19910693680532426,-0.13145184589324013,-0.1727663553506889,0.976151729328028,0.1771
1,1784842833.9969645,3146,-22.92,53.96,-2171.29,-0.5017460156641029,0.8614292234968768,0.07868054823630527,-0.852945433745904,-0.4775526511147791,-0.21077844402418708,-0.1439966069642235,-0.17286745881979595,0.974362262643611,0.14730000000000001
1,1784842834.041873,3149,-23.12,52.410000000000004,-2170.41,-0.5080721185917889,0.8586004530258088,0.06832264905232538,-0.8472948687749828,-0.48397345848229123,-0.2187717916740512,-0.15477121068608243,-0.16904127764710594,0.9733811785699363,0.1829
1,1784842834.1016834,3152,-23.31,50.870000000000005,-2169.55,-0.5130810928758603,0.8559943057469573,0.06341561843975714,-0.843616842879396,-0.48927635620935844,-0.22117700980141022,-0.1582984982351788,-0.16698022572531476,0.9731696612992051,0.2136
1,1784842834.1615233,3155,-23.46,49.33,-2168.7400000000002,-0.5173985160080461,0.8536377998786885,0.06001068447321519,-0.8415135272848344,-0.49480557207320497,-0.21684655690590204,-0.1554147966871492,-0.16269588951040062,0.9743594247027694,0.16540000000000002
1,1784842834.2214563,3161,-23.650000000000002,46.21,-2166.92,-0.5257316641802667,0.8491939545861437,0.049757861414992645,-0.8363103244017317,-0.5052887615917494,-0.21276350417340434,-0.15553539332678318,-0.15346952434741795,0.975835973163144,0.16720000000000002
1,1784842834.2813306,3164,-23.78,44.660000000000004,-2165.93,-0.5299585814191565,0.8466586446614026,0.04809408903713795,-0.8337883405491845,-0.5098761330835753,-0.21171521455950554,-0.15472848847071594,-0.15230058546130787,0.9761473385323091,0.1746
1,1784842834.3263981,3167,-23.86,43.160000000000004,-2165.07,-0.5338467018871451,0.8444794761426063,0.043152210350423284,-0.8314779337206416,-0.5149770310924513,-0.20843009183622505,-0.15379253759487269,-0.14714982779845195,0.9770848394888828,0.1506
1,1784842834.3862393,3170,-24.01,41.730000000000004,-2164.13,-0.537923492868843,0.8421319414218815,0.03810654873898303,-0.8283244815485865,-0.5196264079853129,-0.20944438257338524,-0.1565786354744772,-0.1442296410634577,0.9770777561441346,0.1766
1,1784842834.4460773,3173,-24.16,40.45,-2163.19,-0.5412377676171148,0.8400571687819053,0.03695445958164678,-0.8273153897747203,-0.524139880410103,-0.20205601106026425,-0.15036929456090659,-0.13993333749258072,0.9786765228161155,0.20170000000000002
1,1784842834.5059526,3176,-24.32,39.32,-2162.39,-0.543586461223576,0.8385200844206934,0.0373875272991264,-0.8269782355618995,-0.5274199474418523,-0.19476959964881885,-0.14359929345702618,-0.136792788784888,0.980136202706081,0.1492
1,1784842834.5657587,3179,-24.43,38.29,-2161.52,-0.5459657755778452,0.8370523113025222,0.03556402734206797,-0.826121036959231,-0.5307996325797222,-0.18914487131994007,-0.1394467790631491,-0.13264681751303847,0.981304956480184,0.14600000000000002
1,1784842834.6106381,3182,-24.59,37.29,-2160.63,-0.5494302786612697,0.8348828273315051,0.033121496300009184,-0.8236197970424897,-0.5344944680499248,-0.18964728720368162,-0.14063000679046875,-0.13147748191602981,0.9812934693246116,0.17370000000000002
1,1784842834.6705937,3188,-24.73,35.69,-2158.85,-0.5537125154621282,0.832319336689587,0.025435644147689906,-0.8206492134143089,-0.5402598700666668,-0.18615622825472178,-0.14119957061931251,-0.12395077477835212,0.9821908606216857,0.1446
1,1784842834.7309506,3191,-24.77,35.04,-2158.13,-0.5551211354397978,0.8314469554475236,0.023162151563991436,-0.8197734026109095,-0.5421904307592407,-0.18439388592044142,-0.14075543811789767,-0.12134865911971483,0.9825794673053604,0.1217
1,1784842834.7908003,3194,-24.830000000000002,34.42,-2157.12,-0.5563306627491565,0.8306795021937476,0.021627721105836495,-0.8195572857359039,-0.5442127857780616,-0.17932735204892647,-0.13719347317668693,-0.11749046102058305,0.9835516979228334,0.19390000000000002
1,1784842834.850651,3197,-24.86,33.88,-2156.23,-0.5571611344998333,0.83016636635362,0.01988150844593314,-0.8195050748447666,-0.5458242611509958,-0.17460615178922773,-0.13410034491578307,-0.1135767586885475,0.9844376147726533,0.1769
1,1784842834.910458,3200,-24.95,33.27,-2155.36,-0.5584716721685506,0.829414098727687,0.01347754491744075,-0.8179718467083779,-0.5479198157883511,-0.17523108588074557,-0.13795451923640917,-0.10888584985294503,0.9844350777598557,0.1422
1,1784842834.9703166,3206,-25.080000000000002,32.08,-2153.2,-0.5611887380097497,0.8276708322015639,0.005309788488737591,-0.8157958826054567,-0.5520307951569093,-0.1724502221582049,-0.13980085212547322,-0.10110882612908195,0.9850039223392922,0.1429
1,1784842835.0301695,3209,-25.1,31.55,-2151.93,-0.5622719602712607,0.8269480025560593,0.002691423648829697,-0.8153035100407544,-0.5538042186180856,-0.1690593799705807,-0.1383127948092272,-0.09725167612619989,0.9856021927140307,0.11670000000000001
1,1784842835.0906117,3212,-25.13,30.98,-2150.69,-0.563179573366014,0.8263344486573395,-0.00038354327696983994,-0.8150631491183415,-0.555574018601589,-0.16434589378555675,-0.1360177602100795,-0.09224363835545589,0.9864026967169043,0.1333
1,1784842835.1504436,3215,-25.18,30.39,-2149.23,-0.5640323086003199,0.8257412387289175,-0.004354482452183639,-0.8148261478061825,-0.5574161709169169,-0.15920289335203602,-0.13388765330055907,-0.08624742931099699,0.9872362823716082,0.12760000000000002
1,1784842835.2113569,3218,-25.25,29.72,-2147.68,-0.565045432680138,0.82502751975889,-0.007297304146757068,-0.8148141502916777,-0.5593963637173914,-0.15216309915420184,-0.12962082969865293,-0.08003311752177693,0.9883284578559793,0.11120000000000001
1,1784842835.271013,3224,-25.51,28.18,-2144.42,-0.5683610749112062,0.8225231916776077,-0.020525293621769487,-0.8119255623298691,-0.5647276019919816,-0.14784998066862234,-0.13320123783623106,-0.06736716337257838,0.9887967918323906,0.1149
1,1784842835.3308537,3227,-25.7,27.310000000000002,-2142.66,-0.5705514194928076,0.8207933782383827,-0.027736401258372508,-0.8097986768211008,-0.5678897907757109,-0.1474017929046779,-0.13673763466411334,-0.06163940113873965,0.9886877178835191,0.1086
1,1784842835.3773732,3230,-26.01,26.51,-2140.84,-0.5723472863388055,0.819280840362048,-0.03460474586327698,-0.8084114222431403,-0.5708212412237028,-0.14364568547176945,-0.13743928189360025,-0.05424034645435066,0.9890239777725734,0.1178
1,1784842835.437238,3233,-26.26,25.82,-2138.9900000000002,-0.5738989902804696,0.8180527905525844,-0.03780979799188289,-0.8080046636815003,-0.5731566427006146,-0.13645485113071534,-0.13329820863013517,-0.047760808172492536,0.9899244884225804,0.1501
1,1784842835.497053,3236,-26.6,25.11,-2137.17,-0.5753611803859439,0.8167978119707191,-0.0424363813813012,-0.8075819473382992,-0.575553198401074,-0.128646469611779,-0.12950254992923438,-0.03974732909441564,0.9907821351799225,0.1262
1,1784842835.5419335,3239,-26.89,24.34,-2135.28,-0.5768246733139704,0.8155526691652658,-0.04633724283599271,-0.8072434978178723,-0.5777926363654631,-0.12047242253982651,-0.12502492346327615,-0.032086027788715124,0.9916346380263972,0.1246
1,1784842835.6020021,3242,-27.26,23.45,-2133.46,-0.5792382899715599,0.8135910975939755,-0.05052256274827518,-0.8058042320211231,-0.5808530417171074,-0.11527915503174155,-0.12313627851965972,-0.026062805754839442,0.9920474721849325,0.1233
1,1784842835.6618426,3245,-27.73,22.35,-2131.73,-0.5827111464786927,0.8104491668410988,-0.06016533666536221,-0.8021511508070764,-0.585461930473233,-0.11742171530614764,-0.130388845490595,-0.020161248302724453,0.99125792457791,0.1071
1,1784842835.7216825,3251,-28.72,20.09,-2128.2400000000002,-0.5880227331159654,0.8047965284824358,-0.08081963301976751,-0.7958712138419508,-0.5935199413647123,-0.11967911338311314,-0.14428539883359529,-0.006052019914730314,0.9895176080992101,0.1107
1,1784842835.782144,3254,-29.19,19.01,-2126.48,-0.5908677761226909,0.8020293724154743,-0.08731641840264584,-0.7934736847032366,-0.5972845419068692,-0.11683615742812646,-0.14585877698408867,0.00024855973475920067,0.9893053903597029,0.0941
1,1784842835.841984,3257,-29.63,18.05,-2124.95,-0.5935287171871747,0.7999219987055531,-0.08859152251237146,-0.7930081057572086,-0.6000533638318287,-0.10523357238766981,-0.137338290645802,0.0077946482294054325,0.9904935322259651,0.10010000000000001
1,1784842835.9018235,3260,-30.060000000000002,17.12,-2123.46,-0.5959760916575617,0.7980235348277261,-0.0892800987546412,-0.7924560830889888,-0.6024625364253614,-0.09514330548797259,-0.12971451170873396,0.01404742200479776,0.9914518724512975,0.10260000000000001
1,1784842835.961699,3263,-30.46,16.21,-2121.9700000000003,-0.5983843773830638,0.7958164029528264,-0.09280296167207137,-0.7913503221970405,-0.6051579331960056,-0.08688235406904597,-0.12530285097524085,0.021450610274852306,0.9918866199603226,0.1039
1,1784842836.0070806,3266,-30.8,15.34,-2120.61,-0.6005663040904781,0.7942139622251102,-0.09243536443263692,-0.7909318053087246,-0.6070433231110656,-0.07697586126413927,-0.11724757456845276,0.026880961161489875,0.9927388479277162,0.1277
1,1784842836.0676496,3272,-31.48,13.700000000000001,-2118.19,-0.6045515760679221,0.7904540034911499,-0.09848786848442215,-0.7881096085827801,-0.6115122735298077,-0.07025655970728267,-0.1157611192641503,0.03514552158126245,0.9926551040414251,0.0951
1,1784842836.1274896,3275,-31.82,13.02,-2117.03,-0.6063989844774148,0.7886768671664335,-0.10133642396147623,-0.7865606883662074,-0.6136420440912589,-0.06903423238060413,-0.11662999246179312,0.037844958977932365,0.9924541319065182,0.0942
1,1784842836.1873302,3278,-32.07,12.47,-2116.25,-0.6079922155313798,0.7874137982780574,-0.10161188973032216,-0.786083117146154,-0.6149868522531607,-0.0621651388925934,-0.11143966435264603,0.04207947049419909,0.9928799118583764,0.1077
1,1784842836.2471697,3281,-32.33,12.030000000000001,-2115.39,-0.6091256140902541,0.7864693936652145,-0.10213657076209526,-0.785864018530512,-0.615887636742114,-0.05567910997213212,-0.1066945670512121,0.04634988388425241,0.9932109330981362,0.0806
1,1784842836.292067,3284,-32.5,11.65,-2114.76,-0.6101317556121252,0.7856076178320055,-0.10276143049796123,-0.7853998727426311,-0.6167895196702905,-0.05213183596182911,-0.1043373408206509,0.04890152583727537,0.9933389955504925,0.0787
1,1784842836.35189,3287,-32.69,11.33,-2114.03,-0.6100163614995865,0.7849687614233708,-0.1081854070208411,-0.7852079731136461,-0.6171667909410733,-0.050533069551108964,-0.10643532149416142,0.05412204494433643,0.9928455703630236,0.0806
1,1784842836.4117303,3290,-32.96,10.97,-2113.45,-0.6090483646336969,0.78453151416331,-0.11649202900474862,-0.7848659127696292,-0.6173149190073993,-0.05392392551720097,-0.11421728638571325,0.05858834402431761,0.9917266848457653,0.0777
1,1784842836.457218,3293,-33.160000000000004,10.68,-2113.0,-0.6080960822280574,0.7841250544038446,-0.12396392150563537,-0.7848574302961915,-0.6172768857261466,-0.05447990874706801,-0.11923912481961028,0.06416498581311762,0.9907900310902688,0.0746
1,1784842836.517057,3299,-33.47,10.48,-2112.76,-0.6053417428458012,0.7845349646617185,-0.13441080161818877,-0.7869709073221294,-0.6152208169639516,-0.04669194151877293,-0.11932378386973924,0.07751280924753254,0.9898250345417433,0.0799
1,1784842836.5769053,3302,-33.62,10.46,-2112.7400000000002,-0.602924296175718,0.7849004959751187,-0.1428758359521586,-0.7882296871893082,-0.6137161829884176,-0.04523722992815921,-0.12319193688899073,0.08534435046410635,0.98870627009714,0.07640000000000001
1,1784842836.6367373,3305,-34.04,10.5,-2112.65,-0.5961013253899842,0.7854005112188222,-0.16676104714686044,-0.7913303791142874,-0.6098390160383875,-0.043504087258211116,-0.13586552527827975,0.10603023858571943,0.985037130034352,0.07680000000000001
1,1784842836.6965768,3308,-34.550000000000004,10.55,-2112.64,-0.5896613580893878,0.7845997056931374,-0.19157970822198536,-0.7933355224146833,-0.6071413723543868,-0.04470014374309691,-0.15138768659042395,0.12562904043999598,0.9804586235772142,0.054400000000000004
1,1784842836.74149,3311,-34.97,10.57,-2112.71,-0.582941358977536,0.7829961005901936,-0.21701723077667154,-0.794606450999421,-0.605149235951162,-0.04893863767852118,-0.1696465738632182,0.1439149355983469,0.9749402706259472,0.07150000000000001
1,1784842836.8012965,3314,-35.15,10.73,-2112.75,-0.5782846776334856,0.7825099912233061,-0.23079199563684422,-0.7964243755617315,-0.6028076779805112,-0.04828164639747385,-0.1769040576850683,0.15588783468714243,0.9718044748667873,0.08020000000000001
1,1784842836.861137,3317,-35.34,10.86,-2112.85,-0.5756922931824265,0.7820648744863163,-0.23864810006589496,-0.7979197461937134,-0.6010842635611582,-0.044964282862069764,-0.17861260371126986,0.1645364403220226,0.970064584242533,0.0712
1,1784842836.907016,3320,-35.480000000000004,10.96,-2113.0,-0.5718294802967029,0.7810007559021712,-0.25109532999209655,-0.7987183970449021,-0.5998755973106471,-0.046884858677580694,-0.18724307112847993,0.17374431510536273,0.9668262228978606,0.067
1,1784842836.9658751,3326,-37.83,10.76,-2113.17,-0.5394400981707157,0.7570617764174896,-0.36859442097400735,-0.7953628145877897,-0.6018311378594423,-0.0720921262954449,-0.2764097929823726,0.2542769124210927,0.9267906333973374,0.0729
1,1784842837.0257251,3329,-39.300000000000004,10.56,-2113.34,-0.5158651567722564,0.734413431691257,-0.4410442737184177,-0.7883986852843007,-0.608404207092638,-0.09094962250589296,-0.3351278160199796,0.3008009842793898,0.8928651156732628,0.1043
1,1784842837.0855372,3332,-40.04,10.34,-2113.69,-0.5020257485188282,0.7189445201137276,-0.48071709437313764,-0.7806270873310737,-0.6159490046238871,-0.10596307955059925,-0.3722787911620997,0.3220645908840096,0.87044982678475,0.1063
1,1784842837.145377,3335,-40.76,10.13,-2113.84,-0.4916029017271199,0.7040219776122718,-0.512522821006423,-0.7718601019401627,-0.6247730100430431,-0.11785868213533336,-0.4031855280716281,0.33765624673721323,0.85054670006587,0.1327
1,1784842837.1902914,3338,-41.47,9.77,-2114.09,-0.4767430134115187,0.6836048159667412,-0.5526305771040747,-0.757913142961902,-0.638123135170446,-0.1355231791460495,-0.4452906543920679,0.35423624877660226,0.8223338210020097,0.1358
1,1784842837.2499595,3341,-41.88,9.5,-2114.25,-0.4670881132228883,0.6707470034086225,-0.5761311933095064,-0.7489060374402648,-0.6465026640274196,-0.1455130663925758,-0.47007280454351225,0.3635007053965686,0.8043001899818215,0.1409
1,1784842837.309773,3344,-42.42,9.4,-2114.57,-0.45354741767621115,0.6523618995056106,-0.6072221109220842,-0.7407462159147773,-0.6547833459742062,-0.15017927101554704,-0.4955701600451531,0.38168406032771984,0.7802099041697477,0.169
1,1784842837.3695664,3350,-43.08,8.96,-2114.88,-0.43507015681103556,0.6277203430789949,-0.6455084271620393,-0.7214086902965846,-0.6720066975338447,-0.16726177098853828,-0.5387796026363538,0.39290478408190005,0.7452129698472565,0.1884
1,1784842837.429407,3353,-43.21,8.74,-2114.85,-0.4309108801307588,0.6232101748175406,-0.6526292143237424,-0.7136436935532637,-0.6779810832952518,-0.17622238605084306,-0.55229384573485,0.38980857955884896,0.7368994363315272,0.1899
1,1784842837.474288,3356,-43.35,8.45,-2115.01,-0.4252185493036706,0.6159991873245269,-0.663124563369209,-0.7012323781086054,-0.6874423686861667,-0.18893422566412463,-0.5722432500433986,0.38466607720290974,0.7242718217831572,0.2066
1,1784842837.5341263,3359,-43.6,8.09,-2115.03,-0.415765582547484,0.6055521300976222,-0.6785614180773791,-0.6872059531221941,-0.6978894115366631,-0.2017383138088232,-0.5957238944027412,0.3824355984989404,0.7062974264701727,0.20600000000000002
1,1784842837.5939677,3362,-43.71,7.86,-2115.09,-0.41391419990617645,0.6018995643920765,-0.6829289490866957,-0.6777141958155855,-0.7046219326381695,-0.2102650727897645,-0.6077651716790491,0.3757989441574836,0.6995689027279991,0.23090000000000002
1,1784842837.6388793,3365,-43.69,7.75,-2115.14,-0.41273643384829695,0.6003455078794178,-0.6850065016795056,-0.6761581838077751,-0.7058371634071978,-0.21119661271680415,-0.6102939837848325,0.3760042152985585,0.6972532419671879,0.22260000000000002
1,1784842837.6986861,3368,-43.65,7.72,-2115.03,-0.4138263562738402,0.601017021707091,-0.6837589388603665,-0.6750523641806657,-0.7065153241935989,-0.2124627080070939,-0.6107798723494501,0.3736504199087053,0.6980926236788623,0.2466
1,1784842837.7585275,3371,-43.64,7.6000000000000005,-2115.0,-0.4110342118627426,0.599447316811196,-0.6868142332874528,-0.6711195758362668,-0.7088636291849194,-0.2170503861966951,-0.6169679016024444,0.3717193424973237,0.693668032134705,0.21660000000000001
1,1784842837.8189754,3377,-43.33,7.390000000000001,-2114.56,-0.41913841823800846,0.6079991269626227,-0.6742848418655345,-0.668349515817587,-0.7092842338616472,-0.22410890277205267,-0.6145176246970769,0.35672529656303437,0.7036441939849128,0.22030000000000002
1,1784842837.8788133,3380,-42.58,7.01,-2114.17,-0.43384719909914665,0.6278191331376973,-0.6462350531347362,-0.6641527838784869,-0.7075217225946577,-0.2414831085669219,-0.6088330538828202,0.3244320392977828,0.723924142695076,0.2094
1,1784842837.9237015,3383,-42.2,6.76,-2113.82,-0.44152088980764603,0.6370015846560888,-0.6318926214232102,-0.659073918781,-0.7081254503568601,-0.25333755374904426,-0.6088356703135259,0.3046101240972236,0.7324833096059963,0.2033
1,1784842837.983512,3386,-41.85,6.59,-2113.73,-0.4457551681290056,0.6447910031539552,-0.6209242243124344,-0.656791785504049,-0.7068874063489081,-0.26255427103689843,-0.6082161462676615,0.29078300671983925,0.7385921489037672,0.1932
1,1784842838.0433583,3389,-41.7,6.69,-2113.68,-0.4507546210632615,0.6496821045319071,-0.6121547472993313,-0.6609268159836749,-0.7038493000158921,-0.26033038005738135,-0.5999966795773103,0.2872443662078183,0.7466556492641513,0.21130000000000002
1,1784842838.088232,3392,-41.72,6.6000000000000005,-2113.71,-0.44838995458297326,0.6488451680284368,-0.6147734514072879,-0.6580192088079946,-0.7051094902775811,-0.2642561779035468,-0.6049439391123612,0.28604292448274227,0.7431165964265501,0.18560000000000001
1,1784842838.148071,3395,-41.99,6.25,-2113.83,-0.4421056007750638,0.6430793030078934,-0.6252932494487701,-0.6439623629791128,-0.7128363502032066,-0.2778071505475134,-0.6243837864884683,0.2798452212775007,0.7292678104088165,0.2068
1,1784842838.207911,3398,-42.13,6.01,-2113.93,-0.43699446906374245,0.6390269067714781,-0.6329932435893567,-0.635882493271922,-0.7172127846413184,-0.285060127512302,-0.6361519384219323,0.27793962288440005,0.7197640427757527,0.24100000000000002
1,1784842838.267751,3404,-42.25,5.84,-2113.84,-0.4324081622079887,0.6366384208352012,-0.6385254124718699,-0.6281317359561933,-0.7207372397551457,-0.29323770820751055,-0.6468954347810543,0.27427969729200785,0.7115454617330053,0.21080000000000002
1,1784842838.3275914,3407,-42.230000000000004,5.84,-2113.84,-0.4327221843220511,0.6367183481424044,-0.6382329169937578,-0.6285220696847295,-0.7205960820680006,-0.2927478341977473,-0.6463060568451893,0.27446499166023985,0.712009444627083,0.22160000000000002
1,1784842838.3724713,3410,-42.19,5.9,-2113.86,-0.43294282762008396,0.6371885333164458,-0.6376137396750192,-0.6282367531159235,-0.7205439540468243,-0.29348763572070713,-0.6464356812914094,0.27350901867507976,0.7122595921830089,0.2063
1,1784842838.4328175,3413,-42.19,5.89,-2113.9,-0.4333524872381338,0.6372539631255912,-0.6372699649954098,-0.6289193892306316,-0.7203043975688559,-0.29261233175096507,-0.6454967262924672,0.27398715539910834,0.7129270755287754,0.21000000000000002
1,1784842838.4931645,3416,-42.160000000000004,5.95,-2113.91,-0.43429390693362896,0.6379068394621938,-0.6359745801269732,-0.6303522947039712,-0.7195790588459334,-0.29131076641936654,-0.6434631201255924,0.27437354507633555,0.7146148408761757,0.22080000000000002
1,1784842838.538044,3419,-42.01,6.140000000000001,-2113.75,-0.43832087936854625,0.6415944645865889,-0.6294691014826957,-0.6396614774282765,-0.7146603170899399,-0.28300852543904165,-0.6314332910164451,0.2785985897106346,0.7236538017639282,0.1938
1,1784842838.5984714,3422,-41.31,6.11,-2113.51,-0.455261230980917,0.6585821187546761,-0.5991717653747896,-0.6462226596344873,-0.7073422367123647,-0.2864668119305945,-0.612481416649248,0.2567811383636862,0.7476161857798289,0.1889
1,1784842838.6583116,3425,-40.730000000000004,5.99,-2113.2,-0.46688343490310585,0.6727181710522094,-0.5739948785043713,-0.6501037643781971,-0.7011175256961143,-0.29291519370469077,-0.5994872423616495,0.23639897947734298,0.7646767740344255,0.1827
1,1784842838.7046552,3428,-39.81,5.9,-2112.83,-0.4856818061641726,0.6915820666928166,-0.5346283084442871,-0.6568760520207565,-0.6922769370946408,-0.2987749899983049,-0.5767382729130532,0.20607495577035928,0.7905100107914593,0.1663
1,1784842838.7634728,3434,-38.74,5.88,-2112.41,-0.5105261331377117,0.7131908475886586,-0.4803351770370626,-0.6636092888264153,-0.6820291442204363,-0.30734176126461976,-0.546795920949265,0.16184888430171535,0.8214737728519003,0.1226
1,1784842838.823495,3437,-37.93,5.82,-2112.01,-0.5275394462312384,0.7261500159253689,-0.4409175512968661,-0.6683855296531669,-0.6751314749352094,-0.31218307978182264,-0.5243690650870754,0.130014022026068,0.8415066474225332,0.114
1,1784842838.8833346,3440,-36.61,5.73,-2111.67,-0.5549864283666015,0.7424158732484194,-0.3752449006684439,-0.6742205467304453,-0.6656732352688965,-0.3198527758409176,-0.48725426493298446,0.07548387241939587,0.8699916472640352,0.1063
1,1784842838.943177,3443,-35.57,5.71,-2111.51,-0.5746550373346417,0.7515206815784946,-0.3240189087471842,-0.6770780379706078,-0.6589745317844674,-0.32759410397214717,-0.4597139529792341,0.03113248495119813,0.8875211827426823,0.10590000000000001
1,1784842838.988054,3446,-35.31,5.69,-2111.39,-0.5795379969753089,0.7532640713607628,-0.31101277925328785,-0.6764764386202305,-0.6574695824944402,-0.331833355897619,-0.45443958680284013,0.018082778868143207,0.8905940012457245,0.10880000000000001
1,1784842839.0478964,3449,-35.37,5.66,-2111.5,-0.5795925244634154,0.7531376670801733,-0.31121722319171125,-0.6749753875226335,-0.6576636166949653,-0.33449483331490854,-0.45659690299518674,0.016193260966586034,0.8895263045433071,0.11220000000000001
1,1784842839.1077518,3452,-35.69,5.53,-2111.68,-0.5727130437903013,0.7513606015244418,-0.3278063695983917,-0.6693575624501522,-0.6594741201723511,-0.342132048211935,-0.4732443587231007,0.023476185800345738,0.8806183314223186,0.11460000000000001
1,1784842839.1675916,3458,-38.56,5.78,-2112.38,-0.5153687663722665,0.7209641608194993,-0.4632555595583972,-0.6576640436036163,-0.679320523326847,-0.32557891875531436,-0.5494297410942268,0.13687331880528872,0.8242527853761592,0.13140000000000002
1,1784842839.2281175,3461,-40.15,6.0,-2112.9,-0.4822291311847885,0.6956585653616375,-0.5324605388906788,-0.650095338122533,-0.6915826588413454,-0.3147848111667472,-0.5872232253480046,0.1943517080679337,0.7857456949821379,0.2106
1,1784842839.2879558,3464,-41.050000000000004,6.21,-2113.34,-0.4602172386106511,0.6749889840385457,-0.5767061337563517,-0.6446896214415044,-0.7006885532270604,-0.3056318755990265,-0.6103895356992917,0.23113940123479793,0.7576273436892457,0.21630000000000002
1,1784842839.3477623,3467,-41.42,6.2700000000000005,-2113.68,-0.44939012016305496,0.6641279224963116,-0.5974802276733249,-0.6401786366826198,-0.7058927535864326,-0.30312824607638655,-0.6230728954424334,0.2462712386676469,0.7423817373629861,0.188
1,1784842839.4081068,3470,-42.04,6.3,-2113.98,-0.43172700743899106,0.6465678661547656,-0.6289370282499245,-0.6330414095469468,-0.7138922005854343,-0.2993601505579868,-0.6425498928850489,0.26890132093271457,0.7175107767511602,0.1962
1,1784842839.453015,3473,-42.33,6.36,-2114.2200000000003,-0.4246576093291406,0.6374439497450614,-0.642908333879936,-0.6293185868895549,-0.7183409514611231,-0.29655420018819934,-0.6508640649430517,0.2786601664884033,0.7062042768055589,0.2204
1,1784842839.5128262,3479,-42.33,6.37,-2114.27,-0.42485869159842715,0.6370456098349072,-0.6431702598560848,-0.6290722277522368,-0.7186697365923848,-0.29628017479586827,-0.650970985869655,0.27872334078132655,0.7060807849386543,0.22760000000000002
1,1784842839.5726657,3482,-42.28,6.37,-2114.26,-0.42465534915892844,0.6370046279909737,-0.6433451160526438,-0.6301074703544647,-0.7182038512460792,-0.295208068756254,-0.650101846047376,0.2800148781286108,0.7063704819656703,0.2207
1,1784842839.6325057,3485,-42.21,6.43,-2114.13,-0.4282421423592931,0.6399160688058252,-0.638056496238085,-0.6341515698659514,-0.7158314166892418,-0.29229637239832884,-0.6437860311812243,0.27945090403284,0.7123529590667511,0.2363
1,1784842839.692346,3488,-42.08,6.51,-2114.0,-0.432913070524065,0.6430116990061145,-0.631761211464186,-0.6409182389685514,-0.7123860652016072,-0.2858844260606413,-0.6338849141026128,0.28114417839934236,0.7205191646481598,0.2374
1,1784842839.7372258,3491,-41.94,6.63,-2113.84,-0.437806652158607,0.646944703324837,-0.624329949758628,-0.6473863883536219,-0.7087066231120152,-0.2804029003623488,-0.623871941587475,0.28142045625203305,0.7290996689772749,0.2187
1,1784842839.7970667,3494,-41.64,6.62,-2113.68,-0.4445499629312862,0.6532706151326166,-0.6128726081838254,-0.6505235517002591,-0.7058029324640099,-0.2804662710710229,-0.6157876575095285,0.2740067954074441,0.7387325882411516,0.202
1,1784842839.8569055,3497,-41.5,6.59,-2113.65,-0.44935290722795407,0.6571978516031688,-0.605122259228633,-0.6514817128417,-0.7045464976713126,-0.28139973427836057,-0.6112720692119267,0.26777829722975405,0.744742399044195,0.21230000000000002
1,1784842839.9167738,3503,-41.480000000000004,6.61,-2113.63,-0.44944944616541554,0.657551650005125,-0.6046660424706671,-0.6515526788802848,-0.7043704309056878,-0.2816760598802462,-0.6111254388302989,0.2673726306884701,0.7450084391288471,0.21400000000000002
1,1784842839.9766152,3506,-41.47,6.63,-2113.6,-0.44821756097262416,0.6571467186323987,-0.6060191483991434,-0.6519953761448702,-0.7041131952826726,-0.28129457462691,-0.6115578856669752,0.26904051445738797,0.7440525210353385,0.1855
1,1784842840.0214655,3509,-41.49,6.6000000000000005,-2113.58,-0.4494573620118581,0.6573858014252495,-0.6048404647655645,-0.6513851171451144,-0.7045225923770682,-0.2816830594695771,-0.6112982160085103,0.26737955216279713,0.7448641931184735,0.20750000000000002
1,1784842840.0813274,3512,-41.47,6.62,-2113.57,-0.44843340212361876,0.6572154491854402,-0.605784893515691,-0.651778642075725,-0.7042205971841774,-0.28152788891242114,-0.6116306774465787,0.26859114626796754,0.744155031262101,0.19820000000000002
1,1784842840.1411462,3515,-41.480000000000004,6.62,-2113.59,-0.4484506406154511,0.6571677535087619,-0.6058238743065831,-0.6511552451339666,-0.7045195777712833,-0.2822215641503968,-0.612281691434682,0.2679229521433725,0.7438604856077952,0.19060000000000002
1,1784842840.1860251,3518,-41.46,6.640000000000001,-2113.55,-0.4493358056380734,0.6573168916546794,-0.6050056509794055,-0.6520324692928714,-0.7042460947772693,-0.28087558985929395,-0.6106971366884116,0.2682758690907479,0.7450349423377267,0.1978
1,1784842840.2458677,3521,-41.46,6.640000000000001,-2113.6,-0.44812363974015046,0.6571816343658533,-0.6060507428906143,-0.6520294150464413,-0.704062831132953,-0.281341734783957,-0.6115904229304406,0.26908702917323357,0.7440089551278853,0.2021
1,1784842840.3057392,3524,-41.46,6.63,-2113.52,-0.4476167175768317,0.657315750618742,-0.6062798678285982,-0.6515853441213315,-0.7040920339128528,-0.2822958503179738,-0.6124343340081683,0.2686827344080406,0.743460674655351,0.2064
1,1784842840.3655455,3530,-41.39,6.640000000000001,-2113.45,-0.45012651441594187,0.6590810995039194,-0.6024933404581825,-0.6516726433548737,-0.70374081085751,-0.2829693217231966,-0.6104988836374938,0.26525643330618587,0.7462775205424953,0.1998
1,1784842840.4254138,3533,-41.02,6.58,-2113.2400000000002,-0.4576239412676216,0.6670473045215121,-0.5879015409992336,-0.6545032175927019,-0.7002596909232354,-0.2850647355056309,-0.601835414826586,0.2543310024332073,0.7570402067670061,0.1904
1,1784842840.4702663,3536,-40.46,6.48,-2113.12,-0.47236234744649797,0.6803215439724096,-0.560389515892143,-0.6579945139330764,-0.6952085009164564,-0.28935853173436576,-0.5864443983437887,0.23205115181892572,0.776038163101984,0.1835
1,1784842840.530105,3539,-40.38,6.47,-2113.09,-0.4716616523441308,0.6814443224990325,-0.5596149757126221,-0.6575002198597574,-0.6946774497852213,-0.29174766776149524,-0.587561695988068,0.23034078252392842,0.775702505677202,0.17450000000000002
1,1784842840.590576,3542,-40.4,6.48,-2113.05,-0.47289603715918094,0.6817788937712213,-0.5581638451630778,-0.6581766926458538,-0.6944900602041344,-0.2906664712955779,-0.5858095076873605,0.22991541115320535,0.7771525747350675,0.1902
1,1784842840.635456,3545,-40.39,6.49,-2113.05,-0.47234248320162614,0.68165727731281,-0.5587807574079555,-0.6577506523961065,-0.6946073926658902,-0.2913497028081378,-0.5867338901371029,0.22992156562702173,0.7764530995650678,0.18730000000000002
1,1784842840.6952963,3548,-40.4,6.48,-2113.0,-0.4718641987245208,0.6817214715505464,-0.559106441734509,-0.6573876412307488,-0.6946182587961489,-0.29214202659678884,-0.5875250353126568,0.22969830163491445,0.7759207582652351,0.18380000000000002
1,1784842840.755136,3551,-40.4,6.48,-2113.01,-0.47132459652372705,0.6811391790247762,-0.5602700630135431,-0.6583979063851878,-0.694413648859957,-0.29034786230417037,-0.586826483365694,0.23203254744637422,0.7757548422963269,0.1746
1,1784842840.815223,3557,-40.38,6.5,-2112.9700000000003,-0.4718141695637618,0.6814624144086259,-0.559464357351944,-0.65834552965509,-0.6943669146338157,-0.29057830518652644,-0.5864917330892367,0.23122189690918382,0.7762498833543886,0.1849
1,1784842840.8750646,3560,-40.35,6.49,-2112.95,-0.4727943294822771,0.6823466761427185,-0.5575558586961383,-0.6578135908636827,-0.6943149019665378,-0.29190425927386615,-0.586299242438903,0.22875714297958247,0.7771250657721623,0.1661
1,1784842840.9206676,3563,-40.35,6.47,-2112.9700000000003,-0.47284717425227446,0.6823237975928143,-0.5575390435118956,-0.6586105158686937,-0.6940258344510569,-0.2907925884572839,-0.5853612031804057,0.22970062331877647,0.7775537830003486,0.17980000000000002
1,1784842840.9805036,3566,-40.35,6.49,-2113.0,-0.47277167633243045,0.6823143052526033,-0.5576146796000626,-0.6581884688853488,-0.6941807258732784,-0.29137786335342647,-0.5858966474423483,0.22926035129019826,0.7772803933215551,0.16
1,1784842841.0403438,3569,-40.27,6.47,-2112.93,-0.4750005891025274,0.6840134056931267,-0.5536245128102094,-0.6592577772235478,-0.6933288269490422,-0.29098852364265476,-0.5828838851113647,0.22676154557939263,0.780272758670919,0.1716
1,1784842841.085195,3572,-40.22,6.47,-2112.89,-0.4760839817411028,0.6851608483550277,-0.5512700374688944,-0.6599746395982615,-0.6926676897003679,-0.29093804620966934,-0.5811863018143856,0.22531330082037732,0.7819567756959103,0.20550000000000002
1,1784842841.1450346,3575,-40.22,6.45,-2112.92,-0.477800831211856,0.6856262391954282,-0.5492021720823702,-0.6602769700674357,-0.6926558496225309,-0.29027951492011406,-0.5794313492484043,0.22392975262439685,0.7836547565080878,0.2026
1,1784842841.2048743,3578,-40.09,6.43,-2112.8,-0.47939604675876724,0.6882016578108395,-0.544571307120085,-0.6597167968994185,-0.691820516346815,-0.2935270363193099,-0.5787513958867287,0.2185471375882978,0.785674213915109,0.16920000000000002
1,1784842841.2647207,3584,-39.97,6.44,-2112.75,-0.4812947027082825,0.6903418719595658,-0.5401698889833723,-0.6604900463324044,-0.6907567195939565,-0.2942924617308684,-0.5762883894724624,0.2151354321239504,0.788421484996494,0.1618
1,1784842841.3245895,3587,-39.89,6.41,-2112.7,-0.4837151281746466,0.6922120829392507,-0.5355950961387612,-0.660631864016431,-0.6901705043379642,-0.2953476175425418,-0.5740951271532975,0.21096707604454232,0.7911432726150527,0.16060000000000002
1,1784842841.369434,3590,-39.82,6.42,-2112.71,-0.48459240865000236,0.6935638495224161,-0.5330472625522397,-0.6610715187555061,-0.6894391843233916,-0.2960710357495055,-0.5728478371863488,0.2089085870785202,0.7925923023066641,0.1593
1,1784842841.429275,3593,-39.83,6.41,-2112.75,-0.48477910625795056,0.6936231668237915,-0.5328002633080028,-0.661016259079153,-0.6894641745149598,-0.29613621408636803,-0.5727536323488003,0.20862898769284108,0.7927340172627358,0.156
1,1784842841.489142,3596,-39.83,6.42,-2112.7400000000002,-0.48416691223715363,0.6936182789138031,-0.5333629948275318,-0.6615023300766,-0.6891653040892765,-0.2957462610799398,-0.5727102831257432,0.2096303098222884,0.7925011449870858,0.1506
1,1784842841.5489564,3599,-39.83,6.41,-2112.76,-0.48462783547749055,0.6935945993528851,-0.5329750395927685,-0.6616416939589633,-0.6892209416231112,-0.295304524928531,-0.5721591823046414,0.20952571531118216,0.7929267587411977,0.14980000000000002
1,1784842841.608795,3605,-39.83,6.41,-2112.71,-0.48416691223715363,0.6936182789138031,-0.5333629948275318,-0.6615023300766,-0.6891653040892765,-0.2957462610799398,-0.5727102831257432,0.2096303098222884,0.7925011449870858,0.1746
1,1784842841.6688776,3608,-39.84,6.41,-2112.7200000000003,-0.4857851233553182,0.6939727614111758,-0.531426966144931,-0.6614579098586946,-0.6893126527196435,-0.2955021155355325,-0.5713897508811523,0.20796603862158713,0.7938916042936967,0.1699
1,1784842841.7284749,3611,-39.83,6.41,-2112.71,-0.48615370416794323,0.6939289211339195,-0.5311470872909897,-0.6616993767408168,-0.6893236603842022,-0.2949352913019047,-0.5707963829112813,0.2080758122618758,0.7942895854831274,0.1646
1,1784842841.7883146,3614,-39.83,6.41,-2112.69,-0.48487965590643495,0.6937838674296263,-0.5324994503118741,-0.6609286800859913,-0.689427008938073,-0.2964180817468656,-0.5727695864200949,0.2082170613592771,0.7928307866317128,0.1481
1,1784842841.848155,3617,-39.82,6.42,-2112.73,-0.48572614879038134,0.6940380640700133,-0.5313955908767143,-0.6611232492585327,-0.6893859977892267,-0.2960793733815178,-0.5718270347501107,0.20750448591319726,0.7936975057632445,0.1676
1,1784842841.9090793,3623,-39.660000000000004,6.390000000000001,-2112.57,-0.489490445363017,0.6975176021314053,-0.5233242767301838,-0.6622379731919801,-0.6877881709340604,-0.29730169657396543,-0.5673094136015141,0.20103886848078484,0.79858838120716,0.1589
1,1784842841.9689362,3626,-39.52,6.390000000000001,-2112.58,-0.49144951004046517,0.6996588829683948,-0.5186085484875894,-0.6637878547197951,-0.6864141156002805,-0.2970207835003752,-0.5637934577551239,0.1982753373168294,0.8017629497578562,0.15660000000000002
1,1784842842.029314,3629,-39.4,6.43,-2112.5,-0.49568827903552454,0.7025701742680851,-0.510576419604071,-0.6654730897416801,-0.6849998460789035,-0.2965143802609586,-0.5580669286532414,0.19279616464232588,0.8070879394729842,0.17850000000000002
1,1784842842.0891397,3632,-39.34,6.45,-2112.45,-0.495358235932322,0.7027316577079848,-0.5106744905994477,-0.6658809115054584,-0.6846987387847535,-0.2962941929893795,-0.5578734890516647,0.1932766265267359,0.807106756167836,0.1592
1,1784842842.1340249,3635,-39.29,6.51,-2112.37,-0.49504622741624843,0.7032386965649493,-0.5102789123357651,-0.6658936676712013,-0.6843369068234364,-0.2971003556287456,-0.5581351593264269,0.19271308625249778,0.8070605989085959,0.1759
1,1784842842.1935265,3638,-39.2,6.58,-2112.25,-0.4952296728885403,0.7039278132399313,-0.5091494916406752,-0.6656285274947248,-0.6840624192579539,-0.2983241021844532,-0.5582886659031456,0.1911654788558961,0.8073224419139369,0.1569
1,1784842842.2533338,3641,-39.07,6.74,-2112.08,-0.49596778338994063,0.7050856888782571,-0.5068235680967715,-0.6678626153754148,-0.6827652376953061,-0.29629572588679587,-0.5549553899397499,0.19153537932702186,0.8095299337534555,0.161
1,1784842842.313173,3647,-38.800000000000004,7.2700000000000005,-2111.82,-0.49557916544448904,0.707452814368318,-0.5038966225523746,-0.6695255108206422,-0.680724003490586,-0.297237987868488,-0.5532963773039747,0.1900666896489104,0.8110103404693447,0.1426
1,1784842842.373013,3650,-38.58,7.63,-2111.56,-0.4932643567061386,0.7084032280778296,-0.5048317946130076,-0.6712755985183536,-0.6790879248274404,-0.29703309779784964,-0.5532443811166142,0.1923654251742534,0.8105036693071929,0.1403
1,1784842842.4178934,3653,-38.25,8.120000000000001,-2111.2200000000003,-0.4925323781515736,0.7099542379642663,-0.5033655098126347,-0.6747009912673939,-0.6768255614794105,-0.29442440746459325,-0.549718499647912,0.19460765484599768,0.8123653314982059,0.1416
1,1784842842.4777672,3656,-37.87,8.620000000000001,-2110.73,-0.4910723514007718,0.712139649375915,-0.5017021681002242,-0.677356366483156,-0.6742983668671787,-0.2941259342951451,-0.547755692325012,0.19539404347882358,0.8135016098930242,0.12040000000000001
1,1784842842.537613,3659,-37.45,9.200000000000001,-2110.13,-0.48886414415391144,0.713779633027257,-0.5015281487973915,-0.6802462420621501,-0.6718348002064904,-0.2930922233561105,-0.5461473232754939,0.19788035957866032,0.813981857643052,0.14930000000000002
1,1784842842.5979576,3662,-37.07,9.72,-2109.51,-0.4863142601195056,0.715568089381182,-0.5014586222848127,-0.6835244956660792,-0.6690494286143004,-0.29183407254004873,-0.5443277544171802,0.20083618082965773,0.8144765952689538,0.1333
1,1784842842.657799,3668,-36.2,10.870000000000001,-2107.93,-0.48582600960038336,0.7207061300283389,-0.49452579562176874,-0.6956355087642458,-0.6613803475925802,-0.2804768702845688,-0.5292110423470746,0.20774674475883617,0.8226645505307919,0.132
1,1784842842.7181468,3671,-35.93,11.43,-2107.06,-0.4870237093856133,0.7239298773973982,-0.48860356026912627,-0.7031423752478365,-0.6568357399071325,-0.2723189507020771,-0.5180721056253735,0.21093208241525938,0.8289203520126972,0.1326
1,1784842842.7786064,3674,-35.800000000000004,11.96,-2106.19,-0.48797179534003304,0.7258777049107433,-0.484752601298989,-0.7114060485731564,-0.6525277487577466,-0.26097695521764935,-0.5057518769180719,0.21750653924574073,0.8348089268684112,0.1321
1,1784842842.838447,3677,-35.74,12.35,-2105.18,-0.4884023364185732,0.7257298707909428,-0.4845403104207539,-0.7152302979376204,-0.6510334899496149,-0.2541672989904238,-0.4999087703700963,0.22242200791690178,0.8370302692861664,0.12610000000000002
1,1784842842.8833263,3680,-35.76,12.51,-2104.25,-0.4882667048540237,0.7253730531457043,-0.48521083943072923,-0.7167101217224003,-0.6505241297762132,-0.2512866052927664,-0.49791789117449453,0.22506063704917323,0.8375114824880698,0.1369
1,1784842842.9431667,3683,-35.89,12.66,-2103.15,-0.4860776738713741,0.7245140154624257,-0.4886797891895124,-0.7175246324601879,-0.6500818713258446,-0.2501039031809786,-0.49888565501191395,0.22906986264456555,0.8358469364969482,0.1373
1,1784842843.003024,3686,-35.96,12.84,-2102.03,-0.48272056096729904,0.7236441148891484,-0.49327482705457104,-0.7182151680646821,-0.6494143428938922,-0.24985592569621906,-0.5011465178779919,0.2336668702019931,0.8332178354960773,0.1182
1,1784842843.0628812,3692,-36.160000000000004,13.32,-2099.51,-0.4804624294199103,0.723449587387631,-0.4957585585994297,-0.7248297993605858,-0.6457974415710764,-0.23993212877633746,-0.4937384083447536,0.24406220307314797,0.8346592269640771,0.1278
1,1784842843.122719,3695,-36.25,13.530000000000001,-2098.13,-0.4786825851184547,0.723039452915581,-0.49807321974971813,-0.7270704509363256,-0.6444472727237088,-0.23676205788559565,-0.49217023688919054,0.248800446556093,0.8341863075560082,0.1272
1,1784842843.1675959,3698,-36.39,13.790000000000001,-2096.68,-0.4768287964448769,0.7224194494441939,-0.5007438845814072,-0.7302545722786681,-0.6426565467264217,-0.23177752828039658,-0.48924693003332126,0.25515231140324435,0.8339872537626413,0.13090000000000002
1,1784842843.227406,3701,-36.52,13.96,-2095.27,-0.47500250695940627,0.7217231455343465,-0.5034762353699404,-0.7316621357381982,-0.6417949391312656,-0.22971672823830971,-0.4889203795193012,0.2592584758604886,0.8329117031145611,0.1484
1,1784842843.2878551,3704,-36.7,14.1,-2093.86,-0.47072609486318007,0.7195573515001447,-0.5105430065302605,-0.7320740084528081,-0.6415190650753203,-0.2291744647484198,-0.49242724311587216,0.2658768644447728,0.8287489989075811,0.11760000000000001
1,1784842843.3327568,3707,-36.92,14.08,-2092.4900000000002,-0.46559922208028115,0.7171557826363933,-0.5185604572558724,-0.7298951541864145,-0.6425308107085022,-0.23325355556875335,-0.5004702071986179,0.2698920908834814,0.8226103761715599,0.1149
1,1784842843.392607,3710,-37.14,14.120000000000001,-2091.15,-0.46324660849952604,0.7150869162119073,-0.5235009856497229,-0.7297290661187782,-0.6429753180659517,-0.2325472649149074,-0.5028897192974844,0.27428715358276046,0.8196758430040282,0.1275
1,1784842843.4524143,3713,-37.38,14.15,-2089.84,-0.4602677771513921,0.7133841917654509,-0.5284283946338152,-0.7296063476540183,-0.6430736837493942,-0.2326602990025331,-0.5057945736947764,0.2784586723521799,0.8164757295919951,0.14550000000000002
1,1784842843.512254,3719,-37.76,14.31,-2087.2,-0.45688297563151736,0.7105299176924815,-0.5351683684991165,-0.7340025444348194,-0.6410000122319943,-0.22440866534471118,-0.5024920012709672,0.29028644539919346,0.8143927604517365,0.13040000000000002
1,1784842843.5720942,3722,-38.02,14.26,-2085.98,-0.4550842904390883,0.7092236989569091,-0.5384236560863864,-0.7347530451349283,-0.6406724030413266,-0.2228830066339783,-0.5030270879987493,0.29417786595719925,0.8126642184324142,0.1228
1,1784842843.616974,3725,-38.32,14.200000000000001,-2084.66,-0.45607018783991166,0.7080369778395975,-0.5391508339745351,-0.7370048080362006,-0.6400633386707054,-0.21712400931548947,-0.49882251021299195,0.2983329691828897,0.8137404640321939,0.1433
1,1784842843.676814,3728,-38.6,14.120000000000001,-2083.5,-0.4548535196862397,0.7062534673205665,-0.5425074336142475,-0.7392877878395521,-0.6390958767188156,-0.2121556671699104,-0.4965499394626295,0.3045693685495736,0.8128195724519514,0.1389
1,1784842843.7371602,3731,-38.87,14.06,-2082.23,-0.4549706645608598,0.7053198369167999,-0.5436226835229638,-0.7415657049080538,-0.6380723929512685,-0.2072291645923977,-0.49303346711280227,0.3088487477797195,0.813345222707817,0.1376
1,1784842843.7820756,3734,-39.17,13.92,-2081.09,-0.4569688378687472,0.7044830106590881,-0.5430314621728596,-0.7447957208226065,-0.6368084362258514,-0.199384928708064,-0.4862703111040409,0.31333481013812187,0.8156975427782571,0.1447
1,1784842843.8418798,3737,-39.45,13.8,-2079.77,-0.45648502021148585,0.7027437048065438,-0.5456855428516432,-0.7477184499630597,-0.6354096937781657,-0.19279948298057548,-0.4822225066370905,0.3200090723831294,0.8155094405861468,0.1406
1,1784842843.9017196,3740,-39.76,13.530000000000001,-2078.66,-0.45795562175179844,0.7016435206231646,-0.5458690488326429,-0.7499930966867207,-0.6346082732006656,-0.18650119170539478,-0.4772703672219623,0.3239887491145332,0.8168502231247863,0.1401
1,1784842843.9615881,3746,-40.7,12.57,-2076.48,-0.45678797759204204,0.6953169297993862,-0.5548685525975747,-0.7474064720929033,-0.6382361611748161,-0.1844943577524101,-0.48241922536421794,0.3304375428173829,0.811222978776981,0.1431
1,1784842844.0213995,3749,-41.300000000000004,11.9,-2075.4900000000002,-0.4548589581919896,0.6911145508253451,-0.5616618251136349,-0.7450849166921693,-0.640780275532352,-0.18506513827975946,-0.48780302896796496,0.3343072181783766,0.8064036760850698,0.13770000000000002
1,1784842844.0662792,3752,-41.93,11.24,-2074.44,-0.4536226295177373,0.6867536566799424,-0.5679752855768826,-0.7419973200543477,-0.6440473588556689,-0.18612623829864217,-0.49362585732676034,0.3370050661158747,0.8017238292521034,0.1472
1,1784842844.1261203,3755,-42.480000000000004,10.59,-2073.39,-0.45315689787194224,0.683511501768976,-0.5722419530763168,-0.7388711978739286,-0.6471323643412908,-0.18785381543742208,-0.4987165315722192,0.3376858450861839,0.7982794568100858,0.1383
1,1784842844.18596,3758,-43.02,9.99,-2072.33,-0.4534794668184965,0.6806466865516481,-0.5753924410871895,-0.7377555267131717,-0.6488944133135162,-0.18615268779869446,-0.5000731506271685,0.3400825318312751,0.7964111473134005,0.13970000000000002
1,1784842844.245547,3761,-43.44,9.42,-2071.3,-0.45434482968320855,0.6786031543067566,-0.5771209012893717,-0.737067937926082,-0.650209352416561,-0.184278737003024,-0.5003015396953416,0.3416512212695234,0.7955958850971476,0.1471
1,1784842844.305387,3764,-43.92,8.78,-2070.21,-0.4550164447070253,0.6758972403126601,-0.579761119413771,-0.735827123539779,-0.6520619458834589,-0.1826845997719899,-0.5015161805060265,0.3434794597474607,0.7940424304923754,0.1598
1,1784842844.3502672,3767,-44.36,8.06,-2069.38,-0.45753618196564877,0.6736399235927318,-0.5804049409974688,-0.735491319255814,-0.6535359215549754,-0.17872693847495785,-0.4997130791680754,0.34510875471257957,0.7944726464322693,0.1607
1,1784842844.4107275,3773,-45.42,6.640000000000001,-2068.39,-0.46791625907196355,0.6691811882186385,-0.5772788856613328,-0.7414838833309202,-0.652684570772151,-0.15557796063861723,-0.4808908662644752,0.3552455325690444,0.8015887888020506,0.1479
1,1784842844.4705672,3776,-45.53,5.78,-2068.28,-0.47417174892898956,0.6680804038995461,-0.5734367676065448,-0.7436164222613662,-0.652601091464358,-0.1454181280402627,-0.4713764621412791,0.3574638294218702,0.806240560623331,0.149
1,1784842844.5304413,3779,-45.69,4.82,-2068.07,-0.47889750955377797,0.6665240812016987,-0.5713167462287626,-0.7443883479142023,-0.6532917693002118,-0.13818774060734584,-0.4653419848162783,0.3591037640332248,0.8090125609806169,0.13920000000000002
1,1784842844.590247,3782,-45.39,4.09,-2068.09,-0.4828880436683061,0.6665668075915112,-0.5678977269715533,-0.7453260342130111,-0.6532912179667444,-0.13304017157171952,-0.4596827601797799,0.3590254525027279,0.8122761134298546,0.1385
1,1784842844.6507328,3785,-45.230000000000004,3.2800000000000002,-2068.03,-0.4873014376508108,0.6660373332353926,-0.564740276233367,-0.7448575647008678,-0.6545807642136287,-0.12927192823422423,-0.4557680519423728,0.35765667036725124,0.8150810934934425,0.1395
1,1784842844.7106013,3791,-44.82,1.8900000000000001,-2067.9700000000003,-0.48978028122470985,0.6637050975698027,-0.5653413301566611,-0.7431154895428008,-0.6569191963416594,-0.1274226772571967,-0.4559546527068318,0.3577047846167102,0.8149556072187646,0.1346
1,1784842844.7704124,3794,-44.64,1.1500000000000001,-2067.95,-0.48978948515047843,0.662300924052984,-0.5669777299282509,-0.7411254722363868,-0.6587930966269883,-0.12932397395307726,-0.45917240186929975,0.35686011522049793,0.8135180167189852,0.1438
1,1784842844.8152924,3797,-44.52,0.46,-2067.93,-0.4890344408776785,0.6605411642232203,-0.569675948239075,-0.7386376395063782,-0.6609852992922537,-0.1323362067764371,-0.4639609392393959,0.3560671348020802,0.8111451426063866,0.1358
1,1784842844.875132,3800,-44.38,-0.18,-2067.87,-0.49006724632141013,0.6595966381050511,-0.5698827678421805,-0.7373885051741793,-0.6623453219524331,-0.1325023279973489,-0.46485727542971683,0.3552899512908323,0.8109727270332945,0.1379
1,1784842844.9349732,3803,-44.31,-0.92,-2067.87,-0.4891489110325471,0.6575099469086478,-0.573074177181157,-0.7342912533983523,-0.6650209594708886,-0.13624785740368758,-0.47069066064491866,0.3541578647730497,0.8080980811764399,0.1336
1,1784842844.9948125,3806,-44.29,-1.6300000000000001,-2067.84,-0.4902824981112249,0.6560330784605807,-0.5737975880145807,-0.7319215283680018,-0.6673504272170763,-0.13760190261996397,-0.4731954652754664,0.3525110030321316,0.8073549680184147,0.152
1,1784842845.0546703,3809,-44.29,-2.47,-2067.87,-0.4899355494756719,0.6534633341924123,-0.5770171819158482,-0.7298509188135982,-0.6694434929589645,-0.13843065427081971,-0.4767397546533308,0.3533144217280641,0.804914980437093,0.166
1,1784842845.0995326,3812,-44.29,-3.3000000000000003,-2067.88,-0.4907182198929774,0.6519646291356013,-0.5780464955530353,-0.7264977424037926,-0.6724101980320211,-0.14165294160281655,-0.48103706608457947,0.350437794677766,0.8036147666102981,0.1589
1,1784842845.159372,3818,-44.28,-5.05,-2067.89,-0.4925280900163106,0.6484706154674473,-0.5804325468305126,-0.721299013289042,-0.6773441194984723,-0.14468129529795454,-0.48697414096966135,0.34740582127550695,0.8013522205439696,0.1676
1,1784842845.2192423,3821,-44.26,-6.0,-2067.86,-0.4932808915896525,0.6470908239930178,-0.581332458664192,-0.7170797972170966,-0.6808027905722075,-0.14934565535087468,-0.4924129632895592,0.34319240354811464,0.7998427643801393,0.1553
1,1784842845.2790532,3824,-44.32,-6.97,-2067.87,-0.4952330859024742,0.6456834087856472,-0.5812375815847242,-0.7143744457400826,-0.6833896216307975,-0.15049178157249973,-0.4943817774767413,0.34069276579678326,0.7996968784687581,0.1734
1,1784842845.3393967,3827,-44.44,-8.08,-2067.91,-0.4952229209866072,0.643276317767776,-0.5839091003988751,-0.7096613278566132,-0.6872302490419949,-0.15522688087591682,-0.5011337728334432,0.33750579817361454,0.796840497166723,0.1643
1,1784842845.3992376,3830,-44.72,-9.21,-2068.04,-0.4971372479239738,0.6406822202464594,-0.5851331894420657,-0.7050990180166149,-0.6913104217546472,-0.15787740676048906,-0.5056579194658999,0.3340900977782472,0.7954205648887502,0.1784
1,1784842845.4593122,3836,-45.65,-11.61,-2068.31,-0.4982944170567656,0.6333274511621435,-0.5921140207211115,-0.6958476765430468,-0.6995333215263183,-0.16263192529143852,-0.5172027503597613,0.3309825851594301,0.7892729840438474,0.18430000000000002
1,1784842845.519153,3839,-46.19,-12.85,-2068.65,-0.4995363543897384,0.6300629732068539,-0.5945452719825036,-0.689228615948415,-0.7048334155944096,-0.16785044301207785,-0.5248117239552126,0.32593021654221893,0.7863473458618019,0.17500000000000002
1,1784842845.5789924,3842,-46.7,-14.030000000000001,-2068.96,-0.5004744284419985,0.6261241633691714,-0.5979079180951778,-0.6852810643711831,-0.7085474912422018,-0.1683755192083459,-0.5290701364563616,0.32546733276879997,0.7836809338055954,0.1645
1,1784842845.6388316,3845,-47.06,-15.25,-2069.43,-0.504270888211211,0.6237871893236215,-0.5971602914950164,-0.6807268580995056,-0.7126392343721241,-0.1695767268686608,-0.5313396427565442,0.32099044233317786,0.7839919132019787,0.1888
1,1784842845.6986735,3848,-47.47,-16.29,-2069.82,-0.5071587633819052,0.6216872263131605,-0.5969044993665115,-0.6772091179349848,-0.7158414646909816,-0.17017287684819174,-0.533083294908644,0.3179245037239487,0.7840575301731527,0.1897
1,1784842845.758512,3854,-48.29,-18.47,-2070.77,-0.5133651523931355,0.6181273417949903,-0.5952938850969595,-0.6688495921623212,-0.7228107722372006,-0.17373776389190174,-0.5376768949589235,0.3089711586270163,0.7845000827049095,0.203
1,1784842845.818937,3857,-48.730000000000004,-19.45,-2071.33,-0.5170111114433974,0.6157445771289283,-0.5946075397944264,-0.6654905731315572,-0.7260334518528625,-0.17319850999257758,-0.5383510079094258,0.3061601582945351,0.7851395734237135,0.2102
1,1784842845.8787768,3860,-49.32,-20.44,-2071.88,-0.5206302370175379,0.613756145289031,-0.5935044653774834,-0.6611307261800939,-0.729668596744111,-0.17461357858443224,-0.5402317273204564,0.3014749293812506,0.7856605804995728,0.2001
1,1784842845.9386177,3863,-49.76,-21.52,-2072.6,-0.5241356243872209,0.6136292354714844,-0.5905429777949268,-0.6546260879864881,-0.7338376086823731,-0.18151321993409364,-0.5447444650253223,0.29144729447709344,0.7863281391163981,0.1773
1,1784842845.999096,3866,-50.28,-22.64,-2073.34,-0.5294796115997997,0.6130920873037847,-0.5863185425906412,-0.6491140521164993,-0.7377811290653024,-0.1852834394651244,-0.5461705669889434,0.2824838014481823,0.7886067547734803,0.21000000000000002
1,1784842846.0586708,3872,-51.28,-24.94,-2075.08,-0.5352335423005463,0.608969426512391,-0.585389863910863,-0.6379718920638048,-0.7456447050651943,-0.19236901711234197,-0.553639702453625,0.2704999286162733,0.7875994340308102,0.2064
1,1784842846.1190164,3875,-51.7,-26.11,-2076.03,-0.540595409433224,0.6079532626456399,-0.5815061768702433,-0.6321771900118636,-0.7496207272671047,-0.19601215697053403,-0.5550753135642308,0.26165166861699685,0.7895757092144565,0.1831
1,1784842846.1638956,3878,-52.18,-27.19,-2077.05,-0.5436973066009537,0.6057172703670293,-0.5809473531861418,-0.6269828811561088,-0.7532868438327462,-0.19862375901609677,-0.5579298392558453,0.256252842496654,0.7893343874305312,0.1933
1,1784842846.2237353,3881,-52.65,-28.12,-2078.03,-0.546017349066406,0.6033896420612184,-0.5811935945721782,-0.6218479267161795,-0.7567793586384419,-0.20146999373995542,-0.5614002231539312,0.25140791990711686,0.7884312571497232,0.20140000000000002
1,1784842846.283575,3884,-53.07,-28.97,-2078.91,-0.5498306840904458,0.601350086360806,-0.579710524715986,-0.6187200677035593,-0.7594667868621152,-0.20098675945006345,-0.5611342946688749,0.2481698476591904,0.7896455091110685,0.19640000000000002
1,1784842846.3434145,3887,-53.43,-29.75,-2079.77,-0.5531374389442124,0.6000232371065687,-0.5779369243874213,-0.6146473922098645,-0.762214510457903,-0.2030704884936067,-0.5623589217642505,0.24290153350601443,0.7904121001936748,0.2315
1,1784842846.4032552,3890,-53.84,-30.490000000000002,-2080.52,-0.5555953105945488,0.5981689367345129,-0.5775013194541196,-0.6114950782886114,-0.7645905821630605,-0.20365414529627737,-0.5633716535948112,0.23998992644162057,0.7905803027728391,0.2104
1,1784842846.4481344,3893,-54.21,-31.21,-2081.41,-0.5576658120101355,0.596438507161697,-0.5772953743880186,-0.6077051109414056,-0.7671120878931837,-0.20550801138606334,-0.5654231514987429,0.23622055749423393,0.7902509145621681,0.2456
1,1784842846.5079925,3899,-54.78,-32.29,-2083.0,-0.5585269711365355,0.593939129908983,-0.5790370734901246,-0.5989025015901331,-0.7717271475328529,-0.2138995169463619,-0.5739019220233788,0.22731810249904585,0.7867420569501196,0.2119
1,1784842846.5678146,3902,-54.800000000000004,-32.72,-2083.84,-0.5619801184013585,0.5951326308314331,-0.5744523463623872,-0.5951326308314331,-0.77324753106151,-0.21887303951591686,-0.5744523463623872,0.21887303951591686,0.7887325873398485,0.21860000000000002
1,1784842846.627684,3905,-54.81,-33.09,-2084.68,-0.5652458641923511,0.5968010066774793,-0.5694959801808872,-0.591886273128074,-0.7742871593114916,-0.22394203403537194,-0.574602256083285,0.21049454471336806,0.7909009381394808,0.2237
1,1784842846.6874945,3908,-54.78,-33.37,-2085.71,-0.5683400871390725,0.5981827914060004,-0.5649485759044597,-0.5885265670947303,-0.7753857601098414,-0.22893973626824937,-0.5750008914553467,0.20237161630181508,0.7927292751885396,0.2162
1,1784842846.7473345,3911,-54.800000000000004,-33.61,-2086.96,-0.5694366859987408,0.5982677648124911,-0.563753086222184,-0.5852564471225182,-0.7766407599870575,-0.23303223173684107,-0.5772492977391126,0.1972430265256327,0.7923878070406624,0.2132
1,1784842846.807175,3917,-54.660000000000004,-34.04,-2089.86,-0.5715852088117261,0.5986215881704645,-0.5611974191351258,-0.5774478010443063,-0.779363667339555,-0.2432001461762202,-0.5829617364259431,0.18505260929614112,0.7911454642832374,0.21300000000000002
1,1784842846.8670435,3920,-54.51,-34.21,-2091.33,-0.5719285170736087,0.598784629036631,-0.5606734694877641,-0.5740746130121679,-0.7803930498854544,-0.24784072785845346,-0.5859488971343083,0.18012122506784867,0.7900760939473774,0.2083
1,1784842846.926855,3923,-54.33,-34.38,-2092.86,-0.5728022694528794,0.5997373591080328,-0.5587599307392697,-0.5702184200763337,-0.781243248173538,-0.25398807174532745,-0.5888535586334523,0.17313026099842366,0.789479194919877,0.2232
1,1784842846.986695,3926,-54.13,-34.45,-2094.35,-0.5733853955228989,0.6005264512852239,-0.5573124523172119,-0.5658975969609992,-0.7821967902239557,-0.26063018074871463,-0.5924433288972165,0.16594023824894527,0.7883366916331295,0.24300000000000002
1,1784842847.046534,3929,-53.88,-34.39,-2095.65,-0.5729936360874408,0.6011908823815895,-0.5569989371125756,-0.5632252592931538,-0.7825693963532937,-0.26525920754122884,-0.5953617390271672,0.16172403294651966,0.7870131745212783,0.21760000000000002
1,1784842847.1063967,3935,-53.370000000000005,-34.05,-2098.19,-0.5744115328419889,0.6039037711073297,-0.5525863065444733,-0.5594014994180463,-0.7824383860173565,-0.27360580135551915,-0.5975963130633908,0.15195528068777406,0.7872663077282944,0.2179
1,1784842847.1662147,3938,-53.01,-33.81,-2099.4,-0.5769659076097573,0.6064206023474826,-0.5471420240710498,-0.559154313386999,-0.7815605587611989,-0.2766035914618543,-0.5953627426004778,0.14634598059871343,0.7900164926669812,0.22560000000000002
1,1784842847.2260556,3941,-52.63,-33.51,-2100.76,-0.5785717229485332,0.6089235511060004,-0.5426480169620301,-0.5580405807317793,-0.7807455723572617,-0.2811175225792061,-0.5948491167186046,0.14017296512876537,0.7915213630636294,0.18630000000000002
1,1784842847.285895,3944,-52.230000000000004,-33.18,-2102.15,-0.5815905025955557,0.6111122368426186,-0.5369304622312469,-0.5575863507466218,-0.7800703850011758,-0.28387965038935586,-0.5923258805351277,0.1342833884936216,0.7944293693104232,0.20950000000000002
1,1784842847.3308067,3947,-51.800000000000004,-32.82,-2103.63,-0.5817190271973122,0.6134915883160185,-0.5340702617278943,-0.5560987840491467,-0.7791421481006646,-0.2892951009473586,-0.5935967619315937,0.12870735844764578,0.7944037387284604,0.1883
1,1784842847.3912277,3950,-51.36,-32.45,-2105.23,-0.5837028055482907,0.6161343822227322,-0.5288378369954883,-0.5539711096513197,-0.7783641215843351,-0.2954070139687483,-0.5936388165094496,0.12053098055379281,0.7956539689211644,0.2068
1,1784842847.45104,3953,-50.95,-32.05,-2106.91,-0.5849070480035952,0.6184058967679978,-0.524840825430233,-0.5517692598124241,-0.7776452302252183,-0.3013612115618348,-0.594503514810274,0.11332273712956163,0.796067539928425,0.2131
1,1784842847.4959524,3956,-50.63,-31.64,-2108.64,-0.5853724226262532,0.6198632481921948,-0.5225980102997833,-0.5496097719218255,-0.7772512890231829,-0.30628341829070577,-0.5960438116755428,0.10793510667258316,0.7956643685065129,0.1847
1,1784842847.5556304,3962,-49.94,-30.77,-2112.13,-0.5869263927793994,0.6235816367920869,-0.5163945697958721,-0.5447464222622358,-0.7760003493183483,-0.31792262154539325,-0.5989730752642025,0.09470691692534004,0.7951489514518904,0.2018
1,1784842847.6154716,3965,-49.54,-30.28,-2113.92,-0.5858210866583089,0.6253737648007541,-0.5154816279222849,-0.541072479483677,-0.7753362445582546,-0.3257211688234097,-0.6033690631544377,0.08809859348044859,0.7925808548374751,0.1653
1,1784842847.675584,3968,-49.050000000000004,-29.61,-2115.56,-0.5867555184014761,0.6281270528292063,-0.5110522156585474,-0.5405545559744835,-0.7737341899864196,-0.3303576474993244,-0.6029251476266717,0.08241243079872393,0.7935297458880806,0.1948
1,1784842847.7359278,3971,-48.49,-28.79,-2117.11,-0.5896503949353125,0.6317230637209407,-0.503227962772001,-0.5420523745559048,-0.7714337022122152,-0.3332705602501674,-0.5987417097471456,0.07626279469166962,0.7973031739275102,0.17500000000000002
1,1784842847.796436,3974,-47.93,-27.82,-2118.5,-0.5904939441402535,0.6357375679115767,-0.49714650424151685,-0.5434055402597396,-0.7686450256437678,-0.3374836934847546,-0.5966802500072441,0.07087008747676933,0.7993435493905782,0.1782
1,1784842847.8562763,3980,-46.85,-25.84,-2121.33,-0.590771528315019,0.6424388202342423,-0.48812023476636524,-0.54393375728884,-0.7639515902892363,-0.3471513148127085,-0.5959237107331626,0.06041796049670754,0.8007650098720823,0.16620000000000001
1,1784842847.9161396,3983,-46.29,-24.77,-2122.65,-0.5892802369107801,0.6456633549652147,-0.4856620578565287,-0.5437356982214627,-0.7615487533723276,-0.3526967347689403,-0.5975786917770691,0.05623458270599239,0.7998358449343774,0.19990000000000002
1,1784842847.9759781,3986,-45.730000000000004,-23.6,-2123.86,-0.5889497827725346,0.6494594032289163,-0.4809788321015012,-0.5463210392960948,-0.7585084649530495,-0.3552439029976497,-0.5955430088537847,0.0535480359313809,0.8015367318178702,0.1439
1,1784842848.0357962,3989,-45.12,-22.41,-2125.21,-0.5905371211840851,0.6537315224251419,-0.47318178863024635,-0.5503227168023781,-0.7550763007942642,-0.35637717007420533,-0.590263344512314,0.04994873938905349,0.8056638924257322,0.1487
1,1784842848.0956752,3992,-44.56,-21.12,-2126.37,-0.5929901835620053,0.6584711917443308,-0.4634418322097176,-0.5544433066878509,-0.7512799361590256,-0.3580098842126177,-0.5839137452296708,0.04465587495157955,0.810586572158809,0.17270000000000002
1,1784842848.1554756,3998,-43.83,-18.580000000000002,-2128.45,-0.5920313936423706,0.6652777182679921,-0.4548674384015707,-0.5557102609953181,-0.7457642734771306,-0.3674530639818412,-0.5836822207043726,0.035230753345080086,0.811217516608431,0.1736
1,1784842848.2153153,4001,-43.53,-17.25,-2129.25,-0.5916983540035046,0.6689802020787431,-0.4498428026502449,-0.556825758466923,-0.7426599803386164,-0.3720231556115584,-0.582956372790691,0.030358570950060174,0.8119360963724859,0.16590000000000002
1,1784842848.2751555,4004,-43.11,-15.69,-2130.08,-0.5915674198144324,0.6738176406413023,-0.44273894675608083,-0.5625465645896677,-0.7383292940554893,-0.3720365791261467,-0.5775719439883295,0.028976554317438487,0.8158253543604971,0.1463
1,1784842848.334996,4007,-42.81,-14.26,-2130.68,-0.5917820331017501,0.6778895118713055,-0.43618784370135966,-0.5669138926012453,-0.7346765829091044,-0.3726378361099492,-0.5730642753423586,0.026760572114298824,0.8190733838347165,0.151
1,1784842848.3798754,4010,-42.58,-12.86,-2131.39,-0.5918195286745396,0.681521998709304,-0.43043862600226923,-0.5701732174164625,-0.7314031795094944,-0.3741014449910101,-0.5697825441520697,0.024024035436991453,0.8214442757125506,0.1578
1,1784842848.4397156,4013,-42.44,-11.450000000000001,-2131.83,-0.5898503785146724,0.6852617160550013,-0.42719189069486374,-0.5729162965036553,-0.727946731691937,-0.3766436950482018,-0.5690724454466526,0.022581769823948942,0.8219772597249785,0.12050000000000001
1,1784842848.4995856,4016,-42.31,-10.01,-2132.31,-0.5887422088927161,0.6883652497857894,-0.4237167619477346,-0.5743662486653153,-0.7250968250860897,-0.3799184210382614,-0.5687583176202864,0.01969459665543581,0.8222688726933065,0.1418
1,1784842848.544436,4019,-42.300000000000004,-8.540000000000001,-2132.67,-0.5878943367217749,0.6920317570622382,-0.41889413467822073,-0.5772062107000433,-0.7216638315694842,-0.38214435038836825,-0.5667567725045385,0.017127796758546157,0.8237071077746242,0.17020000000000002
1,1784842848.6042755,4025,-42.11,-5.61,-2132.88,-0.5845677782208494,0.6987714957045098,-0.4123092400817885,-0.5838623887629311,-0.7151634488315385,-0.3842472543082428,-0.5633695267353246,0.016113294084750696,0.8260479030296937,0.1441
1,1784842848.6641161,4028,-42.12,-4.15,-2132.79,-0.5847937211055018,0.6999067102215677,-0.4100571920383828,-0.5848629265196238,-0.7140802170867517,-0.3847399131208495,-0.5620957755920978,0.014833763924238864,0.8269391141488944,0.12440000000000001
1,1784842848.7245889,4031,-42.04,-2.59,-2132.57,-0.5856884067230815,0.699956757079224,-0.4086925842847098,-0.5860245493875298,-0.7140246651794503,-0.3830718014034929,-0.5599502814940994,0.015143174518919588,0.8283878116680427,0.12510000000000002
1,1784842848.7844272,4034,-42.0,-1.05,-2132.2,-0.5854663817314892,0.7002488612303959,-0.40851027919474947,-0.5862260648560166,-0.7137396773955007,-0.3832945000841992,-0.5599715320850408,0.015073329323694573,0.8283747207619458,0.1252
1,1784842848.8293073,4037,-41.83,0.61,-2131.56,-0.5868493708321685,0.7014238538249333,-0.4044902881890575,-0.5904946827250539,-0.7125538861104956,-0.3789234606912968,-0.5540070808458372,0.016478369889327743,0.8323488557680995,0.13920000000000002
1,1784842848.8891513,4040,-41.64,2.4,-2131.02,-0.5864331459835305,0.7037589873249601,-0.4010230081319595,-0.5949107620675504,-0.7102147697011574,-0.3763989453685254,-0.5497066039880415,0.017840085697058174,0.8351672771811979,0.1274
1,1784842848.9490085,4043,-41.43,4.3100000000000005,-2130.25,-0.5846428638761384,0.7065909892067254,-0.3986500917980184,-0.5985027168842891,-0.7073741115935649,-0.37605367187323013,-0.5477108905260434,0.0187360673321825,0.8364578532000835,0.11910000000000001
1,1784842848.993867,4046,-41.230000000000004,6.38,-2129.56,-0.582251553512997,0.710286312302082,-0.39557108462071766,-0.6034445161542038,-0.7036216320031953,-0.37519503581547925,-0.5448282705175278,0.020247309289615233,0.8383031683772943,0.11520000000000001
1,1784842849.0537248,4052,-40.79,10.64,-2128.13,-0.5791617418659755,0.7211631204601299,-0.3801255456385133,-0.6223097466758734,-0.6923141345665272,-0.3652830659524348,-0.5265949638488576,0.024997855260175176,0.8497486988995109,0.1213
1,1784842849.1135757,4055,-40.480000000000004,12.88,-2127.66,-0.5760591392774382,0.7268744305131474,-0.3739109925117536,-0.6335811545682261,-0.6860746525838897,-0.3575982265866103,-0.5164598615874525,0.030905231726727052,0.8557535147581846,0.11120000000000001
1,1784842849.1733866,4058,-40.33,14.8,-2127.14,-0.5727930814687546,0.7319149654576413,-0.36906445122860077,-0.6406840087416782,-0.6806019179632097,-0.3553941898898935,-0.511304299575333,0.03288635893406364,0.8587702839711202,0.11910000000000001
1,1784842849.2330487,4061,-40.09,16.7,-2126.79,-0.5672341511479723,0.7359119523306834,-0.36970125261930253,-0.6453226075937503,-0.6760740896584706,-0.3556438631846087,-0.511668007500803,0.036843231526457014,0.858392932398005,0.11810000000000001
1,1784842849.2778962,4064,-39.94,18.36,-2126.41,-0.5634188813348764,0.7399174255182889,-0.36753417197553767,-0.6489804443365929,-0.6716686046751189,-0.35733131455619366,-0.5112568307847192,0.03719528072439473,0.8586227134590598,0.12710000000000002
1,1784842849.3382423,4067,-39.69,20.03,-2126.19,-0.5596586231803372,0.7439333768827182,-0.36516483436903485,-0.6536102265489582,-0.667134515146868,-0.35738663999983666,-0.5094859146733194,0.038660955234302234,0.8596100472248229,0.1305
1,1784842849.3980808,4070,-39.54,21.55,-2125.96,-0.5568001731743183,0.7479255734916467,-0.3613597980825218,-0.6593541352895156,-0.6625518728529062,-0.35535494938965156,-0.505198665308673,0.04040237983458603,0.8620568173119667,0.1338
1,1784842849.4434834,4073,-39.33,23.02,-2125.77,-0.5533343100911089,0.7512979371557887,-0.3596839597500184,-0.6635737270641328,-0.6586041143225865,-0.35483873710120395,-0.5034789469543015,0.04233237794901012,0.8629698255159155,0.1317
1,1784842849.503307,4079,-39.050000000000004,25.67,-2125.36,-0.5462093767353307,0.7556084747164235,-0.36153996971721086,-0.6650977073802787,-0.6535989045421663,-0.36118348746693457,-0.5092154322130259,0.04317759740884491,0.8595553144958741,0.1361
1,1784842849.5631638,4082,-38.85,27.13,-2125.2,-0.5454941411245685,0.7558697762417703,-0.3620732292824003,-0.6639365437639326,-0.6533742387734258,-0.36371743147950764,-0.5114923341102712,0.04198792054225471,0.8582613859862066,0.1237
1,1784842849.6229866,4085,-38.730000000000004,28.47,-2124.9900000000002,-0.5436323887236221,0.7566199895303227,-0.3633043040947672,-0.6641083612702594,-0.6524515010786585,-0.36505769849591735,-0.5132483905689129,0.042816237379524544,0.8571714294090074,0.1267
1,1784842849.6828258,4088,-38.64,29.900000000000002,-2124.88,-0.539697468073477,0.7585564298127945,-0.36512845102065855,-0.6643027054247178,-0.6501522514666113,-0.3687871547089143,-0.5171349519424102,0.04352232418613741,0.8547966125207551,0.1116
1,1784842849.727706,4091,-38.61,31.45,-2124.69,-0.5385079319005462,0.760717175418056,-0.3623790643844803,-0.6676580823486712,-0.647578419239173,-0.36725314976210716,-0.5140446404298867,0.044176577047893864,0.856625085837229,0.1368
1,1784842849.787564,4094,-38.58,32.980000000000004,-2124.5,-0.533541232065009,0.7629448413302039,-0.3650327694525277,-0.6701727625659072,-0.6446502829904974,-0.3678239809406828,-0.5159478869046101,0.048385759556936095,0.8552523582374773,0.1231
1,1784842849.8473856,4097,-38.57,34.58,-2124.23,-0.5306215392967173,0.765034495956782,-0.36491506139173674,-0.6727288392819506,-0.6420182441248711,-0.36776144850864567,-0.5156323213615901,0.050346739784916786,0.8553294774297726,0.1267
1,1784842849.8922665,4100,-38.62,36.21,-2124.1,-0.527564742635596,0.76649886841128,-0.3662716574512208,-0.6741221234004293,-0.6400983433882821,-0.3685559299939062,-0.5169475844512029,0.05247471310835374,0.854407162548549,0.14020000000000002
1,1784842849.9521055,4106,-38.72,39.79,-2123.7,-0.5217633601982814,0.7713533574144588,-0.3643857762866718,-0.6825014528161671,-0.6336958303185922,-0.3641721592058501,-0.5118151647405726,0.05868213222329256,0.857089052840665,0.1302
1,1784842850.0119455,4109,-38.85,41.52,-2123.4700000000003,-0.5173072708831113,0.7732753865494367,-0.3666583751236105,-0.6853105362908037,-0.630920554315158,-0.36371516739265175,-0.5125842919367294,0.06312234706878948,0.8563135599535074,0.1274
1,1784842850.0718753,4112,-39.08,43.26,-2123.4,-0.5131426514922022,0.7750709863452243,-0.36871341899284527,-0.6874755060641546,-0.6283486238834903,-0.36408163291432105,-0.5138696797646138,0.06665562984148567,0.8552747974943773,0.1293
1,1784842850.1322217,4115,-39.26,44.94,-2123.4,-0.5078851892370702,0.7773969807368262,-0.37108835726130224,-0.6883895911827402,-0.6252457159432727,-0.36767861706365773,-0.5178536524008351,0.06871483854198242,0.8527050285176371,0.1267
1,1784842850.1771016,4118,-39.37,46.68,-2123.31,-0.5054715441519673,0.7812107623273538,-0.3663444593228355,-0.693821913959828,-0.6204039048125678,-0.3656639804553347,-0.5129421699975026,0.06934507709443523,0.8556176660874996,0.1335
1,1784842850.2369437,4121,-39.29,48.46,-2123.31,-0.5011893478529382,0.7853000304132101,-0.36347365768616297,-0.6991944485144422,-0.6149830633917142,-0.3645860048163235,-0.5098395441365172,0.07141214164520256,0.8573003821650343,0.127
1,1784842850.296781,4124,-39.27,50.18,-2123.13,-0.4949486071439245,0.7883993009705849,-0.36531139937782175,-0.7039242053237084,-0.6102877405453984,-0.3633725180849237,-0.5094277077718437,0.07730081480221149,0.8570344185534438,0.12250000000000001
1,1784842850.3426588,4127,-39.25,51.83,-2123.23,-0.4901750125132371,0.7919244096172665,-0.3641211152350161,-0.7067479736986161,-0.6056068462745254,-0.36571525729496646,-0.5101330794807841,0.07807737955238596,0.8565443152701936,0.1254
1,1784842850.4015021,4133,-39.25,55.04,-2123.41,-0.4809766844710179,0.7986223024280517,-0.36175108439337733,-0.7111978372229153,-0.5966910431505799,-0.37169535288098565,-0.5126978304271577,0.07849979037163272,0.8549729338329344,0.11850000000000001
1,1784842850.4613426,4136,-39.31,56.51,-2123.66,-0.4779210485646655,0.8020981086113955,-0.3580923002535419,-0.7149867819625522,-0.592036036804748,-0.3718699137378032,-0.5102797007109776,0.07830680230062528,0.8564360289921052,0.1178
1,1784842850.52121,4139,-39.36,57.97,-2123.95,-0.4741988957487633,0.8054298878780363,-0.3555532350906504,-0.7179064325537622,-0.5875121580608675,-0.3734164139785406,-0.5096525888961854,0.07818030342379098,0.8568209140701339,0.12100000000000001
1,1784842850.581566,4142,-39.54,59.35,-2124.6,-0.47023975419216324,0.8078571545085763,-0.35530464602450745,-0.7181603209010742,-0.5842710611832362,-0.37798555600324396,-0.5129525582941958,0.07742186366344928,0.8549184335165069,0.1131
1,1784842850.6264298,4145,-39.77,60.86,-2125.29,-0.4674363911097436,0.8094858086952729,-0.35529698251921393,-0.7227695316668894,-0.5813657175990221,-0.37365506352062056,-0.5090259564701232,0.08213785924611038,0.856823171791089,0.1107
1,1784842850.6862986,4148,-40.01,62.370000000000005,-2126.14,-0.4646538341126817,0.811900494981484,-0.35343231416100795,-0.7252936276507281,-0.5779341246617381,-0.3740872909371787,-0.5079822517899925,0.0825211112400429,0.8574055621851756,0.1189
1,1784842850.7461095,4151,-40.12,63.97,-2127.07,-0.46136673185552124,0.8151378466009342,-0.3502727933707492,-0.7300466473523298,-0.5731452993429491,-0.37220472663670523,-0.5041553643735022,0.08399260014949653,0.8595188256772204,0.1212
1,1784842850.8059497,4157,-40.300000000000004,67.21000000000001,-2128.9900000000002,-0.45620102711437316,0.822724384141716,-0.33912418167748754,-0.7385740014906257,-0.5626357777856573,-0.37141543570192914,-0.4963759333226345,0.08102820061042337,0.8643178602365688,0.11620000000000001
1,1784842850.8658664,4160,-40.31,68.9,-2130.03,-0.4530075529967214,0.8271339949127501,-0.332616162246511,-0.7423413610677673,-0.5565756986216646,-0.37303189589076785,-0.49367343515321666,0.07792846824800788,0.8661487708589916,0.11610000000000001
1,1784842850.9263487,4163,-40.28,70.58,-2131.18,-0.4508219661525172,0.8315596761117247,-0.3244503966700338,-0.7456140987743436,-0.5506534897672621,-0.37528702337818604,-0.49073329879202415,0.072727156359226,0.8682693074067508,0.1193
1,1784842850.9861877,4166,-40.25,72.21000000000001,-2132.39,-0.44892887078780264,0.835748291634102,-0.31620825733030533,-0.7484832643040185,-0.5450020659834227,-0.3778168221911275,-0.48809391722289425,0.0670637092955731,0.8702107715177568,0.1085
1,1784842851.0465326,4169,-40.15,73.84,-2133.64,-0.4463615284844571,0.8397460573568218,-0.3091730018010829,-0.7488626441726014,-0.5396725822591354,-0.3846534077849519,-0.48986337488307796,0.059833628599893204,0.869743531644088,0.1207
1,1784842851.0914128,4172,-40.03,75.43,-2134.9,-0.4440868424956095,0.8437466510760018,-0.3014605531745597,-0.7502543494493444,-0.5341064596453928,-0.3896776884778052,-0.48980127343099134,0.05312135693952262,0.8702142460235197,0.1057
1,1784842851.1517577,4178,-39.82,78.44,-2137.65,-0.44001271241694456,0.85080609012151,-0.287259133751448,-0.7512820365864872,-0.5240107455411046,-0.4012331492535431,-0.4918984797841353,0.03926494071821377,0.869766721607841,0.09870000000000001
1,1784842851.211598,4181,-39.7,79.8,-2139.04,-0.43800928549505624,0.8538942309894673,-0.2810916364871375,-0.7502456040667805,-0.5194775012151929,-0.4089922484713997,-0.49525690242396636,0.03174536208843804,0.8681663622758556,0.1029
1,1784842851.2714381,4184,-39.57,81.05,-2140.5,-0.4367897960529902,0.8565727203998174,-0.27476871861775565,-0.7502135469727135,-0.515409084714053,-0.41416555787854015,-0.4963812123787598,0.02523192543343346,0.8677378878073229,0.0995
1,1784842851.3312778,4187,-39.46,82.15,-2142.06,-0.43665630326115235,0.8587620206803251,-0.2680654111580786,-0.7476207757591038,-0.5121315982086974,-0.4228290455604504,-0.500394293008684,0.015780302698318146,0.8656538185505157,0.1081
1,1784842851.3761797,4190,-39.4,83.07000000000001,-2143.71,-0.43826552389468343,0.8608296975427026,-0.25864176459701477,-0.7467972252826592,-0.5088635359142603,-0.42819599032097116,-0.5002171877049404,0.005489412115638107,0.8658825737241655,0.0999
1,1784842851.4361255,4193,-39.410000000000004,83.81,-2145.38,-0.43942854178782215,0.8623589059830387,-0.2514749966377668,-0.7453239853482451,-0.5062874410393929,-0.4337801100908064,-0.5013927737082348,-0.0031850145242671517,0.8652139285492595,0.1207
1,1784842851.496471,4196,-39.17,84.15,-2147.26,-0.4407045883888268,0.8632736723683354,-0.24604477716204978,-0.7454252971104496,-0.5046642847965466,-0.4354940712324201,-0.5001205776618602,-0.008516234289762805,0.8659138996185989,0.1057
1,1784842851.541373,4199,-38.92,84.36,-2149.1,-0.44483832649444016,0.8640958101550397,-0.23549372423513004,-0.7474493400118585,-0.5030403204142995,-0.433900818336767,-0.4933947176424399,-0.016996085137013003,0.8696394572997206,0.1187
1,1784842851.6012197,4205,-38.58,83.83,-2152.91,-0.45243702863082125,0.8630961749775599,-0.22442310010963326,-0.744926481998225,-0.50411614095489,-0.4369799227041187,-0.49029100699631595,-0.030527187355772832,0.8710240061506249,0.1202
1,1784842851.6610312,4208,-38.45,83.34,-2154.68,-0.4570304633690945,0.8621755347845049,-0.2185783675748443,-0.744118548548982,-0.5052496965136087,-0.43704728563195866,-0.48724813109748033,-0.037095705842580054,0.8724753104529972,0.1149
1,1784842851.7208712,4211,-38.35,82.84,-2156.58,-0.4623583784869462,0.8611743167119111,-0.21119546888769886,-0.743464203715546,-0.5063137779506217,-0.43692944058620964,-0.4832035881867304,-0.045001716557724,0.8743506950133493,0.1154
1,1784842851.7807105,4214,-38.28,82.24,-2158.36,-0.46786213161353507,0.860036310844958,-0.20357448226689373,-0.7445225540978128,-0.5076491075896946,-0.4335649317034945,-0.4762259886248424,-0.05128281965318607,0.877826224355772,0.1366
1,1784842851.8255913,4217,-38.24,81.64,-2160.07,-0.4724381803441049,0.8587682629591646,-0.19829078719711243,-0.7425203784894121,-0.5090182135156032,-0.43538941860973635,-0.4748322369859606,-0.05845963430849815,0.8781325742024524,0.11130000000000001
1,1784842851.8854547,4220,-38.21,80.96000000000001,-2161.68,-0.4776288713071604,0.8572118211911597,-0.19250598667050078,-0.7421779711469402,-0.5109356861212032,-0.4337240871707113,-0.4701515930400103,-0.06428544359332317,0.8802413653674485,0.127
1,1784842851.9452705,4223,-38.15,80.28,-2163.25,-0.4822825619381639,0.8558397690044963,-0.18692731271992113,-0.7426873563963619,-0.5126229568915598,-0.43085170849926685,-0.4645632584474845,-0.06896371406822716,0.882850488498801,0.1258
1,1784842852.005111,4229,-38.1,78.68,-2166.16,-0.49223951993599857,0.8515910173938707,-0.1802581318755136,-0.7365060153357214,-0.5178382571229667,-0.43520389340416826,-0.46396028320048716,-0.08146335712404977,0.8821023620071557,0.1144
1,1784842852.0649502,4232,-38.1,77.81,-2167.45,-0.4977909337368136,0.8495811005464706,-0.17440223589071066,-0.7358658065507261,-0.5201554417722458,-0.4335202776620364,-0.45902690666112445,-0.08746582183325995,0.8841063448319731,0.13620000000000002
1,1784842852.124792,4235,-38.03,76.98,-2168.73,-0.5036479602610833,0.8477619921439903,-0.16624781743199904,-0.7364714387486462,-0.5219245104475485,-0.43035406969330026,-0.4516066341766354,-0.09431018009812016,0.8872187091678752,0.1502
1,1784842852.1851003,4238,-38.02,76.07000000000001,-2169.92,-0.5075836515051244,0.845750181689937,-0.16451585606306526,-0.7345582505983664,-0.5245732695530572,-0.43040337051222455,-0.45031434931899744,-0.09761923499933005,0.8875175895471332,0.1422
1,1784842852.2449741,4241,-38.04,75.0,-2171.03,-0.5144178811404964,0.8424194140862796,-0.16032396680924357,-0.7303482361172547,-0.5283718481627603,-0.4329141301337758,-0.44940593850475186,-0.10560644317274571,0.8870634597350209,0.1469
1,1784842852.2900405,4244,-38.11,73.91,-2172.17,-0.5193580317282381,0.8395288374610234,-0.1595574064426767,-0.7260779240140067,-0.5319763120395049,-0.43567424951258915,-0.4506418568429712,-0.11041981027057773,0.8858495258004764,0.1263
1,1784842852.350173,4250,-38.27,71.64,-2174.48,-0.5303918123602754,0.8330616693971082,-0.15713936604964981,-0.7183958114379777,-0.540085801223851,-0.4384230667115508,-0.4501021922736573,-0.11964774255160174,0.8849251009055815,0.1202
1,1784842852.410014,4253,-38.33,70.5,-2175.59,-0.5370170349515512,0.8297325945679611,-0.15217268376211232,-0.7150910788826652,-0.5434531251747089,-0.43966288180862845,-0.44750134421504273,-0.1272891285592045,0.8851779621501928,0.12760000000000002
1,1784842852.470061,4256,-38.410000000000004,69.41,-2176.76,-0.5421053510687105,0.8269532897566964,-0.14923151444399177,-0.7125277213202293,-0.5465040555917677,-0.44004268380686823,-0.44545037287319844,-0.1322179026543955,0.8854899161056556,0.1291
1,1784842852.5298958,4259,-38.480000000000004,68.36,-2177.81,-0.5482574221438452,0.8243946346192267,-0.14066728644293086,-0.712342382884997,-0.548458292789361,-0.43790618928750513,-0.4381576526889726,-0.13988204846087846,0.8879475682203756,0.126
1,1784842852.574616,4262,-38.59,67.36,-2178.93,-0.5527493767243894,0.8221463814791864,-0.1361743512981767,-0.711790023071881,-0.5507560228574043,-0.43591600835668504,-0.4333856130354702,-0.14402475727101371,0.8896256402031673,0.1265
1,1784842852.6344767,4265,-38.68,66.25,-2180.1,-0.5585181952683598,0.819520905058838,-0.1282299174362886,-0.7109488979404934,-0.5525844745329134,-0.43497363485892104,-0.42732784846224586,-0.15177577104639325,0.8912659677402143,0.13290000000000002
1,1784842852.6942837,4268,-38.79,65.25,-2181.31,-0.5641970534234839,0.8169823203308617,-0.11925423755598552,-0.7116913221576755,-0.554451113494141,-0.43136924404802773,-0.4185416907235385,-0.15850505043028812,0.8942589122364807,0.1197
1,1784842852.7401645,4271,-38.97,64.16,-2182.4,-0.5693193696395852,0.814211922168903,-0.11372950870906677,-0.7113858061356076,-0.5572410613756182,-0.4282670129087299,-0.41207485992471937,-0.16291514759222014,0.8964669344170079,0.1293
1,1784842852.799119,4277,-39.17,61.92,-2184.46,-0.5791872175074536,0.8087289856147157,-0.10246753096745591,-0.7098495778209479,-0.5621439474485173,-0.4243910451628556,-0.40081884180187405,-0.17306533498535104,0.8996625177715324,0.1263
1,1784842852.8594654,4280,-39.26,60.77,-2185.4500000000003,-0.5851810992638061,0.8054323978306958,-0.09403049286853363,-0.7085650166772001,-0.5642696896937408,-0.4237161012212877,-0.3943332324388125,-0.1813239361408894,0.9009011776974941,0.1272
1,1784842852.9193046,4283,-39.37,59.67,-2186.25,-0.5892355717163005,0.8029373569667891,-0.08996133509097771,-0.707656044026051,-0.5666070439721456,-0.4221129956238575,-0.3899030191952406,-0.1850623097995207,0.9020684991252614,0.11760000000000001
1,1784842852.9789643,4286,-39.54,58.45,-2186.83,-0.5936469094701713,0.7998861675421033,-0.08812188066150607,-0.7060133154051413,-0.5702440658870461,-0.4199605979032449,-0.38617165269754705,-0.18709308991894047,0.903253912450662,0.1323
1,1784842853.0238435,4289,-39.63,57.28,-2187.19,-0.5978392739799258,0.7972445995202428,-0.08360174054984179,-0.7060918024196149,-0.5731003267496824,-0.4159211247763534,-0.37950305538028933,-0.1896234795989544,0.9055497595062405,0.1358
1,1784842853.083921,4292,-39.78,56.19,-2187.4500000000003,-0.6015559739020264,0.7947314268097098,-0.08082307531755678,-0.7045690156178368,-0.5755293898041527,-0.4151486766243777,-0.376447755331463,-0.1927897318652177,0.9061562816607521,0.132
1,1784842853.143761,4295,-39.75,55.04,-2187.42,-0.6063734045438735,0.7917664668248228,-0.07360133336841734,-0.7044512858264828,-0.577816920252154,-0.41216015402720685,-0.3688626846934873,-0.19807440188487946,0.9081337187653922,0.12290000000000001
1,1784842853.2036014,4301,-39.87,52.58,-2186.77,-0.6127516753016303,0.787108623715282,-0.07067813585600558,-0.7040772724063155,-0.5843455687044194,-0.40350396629573754,-0.3589019070664414,-0.19748486222630637,0.9122440190516615,0.1263
1,1784842853.2634413,4304,-39.730000000000004,51.27,-2186.2400000000002,-0.616055059860893,0.7847369273504375,-0.06829434875877591,-0.7033028316854537,-0.5870206965887063,-0.40096362518279915,-0.3547411593866911,-0.19898406124386894,0.9135447735102437,0.1287
1,1784842853.3232806,4307,-39.69,49.910000000000004,-2185.68,-0.6213467818816962,0.7811421253794391,-0.06119768462084645,-0.7020313204991069,-0.5896988270899053,-0.39925846060800035,-0.3479658053365875,-0.2051152682919603,0.9147937062693301,0.1361
1,1784842853.3831499,4310,-39.53,48.480000000000004,-2184.9500000000003,-0.6261434997878298,0.7776050805174,-0.057224613821118306,-0.6997305227939414,-0.5927804601430365,-0.39873364736767286,-0.34397894287872594,-0.20962267250022854,0.915279641437466,0.13440000000000002
1,1784842853.4429607,4313,-39.51,47.02,-2184.2200000000003,-0.6307062442989625,0.7742168416714185,-0.05289532564065523,-0.6979373827382152,-0.5957229961789641,-0.3974890207289856,-0.3392536561023734,-0.2137811822773265,0.9160810897105567,0.1368
1,1784842853.4888391,4316,-39.37,45.63,-2183.4700000000003,-0.6347387020701424,0.7711369645679533,-0.04954353611960044,-0.6971750037080596,-0.5991505118122324,-0.3936568028115443,-0.3332473470246661,-0.21532869309978875,0.9179214343444426,0.1287
1,1784842853.5476806,4322,-39.22,42.53,-2181.57,-0.644021263633523,0.7636819271027293,-0.045016954634249866,-0.691563382518871,-0.6063421871261642,-0.3925420233173993,-0.3270729275665263,-0.22167333246857096,0.9186317182229996,0.13520000000000001
1,1784842853.6075218,4325,-39.09,40.99,-2180.67,-0.648706785116395,0.759975681181449,-0.04020535980120093,-0.6884392301067694,-0.6085226277725588,-0.39465382037778174,-0.3243931771692339,-0.22833566410346956,0.9179498303853416,0.1626
1,1784842853.667364,4328,-38.86,39.59,-2179.79,-0.6490485910292736,0.7601097414473122,-0.03113049051677623,-0.6921423859882087,-0.6070047874481848,-0.3904921324860895,-0.31571323064050455,-0.23190163641484798,0.920079772099491,0.14400000000000002
1,1784842853.7272005,4331,-38.72,38.12,-2178.7400000000002,-0.6526277851434567,0.7572147606823787,-0.026510003083253894,-0.6912027031582956,-0.6093354556169501,-0.3885217184080561,-0.310347864831404,-0.2352362827728995,0.9210581382636912,0.1467
1,1784842853.7721095,4334,-38.52,36.730000000000004,-2177.76,-0.6555331938745079,0.754820241225116,-0.02286121531206417,-0.6908083342808824,-0.6116205562051409,-0.38562175835316503,-0.30505749788647957,-0.2369951448113903,0.922373690170675,0.1637
1,1784842853.8319483,4337,-38.2,35.45,-2176.73,-0.6609028526204879,0.7503983704632806,-0.010474015665192196,-0.6903687285740437,-0.6133868279548622,-0.38359825064581626,-0.29427612544200743,-0.2462902452342055,0.9234406732959702,0.1511
1,1784842853.891763,4340,-37.93,34.28,-2175.7400000000002,-0.6649527042173057,0.7468854298010364,-0.00023644241001160804,-0.6914608166562026,-0.6157277386750716,-0.3778376514526046,-0.2823470208506361,-0.25108067742660645,0.9258718341324391,0.1444
1,1784842853.9514546,4346,-37.57,32.17,-2173.69,-0.6717029822197194,0.7407269810566156,0.011774685213941462,-0.6900838783365143,-0.6198401048393689,-0.3736073945905713,-0.26944265537804163,-0.25907872156445455,0.9275121947960348,0.1628
1,1784842854.0112941,4349,-37.31,31.34,-2172.51,-0.6749139891348158,0.7375659956536184,0.02207961334843303,-0.6916754252152006,-0.6219311421615014,-0.3671331646188637,-0.25705293895130066,-0.2630552346279709,0.9299063017913806,0.14980000000000002
1,1784842854.0561748,4352,-37.12,30.48,-2171.37,-0.6781892315332484,0.734230754739346,0.031057447210486398,-0.6915574335927033,-0.6233351410027667,-0.36496796850372304,-0.24861150873403995,-0.2689953545806156,0.9305019166767112,0.1628
1,1784842854.116014,4355,-36.9,29.68,-2170.16,-0.681737188251149,0.730514470143152,0.03978712187237303,-0.6911459478493691,-0.6252565680085052,-0.36245206984320366,-0.23989932248094056,-0.2745957630293944,0.9311527704944502,0.1577
1,1784842854.1762772,4358,-36.79,28.95,-2168.95,-0.6835841211511645,0.7285157942691637,0.044468942087256366,-0.6918480553305905,-0.6273593107153768,-0.3574444902275146,-0.232505951849131,-0.27510912881817856,0.9328750986041123,0.1477
1,1784842854.221157,4361,-36.62,28.29,-2167.63,-0.6855803756093902,0.7264756510032119,0.047039101593749466,-0.6906665875351237,-0.6286404697853276,-0.35747842537790986,-0.2301286888718457,-0.27756852892131373,0.9327360282044342,0.1661
1,1784842854.2807364,4364,-36.4,27.71,-2166.33,-0.6875429688026642,0.724239671475012,0.052550588120265494,-0.6911192933779529,-0.6304599558663266,-0.3533756731437367,-0.222797639957829,-0.27927968474415826,0.9340043197536215,0.1569
1,1784842854.3406103,4367,-36.19,27.14,-2165.09,-0.6895544563654238,0.7217117182185646,0.06038913389502985,-0.692287405987851,-0.6323503500764134,-0.3476653308410973,-0.2127270533270205,-0.28154081505928125,0.9356719351559918,0.1439
1,1784842854.400417,4373,-35.72,26.1,-2162.43,-0.6963730001688517,0.7124202556110996,0.08672960296719788,-0.6926273080608204,-0.6354873835811407,-0.34120843693791825,-0.18796823339131977,-0.29767963434573663,0.9359779797257705,0.1506
1,1784842854.4602575,4376,-35.36,25.61,-2161.06,-0.7009938970775873,0.705215010485749,0.1062042618992385,-0.6921018559603096,-0.6367751770115538,-0.33987114458011775,-0.1720539951186022,-0.31175176491479456,0.9344561305038555,0.1442
1,1784842854.505166,4379,-35.29,25.11,-2159.43,-0.7039040177145869,0.7015240852175411,0.11127934087221514,-0.6900252874766951,-0.6382125515365558,-0.3413939684644466,-0.16847621935444443,-0.3170941452012183,0.9333097377565188,0.1585
1,1784842854.565702,4382,-35.11,24.69,-2158.01,-0.7061044995786415,0.6983412897703742,0.11720016500264062,-0.689385009488892,-0.640145232090025,-0.3390610424752572,-0.16175519888645418,-0.3202085645860491,0.9334354454374152,0.169
1,1784842854.625517,4385,-34.75,24.36,-2156.41,-0.7086419593046375,0.6933487827989441,0.13074417349965134,-0.6897630456116425,-0.6417684268780891,-0.3352017708350806,-0.14850425725020658,-0.32772053895605213,0.9330304035372692,0.1731
1,1784842854.6863506,4388,-34.11,23.990000000000002,-2155.07,-0.7135232239704483,0.6821794402486675,0.15973672137874922,-0.6895349756713569,-0.6433123642614391,-0.3327021480457538,-0.12420195723384772,-0.34753476558521784,0.9294048959032382,0.1709
1,1784842854.7451932,4394,-33.47,23.23,-2151.9,-0.7176099316173269,0.6723381431297832,0.18165188503555443,-0.6886905388478772,-0.6462418456572139,-0.3287503895404201,-0.10364037700431025,-0.3610164791451391,0.9267824847503602,0.2093
1,1784842854.8055372,4397,-33.24,22.89,-2150.42,-0.7193872685977207,0.667893310988521,0.19078910586378306,-0.6881869507082256,-0.6480583026777269,-0.3262194923749629,-0.0942373527558241,-0.36597672257570507,0.9258403533430156,0.1768
1,1784842854.8653772,4400,-33.0,22.66,-2148.76,-0.7208627189678163,0.6642797359555535,0.19771032547934136,-0.6877391524046094,-0.6502492481990334,-0.32278595611702354,-0.08585917919544933,-0.3686574936379456,0.9255916236291638,0.17320000000000002
1,1784842854.9252174,4403,-32.69,22.43,-2147.19,-0.7218990472102781,0.6609973631728804,0.2048029577798912,-0.6877113490583074,-0.6523939521992983,-0.3184889817720265,-0.0769081661027958,-0.3707622108741382,0.9255379608500268,0.1791
1,1784842854.9700978,4406,-32.3,22.3,-2145.4900000000002,-0.7230564970726469,0.6575616170679135,0.2116648808850063,-0.6874260976116675,-0.6547293218174701,-0.3142847044875547,-0.06807835458813208,-0.37274956057850156,0.9254313063243031,0.18760000000000002
1,1784842855.029939,4409,-31.79,22.21,-2143.84,-0.7243725046699182,0.6531383955564852,0.22066878059238362,-0.6869552193440055,-0.6568395942050758,-0.3108927051259656,-0.05811197031815854,-0.3767916980699172,0.9244733718022006,0.17750000000000002
1,1784842855.0897772,4412,-31.310000000000002,22.28,-2142.05,-0.7247849324189057,0.6498452073543298,0.2288842681730887,-0.6874234194873947,-0.6597974370080728,-0.30350681122148787,-0.046215193159606885,-0.37731756995425814,0.9249300553690716,0.2018
1,1784842855.1496172,4418,-30.43,22.580000000000002,-2138.78,-0.7252490660881195,0.641488483777931,0.250012634317952,-0.6882510124381798,-0.6660114223835668,-0.2876444491597896,-0.01800933136268977,-0.3806853168102359,0.9245292605152956,0.1991
1,1784842855.2094579,4421,-30.02,22.72,-2137.08,-0.7258917832179879,0.6369257656938314,0.2596279801021763,-0.6877789778432548,-0.6686395687101294,-0.2826326322136559,-0.006418465042144666,-0.3837273721673481,0.923424120952038,0.20570000000000002
1,1784842855.254337,4424,-29.72,22.900000000000002,-2135.21,-0.7256386735783152,0.6368750950899748,0.2604584970041082,-0.6880729577293832,-0.6705231139799898,-0.27740648597341117,-0.0020298396591495295,-0.38051132292313394,0.9247740334147821,0.1957
1,1784842855.3141773,4427,-29.57,22.94,-2133.23,-0.725892594425359,0.6401369992110095,0.25160398168460135,-0.6877318463612726,-0.670061227033611,-0.279361521199192,-0.010239573181347402,-0.3758225302816951,0.9266350829068195,0.1933
1,1784842855.3740177,4430,-29.37,22.92,-2131.18,-0.7258596238521396,0.6446375358459342,0.23993802082978086,-0.687529304261892,-0.6694247234730787,-0.28137874010690817,-0.020766854417297007,-0.3692058869810639,0.9291155744987469,0.19590000000000002
1,1784842855.4338577,4433,-29.12,23.01,-2129.07,-0.7246939961899808,0.6491279491352309,0.231195842388407,-0.6885871232729053,-0.6696375279238005,-0.2782684941901363,-0.02581444457935856,-0.3608579870913075,0.9322634432409483,0.182
1,1784842855.4936996,4436,-28.8,23.21,-2127.05,-0.7230997557913225,0.653792909465287,0.2228936398990441,-0.6900816280541161,-0.6696382399557033,-0.2745395676604895,-0.030233917984777245,-0.3523343002347955,0.9353857231545426,0.16390000000000002
1,1784842855.539208,4439,-28.61,23.39,-2125.04,-0.7204740107800828,0.6604983031499112,0.21132721388062833,-0.6925592302178397,-0.6695788604070928,-0.2683763445909718,-0.035761885164715665,-0.33971479395520376,0.9398483634807474,0.17270000000000002
1,1784842855.5990477,4445,-28.96,24.150000000000002,-2120.63,-0.7040843680229424,0.6946007080665736,0.147631497517124,-0.7073891514656522,-0.6678527655457945,-0.2314590070434479,-0.0621754862822866,-0.26739958845564565,0.9615776978483396,0.15860000000000002
1,1784842855.6588948,4448,-29.13,24.41,-2118.68,-0.6961649669182072,0.7087788844316274,0.11395978158819409,-0.7136918338099653,-0.6661994963906824,-0.21638437411645425,-0.0774487261918493,-0.2319713861506597,0.9696344521615355,0.13290000000000002
1,1784842855.7037675,4451,-29.400000000000002,24.53,-2116.86,-0.6899489777308245,0.7183163696339422,0.08939799351274133,-0.7187612408622744,-0.665216137755816,-0.20216272827442405,-0.08574780908171208,-0.20373778045602883,0.9752631593844491,0.125
1,1784842855.763609,4454,-29.7,24.57,-2115.34,-0.6828867302261591,0.7281750415816205,0.058539068139406174,-0.723879525219115,-0.6637157604831838,-0.18836088302717616,-0.09830639170254189,-0.17100438036446314,0.9803536888524427,0.13720000000000002
1,1784842855.82345,4457,-30.48,24.490000000000002,-2114.02,-0.671725047035546,0.7407294850034071,0.010261151576753752,-0.7304269645910975,-0.659945271111004,-0.17592239350480476,-0.12353910548214889,-0.12566649985103817,0.9843505575920904,0.1189
1,1784842855.883892,4460,-31.48,24.13,-2112.94,-0.6576040267755645,0.7516945745811033,-0.050121956405320495,-0.7362989010222353,-0.6553646357107188,-0.1684076085371604,-0.15943924335624315,-0.07384078009535774,0.9844423126181128,0.1058
1,1784842855.9437327,4466,-34.01,23.330000000000002,-2111.41,-0.6224889824632688,0.7614487468813147,-0.1808404616912924,-0.7461602165287021,-0.6471349863628363,-0.156400897359997,-0.23611945701632633,0.03757812259875851,0.9709971610258539,0.1996
1,1784842856.003572,4469,-34.89,22.94,-2111.01,-0.610875333034824,0.7595281472452275,-0.22349121018918172,-0.7479498589982623,-0.6461933531727396,-0.15167451578907593,-0.2596195984783747,0.07450599880280204,0.9628325504615662,0.1824
1,1784842856.0634303,4472,-35.300000000000004,22.43,-2110.95,-0.6039199500993827,0.7570215950030733,-0.24939727057640854,-0.747318074849606,-0.646600136377365,-0.15304887663701397,-0.2771216138720292,0.09394981817851586,0.956230643092547,0.15030000000000002
1,1784842856.1232722,4475,-35.63,22.080000000000002,-2110.9,-0.5992403584271536,0.7549892117300128,-0.2662748260789793,-0.7467996129089306,-0.6470057579341565,-0.15386320989476124,-0.2884464092187109,0.10665289199708547,0.9515376133592881,0.1013
1,1784842856.1836357,4478,-35.88,21.650000000000002,-2110.96,-0.5927924761659675,0.7518980262167607,-0.28852458885225085,-0.7463329830444092,-0.6475067593227045,-0.154019722930029,-0.3026287471821778,0.12403368414567392,0.9450034320446655,0.0863
1,1784842856.2434764,4484,-36.25,21.150000000000002,-2111.09,-0.5839312687018404,0.7473080995262309,-0.3171038912008993,-0.7470941277642031,-0.6475163639745276,-0.15024287885105042,-0.3176076788941088,0.14917494014645982,0.9364145447075225,0.0782
1,1784842856.3039181,4487,-36.2,20.91,-2111.05,-0.5821935747350476,0.7463399046048359,-0.322532770942227,-0.7461947727925576,-0.6480107715967003,-0.1525627770844269,-0.32286839825893426,0.15185119916910036,0.9341826431253241,0.0969
1,1784842856.3637867,4490,-36.44,20.66,-2111.07,-0.5768839977765498,0.743354806111052,-0.3385682875594614,-0.7463003116778684,-0.6481499153205154,-0.15145141814960192,-0.3320251464857179,0.16530371895879786,0.9286732377965506,0.0811
1,1784842856.4241352,4493,-36.45,20.47,-2111.13,-0.5763657667317772,0.7425555904547022,-0.3411945164039997,-0.7455248595873908,-0.6487778940219529,-0.1525776129241803,-0.33465681925950924,0.1664284810749301,0.9275270206361644,0.08750000000000001
1,1784842856.468983,4496,-36.61,20.32,-2111.14,-0.5725109769022139,0.7405363485389835,-0.3519049556613576,-0.7456932678983862,-0.6487228059925734,-0.15198773370291427,-0.34084121161839953,0.17539851047734542,0.9236138971371263,0.0876
1,1784842856.529329,4499,-36.71,20.21,-2111.27,-0.5693683768681657,0.7387722527072642,-0.36060395179801463,-0.7452438035256985,-0.6490129766782303,-0.15295041487296865,-0.3470321667065762,0.1816527311468153,0.9200929086444707,0.077
1,1784842856.589198,4502,-37.11,20.240000000000002,-2111.25,-0.5632572222867189,0.7350116865678341,-0.37749055902175604,-0.7463576339308841,-0.6485974983364309,-0.1492366155633939,-0.3545300887300574,0.19768435891701636,0.9139088085934098,0.08610000000000001
1,1784842856.6490092,4508,-37.28,20.19,-2111.35,-0.5583443697210746,0.7320546875177362,-0.3903171777978592,-0.7464617327400281,-0.6486056747590109,-0.14867938735804273,-0.3620033789283337,0.20834253803224573,0.9085961371757815,0.0854
1,1784842856.7088497,4511,-37.29,20.2,-2111.33,-0.559090623141299,0.7322250562904764,-0.3889269109432807,-0.7463304150198083,-0.6487797320880367,-0.14857917366890888,-0.36112129088691863,0.2071987600643011,0.9092084948437195,0.07730000000000001
1,1784842856.753751,4514,-37.29,20.14,-2111.42,-0.558684153862817,0.7320081956105459,-0.38991796288652947,-0.7463164907009302,-0.6487814044809032,-0.14864180067408667,-0.3617785398975958,0.2079583870844826,0.9087736777167262,0.0752
1,1784842856.813591,4517,-37.28,20.16,-2111.33,-0.558676849242245,0.732233236327134,-0.3895056684294202,-0.7461159190828581,-0.6488086949638336,-0.14952696288786538,-0.36220327636825667,0.20707912728524508,0.9088052715686027,0.0791
1,1784842856.8734086,4520,-37.28,20.14,-2111.36,-0.5588203517748019,0.7322164794662741,-0.3893312749321612,-0.7465840935099731,-0.6485779622744563,-0.14818508079359957,-0.36101524311333205,0.2078596979934529,0.9090997416069879,0.0891
1,1784842856.9189193,4523,-37.28,20.17,-2111.4,-0.558668872733195,0.7322290305748187,-0.3895250151434211,-0.7457839101468412,-0.6489979318776381,-0.15035971463339837,-0.3628986773262056,0.20650019661494257,0.908659572553374,0.0779
1,1784842856.9787579,4526,-37.28,20.14,-2111.36,-0.55880955043153,0.7323020978317621,-0.38918571897965576,-0.7461729199025449,-0.648778795563026,-0.14937217957805796,-0.3618810024726659,0.20692924379842864,0.9089677816679692,0.0809
1,1784842857.0386271,4529,-37.27,20.150000000000002,-2111.4,-0.5573779271918309,0.7318096571149914,-0.3921536332007861,-0.7462919300498752,-0.6485848055733615,-0.14961986874007416,-0.36383815278468284,0.20926627949242912,0.9076504959760813,0.08750000000000001
1,1784842857.0984683,4535,-37.26,20.18,-2111.41,-0.5583331863154736,0.7321408604717301,-0.390171518036011,-0.7460497101187853,-0.6488065770229767,-0.14986612573695454,-0.36286896132142127,0.20741211642390317,0.9084637201727267,0.0887
1,1784842857.158278,4538,-37.12,20.3,-2111.32,-0.5605408826563533,0.7339722696266727,-0.3835083131953041,-0.7487499633456998,-0.6470358302436042,-0.14393792679757192,-0.3537900666506195,0.20646874291291858,0.9122517453747675,0.0801
1,1784842857.2031593,4541,-37.09,20.31,-2111.2200000000003,-0.5612829456831718,0.7345607266580054,-0.38128990773017446,-0.7495638319357933,-0.6465017734057527,-0.14208982664831005,-0.3508782078427662,0.20604852786389996,0.9134705728298905,0.0863
1,1784842857.2629974,4544,-37.06,20.34,-2111.26,-0.5610887111151722,0.7344630794002972,-0.38176359603417825,-0.7502806618712297,-0.6460720405326501,-0.14024923124226782,-0.3496546677526043,0.2077375831182463,0.9135571738424505,0.07490000000000001
1,1784842857.3228383,4547,-37.09,20.34,-2111.2,-0.5613521734940252,0.7346015227282064,-0.38110935454136263,-0.7499143773929273,-0.6462954005347747,-0.1411760667640703,-0.35001737655852444,0.20654989240615787,0.9136875713580067,0.0824
1,1784842857.3687155,4550,-37.050000000000004,20.35,-2111.23,-0.5610742382092483,0.734721450806908,-0.3812874098919398,-0.7497259462702857,-0.6463009622962201,-0.14214806232975727,-0.35086565050890406,0.20610544839759162,0.9134625550255421,0.0845
1,1784842857.4275892,4553,-37.08,20.32,-2111.23,-0.5614907622023021,0.7345442301524522,-0.3810156137367852,-0.7504066372139118,-0.6460550794159563,-0.1396521148645833,-0.34873772779380535,0.2075032730117375,0.9139608245995174,0.0815
1,1784842857.4873974,4556,-37.06,20.34,-2111.21,-0.5614824506143044,0.7347646985177833,-0.380602542640254,-0.7502143148914519,-0.6460862790588882,-0.1405382572248201,-0.3491646307748032,0.20662371070114735,0.9139971021792049,0.0826
1,1784842857.5472376,4562,-37.050000000000004,20.34,-2111.16,-0.5606145181583616,0.7345245947510544,-0.38234144653158814,-0.7499719290576603,-0.6461286047508005,-0.14163308846563852,-0.35107473229442127,0.20734378656854693,0.9131019036864491,0.0879
1,1784842857.6076612,4565,-37.07,20.32,-2111.23,-0.56141194905327,0.7347678143511007,-0.3807005154368915,-0.7498258602382207,-0.6462988941852572,-0.14162951208320204,-0.35011112918360765,0.20594659105850707,0.9137878303266898,0.08170000000000001
1,1784842857.6525583,4568,-37.06,20.34,-2111.23,-0.5608768455329328,0.7347074727485292,-0.38160462999352607,-0.7495659153547217,-0.6463568247841184,-0.14273679831574848,-0.3515225493243139,0.20598005860388988,0.9132382563023045,0.08170000000000001
1,1784842857.7120755,4571,-37.06,20.330000000000002,-2111.16,-0.5613544890876062,0.734791479584095,-0.3807395686185102,-0.7504049024591627,-0.6459355274069308,-0.14021332603852155,-0.34896077135753706,0.20699945884988857,0.9139899365361777,0.0784
1,1784842857.7725916,4574,-37.06,20.35,-2111.18,-0.5613457506501153,0.7347778258344461,-0.38077880047222035,-0.7497598111182238,-0.6463195062016639,-0.14188488832572213,-0.3503586360560047,0.20584616237676553,0.9137155922800781,0.08370000000000001
1,1784842857.818027,4577,-37.06,20.34,-2111.16,-0.5611437367638851,0.7346231810622603,-0.3813744728434625,-0.7498694730496129,-0.6462682735479991,-0.1415383057464806,-0.3504475425494652,0.2065577412038918,0.9135208916438564,0.0826
1,1784842857.877868,4580,-37.07,20.330000000000002,-2111.2,-0.5606776797485458,0.734603043120788,-0.38209803515520085,-0.7499606208902165,-0.6461200212455661,-0.14173208973126142,-0.35099801501682065,0.20709246046948981,0.9131884286777536,0.0779
1,1784842857.9377074,4583,-37.07,20.330000000000002,-2111.17,-0.5610804360257203,0.7346839670494224,-0.38135051182568314,-0.7500877670935191,-0.6461030750348938,-0.14113524750080325,-0.35008154188109675,0.20685812768894868,0.9135932514216469,0.093
1,1784842857.9975471,4589,-37.06,20.330000000000002,-2111.15,-0.5616814823808022,0.7348680290791385,-0.3801090530201132,-0.7498208805299814,-0.6463235069304386,-0.14154353220964483,-0.34968923270776886,0.2055113238400306,0.9140473381076989,0.0845
1,1784842858.0580032,4592,-37.07,20.31,-2111.17,-0.5606728419445102,0.734735654819221,-0.38185007770489837,-0.749844357161722,-0.6461381482691994,-0.14226360526843831,-0.35125404529854215,0.20656478617765578,0.913209496650571,0.10890000000000001
1,1784842858.1029775,4595,-37.08,20.3,-2111.2,-0.561879685965674,0.7348380984002616,-0.3798739101841598,-0.7500184173516828,-0.6462616747129697,-0.1407772049390971,-0.3489464029509294,0.2058125772072137,0.9142634144112582,0.083
1,1784842858.1628463,4598,-37.07,20.32,-2111.18,-0.5610774342504387,0.7346332037658436,-0.3814527083396805,-0.7498033842966171,-0.6462889747435515,-0.14179367412641766,-0.35069502088322324,0.20645730079040964,0.9134486221337541,0.08750000000000001
1,1784842858.2226582,4601,-37.08,20.31,-2111.2,-0.5616814823808022,0.7348680290791385,-0.3801090530201132,-0.7498208805299814,-0.6463235069304386,-0.14154353220964483,-0.34968923270776886,0.2055113238400306,0.9140473381076989,0.0799
1,1784842858.2681243,4604,-37.07,20.32,-2111.2200000000003,-0.5608815342803053,0.7347140085802596,-0.3815851544534941,-0.7498896059984731,-0.6461652883176096,-0.1419013706377618,-0.3508240061894647,0.20655688264821112,0.9133765767260663,0.08020000000000001
1,1784842858.3279643,4607,-37.08,20.3,-2111.19,-0.5610774342504387,0.7346332037658436,-0.3814527083396805,-0.7498033842966171,-0.6462889747435515,-0.14179367412641766,-0.35069502088322324,0.20645730079040964,0.9134486221337541,0.0751
1,1784842858.3878055,4610,-37.08,20.31,-2111.19,-0.5610190658511357,0.7345614704816991,-0.3816766351707723,-0.7501376625808406,-0.6461054173972358,-0.1408590671121196,-0.3500729851463433,0.20728539672081964,0.9134996821986424,0.0898
1,1784842858.4476447,4616,-37.07,20.34,-2111.23,-0.5611512618380191,0.7346806489797599,-0.3812526791411141,-0.750475940288824,-0.6458897228034338,-0.14004402530814578,-0.34913482264764717,0.20753508135151946,0.9138019838144443,0.0847
1,1784842858.5074852,4619,-37.050000000000004,20.330000000000002,-2111.2,-0.5618812929515042,0.735299501776676,-0.37897764487911134,-0.7501251446144713,-0.646027696674556,-0.14128157185736007,-0.34871432440934264,0.20489718840516083,0.9145575225951595,0.0763
1,1784842858.5523646,4622,-37.04,20.35,-2111.16,-0.5614792850107778,0.7350868091031907,-0.379984730727795,-0.7505888511908102,-0.6457448831284544,-0.14010682489257445,-0.34836387437827926,0.206545222641212,0.9143203388486153,0.10550000000000001
1,1784842858.6122043,4625,-37.03,20.36,-2111.2,-0.5625427871647648,0.7354784498722571,-0.37764674284627414,-0.7507190124105233,-0.6457557433072982,-0.13935739804907132,-0.34636191622963797,0.20511209071905162,0.9154028912050653,0.0974
1,1784842858.6720726,4628,-37.03,20.35,-2111.14,-0.5617452831254892,0.7353699282500947,-0.3790426170125394,-0.7507513175699484,-0.6456023035598027,-0.13989326218679315,-0.3475840848676053,0.2059823639628569,0.9147439913347463,0.09040000000000001
1,1784842858.7169247,4631,-37.01,20.37,-2111.11,-0.5618144564812335,0.7352722634305064,-0.3791295492552334,-0.7508932773489319,-0.6455691161052615,-0.13928317329545564,-0.34716538208882025,0.20643452947811752,0.9148010617168478,0.0781
1,1784842858.776798,4634,-36.980000000000004,20.400000000000002,-2111.04,-0.5612836501494727,0.7354966477933803,-0.3794803620209938,-0.7513699935289817,-0.645086805509372,-0.1389465587266249,-0.34699250265552156,0.20714172549830168,0.9147067883526633,0.0887
1,1784842858.8366058,4637,-36.95,20.48,-2110.95,-0.560136197986097,0.7352349699326886,-0.38167653673465207,-0.751211401997759,-0.6450263744440381,-0.14007999778748037,-0.34918314566175856,0.20825588889550709,0.9136195135427553,0.0834
1,1784842858.8964438,4643,-36.71,20.69,-2110.53,-0.5588617189126313,0.7356502983584722,-0.38274301777969777,-0.7518367073853778,-0.6442211494510596,-0.14043032445974418,-0.3498787569457921,0.20927911774719987,0.9131194370469949,0.0878
1,1784842858.956285,4646,-36.61,20.79,-2110.33,-0.5581807146570206,0.7359214853607794,-0.3832151578021958,-0.7519731806469994,-0.6438902475480952,-0.14121503000774355,-0.3506716774600039,0.20934401471462405,0.9128003385902912,0.08070000000000001
1,1784842859.0011644,4649,-36.53,20.86,-2110.13,-0.5587825472465981,0.7363467165249129,-0.38151746743181103,-0.7529531733745162,-0.6432786514668032,-0.13875912680720098,-0.34759686937291184,0.20972860946954927,0.9138874803673154,0.082
1,1784842859.0610332,4652,-36.51,20.87,-2109.96,-0.5594527168219955,0.7366253716588709,-0.3799943676805202,-0.7533152889468311,-0.6431056636817134,-0.1375906275131245,-0.3457292771511266,0.20928011651595874,0.9146983654471162,0.1067
1,1784842859.120873,4655,-36.51,20.87,-2109.89,-0.5585883976542955,0.7363823686480812,-0.3817329028918625,-0.7530773605525509,-0.6431481084070361,-0.1386903013034956,-0.3476398869940124,0.210003613770556,0.91380796186841,0.0761
1,1784842859.180717,4658,-36.51,20.85,-2109.89,-0.5586474819694894,0.7365496133537295,-0.38132356071664447,-0.7529895760151092,-0.6431531347106387,-0.13914288959362983,-0.3477350849450412,0.2094008414031579,0.9139100603001995,0.0806
1,1784842859.2405536,4664,-36.53,20.830000000000002,-2109.95,-0.5583805463925569,0.7362643104479523,-0.38226434645536983,-0.7528277225108371,-0.6432960389840306,-0.13935790772899215,-0.3485133937591144,0.20996445267725147,0.9134841777406146,0.0857
1,1784842859.3003645,4667,-36.550000000000004,20.82,-2109.92,-0.5583759032579926,0.7362583633054443,-0.38228258281487165,-0.7525064723205926,-0.6434902735525978,-0.1401937122656345,-0.3492139169283459,0.2093893271062091,0.9133486464201779,0.0794
1,1784842859.360239,4670,-36.54,20.79,-2109.91,-0.5582432183922623,0.7362781785144012,-0.38243816880976267,-0.7523748045172736,-0.6435326608463172,-0.1407048966868359,-0.3497093974239801,0.20918928812817925,0.9132048943614913,0.0737
1,1784842859.4200442,4673,-36.56,20.79,-2109.92,-0.5585881996193252,0.7361486551190056,-0.38218370034908605,-0.7526277971858982,-0.6435041869684343,-0.13947673733349472,-0.34861242397416536,0.20973201691819376,0.9134997859497741,0.0816
1,1784842859.465924,4676,-36.550000000000004,20.78,-2109.94,-0.5581850764610528,0.7362051927850215,-0.382663474259744,-0.75270768704878,-0.6433469348323152,-0.1397707383522768,-0.3490853166116336,0.2100157983539189,0.9132539658648746,0.0835
1,1784842859.5247815,4679,-36.56,20.77,-2109.87,-0.5583177746682564,0.7361854366574183,-0.3825078631126586,-0.7528389508787321,-0.6433042217919354,-0.1392594422812415,-0.34858969653346933,0.21021579645259433,0.9133972533309399,0.0868
1,1784842859.584641,4682,-36.56,20.79,-2109.93,-0.5587824410054465,0.7361129774064271,-0.3819684124608205,-0.7525035147200337,-0.6436345853052465,-0.13954562312354798,-0.3485694248754336,0.20945692896819676,0.9135793074217591,0.07390000000000001
1,1784842859.6450946,4688,-36.57,20.77,-2109.94,-0.558722523893556,0.7360845908321391,-0.38211073844305565,-0.7527971824926745,-0.6434549027255562,-0.13878829269623663,-0.3480309516768672,0.21010774211800862,0.9136351533172126,0.08220000000000001
1,1784842859.704935,4691,-36.56,20.77,-2109.92,-0.5585265489788689,0.7361645153014318,-0.3822432478105573,-0.7528830862308004,-0.6433310197879039,-0.13889657103845543,-0.34815966531656173,0.21020705361539024,0.9135632665869377,0.0826
1,1784842859.7498155,4694,-36.57,20.77,-2109.9,-0.558714431649806,0.7361671618576524,-0.3819634716418355,-0.752399436051298,-0.6436622930405794,-0.1399783595682984,-0.3489029556996084,0.20918117104603895,0.9135151696517606,0.0809
1,1784842859.8096762,4697,-36.550000000000004,20.78,-2109.92,-0.5587137185717339,0.7363061219156031,-0.38169657518682376,-0.7526053607958867,-0.6434876964893491,-0.13967374616628805,-0.3484596842979667,0.20922925057562256,0.913673338301236,0.0994
1,1784842859.8694963,4700,-36.57,20.75,-2109.9,-0.559391400253677,0.7363130133127905,-0.3806893848644438,-0.7528782262515997,-0.6434696575825539,-0.13827934121493168,-0.34677894653291075,0.20926047452117844,0.9143054282047633,0.08710000000000001
1,1784842859.9293354,4703,-36.58,20.75,-2109.95,-0.5586562511714273,0.7360944469241526,-0.38218864221024784,-0.7527317231458085,-0.6434762793524893,-0.13904398901289827,-0.3482788336908073,0.21000772156780986,0.913563687372078,0.0843
1,1784842859.9891746,4706,-36.57,20.740000000000002,-2109.94,-0.5588603258489452,0.7360673628647844,-0.38194236936649606,-0.7524550068791387,-0.643697491832845,-0.1395170298946334,-0.3485492774551776,0.2094239153807095,0.9135945626217831,0.08320000000000001
1,1784842860.0340552,4709,-36.58,20.740000000000002,-2109.96,-0.558988410593725,0.7362751749906643,-0.3813539347041903,-0.7527150095657665,-0.6434934049383374,-0.13905521268644672,-0.34778164298350944,0.20932057828443815,0.9139107310401597,0.0834
1,1784842860.0944004,4715,-36.57,20.73,-2109.98,-0.5586598177395077,0.7360057265798171,-0.38235425783555166,-0.7528084120522693,-0.643462998162817,-0.1386898148338916,-0.34810731504322157,0.21035907500517773,0.9135482235636854,0.0729
1,1784842860.1542408,4718,-36.57,20.75,-2109.94,-0.5585241607878021,0.7359751669271647,-0.38261118055123994,-0.7523946710277704,-0.6436936327607778,-0.1398598089239585,-0.3492177269631292,0.2097595309152007,0.9132622396469375,0.08940000000000001
1,1784842860.1991212,4721,-36.56,20.72,-2109.91,-0.5589875523370036,0.7361804356547028,-0.38153804855025647,-0.7524709646711288,-0.643674507469828,-0.1395370049856863,-0.3483107286019006,0.20909685457396635,0.9137604400213916,0.09240000000000001
1,1784842860.2589614,4724,-36.56,20.71,-2109.96,-0.5587824410054465,0.7361129774064271,-0.3819684124608205,-0.7525035147200337,-0.6436345853052465,-0.13954562312354798,-0.3485694248754336,0.20945692896819676,0.9135793074217591,0.08070000000000001
1,1784842860.3188014,4727,-36.57,20.71,-2109.94,-0.5592030466456259,0.7359823201845633,-0.3816044771723688,-0.752668252029534,-0.6436751715930261,-0.1384657931096858,-0.3475377030036538,0.20979108143683184,0.9138956434629223,0.07930000000000001
1,1784842860.3786407,4730,-36.550000000000004,20.740000000000002,-2109.9700000000003,-0.559335369374197,0.7359626643831966,-0.3814484253487187,-0.7527987360904795,-0.6436324017131227,-0.13795431999605554,-0.34704179504435373,0.20999116195445924,0.914038130710863,0.0771
1,1784842860.4384809,4733,-36.550000000000004,20.73,-2109.98,-0.5590572507927684,0.7360820556742578,-0.38162572980656134,-0.7526131489724358,-0.6436401979538412,-0.13892711604195376,-0.3478914174420317,0.2095483306836375,0.9138167533908945,0.0766
1,1784842860.4833605,4736,-36.550000000000004,20.72,-2109.9700000000003,-0.5587214229988242,0.7359898658315093,-0.38229476699987175,-0.752553148508503,-0.6436362522688373,-0.13927000192168087,-0.3485600811224777,0.20988399690934748,0.9134848535631278,0.0915
1,1784842860.5432005,4742,-36.56,20.73,-2109.9700000000003,-0.5586516089399122,0.7360884307573845,-0.38220701450127614,-0.7524106641549362,-0.6436705907919607,-0.13987981632621604,-0.3489793293230634,0.2094325491767206,0.913428396236161,0.0743
1,1784842860.6030407,4745,-36.550000000000004,20.73,-2109.9700000000003,-0.5595294233888433,0.7362951282352068,-0.3805211012535956,-0.752536657667196,-0.6437120661410591,-0.1390084701429885,-0.3472972836479348,0.20857674856394992,0.9142649160551097,0.08610000000000001
1,1784842860.6628802,4748,-36.56,20.71,-2110.0,-0.558786991893046,0.7361190758591122,-0.38195000176390564,-0.7528242768859844,-0.643440156195114,-0.13870967351523136,-0.34786880547444277,0.21003207267447002,0.9137143003290746,0.0757
1,1784842860.7227206,4751,-36.550000000000004,20.72,-2109.95,-0.5589875523370036,0.7361804356547028,-0.38153804855025647,-0.7524709646711288,-0.643674507469828,-0.1395370049856863,-0.3483107286019006,0.20909685457396635,0.9137604400213916,0.0763
1,1784842860.7825608,4754,-36.550000000000004,20.73,-2109.95,-0.5586568662234866,0.7359553830849601,-0.3824554613672331,-0.7525259810233048,-0.6436510116055996,-0.13934856706834498,-0.34872217266222993,0.20995963747196283,0.9134056037305529,0.0794
1,1784842860.8424327,4760,-36.550000000000004,20.740000000000002,-2109.93,-0.5596011954647415,0.7362477661741273,-0.3805071994562512,-0.7529598549086005,-0.643489961311987,-0.13773934291522047,-0.3462628465926589,0.20942754473637148,0.9144627628150004,0.0872
1,1784842860.90224,4763,-36.550000000000004,20.72,-2109.9900000000002,-0.559053740203639,0.7361705721552161,-0.3814600952353785,-0.7525364848174583,-0.6436532838826199,-0.13928133100205187,-0.34806286010274884,0.2091968901293264,0.9138319903446764,0.08360000000000001
1,1784842860.9620802,4766,-36.550000000000004,20.73,-2109.91,-0.5591164180399119,0.736249170125548,-0.3812164615643724,-0.7525252819262582,-0.6436450536521948,-0.13937985855520515,-0.34798639505018636,0.20894545795136404,0.9139186312038234,0.0879
1,1784842861.0219204,4769,-36.54,20.76,-2109.98,-0.5592569057804373,0.7362820368304757,-0.3809468146311993,-0.7524655613201509,-0.6436997125796626,-0.13944984421651496,-0.34788977042166913,0.20866107031649664,0.9140203856426468,0.07930000000000001
1,1784842861.081761,4772,-36.52,20.79,-2109.91,-0.559261065276145,0.7362884620396613,-0.38092828922706967,-0.7527859695819006,-0.6435056435457073,-0.1386137465241574,-0.34718920614965804,0.2092362000039564,0.914155275509076,0.07830000000000001
1,1784842861.1415997,4778,-36.26,21.080000000000002,-2109.46,-0.557693620080551,0.7372737265804934,-0.38132044033274953,-0.7539543146415572,-0.6420970083890142,-0.1387959770715929,-0.34717534122519406,0.21009256034422114,0.9139641122785839,0.0828
1,1784842861.2014403,4781,-36.0,21.400000000000002,-2108.8,-0.5564726777567341,0.7383221682970986,-0.3810754973903738,-0.7561727028980083,-0.640094485578876,-0.13594812585480706,-0.3442978395258537,0.21250747123944783,0.9144941620181317,0.078
1,1784842861.26128,4784,-35.78,21.67,-2108.07,-0.5564515750727844,0.7393826363180005,-0.3790448017193493,-0.7575193649488428,-0.6388783025224811,-0.13416007712242528,-0.3413591310138334,0.21248019125894171,0.9156015028362744,0.10300000000000001
1,1784842861.32112,4787,-35.6,22.04,-2107.06,-0.5536408321327639,0.7394433128445153,-0.3830214303206405,-0.7584992789582274,-0.6376240932218973,-0.13458959678519938,-0.34374506951400785,0.21600718236318378,0.9138819531823179,0.0852
1,1784842861.3663456,4790,-35.61,22.52,-2105.88,-0.5517006154860657,0.7395652585197301,-0.3855770471163202,-0.7601758493895937,-0.6360895354366713,-0.1323736413066036,-0.34316047102937997,0.22007573991379517,0.9131306367789276,0.0852
1,1784842861.426218,4793,-35.63,23.0,-2104.55,-0.5480587150314323,0.739402344318292,-0.3910445218830063,-0.7613733754901667,-0.6345696502706885,-0.13278532317257694,-0.3463267647364333,0.22495673400000687,0.9107426858642594,0.078
1,1784842861.4862971,4796,-35.51,23.53,-2103.11,-0.5455761740701913,0.7396009181479002,-0.39412830418750094,-0.763274212003542,-0.6327084974024315,-0.13073803809576331,-0.34606230013872386,0.22950041217727762,0.909708989310953,0.09090000000000001
1,1784842861.5312047,4799,-35.42,24.04,-2101.57,-0.5407143661569768,0.7390201152145925,-0.401842311783701,-0.7658631633121541,-0.630085577322121,-0.12824110235080688,-0.34796779924722865,0.2384144176824456,0.906684606755944,0.0834
1,1784842861.5913198,4805,-35.33,24.93,-2098.5,-0.5359638852890343,0.7390192521492771,-0.40815837443155084,-0.7708999426731411,-0.6255014199896664,-0.12025494575051296,-0.34417436286340497,0.25019695950117804,0.9049560704276949,0.1328
1,1784842861.651182,4808,-35.33,25.37,-2096.94,-0.5342254499526997,0.739179084082469,-0.4101432070360764,-0.7728966255604108,-0.6236168614311762,-0.11718709969983568,-0.34239447253156063,0.2543939696489118,0.9044610181683361,0.09390000000000001
1,1784842861.7113016,4811,-35.35,25.66,-2095.46,-0.5319448641614108,0.7385145686917559,-0.4142835904574639,-0.7742822879875734,-0.6222828316967488,-0.11511305696663679,-0.3428142354118721,0.2595386468437896,0.9028389063357138,0.10060000000000001
1,1784842861.7716095,4814,-35.47,25.990000000000002,-2093.85,-0.5292433552189248,0.7377881236440764,-0.41901092535442064,-0.7759324318176551,-0.6206535203105847,-0.11277441633463849,-0.34326423089240565,0.2654390557846215,0.9009504844629442,0.09330000000000001
1,1784842861.8314495,4817,-35.42,26.35,-2092.35,-0.5263939590591518,0.7371712953849073,-0.42366010093773276,-0.7777985997911695,-0.6187679497763434,-0.11025226751625816,-0.343422098923363,0.27148610570362225,0.8990865121783075,0.0889
1,1784842861.8912897,4823,-35.54,26.990000000000002,-2089.1,-0.522687553336855,0.7360043407252935,-0.43022707030155405,-0.7814193411238807,-0.6153802080500256,-0.10339735421096269,-0.34085412554970257,0.28214324371466565,0.8967796023114677,0.0859
1,1784842861.9511297,4826,-35.59,27.17,-2087.46,-0.5238752331504106,0.736921500099815,-0.4272018759114261,-0.7818840984646257,-0.6150110921698762,-0.10207160759082713,-0.33795265446473804,0.28054956638472056,0.8983762820453258,0.09230000000000001
1,1784842862.0109699,4829,-35.81,27.35,-2085.9,-0.5237902913727602,0.7360513315966242,-0.42880318086328983,-0.783452458275064,-0.6138767769546324,-0.09673442168407002,-0.33443381450803983,0.28527835524383693,0.8982039210240476,0.0824
1,1784842862.0708091,4832,-36.160000000000004,27.400000000000002,-2084.32,-0.5231759577237775,0.7344369079786018,-0.432307003712222,-0.7838369562879981,-0.6137871816068226,-0.09415371289715851,-0.334494459172309,0.28959924705355194,0.8967974871112431,0.09380000000000001
1,1784842862.131222,4835,-36.65,27.34,-2082.87,-0.5223451250381558,0.732161545115132,-0.437144189259672,-0.7828362701121269,-0.61499147185468,-0.09461957378337524,-0.33811676170489774,0.2927882535222972,0.8944004103607938,0.0926
1,1784842862.1910625,4841,-37.61,27.240000000000002,-2079.65,-0.5184531630636305,0.7264122528898731,-0.4511447179794701,-0.7828617239407365,-0.6154576081605924,-0.0913206096441582,-0.34399685884881936,0.3058384727412525,0.887766292271476,0.09620000000000001
1,1784842862.2509022,4844,-37.99,27.11,-2077.92,-0.5186805688847952,0.7243130426545183,-0.45424782190110613,-0.783045884472609,-0.6157479352335364,-0.08771330039478734,-0.34323404591015544,0.3102017029227766,0.8865468364570226,0.1012
1,1784842862.3107417,4847,-38.39,26.900000000000002,-2076.15,-0.518709516515431,0.7220868179987253,-0.4577456332383776,-0.7826276155123392,-0.6165560474826937,-0.08574762824701573,-0.3441430704137421,0.3137662626621828,0.8849385738576482,0.1057
1,1784842862.371184,4850,-38.83,26.6,-2074.51,-0.5165236078501217,0.718396429091279,-0.46595056948392355,-0.7818672137427997,-0.6175648515266092,-0.08542431874465645,-0.34912321980579464,0.32018779618813725,0.8806774395683239,0.1004
1,1784842862.4310138,4853,-39.33,26.22,-2072.77,-0.5166104469345187,0.7148570898082742,-0.4712674264883604,-0.7813054786499207,-0.6187305593749164,-0.08206243919858523,-0.3502504748743895,0.3258095088336868,0.8781644315296631,0.1052
1,1784842862.4908538,4859,-40.67,24.6,-2070.21,-0.5116581062657063,0.7103611910434243,-0.48331455652810484,-0.7788152351464187,-0.6210131317821888,-0.08825825546602355,-0.3628399258576975,0.3312546881380627,0.8709865210151849,0.1087
1,1784842862.5512435,4862,-41.63,23.73,-2069.19,-0.5113175100840679,0.7147888997890941,-0.47710715004045506,-0.786654411929079,-0.612815879502553,-0.07504354750428013,-0.34601913252585303,0.336947364684469,0.875635331264247,0.1043
1,1784842862.5971205,4865,-42.0,22.96,-2069.21,-0.5192516513740788,0.7135562557078559,-0.47033519162983917,-0.788732507051744,-0.6120185242001083,-0.05774390319152679,-0.3290573732119719,0.34098503775988015,0.880596643849345,0.09280000000000001
1,1784842862.6559632,4868,-42.19,21.71,-2068.84,-0.5239406325214135,0.7108869686661151,-0.4691758000725984,-0.7877515111933477,-0.6139197722807059,-0.05049821596257653,-0.3239348240088705,0.34313587830990205,0.8816597976605455,0.09770000000000001
1,1784842862.7158034,4871,-41.94,20.69,-2068.84,-0.5307556410430951,0.7107145108219521,-0.4617178073326244,-0.7869585845929478,-0.6155176060242178,-0.0428282944988484,-0.3146341298022156,0.3406214332383227,0.8859923270448077,0.096
1,1784842862.776253,4874,-41.72,19.580000000000002,-2068.61,-0.5359128594807102,0.7094335411594193,-0.4577132920521487,-0.7848189569585908,-0.6184541131205886,-0.039670073892745204,-0.31121794909940265,0.337962365718778,0.8882144040242359,0.09390000000000001
1,1784842862.836093,4877,-41.43,18.69,-2068.52,-0.53831663690559,0.7084813377556114,-0.45636541551992554,-0.7840735456417044,-0.6195659864269167,-0.03696841202550864,-0.30893991884426536,0.3379233382216458,0.8890241526694524,0.09240000000000001
1,1784842862.8810086,4880,-41.14,17.72,-2068.5,-0.5419081438553315,0.7070757152670062,-0.4542901017003571,-0.7829218816929104,-0.6212438145473196,-0.03300681828240895,-0.3055632353371421,0.33778699762771686,0.8902421319191488,0.0876
1,1784842862.940813,4886,-40.730000000000004,15.950000000000001,-2068.29,-0.5420511206387585,0.7031710582759759,-0.4601424186241802,-0.7785204061782284,-0.6263404342610838,-0.040045443857242936,-0.31636459943924305,0.336523584927834,0.8869415521943744,0.0882
1,1784842863.0010555,4889,-40.550000000000004,15.06,-2068.05,-0.5429564860090645,0.7008526737156094,-0.4626054301955071,-0.7761901911240415,-0.6290933602075965,-0.04207530564998173,-0.3205105949941634,0.3362247371749987,0.8855652909910655,0.096
1,1784842863.060895,4892,-40.29,14.15,-2068.02,-0.5436324559516976,0.6989795139634114,-0.464641143136721,-0.7739845385074111,-0.6316302401312944,-0.044622571677943264,-0.32467166027757244,0.33536678251007,0.8843740352370416,0.08220000000000001
1,1784842863.120735,4895,-40.12,13.14,-2067.98,-0.5431191161510291,0.6961305261815288,-0.4694932546795032,-0.7708985149464562,-0.6350114926883969,-0.04975825365708181,-0.33277185176134333,0.3349069940623544,0.8815328694969035,0.0854
1,1784842863.1805148,4898,-39.910000000000004,12.1,-2067.85,-0.5424996349354015,0.6937113668719647,-0.4737707099089038,-0.7673789575955304,-0.6386992897119551,-0.05650444903758712,-0.3417947944813574,0.332908030534072,0.8788336370846146,0.0826
1,1784842863.2403228,4904,-39.62,10.08,-2067.84,-0.5432425462212521,0.6887242503813337,-0.4801525204679454,-0.7615964519777617,-0.6449402480973073,-0.06342649855595549,-0.3533530533474073,0.33122648342313094,0.8748889280184147,0.10980000000000001
1,1784842863.3001945,4907,-39.46,9.02,-2067.81,-0.5438824879328686,0.6863424178677255,-0.4828311555351801,-0.759701447127625,-0.6471054056999894,-0.06409606186065188,-0.35643449686042655,0.3319468019869093,0.8733646260861029,0.1005
1,1784842863.3450418,4910,-39.27,7.930000000000001,-2067.75,-0.5440399887693126,0.6836314530067046,-0.48648589607493076,-0.7567567919003019,-0.6502105953954782,-0.06741913339862228,-0.36240812426413643,0.33147280144138497,0.8710833102361396,0.09230000000000001
1,1784842863.4045727,4913,-39.0,6.8100000000000005,-2067.65,-0.5454165367744299,0.6817073425643584,-0.4876432102540007,-0.7544449148401993,-0.6527577209495701,-0.0687039170097872,-0.36514883525043773,0.33042768775416503,0.8703354935199902,0.1004
1,1784842863.4644115,4916,-38.72,5.62,-2067.66,-0.5480434187649359,0.6797887338417147,-0.48737633148350507,-0.752038115558514,-0.6555315500327463,-0.0686808536556155,-0.36617903257237455,0.32888548805555906,0.8704867901644552,0.10110000000000001
1,1784842863.5242517,4919,-38.480000000000004,4.33,-2067.52,-0.5501336507749902,0.6777056516775142,-0.48792214129852396,-0.7486923049833542,-0.6590746377264503,-0.0712773060971064,-0.3698821416933957,0.32609150800059816,0.8699721430403403,0.1148
1,1784842863.5845976,4922,-38.32,2.95,-2067.53,-0.5519786900729808,0.6748707602834427,-0.4897642112483967,-0.7447973585969748,-0.6631347871365493,-0.07435824578574053,-0.37496189184007134,0.32373092376819884,0.8686782307988978,0.1121
1,1784842863.6295056,4925,-38.26,1.6600000000000001,-2067.51,-0.5518165781523543,0.6719878295774817,-0.49389353202484026,-0.7399204737798482,-0.6677051338354545,-0.08177742189126926,-0.3847286791462674,0.3203157990944608,0.8656683154031025,0.1105
1,1784842863.6893177,4931,-38.24,-0.99,-2067.5,-0.5559969666163976,0.6667180085237752,-0.4963410825465243,-0.7320782196260223,-0.6755873210070336,-0.08742569441378657,-0.39361002713670523,0.3147520751395147,0.8637142338371016,0.10890000000000001
1,1784842863.749864,4934,-38.35,-2.42,-2067.4700000000003,-0.5572408886834059,0.6637712599921062,-0.49888907222730383,-0.7274302784662471,-0.6799623425096262,-0.09217593362337212,-0.400409517806266,0.3115428175665647,0.8617501325052638,0.11610000000000001
1,1784842863.8097053,4937,-38.63,-3.91,-2067.52,-0.5587811787621119,0.6597587720669136,-0.5024758272215518,-0.7218113594342611,-0.6852513332329463,-0.09705138687382732,-0.40835273435216335,0.3084622715717883,0.8591269238965124,0.1247
1,1784842863.8695447,4940,-38.97,-5.3500000000000005,-2067.57,-0.5601583281953999,0.6564369074863435,-0.5052852994527944,-0.7161505471080191,-0.6903189632724734,-0.10289860457412679,-0.41635446584637426,0.3042208333368756,0.8567955668265314,0.12440000000000001
1,1784842863.929384,4943,-39.26,-6.8100000000000005,-2067.6,-0.5626545930827055,0.6530311473977253,-0.5069222123870146,-0.7113237149183306,-0.6948809656205298,-0.10563624478873553,-0.421234354579159,0.3011490729633592,0.8554945086764665,0.1499
1,1784842863.989225,4949,-40.02,-9.67,-2067.7400000000002,-0.5650386814330912,0.6453688746712727,-0.514033368654107,-0.7009472175896514,-0.7041202660387297,-0.11352378212020042,-0.4352060278048547,0.29616493134583616,0.8502247037126341,0.1359
1,1784842864.0490646,4952,-40.410000000000004,-11.040000000000001,-2067.83,-0.5651267423417636,0.6414889199904968,-0.5187713664222534,-0.694837896987658,-0.7090988045835371,-0.11991322799411158,-0.4447831629007048,0.2926958333622548,0.8464615095398139,0.1453
1,1784842864.1089344,4955,-40.78,-12.41,-2067.96,-0.5655360035045794,0.6378738975783355,-0.5227675578383681,-0.6893335036570436,-0.7135828767736665,-0.1249751923836214,-0.4527563908725897,0.28968322140510916,0.8432646570089282,0.1323
1,1784842864.1687438,4958,-41.160000000000004,-13.74,-2068.0,-0.5691315147346838,0.6356986104389784,-0.5215137540101475,-0.6840044029795476,-0.7180218757731057,-0.1287732993126433,-0.45631929133053006,0.28342876106214604,0.8434695262796279,0.1405
1,1784842864.2285836,4961,-41.64,-15.0,-2068.11,-0.5710437762697603,0.6327305365406561,-0.5230306623062797,-0.6786761723007045,-0.7223231921706651,-0.13284524531817174,-0.461852420947251,0.2791079973439568,0.8418973019815478,0.1668
1,1784842864.2884264,4967,-42.9,-17.44,-2068.34,-0.5732192456925147,0.6255241519081958,-0.5292818074969489,-0.6669352355638936,-0.731433616439489,-0.14213464146922336,-0.4760431576349341,0.27152237499289666,0.836455923493389,0.1852
1,1784842864.3482862,4970,-43.63,-18.77,-2068.65,-0.5741426911413979,0.6212867140124764,-0.5332569635743095,-0.6607458098306179,-0.7362074376775575,-0.14633380846382016,-0.48350299378617506,0.26833081764833594,0.8332007124936831,0.1605
1,1784842864.4081047,4973,-44.56,-20.04,-2069.01,-0.5748233139611983,0.6164718940804572,-0.5380897337206121,-0.6532119557714625,-0.7417602711134699,-0.15200605591519273,-0.4928410479697147,0.2641100225408442,0.829067908816635,0.16010000000000002
1,1784842864.4679725,4976,-45.39,-21.490000000000002,-2069.5,-0.5729513146710701,0.6107209017169882,-0.546577324102163,-0.6454863769851095,-0.7471972786343902,-0.1582515842827438,-0.5050486393837027,0.26213776341334355,0.8223196853105977,0.1835
1,1784842864.5128238,4979,-46.17,-22.740000000000002,-2070.12,-0.5727656973818781,0.6062098195402668,-0.5517690736128731,-0.639366877604053,-0.7516236003350119,-0.16208627098640505,-0.5129809467470452,0.25994541371678714,0.8180946951069379,0.19460000000000002
1,1784842864.5727952,4982,-47.04,-23.96,-2070.96,-0.5710117697177056,0.6007489914013149,-0.5595053245270835,-0.6332393922615744,-0.7560497392414866,-0.16551937614996062,-0.5224494529923884,0.25978729977268566,0.8121312258156135,0.18610000000000002
1,1784842864.6331472,4985,-47.75,-25.23,-2071.69,-0.573958845209613,0.5968610427637081,-0.5606497477362015,-0.62833140354882,-0.7600516853882017,-0.16589479453233,-0.5251389257330077,0.2570570581983172,0.8112649243683654,0.19890000000000002
1,1784842864.678027,4988,-48.58,-26.36,-2072.51,-0.576420631249015,0.5934830522573206,-0.5617091084839388,-0.6228573478702771,-0.7640600627385629,-0.16810991860074093,-0.528949884274958,0.2529626201858243,0.8100752636108762,0.2086
1,1784842864.7378688,4994,-50.04,-28.67,-2074.17,-0.5828274221184304,0.5864666463850783,-0.5624669489886714,-0.6124824742252369,-0.7719387254927946,-0.17022286230554373,-0.5340200509285368,0.24529059656334093,0.809107600040862,0.1746
1,1784842864.7977428,4997,-50.81,-29.75,-2074.9700000000003,-0.5867807802645245,0.5831134490223034,-0.5618425237390541,-0.6084728472239908,-0.7753272069585175,-0.16919963457712991,-0.5342743771727089,0.242582826513374,0.8097558040406356,0.1978
1,1784842864.857583,5000,-51.550000000000004,-30.75,-2075.86,-0.5915166434128164,0.5801313543341718,-0.5599604202834646,-0.6039335093565286,-0.7789112997710484,-0.16900148923983963,-0.5342025616205361,0.2382116680756323,0.8110997622676769,0.2059
1,1784842864.9174237,5003,-52.25,-31.66,-2076.65,-0.5960507294667665,0.5776269518234106,-0.5577370638834495,-0.6014227996530147,-0.7813857755543425,-0.16651392079603564,-0.5319907367235498,0.23618504247418803,0.8131435800347936,0.2268
1,1784842864.962303,5006,-52.85,-32.5,-2077.56,-0.6006861992505972,0.5758380579369139,-0.5546049234016186,-0.5983974283329007,-0.7838652370915616,-0.16575828137369455,-0.530185446607546,0.23230544787161822,0.8154370429988594,0.1975
1,1784842865.022144,5009,-53.34,-33.27,-2078.43,-0.6082079105470954,0.5748388322855851,-0.5473969806680352,-0.5954124850764708,-0.786439479314724,-0.16430738872688402,-0.5249448639266774,0.2259939429978842,0.8205849301353708,0.2569
1,1784842865.081983,5012,-53.83,-34.08,-2079.48,-0.6104926954165933,0.5728520370175473,-0.5469362051718916,-0.5922254604972995,-0.7886934990076893,-0.16501990353217957,-0.5258970172778548,0.22316610026582256,0.8207491814862813,0.2029
1,1784842865.1268919,5015,-54.230000000000004,-34.94,-2080.61,-0.6143702761426257,0.5710352250482779,-0.5444886918444648,-0.5871392220583757,-0.7918654493588508,-0.16797810581260506,-0.5270831980941143,0.2164899116951363,0.8217757725931769,0.1894
1,1784842865.1872094,5021,-54.99,-36.15,-2082.83,-0.6206188103615673,0.5689004069907326,-0.5396152510364877,-0.5803973479124486,-0.796025652837694,-0.171703461119801,-0.5272297514002684,0.20662886281955306,0.8242167811251537,0.19690000000000002
1,1784842865.2470486,5024,-55.31,-36.69,-2083.94,-0.6254394706290884,0.5683793864873297,-0.534574916728696,-0.5769627924452408,-0.7981180094197146,-0.17355569473140928,-0.5252993477180371,0.19988125488949418,0.8271082633070508,0.1895
1,1784842865.3069124,5027,-55.57,-37.14,-2085.14,-0.6274619246487236,0.5675025281288559,-0.533134517437651,-0.573845050436612,-0.7998262411159199,-0.1760109147518441,-0.5263016161912503,0.19549645671913313,0.8275190295121572,0.20140000000000002
1,1784842865.3667562,5030,-55.83,-37.550000000000004,-2086.2400000000002,-0.6305277790861409,0.5668050998367862,-0.5302515427603292,-0.5715972895779313,-0.8012597488482485,-0.17680314879210737,-0.5250821443811062,0.19161104789299677,0.8292007886980611,0.20400000000000001
1,1784842865.4116075,5033,-56.04,-37.97,-2087.39,-0.6345992202765773,0.5668789822931364,-0.525292346278392,-0.5675757732682652,-0.8031638502697885,-0.18106786357258353,-0.5245393895822229,0.1832376845905524,0.8314339298600957,0.1829
1,1784842865.4714656,5036,-56.32,-38.42,-2088.62,-0.6372462587307054,0.5662207570671531,-0.5227917941207753,-0.5644840626279779,-0.8047748815334153,-0.18356234115932013,-0.5246665119604377,0.17813322070623852,0.8324623756711714,0.2061
1,1784842865.5312872,5039,-56.620000000000005,-38.86,-2089.98,-0.6415347760810757,0.5652738333273392,-0.5185543601533205,-0.5621727555210783,-0.8063941642433892,-0.1835490256690128,-0.5219146712140234,0.17376405045239202,0.8351114480965618,0.2101
1,1784842865.5761688,5042,-56.86,-39.39,-2091.35,-0.6444473096299661,0.564626835816312,-0.5156396041682196,-0.5579839880822861,-0.8083323766509547,-0.18775685846755716,-0.5228207476320024,0.16671924044296305,0.8359803590465721,0.22410000000000002
1,1784842865.6360078,5048,-57.160000000000004,-40.02,-2094.04,-0.6478442202883992,0.563303594903574,-0.5128225094588054,-0.5524457548296591,-0.8109313264667958,-0.19285764627178067,-0.5245012432869958,0.15836490685601204,0.836551852587084,0.2149
1,1784842865.6958475,5051,-57.08,-40.050000000000004,-2095.45,-0.6501954209183534,0.5642585765974856,-0.5087810662288692,-0.5526894429875451,-0.8107642292526825,-0.1928619821904277,-0.5213255165699475,0.15579994640718983,0.8390149477051017,0.2164
1,1784842865.7556875,5054,-56.92,-39.99,-2096.86,-0.6528161505988848,0.5653491763410852,-0.5041937944161062,-0.5517267384422428,-0.8109263318983246,-0.19492585852526892,-0.5190651978365907,0.1509264491213683,0.8413040635528131,0.1832
1,1784842865.8155513,5057,-56.5,-39.84,-2098.15,-0.6581801270432989,0.5689050062574681,-0.4930983818878919,-0.5498715255454693,-0.810630805406002,-0.2012933250783918,-0.5142375188174871,0.13865349321963358,0.8463657501685827,0.1796
1,1784842865.8604078,5060,-55.89,-39.51,-2099.61,-0.6616345193087665,0.5728394454266984,-0.4838333727868407,-0.5494942500388283,-0.8094623212003548,-0.206946417536519,-0.5101919560648941,0.12894076283381592,0.8503401952433571,0.18860000000000002
1,1784842865.920248,5063,-55.24,-38.97,-2101.07,-0.6624177982530504,0.5757911493399589,-0.47923607220173925,-0.5485389435398669,-0.8084932402256775,-0.21317529859144563,-0.5102035750342682,0.1216685368168554,0.8514041808513143,0.19840000000000002
1,1784842865.9800878,5066,-54.46,-38.29,-2102.66,-0.6621980715045575,0.5795322701133917,-0.47501164406029384,-0.5490463523371365,-0.8066585370379139,-0.2187466745098929,-0.5099429547321245,0.11594978448048433,0.8523578065566123,0.18860000000000002
1,1784842866.024996,5069,-53.53,-37.51,-2104.2,-0.6623483176935313,0.5833017018854121,-0.4701636211215521,-0.5498836909834716,-0.8047235875509622,-0.2237138217220891,-0.5088444088706711,0.11035883388605731,0.853755407212374,0.1568
1,1784842866.0848413,5075,-51.13,-35.300000000000004,-2106.88,-0.6677133112300846,0.5951427690303044,-0.44717336512486733,-0.560536923270615,-0.7972417639332989,-0.22406232947739071,-0.4898543575966931,0.10104778231838571,0.8659284347058175,0.1454
1,1784842866.1446757,5078,-49.86,-34.02,-2108.13,-0.6663967446788214,0.6010557219991141,-0.44118861922492203,-0.565797649876559,-0.7930308802955088,-0.22577653175627688,-0.48558047538552485,0.09916673812248747,0.8685491120106643,0.1605
1,1784842866.205119,5081,-48.65,-32.7,-2109.41,-0.665949699566121,0.606806364734764,-0.43393206077123797,-0.5708148283190543,-0.788991179502394,-0.22729573343666074,-0.4802930661782256,0.09632732937646225,0.8718025098589226,0.2031
1,1784842866.2652595,5084,-47.410000000000004,-31.39,-2110.68,-0.6637185834458375,0.6124524798919202,-0.42939445951582583,-0.5744688181928335,-0.7850344708154864,-0.2317465351533408,-0.47902319245813174,0.09285924566615066,0.8728768192485886,0.152
1,1784842866.310108,5087,-46.25,-30.1,-2111.85,-0.6624958714224412,0.6178765457784481,-0.42347112596387654,-0.5776381635606893,-0.7813307273198303,-0.2363396846576956,-0.4768997508349679,0.08803901818374595,0.8745374542755658,0.14120000000000002
1,1784842866.369948,5090,-45.12,-28.830000000000002,-2113.21,-0.6611881538830241,0.6232592368375602,-0.41758609754327364,-0.581016640420644,-0.7775355936479449,-0.24053703283454272,-0.4746049817680662,0.08358423480058867,0.8762213116409195,0.1322
1,1784842866.4297879,5093,-44.02,-27.52,-2114.39,-0.6584448456563303,0.6284994413215614,-0.414051732863294,-0.5837190741580116,-0.7737284714773955,-0.24620376700888802,-0.4751025443972334,0.07957829279230802,0.8763246359788913,0.17350000000000002
1,1784842866.4752963,5096,-42.980000000000004,-26.34,-2115.57,-0.6562054587634292,0.6331849500135031,-0.4104524515281583,-0.5848473992950942,-0.7704881749781773,-0.2535773881018625,-0.47681014610308187,0.07365318251912428,0.8759151176215435,0.16040000000000001
1,1784842866.5351684,5102,-40.89,-23.85,-2117.7200000000003,-0.6532634261352468,0.6426353171699243,-0.4003332926449532,-0.5907297066903898,-0.7633486592898674,-0.26141392081113024,-0.4735877001227173,0.06571661499402416,0.878291532924121,0.1453
1,1784842866.5954814,5105,-39.87,-22.61,-2118.61,-0.6514306872894133,0.6478815622031581,-0.3948259629442295,-0.5932371183432774,-0.7593651983100148,-0.2672718036294815,-0.47297756931741153,0.06011636177271016,0.8790211840278968,0.1245
1,1784842866.6553223,5108,-38.84,-21.55,-2119.31,-0.6498446954151226,0.652266694415238,-0.39019230027954804,-0.5952324986018197,-0.7559741591829838,-0.27239923504998215,-0.47265224473079703,0.05523793989821883,0.8795161314875013,0.1467
1,1784842866.71519,5111,-37.67,-20.31,-2119.85,-0.6499700930769848,0.6582275240297951,-0.3798360234563083,-0.5982940703087208,-0.7513902343920714,-0.27831083538671536,-0.4685969307826494,0.04635992094291663,0.8821948051259697,0.1633
1,1784842866.7600415,5114,-36.34,-18.96,-2120.2,-0.653452694349019,0.6652998973722869,-0.36107564692794253,-0.6062036009251556,-0.7456062279041725,-0.2767463588484693,-0.4533395752340428,0.03804470353328614,0.8905255920296069,0.1197
1,1784842866.8198836,5117,-35.2,-17.55,-2120.32,-0.6513872032444163,0.6709595844111022,-0.3542710086025929,-0.6131434110132242,-0.7405188504940354,-0.27511268526562116,-0.44693385302579813,0.03801405200545477,0.8937589512109183,0.1411
1,1784842866.8797214,5120,-34.1,-16.21,-2120.23,-0.6490066438453788,0.6760198940285407,-0.3489806285772869,-0.6192503982056365,-0.735884016513344,-0.273867958261548,-0.44194945476458974,0.038364268764424815,0.8962192043888887,0.1202
1,1784842866.9246018,5123,-33.06,-14.67,-2119.83,-0.6471659998985967,0.6813589995855349,-0.34194456021268804,-0.6271364317106278,-0.7308490510166419,-0.2693688189997778,-0.43344672636497167,0.04011955024514979,0.9002857085901211,0.1297
1,1784842866.9844794,5129,-31.34,-11.75,-2118.7400000000002,-0.6423287726503932,0.6911716799478907,-0.3312030444658535,-0.6385438143564284,-0.7216011155135921,-0.26749509759373663,-0.42388152232974563,0.039667857612305873,0.9048485597600667,0.1525
1,1784842867.044281,5132,-30.48,-10.370000000000001,-2118.19,-0.6391995482553274,0.6961612204707517,-0.3267774359145056,-0.6421755797150255,-0.7169589545301,-0.2712570410823965,-0.4231246415984966,0.0364611112252426,0.9053375751841763,0.1295
1,1784842867.1041217,5135,-29.84,-9.0,-2117.5,-0.6363503397596016,0.700365590600737,-0.3233361789072185,-0.6464978107910668,-0.7128708866706744,-0.27176401450472565,-0.42083111307292603,0.03609900884854996,0.9064204520143809,0.1364
1,1784842867.1639621,5138,-29.36,-7.66,-2116.86,-0.6329888163379348,0.703907383635569,-0.3222414524148441,-0.6514026739096299,-0.7092072048093454,-0.2696288135008933,-0.4183296724050119,0.039236920239019965,0.9074473809955443,0.1457
1,1784842867.2088418,5141,-29.12,-6.33,-2116.34,-0.630356841120632,0.7071972760209415,-0.3201909830725696,-0.6546202201746779,-0.7059322531112424,-0.2704293278395317,-0.41728002611061377,0.039136514993609046,0.9079348616521343,0.12560000000000002
1,1784842867.2687104,5144,-29.05,-4.94,-2115.85,-0.6266174214097356,0.7100948426244502,-0.3211166792055052,-0.657291125827682,-0.7029250072445234,-0.27178081260174525,-0.41871109740964846,0.04076455161588497,0.9072040940370384,0.1323
1,1784842867.328521,5147,-29.03,-3.39,-2115.33,-0.6236618891804181,0.7132886946001008,-0.31978912761317596,-0.6612353100709276,-0.6995782208205457,-0.2708471481647243,-0.4169097176839563,0.04253881885106931,0.9079519459704019,0.1253
1,1784842867.3883827,5153,-29.0,0.1,-2114.32,-0.6179035373016363,0.7206448888147046,-0.31442990127430226,-0.6713695076536242,-0.6917287413021087,-0.2660344576357177,-0.4092165719799914,0.04671501559287372,0.9112406403004105,0.10740000000000001
1,1784842867.448239,5156,-28.900000000000002,1.85,-2113.78,-0.6171847068056132,0.7216338699813907,-0.3135723128417921,-0.6730870769562465,-0.6906241556498275,-0.2645601301546756,-0.40747616435782524,0.04777900510312318,0.9119650991960111,0.11410000000000001
1,1784842867.493081,5159,-28.66,3.75,-2113.09,-0.6150377354116574,0.7232071016528798,-0.3141656762578326,-0.6752603997327992,-0.6888227018406332,-0.26371704150788267,-0.40712648719089795,0.04994770813371893,0.9120050711919251,0.1086
1,1784842867.5529213,5162,-28.44,5.73,-2112.62,-0.6118620825051491,0.7260599913874407,-0.3137860431869646,-0.6787171813715902,-0.6856620712645919,-0.2630789078207401,-0.40616225785203874,0.05200397038322249,0.912320013679912,0.10020000000000001
1,1784842867.6132672,5165,-28.27,7.7700000000000005,-2112.17,-0.6075514139784896,0.7299255690562368,-0.3131931401079317,-0.6838243750951252,-0.6812739364611482,-0.26124710050925454,-0.40406126193746816,0.05544805800620817,0.9130498395294974,0.10160000000000001
1,1784842867.6581466,5168,-28.28,9.75,-2111.87,-0.6053990020014963,0.7338506115432265,-0.30814822458230157,-0.6886845040663737,-0.6770668946950268,-0.25941101358054597,-0.3990058924808565,0.05516973849553673,0.9152871668060735,0.10360000000000001
1,1784842867.7181444,5171,-28.51,11.66,-2111.71,-0.6024354775680674,0.7376916504041775,-0.304766343764031,-0.6943821622757529,-0.67267382726291,-0.25562342386549575,-0.39357960831397854,0.05762769333774889,0.9174825016750922,0.1039
1,1784842867.777984,5174,-28.830000000000002,13.48,-2111.79,-0.6011719335262886,0.7409972096916059,-0.2991913126571662,-0.6975482132844605,-0.6692657802251571,-0.25594883387753253,-0.3898958790291591,0.054831110228283596,0.9192250828100881,0.10300000000000001
1,1784842867.8380883,5180,-29.85,16.92,-2112.09,-0.5950148518654144,0.7453929255772251,-0.30057729880848366,-0.6984530244821893,-0.6645958035798585,-0.26547276782322604,-0.3976439345083253,0.05197888382283374,0.9160663169144858,0.1033
1,1784842867.8979068,5183,-30.35,18.64,-2112.12,-0.5927167693093688,0.7475222355628109,-0.29982884904332,-0.70026592145346,-0.6622059059261404,-0.26666641597223306,-0.3978875100206099,0.0519022686952807,0.9159648922714679,0.0979
1,1784842867.9584856,5186,-30.740000000000002,20.43,-2112.27,-0.5902803294321036,0.7504126191932802,-0.29740550371674046,-0.7017187190148075,-0.6591449189212223,-0.2704049098011218,-0.39894858324067867,0.049080309858600235,0.9156588617571716,0.0995
1,1784842868.018294,5189,-31.16,22.17,-2112.23,-0.5859039902383874,0.7526457646725728,-0.30040117700031355,-0.7007890081396749,-0.6567247720893926,-0.27858093939597833,-0.406953658655806,0.04729615887757857,0.9122235433609904,0.11080000000000001
1,1784842868.0781617,5192,-31.490000000000002,24.22,-2112.08,-0.5838464382367373,0.7556523547749932,-0.29683809607475214,-0.7046117820012957,-0.6532570271401821,-0.2770875189483102,-0.40329340835579536,0.047379058823277594,0.913843340820398,0.07690000000000001
1,1784842868.1380684,5198,-32.14,28.3,-2111.8,-0.5782026276036866,0.7629288381281463,-0.2891734935719896,-0.7145126907319045,-0.6445951134980752,-0.27197197362496295,-0.39389508275078333,0.049363221195953315,0.917828925332991,0.096
1,1784842868.1978872,5201,-32.46,30.26,-2111.78,-0.5747204964856939,0.7669045925962727,-0.2855760787845903,-0.7190757944603343,-0.6398482419908534,-0.271153515637274,-0.39067422840581234,0.049513362600000776,0.9191964285089255,0.1135
1,1784842868.2584515,5204,-32.84,32.18,-2111.7400000000002,-0.5701800564998578,0.7706433637753408,-0.284611154101252,-0.7224741788004274,-0.6352966781664947,-0.2728171396325119,-0.39105723895162353,0.05006931774694862,0.9190034272427322,0.0907
1,1784842868.3188293,5207,-33.19,34.04,-2111.86,-0.5647576140472973,0.7744074032619667,-0.28520520883858674,-0.724683294424291,-0.6307136540689009,-0.2775507329361807,-0.3948201617926323,0.049934560617998947,0.9174004466414474,0.13440000000000002
1,1784842868.3787208,5210,-33.67,35.84,-2111.9,-0.5599008940521799,0.7773013542690826,-0.2869034567428902,-0.7250378361463382,-0.6272354492077916,-0.2844219179552363,-0.40103756057981005,0.048767775308597064,0.9147625807255373,0.134
1,1784842868.4235158,5213,-34.08,37.77,-2112.0,-0.5553811542897654,0.7812369899570596,-0.2849921735462242,-0.7283961201560335,-0.6223524672007147,-0.2865597646405033,-0.4012366703099371,0.048437300626858394,0.9146928240161166,0.128
1,1784842868.4833567,5219,-34.93,41.7,-2112.4,-0.5474395440922968,0.7891786155222502,-0.2784008950531641,-0.7394308123308027,-0.6119403089576192,-0.280661953332943,-0.3918571414939733,0.052212748206143834,0.9185433084971737,0.11230000000000001
1,1784842868.5432165,5222,-35.52,43.63,-2112.71,-0.5442810689764199,0.7925414871674276,-0.27502019757161017,-0.7445241500140685,-0.6074223837605622,-0.276987071453642,-0.3865771695272682,0.05400035949026799,0.9206747814376189,0.1335
1,1784842868.6030362,5225,-36.03,45.76,-2113.07,-0.5393427969263824,0.7968689776203246,-0.2722300128750789,-0.7507875559971926,-0.6014480013425124,-0.2730903649725847,-0.3813494370828275,0.05709758477760437,0.9226659594073983,0.1085
1,1784842868.6628988,5228,-36.59,47.800000000000004,-2113.4900000000002,-0.5348163557648878,0.8003813891434886,-0.27085253832870787,-0.7568886733879012,-0.5962834820483166,-0.26751737351700683,-0.3756208217118265,0.06193255161120141,0.9247017667050594,0.11520000000000001
1,1784842868.7077847,5231,-37.050000000000004,49.89,-2114.0,-0.5294228057793616,0.8039696129277224,-0.2708216280313602,-0.7628411917780605,-0.5908241181387943,-0.2626788486957872,-0.3711937618647928,0.06752572039130132,0.9260969000262874,0.11180000000000001
1,1784842868.7675955,5234,-37.42,51.870000000000005,-2114.69,-0.5245780333408843,0.8073885607673293,-0.27007702397329286,-0.7682862053429225,-0.5856192246396705,-0.25843070717738614,-0.36681629409826244,0.0719293797727435,0.9275084747373069,0.1056
1,1784842868.8274355,5237,-37.730000000000004,53.82,-2115.42,-0.519986132646874,0.8108188559993805,-0.2686767660420289,-0.7727980225618555,-0.5805599794030196,-0.25638511392054597,-0.3638648625237582,0.07431616964982131,0.9284823470315122,0.0969
1,1784842868.8723483,5240,-38.02,55.550000000000004,-2116.2200000000003,-0.5154350085140288,0.8140505125368286,-0.26767240245619256,-0.7764828195830961,-0.5758116579039559,-0.2559596950970655,-0.3624930108159717,0.07591243416216147,0.9288897240518637,0.12100000000000001
1,1784842868.9321558,5246,-38.37,59.13,-2118.03,-0.5049344470752872,0.8217280096206565,-0.26420500063709645,-0.7852793312907574,-0.5643866481385282,-0.25456646136225025,-0.35829816634238426,0.07893535081211295,0.9302642820122967,0.14650000000000002
1,1784842868.991995,5249,-38.4,60.800000000000004,-2119.17,-0.49979630464663455,0.8256589813728071,-0.2617076619818136,-0.7893205144684913,-0.5585841078577599,-0.254866474625336,-0.35661853471288485,0.07918990419977291,0.9308878448943598,0.13190000000000002
1,1784842869.0518687,5252,-38.4,62.51,-2120.33,-0.4938676502288448,0.8297461882663297,-0.260030781091269,-0.7949707141769053,-0.5520156546041632,-0.2515954702950707,-0.35230144430373833,0.08246199202925698,0.9322465941005451,0.08660000000000001
1,1784842869.1117055,5255,-38.43,64.02,-2121.61,-0.48835915731423674,0.833321165890384,-0.25900032422068525,-0.7994632857576315,-0.546219808823803,-0.25000475030306935,-0.34980535758181375,0.08496914103119779,0.9329611229196424,0.1355
1,1784842869.1566503,5258,-38.44,65.44,-2123.09,-0.4842209168146669,0.8366445264675031,-0.2560391377331416,-0.8027183523604591,-0.5412262837848655,-0.25043433575317475,-0.34809962726620813,0.08426177112066567,0.9336630031358935,0.1409
1,1784842869.2170296,5261,-38.47,66.8,-2124.65,-0.48015569310206013,0.8398095415453157,-0.25331885897249584,-0.8044902526470538,-0.5367099260088976,-0.2544364139021841,-0.349636874167414,0.08162346018744071,0.9333229167707549,0.11370000000000001
1,1784842869.2768373,5264,-38.410000000000004,67.96000000000001,-2126.15,-0.4765254770290393,0.8423294786343489,-0.2518025400305416,-0.8051564156167627,-0.533148021019142,-0.2597620720477482,-0.35305327662183444,0.07895718527758244,0.9322655988288038,0.12660000000000002
1,1784842869.336709,5270,-38.09,69.99,-2129.23,-0.4722680726603811,0.8473870057952291,-0.24268936926665174,-0.806568287728737,-0.526498821555998,-0.26878725440481444,-0.3555424936290768,0.06880591042593323,0.9321240700220524,0.1005
1,1784842869.396517,5273,-37.97,70.82000000000001,-2130.71,-0.4713688010070123,0.8496843924620655,-0.23632157464688225,-0.807887144903138,-0.5234769356582537,-0.2707217370919826,-0.3537369284333596,0.06331138160089997,0.9331997934109917,0.1168
1,1784842869.4570107,5276,-37.64,71.37,-2132.26,-0.47037954390660114,0.8512806010698827,-0.232517575499826,-0.8072613975794474,-0.5215244779255812,-0.2762992126346496,-0.35647176697782856,0.05773696533893471,0.9325204138147085,0.1206
1,1784842869.5168748,5279,-37.15,71.78,-2133.92,-0.4692605884470552,0.8526506340140441,-0.2297420215062376,-0.8074248459844108,-0.5196407314262353,-0.2793539481193307,-0.3575746330731169,0.05440961825133582,0.932298222257433,0.11320000000000001
1,1784842869.5767434,5282,-36.53,72.02,-2135.45,-0.4685478694687239,0.8537630773951027,-0.22704955779116484,-0.8069146476246896,-0.5182163611197889,-0.283444094164066,-0.3596548977353749,0.05040248748433386,0.9317231046777517,0.12380000000000001
1,1784842869.6216235,5285,-35.81,72.03,-2137.15,-0.4686936273941609,0.8547218510233751,-0.22310724108212843,-0.8066478438198026,-0.5170632046453844,-0.2862951247623833,-0.360063244029388,0.04578427442933847,0.9318037671709706,0.12760000000000002
1,1784842869.6814349,5291,-34.300000000000004,71.77,-2140.58,-0.4720684916857398,0.8562065979727336,-0.20990855329287725,-0.8075526329393506,-0.5154981592956468,-0.28656655910193485,-0.3535676515043103,0.03423316156533023,0.9347823310583961,0.1552
1,1784842869.741652,5294,-33.6,71.32000000000001,-2142.42,-0.47496044047027147,0.8563264492100245,-0.20277473307006655,-0.8078933626505429,-0.515658532521229,-0.2853149004578113,-0.3488852169030436,0.02830707016636859,0.9367378583174231,0.1254
1,1784842869.8014638,5297,-32.9,70.81,-2144.33,-0.4781201516334598,0.8563300742612219,-0.19519201960573954,-0.8080026172296879,-0.515971929009435,-0.2844375837055589,-0.3442860600604846,0.02172032205222938,0.9386135181521602,0.1489
1,1784842869.8618488,5300,-32.32,70.01,-2146.42,-0.48164544646315227,0.855812729745886,-0.1886855466277307,-0.8065801200966445,-0.5170900451409265,-0.2864374191355536,-0.34270420739493834,0.014228732236199273,0.9393355999922273,0.16190000000000002
1,1784842869.9067395,5303,-31.810000000000002,69.26,-2148.56,-0.4849716626073477,0.8552097801925285,-0.1828078727268383,-0.8065083140423218,-0.5181968093302273,-0.2846338106771286,-0.33815207503204286,0.009396736828233597,0.9410445661542839,0.1429
1,1784842869.9670799,5306,-31.39,68.36,-2150.59,-0.49047842356422205,0.8543013525120007,-0.17204683988414934,-0.8068833009125059,-0.5197767280760733,-0.2806625939790879,-0.3291963771466725,0.0011627754289794832,0.9442607654810231,0.1748
1,1784842870.026954,5309,-31.16,67.25,-2152.73,-0.49552151878050027,0.8521633283855217,-0.16815494693994534,-0.8033353377253954,-0.5232434310325291,-0.2843741321620723,-0.3303191783519257,-0.005828690780639848,0.943851294842939,0.1736
1,1784842870.0718005,5312,-30.98,66.02,-2154.71,-0.5023260641665301,0.8492984741856795,-0.16235956086673753,-0.7985979545245558,-0.5276779042376994,-0.28947769587397376,-0.3315265182276653,-0.015752178426687264,0.9433143890488765,0.16
1,1784842870.1316686,5318,-31.03,63.1,-2158.45,-0.5167004645143107,0.8408990849299643,-0.16096384356321924,-0.7836716260571528,-0.5402281075894345,-0.3066143739019367,-0.34478893903899216,-0.032284992400298036,0.9381248673721846,0.1126
1,1784842870.1915057,5321,-31.16,61.67,-2160.2,-0.523958653773271,0.8367021825004464,-0.15936369390514024,-0.7769417398851142,-0.5461768895764011,-0.3131330996827697,-0.34903991456621836,-0.0402524917444571,0.9362429572220928,0.1394
1,1784842870.2513206,5324,-31.29,60.39,-2161.93,-0.5299904987504386,0.833032369911982,-0.15864155165998509,-0.7710358088376152,-0.5512553620877466,-0.31878097066737116,-0.3530068734803694,-0.046632568536738035,0.9344578914147393,0.1095
1,1784842870.31116,5327,-31.54,59.02,-2163.48,-0.5366655921664505,0.8289608515442386,-0.15752443871248756,-0.7645276031357938,-0.5566984820543347,-0.32493744647522244,-0.3570540382464137,-0.05395096556551016,0.9325243734543767,0.1275
1,1784842870.356073,5330,-31.77,57.74,-2165.15,-0.5427097509684558,0.8252693490687453,-0.1561941986483683,-0.7589059338538124,-0.5614931076270927,-0.32982915827552695,-0.35989986074633207,-0.06046479616205876,0.931029590646748,0.1231
1,1784842870.415909,5333,-32.05,56.49,-2166.73,-0.5493198467855263,0.8214506424078751,-0.1531879499674024,-0.7534601444720371,-0.5661875728940616,-0.3342595443551445,-0.36131083103015754,-0.0681943867779536,0.9299483904993201,0.1102
1,1784842870.4757345,5336,-32.4,55.1,-2168.16,-0.556243910963503,0.8169767512888523,-0.15212396053725316,-0.7470686669005092,-0.5717793608492062,-0.33905275318506034,-0.3639795577385121,-0.07494898505240985,0.9283865203610461,0.11660000000000001
1,1784842870.5362024,5342,-33.21,52.15,-2170.94,-0.5711570399376124,0.8056752736259923,-0.15705727998850402,-0.7261288541755991,-0.5851440964440949,-0.3610308484468542,-0.3827747677986838,-0.09216148796708125,0.9192332333376318,0.1361
1,1784842870.5960438,5345,-33.51,50.69,-2172.14,-0.5774728746771175,0.8005195323728559,-0.1602920999353685,-0.7158862445742854,-0.5908980616753657,-0.3719494126055613,-0.3924690609990457,-0.10003978707414181,0.914308524055577,0.1323
1,1784842870.6558836,5348,-33.75,49.39,-2173.2200000000003,-0.5837675644052989,0.7961776671399302,-0.15911176290872958,-0.7098440896491792,-0.595607470678933,-0.37599615591329105,-0.39412789692996003,-0.10654981566883372,0.9128583338297922,0.1555
1,1784842870.7157233,5351,-33.97,47.97,-2174.12,-0.5903792871863903,0.7917776873997772,-0.15665372959859641,-0.7044327369065337,-0.6002069946892058,-0.378848363729503,-0.3939883455581646,-0.1133122114425989,0.9121039010454499,0.1174
1,1784842870.7755916,5354,-34.160000000000004,46.51,-2174.98,-0.5957544025917099,0.787309913071043,-0.15880740717189917,-0.6969358255532594,-0.6050262539269328,-0.38499829495666504,-0.39919562479189513,-0.11868585778941473,0.9091515386929722,0.1091
1,1784842870.820477,5357,-34.26,45.06,-2175.61,-0.6002608048535875,0.78429237731077,-0.15675596654910623,-0.6956164067987644,-0.6086682839437284,-0.38162905381190876,-0.3947211430223866,-0.1200349408014928,0.9109263593934926,0.1073
1,1784842870.880283,5363,-34.94,41.83,-2176.06,-0.6129246491546024,0.7748180260800613,-0.15485606517054773,-0.6841643282307822,-0.6184677623909097,-0.38654469193057583,-0.39527527931206374,-0.13097577388425205,0.9091769905910461,0.12000000000000001
1,1784842870.9401221,5366,-35.34,40.07,-2175.76,-0.6174252230210955,0.7701770119639205,-0.16004207015556118,-0.6790919964781768,-0.6245540083203703,-0.38570241250249226,-0.3970140479839906,-0.12945910911668534,0.9086364425720991,0.12350000000000001
1,1784842870.9999623,5369,-35.63,38.14,-2175.25,-0.6222670623496802,0.7649368188850445,-0.1662990265417323,-0.6707911280159479,-0.6305603066346985,-0.39042664134488475,-0.403513278207535,-0.13139772757085097,0.9054897412447172,0.1458
1,1784842871.0596247,5372,-35.65,36.29,-2174.53,-0.6279196220820756,0.7605295289108617,-0.16526277215067486,-0.6654683334357964,-0.6347691979373402,-0.3927084956353369,-0.4035701245118213,-0.13661222860567182,0.9046923530111795,0.1245
1,1784842871.104536,5375,-35.64,34.5,-2173.57,-0.6327105687157107,0.7569213758640965,-0.16354622281008152,-0.6636191862789513,-0.6388232782179026,-0.3892485000734035,-0.39910764442428825,-0.13774922855295815,0.90649778719816,0.1291
1,1784842871.1643746,5378,-35.51,32.81,-2172.7200000000003,-0.6350374206136585,0.7538699906852292,-0.16854528045781503,-0.6601989038116145,-0.6429414631721488,-0.3882829925968927,-0.4010796452405602,-0.1353008206860124,0.9059960298452736,0.14
1,1784842871.2241857,5381,-35.35,31.080000000000002,-2171.58,-0.6387382012829811,0.7506894689362354,-0.16875672268094796,-0.657624590152883,-0.6464943279881549,-0.38674924990928733,-0.3994288530489932,-0.13605294964599823,0.9066124785400812,0.1273
1,1784842871.2840254,5387,-35.0,27.86,-2169.12,-0.6451812949625035,0.744862036097996,-0.17006364635175547,-0.6538967521316644,-0.6534542065760249,-0.3813353346593498,-0.395171018904686,-0.13482635902539805,0.9086592973880732,0.1409
1,1784842871.3438659,5390,-34.79,26.38,-2167.85,-0.6475594091024389,0.7431092315845261,-0.16868752655948022,-0.6562387104551085,-0.656354251788558,-0.37222285133948785,-0.3873210123180983,-0.1303371247685685,0.912685415312388,0.12510000000000002
1,1784842871.3887444,5393,-34.65,24.95,-2166.55,-0.6501685563116629,0.741163043100739,-0.16720703312139798,-0.658002402319839,-0.6592951675717043,-0.3638168777804556,-0.3798864131881117,-0.12651966470968273,0.9163400501543195,0.1268
1,1784842871.4490895,5396,-34.5,23.69,-2165.17,-0.6510632276934852,0.7398803141055073,-0.16939242705763724,-0.6596883602509936,-0.6619636153232368,-0.3558306329386846,-0.37540370389048666,-0.119922027948687,0.9190705992022475,0.1358
1,1784842871.508958,5399,-34.37,22.62,-2163.84,-0.65125442038398,0.739103604088822,-0.17202773716247077,-0.6623539861794271,-0.6642670546532841,-0.3464628076640759,-0.37034426811083465,-0.1116921775468848,0.9221550740262104,0.1389
1,1784842871.553842,5402,-34.31,21.62,-2162.4900000000002,-0.6518517125085095,0.7378244779322499,-0.17522666653145696,-0.6631429535583541,-0.6666811777089948,-0.3402611209563184,-0.36787330433945076,-0.105599465209586,0.923860370890441,0.1504
1,1784842871.6136773,5405,-34.24,20.75,-2161.13,-0.6529328373755334,0.7366513087499323,-0.17613505952463698,-0.6648839095310728,-0.6688349768861169,-0.3325494858519914,-0.36277830244298187,-0.10002311238288669,0.9264919213170879,0.1291
1,1784842871.6735137,5408,-34.26,19.94,-2159.85,-0.6525344939012468,0.7356290167060809,-0.18179297029612565,-0.6649210783395841,-0.6709279275800565,-0.3282311313279939,-0.3634263252005391,-0.09330415731989034,0.9269388547137601,0.1342
1,1784842871.7333589,5414,-34.28,18.71,-2156.9900000000002,-0.6521049494428229,0.7347058036301913,-0.18699336090965415,-0.6684865913008482,-0.6735797814414332,-0.31530295793773355,-0.3576098602711428,-0.08060806501477426,0.9303856876002703,0.1363
1,1784842871.7931917,5417,-34.300000000000004,18.14,-2155.56,-0.6522299765625653,0.7337940013944292,-0.19011160193619955,-0.6693172741562209,-0.6752275368115817,-0.3099712245474575,-0.3558236138724939,-0.0749275453282483,0.9315446413145222,0.1273
1,1784842871.838049,5420,-34.300000000000004,17.6,-2154.13,-0.652553745576386,0.7333098072644509,-0.19086732487254932,-0.6707980699822743,-0.6762057255315033,-0.3045911457453569,-0.3524252522766853,-0.0707286598783497,0.9331633823878474,0.1296
1,1784842871.898533,5423,-34.27,17.1,-2152.53,-0.6510506879827856,0.7332307305875393,-0.19622868648392106,-0.67330615029679,-0.6772363417433359,-0.29666439859649496,-0.35041665150169166,-0.06102157933196277,0.9346039467101426,0.10400000000000001
1,1784842871.9583402,5426,-34.29,16.55,-2151.07,-0.6521311812667855,0.7325869439515871,-0.19504176981165042,-0.6757209722474546,-0.6783343502187315,-0.2885544610264856,-0.3436947629576878,-0.05638154720301007,0.937387343124737,0.1312
1,1784842872.0032206,5429,-34.35,16.03,-2149.39,-0.6525216612973651,0.7320601004092696,-0.1957127766051487,-0.6782400565598569,-0.6794052973174336,-0.27999797794750514,-0.3379436450288846,-0.0499645010560463,0.9398391572065997,0.11
1,1784842872.0630608,5432,-34.550000000000004,15.620000000000001,-2147.77,-0.6515417068068566,0.7317593195302651,-0.20005424907212502,-0.6800642320374604,-0.6802621332446058,-0.2734155635233624,-0.336163716951291,-0.04209190366450454,0.9408624910428679,0.12810000000000002
1,1784842872.1229012,5435,-34.78,15.280000000000001,-2145.94,-0.6519648027763716,0.7315243101739931,-0.19953465755409722,-0.6834588748132322,-0.6809064367704071,-0.2631546898758572,-0.32836848566785115,-0.035193862946423585,0.9438938126882231,0.099
1,1784842872.1827397,5441,-35.45,14.64,-2142.35,-0.6513521050956382,0.7298251644543229,-0.20759495301355776,-0.6853683117697603,-0.6832890470567262,-0.25176646995614743,-0.32559286295824935,-0.021709617719609595,0.9452608000383382,0.092
1,1784842872.2426093,5444,-35.74,14.39,-2140.45,-0.6499538207219753,0.728993029672218,-0.21477707889397196,-0.6858085354669708,-0.6843859626397715,-0.24755303840244455,-0.3274548573613701,-0.013602089212853732,0.94476891331134,0.1075
1,1784842872.287494,5447,-36.07,14.200000000000001,-2138.53,-0.6496745927513772,0.7281470999263866,-0.21845989197590684,-0.686423211006227,-0.6853746380891241,-0.24307361201105848,-0.32672021505446025,-0.0079628093657152,0.9450875592990168,0.1221
1,1784842872.347268,5450,-36.34,14.05,-2136.71,-0.6491739749699885,0.7273224519331722,-0.22265489245822384,-0.6866317746355964,-0.6862900051128401,-0.23988087656791146,-0.32727657460080534,-0.002842498220988097,0.9449243165044634,0.0925
1,1784842872.4071417,5453,-36.68,13.86,-2134.78,-0.6471689313993396,0.7261800644861202,-0.2320234647064195,-0.6860177830210298,-0.6874862822911004,-0.2382062405573635,-0.33249357228425913,0.005012544712593093,0.9430922005748729,0.1105
1,1784842872.4523106,5456,-37.07,13.64,-2132.94,-0.6474775997545463,0.7245730862635962,-0.23614952991386315,-0.6850320077796325,-0.6891417562816492,-0.23625153558537854,-0.33392200606353706,0.008802409413963418,0.942559606314111,0.11030000000000001
1,1784842872.512151,5459,-37.46,13.47,-2131.02,-0.6452591525143868,0.7231021273399655,-0.24650342702046088,-0.6836265000246526,-0.6905533488170073,-0.236200933320892,-0.3410211643878703,0.016105461000334137,0.939917645097435,0.09860000000000001
1,1784842872.5721643,5462,-37.96,13.35,-2129.2400000000002,-0.6439694568720503,0.7217396850343819,-0.25376202565078104,-0.6832757250790438,-0.6917837695234034,-0.23360115526618777,-0.34414767489207804,0.022957422992613948,0.9386348249430736,0.1116
1,1784842872.6320043,5468,-38.99,13.32,-2125.78,-0.641559814010216,0.7195364830888289,-0.26583501377985647,-0.6826333563866863,-0.6936259283985116,-0.22998863493996832,-0.34987527176898947,0.03391638184509493,0.9361821261096119,0.096
1,1784842872.6918452,5471,-39.45,13.280000000000001,-2123.9700000000003,-0.6395265001232318,0.7178960930214837,-0.2750110093516611,-0.6817791592310521,-0.6949240275981083,-0.2285995929677557,-0.3552225129103306,0.04130127711479432,0.9338689259368025,0.09000000000000001
1,1784842872.7367492,5474,-39.96,13.34,-2122.1,-0.6375460807741901,0.7169515409089238,-0.28198489831512247,-0.6813748283561891,-0.6955478741221479,-0.2279067749908603,-0.3595321100709141,0.04683634051119587,0.9319565542639182,0.09330000000000001
1,1784842872.79781,5477,-40.25,13.46,-2120.34,-0.636000167655758,0.7166028735040807,-0.2863286720318843,-0.6834887211048966,-0.6953529462234156,-0.22209783497550933,-0.3582554324280939,0.054448157582331146,0.9320345719294155,0.1019
1,1784842872.8582168,5480,-40.57,13.72,-2118.63,-0.6349842347036511,0.7169685864347191,-0.28766485316009577,-0.6870190090391152,-0.6943729135207193,-0.21412878878763522,-0.35327029721833497,0.06166281727709532,0.9334869008554542,0.084
1,1784842872.903097,5483,-40.88,13.96,-2117.04,-0.6334853108870115,0.7169701386482847,-0.29094704187711895,-0.6895972145710643,-0.6936910600352848,-0.20796248431616815,-0.3509302531076738,0.06889509063628901,0.9338637073684798,0.0742
1,1784842872.9635375,5486,-41.35,14.120000000000001,-2115.59,-0.6327553413813469,0.7163362449739917,-0.29408002667630545,-0.6906455803528498,-0.6938189918590226,-0.2040193345612242,-0.35018475165610863,0.0740107470053559,0.9337521346884614,0.0869
1,1784842873.0234094,5489,-41.85,14.36,-2114.16,-0.6317836342445834,0.7158126383905158,-0.29742512708430463,-0.6916409433130003,-0.6938145081094793,-0.20063457795181744,-0.34997463484345437,0.07895375264805014,0.9334259798768091,0.08800000000000001
1,1784842873.0682743,5492,-42.38,14.55,-2112.95,-0.6312728519662998,0.715003937693441,-0.3004396036697024,-0.6920072439197333,-0.6941903952164438,-0.1980547135310144,-0.3501721872635642,0.08287981824371582,0.9330114549108921,0.09000000000000001
1,1784842873.128097,5498,-43.43,14.61,-2110.88,-0.6291294600780578,0.7123551756460469,-0.31104055393498314,-0.6899525553571432,-0.6960705259140029,-0.1986234988865919,-0.35799663939489706,0.08964333039380665,0.9294097479034029,0.0936
1,1784842873.1879704,5501,-43.79,14.56,-2110.2,-0.6285326032762754,0.7112581808315455,-0.3147357094753453,-0.6889283180937062,-0.6969304450063911,-0.19916256513655098,-0.36100490183282197,0.09165017743242185,0.9280494091530257,0.1018
1,1784842873.247777,5504,-44.050000000000004,14.57,-2109.53,-0.628439188645153,0.7107371638588116,-0.3160962987523811,-0.6895189113253906,-0.697089722835271,-0.19654411525683788,-0.3600386883373367,0.09443835146474065,0.9281452152938958,0.0988
1,1784842873.308287,5507,-44.24,14.55,-2109.12,-0.6274497661958542,0.7101403228901167,-0.3193861498347863,-0.6888728651842065,-0.6974683620004904,-0.1974640717225662,-0.3629889344231719,0.09611766650243603,0.9268227595783655,0.0887
1,1784842873.3531373,5510,-44.39,14.530000000000001,-2108.93,-0.626747726079738,0.7096425240478652,-0.3218614234680082,-0.6887830501722889,-0.6976832069067788,-0.19701789917576246,-0.36436958935843666,0.09821217268367319,0.9260611056984936,0.0767
1,1784842873.4129767,5513,-44.45,14.56,-2108.81,-0.6268286247235889,0.709566625360449,-0.3218712155532365,-0.6881404790239053,-0.6979151036567429,-0.19843686456036258,-0.3654429591001639,0.09710670554797773,0.9257546820738926,0.0738
1,1784842873.4728174,5516,-44.480000000000004,14.56,-2108.84,-0.6261208078863308,0.7096391916135849,-0.32308660086389585,-0.688538190819701,-0.6976477780625482,-0.19799681196201863,-0.36590694679727215,0.09848753977233661,0.925425475548999,0.08460000000000001
1,1784842873.5176973,5519,-44.49,14.61,-2108.92,-0.6271886463959926,0.7095528622366417,-0.32119952914621736,-0.6887362065917229,-0.6978234149489425,-0.19668482218676558,-0.3636988308499303,0.0978632578692593,0.9263616697584202,0.0869
1,1784842873.5775366,5525,-44.58,14.67,-2108.89,-0.6248234187761175,0.7092035026513799,-0.32653650205748597,-0.6891910722933543,-0.6975172198604048,-0.19617694530537452,-0.36689420984809884,0.10247009234516039,0.9246018164348984,0.0897
1,1784842873.6374068,5528,-44.58,14.68,-2108.9,-0.6245245313752009,0.7091402119493759,-0.32724496865036695,-0.688349383120061,-0.6977386261200138,-0.1983328928301778,-0.3689772844889192,0.1013951153485691,0.9238911159409604,0.0818
1,1784842873.6972165,5531,-44.59,14.700000000000001,-2108.89,-0.6244506244229314,0.7092825154188402,-0.32707756110582387,-0.6889100753990425,-0.6974854114495824,-0.19727394361317083,-0.3680547862363658,0.10213919001112932,0.9241770718819926,0.0789
1,1784842873.7570846,5534,-44.58,14.69,-2108.88,-0.6241446102673552,0.7091150355513257,-0.32802343182957805,-0.6881933019529333,-0.6977334948618062,-0.19889180298606854,-0.3699101034323481,0.10160628180861886,0.92349481800154,0.0876
1,1784842873.8019364,5537,-44.6,14.72,-2108.91,-0.6251487489883548,0.7093803101243641,-0.32552821267311977,-0.6891032032652351,-0.6974896319249861,-0.19658328669228053,-0.3665048661176097,0.10142873835855525,0.9248710148702384,0.08650000000000001
1,1784842873.8617768,5540,-44.51,14.790000000000001,-2108.73,-0.6252586384791965,0.7099618752538978,-0.3240459391708382,-0.6900941512477099,-0.6968820635739962,-0.1952573990468774,-0.36444711196666707,0.10153583187632692,0.9256720679724209,0.0884
1,1784842873.9216168,5543,-44.47,14.84,-2108.69,-0.6266787322304137,0.7104413433172566,-0.32022939321001365,-0.6913609836080364,-0.6964782692274745,-0.1921926399174284,-0.35957441081730224,0.10095106834240933,0.9276395446971394,0.0918
1,1784842873.9814575,5549,-44.46,14.89,-2108.61,-0.6261723753251661,0.7106423266700163,-0.3207735025289104,-0.6916087243664741,-0.6962026027943882,-0.19230004743238532,-0.3599799004942045,0.10143677541870685,0.9274292705283984,0.09380000000000001
1,1784842874.0413299,5552,-44.47,14.9,-2108.63,-0.6265352727644282,0.7104960395057057,-0.32038871676248215,-0.6919641175602321,-0.696250778209459,-0.190841593610544,-0.3586630898086571,0.10212850576322575,0.9278634362445145,0.084
1,1784842874.0861773,5555,-44.46,14.9,-2108.61,-0.6270381230486524,0.7107342769278139,-0.31887298387213736,-0.6919698526518581,-0.6961919481375318,-0.1910353223082938,-0.3577721555188282,0.10086406172847431,0.9283455853221071,0.095
1,1784842874.146017,5558,-44.47,14.9,-2108.6,-0.6276040677465421,0.7106165910830653,-0.3180207455897764,-0.6919039664503344,-0.6963765337726269,-0.19060069365329183,-0.3569061996635648,0.10041804463494049,0.9287271832747261,0.0872
1,1784842874.2058566,5561,-44.46,14.9,-2108.62,-0.6264870414718148,0.710713159244293,-0.32000123772399514,-0.6916451690130316,-0.6962029656130952,-0.19216761135130514,-0.359361860871222,0.10093679184780728,0.9277234593361562,0.0809
1,1784842874.2507675,5564,-44.47,14.9,-2108.64,-0.6272292921869977,0.7107611320916322,-0.3184368510873374,-0.6919438112705619,-0.6962154471900044,-0.19104400838129149,-0.35748731035795756,0.1005120102368043,0.9284934887931041,0.0848
1,1784842874.3111098,5567,-44.47,14.9,-2108.59,-0.6271664139331674,0.7107055614030992,-0.31868463129701796,-0.6919538178659851,-0.6962353359615376,-0.19093525315983878,-0.35757824762546414,0.10076686930350781,0.9284308455000146,0.0969
1,1784842874.3714547,5570,-44.49,14.91,-2108.57,-0.6272300720128544,0.7105248558508244,-0.31896217014077866,-0.6918373126717307,-0.6963871315932002,-0.1908038148113214,-0.35769200376568056,0.10099204012970715,0.9283625575563311,0.09230000000000001
1,1784842874.4163063,5573,-44.47,14.92,-2108.63,-0.6266116699355982,0.7105540313877439,-0.3201105802361832,-0.6915598354498873,-0.6963434708551666,-0.19196552969193362,-0.35930879350921213,0.10108777906356863,0.9277275741460688,0.0826
1,1784842874.4761748,5579,-44.47,14.91,-2108.59,-0.6269733321174803,0.7106445833086905,-0.319200120657122,-0.6920208656644399,-0.6962202500182564,-0.19074717546940448,-0.3577870348385237,0.10129975162128504,0.9282924097626366,0.09570000000000001
1,1784842874.535986,5582,-44.480000000000004,14.9,-2108.61,-0.6273577423045248,0.7106699747890031,-0.31838726435579534,-0.6917763100646549,-0.6963388543609346,-0.19120077599380197,-0.35758607355977956,0.10030147975328711,0.9284782243840729,0.0843
1,1784842874.5963655,5585,-44.47,14.92,-2108.59,-0.6267764960961715,0.71057751601193,-0.3197355433474998,-0.6923212123567549,-0.6961413409162504,-0.18994360317788514,-0.3575507836130118,0.10230751294817036,0.9282729178060087,0.08270000000000001
1,1784842874.6568222,5588,-44.39,14.91,-2108.56,-0.6282378397324052,0.7109236662052035,-0.3160771386192187,-0.6917712070545257,-0.6963351522544617,-0.19123271902339262,-0.3560474881510682,0.09851343341954738,0.9292606144764812,0.0859
1,1784842874.701702,5591,-44.22,14.91,-2108.43,-0.6311102420434369,0.7118111497453297,-0.30826084650196217,-0.6913354317370588,-0.6963806736168789,-0.19263768644228554,-0.3517885490075093,0.09153602848678666,0.9315932440051599,0.0884
1,1784842874.7615438,5594,-44.04,14.86,-2108.45,-0.6340753821471209,0.7128365406590254,-0.2996872971219433,-0.6907676888161789,-0.6963422514747243,-0.19480110086615648,-0.3475462700742696,0.08349571912610422,0.9339379289037776,0.0922
1,1784842874.8213818,5597,-44.050000000000004,14.88,-2108.44,-0.6348807055687503,0.713063460055334,-0.2974340122286631,-0.6904642936829868,-0.6963906769667392,-0.1957015180898216,-0.3466778747560619,0.08112044728501926,0.9344698626423961,0.10490000000000001
1,1784842874.865937,5600,-44.02,14.870000000000001,-2108.46,-0.6351076088744443,0.7128827864655339,-0.2973826792382531,-0.690749491539266,-0.6964770375151065,-0.19438332272195133,-0.3456927321886175,0.0819626071774,0.9347612882103388,0.0935
1,1784842874.9258084,5606,-44.01,14.88,-2108.42,-0.6354174559727109,0.7130632297506792,-0.2962861573254783,-0.6906262288360685,-0.696435557990242,-0.19496903756876593,-0.3453694669319198,0.08073626164463199,0.9349874797914735,0.0931
1,1784842874.985809,5609,-44.03,14.86,-2108.45,-0.6355289257424123,0.7130392502407034,-0.2961047317434675,-0.6907675156724837,-0.6964353921242085,-0.194468465023162,-0.34488146345717136,0.08094919525835627,0.9351491880714352,0.0857
1,1784842875.045667,5612,-44.03,14.88,-2108.45,-0.6350053721108881,0.7129069663940822,-0.2975429963166654,-0.690377198432244,-0.6965331733011055,-0.19550156617259634,-0.34662299588336365,0.081272355434544,0.9344770211016226,0.0951
1,1784842875.106012,5615,-44.03,14.86,-2108.45,-0.6354358211518581,0.7128687082368977,-0.29671454634668776,-0.6902466359583077,-0.6966550207896834,-0.1955284213529206,-0.34609377160720955,0.08056045447477699,0.9347347829355203,0.0879
1,1784842875.1508741,5618,-44.03,14.89,-2108.41,-0.6354105758633558,0.712970179346985,-0.29652474339071044,-0.6907457685413869,-0.6964675717614555,-0.19443046244575604,-0.34514298967698465,0.08128003965691744,0.9350239953232231,0.0886
1,1784842875.2112467,5621,-44.03,14.870000000000001,-2108.39,-0.6354105758633558,0.712970179346985,-0.29652474339071044,-0.6907457685413869,-0.6964675717614555,-0.19443046244575604,-0.34514298967698465,0.08128003965691744,0.9350239953232231,0.08510000000000001
1,1784842875.2710876,5624,-44.03,14.89,-2108.4,-0.6350100012705822,0.71296922055604,-0.29738390814912624,-0.6902971466754764,-0.6965116564830889,-0.19586056692167358,-0.34677391421217246,0.08090984441275495,0.9344524864855743,0.08020000000000001
1,1784842875.3159375,5627,-44.03,14.870000000000001,-2108.43,-0.6350146595177973,0.713031416084444,-0.29722480023394493,-0.6902170417203208,-0.6964900044632341,-0.19621954286373508,-0.3469248009530954,0.08054733614103421,0.9344277977052258,0.0893
1,1784842875.3757772,5633,-44.03,14.870000000000001,-2108.42,-0.6348373450775427,0.7129431612744724,-0.2978146975668906,-0.6901640863279795,-0.6965333283461248,-0.1962520227822753,-0.347354400055566,0.08095289553209957,0.9342331344300558,0.098
1,1784842875.4356177,5636,-44.02,14.86,-2108.4,-0.634987999983956,0.7129771265563709,-0.2974119313070611,-0.690686016862788,-0.6964118021051263,-0.19484205911175062,-0.346039110486939,0.0816958927738169,0.9346564690394524,0.0855
1,1784842875.4954572,5639,-44.03,14.870000000000001,-2108.42,-0.6350053721108881,0.7129069663940822,-0.2975429963166654,-0.690377198432244,-0.6965331733011055,-0.19550156617259634,-0.34662299588336365,0.081272355434544,0.9344770211016226,0.08560000000000001
1,1784842875.555308,5642,-44.03,14.870000000000001,-2108.41,-0.6354910008184307,0.7129808504915959,-0.2963266689163666,-0.6903884570730154,-0.6965565639446913,-0.19537843168043462,-0.34570936669279095,0.08041927665582191,0.9348891772413583,0.0881
1,1784842875.600177,5645,-44.04,14.870000000000001,-2108.39,-0.6347135889865164,0.7128113427661441,-0.2983934476153628,-0.690222391911769,-0.6965873300031861,-0.1958548987966063,-0.34746468836336725,0.08164607340808992,0.9341317942547449,0.0883
1,1784842875.6600468,5648,-44.03,14.870000000000001,-2108.4,-0.6352460366200696,0.7129129777942185,-0.2970144088273717,-0.6904228006990364,-0.6965555970366715,-0.19526048374360042,-0.3460907817804337,0.08102707158392282,0.934695557086446,0.0853
1,1784842875.7198572,5651,-44.03,14.86,-2108.46,-0.6350562540359305,0.7129570728862171,-0.2973142553450292,-0.6905989271494252,-0.6964560296884269,-0.19499261660559347,-0.34608767101691856,0.08149362510129485,0.9346561469534852,0.0912
1,1784842875.764757,5654,-44.04,14.870000000000001,-2108.43,-0.6351144512621418,0.7129761688574532,-0.2971441004619422,-0.6906297885211445,-0.6964452255237006,-0.19492188961858764,-0.3459192521459705,0.0814188582982478,0.9347250079612625,0.08710000000000001
1,1784842875.8246057,5660,-44.06,14.85,-2108.48,-0.6350061549290865,0.7127431482999798,-0.29793352908595255,-0.6904191574010385,-0.696630848600185,-0.19500473807635121,-0.34653797814354653,0.08186980719422378,0.9344564004672254,0.0881
1,1784842875.8844497,5663,-44.050000000000004,14.86,-2108.46,-0.6343618930841111,0.7127357892622908,-0.29932036901521125,-0.6899227206068969,-0.6966530727933018,-0.19667520371929992,-0.34869991137526896,0.08174466876995652,0.9336627768817655,0.0883
1,1784842875.9442577,5666,-44.06,14.84,-2108.4900000000002,-0.6346251506841418,0.7127348229450142,-0.29876410473928955,-0.6895782808361036,-0.6967743234412431,-0.19745211265550353,-0.3489021535018865,0.08071316097475581,0.9336769639051875,0.0882
1,1784842876.0046968,5669,-44.06,14.83,-2108.51,-0.6351446075458086,0.7127735740387174,-0.29756538719675346,-0.6900919246573239,-0.6967090358626874,-0.1958817369486878,-0.34693581975378546,0.08093424182234378,0.9343902747098833,0.1226
1,1784842876.0495586,5672,-44.07,14.83,-2108.48,-0.6350201211781287,0.7126700563845046,-0.2980785742582337,-0.6890257093219108,-0.6970039912312327,-0.19856738931951842,-0.34927498850096944,0.07928951343423808,0.9336595500861165,0.1114
1,1784842876.1093976,5675,-44.07,14.83,-2108.45,-0.634898110701096,0.7125698234574334,-0.29857768792396533,-0.6890439088947253,-0.697048045843259,-0.19834947290368915,-0.3494608427896552,0.07980143159076805,0.9335463838893104,0.0959
1,1784842876.169238,5678,-44.06,14.82,-2108.52,-0.6345831880910466,0.712645939119674,-0.2990651147299552,-0.6892363529107234,-0.6969055857028104,-0.19818136754636537,-0.34965329573525844,0.08036398492148535,0.9334260563692292,0.0879
1,1784842876.2290995,5684,-44.07,14.82,-2108.51,-0.6343197642412772,0.7126468618451877,-0.2996212392256204,-0.6895811810713114,-0.6967849153754061,-0.19740460080145916,-0.3494513290934601,0.08139552817872818,0.933412307925774,0.0863
1,1784842876.2889185,5687,-44.09,14.8,-2108.55,-0.6345126608318198,0.7124703018210482,-0.2996326955910329,-0.6894069989320967,-0.6969713723146476,-0.19735474657904,-0.34944480689740437,0.08134479206969235,0.9334191725776659,0.0942
1,1784842876.333798,5690,-44.1,14.780000000000001,-2108.55,-0.6342817570869133,0.7123314251557028,-0.30045065046090946,-0.6891301967814809,-0.6970918689580803,-0.1978951695126701,-0.3504086535898559,0.08152832003774149,0.9330417506849135,0.0847
1,1784842876.393638,5693,-44.14,14.72,-2108.55,-0.6348393415671543,0.7122622229772089,-0.2994353621704474,-0.6889844209610546,-0.6972565444766474,-0.19782259440580938,-0.34968482676768015,0.08072073404057922,0.9333834608693297,0.0886
1,1784842876.4535012,5696,-44.14,14.700000000000001,-2108.55,-0.6354232488586233,0.7122578000918899,-0.29820483064198255,-0.6893787535060596,-0.6972573490845231,-0.19644114477892605,-0.34784224732539826,0.0807528040125232,0.934068924448154,0.0882
1,1784842876.4981472,5699,-44.2,14.64,-2108.45,-0.6353183009570569,0.7120871891986382,-0.2988352245773933,-0.6890869297755585,-0.6974214137999757,-0.1968821342472131,-0.3486113303975258,0.08084062439408686,0.9337745626038659,0.0881
1,1784842876.5579817,5702,-44.230000000000004,14.55,-2108.5,-0.635705849393414,0.7116401571593983,-0.29907584283112,-0.68862668939867,-0.6978816235190318,-0.19686168292044104,-0.34881421372247107,0.08080548417395514,0.9337018357230468,0.09530000000000001
1,1784842876.6184292,5705,-44.29,14.44,-2108.39,-0.6357082389633942,0.7113822836530193,-0.299683635553687,-0.6885578819690429,-0.6980673791987347,-0.1964433182292421,-0.3489456663900061,0.08146889346999214,0.9335950628106436,0.0849
1,1784842876.6787758,5711,-44.29,14.35,-2108.23,-0.6355568557626202,0.7110908510474516,-0.3006946701385689,-0.6879639090396926,-0.6983737651915183,-0.1974328846748881,-0.3503899869459135,0.08138725728781487,0.9330610759211906,0.08220000000000001
1,1784842876.7386158,5714,-44.300000000000004,14.32,-2108.07,-0.6361093459530945,0.7111228439359136,-0.2994481604946414,-0.6878553641156755,-0.6984617950625837,-0.19749966808894828,-0.3495996253550878,0.08034563877679664,0.9334477383769972,0.0867
1,1784842876.7984557,5717,-44.32,14.23,-2107.9700000000003,-0.6370728344943708,0.7109899847925908,-0.29771033753287723,-0.688009179552493,-0.6986600067638492,-0.19625892030744463,-0.34753643319918825,0.07979621841522204,0.9342649469640915,0.0792
1,1784842876.8582954,5720,-44.31,14.16,-2107.81,-0.6382087632281489,0.7109431964048972,-0.29538000274965187,-0.6882126608686872,-0.6988159034055657,-0.19498632405249477,-0.34504044394655814,0.07884227693979229,0.9352705423609315,0.11030000000000001
1,1784842876.9181356,5723,-44.35,14.06,-2107.58,-0.6392622734486542,0.7109467213093439,-0.2930844676961784,-0.6886894066928491,-0.698863476108178,-0.19312364658696174,-0.3421266532357711,0.07838750679469508,0.9363785302559015,0.082
1,1784842876.9780014,5729,-44.51,13.74,-2106.9900000000002,-0.6411301525520616,0.7099619936299162,-0.2913865046456426,-0.6894858310866114,-0.6996031837117243,-0.18752246284438637,-0.336988747912115,0.08068056111266388,0.9380454311168361,0.07680000000000001
1,1784842877.0378444,5732,-44.63,13.55,-2106.68,-0.6416371797665644,0.7096857878725358,-0.29094297041335726,-0.6899847615873992,-0.6997377456890255,-0.18517050530584184,-0.33499665418984337,0.08193393527580006,0.9386501328673168,0.07680000000000001
1,1784842877.0827248,5735,-44.76,13.34,-2106.1,-0.6426177344700981,0.7089493827500789,-0.2905739493533459,-0.6905297990645788,-0.7002199393281581,-0.1812750208139647,-0.3319804873006111,0.08415942766887716,0.9395244258592194,0.0908
1,1784842877.1425352,5738,-44.87,13.15,-2105.53,-0.64414393226364,0.708516527850449,-0.2882410870966853,-0.6924833009723593,-0.7002190798008263,-0.17366668695322252,-0.3248776268110189,0.08773579683132667,0.9416777355082855,0.0906
1,1784842877.2024052,5741,-45.02,12.85,-2104.85,-0.6461299157643735,0.7077695332911944,-0.2856193615620067,-0.6934395811728535,-0.7007254970830912,-0.16770606727388232,-0.31883801407162965,0.0896998633355679,0.9435551151365984,0.0801
1,1784842877.2472804,5744,-45.03,12.36,-2104.08,-0.6463451450137596,0.7065150953965564,-0.2882262539983772,-0.6934043949683318,-0.7014978456751436,-0.16459379560522372,-0.31847809745058425,0.09347295057891006,0.943310399049183,0.0709
1,1784842877.3070953,5747,-45.03,11.9,-2103.14,-0.6472265184714401,0.7054382226878739,-0.2888853540045121,-0.6946064736846506,-0.7018837968728302,-0.15773706730744805,-0.3140377055430023,0.09857002413692133,0.9442797624851086,0.0721
1,1784842877.3675616,5750,-45.09,11.32,-2102.16,-0.6479757325861851,0.7035446104528076,-0.2918088947962413,-0.6938639421988841,-0.7032691271276791,-0.15480750803916385,-0.3141341746700288,0.10216416168050048,0.9438655647773683,0.0579
1,1784842877.4274013,5756,-45.21,10.120000000000001,-2099.8,-0.6487622321328966,0.7002579896667126,-0.29790319579668095,-0.6954452360616702,-0.704506541196867,-0.14151486512008207,-0.30897166503915746,0.11536585854905851,0.9440483191469434,0.07690000000000001
1,1784842877.4872303,5759,-45.28,9.56,-2098.57,-0.6507237016441777,0.6986943042510881,-0.2972960365117357,-0.6965158808962933,-0.7051625012804991,-0.1327082305175188,-0.3023645015172249,0.12071501975693957,0.9455176318965828,0.0821
1,1784842877.532116,5762,-45.410000000000004,8.97,-2097.21,-0.6523741575253827,0.6972043897684428,-0.29717671086520264,-0.6979216650034422,-0.7055153115010233,-0.12309953190990201,-0.2954882537629372,0.12709911142579744,0.9468540055166386,0.059500000000000004
1,1784842877.591928,5765,-45.57,8.31,-2095.77,-0.6538007995513214,0.6950193936257354,-0.29915306615538495,-0.6989707979819068,-0.7061634389969268,-0.11301779060205615,-0.2898005142759231,0.13520813551021538,0.9474884812055827,0.0756
1,1784842877.6518004,5768,-45.81,7.67,-2094.2400000000002,-0.6540554282557659,0.692975640232543,-0.3033088505359901,-0.6998578997313262,-0.7065189254585404,-0.10502346477128968,-0.28707214590207714,0.14358192787815052,0.9470870144997079,0.0683
1,1784842877.6966815,5771,-46.01,6.8500000000000005,-2092.9,-0.6552157649463648,0.6904496287733032,-0.3065478942882462,-0.700307531336015,-0.7073182519730897,-0.0962821477730369,-0.28330489392138347,0.15159221798146608,0.9469731445651737,0.0747
1,1784842877.756488,5774,-46.27,5.93,-2091.53,-0.6557551881218878,0.6877149545316913,-0.3115016445617919,-0.699874256778083,-0.7084725430659709,-0.09078920872527675,-0.28312745884239676,0.15847648732575353,0.9458985384354587,0.0766
1,1784842877.8172796,5777,-46.6,4.82,-2090.14,-0.6556151043686066,0.683856725008445,-0.32016997764385247,-0.6973322758665781,-0.7109887035817527,-0.09067943765748158,-0.28964898059285427,0.1638140501906427,0.9430102995204549,0.076
1,1784842877.8771188,5783,-46.94,2.63,-2087.35,-0.6569468763330052,0.6773189561078371,-0.3311492614717677,-0.6951250757193614,-0.7142180006960317,-0.08181550334695305,-0.2919279547807288,0.17644171609557985,0.9400246752286812,0.0767
1,1784842877.9369595,5786,-47.17,1.42,-2086.15,-0.6583297119231094,0.6735494964347821,-0.33605515358596627,-0.6925462026100757,-0.7169033026961195,-0.08018361324959067,-0.294926681820414,0.17994646547194967,0.9384228907664989,0.1032
1,1784842877.9818387,5789,-47.52,0.18,-2084.95,-0.6577105681449157,0.669928177655913,-0.3444024467583232,-0.6903673167879141,-0.7190011820537852,-0.08018895258273098,-0.3013466051933356,0.18502307150160235,0.9353911943943907,0.0709
1,1784842878.0416787,5792,-47.97,-1.1400000000000001,-2083.8,-0.6547758149453395,0.6685162376575972,-0.35263957825348746,-0.6891556960530915,-0.7196503539111292,-0.08466282958397717,-0.3103756735961203,0.1875884007707237,0.9319214200435768,0.077
1,1784842878.101519,5795,-48.300000000000004,-2.5100000000000002,-2082.95,-0.6525731919435966,0.668579009622429,-0.3565814592050994,-0.6896146087810611,-0.7190374042616705,-0.08612144116527036,-0.3139743946762062,0.1897032397323013,0.9302863861858772,0.07970000000000001
1,1784842878.1463995,5798,-48.75,-4.01,-2082.2,-0.6496556473512353,0.6677303933681159,-0.3634331597929791,-0.6889320902287692,-0.7192263780591888,-0.08992214497486252,-0.3214344644210803,0.1919623371297674,0.9272703738425007,0.0671
1,1784842878.206226,5801,-49.17,-5.62,-2081.56,-0.6488089173052363,0.6664626411961269,-0.3672526878255481,-0.6873333666974984,-0.7203656904527961,-0.09298448818350483,-0.3265269236211449,0.19209586124731812,0.9254616946379586,0.0779
1,1784842878.266066,5804,-49.56,-7.23,-2080.98,-0.6488112429295801,0.6619863566279311,-0.3752572913171052,-0.6831250430875412,-0.7239611955741658,-0.09602272027738767,-0.3352374480197854,0.19404703280726016,0.9219336215280792,0.1038
1,1784842878.3258526,5810,-50.34,-10.43,-2080.03,-0.6515435198097892,0.6527589390337145,-0.3865188343476295,-0.6741831117822359,-0.7318337339144065,-0.09948124291804263,-0.3478047923498064,0.1957681113370533,0.9169005796715537,0.09870000000000001
1,1784842878.385977,5813,-50.69,-11.99,-2079.56,-0.6536710825131189,0.6480940259935284,-0.3907534380624527,-0.6695269192543079,-0.7359436668408572,-0.10060131028306248,-0.3527716262399273,0.19585977817901534,0.9149814899831057,0.1154
1,1784842878.430857,5816,-51.03,-13.47,-2079.31,-0.6563361683933355,0.6446898563378165,-0.39191558171866625,-0.6670335424307842,-0.7385729363493283,-0.09785842306398612,-0.352546574697577,0.1971928163687928,0.9147818897647403,0.1136
1,1784842878.491202,5819,-51.410000000000004,-15.02,-2078.95,-0.6549652059668082,0.6416060707006817,-0.39920199024164216,-0.6638471756764147,-0.740925632470421,-0.10166678166812307,-0.3610090114101081,0.19842090915107313,0.9112088874085666,0.12710000000000002
1,1784842878.5510411,5822,-51.79,-16.46,-2078.67,-0.6541991559370253,0.639476198974639,-0.4038485549265115,-0.6610300781764913,-0.7429002538962345,-0.10553884833032942,-0.3675087755649727,0.19791261633826765,0.9087177208445295,0.1087
1,1784842878.5964258,5825,-52.09,-17.8,-2078.6,-0.65369363961792,0.6370744570302167,-0.4084369739907631,-0.6578239228199505,-0.7451725536592496,-0.10947854510690441,-0.3741020075979927,0.19711418384430687,0.906197377196902,0.13720000000000002
1,1784842878.656266,5828,-52.35,-19.02,-2078.51,-0.6544673352363592,0.6345741811591615,-0.4110816411794601,-0.655545756694924,-0.7471479264207255,-0.10968015738723902,-0.37673899186027754,0.19770074519684958,0.9049763241989881,0.11900000000000001
1,1784842878.7167315,5831,-52.52,-20.12,-2078.54,-0.6555754444139744,0.632171265273433,-0.4130137141112951,-0.6518204306114532,-0.7498831171195066,-0.11316111035436102,-0.3812492136633457,0.19502513176952097,0.9036671041148734,0.09860000000000001
1,1784842878.7616122,5834,-52.72,-21.29,-2078.7,-0.6578910893277632,0.6296896718065139,-0.4131225384838426,-0.64941858784574,-0.752109413764957,-0.11219147688919066,-0.3813591644940163,0.19447968260550422,0.9037382589611265,0.12610000000000002
1,1784842878.8214514,5840,-53.03,-23.45,-2079.52,-0.6590818005360902,0.6248782992965437,-0.41849527030823697,-0.6420508534157122,-0.7572790628261185,-0.11957893892049455,-0.3916399900805088,0.189882943081928,0.900312493580026,0.1158
1,1784842878.8812916,5843,-53.18,-24.53,-2079.95,-0.6601006416955799,0.6224276090830975,-0.4205365790085119,-0.638730719601826,-0.7597200772191117,-0.12185430688785794,-0.39533556717049523,0.18817352555895187,0.899055345131042,0.1456
1,1784842878.9411328,5846,-53.44,-25.66,-2080.4900000000002,-0.6609941838117435,0.6194609791278488,-0.423502992085078,-0.634740571128258,-0.7625882086247583,-0.12475428421603321,-0.40023879913224275,0.1863526747982134,0.8972633862276623,0.11960000000000001
1,1784842879.0009716,5849,-53.69,-26.71,-2081.04,-0.6640393212186019,0.6172992825128448,-0.42189261155496105,-0.6314548988087522,-0.7651602065168405,-0.1256764462162043,-0.4003954178633503,0.18295205429902373,0.8978931201327918,0.134
1,1784842879.0458515,5852,-53.95,-27.73,-2081.7200000000003,-0.6666513581648168,0.6148080231858195,-0.4214107987265513,-0.6277081696553782,-0.767955022448091,-0.1273873511956613,-0.401943304963399,0.17960005045404842,0.8978782776479245,0.14400000000000002
1,1784842879.1056914,5855,-54.4,-28.76,-2082.67,-0.6681158762043916,0.6119667173070008,-0.42322324235813324,-0.622788334468174,-0.7711835910473959,-0.13194907862353733,-0.4071312643533971,0.1754212239375154,0.8963657332686632,0.11850000000000001
1,1784842879.1655536,5858,-54.9,-29.73,-2083.6,-0.6685904551232045,0.6089749420513704,-0.42677432358528355,-0.6175393249042788,-0.7744132051497549,-0.13758404662769327,-0.4142849086255906,0.17156254732083456,0.8938312518825198,0.11320000000000001
1,1784842879.2253983,5864,-55.78,-31.310000000000002,-2085.71,-0.6701613049117978,0.6044486687691865,-0.43072686498763285,-0.6087544185662218,-0.7796347934944655,-0.14692735160256226,-0.4246196925191027,0.16374185657919038,0.8904418684726041,0.1301
1,1784842879.2852125,5867,-56.160000000000004,-31.91,-2086.8,-0.671111288294105,0.6022161591944128,-0.43237175709030296,-0.6073759582408931,-0.7810483131417729,-0.1451136723032929,-0.4250930299066113,0.16522478671047,0.8899419564113698,0.1658
1,1784842879.3300924,5870,-56.370000000000005,-32.38,-2087.85,-0.6740382928841105,0.6011855043133156,-0.4292416209192886,-0.6047307612943881,-0.7827928194343662,-0.1467518592260611,-0.42423234915572355,0.16065923952745498,0.8911877033960219,0.1482
1,1784842879.3899539,5873,-56.410000000000004,-32.89,-2089.2,-0.6767810713244993,0.6007608940257784,-0.4255040889418227,-0.6024292612554634,-0.7841525594741855,-0.14894209832441824,-0.42313870855791463,0.15553492109308253,0.8926155508619087,0.1506
1,1784842879.4498053,5876,-56.44,-33.31,-2090.54,-0.6771748765056321,0.5999285531339561,-0.42605154355333547,-0.6004863667398437,-0.7852040581099844,-0.1512306532657788,-0.4252649879653434,0.1534285444831248,0.8919693782572504,0.1411
1,1784842879.4946518,5879,-56.27,-33.61,-2092.09,-0.6795877610394734,0.6003599694272541,-0.42157844128306915,-0.5987915433540412,-0.7859581716705791,-0.15400792184795575,-0.4238032121787672,0.14777570670968548,0.8936180268176173,0.1358
1,1784842879.5544918,5882,-56.06,-33.83,-2093.4900000000002,-0.6816525712369825,0.6009623749574287,-0.417365542434372,-0.5970213760078263,-0.7866019657368961,-0.15755260736837345,-0.42298374521455595,0.14178001052467906,0.8949766365106353,0.152
1,1784842879.614354,5885,-55.77,-34.02,-2095.13,-0.6829250433238685,0.6015081566134679,-0.4144892311370229,-0.5951117579923302,-0.7871796996039089,-0.16183360599942828,-0.4236217424783231,0.13614719262242553,0.8955493069846359,0.1444
1,1784842879.6741712,5891,-55.06,-33.95,-2098.32,-0.6867836587196686,0.6048390321575617,-0.40311034630027764,-0.5941889046085188,-0.7866026345966215,-0.16791617219845945,-0.4186499155090735,0.12420161200386273,0.8996144773289765,0.1389
1,1784842879.7340448,5894,-54.77,-33.86,-2100.19,-0.6879996131448152,0.6063525961978478,-0.39873934016687484,-0.5926446407580043,-0.7865518516216339,-0.17351805235016776,-0.41884228785236216,0.11693038011872393,0.9004989861803787,0.1295
1,1784842879.7789195,5897,-54.47,-33.77,-2102.13,-0.6880155992320405,0.6074230776597492,-0.39707900969421006,-0.5896531315260286,-0.7868780077022983,-0.18202248618236644,-0.4230173988087538,0.10890457162497855,0.8995532638950602,0.16190000000000002
1,1784842879.838731,5900,-54.18,-33.72,-2104.09,-0.6879185593805812,0.6081020185422414,-0.3962070048656349,-0.5865760539626104,-0.7873106043009104,-0.189922471743046,-0.42743021486249483,0.10175434831095358,0.8983036591389433,0.1487
1,1784842879.8985715,5903,-53.81,-33.52,-2106.09,-0.68832151851963,0.6095438983233727,-0.39328071801141773,-0.5839828691460183,-0.7872369249322232,-0.19804553155080656,-0.43032254842944856,0.09335020107103541,0.8978353102174041,0.17850000000000002
1,1784842879.9584105,5906,-53.370000000000005,-33.15,-2108.08,-0.6900305796596068,0.6118823417231825,-0.3865977224738677,-0.584055244575712,-0.7862063062717305,-0.2018888685940045,-0.4274778010823865,0.08648493432914497,0.8998794839954132,0.1428
1,1784842880.0189142,5912,-52.6,-32.34,-2112.32,-0.6938625051108426,0.6160010551597523,-0.37295780464199674,-0.5827557214856345,-0.7845884804452331,-0.21169951683553218,-0.4230255229617519,0.07045293744558782,0.9033746678583722,0.152
1,1784842880.0793908,5915,-52.230000000000004,-31.86,-2114.4700000000003,-0.6945781165861808,0.618390509584851,-0.36763353711948316,-0.5825755941380283,-0.7832998379026238,-0.21690329886022194,-0.4220982315460672,0.06351804150878529,0.9043221446633778,0.1719
1,1784842880.1392207,5918,-51.81,-31.37,-2116.71,-0.697117943605469,0.6208065640718411,-0.35864436801460714,-0.5822983112275593,-0.7820936160230553,-0.2219420025986838,-0.41827652270336,0.054118257374906914,0.9067061071669742,0.1607
1,1784842880.1990936,5921,-51.43,-30.77,-2118.9700000000003,-0.6982656242439047,0.6232971673231602,-0.3520309066065,-0.582653409848226,-0.7805673307338444,-0.2263396699283536,-0.41586070022485283,0.047066797192558414,0.908209554348846,0.1371
1,1784842880.2439406,5924,-50.95,-30.07,-2121.38,-0.7008740728723137,0.6263179684004657,-0.3413229210499757,-0.5836312608156353,-0.7786535454879078,-0.23037623032305793,-0.4100610751755482,0.037741999918181,0.9112768273516283,0.13920000000000002
1,1784842880.303781,5927,-50.410000000000004,-29.16,-2123.79,-0.7028011007967511,0.6303734572344815,-0.3296967047653376,-0.5870908337759818,-0.7756813049813495,-0.23160929601087507,-0.40173992285444743,0.03078664510267215,0.9152361536063928,0.1282
1,1784842880.3636205,5930,-49.910000000000004,-28.26,-2126.26,-0.7043610165703912,0.6337471027802258,-0.3197501650563997,-0.589584970432473,-0.7731698443080398,-0.23366205188866515,-0.39530383374825095,0.023937451208332062,0.9182384643727269,0.1263
1,1784842880.423754,5936,-48.94,-26.11,-2131.12,-0.7026975831515192,0.6402146065039033,-0.3103890530480515,-0.5885881906415443,-0.7681752696458013,-0.25193391383835906,-0.3997249660333052,0.005657978760376949,0.9166176622812918,0.17220000000000002
1,1784842880.4836268,5939,-48.480000000000004,-24.85,-2133.41,-0.7014481883689171,0.6434779898893978,-0.3064417001027509,-0.5880238709629804,-0.7654582338854888,-0.261345785033202,-0.4027385829687498,-0.0031254927304956467,0.9153097099252882,0.134
1,1784842880.5288017,5942,-47.97,-23.53,-2135.6,-0.6991848123539239,0.6465451798596911,-0.30515558093177286,-0.5860877088681129,-0.7627779597151214,-0.2732599159894522,-0.4094408329506648,-0.01221124780831343,0.9122549477748144,0.1241
1,1784842880.588642,5945,-47.52,-22.03,-2137.7200000000003,-0.6991043610793914,0.6501370084748701,-0.2976154608401962,-0.5862935355915784,-0.7594819454183264,-0.2818635568978735,-0.4092834988651538,-0.02256202107393696,0.912128265520676,0.15760000000000002
1,1784842880.6485152,5948,-46.94,-20.38,-2139.76,-0.6979026804944434,0.6548951540272926,-0.28990375263221324,-0.5886209577930764,-0.755089288973633,-0.28873090192089684,-0.40799168693177074,-0.030862645849991724,0.9124638516049313,0.15130000000000002
1,1784842880.693362,5951,-46.4,-18.64,-2141.79,-0.6969689345186698,0.65889976714882,-0.28299364156662826,-0.589417086222239,-0.7511459377567935,-0.2972663429666284,-0.4084382484356676,-0.04038411869408974,0.9118921647717486,0.193
1,1784842880.7532299,5954,-45.96,-16.86,-2143.76,-0.6954057070145719,0.6631627356520554,-0.27681417719120766,-0.5909710463244088,-0.7469127248509526,-0.3047533492218885,-0.40885709613237314,-0.0483380543485879,0.91131734727481,0.1773
1,1784842880.8130703,5957,-45.61,-15.16,-2145.53,-0.6915579444659671,0.6661561717122824,-0.27925537476589907,-0.5878332431464692,-0.7437062371729742,-0.3183600336755854,-0.4197614652369968,-0.05600881787408271,0.9059046995255281,0.1593
1,1784842880.8728817,5963,-44.94,-11.49,-2149.42,-0.6903971065755083,0.6744759929639634,-0.2615988726035377,-0.5923706434584686,-0.734639958792466,-0.3307584491951852,-0.4152696184417617,-0.07339118380759059,0.9067330798744216,0.202
1,1784842880.9327211,5966,-44.71,-9.77,-2151.36,-0.6890111177156418,0.6786343364051902,-0.2543995226334534,-0.5951988495514237,-0.7301233713672288,-0.33564593260758174,-0.4135238918815981,-0.07984547598479601,0.90698549647051,0.2126
1,1784842880.9776013,5969,-44.58,-7.99,-2153.32,-0.689035035641807,0.6821617500826516,-0.24471629774550732,-0.596613732297113,-0.7256132941555631,-0.3428372817813447,-0.41143987907421237,-0.09022579491967031,0.9069600497477884,0.2061
1,1784842881.0374696,5972,-44.44,-6.07,-2155.03,-0.6868436747059805,0.6863178627964893,-0.2391935570261965,-0.5995467449128079,-0.7210516058148081,-0.34731582517406656,-0.4108399532431594,-0.09514395912692356,0.9067293752056412,0.2474
1,1784842881.0972817,5975,-44.44,-4.17,-2156.7200000000003,-0.686512481996942,0.6905814776501661,-0.22759137678943756,-0.6048462881312956,-0.7160958315231186,-0.34837871319730096,-0.4035611227511791,-0.10150853561019745,0.9093043700555283,0.278
1,1784842881.1571412,5978,-44.5,-2.15,-2158.13,-0.6862161035174926,0.6947433619107629,-0.21549737899612684,-0.6105054743958447,-0.7111523011892986,-0.34863371931852705,-0.3954624192081649,-0.10767574283047933,0.9121487868763133,0.27
1,1784842881.2169619,5981,-44.67,-0.14,-2159.4900000000002,-0.6849836224087702,0.6988372324818978,-0.20597077348206833,-0.6153607931651444,-0.7063042026133671,-0.34995066453124524,-0.39003657683212717,-0.11296413531620483,0.9138438449020371,0.2742
1,1784842881.2618706,5984,-44.85,1.9100000000000001,-2160.77,-0.6835592857489156,0.7031029479867821,-0.19594118351875103,-0.6221716371883727,-0.7016514695013127,-0.3472573530178861,-0.38164008796872045,-0.11546194125747648,0.9170710895979015,0.1807
1,1784842881.3216813,5990,-45.51,5.83,-2162.67,-0.6777873585315723,0.7108419392348448,-0.18790432150336095,-0.6306488397238433,-0.6934366342548888,-0.34846474029408114,-0.37800309201085036,-0.11768335353012505,0.9182942288461471,0.161
1,1784842881.381522,5993,-45.72,7.99,-2163.36,-0.6738811709160868,0.7156480731081729,-0.18366274238756974,-0.6361549362253184,-0.6884339785667384,-0.3483755936786225,-0.3757539947903745,-0.11792579281620551,0.9191857498828756,0.16620000000000001
1,1784842881.4419591,5996,-45.96,10.05,-2163.75,-0.6705175748415535,0.7202892164518863,-0.17773470817971784,-0.6426433130623159,-0.6836057715461891,-0.3459663586030147,-0.3706963096726106,-0.11775650203647887,0.9212587325085396,0.1494
1,1784842881.5018327,5999,-46.19,12.11,-2164.11,-0.6676186881219561,0.7243261365616288,-0.1721538125166657,-0.6473323815519239,-0.6789714119511179,-0.34635041438898256,-0.3677581747080994,-0.1197892718352118,0.9221737663198606,0.1335
1,1784842881.5616398,6002,-46.37,14.200000000000001,-2164.29,-0.6644666838329804,0.7291589703576612,-0.16374132655795076,-0.6542234598132164,-0.6734627044429995,-0.34415062160970433,-0.3612141895136829,-0.12155320510491081,0.924526434247662,0.1096
1,1784842881.6214795,6008,-46.68,18.12,-2164.7200000000003,-0.6585305706062551,0.7374141510344884,-0.15019273428193766,-0.6647492489975216,-0.6635479090802362,-0.3432384132239248,-0.35276893788176866,-0.1261924807955344,0.9271620862915165,0.1085
1,1784842881.681319,6011,-46.81,19.92,-2164.92,-0.6545263032106802,0.7412084510791004,-0.14901459812475307,-0.6680501813051275,-0.6592896021888837,-0.3450306880609458,-0.3539834369904147,-0.12628243145641613,0.9266868261942156,0.11760000000000001
1,1784842881.7265995,6014,-46.76,21.79,-2164.91,-0.6511669975934312,0.744867142585716,-0.14544580138782687,-0.671286781395836,-0.6546948047690464,-0.34748923685725785,-0.3540559254812375,-0.12863767917920094,0.926335117075356,0.11520000000000001
1,1784842881.7864385,6017,-46.7,23.62,-2164.87,-0.6462257114584448,0.7495167451885514,-0.1435861362805874,-0.6753310228694636,-0.6492772217173737,-0.34981008977594236,-0.35541572756437123,-0.12908810185655747,0.9257515447240474,0.1222
1,1784842881.846574,6020,-46.45,25.560000000000002,-2164.84,-0.6421556876406312,0.7538520174443509,-0.1390798641999274,-0.6800354551519632,-0.6439490670720627,-0.3505444033974621,-0.35381895450505557,-0.13052484365860126,0.9261616557711982,0.1274
1,1784842881.906385,6023,-46.36,27.27,-2164.59,-0.6386838289829893,0.7574806063725027,-0.13530002795703125,-0.683151792675858,-0.6391200987048243,-0.3533116578819573,-0.3540996960735625,-0.13322398583243686,0.9256699059813543,0.125
1,1784842881.9664738,6029,-45.77,30.85,-2164.36,-0.6294974866205202,0.7661044680773929,-0.12967983008279585,-0.6917345381219848,-0.6285702127340392,-0.3555317375884309,-0.3538873310922731,-0.1341023178596833,0.9256242894593077,0.1307
1,1784842882.0262806,6032,-45.550000000000004,32.49,-2164.11,-0.625606570257723,0.7697272593893133,-0.12702899434139164,-0.6961647503294943,-0.6243044769739262,-0.3543988719352606,-0.3520952422982187,-0.13328115464434273,0.926425967990767,0.1378
1,1784842882.0861206,6035,-45.31,34.15,-2163.91,-0.6226951875761236,0.7728704291653086,-0.12215565108241062,-0.6989587204722467,-0.6195949156444497,-0.35715381502000865,-0.3517206426204404,-0.1370162042583965,0.9260232984786537,0.11280000000000001
1,1784842882.1459937,6038,-45.160000000000004,35.71,-2163.69,-0.6178622568133778,0.7761464225203237,-0.12586883019390685,-0.7003065862105841,-0.6159893828069483,-0.3607322630139876,-0.3575149184517442,-0.13473607934780474,0.9241370417889463,0.1358
1,1784842882.2058005,6041,-45.01,37.33,-2163.34,-0.6139249068486554,0.7793151257546779,-0.12555534047120637,-0.7021384202118901,-0.6118131259553453,-0.36426135915177726,-0.36069079224901357,-0.1354718925782006,0.92279440760554,0.1228
1,1784842882.265416,6044,-44.9,38.85,-2162.93,-0.6109831643528594,0.781570881769467,-0.1258829998350241,-0.7036693532585268,-0.6090290387052109,-0.3659686752968532,-0.36269686263061823,-0.13502069020674082,0.922073966151307,0.1076
1,1784842882.3102808,6047,-44.83,40.28,-2162.2400000000002,-0.6070076298254289,0.7839390778080938,-0.13031216220718014,-0.7042383866426616,-0.606612370690822,-0.3688763024427049,-0.3682255180085381,-0.13213990317181304,0.9202983287375284,0.1097
1,1784842882.3707423,6053,-44.67,43.050000000000004,-2160.4900000000002,-0.6006267990155747,0.787604035167942,-0.13757664079152168,-0.7054659947561307,-0.6030347115924969,-0.37238000329944754,-0.3762514831160763,-0.12660576764795858,0.9178266726627768,0.1144
1,1784842882.4305823,6056,-44.57,44.39,-2159.35,-0.5985211107417964,0.7886942502185625,-0.14047725676630302,-0.7059493754583048,-0.6021467123970698,-0.3729005444343436,-0.3786924336271268,-0.12401901637079638,0.9171757325027653,0.1087
1,1784842882.475479,6059,-44.45,45.75,-2158.14,-0.5967891881136106,0.7894119784236885,-0.14377549607598505,-0.7053699032000708,-0.601545715327087,-0.374961400721656,-0.3824865548097351,-0.1223580021609595,0.9158234298689668,0.09230000000000001
1,1784842882.5358083,6062,-44.4,46.96,-2156.7400000000002,-0.5938008572946258,0.7903283179047109,-0.15093605200242122,-0.7041589257525216,-0.60120545186648,-0.3777726987608773,-0.38930803890906546,-0.11803878415136171,0.9135130520560973,0.1078
1,1784842882.5963771,6065,-44.34,48.1,-2155.44,-0.5906618721265319,0.791788587591372,-0.15552937142559503,-0.7045297866969973,-0.6000103092760822,-0.37897943007385454,-0.39339081391494635,-0.11427362478927643,0.9122418572970963,0.1457
1,1784842882.6412575,6068,-44.26,49.1,-2154.02,-0.5887501784615738,0.7928117388377572,-0.15755244879885683,-0.7052435926218719,-0.5990670127936019,-0.3791440217758227,-0.39497430603427863,-0.11210825546587518,0.9118262096634084,0.1267
1,1784842882.701126,6071,-44.160000000000004,50.08,-2152.54,-0.5843922022933647,0.7955396589067867,-0.1600075154646947,-0.7089908506577602,-0.5964835281498615,-0.37621719036944484,-0.3947375426562523,-0.10641452791967335,0.912610662147521,0.15330000000000002
1,1784842882.7609377,6074,-44.02,51.01,-2151.17,-0.5803654370699897,0.7992270704588014,-0.1562435576284731,-0.7178140393860776,-0.592671073127925,-0.3653546276395531,-0.3846023456959182,-0.09988537892622691,0.9176622182273615,0.11420000000000001
1,1784842882.8213794,6080,-43.83,52.46,-2148.54,-0.5737494134171744,0.803786294624801,-0.15728700892566033,-0.7259084182686596,-0.5879855835643992,-0.35683318484570026,-0.3793001171765454,-0.09055686662956809,0.9208316214249451,0.1042
1,1784842882.8812194,6083,-43.76,52.97,-2147.16,-0.5699265460351213,0.8050781436639333,-0.16441689304664586,-0.726299161161244,-0.5871503316126085,-0.3574129496586224,-0.3842827873076675,-0.08428327640664644,0.9193601409117164,0.12380000000000001
1,1784842882.9261,6086,-43.63,53.6,-2145.81,-0.5658906365907207,0.8071465594651276,-0.16817318146052987,-0.728588063195477,-0.5850340896057834,-0.35622261041123665,-0.3859108985089854,-0.07905406721187404,0.9191426618698798,0.1499
1,1784842882.98594,6089,-43.47,54.31,-2144.4,-0.561969832704298,0.8094166408574541,-0.1703954478069717,-0.7317875435232932,-0.5825410618503409,-0.35374129304114554,-0.38558643424587397,-0.0740986690927193,0.9196915183713722,0.1263
1,1784842883.0457792,6092,-43.33,54.92,-2142.9900000000002,-0.5588461073221382,0.8109470659057284,-0.17336633072711535,-0.7335787885784054,-0.5809271183541228,-0.35268377352610725,-0.386721074262488,-0.06991809107566713,0.919542424938405,0.1091
1,1784842883.1056197,6095,-43.29,55.51,-2141.39,-0.5538755702509598,0.8126116006263927,-0.18134012023428858,-0.7343766423990739,-0.5794325224975483,-0.35348111543729066,-0.3923172183040619,-0.06261260575587348,0.9176964976628289,0.1193
1,1784842883.165459,6101,-43.19,56.7,-2137.93,-0.5479277536523253,0.8160468456539168,-0.1839639162330723,-0.7423328006332629,-0.5757082846906376,-0.34278562403131757,-0.38563867788578043,-0.051259307807030856,0.9212248875717868,0.0898
1,1784842883.2252996,6104,-43.19,57.25,-2136.2200000000003,-0.5444957101974448,0.8179113131285998,-0.18586421235092426,-0.7472519061013835,-0.5736786503374214,-0.3354212202215052,-0.38097114117007475,-0.043748028564541554,0.9235513518978178,0.0926
1,1784842883.2851388,6107,-43.230000000000004,57.75,-2134.32,-0.5415176689782049,0.8196202656337641,-0.18703270929666171,-0.7532144848064711,-0.5718269415262617,-0.32508750948389853,-0.37339865299989217,-0.03516488457480722,0.9270042485505159,0.09860000000000001
1,1784842883.3450572,6110,-43.28,58.050000000000004,-2132.32,-0.5392337976991219,0.8206376453175618,-0.18915804637030442,-0.7571422449286466,-0.570756191634135,-0.3177624752164865,-0.3687309755952056,-0.028128718402129767,0.9291104578238594,0.1043
1,1784842883.3904436,6113,-43.56,58.09,-2130.58,-0.5384445664466799,0.8207250717407685,-0.1910178145623008,-0.7594032125029792,-0.570859963868473,-0.31213084194331236,-0.3652180303657012,-0.023005613840894484,0.9306377018086047,0.1587
1,1784842883.4503162,6116,-43.9,58.04,-2128.78,-0.5355011359033198,0.8205594424997248,-0.1998017386580881,-0.7601429148426136,-0.5713952227096366,-0.3093384044686009,-0.3679963076728204,-0.013773190957275161,0.9297252372341117,0.10500000000000001
1,1784842883.5101225,6119,-44.230000000000004,57.75,-2126.93,-0.5344208603388504,0.8195430602253598,-0.20674505186614556,-0.7600544438625058,-0.572978144990965,-0.3066158634636664,-0.3697452993609792,-0.006724418128343933,0.9291088180623921,0.101
1,1784842883.5699627,6125,-44.87,57.02,-2123.09,-0.5330681776530056,0.8172766132399922,-0.2188544160501944,-0.7618668868079873,-0.5761755526022695,-0.2959401618046707,-0.36796353726858444,0.008981649872790171,0.9297968408240338,0.1173
1,1784842883.6303017,6128,-45.09,56.660000000000004,-2121.18,-0.5319636510351771,0.816385845410645,-0.22478617704492176,-0.764429968710153,-0.5771927981499604,-0.28721994481862445,-0.36422725998354233,0.01904271978908692,0.931115394517734,0.1096
1,1784842883.6751475,6131,-45.29,56.4,-2119.2,-0.5313529721299537,0.8160169539055292,-0.2275529607528896,-0.7694420382194144,-0.5772576651368436,-0.27337252579861265,-0.3544333066028335,0.02983150984280048,0.9346053242899277,0.11370000000000001
1,1784842883.7357254,6134,-45.45,56.03,-2117.29,-0.5311408846998655,0.8150161287358982,-0.231598943219942,-0.7722594524612763,-0.5781278139417666,-0.2634076096682174,-0.34857524106633553,0.038947922245788746,0.936471227891323,0.1126
1,1784842883.7955651,6137,-45.59,55.65,-2115.36,-0.5300696864798016,0.813604756519786,-0.23890045551146313,-0.7728456514938297,-0.5794739488251439,-0.258688116464736,-0.3489064723422067,0.04751044939141638,0.9359524724879693,0.1259
1,1784842883.8404665,6140,-45.76,55.17,-2113.48,-0.529305058703616,0.8121360861200678,-0.2455017972486949,-0.7745673881593287,-0.5806374836289825,-0.25080963658727007,-0.346239102400057,0.05740287646608507,0.9363884844137194,0.12810000000000002
1,1784842883.9003177,6143,-46.02,54.57,-2111.59,-0.5287718048068231,0.8100290775096021,-0.2534822913544019,-0.7742762881271146,-0.582696402504533,-0.24690308250885115,-0.34770189542973784,0.06570993910526897,0.9352997358159305,0.12150000000000001
1,1784842883.9601245,6146,-46.31,53.910000000000004,-2109.7200000000003,-0.5300700961397016,0.8080607740184326,-0.25702816707742215,-0.7769016354859112,-0.5842657328249337,-0.23464313803275774,-0.33977866613100366,0.07530829263285017,0.9374855300765772,0.1262
1,1784842884.0199645,6152,-47.160000000000004,52.2,-2106.56,-0.5347281258225715,0.8029755525984961,-0.263241511512565,-0.7808751533274708,-0.5886044201158601,-0.209233915835533,-0.3229548364246601,0.09367549599127716,0.9417669961729965,0.08800000000000001
1,1784842884.0797532,6155,-47.78,51.02,-2105.08,-0.5361770059710319,0.7993184073590515,-0.271301127761994,-0.7807252255078412,-0.5917960240535963,-0.2006130309079793,-0.3209086170916429,0.10424753988149993,0.9413554641605819,0.0889
1,1784842884.1246326,6158,-48.370000000000005,49.65,-2103.55,-0.5390680410308982,0.7948102939797597,-0.2787153453308913,-0.7773427430193091,-0.5968852522550118,-0.19866115754139657,-0.32425901223300846,0.1095654700363177,0.9396017777555523,0.0998
1,1784842884.185059,6161,-48.86,48.21,-2102.09,-0.5425226070063903,0.7904808869414348,-0.284269569717324,-0.7759114127514484,-0.6012219026020414,-0.19103325206265304,-0.32191722608310575,0.1169281455076758,0.9395196157287481,0.0903
1,1784842884.244899,6164,-49.28,46.83,-2100.66,-0.5471156952721232,0.7861555045336287,-0.28744380090441435,-0.7750339998283517,-0.6054935133207305,-0.18083114896661093,-0.3162067600431203,0.12384315894708843,0.9405722496890064,0.12100000000000001
1,1784842884.2897797,6167,-49.730000000000004,45.37,-2099.2,-0.5510303616363222,0.7818038267741857,-0.2918018454297075,-0.7737033072510817,-0.6096522349892752,-0.17235818727672805,-0.312647937629024,0.13079345860485725,0.9408210979152717,0.0952
1,1784842884.3496246,6170,-50.1,43.92,-2097.68,-0.5533568102374263,0.7768642981136765,-0.30046314729131984,-0.771066860970702,-0.6141968761535802,-0.16798241942528286,-0.31504307082786137,0.13872296003015572,0.938884339992857,0.1056
1,1784842884.409459,6173,-50.38,42.53,-2096.18,-0.5564711374573604,0.7724990267275039,-0.305916862696339,-0.7681943249377368,-0.6186384618368067,-0.16481484359621507,-0.3165712436567267,0.1432888943402417,0.9376838168851932,0.10060000000000001
1,1784842884.4693174,6179,-50.5,40.28,-2093.16,-0.5616510162140794,0.7658351404587403,-0.3131208610492652,-0.7682221391286397,-0.6232335217260132,-0.14633769968674493,-0.30721796975162247,0.15835565994157697,0.9383712506391907,0.084
1,1784842884.5291388,6182,-50.47,39.300000000000004,-2091.82,-0.5648549951451249,0.76327608923368,-0.31360555808808693,-0.7695674672605377,-0.6244228599978046,-0.1336488131124388,-0.29783342289575615,0.16584843537489818,0.9401008183646561,0.07640000000000001
1,1784842884.574041,6185,-50.45,38.22,-2090.6,-0.566766942307571,0.7600323192675212,-0.3180033125238782,-0.7690458345493835,-0.626507416560945,-0.12671606589684242,-0.29553973923919097,0.17274064565979627,0.9395833820728567,0.07250000000000001
1,1784842884.633859,6188,-50.53,37.04,-2089.43,-0.5683021565414951,0.7566171394634928,-0.32336227847472776,-0.7671374200499184,-0.6293255651960232,-0.12429606490094922,-0.29754468173610676,0.1774255823177348,0.9380763962011684,0.08370000000000001
1,1784842884.693699,6191,-50.61,35.71,-2088.51,-0.5689744163431033,0.7525095123699567,-0.33165878149048783,-0.7637247023168046,-0.6330827939998183,-0.12621709477123955,-0.30494703247963123,0.1814817063345888,0.9349180165382165,0.0765
1,1784842884.753539,6194,-50.78,34.31,-2087.73,-0.5710776067655344,0.7484082525421578,-0.3372765253879125,-0.7599565971933117,-0.6373466887447254,-0.1274957596490818,-0.3103809553328166,0.18350554725383014,0.9327322106016068,0.0873
1,1784842884.8133786,6197,-50.86,32.84,-2087.2,-0.5722124345896116,0.744029045674114,-0.3449546475905151,-0.7557064311937695,-0.6417525024076335,-0.13061973628022922,-0.31856038603913983,0.1859422083519696,0.9294862966175387,0.0665
1,1784842884.8582585,6200,-50.96,31.34,-2086.66,-0.5734842161935754,0.7396848482685661,-0.3521110322309557,-0.750060168636613,-0.6469381317788111,-0.1374074127380237,-0.3294322346123045,0.18530347782070988,0.9258169494591755,0.0751
1,1784842884.9180984,6206,-50.83,28.5,-2085.98,-0.5739629771941197,0.7322792657522254,-0.3665154536439683,-0.7427058419248247,-0.6540299016923675,-0.1436416376368958,-0.3448978590556914,0.18976818658999092,0.9192570381439278,0.08990000000000001
1,1784842884.9779603,6209,-50.71,27.14,-2085.58,-0.5748884020607343,0.7286620934469682,-0.3722296048805592,-0.7397289563940519,-0.6572757685684052,-0.14418611280209628,-0.3497204544321396,0.19245809316912044,0.9168726662549626,0.0825
1,1784842885.0378008,6212,-50.51,25.76,-2085.28,-0.5777070979947262,0.7260246624637855,-0.3730183620424848,-0.737265079654377,-0.6602446003322041,-0.14323850758225987,-0.3502780484825404,0.19226350986735488,0.9167006226270105,0.0881
1,1784842885.0976193,6215,-50.300000000000004,24.47,-2084.96,-0.5795982690156859,0.7229232401421933,-0.37609551368812333,-0.7355225095721972,-0.6627781113047819,-0.1404699721929327,-0.35081688167281483,0.1952105633350278,0.9158713618711876,0.08030000000000001
1,1784842885.1577852,6218,-50.25,23.14,-2084.51,-0.5817770093856595,0.7198669506124244,-0.3785856372952459,-0.7318292647418773,-0.6664125923530789,-0.14254888291604484,-0.35491046563554807,0.19412838578945177,0.9145232261747868,0.0896
1,1784842885.2176037,6224,-50.230000000000004,20.23,-2083.82,-0.5818084290291099,0.7125896182965015,-0.3920650300737439,-0.7230777823932374,-0.6738839351457439,-0.15178591028736912,-0.37236738917359224,0.19518319048661295,0.9073290746093773,0.0785
1,1784842885.2774522,6227,-50.19,18.89,-2083.62,-0.5825225027885236,0.7096714102164193,-0.39627518628654135,-0.7195952109892298,-0.6769739120482233,-0.1545608447424181,-0.3779553757606314,0.19512255617319832,0.9050286857365776,0.08170000000000001
1,1784842885.3223515,6230,-50.160000000000004,17.89,-2083.53,-0.583286079953419,0.7069194450943931,-0.4000528053645034,-0.7163371152240139,-0.6798742288957523,-0.15694639287331216,-0.3829340495243426,0.19502802627017873,0.902953809828635,0.0949
1,1784842885.3828008,6233,-50.0,17.06,-2083.39,-0.5844487595310501,0.7052915642079164,-0.40122743791990023,-0.713782149520021,-0.6820388285191559,-0.15917939382594692,-0.3859205753898011,0.19335678382039798,0.9020412760186957,0.0835
1,1784842885.4426415,6236,-49.96,16.62,-2083.29,-0.5839884849021622,0.7039655563267649,-0.40421522114737984,-0.7125227839215315,-0.6831036233280349,-0.16025205829823336,-0.3889328115425432,0.19442719794735036,0.9005161479973328,0.0804
1,1784842885.5024817,6239,-49.800000000000004,16.17,-2083.2200000000003,-0.5849641611325873,0.7032337187868566,-0.40407829309634674,-0.7115231086836356,-0.684085567775691,-0.16050483410223576,-0.3892965399276291,0.19362146761715038,0.9005325820191942,0.0981
1,1784842885.5625656,6242,-49.64,15.530000000000001,-2083.17,-0.5847526720296496,0.7019691372924565,-0.4065755069394484,-0.7085439080246699,-0.6860146162543295,-0.16537677190752426,-0.39500613027561127,0.19137208932942537,0.8985248357560169,0.0785
1,1784842885.6074457,6245,-49.46,14.58,-2083.07,-0.5833659158771806,0.7000577809889995,-0.4118292260992852,-0.705458020723848,-0.688006021824162,-0.17022542386518363,-0.40250862001846494,0.19122452042154167,0.8952206396192965,0.0858
1,1784842885.6672854,6251,-49.13,11.950000000000001,-2082.8,-0.5805596992488783,0.6940564495251346,-0.42571831118782794,-0.6960601847901191,-0.6943344160344909,-0.18275649881738212,-0.4224342016906269,0.19022450836473961,0.8862076402623689,0.09620000000000001
1,1784842885.7271254,6254,-49.0,10.44,-2082.63,-0.5813949543206027,0.6917044863114447,-0.4283979583368304,-0.6931460444088916,-0.6968112048714021,-0.18439822636341094,-0.4260615779565802,0.18973415186066372,0.884574747212955,0.11280000000000001
1,1784842885.7866964,6257,-48.96,8.83,-2082.46,-0.580573056968586,0.68865328030735,-0.4343864466625053,-0.687968276506613,-0.7002520265487582,-0.1906482358556662,-0.43547052258754726,0.18815886595184347,0.880319070065533,0.1226
1,1784842885.8468041,6260,-48.980000000000004,7.29,-2082.29,-0.5809386350366235,0.6865011555190796,-0.4372944840639465,-0.6842292644431083,-0.7028693371778689,-0.1944351010871907,-0.44084080573538975,0.1862548209473022,0.8780481340293713,0.11220000000000001
1,1784842885.9066446,6263,-48.99,5.8,-2082.07,-0.5814196672972918,0.6841793518378982,-0.44028375509275847,-0.6821916314129366,-0.7048491035923026,-0.19442818518744578,-0.44335735982394914,0.18731352242644173,0.8765545595147722,0.11170000000000001
1,1784842885.9666421,6269,-49.07,2.58,-2081.51,-0.5833951500879198,0.68127691396679,-0.4421672368570298,-0.6776763749300907,-0.7083879427589105,-0.1973353830802009,-0.4476659800738768,0.18452178475639586,0.8749553595668806,0.11220000000000001
1,1784842886.026459,6272,-49.2,0.65,-2081.1,-0.5855569035602877,0.6779091561492043,-0.4444797956060113,-0.6712449487952393,-0.7128974949164786,-0.20299601094279135,-0.4544813873083962,0.17948910203932428,0.8724851464863758,0.11810000000000001
1,1784842886.086059,6275,-49.47,-1.35,-2080.64,-0.5885869303161572,0.6740163540252061,-0.44639374991992375,-0.6639324643356075,-0.7180554380492886,-0.2087823524369135,-0.46125817961554944,0.17348873852331892,0.8701393850087106,0.12710000000000002
1,1784842886.1459305,6278,-49.79,-3.38,-2080.2,-0.5908523705830758,0.6699204741341179,-0.4495553742446844,-0.6564253417682527,-0.7231425537549189,-0.21487349216049625,-0.4690407731325627,0.16814102796382857,0.8670232683466315,0.1217
1,1784842886.20574,6281,-50.13,-5.3500000000000005,-2079.89,-0.5928551844890548,0.6653863726636169,-0.4536338890537203,-0.6496546820002812,-0.7280458253245775,-0.21885627791445234,-0.4758902440474716,0.16495530091818508,0.8638971144293913,0.1298
1,1784842886.2655797,6287,-51.08,-9.3,-2079.64,-0.5994762800553709,0.6551737467450156,-0.45975596921309564,-0.6400285105343126,-0.7373143679564975,-0.21617360733479968,-0.48061595411950697,0.16466597821350076,0.8613323518043352,0.10980000000000001
1,1784842886.3254523,6290,-51.74,-11.39,-2079.59,-0.6031521741761292,0.6497885230410299,-0.4625822414563331,-0.6332748312724058,-0.7427141850438344,-0.21757441810005854,-0.4849437522677392,0.16171120758571414,0.8594643927921946,0.14070000000000002
1,1784842886.3852596,6293,-52.370000000000005,-13.47,-2079.7,-0.6055193262431388,0.6446152389012636,-0.4667092663771767,-0.6242441893551466,-0.7484667254688028,-0.22386771299663563,-0.4936248956468784,0.1557843209128407,0.8556083845751709,0.1454
1,1784842886.4450998,6296,-53.13,-15.63,-2079.83,-0.607393981849611,0.6391055607168352,-0.47182267121631,-0.6142844217073863,-0.7544644156544158,-0.2311668115427971,-0.5037134106419012,0.14942398660208703,0.8508497353630916,0.15480000000000002
1,1784842886.5049706,6299,-53.83,-17.63,-2079.89,-0.6096455808232156,0.6340537274370203,-0.4757185475740301,-0.6064495867899192,-0.7595482835875493,-0.23517079661714765,-0.5104421264600524,0.1451284797082518,0.8475768755177971,0.16720000000000002
1,1784842886.5647798,6305,-55.07,-21.17,-2080.2200000000003,-0.6140337763450492,0.6250271917810677,-0.48197876617306523,-0.5918070087272627,-0.7686391502060734,-0.2428133464037236,-0.5222326932783197,0.1361428158396816,0.8418658727888397,0.17320000000000002
1,1784842886.62465,6308,-55.58,-22.76,-2080.23,-0.615584447586616,0.6212049540526408,-0.48493318400573227,-0.5860588574070353,-0.7722454595978019,-0.24529974681059072,-0.5268688675033296,0.13319667860362078,0.8394449602354658,0.1706
1,1784842886.6844587,6311,-55.94,-24.17,-2080.26,-0.6183489403287745,0.6184205065864813,-0.48497491175070245,-0.5801319285702133,-0.7754727941546482,-0.24917642540856008,-0.5301806611407914,0.12727145225580896,0.8382782616727043,0.1806
1,1784842886.7442992,6314,-56.300000000000004,-25.41,-2080.15,-0.6191451832213076,0.6159075934927128,-0.4871520074595488,-0.5752199526889431,-0.7780251763773472,-0.2525843046420887,-0.5345851177524333,0.12383319910675276,0.8359928771685821,0.16820000000000002
1,1784842886.7891793,6317,-56.58,-26.26,-2079.85,-0.6223822068659296,0.6151205320173746,-0.4840114871233506,-0.5716476320881821,-0.7796259165201871,-0.25573895874119884,-0.5346581836132966,0.11751664299460081,0.836857494030262,0.2107
1,1784842886.8490484,6320,-56.84,-26.89,-2079.61,-0.6218295798773714,0.613530570771904,-0.4867321771958718,-0.5682693033610096,-0.7811389004172211,-0.2586349108542146,-0.53888586217039,0.11576811730038791,0.834385864315545,0.1806
1,1784842886.9095728,6323,-57.120000000000005,-27.310000000000002,-2079.39,-0.6219590954833008,0.611690344352999,-0.48887810972767426,-0.5676905256413164,-0.7822509296726532,-0.25653644989232105,-0.5393462252048123,0.11797629275231146,0.8337788937756464,0.1658
1,1784842886.954424,6326,-57.230000000000004,-27.5,-2079.13,-0.6238559546748138,0.6112402623858515,-0.48702062528731976,-0.5686167743444428,-0.7825006671828627,-0.2537078433799307,-0.5361704129760401,0.11865094814981458,0.8357291671063375,0.1723
1,1784842887.0142639,6332,-57.34,-27.61,-2078.9900000000002,-0.6244558323137556,0.610482498715834,-0.4872022498418972,-0.5689255731076791,-0.7828944017727191,-0.25179366143140924,-0.5351435375237503,0.11994779879017345,0.836202080726877,0.1986
1,1784842887.0741348,6335,-57.31,-27.59,-2078.9700000000003,-0.6257178775647813,0.6110952777846729,-0.48480893057481833,-0.5693953696330782,-0.782618099786279,-0.2515905859274626,-0.5331660630012337,0.11862323278425438,0.8376529579172852,0.2172
1,1784842887.1339438,6338,-57.26,-27.51,-2078.84,-0.6260255793786325,0.6113627461779031,-0.48407392673997707,-0.5699628501396687,-0.7823884712646164,-0.25101918152380737,-0.532197635680875,0.11875972641442697,0.8382492493033664,0.1933
1,1784842887.1937892,6341,-57.19,-27.45,-2078.78,-0.6262471351985824,0.6117902740613261,-0.4832465066811508,-0.5708094731994097,-0.7820031928181416,-0.2502949294892821,-0.5310283146512816,0.11909520135672864,0.838942943263974,0.19460000000000002
1,1784842887.2387047,6344,-57.13,-27.36,-2078.68,-0.6255533257730274,0.6120291108678082,-0.4838423338905607,-0.5717012925334833,-0.781597606695864,-0.24952517572950808,-0.5308866816278678,0.12052198412595787,0.8388288160360811,0.19790000000000002
1,1784842887.2985094,6347,-57.07,-27.310000000000002,-2078.64,-0.6246967880280039,0.6121906350711629,-0.48474379764847086,-0.5716587651501965,-0.7814235884226333,-0.25016680771766575,-0.5319400147144863,0.12082963952549655,0.8381169482582316,0.158
1,1784842887.3583493,6350,-57.03,-27.27,-2078.63,-0.625468726325138,0.6126675563242988,-0.48314318562598185,-0.5718004228872662,-0.781235199968378,-0.25043130538395564,-0.5308795991325653,0.11962452824559297,0.8389617532801279,0.1678
1,1784842887.4032285,6353,-57.01,-27.26,-2078.61,-0.625379940114098,0.6126921783410563,-0.48322688781004125,-0.5717005064021282,-0.7812345645773502,-0.2506612975494778,-0.531091763711731,0.11950250921771045,0.8388448538366519,0.1718
1,1784842887.4636326,6359,-56.96,-27.17,-2078.52,-0.6254114754549103,0.6129615689724115,-0.4828442826959761,-0.5725878374328275,-0.7808982050954988,-0.24968212131153125,-0.5300977785213875,0.12031669976153708,0.8393570378362132,0.18710000000000002
1,1784842887.5234718,6362,-56.92,-27.14,-2078.45,-0.6256908265822619,0.6130632366792096,-0.482353042245218,-0.5721456189783274,-0.7809781542449652,-0.25044463115833343,-0.5302455848139729,0.11927527163892222,0.839412311894905,0.18100000000000002
1,1784842887.5833406,6365,-56.85,-27.1,-2078.43,-0.6264008007292986,0.6138315101364379,-0.48045074046078173,-0.5730743392250126,-0.7804530026678641,-0.24995782113894705,-0.5284012098467493,0.1187602113097433,0.8406474728696663,0.1681
1,1784842887.6431527,6368,-56.77,-27.060000000000002,-2078.39,-0.6274059888586352,0.6147175079703348,-0.47800011562661726,-0.573698145313051,-0.7799685487599245,-0.2500389989775646,-0.5265284068392544,0.11735181438767205,0.8420192328273968,0.1938
1,1784842887.6881948,6371,-56.72,-26.990000000000002,-2078.28,-0.6261194500115065,0.6146313321482514,-0.47979449752884246,-0.573217370961729,-0.7799707596856253,-0.25113235487119534,-0.5285794925505644,0.11778768856333954,0.8406722194041466,0.1583
1,1784842887.7480357,6374,-56.64,-26.95,-2078.23,-0.625936919846319,0.6151366060416187,-0.4793849479081517,-0.573398356519994,-0.7796443334693628,-0.2517320758848241,-0.5285993729786981,0.11731014106509051,0.8407264916070005,0.1859
1,1784842887.8078754,6377,-56.6,-26.91,-2078.2,-0.6270806851213506,0.6154112147817499,-0.47753413602441924,-0.5731387579816415,-0.7796897662012314,-0.25218214167607184,-0.5275241970251211,0.11555477143727129,0.8416444120595592,0.1895
1,1784842887.8527546,6380,-56.57,-26.91,-2078.2200000000003,-0.6275052451511444,0.6158433639154045,-0.47641800808655516,-0.5732012907651517,-0.7794964602893445,-0.25263718780406524,-0.5269510865089534,0.11455225671169017,0.8421403285137774,0.1691
1,1784842887.9125953,6386,-56.53,-26.85,-2078.1,-0.6287983925286298,0.6163280903023741,-0.4740804432347322,-0.5742507374232709,-0.7791602833056682,-0.2512873723207373,-0.5242601187599923,0.1142319483474731,0.8438615940155705,0.18860000000000002
1,1784842887.9724674,6389,-56.44,-26.85,-2078.03,-0.6285622907788745,0.6169926681787075,-0.4735287678953974,-0.573793196696285,-0.778878198239895,-0.253199762503114,-0.5250436306021359,0.11255576271472902,0.8435996599358214,0.1671
1,1784842888.0327806,6392,-56.43,-26.86,-2078.07,-0.6288181796540725,0.6172881391872262,-0.4728033948221081,-0.5740340838507297,-0.7786978233441831,-0.25320855138933374,-0.5244736099311309,0.11218312323073824,0.8440037792261389,0.1981
1,1784842888.0926194,6395,-56.42,-26.86,-2078.11,-0.6293038883356075,0.6174194907457201,-0.4719849452821363,-0.5733124073104438,-0.7788358059200232,-0.2544163340684167,-0.5246803786588454,0.1104896369086441,0.844098655600284,0.184
1,1784842888.1375277,6398,-56.410000000000004,-26.86,-2078.06,-0.6295007526998352,0.6175063534287162,-0.471608636292329,-0.5740173007693326,-0.7786623911575734,-0.25335551901282827,-0.5236725510925986,0.11122402650479583,0.8446278915358111,0.1539
1,1784842888.1973395,6401,-56.39,-26.85,-2078.07,-0.629602408920105,0.6177336616915048,-0.47117505228439954,-0.5738179866976015,-0.7785938189536806,-0.25401689555900514,-0.5237687703789836,0.11043907053361485,0.844671230050698,0.18910000000000002
1,1784842888.2572079,6404,-56.4,-26.84,-2078.06,-0.6292569113575294,0.6175495933768346,-0.4718773561306886,-0.5739158496829843,-0.7786328726453472,-0.2536758701940585,-0.5240766518281852,0.11119059922565755,0.8443816161264991,0.156
1,1784842888.30206,6407,-56.370000000000005,-26.84,-2078.03,-0.6292421471178052,0.6177656671563156,-0.4716141439497828,-0.5740381228522509,-0.7784890376275487,-0.2538406031469301,-0.5239604506094315,0.11099729175365154,0.8444791574814126,0.1643
1,1784842888.3618996,6413,-56.34,-26.830000000000002,-2078.05,-0.6302627733438915,0.6180652405861103,-0.46985550429477785,-0.5740434200209952,-0.7784423856522309,-0.2539716601329028,-0.5227264948971553,0.10964857773494811,0.8454195413717603,0.1621
1,1784842888.4223313,6416,-56.34,-26.810000000000002,-2078.05,-0.6297863542861527,0.6180868866427438,-0.4704654594284647,-0.5745846987919491,-0.7782623755570538,-0.25329843802608915,-0.5227060090233531,0.11079835446689261,0.8452822917690321,0.17450000000000002
1,1784842888.4821713,6419,-56.32,-26.830000000000002,-2078.0,-0.6298673485660213,0.6179624618758053,-0.4705204766243486,-0.5748029568140101,-0.7782921592963026,-0.25271105162966356,-0.5223683413533803,0.11128212116190568,0.8454274690719634,0.1776
1,1784842888.5420117,6422,-56.33,-26.82,-2078.03,-0.6306098641937337,0.6182203375802258,-0.4691852655228556,-0.5751857456796119,-0.77815703642441,-0.252255792064659,-0.5210494766800459,0.11079368603567306,0.8463050289263789,0.1907
1,1784842888.5867996,6425,-56.32,-26.82,-2078.08,-0.6313718356887081,0.6183617691394009,-0.46797257138197845,-0.5753268125016384,-0.7781380090975895,-0.25199265388964054,-0.5199698682767832,0.11013610336501749,0.8470545288349475,0.19010000000000002
1,1784842888.6466033,6428,-56.31,-26.830000000000002,-2078.05,-0.6310643982443573,0.6183134297160293,-0.46845088099104715,-0.5748864244838569,-0.7782221112022135,-0.25273690783131897,-0.5208294578963963,0.10981278736454493,0.8465682651260766,0.15910000000000002
1,1784842888.7064447,6431,-56.32,-26.810000000000002,-2078.05,-0.6305502911127733,0.6182288146638684,-0.46925415618500926,-0.5747266794741511,-0.778242947649147,-0.2530358834928028,-0.521627812025215,0.11014103301529048,0.8460339110036379,0.1879
1,1784842888.751341,6434,-56.300000000000004,-26.8,-2078.07,-0.6303015079307338,0.6181720445444,-0.4696629988023747,-0.5747447532407786,-0.7782413771395557,-0.2529996591502144,-0.5219084955453779,0.11047027768465313,0.8458178527471714,0.16540000000000002
1,1784842888.8111637,6440,-56.27,-26.79,-2078.03,-0.6312608829437726,0.6186645310244584,-0.4677220282575282,-0.5746089882425047,-0.7781126322000279,-0.25370305918863,-0.5208975026778052,0.10860446428683963,0.8466822674657801,0.1673
1,1784842888.871021,6443,-56.25,-26.78,-2078.01,-0.6311500218668956,0.6187542467007514,-0.46775296053280413,-0.5748108486527964,-0.7780093007222458,-0.253562647605546,-0.5208091187455048,0.10883340562285086,0.846707240817074,0.16870000000000002
1,1784842888.9308438,6446,-56.120000000000005,-26.8,-2077.9900000000002,-0.6334765327562605,0.6199581821226945,-0.4629895623728796,-0.5742898004780667,-0.7777179054912614,-0.2556288022605201,-0.5185544402605854,0.1039553360699184,0.8487017029490523,0.1356
1,1784842888.990683,6449,-56.11,-26.810000000000002,-2077.94,-0.6344028362427637,0.6205032598952143,-0.46098670894782795,-0.5744578638717017,-0.7774848135510533,-0.25596001119988554,-0.5172341868081601,0.10243568302547823,0.8496915480572964,0.19870000000000002
1,1784842889.035563,6452,-56.06,-26.810000000000002,-2077.9900000000002,-0.6354057564675998,0.6207370782596371,-0.4592874963696775,-0.5745245016353167,-0.7774516064595284,-0.25591130618671365,-0.5159274383753286,0.10126440286294093,0.8506258866530476,0.18030000000000002
1,1784842889.095403,6455,-56.06,-26.830000000000002,-2077.9700000000003,-0.6355716597332272,0.6210972635693763,-0.45857044663888175,-0.5746092430135654,-0.7772521295663896,-0.25632663717977044,-0.5156286291385771,0.10058487098537698,0.850887654477092,0.1521
1,1784842889.155243,6458,-56.03,-26.82,-2077.95,-0.6361406433946756,0.6211859191684804,-0.45766050260888597,-0.5739929643314066,-0.7773834453386852,-0.2573073178349188,-0.5156133810515906,0.09901026583221233,0.8510815522265663,0.1711
1,1784842889.2150939,6464,-56.03,-26.830000000000002,-2077.95,-0.6359442491137861,0.6213007988713943,-0.45777748889702974,-0.5740959866426415,-0.7772778505074732,-0.2573964670140097,-0.5157409331630707,0.09911841621136533,0.8509916741236871,0.1448
1,1784842889.274923,6467,-56.02,-26.84,-2077.94,-0.6371726445160192,0.6214426909510355,-0.455872792502468,-0.5736430860016236,-0.7774160233461059,-0.2579882488162214,-0.5147277250770512,0.09712522076300499,0.851834526494871,0.15810000000000002
1,1784842889.320061,6470,-56.02,-26.830000000000002,-2078.0,-0.635852895233653,0.6212276074592288,-0.45800366303498424,-0.574115213498143,-0.7773054064043775,-0.25727033798031756,-0.5158321599638419,0.09936078152373612,0.8509081136303907,0.1746
1,1784842889.380173,6473,-56.02,-26.830000000000002,-2077.9900000000002,-0.6367565004915938,0.6215219106849407,-0.4563460020863985,-0.5745791446166217,-0.777148435351152,-0.25670823127217296,-0.5141983718890308,0.09874626053576233,0.8519678458585589,0.16040000000000001
1,1784842889.4399776,6476,-56.02,-26.84,-2077.93,-0.6363986226828082,0.6214309670939167,-0.456968649016696,-0.5737403116910991,-0.7773213923971319,-0.2580571790560855,-0.5155762288818456,0.09795410179519594,0.8512262602583823,0.16390000000000002
1,1784842889.4853609,6479,-56.02,-26.84,-2077.95,-0.6355811182304015,0.6212429304552599,-0.45835997153804026,-0.5744325423540578,-0.777206002159741,-0.2568619950314291,-0.5158138195450425,0.10004024973096251,0.8508396159089684,0.15130000000000002
1,1784842889.5452235,6482,-56.03,-26.82,-2077.9700000000003,-0.6361534539405199,0.6213795341781494,-0.45737977386860174,-0.5737572701677978,-0.7773208682695623,-0.2580210508509937,-0.5158598433384244,0.09828398779659134,0.8510163804379185,0.1708
1,1784842889.6056647,6485,-56.03,-26.84,-2077.9700000000003,-0.6361534539405199,0.6213795341781494,-0.45737977386860174,-0.5737572701677978,-0.7773208682695623,-0.2580210508509937,-0.5158598433384244,0.09828398779659134,0.8510163804379185,0.1554
1,1784842889.65105,6488,-56.03,-26.85,-2077.95,-0.6363592247084905,0.6213051089069673,-0.4571945961781597,-0.5742759558068864,-0.7772856767808004,-0.2569710163685781,-0.5150282164216791,0.09902998696109498,0.8514334959184948,0.1779
1,1784842889.7114186,6494,-56.02,-26.830000000000002,-2077.93,-0.6367316460611634,0.6215067765707742,-0.4564012900736008,-0.5737631002410502,-0.7773099285554228,-0.25804104280316004,-0.5151395109152666,0.09756332121124889,0.8515354852548488,0.18130000000000002
1,1784842889.7712693,6497,-56.02,-26.85,-2077.98,-0.6367156054437033,0.6212653811867733,-0.45675219093433106,-0.5740572744224542,-0.7773884081377008,-0.25714880628887743,-0.51483150978463,0.09847125992889832,0.8516172423694192,0.1625
1,1784842889.8315852,6500,-56.03,-26.85,-2078.01,-0.6361470342229173,0.6212827532344953,-0.45752015407274865,-0.5738751381352628,-0.7773522273636284,-0.2576642009341591,-0.5157366349985423,0.09864712436848218,0.8510490398174534,0.15960000000000002
1,1784842889.8919241,6503,-56.02,-26.84,-2077.9900000000002,-0.6374114987032873,0.6215290654492505,-0.45542090654976575,-0.5747998226956083,-0.7771727786770495,-0.25613987567829233,-0.5131391089655186,0.09850935430290453,0.8526336622283326,0.14850000000000002
1,1784842889.9517646,6506,-56.03,-26.84,-2077.96,-0.6366073282109715,0.621404995435942,-0.4567131937171791,-0.5742000117329208,-0.7772708246689036,-0.25718555877894184,-0.5148062316969391,0.09851850976227598,0.8516270586590226,0.137
1,1784842890.011605,6512,-56.04,-26.85,-2077.92,-0.6365384613845742,0.6214028062398479,-0.45681214911098983,-0.5742964254983195,-0.7772461597911311,-0.25704478743945075,-0.5147838408866503,0.0987266908550139,0.8516164850886851,0.1449
1,1784842890.0714438,6515,-56.02,-26.87,-2077.94,-0.6374781643671776,0.6215858491347731,-0.4552500654700192,-0.5739658199744241,-0.7773067236772145,-0.25759948530088683,-0.5139891316517703,0.09708393008937075,0.8522850949431543,0.1449
1,1784842890.1313176,6518,-56.03,-26.87,-2077.98,-0.635950642623974,0.6213976593009471,-0.45763711514851874,-0.5739781327759345,-0.7772466381340487,-0.2577533057098803,-0.5158642100797517,0.09875531643726006,0.8509591671955653,0.1651
1,1784842890.1911542,6521,-56.03,-26.900000000000002,-2077.98,-0.6362214205224,0.6215683676600178,-0.457028520327693,-0.5739794943121566,-0.7771792847233361,-0.25795328938799156,-0.5155287035438672,0.09820959078106868,0.8512256058771931,0.1578
1,1784842890.250964,6524,-56.03,-26.900000000000002,-2077.9900000000002,-0.6370708456105406,0.6216786411991393,-0.4556933231350471,-0.5736682385552121,-0.7772667656313649,-0.258381746874498,-0.5148256887005844,0.09680930803258844,0.8518112866898514,0.1608
1,1784842890.3108227,6530,-56.0,-26.96,-2077.9900000000002,-0.6392421773350577,0.6223213926478484,-0.45175825722257423,-0.5730298297996445,-0.7772462039564157,-0.2598560228186612,-0.5128413525406521,0.09276002742660622,0.8534572774521817,0.1951
1,1784842890.3706439,6533,-56.0,-26.96,-2077.9900000000002,-0.6385797496226235,0.6221748030854222,-0.4528955925790441,-0.5729832774197032,-0.7772698029141432,-0.2598880860585654,-0.5137178867523329,0.09354233203969775,0.8528445139339832,0.1782
1,1784842890.4304845,6536,-55.870000000000005,-27.07,-2077.9700000000003,-0.6420290127151482,0.6235551655593946,-0.4460691676592408,-0.5719543166792941,-0.7769999325175907,-0.2629436527082965,-0.5105555860667218,0.0863137322322202,0.8555015681833732,0.21280000000000002
1,1784842890.4903557,6539,-55.47,-27.22,-2077.87,-0.6505456847242324,0.6270311315778807,-0.4285116942614772,-0.571187953786209,-0.7758096129508784,-0.26807417985052495,-0.5005343480084088,0.07036621693092796,0.862852224878992,0.1456
1,1784842890.5352323,6542,-55.050000000000004,-27.35,-2077.84,-0.6592956070717537,0.6301843768816903,-0.4101182190906954,-0.5702601126821228,-0.7745963711393251,-0.27350295373462014,-0.4900333727203286,0.05355476591326731,0.8700569985169447,0.17350000000000002
1,1784842890.5950437,6545,-54.86,-27.43,-2077.86,-0.6643815111453594,0.6313175532972066,-0.4000441907427695,-0.5693144003307203,-0.7742681645908119,-0.2763872697452751,-0.484229616219703,0.044124326623802244,0.8738276274962444,0.1567
1,1784842890.6549127,6548,-54.83,-27.41,-2077.8,-0.6636960782560698,0.6315573926073348,-0.40080266410109855,-0.5694386091529134,-0.7740478314296583,-0.276748306345385,-0.48502287174267233,0.0445557460050704,0.8733656733490407,0.1588
1,1784842890.699765,6551,-54.81,-27.42,-2077.81,-0.6648920528614002,0.63172076870434,-0.3985566815765991,-0.5701471624471732,-0.7739457297182643,-0.2755725323835815,-0.4825461337480486,0.044009974306525305,0.8747641687714176,0.1655
1,1784842890.7602866,6557,-54.72,-27.29,-2077.84,-0.6639498770956779,0.6322656715237446,-0.3992626720810031,-0.5699315261492955,-0.7735286211238612,-0.27718500645480976,-0.48409566844351043,0.04351543306513618,0.8739323720285138,0.1383
1,1784842890.8201263,6560,-54.61,-27.18,-2077.82,-0.6632119974156113,0.6326355477706128,-0.3999026258740647,-0.5699807122942715,-0.7732211972723045,-0.2779405830412305,-0.48504828017065504,0.04360325430241492,0.873399634828026,0.15130000000000002
1,1784842890.879966,6563,-54.5,-27.05,-2077.88,-0.6619312602723411,0.633117673458203,-0.40125929052065834,-0.5704571538276597,-0.7727623143743406,-0.27823917971712486,-0.48623620013437485,0.04472602193002184,0.8726820386837347,0.1804
1,1784842890.9398055,6566,-54.35,-26.92,-2078.0,-0.6623422741703668,0.6336898196495386,-0.3996747731835998,-0.570396708606204,-0.7723952362942645,-0.2793800167534117,-0.4857471633041577,0.04292797948264654,0.8730446047708568,0.157
1,1784842890.9852948,6569,-54.21,-26.73,-2078.03,-0.6624117456146708,0.6342898356647274,-0.3986064269980322,-0.5717786262857414,-0.7718570961898303,-0.27803925187676887,-0.48402467064656424,0.043738169072514904,0.8739605773555629,0.15
1,1784842891.0451348,6572,-53.99,-26.52,-2078.2200000000003,-0.662276180325991,0.6351988613800571,-0.39738226869639587,-0.5725339183470096,-0.7711452606458101,-0.27845987022500274,-0.4833168456768657,0.04309748815168579,0.8743840307324809,0.1399
1,1784842891.104976,6575,-53.77,-26.25,-2078.32,-0.6602676952385499,0.6359044032994843,-0.3995899904761134,-0.5725551892869334,-0.7705226133119109,-0.28013471329984724,-0.48603202141934787,0.04382342112741297,0.8728415560201702,0.11460000000000001
1,1784842891.149868,6578,-53.53,-25.94,-2078.62,-0.6603908988758865,0.6371581279249416,-0.39738316610178964,-0.5738982237524336,-0.769528757224854,-0.28011840456809245,-0.4842774922043151,0.04306984819053357,0.8738537055601149,0.15
1,1784842891.2096953,6584,-52.96,-25.13,-2079.26,-0.6609650726580805,0.6402278117049064,-0.3914505356308067,-0.576741288478988,-0.7671357238310995,-0.2808420684045249,-0.480098592884519,0.040138888147059036,0.8762957324834023,0.15910000000000002
1,1784842891.269535,6587,-52.620000000000005,-24.61,-2079.62,-0.660809164913332,0.6418641084942684,-0.3890266235020463,-0.5786069419825205,-0.7657938468763565,-0.28066668982255016,-0.4780640691959406,0.03962638405367585,0.8774306214343387,0.1578
1,1784842891.3292863,6590,-52.25,-24.080000000000002,-2080.0,-0.6597703701115125,0.6438127293344893,-0.3875670629320733,-0.5794609993270279,-0.7642490708900803,-0.2831047648884975,-0.47846421912389675,0.03779586208204355,0.8772932598781521,0.139
1,1784842891.3891165,6593,-51.870000000000005,-23.56,-2080.34,-0.6567025314006577,0.6456430840720768,-0.3897265621456475,-0.5800374580842905,-0.7626854202526676,-0.2861249673711243,-0.4819733731971956,0.03815701408534267,0.8753546194571706,0.1259
1,1784842891.4345007,6596,-51.45,-22.92,-2080.79,-0.655995199425352,0.6478594022789329,-0.38723183393114335,-0.5805750318854729,-0.7609627567137706,-0.28960026803468475,-0.48228926038434144,0.0348407487485953,0.8753189084811104,0.13520000000000001
1,1784842891.4943407,6599,-50.980000000000004,-22.11,-2081.32,-0.6554020439879626,0.6503302567395942,-0.38408165525759497,-0.5838000727805975,-0.7588435912590988,-0.28867607976131776,-0.4791926916781698,0.03502800556707659,0.8770104919943792,0.13540000000000002
1,1784842891.5541801,6602,-50.550000000000004,-21.3,-2081.75,-0.6555714001223666,0.6528099378474445,-0.37955938190119265,-0.586422338712073,-0.756790135928646,-0.2887516767406971,-0.4757467603684363,0.03328475940602646,0.8789522994965201,0.1384
1,1784842891.59906,6605,-50.07,-20.48,-2082.43,-0.6554680293563425,0.6556137489264807,-0.3748763458932534,-0.5884573698247674,-0.7544957287763745,-0.29060990891076666,-0.47337045365192537,0.030113244208697224,0.8803485708130602,0.1419
1,1784842891.6589012,6611,-49.36,-18.73,-2083.95,-0.6482848171014836,0.6613135643969342,-0.3773475393590349,-0.5861849432085916,-0.7497807844006555,-0.30694622932865373,-0.4859156390478051,0.022206865788761364,0.8737235528704737,0.1399
1,1784842891.71874,6614,-48.9,-17.740000000000002,-2084.87,-0.6450554729211455,0.6646584316462902,-0.3770047825903156,-0.5862185539293712,-0.7469159227661234,-0.31379039396926645,-0.4901543061969714,0.018594987494594074,0.8714373084488876,0.1589
1,1784842891.7785802,6617,-48.5,-16.81,-2085.86,-0.6421984892430411,0.6674427463611537,-0.37696323526815734,-0.5856085191562685,-0.7445123468613755,-0.3205682886103507,-0.4946147619163401,0.01488441133694729,0.8689848626953145,0.12940000000000002
1,1784842891.8384197,6620,-47.93,-15.59,-2087.04,-0.6424172017530406,0.6713116959038474,-0.3696494905102584,-0.5892564921180531,-0.7410922589618737,-0.3218059200877357,-0.4899764539123489,0.011084703400974604,0.8716651902892488,0.1511
1,1784842891.8833,6623,-47.34,-14.39,-2088.27,-0.6435304821663229,0.6744524274894709,-0.36191496456535194,-0.5920166024898494,-0.7382915404434363,-0.32317478813489403,-0.48516477705946,0.006286840479766251,0.8744001456642301,0.1509
1,1784842891.9431598,6626,-46.76,-13.11,-2089.7200000000003,-0.6432485893387895,0.6781153506613319,-0.35551487101261525,-0.5949132398821104,-0.7349523452934648,-0.3254585797925849,-0.4819849471992129,0.0021497314005995013,0.8761768596169824,0.1448
1,1784842892.0029798,6629,-46.26,-11.93,-2091.2,-0.6392163785012576,0.681804043334325,-0.35573257926243285,-0.5932939591636905,-0.7315254966529129,-0.3359653639388776,-0.48928999527438755,-0.003700572884746272,0.8721132989954429,0.12390000000000001
1,1784842892.0478601,6632,-45.68,-10.56,-2092.69,-0.6367309532940135,0.6859292614765475,-0.3522424468566145,-0.5944999960044203,-0.727618360147874,-0.3422590783696806,-0.4910635884160433,-0.008518815995012714,0.871082075298305,0.12390000000000001
1,1784842892.1076996,6638,-44.21,-7.57,-2095.84,-0.6329591173722724,0.6951753385966081,-0.34072570249748574,-0.5989429474251218,-0.7185718720824573,-0.35344279647719545,-0.4905406216257951,-0.019639583982454082,0.8711969841981629,0.1227
1,1784842892.1675396,6641,-43.42,-5.97,-2097.64,-0.6313604787230904,0.699904302985409,-0.3339429780202889,-0.6002609991312363,-0.7137087348502645,-0.36098001983545397,-0.4909894895295825,-0.027455572493463757,0.8707327447101872,0.1265
1,1784842892.2273796,6644,-42.81,-4.48,-2099.36,-0.6295676807990902,0.7041038143462349,-0.3284544929154375,-0.6018724034030507,-0.709315566392734,-0.36690739607534484,-0.49131878176504695,-0.03330534335564342,0.8703428110743907,0.15130000000000002
1,1784842892.28722,6647,-42.17,-2.85,-2101.18,-0.6262337403832642,0.7082394127758366,-0.32592673501344577,-0.6014021442264077,-0.7048642441719443,-0.3761407425522966,-0.4961318003569876,-0.03953898682126462,0.8673464735592588,0.1282
1,1784842892.3321817,6650,-41.52,-1.1400000000000001,-2102.82,-0.6219292972675541,0.7134385375577048,-0.32281481119646527,-0.6033855469841344,-0.6993651136752629,-0.3831635675069374,-0.4991290723760169,-0.043518856849759396,0.8654341559053161,0.11130000000000001
1,1784842892.3925273,6653,-40.83,0.5700000000000001,-2104.57,-0.6186800837818889,0.7179308801217132,-0.319077114972693,-0.6038573019366427,-0.6943519158994892,-0.39144830537953196,-0.5025846325042516,-0.04950422461134891,0.8631095057501081,0.097
1,1784842892.4523673,6656,-40.36,2.16,-2106.34,-0.6163711728426703,0.7221898297540892,-0.3138923813798457,-0.6040793305686242,-0.6893557360632023,-0.3998460097794192,-0.5051482353411857,-0.05683765438967397,0.8611589524444173,0.1129
1,1784842892.5122073,6662,-39.46,6.07,-2110.05,-0.6164853469684118,0.7305977353400916,-0.2935519819200106,-0.6133662007065672,-0.6793898703766627,-0.4027546497067073,-0.49368787791886076,-0.06823747610742087,0.8669578571363554,0.1364
1,1784842892.572047,6665,-39.160000000000004,8.15,-2111.77,-0.6172582038332541,0.7348463287777047,-0.28105725908162243,-0.6193670383714506,-0.6741527868916865,-0.40237108706410574,-0.48515645062136686,-0.0742892523054419,0.8712659326591253,0.1396
1,1784842892.6318872,6668,-39.01,10.14,-2113.7,-0.6158022546701984,0.7390741522983065,-0.27305124161526856,-0.6213680082697072,-0.6686315962639573,-0.40845267385151185,-0.48444750122385527,-0.08186077132578219,0.8709818785002996,0.1295
1,1784842892.6917272,6671,-39.050000000000004,12.11,-2115.6,-0.6119875401723253,0.7428598648221487,-0.27134935398899596,-0.6200405519352388,-0.663658619595451,-0.4184578241501825,-0.49093886037842943,-0.08784337125292617,0.8667540467152429,0.1424
1,1784842892.7515676,6674,-38.99,14.14,-2117.5,-0.608557136078866,0.7471427942310052,-0.2672748719131197,-0.6212150707071704,-0.658150558983807,-0.4253582932488651,-0.4937104901192335,-0.09281964629316518,0.8646585830304571,0.1333
1,1784842892.8118534,6680,-38.730000000000004,18.0,-2120.92,-0.6022718015364943,0.7549871581451557,-0.25935124466616144,-0.6218003294233636,-0.6474144550216662,-0.44070270450497073,-0.500632627185826,-0.1041581224144355,0.8593707338117336,0.1456
1,1784842892.871666,6683,-38.46,19.94,-2122.58,-0.600877375903025,0.7589921248678738,-0.2507535314137062,-0.6248020145404934,-0.641627130583381,-0.4449011889459029,-0.4985667675989203,-0.1106597473695235,0.8597590351709469,0.12200000000000001
1,1784842892.9315233,6686,-38.29,21.71,-2124.17,-0.5992087585205371,0.7621894221180985,-0.244981935096357,-0.6243985557677831,-0.6364369511511044,-0.45285146655895164,-0.501074153461724,-0.11838619860763186,0.8572685697678709,0.1457
1,1784842892.9913447,6689,-38.04,23.63,-2125.76,-0.5976916190309199,0.7658690814192305,-0.23708496086057762,-0.6269312413364072,-0.6308008381764267,-0.4572171488388303,-0.4997218698201923,-0.12463888912366614,0.857171628171062,0.1217
1,1784842893.0511854,6692,-37.86,25.63,-2127.54,-0.5966693816417545,0.7697530439457924,-0.22686097140635172,-0.6297153756666759,-0.6243461257198819,-0.46222338857694234,-0.49743762891464466,-0.1329367016093028,0.8572535440025988,0.11910000000000001
1,1784842893.1110253,6698,-37.78,29.68,-2130.82,-0.5894467378081584,0.7768129134097347,-0.22161732975379014,-0.6303339227344038,-0.6138748464128582,-0.47522291484296963,-0.5052046012632692,-0.1404256760762422,0.8514980565808423,0.12240000000000001
1,1784842893.1708648,6701,-37.85,31.79,-2132.41,-0.5864106116963709,0.7797154833059834,-0.21946835667768871,-0.629710576824952,-0.6092507709455837,-0.48195237061041474,-0.509496991085006,-0.1444204389798376,0.8482662040186421,0.1338
1,1784842893.2157784,6704,-37.730000000000004,34.05,-2133.91,-0.5846199411066391,0.7837737384453318,-0.2095668184229042,-0.634459161700924,-0.6026601369831437,-0.4840065406843376,-0.505649183322025,-0.14999828737317994,0.8495995628476288,0.1363
1,1784842893.2756066,6707,-37.660000000000004,36.13,-2135.46,-0.5841273041555308,0.7854584628948903,-0.20457344795155732,-0.6327459609397159,-0.5985247484075581,-0.4913254262280196,-0.5083579855323096,-0.1575535737787811,0.8466103176403337,0.158
1,1784842893.3354533,6710,-37.58,38.08,-2136.91,-0.582591420595198,0.7876967798142296,-0.20030232080323634,-0.6305567786637448,-0.593540289673874,-0.5001080617377158,-0.5128210073018368,-0.16505667997432605,0.8424790245850532,0.1298
1,1784842893.380939,6713,-37.480000000000004,39.85,-2138.38,-0.583866872629417,0.7883206670882414,-0.19403608140625306,-0.6269083028503741,-0.589653544202321,-0.5092098561761201,-0.5158347166129937,-0.1756679357514954,0.8384839422944251,0.1704
1,1784842893.440812,6716,-37.32,41.59,-2139.93,-0.5819916663344608,0.7909318756036088,-0.1889774284706909,-0.6278697118721258,-0.5847378310959055,-0.5136743071235603,-0.5167836348326553,-0.18030096239181248,0.8369147135340225,0.134
1,1784842893.5011601,6719,-37.0,43.480000000000004,-2141.46,-0.5827342046933325,0.7934516160107059,-0.17565699453886904,-0.6336773104952638,-0.5789761707552809,-0.5130688646381116,-0.5087965338363836,-0.18767292491872928,0.8401815044432546,0.1409
1,1784842893.5609632,6725,-36.54,47.06,-2144.4700000000003,-0.5832323071074319,0.7975257214709677,-0.15424914760981462,-0.6429808634414222,-0.5693009739911944,-0.5123202223812764,-0.496402744950373,-0.19962245516196248,0.8448284975075386,0.1584
1,1784842893.620804,6728,-36.43,48.6,-2145.91,-0.5815784999935694,0.7998325738964058,-0.14843955699031386,-0.6427135910482902,-0.563631730661082,-0.5188819827993691,-0.4986839562559049,-0.20636648450328415,0.8418593622730074,0.171
1,1784842893.680669,6731,-36.33,50.050000000000004,-2147.15,-0.5794644168426374,0.8017458234963704,-0.1463715276935685,-0.63997703384922,-0.5588288843250172,-0.5273894900257409,-0.5046289585019638,-0.21192902715339293,0.8369203675924249,0.15330000000000002
1,1784842893.7411292,6734,-36.24,51.45,-2148.23,-0.5772287779016012,0.8042135282846254,-0.1415893318234741,-0.6418683995960843,-0.5540401173851012,-0.5301363088186516,-0.5047889614107913,-0.21512821584324388,0.8360071502002343,0.162
1,1784842893.8009694,6737,-36.06,52.84,-2149.28,-0.5773433706386715,0.8059679739587756,-0.1307297109778951,-0.6483291911295729,-0.5498421981894723,-0.5266334750274072,-0.49633042653946896,-0.21929245778857825,0.8399803126551201,0.155
1,1784842893.8458495,6740,-35.96,54.17,-2150.35,-0.5758454687783151,0.8079543919716929,-0.12494677499293244,-0.6530286683199007,-0.5465066255675104,-0.5242938742376743,-0.49188977875111384,-0.22031842570349158,0.8423207446428678,0.15960000000000002
1,1784842893.905689,6746,-35.99,56.660000000000004,-2152.19,-0.5705092737075684,0.8120713640080008,-0.12271621071336981,-0.6631079989836836,-0.5436147507015479,-0.5145588251148251,-0.4845688292673375,-0.21218648066707577,0.8486282738187567,0.16590000000000002
1,1784842893.9655294,6749,-35.97,57.69,-2152.91,-0.5681230915468757,0.8139240883950638,-0.1215060952441661,-0.6669285384383914,-0.5418710631415556,-0.5114509512614783,-0.48212288627242234,-0.20953121309271386,0.8506786662848931,0.156
1,1784842894.0253866,6752,-35.85,58.620000000000005,-2153.67,-0.5658420612051569,0.8158366556755231,-0.11930344935196753,-0.6693538232876057,-0.5390152927183806,-0.5113002772011603,-0.48144389187252573,-0.2094589827911339,0.8510809089074548,0.16060000000000002
1,1784842894.08521,6755,-35.800000000000004,59.44,-2154.39,-0.5655753734672875,0.8166852082963083,-0.11467243556039824,-0.6699793258104035,-0.5360870561342047,-0.5135546428881731,-0.48088688889797704,-0.21362569788154537,0.8503598422377713,0.15940000000000001
1,1784842894.1300902,6758,-35.72,60.28,-2154.98,-0.5642530756010578,0.8179791929787242,-0.1119308113462168,-0.6702913362017258,-0.5330287722833345,-0.5163233991705455,-0.48200414032210587,-0.21631081288737392,0.8490474903916454,0.15560000000000002
1,1784842894.1899292,6761,-35.61,61.15,-2155.56,-0.563493325834609,0.8192059336636958,-0.10666259883409829,-0.6723186627635905,-0.529775692214521,-0.5170351357871171,-0.4800655032801551,-0.21963459242300104,0.8492925046010672,0.1418
1,1784842894.2497685,6764,-35.550000000000004,61.93,-2156.05,-0.5626995835694437,0.8202230786813729,-0.10297222853383722,-0.6728787762212594,-0.5268139211461429,-0.5193276855681831,-0.48021175658427473,-0.22293764528467538,0.8483486754590763,0.1297
1,1784842894.3096418,6770,-35.38,63.33,-2157.11,-0.5608244803715939,0.822092119743044,-0.09818578752711793,-0.6718364049282474,-0.5211810478891564,-0.5263137470504159,-0.483850955593786,-0.22920484719470824,0.8446025046099679,0.1442
1,1784842894.369449,6773,-35.26,63.97,-2157.69,-0.5612643098454835,0.8223303774879078,-0.093568823623408,-0.6707048415302058,-0.5181632406269768,-0.5307182601068964,-0.4849096720437889,-0.23511615496078728,0.8423674991563008,0.1491
1,1784842894.4143622,6776,-35.230000000000004,64.56,-2158.09,-0.5600013966034711,0.8233384521790978,-0.09226174161313563,-0.6715543387516127,-0.5163165321555698,-0.5314433259781617,-0.48519398791209883,-0.2356502318822829,0.8420544889184906,0.1636
1,1784842894.474169,6779,-35.160000000000004,65.01,-2158.46,-0.5593854142505631,0.8239210187538152,-0.09078608472338369,-0.6710243299197572,-0.5144141254382494,-0.5339517358388697,-0.48663570253267174,-0.2377651412744865,0.8406268081706987,0.18330000000000002
1,1784842894.5340087,6782,-35.160000000000004,65.39,-2158.76,-0.5587130058377591,0.8244568120061305,-0.09005965936213846,-0.6712317625910356,-0.513292063958856,-0.5347702104322843,-0.48712185128227214,-0.2383321678111161,0.8401845510301806,0.1598
1,1784842894.579495,6785,-35.11,65.67,-2158.93,-0.5584474316367798,0.8248403777228,-0.08817492487319183,-0.6723650060242464,-0.5123290775727113,-0.5342697960277278,-0.4858618782867198,-0.2390758614992398,0.8407026630599531,0.18330000000000002
1,1784842894.6393352,6788,-35.11,65.76,-2159.01,-0.5582194287786665,0.8249841433537836,-0.08827362317727329,-0.6719581931639814,-0.5119374753798782,-0.5351562462883847,-0.4866859931966574,-0.23941842977619862,0.8401282994338916,0.17880000000000001
1,1784842894.699175,6791,-35.08,65.81,-2159.02,-0.5586916426251841,0.8248292261563822,-0.0867202175910393,-0.6715035366114801,-0.5112331396043048,-0.5363988043318144,-0.4867716597944547,-0.24144859628622617,0.8394974249944801,0.1647
1,1784842894.7590146,6797,-35.050000000000004,65.89,-2159.05,-0.5586341540313738,0.82495607297278,-0.08587991392043141,-0.6728052540785667,-0.5112691855029908,-0.5347306892627202,-0.48503708315336747,-0.2409383689254118,0.8406472092058805,0.16670000000000001
1,1784842894.8195193,6800,-35.03,65.91,-2159.03,-0.558160664619586,0.8251474677563396,-0.087111014956333,-0.6722237389758354,-0.5112482387950218,-0.5354815431799085,-0.4863865923612305,-0.24032664185289318,0.8400423727330314,0.1631
1,1784842894.8800817,6803,-35.0,65.95,-2158.92,-0.5582876328387084,0.825127489171345,-0.08648436640887064,-0.6717161414693148,-0.5107321919507396,-0.5366097775802904,-0.48694182846509215,-0.24148965758182106,0.8393869197051427,0.14250000000000002
1,1784842894.9399219,6806,-34.96,65.97,-2158.9,-0.5584153705572581,0.8251051002983194,-0.08587110915261566,-0.6721378874867293,-0.5106862084098663,-0.5361252248727267,-0.48621284858616926,-0.24166334021041555,0.8397594273767147,0.14600000000000002
1,1784842895.000012,6809,-34.93,66.04,-2158.89,-0.5577495233426812,0.8255409709256788,-0.08600915378085798,-0.6723897217049383,-0.5101541236171485,-0.5363159817700516,-0.48662874078353324,-0.24129831221852008,0.8396234829755098,0.1378
1,1784842895.0448914,6812,-34.910000000000004,66.05,-2158.86,-0.5579064340384472,0.8253904637677729,-0.08643490718294551,-0.6718335074222048,-0.5103309994252802,-0.5368444926888725,-0.48721673735954724,-0.24143912969279713,0.8392419183345782,0.1615
1,1784842895.1055872,6818,-34.92,66.1,-2158.79,-0.5576784188175129,0.8254854901951214,-0.08699704973456752,-0.6710434089710429,-0.5100505665059515,-0.5380977261459852,-0.48856475974196134,-0.24170669226208452,0.8383807908426824,0.1651
1,1784842895.1651113,6821,-34.910000000000004,66.13,-2158.76,-0.5575018180696847,0.8256398981654929,-0.08666303367798112,-0.6716648717270033,-0.5099428734984076,-0.537424009378196,-0.48791190079454355,-0.24140634690384938,0.8388473953810633,0.18280000000000002
1,1784842895.2249444,6824,-34.89,66.23,-2158.7,-0.5579952566633598,0.8258200498537424,-0.08162437626563407,-0.6761995337875972,-0.5094952646145946,-0.532136040727125,-0.48103584486670786,-0.241735021448831,0.842715073650938,0.1456
1,1784842895.285261,6827,-34.76,66.33,-2158.63,-0.5591249165848454,0.8254869207287877,-0.07714059475849049,-0.6780119777786277,-0.5088090653677281,-0.5304838291487616,-0.47715729654140576,-0.24430447950318696,0.8441778459850587,0.155
1,1784842895.3301408,6830,-34.730000000000004,66.38,-2158.59,-0.5596197282419068,0.8253832206751203,-0.07462103450381963,-0.6797486711668336,-0.5086500865929915,-0.5284097211973551,-0.4740965131799416,-0.24498495553177968,0.8457037706867065,0.1477
1,1784842895.3899972,6833,-34.72,66.41,-2158.52,-0.559892091081909,0.8252765369317748,-0.07375285712312456,-0.6792290815848524,-0.5081356225585558,-0.5295715662839412,-0.47451944225007797,-0.24640784621623887,0.8450529405012145,0.1633
1,1784842895.4498427,6836,-34.71,66.45,-2158.56,-0.5591977273722749,0.8257308291046778,-0.07393578002418066,-0.6812464811772698,-0.5085039943498585,-0.5266183813862053,-0.4724416721514631,-0.24411531208906226,0.8468804997273165,0.162
1,1784842895.4946995,6839,-34.69,66.47,-2158.4900000000002,-0.559681287782255,0.8255303590564304,-0.07250160262061853,-0.681498837893767,-0.508273587077914,-0.5265142872025371,-0.4715041781955302,-0.2452704363658848,0.8470691961044543,0.1414
1,1784842895.5545397,6845,-34.7,66.5,-2158.5,-0.5595415149143492,0.8256852359051908,-0.07181353838618561,-0.6825163877800533,-0.5082047041467281,-0.525261229384774,-0.470196420125699,-0.24489154720268638,0.8479053346981911,0.17320000000000002
1,1784842895.6144097,6848,-34.69,66.56,-2158.52,-0.559459536062436,0.8257746962672657,-0.07142253505378555,-0.6832257785646907,-0.5082316907115977,-0.5243120102201584,-0.4692627867341245,-0.24453363687054644,0.8485256256739613,0.1832
1,1784842895.6742198,6851,-34.69,66.55,-2158.55,-0.5587513556080981,0.8261022116128958,-0.07315776496309241,-0.6831435079430476,-0.5084784747021883,-0.5241799197983488,-0.4702253397695407,-0.24290898857971158,0.8484593997981291,0.1859
1,1784842895.734088,6854,-34.71,66.55,-2158.52,-0.5584971583072317,0.8262240764364731,-0.0737204156217525,-0.6828423790788458,-0.5083894064494849,-0.5246584572308753,-0.4709641276113169,-0.24268083345546135,0.848114852821641,0.1557
1,1784842895.7789733,6857,-34.75,66.57000000000001,-2158.57,-0.558176682320016,0.8264556109872091,-0.073552120173238,-0.6843141155487439,-0.5086737519301646,-0.5224607213542753,-0.46920462761460496,-0.24129263802496756,0.849485067708663,0.1782
1,1784842895.8387792,6860,-34.800000000000004,66.58,-2158.62,-0.5577443982960577,0.8265760376870736,-0.0754535624798873,-0.6832263953542407,-0.5088259414731982,-0.5237345262393578,-0.4712991394651803,-0.24055813269447202,0.8485333852795242,0.168
1,1784842895.89862,6863,-34.83,66.58,-2158.64,-0.5574550046866372,0.8266770308987419,-0.07647878355636743,-0.6830183890343298,-0.5090397377695398,-0.5237980771370461,-0.4719425791245901,-0.23975744400530832,0.848402363300145,0.1487
1,1784842895.9584599,6869,-34.94,66.58,-2158.7,-0.5556534817477258,0.8273168787124465,-0.08243779727239814,-0.6816183878903614,-0.5100727934142789,-0.5246161632167838,-0.4760730842122611,-0.23531367919449464,0.847338120747896,0.1626
1,1784842896.0183327,6872,-35.01,66.57000000000001,-2158.67,-0.5541449267366656,0.8278517002271144,-0.08709169078098881,-0.6807046979412668,-0.5108808628248296,-0.5250160551831214,-0.4791289120609444,-0.23165126036875675,0.8466245798444917,0.1529
1,1784842896.0781684,6875,-35.07,66.57000000000001,-2158.64,-0.5536083270400477,0.8280171810326875,-0.088912137228848,-0.6811499810298708,-0.5116472872875168,-0.5236905161966676,-0.4791163987747931,-0.229356929971621,0.8472560859026428,0.1642
1,1784842896.138012,6878,-35.13,66.56,-2158.67,-0.5530223581305341,0.8282352595673524,-0.09051312731943086,-0.6813032827493504,-0.5120775323815707,-0.5230702034573944,-0.479574924618356,-0.22760262660918845,0.8474697257353189,0.1386
1,1784842896.1978369,6881,-35.15,66.57000000000001,-2158.71,-0.5526553258380535,0.8283594322005006,-0.09161190920016449,-0.6814358662330674,-0.512424476900055,-0.5225574759630699,-0.4798095987306049,-0.22636653144440202,0.8476679434824739,0.14980000000000002
1,1784842896.2576594,6887,-35.160000000000004,66.58,-2158.68,-0.5523320013684573,0.828430311302041,-0.09291167623241922,-0.6809495684104551,-0.5126559400163934,-0.5229642171769721,-0.48087113195317677,-0.22558170688668777,0.8472755443019461,0.14100000000000001
1,1784842896.3175008,6890,-35.18,66.55,-2158.7,-0.5520267464691947,0.8284975279749678,-0.09411863429737378,-0.6803992066755752,-0.5128215091557419,-0.523517926438508,-0.48199936798494164,-0.2249576535408271,0.8468002499855097,0.1385
1,1784842896.3623798,6893,-35.18,66.56,-2158.66,-0.552612941827783,0.8282953062629769,-0.0924436160433209,-0.6808456809074049,-0.5126241967791679,-0.5231305684685661,-0.48069542884676536,-0.22614888569089725,0.8472240472192641,0.1559
1,1784842896.422093,6896,-35.19,66.56,-2158.62,-0.552364823913864,0.8283127269230115,-0.09376101385955084,-0.6803311000709927,-0.5129391572095661,-0.5234911797512286,-0.48170810204811687,-0.2253695796209085,0.846856455960924,0.1739
1,1784842896.4830625,6899,-35.19,66.57000000000001,-2158.66,-0.5511837927936956,0.828799871552122,-0.09637011713567073,-0.6798429034117689,-0.5130523293270924,-0.5240142498565294,-0.48374585604655373,-0.22331162147821845,0.8462398398034425,0.1603
1,1784842896.527961,6902,-35.22,66.56,-2158.66,-0.5517041189861518,0.8285934968244918,-0.09515977151020649,-0.6808571118822009,-0.5133337273477036,-0.5224194460074604,-0.48172207577932546,-0.22343075300297008,0.8473621069645393,0.1653
1,1784842896.5877826,6905,-35.22,66.57000000000001,-2158.61,-0.5516566381875381,0.8286270346227845,-0.09514300308416881,-0.6811335663651142,-0.5133986873591081,-0.521995069506107,-0.48138551942737556,-0.22315695218880224,0.8476254811975866,0.13520000000000001
1,1784842896.6476567,6908,-35.25,66.56,-2158.65,-0.5513105146576717,0.8286964035678921,-0.09653490115774008,-0.6807111479798648,-0.5136969514149432,-0.5222525970475671,-0.4823785333571842,-0.22221096467239176,0.8473094108621343,0.15560000000000002
1,1784842896.7074637,6914,-35.35,66.57000000000001,-2158.6,-0.5494909133044941,0.8292341759994776,-0.1021294156952844,-0.6797291650418926,-0.514770201953881,-0.5224747853933351,-0.48582712808903966,-0.21767480454758123,0.846516202489904,0.1471
1,1784842896.7673032,6917,-35.4,66.57000000000001,-2158.63,-0.5485926744984603,0.829510910792659,-0.1046791591605503,-0.6802839716478797,-0.5156361393814868,-0.5208964289402864,-0.48606562870214687,-0.2145484109465492,0.8471771856906307,0.13720000000000002
1,1784842896.8126981,6920,-35.42,66.58,-2158.62,-0.5481980026856326,0.8295267136818882,-0.10660385142953142,-0.6793566622526828,-0.5160067137514928,-0.5217390121663118,-0.4878047512113603,-0.2135942477022998,0.8464183493073099,0.1398
1,1784842896.8732228,6923,-35.44,66.58,-2158.59,-0.547987923965045,0.8296335394809323,-0.10685235307105061,-0.6803266848353838,-0.5163574365997464,-0.5201255613494067,-0.48668761756323375,-0.2123280194333272,0.8473794752495155,0.1729
1,1784842896.9330897,6926,-35.46,66.58,-2158.67,-0.5479487679604707,0.8295549454121719,-0.10766030017054008,-0.6790679409661271,-0.5162733242311942,-0.5218511150120279,-0.48848631428385675,-0.2128390171690347,0.8462155006426509,0.14070000000000002
1,1784842896.9779406,6929,-35.47,66.56,-2158.58,-0.5480506731731989,0.8296371571959099,-0.10650186399444943,-0.6807370717930227,-0.5163854656929696,-0.5195604776228803,-0.4860426922823387,-0.21224570247932809,0.8477701711301195,0.1437
1,1784842897.0378094,6932,-35.480000000000004,66.57000000000001,-2158.65,-0.5478847038585402,0.8295873422279118,-0.10773668313563901,-0.6794103174444421,-0.516400616086252,-0.5212792190906727,-0.4880819314704058,-0.21240349648950851,0.8465581981477407,0.1379
1,1784842897.098127,6935,-35.49,66.58,-2158.58,-0.5473473204821335,0.8298150210413776,-0.10871035652193888,-0.6800109433887681,-0.5166868674453631,-0.5202113011854085,-0.48784836540932125,-0.2108120296937444,0.8470904677210441,0.1368
1,1784842897.1430326,6938,-35.5,66.59,-2158.61,-0.5469833858978916,0.8298986150367734,-0.1098975173137405,-0.6797393851902922,-0.5169183362071222,-0.5203362392856992,-0.4886343661397569,-0.20991360711708573,0.8468605161266476,0.16160000000000002
1,1784842897.202847,6944,-35.53,66.57000000000001,-2158.63,-0.5469921076607582,0.8297774180842634,-0.11076583676502037,-0.679788996593019,-0.5174932098969852,-0.5196996226875401,-0.4885555795074888,-0.20897419493307898,0.8471382600167303,0.1557
1,1784842897.2627165,6947,-35.550000000000004,66.57000000000001,-2158.61,-0.5468165466032103,0.8298752341423931,-0.11089977510368217,-0.6800277831336903,-0.5174884896888733,-0.5193918339806737,-0.4884197769615987,-0.20859712077743808,0.8473094845899845,0.14170000000000002
1,1784842897.3225267,6950,-35.550000000000004,66.58,-2158.65,-0.5457740126462758,0.8302179575620134,-0.11344104222697154,-0.678700538593812,-0.5173886217324947,-0.521224129347653,-0.49142273658475777,-0.2074780881040411,0.8458466391280629,0.1413
1,1784842897.3824005,6953,-35.57,66.57000000000001,-2158.63,-0.5463074044325676,0.8300801648337391,-0.1118710856823316,-0.6801562353114778,-0.5175984787544917,-0.5191139666373404,-0.48881051075960785,-0.2075059872404375,0.8473520813866587,0.1454
1,1784842897.4272466,6956,-35.58,66.56,-2158.69,-0.5460237917338999,0.830076115712751,-0.11327692167324499,-0.6797083198213418,-0.5179811291348569,-0.519318928815258,-0.48974954704030416,-0.20656522452583936,0.8470396621117612,0.1301
1,1784842897.4870868,6959,-35.6,66.57000000000001,-2158.59,-0.5460705589611942,0.8300053767907273,-0.11356944630617635,-0.6794003463078105,-0.518084942331474,-0.5196182848651691,-0.49012459035701905,-0.20658912611237742,0.846816874477291,0.1464
1,1784842897.5469282,6962,-35.61,66.57000000000001,-2158.64,-0.5462810051192452,0.8299700647764457,-0.11281292045191445,-0.6800753891547553,-0.5181244323560005,-0.5186950333883876,-0.4889524808321515,-0.2066319534117486,0.8474837504739129,0.15080000000000002
1,1784842897.591807,6965,-35.61,66.55,-2158.6,-0.5461365711445899,0.8300097384326771,-0.11321960857267309,-0.6798116288905562,-0.5181109114801143,-0.5190541711906511,-0.4894803314573518,-0.20650645876621912,0.8472095889472904,0.15910000000000002
1,1784842897.6516483,6971,-35.63,66.51,-2158.62,-0.5456571300315334,0.8301007200512737,-0.11485247501080265,-0.6796672254685572,-0.5185526964697252,-0.5188020466496354,-0.49021501310101023,-0.20502657280053674,0.8471442293824839,0.1453
1,1784842897.7114866,6974,-35.65,66.46000000000001,-2158.53,-0.5462934120366436,0.8298055682645415,-0.11395712721248667,-0.6800953573191532,-0.518860905004389,-0.5179321057927955,-0.4889108435270126,-0.20544118412622986,0.8477972086215649,0.13540000000000002
1,1784842897.7713265,6977,-35.67,66.39,-2158.52,-0.546479932459826,0.8296508724239157,-0.1141889368762989,-0.6794181080390768,-0.518922869433331,-0.5187582192579501,-0.4896434599658258,-0.2059089251715756,0.847260760715012,0.15990000000000001
1,1784842897.831843,6980,-35.69,66.29,-2158.44,-0.5470958893329512,0.8293329427010115,-0.1135471621215952,-0.6788980511851964,-0.5189687818802773,-0.519392760375656,-0.48967695879215073,-0.20707069706885536,0.8469582058422297,0.1746
1,1784842897.8767216,6983,-35.72,66.17,-2158.32,-0.5464202131802374,0.8293905878463034,-0.1163451907902823,-0.6785030496577562,-0.5198240381526054,-0.5190535434459945,-0.49097715041862006,-0.2046807810974979,0.8467864049547145,0.1384
1,1784842897.936533,6986,-35.76,65.96000000000001,-2158.09,-0.547353521182478,0.828860084573175,-0.11573712909214497,-0.6786156837713636,-0.5204992150877591,-0.518229023533564,-0.48978043712327585,-0.205113449813453,0.8473745311944164,0.15960000000000002
1,1784842897.9963732,6989,-35.81,65.68,-2157.87,-0.5467749028978979,0.8287101075713759,-0.11948540986259895,-0.6771659427262612,-0.5216181638195893,-0.518999785342089,-0.4924261280361234,-0.20286460702280998,0.8463819821125874,0.16920000000000002
1,1784842898.056214,6995,-35.92,64.52,-2156.88,-0.5508660294716705,0.8261050166047736,-0.11873128953457444,-0.674940849988136,-0.5246381547248802,-0.518854175683462,-0.4909190020679673,-0.20568254215489223,0.8465773592893279,0.16160000000000002
1,1784842898.116053,6998,-35.96,63.65,-2156.18,-0.5545742924278382,0.8240657712513385,-0.11559826482304673,-0.6756965780083667,-0.5270299900402021,-0.5154352763112044,-0.4856763208618944,-0.20773780168799585,0.8490957055031506,0.1426
1,1784842898.160933,7001,-36.09,62.550000000000004,-2155.2400000000002,-0.5586123917890049,0.8212461980623379,-0.11621909442050841,-0.672321233746711,-0.5303920487529717,-0.5163994900006448,-0.48573280143826825,-0.21033058928216072,0.8484248280308346,0.199
1,1784842898.2213674,7004,-36.09,61.2,-2154.33,-0.5624124854956388,0.8187152651220272,-0.1157476168859918,-0.6706976589925717,-0.5335743940624191,-0.5152310318903608,-0.4835874754173245,-0.2121407095705369,0.849199312860301,0.15430000000000002
1,1784842898.2812417,7007,-36.07,59.67,-2153.4,-0.5672113930684357,0.8156174469778791,-0.11419026122507701,-0.6688347075676448,-0.5370946157790796,-0.5139936844495524,-0.48055319115189293,-0.2151686638114611,0.8501594418621267,0.15710000000000002
1,1784842898.3260868,7010,-36.0,58.01,-2152.52,-0.5716889517942386,0.8121966807186808,-0.11622518757120673,-0.6659593398965856,-0.5420911523323304,-0.5124795997574052,-0.4792388757195191,-0.21557767600696423,0.8507974880114115,0.16970000000000002
1,1784842898.3865523,7013,-35.96,56.22,-2151.7,-0.5733360735314316,0.8097674846630737,-0.12474921871498622,-0.6608901535789485,-0.5470726789970847,-0.5137467165805992,-0.48426227572458563,-0.21210399495858492,0.8488238590147276,0.1626
1,1784842898.4468248,7016,-35.76,54.52,-2151.12,-0.5775142452492441,0.8063755533187815,-0.12741963562977554,-0.6586499511287561,-0.5524407983670321,-0.5108712226948032,-0.482345870110114,-0.21111047181375225,0.8501616494986656,0.1537
1,1784842898.4917057,7019,-35.56,52.77,-2150.64,-0.5805051661073973,0.8035242698398382,-0.13176683915529722,-0.656019035860388,-0.5573890611494788,-0.5088776464924641,-0.48234093410307805,-0.20896454792442037,0.8506944463197775,0.15940000000000001
1,1784842898.5515451,7025,-35.22,49.14,-2150.1,-0.5868050078293023,0.7970796473249043,-0.14256198163205464,-0.6488817240224958,-0.5682124809015393,-0.5060504765112974,-0.4843680326116143,-0.2044470894097631,0.8506403450435621,0.1516
1,1784842898.6120255,7028,-35.07,47.37,-2149.92,-0.5911255411147164,0.7937674106774703,-0.14319180279687066,-0.6492588039272473,-0.5736052291681867,-0.49943973269441855,-0.47857455026860135,-0.20226304362709502,0.8544331811311578,0.15
1,1784842898.671888,7031,-34.92,45.64,-2149.59,-0.5928282339872627,0.7913213241631448,-0.149550148486153,-0.6483523558841714,-0.5791232432819444,-0.49422210767027275,-0.47769645969693775,-0.1960276281938056,0.8563756543583679,0.1595
1,1784842898.7323205,7034,-34.82,43.85,-2149.21,-0.596484665138114,0.788022075021011,-0.15240489996929812,-0.6468122854117161,-0.5843727192751742,-0.49004325564934664,-0.47522616899276965,-0.19372592559210602,0.8582717250719245,0.1531
1,1784842898.792161,7037,-34.61,42.08,-2148.82,-0.5998273524318806,0.785122137022925,-0.15424129547924584,-0.6467720508526619,-0.5892554292586482,-0.4842147801596396,-0.47105526375405504,-0.1906863105882584,0.861246578770468,0.16090000000000002
1,1784842898.8519723,7043,-34.38,38.24,-2148.11,-0.6075574891942971,0.7781142542659418,-0.15941174559008783,-0.6452452441499192,-0.6005556931456721,-0.47221968863256064,-0.4631765022384369,-0.18404093767007024,0.8669466310192852,0.1426
1,1784842898.9118125,7046,-34.39,36.22,-2147.91,-0.611782605028317,0.774368111616113,-0.16148087161289756,-0.6452229510938641,-0.6066060970341393,-0.4644527816933961,-0.4576127047695367,-0.179952968169751,0.8707511364795371,0.1578
1,1784842898.971686,7049,-34.38,34.25,-2147.86,-0.616725804506308,0.7704679903585693,-0.1613330650823776,-0.6460063218751007,-0.6124911896385087,-0.4555550183156895,-0.44980564041978294,-0.17673035519692648,0.8754663142568748,0.1507
1,1784842899.0315173,7052,-34.42,32.31,-2147.91,-0.621730681255137,0.7666422560894256,-0.16034528731502787,-0.6463841107345397,-0.6178458989130058,-0.44772092489216775,-0.44231045813539327,-0.1747171896937889,0.8796791245957604,0.1444
1,1784842899.0763721,7055,-34.49,30.35,-2148.05,-0.6251644656975833,0.7629737104428548,-0.16443998297895232,-0.6433150855660705,-0.623019501641769,-0.4449633706915223,-0.441944670193198,-0.1723885661727733,0.8803221516812585,0.1694
1,1784842899.1362405,7058,-34.52,28.39,-2148.04,-0.6282990743379346,0.7594576600841637,-0.16871376863072327,-0.6413033366369224,-0.6283678286780273,-0.44032249806342105,-0.4404205985242341,-0.16845751518394192,0.8818456565485862,0.1519
1,1784842899.1960516,7061,-34.44,26.43,-2147.94,-0.6329854466458469,0.7552589647239317,-0.17003917354154813,-0.6392465909822421,-0.6338029250755078,-0.43549701271456764,-0.4366843485312244,-0.16696630908619012,0.8839847461229152,0.15510000000000002
1,1784842899.240932,7064,-34.18,24.62,-2147.78,-0.6362929875618205,0.7522634612431438,-0.17097052043594513,-0.6388247678282998,-0.6380445207008713,-0.4298861542463473,-0.4324744500993924,-0.16431334237389364,0.8865477852485718,0.1515
1,1784842899.3008053,7070,-33.660000000000004,21.07,-2147.15,-0.6420079175808557,0.7463902326411377,-0.1752924823870138,-0.6369857121411377,-0.6465077073933578,-0.41985353018526816,-0.4267025149815041,-0.15789048387693508,0.8905029807976874,0.13240000000000002
1,1784842899.3612852,7073,-33.36,19.39,-2146.83,-0.6445538718570157,0.7437084900462134,-0.1773358060497395,-0.6366361432858081,-0.650512393927162,-0.4141594456357657,-0.4233730356745711,-0.15404969062070178,0.8927619870286617,0.1298
1,1784842899.421125,7076,-33.21,17.85,-2146.67,-0.646469932133467,0.7413547382553773,-0.18019372606628548,-0.6357178634124017,-0.6540157432433513,-0.4100319569597201,-0.421828667809244,-0.15052096085312439,0.894093963383117,0.12760000000000002
1,1784842899.4809651,7079,-33.13,16.330000000000002,-2146.57,-0.6491964791181634,0.7382314537713394,-0.18318911584271297,-0.6328234901683979,-0.6578408565114713,-0.40838687270202717,-0.4219933196054978,-0.1491969442277851,0.8942381729949933,0.11130000000000001
1,1784842899.5258446,7082,-33.11,14.81,-2146.64,-0.6519099186152099,0.7354645917508958,-0.18467618225369048,-0.6304091088859407,-0.6609945128278837,-0.40702654636407043,-0.42142355587311975,-0.14892309522742453,0.8945524569655704,0.12350000000000001
1,1784842899.5857215,7085,-33.21,13.3,-2146.73,-0.6544631535056425,0.7319062775597803,-0.18971341958869306,-0.6252906381390727,-0.6649904432925319,-0.40841073465964783,-0.42507599151102515,-0.14866375213274988,0.8928658859216938,0.11750000000000001
1,1784842899.6455245,7088,-33.36,11.78,-2146.9,-0.6564270410584094,0.7284536564918564,-0.19610917905836442,-0.6194848880102849,-0.6688605504111629,-0.41093069687060463,-0.43051366214579756,-0.1482593486000814,0.8903241837996392,0.1443
1,1784842899.6904042,7091,-33.63,10.22,-2147.19,-0.6588226665463646,0.7247349817560774,-0.20177190157144356,-0.6131187472628066,-0.6726818086859719,-0.41422769827458006,-0.4359335910429762,-0.149192461210304,0.8875266270475424,0.1253
1,1784842899.7502446,7097,-33.89,7.3,-2148.06,-0.6636361452337073,0.7199810718182909,-0.2030131103222901,-0.6093176206861117,-0.6777039185820937,-0.41164236402475657,-0.43395749084531426,-0.1494812863266151,0.8884459697569567,0.126
1,1784842899.8100855,7100,-33.97,5.93,-2148.4900000000002,-0.6677589668597774,0.7169661637511746,-0.2001436539445766,-0.6089690661145395,-0.6807972785922777,-0.4070279375877459,-0.42808251388482105,-0.14991526105527878,0.8912187025690044,0.1321
1,1784842899.869946,7103,-34.07,4.53,-2148.83,-0.6716091808654923,0.7140023494413285,-0.197842748589493,-0.6080469945879469,-0.6837392789885358,-0.4034593545089793,-0.42334378529718314,-0.15066931791343585,0.8933525597935859,0.1327
1,1784842899.9297647,7106,-34.15,3.14,-2149.19,-0.6743309793878955,0.7111023272889158,-0.19902565252260707,-0.6056967276589432,-0.686820934433207,-0.40175673999018924,-0.42238513745278705,-0.1503678295001434,0.893856986050009,0.136
1,1784842899.9746664,7109,-34.160000000000004,1.8900000000000001,-2149.48,-0.6778667889860909,0.7084528129850096,-0.19644650203888492,-0.604934732578459,-0.689339556127322,-0.39857865682750127,-0.41779251514348015,-0.15134592208518075,0.8958481044006686,0.1295
1,1784842900.0345173,7112,-34.12,0.7000000000000001,-2149.57,-0.680190375318231,0.7062025262691198,-0.1965172898641677,-0.6039962139276303,-0.6918467401761083,-0.39564714287958774,-0.41536685819349206,-0.15041967955957655,0.8971311459957577,0.138
1,1784842900.0949392,7115,-34.08,-0.39,-2149.66,-0.6833000856434994,0.7041977015635716,-0.1928900984295698,-0.6046762288790097,-0.6938519464242141,-0.39107049834011903,-0.4092281163217476,-0.15058244770195608,0.899920704982301,0.1368
1,1784842900.1398025,7118,-34.06,-1.33,-2149.69,-0.6855329794374274,0.7026054060650436,-0.19076209652815912,-0.6065202069760905,-0.6960894402383044,-0.3841779922358959,-0.4027130152271265,-0.14766561738231054,0.9033366442305863,0.13970000000000002
1,1784842900.2002082,7124,-34.11,-3.13,-2149.78,-0.6908424469102383,0.6994392456365425,-0.1830886539642994,-0.6097669935623522,-0.6997176405695386,-0.3722625915099827,-0.38848542715139894,-0.14553338152871426,0.9098896129486328,0.1569
1,1784842900.2600477,7127,-34.230000000000004,-4.07,-2149.75,-0.6932806333440573,0.6974698792119879,-0.181377316724219,-0.6088388464901971,-0.7015070551008425,-0.37040938250566713,-0.38558685459251435,-0.1463680950062495,0.9109880121767204,0.13920000000000002
1,1784842900.3199246,7130,-34.36,-4.92,-2149.88,-0.6965478083313686,0.6953150752733915,-0.17708217529250242,-0.6092974751831818,-0.7035344858945837,-0.36578110105969597,-0.3789165309724118,-0.14688830196649874,0.9136991240562901,0.12710000000000002
1,1784842900.3797283,7133,-34.5,-5.89,-2149.9900000000002,-0.6985363471380485,0.6933336864339824,-0.17701799621195546,-0.609157265295212,-0.7059713026781695,-0.36129205074696386,-0.37546557480691944,-0.14454383089828562,0.9154958673222712,0.1595
1,1784842900.4251127,7136,-34.65,-6.8100000000000005,-2150.13,-0.7011646488242697,0.6912227593926892,-0.17486918578381713,-0.6085176910637597,-0.7079579993846249,-0.3584713248918945,-0.371583577276458,-0.14493642746002783,0.9170163995772128,0.14550000000000002
1,1784842900.484971,7139,-34.83,-7.86,-2150.37,-0.7033622557971477,0.689089180085573,-0.17446386161305852,-0.6082896366774075,-0.71047612429203,-0.3538465694645679,-0.3677842506562987,-0.14275776231073573,0.918887896464643,0.1268
1,1784842900.5453784,7142,-35.06,-8.76,-2150.6,-0.7052532708954244,0.6868676568546238,-0.1755865765323302,-0.6061442784387873,-0.7126484970900949,-0.3531589349162089,-0.367704959998131,-0.1426356952598745,0.9189385838185844,0.13540000000000002
1,1784842900.590258,7145,-35.31,-9.700000000000001,-2150.71,-0.7082547105903694,0.6843936035350034,-0.1731492430446185,-0.6048124955670071,-0.7147492483179482,-0.3511913399201877,-0.3641113979712264,-0.14401009502566264,0.9201543253162149,0.14400000000000002
1,1784842900.6501303,7151,-35.93,-11.22,-2150.9700000000003,-0.7125484863384466,0.680686008210473,-0.17012117106133637,-0.6050116424424765,-0.7188817694008017,-0.3423009116730912,-0.3552964496386721,-0.14098070736687482,0.9240610764578769,0.1447
1,1784842900.709939,7154,-36.25,-11.99,-2151.0,-0.7138391401080733,0.6786400590110694,-0.17286223519097194,-0.6023957379578635,-0.7209160197724647,-0.34263605666308433,-0.35714570827600284,-0.14045555432548595,0.9234279508002521,0.188
1,1784842900.7698112,7157,-36.550000000000004,-12.68,-2150.9900000000002,-0.7142089742255313,0.6770874067556655,-0.17736455324726666,-0.6001988557706974,-0.7228189632269847,-0.3424822330151047,-0.3600928695034934,-0.1381498824188969,0.922630877068606,0.1505
1,1784842900.829618,7160,-36.88,-13.200000000000001,-2150.79,-0.7162825790850768,0.6754208251109577,-0.1753453047722233,-0.5993836956279315,-0.7241801202584635,-0.34103128718321546,-0.35732121727464483,-0.13917565314691585,0.9235538345199458,0.1562
1,1784842900.8745039,7163,-37.050000000000004,-13.76,-2150.83,-0.7184539426721864,0.6738432436025507,-0.17250859488728154,-0.5994179318912981,-0.7256104426837784,-0.3379165997630336,-0.35287685555438436,-0.13937276821332265,0.9252314068894363,0.133
1,1784842900.9343672,7166,-37.230000000000004,-14.24,-2150.62,-0.7196190105163456,0.6729411067660268,-0.17116876621624214,-0.5998747992411704,-0.7266556648182596,-0.33484588995969267,-0.3497123173965155,-0.13828163873793203,0.9265956418250145,0.13870000000000002
1,1784842900.9941778,7169,-37.42,-14.61,-2150.36,-0.7200232260310623,0.6721999223011768,-0.17237696607758834,-0.5999815844866884,-0.7278286151431972,-0.3320957772323804,-0.34869564415499193,-0.13569366763791196,0.927361081947214,0.1321
1,1784842901.039086,7172,-37.62,-15.06,-2150.13,-0.7211439305769556,0.6710597241955336,-0.17213447636842935,-0.5994370772021768,-0.7289708208398155,-0.33057031451634794,-0.347313434619697,-0.1352049885423612,0.9279509627162036,0.1332
1,1784842901.098898,7178,-37.88,-15.860000000000001,-2149.84,-0.7219603360537113,0.669133536254036,-0.17616351445569212,-0.5970468399392584,-0.7311082010289439,-0.33017551288181124,-0.3497260986597338,-0.13319575461849403,0.9273351858243339,0.161
1,1784842901.158737,7181,-38.01,-16.080000000000002,-2149.59,-0.7226351390580937,0.6684616159438319,-0.17594750298952902,-0.5964782802732713,-0.7316683419657719,-0.32996226833881925,-0.34930232887962587,-0.13349346566337614,0.9274520891477093,0.1469
1,1784842901.2185776,7184,-38.01,-16.2,-2149.4900000000002,-0.7222545187599552,0.6686543765607241,-0.17677594530086643,-0.5965803069328117,-0.7316177752119698,-0.3298899337261443,-0.34991477178132635,-0.132803447621201,0.9273202773525149,0.1295
1,1784842901.2784665,7187,-38.01,-16.26,-2149.39,-0.7217064944333824,0.6686055793740464,-0.17918235159349177,-0.5961020945182238,-0.731910781209626,-0.33010437934099174,-0.3518551247369643,-0.13142749932571343,0.9267819504162375,0.15
1,1784842901.3232975,7190,-37.980000000000004,-16.29,-2149.32,-0.7219633203054069,0.6687503227007894,-0.17760059127486677,-0.5963660025193517,-0.7315633349648498,-0.33039775721726006,-0.35087968760343047,-0.13262010715836722,0.9269818509575157,0.13520000000000001
1,1784842901.3831384,7193,-37.97,-16.3,-2149.3,-0.7219174565772336,0.6687804223292855,-0.17767366883733868,-0.5966851844312123,-0.731659962769249,-0.32960656783624803,-0.35043112956663536,-0.13193348926471812,0.9272494690433036,0.12440000000000001
1,1784842901.4429765,7196,-37.94,-16.29,-2149.28,-0.7211288040454805,0.6689708802920348,-0.18014219188528632,-0.5957233021421293,-0.7314936948762667,-0.33170879041886225,-0.35367639907238985,-0.13188986192110316,0.9260227151974297,0.164
1,1784842901.5028167,7202,-37.77,-16.240000000000002,-2149.16,-0.7205381626488082,0.6696058014762158,-0.18014668133516695,-0.596463965857477,-0.7310053582503787,-0.3314542255618506,-0.3536318616870519,-0.1313744147032827,0.9261129896298397,0.1385
1,1784842901.5626574,7205,-37.71,-16.240000000000002,-2149.07,-0.7200960252726256,0.6698808570987353,-0.18089044109413138,-0.5962152767648284,-0.7307089943169974,-0.3325533180957317,-0.354949374050448,-0.13162067815091008,0.9255738430532107,0.13820000000000002
1,1784842901.6224968,7208,-37.49,-16.34,-2149.17,-0.7198114932528038,0.6700594712503946,-0.18136074318553733,-0.5964017747565638,-0.7306433226988249,-0.3323631418536688,-0.35521308710179844,-0.13107494033285894,0.9255501189932114,0.1373
1,1784842901.6823375,7211,-37.62,-16.39,-2149.05,-0.7185165133633048,0.6702257593853616,-0.18582640146264226,-0.5948545885864561,-0.7306357230367336,-0.33514095342143346,-0.3603915071999863,-0.13026462174706044,0.9236607006142555,0.13570000000000002
1,1784842901.742836,7214,-37.660000000000004,-16.48,-2149.31,-0.7173615404301628,0.6700854565448305,-0.19072991699985026,-0.5935153410074475,-0.7311426369817321,-0.3364074677771173,-0.3648725260970974,-0.12812464756831485,0.922199606584723,0.1526
1,1784842901.802465,7220,-37.6,-16.48,-2149.2400000000002,-0.716516861132792,0.6706005607496882,-0.19208975931739536,-0.593856770055351,-0.7308746360289482,-0.33638728137219853,-0.365975032443249,-0.12695335494486282,0.9219246830931509,0.1506
1,1784842901.8623042,7223,-37.64,-16.5,-2149.16,-0.7172522603382239,0.6702921790863637,-0.19041425811992735,-0.5941114086005941,-0.7310548063673401,-0.3355450852833765,-0.3641165049957585,-0.12754318775561685,0.922578942989059,0.13870000000000002
1,1784842901.9227679,7226,-37.57,-16.48,-2149.2200000000003,-0.7169332782554773,0.6706660588659489,-0.1902990068683228,-0.594258075494602,-0.7306438998370608,-0.33617976045613296,-0.3645051635290045,-0.12793173615685288,0.9223716477887788,0.1542
1,1784842901.9826071,7229,-37.550000000000004,-16.51,-2149.17,-0.7172371318571511,0.670573428760322,-0.18947868831600206,-0.5944791008267607,-0.7306964542807509,-0.33567438147964807,-0.3635457266500782,-0.12811701035445505,0.92272451809427,0.16540000000000002
1,1784842902.0429525,7232,-37.53,-16.53,-2149.08,-0.7174146391877992,0.6706049432446731,-0.1886935228746573,-0.5948872631200997,-0.7306735070007394,-0.3350005527528543,-0.3625263847729121,-0.1280829272895075,0.9231302097106526,0.14300000000000002
1,1784842902.087832,7235,-37.47,-16.54,-2149.06,-0.7176551965789514,0.6708756110770557,-0.18680720886843052,-0.59629390149146,-0.730538440638348,-0.33278697359389486,-0.3597285113350337,-0.12743430155055444,0.9243137437693993,0.17550000000000002
1,1784842902.1481771,7241,-37.37,-16.68,-2148.96,-0.7198987332089991,0.6698827808200767,-0.18166693118132118,-0.5952252206183734,-0.730472525251715,-0.3348385082277592,-0.3570052529920067,-0.13291707871129016,0.9245973715747681,0.1396
1,1784842902.2080178,7244,-37.36,-16.72,-2148.9,-0.7200314402853109,0.6697696896086935,-0.18155794634808728,-0.5949934976137248,-0.7305034876253633,-0.3351826253918409,-0.3571238759842966,-0.1333162310022856,0.9244940885442686,0.157
1,1784842902.2678564,7247,-37.28,-16.75,-2148.91,-0.7201441890698935,0.6697007266028466,-0.1813650565475188,-0.5941287260911617,-0.730228375167326,-0.33730931936989306,-0.3583342068267539,-0.13515715625932054,0.9237581606295744,0.1323
1,1784842902.3276966,7250,-37.26,-16.75,-2148.82,-0.7200894014472108,0.6699973515712943,-0.18048491020262372,-0.5955808958142313,-0.7302619121855295,-0.3346654092556497,-0.35602619350901016,-0.13349564973655687,0.9248914860873676,0.1368
1,1784842902.3725765,7253,-37.17,-16.77,-2148.69,-0.7196059525850325,0.6701411166934189,-0.18187401331989517,-0.5951013564765727,-0.7301510479222493,-0.3357585780554005,-0.35780112985278706,-0.1333803993656446,0.9242229279460288,0.1461
1,1784842902.4324455,7256,-37.1,-16.75,-2148.6,-0.7194376841818356,0.6703225846783217,-0.1818709736303498,-0.5948728227941003,-0.7298463531215108,-0.3368243244425941,-0.3585188185856586,-0.13413401248529358,0.9238356582285288,0.1385
1,1784842902.4922564,7259,-36.99,-16.69,-2148.48,-0.7197097018410495,0.6703398704564771,-0.18072742778079123,-0.5953659839077325,-0.729809923681607,-0.3360309814606749,-0.35715163485758405,-0.13424579461659314,0.9243488391004311,0.1287
1,1784842902.5371363,7262,-36.85,-16.63,-2148.21,-0.7196627527914318,0.6707282137934801,-0.1794691769248023,-0.5960075300062756,-0.7293604693553752,-0.33586951323025,-0.3561748817933079,-0.13474779761878927,0.9246526291621134,0.1273
1,1784842902.596976,7268,-36.52,-16.42,-2147.61,-0.7177264021490781,0.6721542174184849,-0.1818722619441566,-0.5972915754604388,-0.7285353009145182,-0.3353790232041645,-0.35792678796386135,-0.13207960981141825,0.924361071838238,0.16840000000000002
1,1784842902.6568167,7271,-36.29,-16.21,-2147.21,-0.716281317539156,0.67301210393484,-0.18437945140815074,-0.5977879747078184,-0.7281116192107986,-0.33541467956091836,-0.35998696009591125,-0.13003144976285141,0.9238512924889348,0.1904
1,1784842902.7166574,7274,-36.03,-16.04,-2146.78,-0.7154113183185601,0.6739959942813856,-0.18416309433311104,-0.5987617323983843,-0.7272432135264549,-0.33556176211690275,-0.360098644036583,-0.12979486920661173,0.923841035292681,0.1567
1,1784842902.7764962,7277,-35.74,-15.790000000000001,-2146.36,-0.7141106796977381,0.6752215589486223,-0.1847208257685809,-0.6009351024625346,-0.7266384327918195,-0.3329768619862218,-0.3590584071846493,-0.1267771048763946,0.9246646018471681,0.1442
1,1784842902.8214004,7280,-35.43,-15.52,-2145.9900000000002,-0.7129695589723457,0.6764245344841232,-0.1847275213029061,-0.60236832340589,-0.7256986816502276,-0.33243619900410765,-0.35892451983105816,-0.12574288289624422,0.9248577817507865,0.1317
1,1784842902.8812168,7283,-35.06,-15.19,-2145.54,-0.7120835852724516,0.6780180355900577,-0.18228689201401752,-0.605461890051018,-0.7244664767183248,-0.329490855422705,-0.35546148494791924,-0.124257263473554,0.9263947674683207,0.1246
1,1784842902.9410572,7286,-34.69,-14.86,-2145.08,-0.7103224311250615,0.6797775100906949,-0.18260498518791105,-0.6080337265719483,-0.72328655233163,-0.3273401145097457,-0.35459417816937044,-0.12148703630889764,0.927094314952513,0.1812
1,1784842903.000896,7292,-33.74,-13.96,-2144.03,-0.7081731538457023,0.6837029180962518,-0.17618485734847167,-0.6163343030115795,-0.7203699245488273,-0.3181182150345174,-0.3444166243134349,-0.11669400838169468,0.93153620289517,0.14750000000000002
1,1784842903.060736,7295,-33.19,-13.41,-2143.4700000000003,-0.7066031440579151,0.6859694101900736,-0.17366048799583544,-0.6198743859319701,-0.7184248080593942,-0.3156288022825001,-0.34127370609663477,-0.1153766156909839,0.9328560950536597,0.1346
1,1784842903.1056159,7298,-32.57,-12.780000000000001,-2142.8,-0.7050141107796322,0.6882550919452152,-0.1710556401089654,-0.6244669024311174,-0.7167836360325845,-0.31026167485526246,-0.33614906123577054,-0.1119202730848646,0.9351351031283764,0.17950000000000002
1,1784842903.1654558,7301,-31.86,-12.09,-2142.08,-0.7038757361671736,0.6907187496618475,-0.1657303741041249,-0.629016948113814,-0.7144967771087523,-0.3063201503113842,-0.32999488938573357,-0.11136410717452755,0.9373907448937812,0.12560000000000002
1,1784842903.2252965,7304,-31.14,-11.4,-2141.25,-0.7014097215450661,0.693452806176664,-0.16476531227106914,-0.6329212990396469,-0.7122788899806729,-0.3034294186625062,-0.32777283557982484,-0.10854486857337163,0.9385003887917952,0.14550000000000002
1,1784842903.2701762,7307,-30.36,-10.56,-2140.32,-0.6993480414113447,0.6964396139065764,-0.1608856151300519,-0.6383338328217016,-0.7098039423559253,-0.29783935483938717,-0.32162436917819553,-0.10559463811030073,0.940960964946518,0.1436
1,1784842903.3300157,7310,-29.6,-9.59,-2139.36,-0.6961352215915962,0.6998156591054533,-0.1601680259303325,-0.6431155081265303,-0.7070433862641283,-0.2940953810370193,-0.3190582963453141,-0.10172361186546128,0.9422601075723577,0.1491
1,1784842903.3904865,7313,-28.84,-8.57,-2138.26,-0.6935599967383117,0.7029462721453282,-0.15761049902001825,-0.6481480272041131,-0.7043808169397204,-0.289399031717019,-0.3144497825659436,-0.09856065748724557,0.9441435966207219,0.14100000000000001
1,1784842903.4503262,7319,-27.6,-6.57,-2136.41,-0.6873690594591495,0.7086685840892676,-0.15909938410678143,-0.654904636292005,-0.6994553185534671,-0.2861156666638597,-0.31404409477250345,-0.09247213240853108,0.9448942857623482,0.1454
1,1784842903.510166,7322,-27.13,-5.47,-2135.59,-0.684727877340699,0.7112428908520617,-0.15900089372359813,-0.6574493409532275,-0.6969590445773209,-0.2863711826668926,-0.3144965787932636,-0.09155129924949322,0.9448334570351868,0.1178
1,1784842903.5550463,7325,-26.8,-4.37,-2134.79,-0.681504567416655,0.7135695271736573,-0.16238859097671052,-0.6589551948764907,-0.6948771807112453,-0.287964850063472,-0.318323068179993,-0.08924255496093139,0.9437723192849643,0.12860000000000002
1,1784842903.6148887,7328,-26.46,-3.24,-2134.17,-0.6794293985309312,0.7152716300259965,-0.16359152695616838,-0.6614187729954865,-0.6935653339288185,-0.2854686222710853,-0.317649018794395,-0.08575326729729017,0.9443227615634378,0.1165
1,1784842903.6747272,7331,-26.27,-2.15,-2133.51,-0.6773127529380966,0.7171903140400078,-0.163967948558893,-0.6628835757851659,-0.6916023049263379,-0.2868302926380834,-0.31911251881066804,-0.08558215507786301,0.9438447409773176,0.1375
1,1784842903.719641,7334,-25.990000000000002,-1.04,-2132.84,-0.6743703038178698,0.7198141158431761,-0.16459748467549778,-0.6651699021115982,-0.6889908600022442,-0.28782042345569403,-0.3205833661521464,-0.08461225364138812,0.9434336605614007,0.109
1,1784842903.7794795,7337,-25.75,0.08,-2132.18,-0.6715899307045624,0.7221880912736792,-0.16556366086409424,-0.6670662504546672,-0.6866107861420325,-0.2891163189060263,-0.3224741578492642,-0.08372567811549694,0.9428681924550789,0.11030000000000001
1,1784842903.8393106,7340,-25.5,1.22,-2131.33,-0.6682171744680482,0.7249013581212951,-0.16734344546423086,-0.6695955158642681,-0.6840371007701452,-0.28937016070154686,-0.3242339477605681,-0.08130969046722698,0.942476037549879,0.1315
1,1784842903.8991253,7346,-25.04,3.21,-2129.63,-0.6627616081597006,0.7298865092715222,-0.16737005207921543,-0.6756890712121008,-0.6792424295115078,-0.28648560347045815,-0.3227868178753521,-0.07678154423255715,0.9433521424532665,0.1047
1,1784842903.9589658,7349,-24.87,4.07,-2128.79,-0.6597965733457165,0.7317818024957126,-0.17077434039508577,-0.6769455079556111,-0.6774878384717239,-0.28767170173938045,-0.32621045516655384,-0.07419988045163843,0.9423805583101725,0.1126
1,1784842904.0038455,7352,-24.79,4.87,-2127.93,-0.6584377882593173,0.7336617186945342,-0.16792903713878757,-0.6805823652648031,-0.6756592454519704,-0.2833588328001087,-0.32135233480207404,-0.0722846218600883,0.9441968070057214,0.108
1,1784842904.0636852,7355,-24.810000000000002,5.46,-2127.05,-0.6557050521823174,0.7349435990302142,-0.1729415820070475,-0.6811330554520132,-0.6746359346802654,-0.2844716442963862,-0.3257432199036372,-0.06873326620058641,0.9429565699459389,0.115
1,1784842904.123559,7358,-24.85,6.08,-2126.2,-0.6538376009169957,0.7365895250258288,-0.17300943109938016,-0.6844137875938345,-0.6732518046097761,-0.2798388374424483,-0.3226052680576815,-0.06455911408859022,0.9443293714639651,0.1159
1,1784842904.1684227,7361,-24.97,6.54,-2125.23,-0.6523556952606171,0.7373559010278913,-0.17532347840601217,-0.6852979307612874,-0.6726604198422458,-0.27909623012851925,-0.3237264168326931,-0.06192119828459598,0.9441223290695254,0.1338
1,1784842904.2282512,7364,-25.04,7.04,-2124.38,-0.651068179696634,0.7385568119601418,-0.1750544512252773,-0.6882827691787092,-0.671698710014055,-0.2740212995683765,-0.31996414648863225,-0.05791958626169581,0.9456575841651538,0.11330000000000001
1,1784842904.288085,7367,-25.23,7.5200000000000005,-2123.41,-0.6500378577809847,0.7392315259024624,-0.17603276559614006,-0.6895744873031885,-0.6711626425940328,-0.27208038085598785,-0.31927701124893637,-0.055474843831340055,0.9460363268869939,0.10980000000000001
1,1784842904.3479252,7373,-25.47,8.59,-2121.3,-0.6465028102623357,0.7413495053742071,-0.18009727150715188,-0.6932659023586789,-0.6694200887975311,-0.2669440640679467,-0.31845958134386365,-0.047724790159034886,0.9467343024600762,0.1126
1,1784842904.407765,7376,-25.41,9.23,-2120.33,-0.645884562531031,0.742576663343551,-0.1772372165817805,-0.6964655096591685,-0.668212746525496,-0.26158654253620905,-0.3126802292107597,-0.04551510121280216,0.9487673317638498,0.1019
1,1784842904.452669,7379,-25.48,9.85,-2119.06,-0.6440404845825901,0.7440086873022603,-0.17794079756309342,-0.6988816557719795,-0.6668349604920618,-0.2586417729040819,-0.31108887065280666,-0.042216213524163805,0.9494427343824605,0.1213
1,1784842904.5125184,7382,-25.41,10.63,-2117.94,-0.6422357936163766,0.7457314459918752,-0.1772506582690444,-0.7023859441950987,-0.6651464496545957,-0.2534446407187303,-0.30689928444866493,-0.03827284900230566,0.9509721437740141,0.1
1,1784842904.572203,7385,-25.490000000000002,11.370000000000001,-2116.66,-0.6393178001566941,0.7473907576760535,-0.1807755673292711,-0.7043717632790727,-0.6635192950186221,-0.2521954881299834,-0.3084366539468598,-0.033899859563211225,0.9506406418955902,0.12100000000000001
1,1784842904.617659,7388,-25.490000000000002,12.280000000000001,-2115.4900000000002,-0.6364618113991628,0.7495257510856888,-0.18200964559585944,-0.7077845853797721,-0.6613285802773762,-0.24836563692889155,-0.3065246210817011,-0.029251621625884495,0.9514131590970221,0.1159
1,1784842904.6781585,7391,-25.57,13.120000000000001,-2114.25,-0.6337263630291915,0.7513857321388354,-0.18387598630593296,-0.7111645534605966,-0.6594386379045695,-0.24369173301479946,-0.30436142118045045,-0.023667791970363984,0.952262548313365,0.1164
1,1784842904.738276,7394,-25.580000000000002,14.09,-2113.1,-0.6314786282497545,0.7536092792363267,-0.1825042364240151,-0.7155539446325911,-0.6570417353400927,-0.23723134350675196,-0.29869264199934215,-0.019214897090127022,0.9541559062046772,0.1384
1,1784842904.798097,7400,-25.830000000000002,15.72,-2111.21,-0.6271864387156261,0.7569652720003484,-0.18341414361125197,-0.7229277601062423,-0.6534028500487787,-0.22458888934207072,-0.2898493138839247,-0.008263929668864137,0.9570366151341578,0.15330000000000002
1,1784842904.858213,7403,-26.2,16.44,-2110.28,-0.6244635070162108,0.7580375277392829,-0.18821380115159161,-0.7234649183359974,-0.6521902238775155,-0.22637672984581472,-0.2943532577399196,-0.0051979243465349,0.9556825525457626,0.11170000000000001
1,1784842904.9030776,7406,-26.46,17.19,-2109.44,-0.62181988416727,0.7593090873951411,-0.19180652088331415,-0.7238427273477016,-0.6507190583728495,-0.22938267836999662,-0.29898451083633776,-0.003796955294757464,0.9542504102228334,0.1641
1,1784842904.9631383,7409,-26.740000000000002,18.02,-2108.45,-0.6195940549711322,0.7608764624059059,-0.192795788338604,-0.72655165847365,-0.6488967585271331,-0.2259550493840937,-0.29702844074872436,7.56944750544593e-05,0.9548686295280246,0.1622
1,1784842905.0228755,7412,-26.900000000000002,18.95,-2107.7,-0.6171257761269483,0.7626087908073682,-0.19386492365313457,-0.730195196790205,-0.6468343062864957,-0.22004625603582056,-0.2932076926416254,0.005763019537683711,0.9560313993701162,0.1317
1,1784842905.0677555,7415,-27.09,19.900000000000002,-2106.67,-0.6141400197699433,0.7645856235537746,-0.1955527048441401,-0.7334035094779499,-0.6444361446854541,-0.21638241081098786,-0.2914641116885584,0.010529941967269967,0.9565238062483157,0.1413
1,1784842905.1275961,7418,-27.21,20.8,-2105.87,-0.6119122359075525,0.7664638085921305,-0.19518362038108103,-0.7369010229030536,-0.6421232630269659,-0.21131634466845028,-0.28729827356086407,0.014523952562857505,0.9577310461767954,0.18030000000000002
1,1784842905.1874356,7421,-27.29,21.81,-2105.0,-0.609523890683733,0.7683995790634855,-0.19504541414968743,-0.7397711590793313,-0.639739124343067,-0.2085005634984925,-0.28498992768199305,0.017202897425270584,0.9583761273320556,0.1317
1,1784842905.247293,7427,-27.29,23.85,-2103.2200000000003,-0.6036714427707216,0.7727467585388184,-0.19606946817611548,-0.7474993333539306,-0.6341329748895698,-0.19778806028962923,-0.27717419760602724,0.027162793034843077,0.9604356547192536,0.1857
1,1784842905.3071158,7430,-27.18,24.95,-2102.41,-0.6012394215584631,0.7753503865738273,-0.19324320428895092,-0.752675568267257,-0.6307249391254569,-0.1888532236917082,-0.26831072825663627,0.03190343563011809,0.9628039903829795,0.1275
1,1784842905.352471,7433,-27.2,25.96,-2101.6,-0.5991241557152792,0.7772238957993389,-0.19228432551030356,-0.7556302267917757,-0.6282848986604287,-0.18515141499287674,-0.26471344204075375,0.03436716330675777,0.9637145281094309,0.1486
1,1784842905.4122767,7436,-27.27,26.86,-2100.85,-0.5950068421300964,0.7789905473458062,-0.19783979620958975,-0.7567731907627714,-0.6259095846764928,-0.18849808898987394,-0.2706680541938866,0.03756220115996491,0.9619396475262436,0.12050000000000001
1,1784842905.4721162,7439,-27.45,27.62,-2100.12,-0.5919386805100436,0.7803527364835504,-0.20163879879294833,-0.7574972029448414,-0.6241004893633896,-0.19156347957562173,-0.27532995849847225,0.039346992756909775,0.9605442353760796,0.1622
1,1784842905.5319562,7442,-27.67,28.39,-2099.45,-0.5890409838255115,0.7814366021384147,-0.20588238441460263,-0.7582089877044212,-0.6225698671249186,-0.1937160073723847,-0.279552947289257,0.04199520670778883,0.9592114220939302,0.1622
1,1784842905.5917964,7448,-28.060000000000002,30.2,-2097.96,-0.5830758739831067,0.7848985011580245,-0.20965893269480015,-0.7639532666448358,-0.6175204695810514,-0.18720009623683992,-0.27640175752248863,0.051017766790445195,0.9596870614477383,0.1769
1,1784842905.6516368,7451,-28.17,31.28,-2097.09,-0.5786239279389106,0.7869887988179727,-0.21410973950661544,-0.7686132450240377,-0.6139802402333047,-0.1796161022199068,-0.27281500983297274,0.06063740708587175,0.9601536727377223,0.16840000000000002
1,1784842905.7114758,7454,-28.36,32.31,-2096.2400000000002,-0.5752730642620072,0.7888212862082714,-0.21638364069247207,-0.7719709348200733,-0.6110404158060755,-0.17518700306974924,-0.27041038687081254,0.06626151731032622,0.960462198108864,0.20070000000000002
1,1784842905.7713482,7457,-28.51,33.410000000000004,-2095.31,-0.5716648238027009,0.7910110246773737,-0.21794698452944453,-0.776809819939438,-0.6073014420348017,-0.1665877010709615,-0.2641322261146576,0.07407102902823307,0.9616380035056922,0.2122
1,1784842905.8311565,7460,-28.68,34.480000000000004,-2094.31,-0.5676228002655337,0.7928201177490991,-0.22190227017995692,-0.7809330719282609,-0.6038328355727409,-0.15977935990882225,-0.26066816795958003,0.08259641382340843,0.9618887350604063,0.20270000000000002
1,1784842905.890996,7463,-28.91,35.51,-2093.38,-0.564483096159176,0.7944371615753762,-0.22411700171698348,-0.7850048042931889,-0.6006040397269591,-0.15179672163874258,-0.2551985332778442,0.09024623965416691,0.962667816456497,0.21610000000000001
1,1784842905.9358768,7466,-29.02,36.49,-2092.37,-0.5603158706701215,0.7959657608080023,-0.22909524808804183,-0.7885336980075197,-0.5972701563189124,-0.14657069105850346,-0.2534970062580012,0.09852343879564705,0.962305772520414,0.18910000000000002
1,1784842905.9963727,7472,-29.25,38.29,-2090.31,-0.5547407863073426,0.7988454754935126,-0.2326124809434237,-0.7949396930927224,-0.5914165439100431,-0.13526771948675756,-0.24562887524222235,0.10987437314061704,0.9631168557211514,0.1854
1,1784842906.0562415,7475,-29.41,39.12,-2089.35,-0.5519720746327196,0.800239216718877,-0.23440141819282917,-0.7978574516486027,-0.588552984700864,-0.13049471655397338,-0.24238464405660856,0.11498947875724369,0.9633416341572124,0.17420000000000002
1,1784842906.101093,7478,-29.63,39.85,-2088.34,-0.5506010449761405,0.8012476522075248,-0.23418088970518383,-0.8000672806203317,-0.5865658693667097,-0.12582856343002408,-0.23818235818794317,0.1180791290872584,0.9640158108257483,0.11950000000000001
1,1784842906.1609614,7481,-29.82,40.49,-2087.4700000000003,-0.548478177294612,0.8018034846491403,-0.23724009154457038,-0.8015874313812071,-0.5849368461794255,-0.12371934300401766,-0.23796907127452277,0.12231131585492405,0.9635406909573557,0.1481
1,1784842906.2207735,7484,-30.19,41.12,-2086.7200000000003,-0.5465591981265348,0.8023860176214935,-0.2396867156702673,-0.8030912374100935,-0.5833357420074939,-0.12150669319708739,-0.2373130998036222,0.12607970027758927,0.9632166951623655,0.11170000000000001
1,1784842906.280612,7487,-30.560000000000002,41.74,-2085.98,-0.5431435333403867,0.8027262648890386,-0.24622275655961054,-0.8052071170491535,-0.5810876290312673,-0.11823140885657821,-0.23798445504677682,0.13404369080308579,0.9619748895433683,0.1124
1,1784842906.3403635,7490,-31.12,42.36,-2085.14,-0.5390347701940743,0.802663913195031,-0.2552883839430639,-0.8076244668973547,-0.5785924774930609,-0.11390112140451299,-0.23913225836466578,0.14478048018597517,0.9601324781333735,0.1121
1,1784842906.3852124,7493,-31.66,42.99,-2084.38,-0.534731001932257,0.8027735340312947,-0.26385111072616374,-0.809480128313529,-0.5762334855067125,-0.11268048653736823,-0.24249675758252365,0.15332848150194106,0.9579591323862786,0.0763
1,1784842906.4457092,7499,-32.6,44.35,-2082.83,-0.5266628330542473,0.8029951625630964,-0.27897137698971997,-0.8144787967740607,-0.570633842078786,-0.10488711970438443,-0.24341435841945042,0.1719761238505789,0.9545541697256252,0.0858
1,1784842906.5055506,7502,-33.09,45.09,-2082.19,-0.5216069478716083,0.8025413060507458,-0.2895749367856772,-0.817313425162289,-0.5673970882726961,-0.10029610794619256,-0.24479574543188717,0.18435833667624021,0.9518860471277101,0.0834
1,1784842906.55043,7505,-33.52,45.78,-2081.6,-0.5173662731719199,0.8027825532075561,-0.29643264268591607,-0.8201171057569955,-0.5640539085552915,-0.0961827483921525,-0.24441782305913723,0.19334777089239066,0.9501981726260981,0.0952
1,1784842906.6102989,7508,-34.04,46.550000000000004,-2080.8,-0.5121048657092482,0.8020493454193858,-0.3073523288170233,-0.8237836221920467,-0.5599369599884823,-0.08860668511465844,-0.24316486243917784,0.20781590014046464,0.947461556646888,0.08600000000000001
1,1784842906.6708167,7511,-34.35,47.300000000000004,-2080.2,-0.5080594977409292,0.8024445627619011,-0.3129828596730114,-0.8262361461661804,-0.5567051213514254,-0.0861001662574073,-0.24332977114133214,0.2148537445681506,0.9458480273920069,0.0721
1,1784842906.7306566,7514,-34.51,48.1,-2079.4700000000003,-0.5061111947579232,0.8032334930450692,-0.31411369628101865,-0.828693795718242,-0.5538153618074017,-0.08096380650778066,-0.2389938314660024,0.21932738241440225,0.9459267666391761,0.0756
1,1784842906.790497,7520,-34.63,49.56,-2077.9700000000003,-0.5034590969174545,0.8055430725500545,-0.3124568706200566,-0.8343780901314638,-0.5471922069159254,-0.06628643450246777,-0.2243705427181384,0.22733465850392626,0.9476163847271064,0.0799
1,1784842906.8508427,7523,-34.61,50.230000000000004,-2077.33,-0.503448610000796,0.8070404939143195,-0.308585706523808,-0.8362113842127961,-0.5449965043701825,-0.06106824982919933,-0.21746268185871848,0.22729815530886538,0.9492341811123325,0.08030000000000001
1,1784842906.910681,7526,-34.57,50.92,-2076.56,-0.5014736358528763,0.8080287664391357,-0.3092146586941595,-0.8380282266948713,-0.5424809988667171,-0.05850689815071733,-0.2150183336535429,0.22979094515541218,0.9491908331402258,0.0698
1,1784842906.9710603,7529,-34.62,51.51,-2075.86,-0.500581578691836,0.8087488765701502,-0.30877716515459674,-0.839733442624515,-0.5403215141390565,-0.05385542402077766,-0.21039445908191026,0.23233147872166882,0.9496084748898533,0.0775
1,1784842907.0159063,7532,-34.6,52.03,-2075.29,-0.49846201848385957,0.8093062527407525,-0.31073944938439635,-0.8415106302443064,-0.5378380094674403,-0.05089336654154419,-0.20831580668501085,0.23612213967949508,0.9491316346210099,0.0882
1,1784842907.0762885,7535,-34.61,52.42,-2074.9900000000002,-0.49866230817946755,0.8099347640138641,-0.3087743195975529,-0.8434426646703845,-0.535528468056446,-0.04258792451900987,-0.19985087894439355,0.23919644216192262,0.9501813975458745,0.0936
1,1784842907.1365988,7538,-34.65,52.77,-2074.82,-0.5002563670245257,0.811008785888858,-0.303328726734715,-0.8454995270416953,-0.5330823077468849,-0.030883700223986364,-0.1867461298760767,0.24101452731803527,0.9523853634941958,0.066
1,1784842907.1964388,7544,-34.59,53.0,-2074.83,-0.502490402918643,0.8122967860372812,-0.2961035737173116,-0.8465656663398671,-0.5318170932438999,-0.02229690355511447,-0.17558464496987417,0.23946713913836426,0.954895555400532,0.07730000000000001
1,1784842907.2562788,7547,-34.51,53.24,-2074.86,-0.5041394406195058,0.8133356797220945,-0.29039369225733913,-0.8472610928425668,-0.5309313171831884,-0.01614239726136587,-0.16730829318079565,0.23790125793093836,0.9567710941013038,0.06720000000000001
1,1784842907.3011594,7550,-34.47,53.49,-2074.83,-0.504995919483869,0.8139986915865681,-0.2870283111471708,-0.848162655627621,-0.5296452932270033,-0.009796579055132055,-0.15999759655489668,0.23849946217515267,0.9578720037869461,0.0755
1,1784842907.361648,7553,-34.44,53.72,-2074.84,-0.5056035971071845,0.814607930033392,-0.28421633119683365,-0.848550657242172,-0.5290694841960598,-0.0068748080986440275,-0.1559704609410185,0.23769602693193603,0.9587355287536906,0.0746
1,1784842907.4214633,7556,-34.44,53.79,-2074.85,-0.5057066193179485,0.8145308139880231,-0.28425405580575236,-0.8486233152770137,-0.5289636885976441,-0.00599040177488882,-0.1552394406916668,0.2381952333888796,0.9587302784644675,0.077
1,1784842907.4663436,7559,-34.45,53.79,-2074.88,-0.5062244232826487,0.8147880349062105,-0.28259032440235055,-0.8486886385214163,-0.5288730241936304,-0.0045737429911166215,-0.1531810305384281,0.23751585726843513,0.9592297896902627,0.08320000000000001
1,1784842907.5262167,7562,-34.46,53.77,-2074.84,-0.506251092271703,0.8146432886290712,-0.2829596152551098,-0.8487435398501876,-0.528790449234742,-0.003881283382206195,-0.15278820352462105,0.23819524153461116,0.9591239710141684,0.10690000000000001
1,1784842907.5860527,7565,-34.46,53.78,-2074.84,-0.5064746396603261,0.8145398951421634,-0.28285720532229,-0.8485876180173727,-0.5290396311383342,-0.00401537453009228,-0.1529133543172222,0.23799543673526327,0.9591536259456287,0.0781
1,1784842907.6458938,7571,-34.45,53.77,-2074.86,-0.5062000142710112,0.8145892136457868,-0.28320656518514337,-0.8484430121874136,-0.5292549277116284,-0.005803151153259209,-0.15461565451912268,0.23734707604033745,0.9590413780816373,0.07350000000000001
1,1784842907.705703,7574,-34.45,53.78,-2074.86,-0.5065003937699107,0.8148201337373587,-0.2820026609221236,-0.848412805436701,-0.5293059660811835,-0.00555930228460154,-0.15379552230787452,0.236438879897317,0.9593975158353027,0.07300000000000001
1,1784842907.7505827,7577,-34.46,53.77,-2074.83,-0.5069330838182367,0.8147775748723559,-0.28134738672263404,-0.848337900763864,-0.5294343869208235,-0.004694259614958912,-0.15277975866617102,0.23629797593482382,0.9595945038978767,0.09630000000000001
1,1784842907.810423,7580,-34.45,53.79,-2074.84,-0.5065626558272837,0.8146936873539191,-0.2822560389201335,-0.8482912623545926,-0.5294970515120131,-0.00589971634371209,-0.15426020204207166,0.23644675558306866,0.9593209691444152,0.078
1,1784842907.8702629,7583,-34.45,53.78,-2074.84,-0.5066158835367366,0.814671457126453,-0.2822246684677893,-0.8485114497053126,-0.529159317829502,-0.0043285185924330305,-0.1528681335899691,0.23727796631309442,0.9593385744537959,0.0784
1,1784842907.915144,7586,-34.46,53.74,-2074.82,-0.5068297546073326,0.8146805872095656,-0.28181401787091537,-0.8484219264533944,-0.5293031964953913,-0.004284961245129669,-0.1526559352196373,0.23692544608724234,0.9594594824371581,0.09820000000000001
1,1784842907.974983,7589,-34.480000000000004,53.7,-2074.86,-0.5072619733953411,0.8146381547147388,-0.2811582601134632,-0.8483458060145074,-0.5294314856529284,-0.003419856273175439,-0.15163998075923257,0.23678466775173296,0.9596553221615776,0.07150000000000001
1,1784842908.0348232,7592,-34.480000000000004,53.68,-2074.89,-0.5070332661282861,0.814418614131791,-0.28220486883633933,-0.8481149931425728,-0.5297874064538728,-0.005124682395292142,-0.153682222283699,0.23674379594517744,0.9593404763875086,0.0741
1,1784842908.0946963,7598,-34.54,53.49,-2074.89,-0.5083691069603136,0.8142306497496526,-0.2803378320823503,-0.8476315276432448,-0.5305708902691219,-0.003914555429513398,-0.15192644415490192,0.23563314581630967,0.9598934191665018,0.07730000000000001
1,1784842908.1545033,7601,-34.550000000000004,53.410000000000004,-2074.89,-0.5078482923169991,0.814012088235297,-0.2819121001261188,-0.8475541659928701,-0.5306803700135679,-0.005502780242114735,-0.1540845472422145,0.2361411973567374,0.9594244562299256,0.0786
1,1784842908.1994116,7604,-34.550000000000004,53.33,-2074.91,-0.508367547453169,0.8136818258986906,-0.2819296417523756,-0.8472277496267164,-0.5312022431001472,-0.005414534866636404,-0.15416736671195963,0.2361060421241799,0.9594198037947492,0.0892
1,1784842908.259223,7607,-34.53,53.31,-2074.88,-0.5079408663599426,0.813688779855848,-0.2826776358649771,-0.8473161614161524,-0.5310537102966433,-0.00610568449610127,-0.155085134311797,0.23641600266663507,0.9591955352265885,0.07150000000000001
1,1784842908.3190632,7610,-34.56,53.24,-2074.89,-0.5081353124727002,0.8132882328299187,-0.2834797251280232,-0.8471500585561178,-0.5313218067111394,-0.005823744635273219,-0.15535534270387252,0.23719061544167125,0.9589605463415914,0.0747
1,1784842908.3639429,7613,-34.59,53.18,-2074.91,-0.508442897947307,0.8129646269115935,-0.2838561870339229,-0.8470991119236964,-0.5314146010067221,-0.004649345647594051,-0.15462507592570102,0.23809039717586142,0.95885559322956,0.0724
1,1784842908.4237826,7616,-34.56,53.24,-2074.89,-0.5083426651472529,0.8135758862521201,-0.28228002426680004,-0.8472475265313236,-0.5311731958093313,-0.00516380095043134,-0.1541407265376085,0.2365360720118162,0.9593181552851374,0.0591
1,1784842908.4836226,7619,-34.62,53.120000000000005,-2074.89,-0.5085479301614488,0.8130868022160497,-0.28331758644776106,-0.8469233877140363,-0.531684768983306,-0.005664077519649075,-0.15524103217734095,0.2370678352144106,0.9590094178032178,0.07930000000000001
1,1784842908.5436258,7625,-34.57,53.2,-2074.92,-0.5084756474476874,0.813302341383749,-0.28282824726743044,-0.8472030708974102,-0.5312497796546796,-0.004541836506547666,-0.15394633030589905,0.2373035463632308,0.9591598168547204,0.0649
1,1784842908.6034663,7628,-34.61,53.160000000000004,-2074.86,-0.5084730898186591,0.8132860717786611,-0.28287962524915133,-0.8470175530828786,-0.5315346728134775,-0.005670658388792928,-0.15497219653782685,0.2367206308032822,0.9591386559055669,0.0824
1,1784842908.648832,7631,-34.6,53.17,-2074.91,-0.5084557284274255,0.8133178116507725,-0.28281957054089196,-0.8468943292338484,-0.53172099113887,-0.00654084809850808,-0.15570089062329132,0.23619255880297368,0.9591508264215893,0.09090000000000001
1,1784842908.7087064,7634,-34.6,53.160000000000004,-2074.91,-0.5083334301771276,0.8130778686713737,-0.283727868284332,-0.8470132143674157,-0.5315411970801084,-0.005707056476240555,-0.15545333206893003,0.23742016612634492,0.9588878590665363,0.0776
1,1784842908.769017,7637,-34.6,53.17,-2074.91,-0.5078539170007751,0.8131226997262211,-0.2844571570147454,-0.8470645317098445,-0.5314460352147445,-0.006840378184743214,-0.15673569506067128,0.23747965564332052,0.9586643495245758,0.07100000000000001
1,1784842908.8148954,7640,-34.58,53.17,-2074.9,-0.5084349324933243,0.8132521566269657,-0.28304566621324107,-0.8470094703056773,-0.5315465227987494,-0.0057663951524504695,-0.15514147296259737,0.23681052308152895,0.9590890988457996,0.0789
1,1784842908.8737361,7643,-34.6,53.15,-2074.92,-0.5083364599822949,0.8130939068411046,-0.283676474369197,-0.8471990227074866,-0.5312559210617831,-0.0045784561017935795,-0.15442752143367486,0.238003035683719,0.9589091175023764,0.0815
1,1784842908.9335768,7646,-34.59,53.18,-2074.91,-0.5080818622073546,0.8130592659959823,-0.2842313340819078,-0.8470032282959651,-0.5315486031613461,-0.0064508707501270334,-0.15632770884305722,0.23746728712666137,0.9587340272424799,0.0752
1,1784842908.993418,7652,-34.59,53.17,-2074.92,-0.5077433855906935,0.8130608430607769,-0.28483103740673904,-0.8471354463781536,-0.5313359775990989,-0.006604119812378453,-0.156710528933402,0.23793726986352684,0.9585549883711965,0.0717
1,1784842909.0532568,7655,-34.6,53.17,-2074.93,-0.5078539170007751,0.8131226997262211,-0.2844571570147454,-0.8470645317098445,-0.5314460352147445,-0.006840378184743214,-0.15673569506067128,0.23747965564332052,0.9586643495245758,0.07740000000000001
1,1784842909.098137,7658,-34.59,53.18,-2074.93,-0.5085451197027622,0.8133133234093118,-0.282671716291891,-0.8469387325471757,-0.5316566079498454,-0.006002877197480411,-0.1551665058506086,0.2363528912202353,0.9591979286226324,0.0717
1,1784842909.157977,7661,-34.59,53.15,-2074.9,-0.5082521239777021,0.813313432217855,-0.2831978803701871,-0.8470933372083469,-0.5314115379032192,-0.005886887170746161,-0.15528250554837186,0.23690301466496325,0.959043432339366,0.0758
1,1784842909.2178168,7664,-34.58,53.15,-2074.9,-0.5076119715156536,0.8130832427418887,-0.2850012749907029,-0.847255673768632,-0.5311481458790979,-0.0062825469403893375,-0.1564861324234606,0.2382798512286164,0.9585065481558358,0.08420000000000001
1,1784842909.2627258,7667,-34.59,53.18,-2074.91,-0.5080008333565876,0.81329497812639,-0.2837013074756746,-0.8470833269571353,-0.5314187335800395,-0.006630745917157843,-0.15615694188938103,0.23695022294689172,0.9588897753887955,0.0721
1,1784842909.3225608,7670,-34.58,53.17,-2074.92,-0.5082455683040671,0.8133495974065812,-0.28310576592119796,-0.8470793075191575,-0.5314319537193987,-0.006060143467559968,-0.15538046554229498,0.23673299509053491,0.9590695490752088,0.0784
1,1784842909.3823762,7673,-34.6,53.160000000000004,-2074.92,-0.5080653848970065,0.8131839925159231,-0.2839037847322922,-0.8471478643579468,-0.5313251048240143,-0.005841994310150044,-0.15559582444020273,0.2375403698313471,0.958834976477788,0.07010000000000001
1,1784842909.4422467,7679,-34.59,53.160000000000004,-2074.9,-0.5083137360148917,0.8131865285292793,-0.2834516106799934,-0.846971051003522,-0.5316025443887477,-0.006226842008496194,-0.15574718148516248,0.236910119281362,0.958966324143616,0.0674
1,1784842909.5020561,7682,-34.6,53.17,-2074.93,-0.5082204831759791,0.8132432896861462,-0.28345597940567235,-0.847099251938946,-0.5314029624687007,-0.005809375522932872,-0.15535378284693338,0.2371629044769507,0.9589676526844919,0.0702
1,1784842909.5469365,7685,-34.58,53.160000000000004,-2074.91,-0.5084744594763037,0.8130349428441008,-0.28359814134576156,-0.8470931816543649,-0.5314233704078654,-0.004726836048542209,-0.15455376299193074,0.23783057645902989,0.9589315675511989,0.0733
1,1784842909.6067822,7688,-34.59,53.160000000000004,-2074.94,-0.5076664193813666,0.8129926146957478,-0.28516278698784253,-0.8471189262267189,-0.531359901625957,-0.006795570067627179,-0.1570488187188721,0.23811691118907224,0.9584550094525993,0.0781
1,1784842909.6666386,7691,-34.58,53.17,-2074.95,-0.507943836108171,0.8131181693807019,-0.284309517924905,-0.8471093089006151,-0.5313813111838765,-0.006302451778994203,-0.1562014024701378,0.2376399477097242,0.9587118321575475,0.07050000000000001
1,1784842909.726491,7694,-34.59,53.160000000000004,-2074.89,-0.507943836108171,0.8131181693807019,-0.284309517924905,-0.8471093089006151,-0.5313813111838765,-0.006302451778994203,-0.1562014024701378,0.2376399477097242,0.9587118321575475,0.0839
1,1784842909.7862961,7697,-34.58,53.17,-2074.87,-0.5081691264283995,0.8132817333064786,-0.2834377554508345,-0.8470630166894711,-0.5314557019876437,-0.006251606333850624,-0.15571892852806912,0.23691276684642937,0.9589702582474805,0.0704
1,1784842909.831212,7700,-34.6,53.160000000000004,-2074.91,-0.5080588065911822,0.8132202510695105,-0.2838116845649351,-0.8471338082889766,-0.5313455821893933,-0.006015242441515139,-0.15569380173584085,0.2373703762862104,0.9588611706408721,0.069
1,1784842909.891273,7706,-34.59,53.17,-2074.9,-0.5078604776984229,0.813086378639529,-0.2845492506804155,-0.8470787211839105,-0.5314256198243795,-0.006667136694633334,-0.15663771994433667,0.23764964015358914,0.9586382389752188,0.0743
1,1784842909.9513683,7709,-34.58,53.17,-2074.9,-0.5079690588241952,0.8132247568692298,-0.28395938106046664,-0.8470892487741323,-0.5314102557819574,-0.006553217609002925,-0.15622816611782148,0.23721010700376283,0.958813915859968,0.0698
1,1784842910.0111752,7712,-34.59,53.160000000000004,-2074.94,-0.5082493403990291,0.8132973139337358,-0.2832491608674637,-0.8469063430732391,-0.5316958027560408,-0.0070156534921970055,-0.15630820210809465,0.2363198097489501,0.9590206950185982,0.0713
1,1784842910.0714145,7715,-34.59,53.160000000000004,-2074.92,-0.5085451197027622,0.8133133234093118,-0.282671716291891,-0.8469387325471757,-0.5316566079498454,-0.006002877197480411,-0.1551665058506086,0.2363528912202353,0.9591979286226324,0.0674
1,1784842910.1312554,7718,-34.59,53.17,-2074.9,-0.5076467273629583,0.8131017662167584,-0.28488650015903905,-0.8470761747001648,-0.5314211519012983,-0.007315296797336753,-0.15734279282196031,0.23760698029957997,0.958533342382987,0.0666
1,1784842910.1911678,7724,-34.6,53.18,-2074.89,-0.5077302492880605,0.8131335515541112,-0.28464683608795227,-0.8471070416894813,-0.5313768426524995,-0.006950612401516158,-0.15690651317896054,0.23759730307740948,0.9586072541413205,0.06810000000000001
1,1784842910.2512865,7727,-34.59,53.160000000000004,-2074.86,-0.5084928088261773,0.8131775896215828,-0.28315591307493054,-0.8470594274124243,-0.5314732309206698,-0.0051508491028477415,-0.15467834303418385,0.23723071586954605,0.9590600594562482,0.0661
1,1784842910.311115,7730,-34.59,53.17,-2074.91,-0.5080008333565876,0.81329497812639,-0.2837013074756746,-0.8470833269571353,-0.5314187335800395,-0.006630745917157843,-0.15615694188938103,0.23695022294689172,0.9588897753887955,0.06760000000000001
1,1784842910.3709822,7733,-34.59,53.17,-2074.88,-0.507750865927401,0.8131998693302063,-0.28442051731777296,-0.8469908819666034,-0.5315512897691681,-0.007724778972183978,-0.15746588206786097,0.23697932160015392,0.95866850220424,0.08
1,1784842910.4308221,7736,-34.59,53.160000000000004,-2074.92,-0.5084665361307842,0.8133222018910412,-0.28278751306638306,-0.84700356033777,-0.5315550932625049,-0.005843937185737273,-0.15507014674108985,0.23655058388809247,0.9591647777373287,0.0711
1,1784842910.4906619,7742,-34.59,53.160000000000004,-2074.91,-0.5081495153258759,0.8133902488402106,-0.28316139066923884,-0.8470207051963274,-0.5315167667487144,-0.006771383441273438,-0.15601280409887333,0.2364026855952627,0.9590483695833875,0.0693
1,1784842910.550501,7745,-34.59,53.160000000000004,-2074.9,-0.5079854095504851,0.813100098449227,-0.28428692123571736,-0.8469441481921419,-0.5316336280475575,-0.0071620787539806545,-0.1569599742829775,0.23713691283907748,0.9587124965505763,0.0718
1,1784842910.6103706,7748,-34.6,53.17,-2074.91,-0.5082428333076369,0.8133334606907434,-0.2831570308366797,-0.8468921649637863,-0.531716070923208,-0.007188939068930993,-0.1564061485823895,0.2361497441091238,0.9590466177630879,0.0699
1,1784842910.6701813,7751,-34.59,53.160000000000004,-2074.9,-0.5079045630800719,0.8133357346913951,-0.28375682807018077,-0.84702425317966,-0.5315035370305946,-0.007341978575750695,-0.15678925131488008,0.23661989096011415,0.9588681650123457,0.0727
1,1784842910.7300544,7754,-34.6,53.17,-2074.9,-0.5081102392312261,0.8131817540753433,-0.28382991320037826,-0.8471699969941834,-0.5312927045288355,-0.00557299805409548,-0.15532862254350144,0.23762048933832217,0.958858447355685,0.0704
1,1784842910.7898893,7760,-34.59,53.15,-2074.91,-0.5080008333565876,0.81329497812639,-0.2837013074756746,-0.8470833269571353,-0.5314187335800395,-0.006630745917157843,-0.15615694188938103,0.23695022294689172,0.9588897753887955,0.07350000000000001
1,1784842910.8497016,7763,-34.59,53.160000000000004,-2074.87,-0.5080391296659664,0.8133289349285311,-0.28353533525165586,-0.8470915361537463,-0.5314068337635733,-0.006535013853104747,-0.15598773062306462,0.23686033994190622,0.9589395222106923,0.0714
1,1784842910.9095697,7766,-34.59,53.17,-2074.89,-0.5082363358812955,0.813369592133705,-0.2830648927051985,-0.8468779695381187,-0.5317363089858554,-0.00736222908445464,-0.15650409451815725,0.23597966924790206,0.9590725020042554,0.07010000000000001
1,1784842910.9693806,7769,-34.6,53.17,-2074.89,-0.5080653848970065,0.8131839925159231,-0.2839037847322922,-0.8471478643579468,-0.5313251048240143,-0.005841994310150044,-0.15559582444020273,0.2375403698313471,0.958834976477788,0.0737
1,1784842911.0292554,7772,-34.59,53.15,-2074.86,-0.507943836108171,0.8131181693807019,-0.284309517924905,-0.8471093089006151,-0.5313813111838765,-0.006302451778994203,-0.1562014024701378,0.2376399477097242,0.9587118321575475,0.0658
1,1784842911.0890613,7778,-34.59,53.160000000000004,-2074.88,-0.5078889269570064,0.813140958593429,-0.28434243322483505,-0.8468846091123071,-0.531718412773871,-0.007873269075173286,-0.1575921848416201,0.23680648423342318,0.9586904569786069,0.0697
1,1784842911.148931,7781,-34.59,53.17,-2074.9,-0.5082772012239731,0.8134196388789013,-0.28284762293864574,-0.8470734008862254,-0.531440478827754,-0.006137668480089929,-0.15530917624843915,0.23647306093812273,0.9591452190484954,0.0819
1,1784842911.208742,7784,-34.59,53.15,-2074.9,-0.5086725020087783,0.8133427293022811,-0.2823577347820408,-0.8469908729349888,-0.5315803170319405,-0.005369144163381053,-0.1544627685397196,0.2364232882677539,0.9592941581703223,0.06810000000000001
1,1784842911.268581,7787,-34.59,53.160000000000004,-2074.92,-0.5083731383031417,0.8133790505522175,-0.28279192416790816,-0.8471315432937886,-0.5313555332359391,-0.005426385190395912,-0.15467676169515093,0.23680333068249684,0.9591659303630302,0.06670000000000001
1,1784842911.3134902,7790,-34.6,53.18,-2074.89,-0.5075696463168481,0.8130335914813107,-0.28521822042217193,-0.8470594699674371,-0.5314451088052208,-0.007506708032911298,-0.15768103397769215,0.237786617474592,0.9584332089789657,0.0703
1,1784842911.3733008,7793,-34.59,53.17,-2074.89,-0.5083731383031417,0.8133790505522175,-0.28279192416790816,-0.8471315432937886,-0.5313555332359391,-0.005426385190395912,-0.15467676169515093,0.23680333068249684,0.9591659303630302,0.0795
1,1784842911.433787,7796,-34.59,53.160000000000004,-2074.89,-0.5080970736456211,0.813254249221693,-0.2836457118935819,-0.8471419416895557,-0.5313336900642049,-0.005919496026275545,-0.15552457806792472,0.23728050051703772,0.9589108768238988,0.0828
1,1784842911.4786675,7799,-34.59,53.160000000000004,-2074.87,-0.5080205113138283,0.8131862383765184,-0.28397764313319585,-0.8471256583561275,-0.531357483085323,-0.006110983875625061,-0.15586301369835612,0.23746024274450434,0.9588114277982857,0.0752
1,1784842911.5385072,7805,-34.6,53.17,-2074.9,-0.5079176154134774,0.813263274133266,-0.2839410905429632,-0.8470526743695916,-0.5314629154493377,-0.006995451766173056,-0.1565933038032268,0.23695994692802064,0.9588162080168754,0.0671
1,1784842911.598347,7808,-34.59,53.17,-2074.89,-0.507826820969836,0.8130926733827674,-0.2845913287416442,-0.8471660372777053,-0.5312916102527802,-0.006239403673221911,-0.15627419872410078,0.2379275716815357,0.9586286274918291,0.0688
1,1784842911.658187,7811,-34.58,53.160000000000004,-2074.93,-0.5084939109073539,0.8133516597966431,-0.2826535336347127,-0.8469025048713421,-0.5317091379213577,-0.0064451449613567085,-0.15553163605128803,0.23610266867820923,0.9592004170298497,0.07350000000000001
1,1784842911.7180266,7814,-34.6,53.15,-2074.89,-0.5080205113138283,0.8131862383765184,-0.28397764313319585,-0.8471256583561275,-0.531357483085323,-0.006110983875625061,-0.15586301369835612,0.23746024274450434,0.9588114277982857,0.075
1,1784842911.7634737,7817,-34.59,53.17,-2074.9,-0.5080884305817965,0.8130229646507998,-0.2843234173601455,-0.8470173635301196,-0.531528153041848,-0.006277611202305388,-0.156229742966608,0.2376372897386822,0.9587078730970353,0.0751
1,1784842911.823314,7820,-34.6,53.18,-2074.89,-0.5083284522325804,0.8133812753857452,-0.2828658436479873,-0.8471095223995644,-0.531387824003534,-0.005695398210059147,-0.15494399540095544,0.23672321675882876,0.9591425738317225,0.0636
1,1784842911.8829393,7823,-34.59,53.18,-2074.87,-0.5078923258156276,0.8131567333068841,-0.284291245829465,-0.8470727872549872,-0.5314340999720272,-0.006744663000372936,-0.15656653048994712,0.23738981541885568,0.9587142416099502,0.0724
1,1784842911.9277954,7826,-34.59,53.160000000000004,-2074.88,-0.5082968672149909,0.8133111992198327,-0.28312397991520116,-0.847115430687369,-0.5313792303056682,-0.005617890272041523,-0.1550152956026566,0.2369831361581514,0.9590668648774537,0.0688
1,1784842911.9876351,7832,-34.59,53.17,-2074.9,-0.5081036516066426,0.8132180092971228,-0.2837378166174192,-0.847155978002724,-0.5313132123382461,-0.00574624477915758,-0.15542660054908172,0.23745049957757172,0.9588846813314508,0.0674
1,1784842912.047476,7835,-34.6,53.17,-2074.86,-0.5079756184877715,0.8131884916565917,-0.28405148839469846,-0.8471033789940364,-0.5313898393096702,-0.0063799667184787036,-0.1561301902863504,0.23738010808768376,0.9587878013228097,0.0694
1,1784842912.1077843,7838,-34.58,53.17,-2074.89,-0.5082837468935142,0.8133835076318433,-0.2829397500465584,-0.8470874281374129,-0.5314200927416884,-0.005964404577022734,-0.1552112165258464,0.23664309527838373,0.9591191394824903,0.09190000000000001
1,1784842912.1678827,7841,-34.6,53.160000000000004,-2074.88,-0.5081866872747204,0.8132497812688128,-0.28349794380731214,-0.8471861351618258,-0.5312689451545018,-0.005381477863157589,-0.15499013925509683,0.2374407319325209,0.958957744404327,0.0668
1,1784842912.2127843,7844,-34.6,53.15,-2074.87,-0.5082008151260624,0.8133518411482867,-0.283179649702972,-0.8470571036084339,-0.531464208838015,-0.006329135065212035,-0.15564766214658265,0.2366528622790667,0.9590459989194619,0.0717
1,1784842912.272631,7847,-34.61,53.160000000000004,-2074.91,-0.5077368126033627,0.8130972049550345,-0.2847389408242023,-0.8471212526962836,-0.5313564251699098,-0.006777363863150597,-0.15680852131710563,0.23776729111668193,0.9585811404974427,0.0697
1,1784842912.3324416,7850,-34.59,53.18,-2074.88,-0.5079877630556648,0.8133673947714828,-0.2835170430650557,-0.8470550194194647,-0.5314594167865239,-0.006977276346685324,-0.15635289144109846,0.2366101634156461,0.9589418146615722,0.06620000000000001
1,1784842912.377919,7853,-34.6,53.160000000000004,-2074.88,-0.5079559685001428,0.8132972413890914,-0.2837751419944598,-0.8470609363713955,-0.5314509984565086,-0.006899732835037762,-0.15642411623115113,0.23687007702213897,0.9588660294706604,0.0713
1,1784842912.4377592,7859,-34.6,53.160000000000004,-2074.89,-0.5082558571546977,0.8132611518654587,-0.28334128279234355,-0.8469205038663135,-0.5316755044867644,-0.006842372364475308,-0.1562102551011718,0.23648986615754122,0.9589947337738697,0.0742
1,1784842912.4976313,7862,-34.59,53.17,-2074.88,-0.5079054561887721,0.8130841130841792,-0.2844754341305924,-0.8471011093814539,-0.5313932383837329,-0.0063981782375253805,-0.15637057926088663,0.23772978620728816,0.9586619793709625,0.0787
1,1784842912.5574386,7865,-34.6,53.17,-2074.88,-0.5090182556821958,0.8133205943037706,-0.28179784644957157,-0.8470566615402133,-0.5314881861461594,-0.003914093434497517,-0.15295563906768272,0.23670639803019072,0.9594658168006662,0.0728
1,1784842912.6172984,7868,-34.59,53.18,-2074.91,-0.5082718489602126,0.8132048448475293,-0.28347417496321026,-0.8471353223703381,-0.5313501099494359,-0.005367145351666204,-0.1549886226375032,0.2374130176995951,0.9589648512222445,0.0661
1,1784842912.6621923,7871,-34.59,53.17,-2074.89,-0.5078408246131912,0.8131952960082822,-0.28427294525894714,-0.8470361007995026,-0.5314867757301108,-0.007186874590940602,-0.15693164371333446,0.23713965879627413,0.9587164551771383,0.0843
1,1784842912.7220268,7874,-34.59,53.160000000000004,-2074.87,-0.5079788791548253,0.8131363758539119,-0.28419481451246287,-0.8469299041701128,-0.5316539570658253,-0.007335349933935726,-0.15705793757403985,0.23696688418303408,0.958738494087712,0.07400000000000001
1,1784842912.7818604,7877,-34.58,53.17,-2074.82,-0.5077884087112375,0.8130585768915677,-0.28475723436212746,-0.8471578382704783,-0.5313035507141274,-0.006335144469597755,-0.15644337325498694,0.23801741016492703,0.9585787309464892,0.0855
1,1784842912.8273437,7880,-34.58,53.18,-2074.9,-0.5079241560848329,0.813227020895484,-0.28403320959170664,-0.8470668589836924,-0.5314425595172073,-0.0068221950500535694,-0.15649532924982698,0.23712996103245912,0.9587901717809443,0.07930000000000001
1,1784842912.8871832,7886,-34.59,53.17,-2074.87,-0.5079887668141224,0.8131159153398412,-0.28423567863960997,-0.8471315874701407,-0.5313489161072147,-0.00603347843350147,-0.1559342371032951,0.23772008239259151,0.9587354568004006,0.0731
1,1784842912.9470227,7889,-34.6,53.15,-2074.87,-0.5079984993468397,0.8130274977388684,-0.2844711102763036,-0.846972584274967,-0.5315928797188084,-0.006815549783248431,-0.15676404609457617,0.23747694236017614,0.9586603860071193,0.0732
1,1784842913.0068629,7892,-34.6,53.160000000000004,-2074.86,-0.5080402762593641,0.8130773609548694,-0.2842539055157803,-0.8471678338624204,-0.5312959618269272,-0.005591262402611255,-0.15556908101278832,0.23797017890707547,0.9587327338647466,0.093
1,1784842913.066731,7895,-34.59,53.17,-2074.86,-0.5075669165994177,0.8130855083067005,-0.28507504512916354,-0.8472332837084046,-0.5311806102796187,-0.00655150666992368,-0.15675327157808858,0.23819973854856918,0.958482809655426,0.0731
1,1784842913.1115835,7898,-34.6,53.17,-2074.86,-0.508155074310412,0.8131795230553137,-0.28375602854584814,-0.8471920562595434,-0.5312602822028829,-0.0053039951395064035,-0.15506140803986815,0.23770060125554088,0.9588818404263623,0.0703
1,1784842913.1714227,7901,-34.6,53.17,-2074.91,-0.5080325900242476,0.8133651322716703,-0.2834432025608363,-0.8470774107997392,-0.5314271907728852,-0.006708279962073827,-0.15608570589924267,0.23669030929027904,0.9589655624171326,0.0675
1,1784842913.231263,7904,-34.6,53.160000000000004,-2074.9,-0.5077171516766646,0.8132061988555512,-0.2844626021751194,-0.847078567701722,-0.5314175873433048,-0.007297122900154948,-0.15710249531351705,0.23725729916090363,0.95865936596955,0.0859
1,1784842913.2766507,7907,-34.6,53.17,-2074.89,-0.5079690588241952,0.8132247568692298,-0.28395938106046664,-0.8470892487741323,-0.5314102557819574,-0.006553217609002925,-0.15622816611782148,0.23721010700376283,0.958813915859968,0.09340000000000001
1,1784842913.3364904,7913,-34.59,53.17,-2074.89,-0.507943836108171,0.8131181693807019,-0.284309517924905,-0.8471093089006151,-0.5313813111838765,-0.006302451778994203,-0.1562014024701378,0.2376399477097242,0.9587118321575475,0.0794
1,1784842913.3963296,7916,-34.6,53.160000000000004,-2074.88,-0.5081036516066426,0.8132180092971228,-0.2837378166174192,-0.847155978002724,-0.5313132123382461,-0.00574624477915758,-0.15542660054908172,0.23745049957757172,0.9588846813314508,0.0656
1,1784842913.456774,7919,-34.59,53.17,-2074.92,-0.5079429168520792,0.8133696646831654,-0.2835908704330886,-0.8470325546858131,-0.5314916207548787,-0.007246265919595543,-0.15662006423899555,0.23653001002102728,0.9589179891091967,0.0687
1,1784842913.5166318,7922,-34.59,53.17,-2074.87,-0.5076570072161405,0.8130809845995386,-0.2849274916658565,-0.8472779904743675,-0.531115659445179,-0.006013580450165067,-0.15621898054356087,0.23835995631556464,0.9585302088839834,0.07730000000000001
1,1784842913.5764852,7925,-34.59,53.160000000000004,-2074.88,-0.5077271851461683,0.8131855855331455,-0.284503618508911,-0.8472802161958998,-0.53111231562217,-0.005995284604243366,-0.15597865465049368,0.23801031842248324,0.9586562197252204,0.06960000000000001
1,1784842913.6362941,7931,-34.59,53.160000000000004,-2074.88,-0.5079821878180076,0.8131522111458653,-0.2841435875894797,-0.847117491892757,-0.5313693927506118,-0.006206720323239621,-0.1560322139462084,0.2375500998872362,0.9587616483019169,0.0689
1,1784842913.6961343,7934,-34.6,53.17,-2074.87,-0.5081234434679437,0.8131091977513177,-0.2840140819228645,-0.8471979830113956,-0.5312515986694188,-0.0052265182109968505,-0.15513266509572537,0.23796044092116442,0.9588058639666857,0.07540000000000001
1,1784842913.7559917,7937,-34.59,53.17,-2074.88,-0.5081267896470553,0.813057007258675,-0.2841574714670443,-0.8470255449682547,-0.5315162372007175,-0.006181889939306058,-0.15606053893988833,0.23754745323736343,0.9587576939176207,0.075
1,1784842913.8158188,7940,-34.62,53.160000000000004,-2074.87,-0.5080336782801236,0.8131136687209657,-0.28416182620524477,-0.8471537926819835,-0.531316498993853,-0.0057644983689774144,-0.15566705906420564,0.2378002094953804,0.9587590036532926,0.0712
1,1784842913.860666,7943,-34.6,53.17,-2074.89,-0.50847965316437,0.8132499263611027,-0.2829717293149665,-0.8470315285104533,-0.5315142222718732,-0.005497384102518121,-0.15487424584832304,0.23689066844514267,0.9591124955793906,0.07300000000000001
1,1784842913.920505,7946,-34.61,53.160000000000004,-2074.86,-0.5075827660387787,0.81296076462107,-0.28540240154411417,-0.8470880673053058,-0.5314043068241304,-0.00716023168112188,-0.15748505278084093,0.2381265585261141,0.9583810308406178,0.0765
1,1784842913.980374,7949,-34.6,53.17,-2074.92,-0.5077368126033627,0.8130972049550345,-0.2847389408242023,-0.8471212526962836,-0.5313564251699098,-0.006777363863150597,-0.15680852131710563,0.23776729111668193,0.9585811404974427,0.08270000000000001
1,1784842914.0252252,7952,-34.6,53.18,-2074.86,-0.50811366325318,0.8131295573980403,-0.28397328765413965,-0.8469972966875533,-0.5315571080693322,-0.006528419789269362,-0.15625647064813233,0.237207427680153,0.958809966382262,0.08270000000000001
1,1784842914.085066,7958,-34.6,53.160000000000004,-2074.89,-0.5081495153258759,0.8133902488402106,-0.28316139066923884,-0.8470207051963274,-0.5315167667487144,-0.006771383441273438,-0.15601280409887333,0.2364026855952627,0.9590483695833875,0.0724
1,1784842914.1449914,7961,-34.6,53.160000000000004,-2074.85,-0.5079176154134774,0.813263274133266,-0.2839410905429632,-0.8470526743695916,-0.5314629154493377,-0.006995451766173056,-0.1565933038032268,0.23695994692802064,0.9588162080168754,0.0709
1,1784842914.2053714,7964,-34.6,53.18,-2074.88,-0.5083268557970251,0.8131141039210749,-0.2836357905486147,-0.846999177230124,-0.5315616762718826,-0.005880313811293551,-0.1555512823701669,0.23725015979689773,0.9589140525768425,0.07400000000000001
1,1784842914.2652078,7967,-34.61,53.18,-2074.89,-0.5077368126033627,0.8130972049550345,-0.2847389408242023,-0.8471212526962836,-0.5313564251699098,-0.006777363863150597,-0.15680852131710563,0.23776729111668193,0.9585811404974427,0.0724
1,1784842914.3100567,7970,-34.59,53.160000000000004,-2074.87,-0.507950415449773,0.8130818549512594,-0.28440160441428947,-0.8471234242306082,-0.5313608349018811,-0.00612921301512938,-0.15610342585674422,0.2378099246906966,0.9586856419882342,0.0868
1,1784842914.369898,7973,-34.6,53.15,-2074.89,-0.5078988861683577,0.8131204308430089,-0.2843833440527442,-0.8470869569787347,-0.5314136842207482,-0.006571418373419174,-0.15646855513312966,0.2375598054566697,0.9586881297303833,0.08270000000000001
1,1784842914.4297366,7976,-34.6,53.17,-2074.88,-0.5078342929248125,0.8132315711980742,-0.28418082717922316,-0.8470218593635505,-0.5315071008502658,-0.007360129486593166,-0.15702961723786274,0.23696964647915825,0.9587424502741461,0.0801
1,1784842914.474617,7979,-34.61,53.18,-2074.87,-0.5079821878180076,0.8131522111458653,-0.2841435875894797,-0.847117491892757,-0.5313693927506118,-0.006206720323239621,-0.1560322139462084,0.2375500998872362,0.9587616483019169,0.0666
1,1784842914.535174,7985,-34.6,53.160000000000004,-2074.89,-0.507826820969836,0.8130926733827674,-0.2845913287416442,-0.8471660372777053,-0.5312916102527802,-0.006239403673221911,-0.15627419872410078,0.2379275716815357,0.9586286274918291,0.0814
1,1784842914.5949814,7988,-34.61,53.160000000000004,-2074.87,-0.5079054561887721,0.8130841130841792,-0.2844754341305924,-0.8471011093814539,-0.5313932383837329,-0.0063981782375253805,-0.15637057926088663,0.23772978620728816,0.9586619793709625,0.0824
1,1784842914.6548214,7991,-34.6,53.19,-2074.87,-0.5080139423283397,0.813222500260392,-0.2838855393820808,-0.847111565211006,-0.5313779300049926,-0.006284233395477346,-0.1559609902692908,0.23729024542497723,0.9588375821484972,0.068
1,1784842914.7146606,7994,-34.6,53.17,-2074.85,-0.5074720770455552,0.8128985362315103,-0.28577624256004514,-0.8471590715751802,-0.5312942356125164,-0.006924063315015261,-0.15745983128070654,0.23858416753334563,0.9582713585073236,0.08
1,1784842914.7595408,7997,-34.61,53.160000000000004,-2074.9,-0.5075696463168481,0.8130335914813107,-0.28521822042217193,-0.8470594699674371,-0.5314451088052208,-0.007506708032911298,-0.15768103397769215,0.237786617474592,0.9584332089789657,0.0746
1,1784842914.8194017,8000,-34.61,53.17,-2074.89,-0.5079953554753331,0.8130796042413102,-0.28432776153988987,-0.8471456657260368,-0.5313284093819142,-0.005860241059479054,-0.1558362597635098,0.23789005559392257,0.9587092268213759,0.084
1,1784842914.8792214,8003,-34.61,53.18,-2074.89,-0.5075310635186648,0.812999482335112,-0.28538405927180455,-0.8470510928273726,-0.531457100396355,-0.007602406083116992,-0.1578501368500102,0.2378764220370286,0.9583830873587527,0.08020000000000001
1,1784842914.92413,8006,-34.6,53.160000000000004,-2074.91,-0.5077721351996137,0.8131833396655105,-0.2844298064642175,-0.8473024240478053,-0.5310798544123685,-0.005726293744692842,-0.15571146687876986,0.23809041208705672,0.9586797665303451,0.077
1,1784842914.9846613,8012,-34.62,53.160000000000004,-2074.9,-0.5076917795893487,0.8130994818749864,-0.28481272708927335,-0.8470987503723726,-0.5313887995603622,-0.007046333753228546,-0.15707566347135038,0.23768713948471396,0.9585572803273725,0.0765
1,1784842915.0444677,8015,-34.6,53.17,-2074.9,-0.5080073830089994,0.8132587468446116,-0.2837934274945063,-0.8470974547446241,-0.5313983468373742,-0.006457487412727396,-0.15605896633493244,0.23712023882249603,0.9588636980130362,0.0761
1,1784842915.1043096,8018,-34.6,53.17,-2074.89,-0.5075827660387787,0.81296076462107,-0.28540240154411417,-0.8470880673053058,-0.5314043068241304,-0.00716023168112188,-0.15748505278084093,0.2381265585261141,0.9583810308406178,0.0777
1,1784842915.1641483,8021,-34.6,53.18,-2074.87,-0.5077752537572815,0.8131312787293707,-0.28457304022634783,-0.8471295077373848,-0.5313444766656067,-0.006681634348598518,-0.15663935901408743,0.23767745090540413,0.9586310763472905,0.0771
1,1784842915.2090566,8024,-34.6,53.17,-2074.95,-0.5078334126056139,0.8130563181467929,-0.28468341813832004,-0.8471801568023815,-0.5312711017874786,-0.006066162362733454,-0.15617620485089545,0.23809754288337315,0.9586023957362466,0.0707
1,1784842915.2688675,8027,-34.6,53.160000000000004,-2074.9,-0.5080653848970065,0.8131839925159231,-0.2839037847322922,-0.8471478643579468,-0.5313251048240143,-0.005841994310150044,-0.15559582444020273,0.2375403698313471,0.958834976477788,0.0727
1,1784842915.3291082,8030,-34.6,53.19,-2074.91,-0.5080270899646837,0.8131499611957793,-0.28406973874265046,-0.8471397341798366,-0.5313370060807979,-0.005937738863386694,-0.15576503662802793,0.23763023077124792,0.9587852349655122,0.0782
1,1784842915.373964,8033,-34.6,53.17,-2074.92,-0.5080139423283397,0.813222500260392,-0.2838855393820808,-0.847111565211006,-0.5313779300049926,-0.006284233395477346,-0.1559609902692908,0.23729024542497723,0.9588375821484972,0.0709
1,1784842915.434332,8039,-34.6,53.160000000000004,-2074.86,-0.5081532174272493,0.8133380161043514,-0.28330474612644974,-0.8468470933739238,-0.5317803076276508,-0.007726892232806147,-0.15694046024677963,0.2359893556474073,0.9589988091539271,0.0828
1,1784842915.4941492,8042,-34.59,53.2,-2074.87,-0.5081036516066426,0.8132180092971228,-0.2837378166174192,-0.847155978002724,-0.5313132123382461,-0.00574624477915758,-0.15542660054908172,0.23745049957757172,0.9588846813314508,0.0678
1,1784842915.5539887,8045,-34.6,53.17,-2074.9,-0.5079241560848329,0.813227020895484,-0.28403320959170664,-0.8470668589836924,-0.5314425595172073,-0.0068221950500535694,-0.15649532924982698,0.23712996103245912,0.9587901717809443,0.0901
1,1784842915.6138284,8048,-34.6,53.160000000000004,-2074.91,-0.5078466248823462,0.8129835618078397,-0.28486757243647126,-0.8472083438749318,-0.5312299946134703,-0.00571969331937799,-0.1559802156182154,0.23843745731996674,0.958549816797481,0.0734
1,1784842915.6587093,8051,-34.6,53.17,-2074.87,-0.5076954114142667,0.8131151174821193,-0.2847616107394713,-0.8472861515318101,-0.5311037156628554,-0.00591782320820448,-0.15604982105505047,0.23827011757907968,0.9585800980708594,0.0728
1,1784842915.7185488,8054,-34.6,53.17,-2074.86,-0.5080336782801236,0.8131136687209657,-0.28416182620524477,-0.8471537926819835,-0.531316498993853,-0.0057644983689774144,-0.15566705906420564,0.2378002094953804,0.9587590036532926,0.07590000000000001
1,1784842915.778388,8057,-34.61,53.18,-2074.89,-0.5080336782801236,0.8131136687209657,-0.28416182620524477,-0.8471537926819835,-0.531316498993853,-0.0057644983689774144,-0.15566705906420564,0.2378002094953804,0.9587590036532926,0.08850000000000001
1,1784842915.8232687,8060,-34.61,53.19,-2074.87,-0.507763162577035,0.8129516656348748,-0.28510727818007403,-0.8471779234726039,-0.531274454381682,-0.006084414687784325,-0.15641654871021282,0.23844715025122157,0.9584763011293794,0.0898
1,1784842915.8831255,8066,-34.6,53.18,-2074.9,-0.5076467273629583,0.8131017662167584,-0.28488650015903905,-0.8470761747001648,-0.5314211519012983,-0.007315296797336753,-0.15734279282196031,0.23760698029957997,0.958533342382987,0.0758
1,1784842915.942948,8069,-34.6,53.160000000000004,-2074.84,-0.5077236956455681,0.813169882855214,-0.2845547232031905,-0.8470928133579069,-0.5313972300444397,-0.007123865417257241,-0.15700450451306505,0.23742730575553952,0.9586333292997237,0.07100000000000001
1,1784842916.0027885,8072,-34.61,53.160000000000004,-2074.89,-0.5078136667073772,0.813165337973731,-0.28440712547908614,-0.8471377462523079,-0.531332536927781,-0.006585899820743718,-0.1564701849547368,0.237587601359911,0.958680975559792,0.0868
1,1784842916.062628,8075,-34.6,53.17,-2074.89,-0.5078082136648399,0.812949409458159,-0.28503346434437254,-0.8472002041298201,-0.5312419361639836,-0.005815443502679533,-0.15614939083107288,0.23852727919961778,0.9584999242674525,0.07540000000000001
1,1784842916.1075082,8078,-34.61,53.19,-2074.91,-0.5081036516066426,0.8132180092971228,-0.2837378166174192,-0.847155978002724,-0.5313132123382461,-0.00574624477915758,-0.15542660054908172,0.23745049957757172,0.9588846813314508,0.07640000000000001
1,1784842916.1673477,8081,-34.6,53.18,-2074.87,-0.5077049165833626,0.8130267361391575,-0.2849969192815767,-0.8471271945643013,-0.5313479352305405,-0.006699847450328974,-0.15687967971250205,0.2380270951995802,0.9585050172242985,0.0819
1,1784842916.22719,8084,-34.6,53.160000000000004,-2074.88,-0.5076983432500843,0.813063116653878,-0.284904827263776,-0.8471129811307628,-0.5313683824393024,-0.006873088359038656,-0.15697767185453898,0.23785712198906694,0.9585311680160469,0.0736
1,1784842916.2870276,8090,-34.61,53.17,-2074.89,-0.5082718489602126,0.8132048448475293,-0.28347417496321026,-0.8471353223703381,-0.5313501099494359,-0.005367145351666204,-0.1549886226375032,0.2374130176995951,0.9589648512222445,0.0799
1,1784842916.3468854,8093,-34.6,53.160000000000004,-2074.86,-0.5081202216177532,0.8130932899771536,-0.28406538363069495,-0.8470114294884411,-0.5315366876812695,-0.006355152615964158,-0.15615850504878995,0.23737744510157896,0.9587838493935816,0.0702
1,1784842916.3917484,8096,-34.6,53.160000000000004,-2074.87,-0.5079887668141224,0.8131159153398412,-0.28423567863960997,-0.8471315874701407,-0.5313489161072147,-0.00603347843350147,-0.1559342371032951,0.23772008239259151,0.9587354568004006,0.0828
1,1784842916.4515953,8099,-34.6,53.17,-2074.89,-0.5081353124727002,0.8132882328299187,-0.2834797251280232,-0.8471500585561178,-0.5313218067111394,-0.005823744635273219,-0.15535534270387252,0.23719061544167125,0.9589605463415914,0.0707
1,1784842916.5119858,8102,-34.6,53.17,-2074.89,-0.5084690452035601,0.8133384899039905,-0.28273615069615005,-0.8471892265866131,-0.531270347679056,-0.004715085635605517,-0.15404429371241302,0.23713354574515808,0.9591861326442187,0.0795
1,1784842916.5568972,8105,-34.6,53.17,-2074.87,-0.5076786812886264,0.8131721664251932,-0.2846285022909676,-0.8470702368816835,-0.5314295435296644,-0.00739283795717782,-0.1572716451056896,0.2373471466338082,0.9586093894963368,0.0687
1,1784842916.6167047,8108,-34.6,53.17,-2074.88,-0.5078988861683577,0.8131204308430089,-0.2843833440527442,-0.8470869569787347,-0.5314136842207482,-0.006571418373419174,-0.15646855513312966,0.2375598054566697,0.9586881297303833,0.0718
1,1784842916.6765442,8111,-34.61,53.160000000000004,-2074.87,-0.5076401827050157,0.8131381194655589,-0.28479438824392744,-0.847061889542207,-0.531441508478907,-0.007488547980060552,-0.1574407831167144,0.2374369847721249,0.9585593763945547,0.0756
1,1784842916.7370486,8117,-34.61,53.18,-2074.86,-0.5077443528970383,0.8132361511638098,-0.2843283920776134,-0.8469765663936246,-0.5315715539796299,-0.007898036448854076,-0.15756385398064401,0.23680930184423668,0.9586944176737504,0.0697
1,1784842916.7968886,8120,-34.61,53.17,-2074.87,-0.507943836108171,0.8131181693807019,-0.284309517924905,-0.8471093089006151,-0.5313813111838765,-0.006302451778994203,-0.1562014024701378,0.2376399477097242,0.9587118321575475,0.0766
1,1784842916.8567293,8123,-34.61,53.160000000000004,-2074.86,-0.5079821878180076,0.8131522111458653,-0.2841435875894797,-0.847117491892757,-0.5313693927506118,-0.006206720323239621,-0.1560322139462084,0.2375500998872362,0.9587616483019169,0.0796
1,1784842916.9169252,8126,-34.61,53.17,-2074.89,-0.5080270899646837,0.8131499611957793,-0.28406973874265046,-0.8471397341798366,-0.5313370060807979,-0.005937738863386694,-0.15576503662802793,0.23763023077124792,0.9587852349655122,0.0805
1,1784842916.9767652,8129,-34.6,53.160000000000004,-2074.83,-0.5078342929248125,0.8132315711980742,-0.28418082717922316,-0.8470218593635505,-0.5315071008502658,-0.007360129486593166,-0.15702961723786274,0.23696964647915825,0.9587424502741461,0.0766
1,1784842917.0216453,8132,-34.6,53.17,-2074.85,-0.5074268759350871,0.812900826842564,-0.28584998040481563,-0.8471364575191387,-0.5313267195076836,-0.007193015996635949,-0.15772694101098353,0.23850401014632666,0.9582473841464105,0.0757
1,1784842917.0814857,8138,-34.6,53.17,-2074.85,-0.5078727027713419,0.8132655489008918,-0.28401490233905613,-0.8470301741591637,-0.531495166687181,-0.007264423725426148,-0.15686045340884747,0.23687978968054013,0.9587923463384936,0.07540000000000001
1,1784842917.1413252,8141,-34.61,53.160000000000004,-2074.87,-0.5081812340418522,0.8134602548515014,-0.2829032469672812,-0.8470147994238408,-0.531525184395845,-0.006848934950329973,-0.15594153688062418,0.23614273677141395,0.9591239987329145,0.0959
1,1784842917.2011657,8144,-34.6,53.18,-2074.85,-0.508090505348944,0.8132904738462651,-0.2835535990340672,-0.8471278880548254,-0.531354137704276,-0.006092751785233484,-0.155622555094131,0.2371104921665492,0.9589370338299127,0.0729
1,1784842917.261007,8147,-34.62,53.2,-2074.85,-0.5078023869084879,0.8131612851454239,-0.2844388514086732,-0.8470277892347361,-0.5314987190152839,-0.00728257847385236,-0.15710079603285865,0.2372295007492854,0.95866652380277,0.07050000000000001
1,1784842917.3058856,8150,-34.57,53.18,-2074.9,-0.507950415449773,0.8130818549512594,-0.28440160441428947,-0.8471234242306082,-0.5313608349018811,-0.00612921301512938,-0.15610342585674422,0.2378099246906966,0.9586856419882342,0.07690000000000001
1,1784842917.365725,8153,-34.61,53.14,-2074.89,-0.5078342929248125,0.8132315711980742,-0.28418082717922316,-0.8470218593635505,-0.5315071008502658,-0.007360129486593166,-0.15702961723786274,0.23696964647915825,0.9587424502741461,0.0785
1,1784842917.4255652,8156,-34.61,53.17,-2074.86,-0.5081474003305422,0.8131231349074676,-0.2839313068605923,-0.8469099237081253,-0.5316908806526492,-0.006956188288678259,-0.15661992421786258,0.23692947243655096,0.9588193909328955,0.0937
1,1784842917.4854047,8162,-34.61,53.15,-2074.88,-0.5081353124727002,0.8132882328299187,-0.2834797251280232,-0.8471500585561178,-0.5313218067111394,-0.005823744635273219,-0.15535534270387252,0.23719061544167125,0.9589605463415914,0.0683
1,1784842917.5452452,8165,-34.6,53.160000000000004,-2074.87,-0.5078089286115202,0.8131249760297963,-0.28453095680253004,-0.8470420330993074,-0.5314783641627863,-0.007109331180936124,-0.15700282222116768,0.23739949827957063,0.9586404915458121,0.0709
1,1784842917.5901248,8168,-34.61,53.19,-2074.87,-0.5074924525430334,0.8129653586741445,-0.285549883921665,-0.8470426991738675,-0.5314691007450818,-0.007698099081128124,-0.15801922790630824,0.2379662172431907,0.9583329291341609,0.0771
1,1784842917.6499648,8171,-34.6,53.17,-2074.87,-0.5073594976511784,0.8130643459148078,-0.2855043074023049,-0.8472449973177971,-0.5311558556662292,-0.0070264864222324055,-0.15736027028163707,0.23832714153784867,0.9583516676790877,0.0753
1,1784842917.7098053,8174,-34.61,53.160000000000004,-2074.88,-0.5080653848970065,0.8131839925159231,-0.2839037847322922,-0.8471478643579468,-0.5313251048240143,-0.005841994310150044,-0.15559582444020273,0.2375403698313471,0.958834976477788,0.07250000000000001
1,1784842917.7546847,8177,-34.6,53.18,-2074.88,-0.5078023869084879,0.8131612851454239,-0.2844388514086732,-0.8470277892347361,-0.5314987190152839,-0.00728257847385236,-0.15710079603285865,0.2372295007492854,0.95866652380277,0.0784
1,1784842917.8145244,8180,-34.6,53.17,-2074.87,-0.5079953554753331,0.8130796042413102,-0.28432776153988987,-0.8471456657260368,-0.5313284093819142,-0.005860241059479054,-0.1558362597635098,0.23789005559392257,0.9587092268213759,0.0776
1,1784842917.8743646,8183,-34.6,53.160000000000004,-2074.87,-0.5075943455252914,0.8129646280739762,-0.2853708006984819,-0.8471981249779311,-0.5312377608366579,-0.006463628635038399,-0.15685444662051798,0.23848470592848392,0.9583953921078583,0.0849
1,1784842917.9347112,8189,-34.61,53.17,-2074.9,-0.5080785705000906,0.8131114295246128,-0.28408796063019875,-0.8471759245308329,-0.5312840598468873,-0.005495511617461637,-0.15539986838447803,0.2378803290082009,0.958782472710592,0.0698
1,1784842917.994551,8192,-34.6,53.15,-2074.87,-0.5080205113138283,0.8131862383765184,-0.28397764313319585,-0.8471256583561275,-0.531357483085323,-0.006110983875625061,-0.15586301369835612,0.23746024274450434,0.9588114277982857,0.0752
1,1784842918.03964,8195,-34.61,53.160000000000004,-2074.89,-0.5083415911866883,0.8133089736368797,-0.28305006636902824,-0.8471374508010444,-0.531346900678944,-0.0053488867242211385,-0.1547480730739288,0.23706325008445708,0.9590902196036097,0.0669
1,1784842918.0994513,8198,-34.6,53.18,-2074.86,-0.5078783972677234,0.8130540668269922,-0.2846095887436987,-0.8472024019685249,-0.531238630822248,-0.005797173523825682,-0.15590902375273383,0.2381776680089721,0.9586259827348085,0.0748
1,1784842918.159797,8201,-34.61,53.17,-2074.88,-0.5076883754175432,0.8129756532986372,-0.2851720543979541,-0.8474292125508452,-0.530886726828352,-0.004797185938981004,-0.15529405391498471,0.23922765396402784,0.9584643375720963,0.09280000000000001
1,1784842918.2051775,8204,-34.6,53.160000000000004,-2074.84,-0.5076983432500843,0.813063116653878,-0.284904827263776,-0.8471129811307628,-0.5313683824393024,-0.006873088359038656,-0.15697767185453898,0.23785712198906694,0.9585311680160469,0.08370000000000001
1,1784842918.2649865,8207,-34.6,53.15,-2074.87,-0.5078857751313623,0.8131930204730151,-0.28419913946595576,-0.8470586002103696,-0.5314544856351416,-0.0069179121081703945,-0.15666450532543932,0.23721981610367535,0.9587403150065579,0.0726
1,1784842918.3245587,8210,-34.6,53.17,-2074.89,-0.5074918951211397,0.8127890130013625,-0.28605243702969085,-0.8472017982936735,-0.5312326202126805,-0.006404388334255405,-0.15716580211458234,0.23909396388499887,0.9581925626299961,0.08080000000000001
1,1784842918.3843987,8216,-34.61,53.160000000000004,-2074.91,-0.5074202985915474,0.8129373073456637,-0.2857578956089347,-0.8471221435431486,-0.531347167358802,-0.0073662513287639925,-0.15782494890265655,0.23833405561387827,0.9582735326818302,0.0823
1,1784842918.4448943,8219,-34.61,53.160000000000004,-2074.85,-0.507903560859088,0.8131608227738362,-0.28425947507943594,-0.8471823857001877,-0.5312677556367059,-0.0060479070822530515,-0.15593581444298468,0.23774786671285839,0.9587283106529648,0.0767
1,1784842918.504735,8222,-34.59,53.160000000000004,-2074.88,-0.50793070642492,0.8131907523556041,-0.28412532050841294,-0.8470810262770019,-0.5314221734939697,-0.006648942806672333,-0.15639735417257886,0.23729996587077654,0.9587640970570109,0.0775
1,1784842918.5645766,8225,-34.61,53.17,-2074.88,-0.5081133076839592,0.81319772663931,-0.2837786530786349,-0.847355621862509,-0.5310072481743552,-0.004444376705369536,-0.15430267869504616,0.2382031901023931,0.9588795146276597,0.0648
1,1784842918.6244142,8228,-34.6,53.17,-2074.91,-0.5077499682492714,0.8130244658741329,-0.2849231258303623,-0.8471496227349338,-0.5313154999424995,-0.006430880259416402,-0.1566125360337512,0.23810723930811595,0.9585287977656928,0.0751
1,1784842918.684255,8234,-34.6,53.160000000000004,-2074.89,-0.5074696022515763,0.8129503963746137,-0.28563307901044227,-0.8473324940849956,-0.5310292049860265,-0.005968912766140199,-0.15653193686378522,0.2389971474437871,0.9583204663657168,0.0765
1,1784842918.7440941,8237,-34.61,53.17,-2074.86,-0.5077337874102432,0.8131492358384954,-0.28459571566929986,-0.8472942960568731,-0.5310917806514566,-0.005822060971258682,-0.15588064983036823,0.23818026950135093,0.9586299506215764,0.08710000000000001
1,1784842918.7889743,8240,-34.6,53.17,-2074.87,-0.5080238264201588,0.8131340956142886,-0.2841209853899445,-0.846952441690552,-0.5316216961218527,-0.007066380044722472,-0.15679079470374668,0.2370470728822802,0.9587623959741591,0.0784
1,1784842918.8488503,8243,-34.6,53.160000000000004,-2074.88,-0.5080205113138283,0.8131862383765184,-0.28397764313319585,-0.8471256583561275,-0.531357483085323,-0.006110983875625061,-0.15586301369835612,0.23746024274450434,0.9588114277982857,0.07
1,1784842918.908655,8246,-34.61,53.17,-2074.87,-0.5079054561887721,0.8130841130841792,-0.2844754341305924,-0.8471011093814539,-0.5313932383837329,-0.0063981782375253805,-0.15637057926088663,0.23772978620728816,0.9586619793709625,0.066
1,1784842918.953556,8249,-34.6,53.17,-2074.86,-0.5081199535466902,0.8131614377524399,-0.28387072578921246,-0.8473694750750991,-0.5309865627925989,-0.00427116432045782,-0.1542046870839547,0.23837312408509106,0.95885304827969,0.0757
1,1784842919.0134053,8252,-34.6,53.160000000000004,-2074.86,-0.5078857751313623,0.8131930204730151,-0.28419913946595576,-0.8470586002103696,-0.5314544856351416,-0.0069179121081703945,-0.15666450532543932,0.23721981610367535,0.9587403150065579,0.07830000000000001
1,1784842919.0732155,8255,-34.6,53.17,-2074.82,-0.5075987939219251,0.8131560079731807,-0.2848170835924837,-0.8472273435569343,-0.5311891234151823,-0.006628988978020958,-0.15668213918142584,0.23793995432152806,0.9585589629224701,0.08080000000000001
1,1784842919.1330547,8261,-34.6,53.17,-2074.88,-0.5078857751313623,0.8131930204730151,-0.28419913946595576,-0.8470586002103696,-0.5314544856351416,-0.0069179121081703945,-0.15666450532543932,0.23721981610367535,0.9587403150065579,0.0658
1,1784842919.1928954,8264,-34.6,53.17,-2074.88,-0.507826820969836,0.8130926733827674,-0.2845913287416442,-0.8471660372777053,-0.5312916102527802,-0.006239403673221911,-0.15627419872410078,0.2379275716815357,0.9586286274918291,0.075
1,1784842919.237803,8267,-34.59,53.18,-2074.84,-0.5078089286115202,0.8131249760297963,-0.28453095680253004,-0.8470420330993074,-0.5314783641627863,-0.007109331180936124,-0.15700282222116768,0.23739949827957063,0.9586404915458121,0.0771
1,1784842919.2976139,8270,-34.6,53.18,-2074.88,-0.5072305282637048,0.8130347672268698,-0.2858175265404003,-0.8471913016075008,-0.5312327373259205,-0.007660109254968569,-0.1580635621448266,0.2382566810680428,0.9582534446838841,0.0834
1,1784842919.3574533,8273,-34.59,53.17,-2074.9,-0.5074431577563925,0.8130962256802255,-0.2852647356943944,-0.8472758071817638,-0.5311114076168136,-0.006661776322988326,-0.15692402050263585,0.2383174363823566,0.958425610731177,0.0857
1,1784842919.4172945,8276,-34.6,53.17,-2074.85,-0.5076786812886264,0.8131721664251932,-0.2846285022909676,-0.8470702368816835,-0.5314295435296644,-0.00739283795717782,-0.1572716451056896,0.2373471466338082,0.9586093894963368,0.0752
1,1784842919.477134,8282,-34.6,53.17,-2074.87,-0.5079690588241952,0.8132247568692298,-0.28395938106046664,-0.8470892487741323,-0.5314102557819574,-0.006553217609002925,-0.15622816611782148,0.23721010700376283,0.958813915859968,0.0629
1,1784842919.5369737,8285,-34.61,53.160000000000004,-2074.89,-0.5076795957563117,0.8129197705641876,-0.285346937391268,-0.8471473406200385,-0.5313189176812617,-0.006449108032040649,-0.15685283336014144,0.23845681860639012,0.9584025951170074,0.0786
1,1784842919.5968149,8288,-34.6,53.160000000000004,-2074.86,-0.5079756184877715,0.8131884916565917,-0.28405148839469846,-0.8471033789940364,-0.5313898393096702,-0.0063799667184787036,-0.1561301902863504,0.23738010808768376,0.9587878013228097,0.0675
1,1784842919.6566536,8291,-34.61,53.18,-2074.85,-0.5081418900891472,0.8132520115362304,-0.28357183440691786,-0.8471640751124225,-0.5313013286248747,-0.005650490275776616,-0.15525736496392967,0.23736062001460612,0.9589343495207266,0.066
1,1784842919.701558,8294,-34.61,53.18,-2074.87,-0.5072050131967258,0.8129275740030866,-0.2861674929365062,-0.8472116094345181,-0.5312039060032414,-0.007409391761331195,-0.1580365888884045,0.2386863416124928,0.9581509624793797,0.0853
1,1784842919.76188,8297,-34.6,53.17,-2074.87,-0.5076278939891754,0.8129584787337076,-0.28532864051666856,-0.8471106413671682,-0.5313718767839589,-0.006891287658913642,-0.15721794594326452,0.23820671782732936,0.9584049650619052,0.0756
1,1784842919.82172,8300,-34.6,53.15,-2074.87,-0.5077639210066942,0.8131272597531899,-0.28460474340772324,-0.8470194611525035,-0.5315106710617994,-0.007378277329971113,-0.15726993658302868,0.23731933337531536,0.9586165557997972,0.0766
1,1784842919.8821447,8306,-34.59,53.18,-2074.86,-0.5080588065911822,0.8132202510695105,-0.2838116845649351,-0.8471338082889766,-0.5313455821893933,-0.006015242441515139,-0.15569380173584085,0.2373703762862104,0.9588611706408721,0.06910000000000001
1,1784842919.9420662,8309,-34.6,53.160000000000004,-2074.84,-0.5080653848970065,0.8131839925159231,-0.2839037847322922,-0.8471478643579468,-0.5313251048240143,-0.005841994310150044,-0.15559582444020273,0.2375403698313471,0.958834976477788,0.085
1,1784842919.986945,8312,-34.6,53.160000000000004,-2074.85,-0.5076917795893487,0.8130994818749864,-0.28481272708927335,-0.8470987503723726,-0.5313887995603622,-0.007046333753228546,-0.15707566347135038,0.23768713948471396,0.9585572803273725,0.0737
1,1784842920.0468137,8315,-34.6,53.160000000000004,-2074.84,-0.5077499682492714,0.8130244658741329,-0.2849231258303623,-0.8471496227349338,-0.5313154999424995,-0.006430880259416402,-0.1566125360337512,0.23810723930811595,0.9585287977656928,0.0755
1,1784842920.106656,8318,-34.61,53.18,-2074.88,-0.5076372273574836,0.8131900995263807,-0.284651203111952,-0.8472355803982655,-0.531177171951247,-0.006533246137240902,-0.15651299213809994,0.23785010832486622,0.9586088927512767,0.08600000000000001
1,1784842920.15192,8321,-34.6,53.17,-2074.86,-0.5076053778825924,0.8131196330025777,-0.28490918337327054,-0.8472415173254596,-0.5311686496859579,-0.006455765705875115,-0.1565841360570209,0.2381099074304751,0.9585327747754517,0.07490000000000001
1,1784842920.2117682,8324,-34.59,53.15,-2074.88,-0.5077368126033627,0.8130972049550345,-0.2847389408242023,-0.8471212526962836,-0.5313564251699098,-0.006777363863150597,-0.15680852131710563,0.23776729111668193,0.9585811404974427,0.0708
1,1784842920.2713943,8327,-34.6,53.160000000000004,-2074.89,-0.5080270899646837,0.8131499611957793,-0.28406973874265046,-0.8471397341798366,-0.5313370060807979,-0.005937738863386694,-0.15576503662802793,0.23763023077124792,0.9587852349655122,0.07540000000000001
1,1784842920.3312638,8333,-34.6,53.17,-2074.87,-0.5077704630540717,0.8130909320153512,-0.2846968442471069,-0.8470337247650883,-0.5314903165697241,-0.007205033184866138,-0.15717196302278064,0.2374893253748937,0.958590524871044,0.07690000000000001
1,1784842920.391075,8336,-34.6,53.17,-2074.86,-0.5076690589980601,0.8132604989855405,-0.28439319141958025,-0.8472296491213842,-0.5311856736281192,-0.0066107323268907205,-0.15644183643028733,0.23759027951924083,0.9586849382838392,0.07680000000000001
1,1784842920.435955,8339,-34.6,53.17,-2074.87,-0.5078408246131912,0.8131952960082822,-0.28427294525894714,-0.8470361007995026,-0.5314867757301108,-0.007186874590940602,-0.15693164371333446,0.23713965879627413,0.9587164551771383,0.0752
1,1784842920.4958413,8342,-34.6,53.17,-2074.89,-0.5079722141403272,0.8132406569975347,-0.2839081954921197,-0.8472759079445964,-0.5311253237565203,-0.005424599634183082,-0.1552023372183332,0.23779302822149698,0.9588361227296441,0.06960000000000001
1,1784842920.5556343,8345,-34.61,53.17,-2074.85,-0.5073407117539747,0.8129207039953747,-0.28594637821212987,-0.847279446038092,-0.5311063417527712,-0.006602580660040236,-0.15723530938804478,0.2389267309566943,0.9582228731959976,0.08600000000000001
1,1784842920.616033,8348,-34.6,53.160000000000004,-2074.86,-0.5079559685001428,0.8132972413890914,-0.2837751419944598,-0.8470609363713955,-0.5314509984565086,-0.006899732835037762,-0.15642411623115113,0.23687007702213897,0.9588660294706604,0.0689
1,1784842920.675873,8354,-34.59,53.17,-2074.84,-0.507540637416833,0.8132309908987574,-0.28470661532943076,-0.847176405684471,-0.5312623232598879,-0.007244414127259638,-0.1571452799865649,0.23751989248551758,0.9585873260437009,0.0838
1,1784842920.736295,8357,-34.6,53.18,-2074.92,-0.5078104547779247,0.813217428960009,-0.28426388313310197,-0.8473105355028574,-0.5310679369469764,-0.005630521533873328,-0.1555422722095133,0.23800054534087717,0.9587295457913805,0.0718
1,1784842920.7961357,8360,-34.6,53.18,-2074.84,-0.5077140096290184,0.8132582390436477,-0.2843193997145642,-0.8472520044969039,-0.531153295330909,-0.006341745429645863,-0.15617466280547362,0.23767038832538898,0.9587086425034748,0.0727
1,1784842920.856128,8363,-34.61,53.17,-2074.86,-0.507517981809208,0.8130722852543019,-0.2851998546487279,-0.8470223866982524,-0.5314977812908213,-0.007948893943848026,-0.15804611533443216,0.23753645495856296,0.9584351089110905,0.09720000000000001
1,1784842920.9012406,8366,-34.59,53.17,-2074.87,-0.5077337874102432,0.8131492358384954,-0.28459571566929986,-0.8472942960568731,-0.5310917806514566,-0.005822060971258682,-0.15588064983036823,0.23818026950135093,0.9586299506215764,0.078
1,1784842920.9610565,8369,-34.61,53.19,-2074.87,-0.5077499682492714,0.8130244658741329,-0.2849231258303623,-0.8471496227349338,-0.5313154999424995,-0.006430880259416402,-0.1566125360337512,0.23810723930811595,0.9585287977656928,0.0746
1,1784842921.021163,8372,-34.6,53.18,-2074.85,-0.5072977164981727,0.8128712374869445,-0.2861632018659686,-0.8470825831733548,-0.5314036522743067,-0.007826597848630755,-0.1584301868966146,0.23843344902922303,0.9581489269753072,0.0789
1,1784842921.0810032,8378,-34.61,53.17,-2074.88,-0.5079717185666163,0.8130653854771437,-0.2844106398772419,-0.8474321530426262,-0.5308876377337047,-0.004130628410530911,-0.15434856373163153,0.23892047848694464,0.9586936558846897,0.077
1,1784842921.142037,8381,-34.6,53.17,-2074.89,-0.5080829629844171,0.8132340750832718,-0.2837288174444586,-0.8468446556354638,-0.5317839268273603,-0.007744958987975014,-0.15718088925384116,0.2363391509918068,0.958873283474852,0.0789
1,1784842921.2022154,8384,-34.61,53.18,-2074.88,-0.5082380711079991,0.8132113284962775,-0.283516134076599,-0.847222046905689,-0.5312159706024614,-0.004939211862174242,-0.15462492138512138,0.23769082393353877,0.9589547465362693,0.0693
1,1784842921.2620335,8387,-34.6,53.18,-2074.88,-0.5076730027330935,0.8129562002731914,-0.2852548662745986,-0.847133142085923,-0.5313394246947669,-0.006622336797934929,-0.1569508262979064,0.23828686955518305,0.9584288215209283,0.0782
1,1784842921.3218675,8390,-34.61,53.17,-2074.86,-0.5079749381321195,0.8130132259411034,-0.2845539609186802,-0.8472606631346972,-0.5311529929178567,-0.005085943271075573,-0.15527662713435836,0.2385078459070976,0.9586465336642769,0.0766
1,1784842921.3817081,8396,-34.6,53.18,-2074.83,-0.5078661810971417,0.8133017901570657,-0.28392277158607354,-0.847015935152901,-0.5315154620712668,-0.007437686214446586,-0.15695842664496254,0.23670976259225174,0.9588183042676321,0.0847
1,1784842921.441548,8399,-34.6,53.17,-2074.83,-0.5078857751313623,0.8131930204730151,-0.28419913946595576,-0.8470586002103696,-0.5314544856351416,-0.0069179121081703945,-0.15666450532543932,0.23721981610367535,0.9587403150065579,0.0745
1,1784842921.4864566,8402,-34.6,53.17,-2074.87,-0.5080588065911822,0.8132202510695105,-0.2838116845649351,-0.8471338082889766,-0.5313455821893933,-0.006015242441515139,-0.15569380173584085,0.2373703762862104,0.9588611706408721,0.0795
1,1784842921.5462956,8405,-34.61,53.17,-2074.87,-0.5079215823702449,0.8129593853196522,-0.2848029213038375,-0.8469560267243453,-0.5316167712939812,-0.007006944717393241,-0.1571023709490607,0.2376565721785454,0.9585604825687983,0.0726
1,1784842921.6061077,8408,-34.6,53.18,-2074.88,-0.5077958548765037,0.8131975789608613,-0.28434673787901044,-0.8470135280497814,-0.5315190437758076,-0.007455830222953749,-0.15719876930467108,0.23705949395846812,0.9586925175744577,0.0732
1,1784842921.6509876,8411,-34.61,53.19,-2074.85,-0.5078082136648399,0.812949409458159,-0.28503346434437254,-0.8472002041298201,-0.5312419361639836,-0.005815443502679533,-0.15614939083107288,0.23852727919961778,0.9584999242674525,0.0761
1,1784842921.7108555,8414,-34.61,53.17,-2074.86,-0.5072305282637048,0.8130347672268698,-0.2858175265404003,-0.8471913016075008,-0.5312327373259205,-0.007660109254968569,-0.1580635621448266,0.2382566810680428,0.9582534446838841,0.0761
1,1784842921.7706668,8417,-34.61,53.160000000000004,-2074.84,-0.5079690588241952,0.8132247568692298,-0.28395938106046664,-0.8470892487741323,-0.5314102557819574,-0.006553217609002925,-0.15622816611782148,0.23721010700376283,0.958813915859968,0.08600000000000001
1,1784842921.8305395,8423,-34.61,53.17,-2074.9,-0.5080402762593641,0.8130773609548694,-0.2842539055157803,-0.8471678338624204,-0.5312959618269272,-0.005591262402611255,-0.15556908101278832,0.23797017890707547,0.9587327338647466,0.0951
1,1784842921.8903475,8426,-34.61,53.18,-2074.84,-0.5076822158634273,0.8131878388202819,-0.2845774173942827,-0.8472579349776101,-0.5311447548028282,-0.006264268745772356,-0.15624582974747248,0.2379302171651237,0.9586325951303142,0.08600000000000001
1,1784842921.9352276,8429,-34.61,53.17,-2074.86,-0.5079625088280594,0.8132610067809919,-0.28386726559198605,-0.8470751012331994,-0.5314306421650453,-0.006726472984595283,-0.15632614143472176,0.23704009664530393,0.9588399919102855,0.0719
1,1784842921.9950666,8432,-34.61,53.160000000000004,-2074.84,-0.5072911574725865,0.812907743249303,-0.2860711144373873,-0.8470681752983943,-0.5314240388567812,-0.00799983261044237,-0.15852819290830375,0.23826349256751755,0.958174994540536,0.08320000000000001
1,1784842922.0549076,8435,-34.61,53.18,-2074.91,-0.5074112325672521,0.8130256118740868,-0.28552267073097476,-0.8472817552590867,-0.5311028847096503,-0.0065843039243959605,-0.1569951218021213,0.23857719985332737,0.9583493368498162,0.1017
1,1784842922.0998154,8438,-34.61,53.17,-2074.88,-0.5076795957563117,0.8129197705641876,-0.285346937391268,-0.8471473406200385,-0.5313189176812617,-0.006449108032040649,-0.15685283336014144,0.23845681860639012,0.9584025951170074,0.0755
1,1784842922.1596274,8441,-34.6,53.18,-2074.9,-0.507826820969836,0.8130926733827674,-0.2845913287416442,-0.8471660372777053,-0.5312916102527802,-0.006239403673221911,-0.15627419872410078,0.2379275716815357,0.9586286274918291,0.0758
1,1784842922.2194674,8444,-34.61,53.15,-2074.82,-0.5078400139100457,0.8130199476208843,-0.28477549937166147,-0.8471942590015066,-0.5312505632402276,-0.005892925574714064,-0.15607821048030002,0.23826750476612507,0.9585761255037556,0.0724
1,1784842922.2793062,8450,-34.61,53.18,-2074.86,-0.5074563606536455,0.8130233415968191,-0.2854489237164842,-0.8473041852925156,-0.5310703664518881,-0.00631533549732241,-0.1567279796907484,0.2386573105844431,0.9583731154861644,0.0776
1,1784842922.339891,8453,-34.61,53.18,-2074.87,-0.5078652050206054,0.8131267553445751,-0.28442540897778773,-0.8471742197548596,-0.5312796785598444,-0.006143657875652211,-0.15610501245034758,0.23783772386261964,0.9586784873959179,0.0736
1,1784842922.3847706,8456,-34.62,53.17,-2074.87,-0.5073914707258725,0.8131349250433763,-0.2852463656373885,-0.8472390508575967,-0.5311643100086905,-0.007103975993092068,-0.1572891799729229,0.23806736325606373,0.9584279025653161,0.0951
1,1784842922.444583,8459,-34.61,53.160000000000004,-2074.89,-0.5078783972677234,0.8130540668269922,-0.2846095887436987,-0.8472024019685249,-0.531238630822248,-0.005797173523825682,-0.15590902375273383,0.2381776680089721,0.9586259827348085,0.0821
1,1784842922.5044498,8462,-34.61,53.17,-2074.85,-0.5073233084659067,0.8129783893620431,-0.2858132241823403,-0.8470622157899914,-0.5314323649319374,-0.008077380998700454,-0.15845713385063012,0.2380037393259743,0.9582513014855222,0.07490000000000001
1,1784842922.5493307,8465,-34.61,53.18,-2074.88,-0.5078303174988198,0.8131083998678729,-0.28454015304233443,-0.8473525525996825,-0.5310061494193905,-0.005110859183563727,-0.15524825355491165,0.23851037575564552,0.9586504996217602,0.0785
1,1784842922.6091728,8468,-34.6,53.160000000000004,-2074.85,-0.5077499682492714,0.8130244658741329,-0.2849231258303623,-0.8471496227349338,-0.5313154999424995,-0.006430880259416402,-0.1566125360337512,0.23810723930811595,0.9585287977656928,0.07830000000000001
1,1784842922.6688285,8471,-34.61,53.160000000000004,-2074.86,-0.5077114995884012,0.8129903403336212,-0.28508900313747604,-0.8471413906728291,-0.5313274579365088,-0.00652661103731581,-0.15678168705114112,0.2381970591064262,0.9584788279552386,0.076
1,1784842922.7286386,8477,-34.61,53.17,-2074.86,-0.5078923258156276,0.8131567333068841,-0.284291245829465,-0.8470727872549872,-0.5314340999720272,-0.006744663000372936,-0.15656653048994712,0.23738981541885568,0.9587142416099502,0.0782
1,1784842922.7884793,8480,-34.61,53.17,-2074.89,-0.5079167524135716,0.8130881715042926,-0.28444366397839993,-0.8472105284015855,-0.5312267071746147,-0.005701416483854969,-0.1557398252957701,0.23808782191498642,0.9586758033207163,0.0801
1,1784842922.833517,8483,-34.61,53.17,-2074.86,-0.5077884087112375,0.8130585768915677,-0.28475723436212746,-0.8471578382704783,-0.5313035507141274,-0.006335144469597755,-0.15644337325498694,0.23801741016492703,0.9585787309464892,0.08170000000000001
1,1784842922.8938906,8486,-34.61,53.18,-2074.88,-0.507826820969836,0.8130926733827674,-0.2845913287416442,-0.8471660372777053,-0.5312916102527802,-0.006239403673221911,-0.15627419872410078,0.2379275716815357,0.9586286274918291,0.07060000000000001
1,1784842922.9537303,8489,-34.6,53.18,-2074.85,-0.5078923258156276,0.8131567333068841,-0.284291245829465,-0.8470727872549872,-0.5314340999720272,-0.006744663000372936,-0.15656653048994712,0.23738981541885568,0.9587142416099502,0.0684
1,1784842923.0135708,8492,-34.6,53.18,-2074.87,-0.5082008151260624,0.8133518411482867,-0.283179649702972,-0.8470571036084339,-0.531464208838015,-0.006329135065212035,-0.15564766214658265,0.2366528622790667,0.9590459989194619,0.0644
1,1784842923.0733824,8498,-34.61,53.160000000000004,-2074.86,-0.5073529197019697,0.8131007869633848,-0.28541220210322327,-0.8472307254381749,-0.5311763003219186,-0.007199711787487674,-0.15745828890023764,0.23815719224042625,0.9583778164381552,0.0712
1,1784842923.1332223,8501,-34.61,53.17,-2074.86,-0.507943836108171,0.8131181693807019,-0.284309517924905,-0.8471093089006151,-0.5313813111838765,-0.006302451778994203,-0.1562014024701378,0.2376399477097242,0.9587118321575475,0.0685
1,1784842923.1930614,8504,-34.61,53.18,-2074.85,-0.5076082009331045,0.8130676861095796,-0.2850523673816287,-0.8470678305922908,-0.5314331259730716,-0.007411004935865869,-0.15751191929859454,0.23769680356055167,0.9584832939889821,0.0756
1,1784842923.2529025,8507,-34.61,53.160000000000004,-2074.88,-0.5074974999797693,0.8130056287352951,-0.28542623418146357,-0.8471388408402494,-0.5313231656591382,-0.007174815244371303,-0.1574867354862714,0.2381544483705474,0.9583738241767654,0.08370000000000001
1,1784842923.2977822,8510,-34.61,53.17,-2074.84,-0.5076300372724994,0.8130507711086842,-0.2850617281542628,-0.8473791396932789,-0.5309607304683716,-0.005412606873929703,-0.15575730760192047,0.23880776013368427,0.9584938783469268,0.0748
1,1784842923.3576224,8513,-34.61,53.18,-2074.86,-0.5077368126033627,0.8130972049550345,-0.2847389408242023,-0.8471212526962836,-0.5313564251699098,-0.006777363863150597,-0.15680852131710563,0.23776729111668193,0.9585811404974427,0.07150000000000001
1,1784842923.4181468,8516,-34.6,53.17,-2074.83,-0.5072182009129381,0.8128544971666327,-0.28635164238855493,-0.8472402591866662,-0.531162929363632,-0.007062979764628466,-0.15784055206426723,0.23902616782650757,0.9580985602839727,0.0872
1,1784842923.478015,8522,-34.61,53.17,-2074.85,-0.5074654903720224,0.8129350134084566,-0.28568416136719094,-0.8471447946776473,-0.5313147139138324,-0.007097297318653762,-0.1575578399574258,0.23841421675993812,0.9582975468583311,0.0833
1,1784842923.537854,8525,-34.6,53.18,-2074.88,-0.5074629766154195,0.8129868766266644,-0.28554100545707783,-0.8473183483536155,-0.5310498007553516,-0.006142121864814631,-0.15662995852619999,0.23882723368686848,0.958346810158806,0.08420000000000001
1,1784842923.5827353,8528,-34.61,53.18,-2074.86,-0.5078038532064376,0.8132537414097584,-0.28417177683880707,-0.8472964951516732,-0.5310884726420874,-0.005803751406241489,-0.1556402774746482,0.23783058320940292,0.9587558175666471,0.0674
1,1784842923.6425462,8531,-34.61,53.17,-2074.89,-0.5075696463168481,0.8130335914813107,-0.28521822042217193,-0.8470594699674371,-0.5314451088052208,-0.007506708032911298,-0.15768103397769215,0.237786617474592,0.9584332089789657,0.0791
1,1784842923.7030962,8534,-34.61,53.18,-2074.84,-0.5075152674942558,0.81312417820677,-0.28505670326410354,-0.8471965897066664,-0.5312334955687682,-0.006993681089538389,-0.15711840009887,0.23794966694944708,0.958485140390303,0.0892
1,1784842923.7479482,8537,-34.61,53.18,-2074.87,-0.507950415449773,0.8130818549512594,-0.28440160441428947,-0.8471234242306082,-0.5313608349018811,-0.00612921301512938,-0.15610342585674422,0.2378099246906966,0.9586856419882342,0.0728
1,1784842923.8083148,8540,-34.61,53.17,-2074.88,-0.5075735105792877,0.813049099430407,-0.28516713217624123,-0.8472474599015953,-0.5311601068356748,-0.006378291041420242,-0.15665526817988706,0.23836967680835278,0.958456584373945,0.06960000000000001
1,1784842923.8683214,8543,-34.61,53.17,-2074.82,-0.5076213199633212,0.8129948964837361,-0.285236557632599,-0.8470963884335101,-0.5313923232678026,-0.00706452227338278,-0.1573159375956531,0.2380367556984565,0.958431113181826,0.0748
1,1784842923.9291775,8549,-34.61,53.17,-2074.89,-0.507494853918355,0.8130575251016292,-0.2852830771742362,-0.8473123986548158,-0.5310583922196744,-0.006219577065758921,-0.15655884622789598,0.23856748506170775,0.9584231230198497,0.0703
1,1784842923.9897323,8552,-34.6,53.18,-2074.84,-0.5076016559303029,0.8131040579798045,-0.2849602600251291,-0.8470535256850588,-0.5314534821896436,-0.007584252963445221,-0.1576099093373438,0.23752681357117764,0.9585093266700107,0.0821
1,1784842924.050168,8555,-34.61,53.18,-2074.86,-0.5075827660387787,0.81296076462107,-0.28540240154411417,-0.8470880673053058,-0.5314043068241304,-0.00716023168112188,-0.15748505278084093,0.2381265585261141,0.9583810308406178,0.0874
1,1784842924.110155,8558,-34.6,53.17,-2074.86,-0.5078890692778899,0.8132088416553404,-0.28414797757791366,-0.8472457014264181,-0.5311696573455444,-0.005789346238886003,-0.15563873143435605,0.2378028068989023,0.958762958352328,0.0644
1,1784842924.1710577,8561,-34.61,53.17,-2074.86,-0.5079821878180076,0.8131522111458653,-0.2841435875894797,-0.847117491892757,-0.5313693927506118,-0.006206720323239621,-0.1560322139462084,0.2375500998872362,0.9587616483019169,0.0699
1,1784842924.2161782,8564,-34.6,53.18,-2074.88,-0.5077884087112375,0.8130585768915677,-0.28475723436212746,-0.8471578382704783,-0.5313035507141274,-0.006335144469597755,-0.15644337325498694,0.23801741016492703,0.9585787309464892,0.075
1,1784842924.2772229,8570,-34.6,53.19,-2074.88,-0.5075267133997479,0.8131281065400224,-0.28502511738492126,-0.8473064546015364,-0.5310669631057385,-0.006297038051544085,-0.1564877221261293,0.23830770665735104,0.9584993634695274,0.0737
1,1784842924.3376775,8573,-34.61,53.17,-2074.85,-0.5078857751313623,0.8131930204730151,-0.28419913946595576,-0.8470586002103696,-0.5314544856351416,-0.0069179121081703945,-0.15666450532543932,0.23721981610367535,0.9587403150065579,0.06670000000000001
1,1784842924.3831964,8576,-34.6,53.18,-2074.83,-0.5075735105792877,0.813049099430407,-0.28516713217624123,-0.8472474599015953,-0.5311601068356748,-0.006378291041420242,-0.15665526817988706,0.23836967680835278,0.958456584373945,0.097
1,1784842924.4437695,8579,-34.62,53.18,-2074.85,-0.5081691264283995,0.8132817333064786,-0.2834377554508345,-0.8470630166894711,-0.5314557019876437,-0.006251606333850624,-0.15571892852806912,0.23691276684642937,0.9589702582474805,0.0732
1,1784842924.5041678,8582,-34.61,53.18,-2074.87,-0.5072050131967258,0.8129275740030866,-0.2861674929365062,-0.8472116094345181,-0.5312039060032414,-0.007409391761331195,-0.1580365888884045,0.2386863416124928,0.9581509624793797,0.0825
1,1784842924.5491946,8585,-34.6,53.18,-2074.88,-0.5076213199633212,0.8129948964837361,-0.285236557632599,-0.8470963884335101,-0.5313923232678026,-0.00706452227338278,-0.1573159375956531,0.2380367556984565,0.958431113181826,0.0697
1,1784842924.6091402,8588,-34.6,53.17,-2074.83,-0.5079887668141224,0.8131159153398412,-0.28423567863960997,-0.8471315874701407,-0.5313489161072147,-0.00603347843350147,-0.1559342371032951,0.23772008239259151,0.9587354568004006,0.0682
1,1784842924.6711786,8591,-34.61,53.17,-2074.84,-0.5071531719807281,0.8129663976758754,-0.2861490807250593,-0.8471744626152911,-0.5312567960829201,-0.007851529036026457,-0.1584016731047338,0.23843626583559202,0.9581529403451204,0.078
1,1784842924.7169764,8594,-34.61,53.17,-2074.81,-0.5079953554753331,0.8130796042413102,-0.28432776153988987,-0.8471456657260368,-0.5313284093819142,-0.005860241059479054,-0.1558362597635098,0.23789005559392257,0.9587092268213759,0.0732
1,1784842924.7727742,8600,-34.61,53.17,-2074.92,-0.5077565605783134,0.8129880733978996,-0.28501520608987313,-0.8471637817664684,-0.5312949922025475,-0.006257645214480174,-0.15651454262405445,0.23827719944062253,0.9585025686840472,0.0746
1,1784842924.8361354,8603,-34.6,53.17,-2074.82,-0.507643810972083,0.813153743174824,-0.2847433074586866,-0.8472497344157804,-0.5311566978598984,-0.00636001972937064,-0.15641498877706528,0.2380200669677678,0.9585827032690136,0.0733
1,1784842924.882951,8606,-34.6,53.17,-2074.86,-0.5075696463168481,0.8130335914813107,-0.28521822042217193,-0.8470594699674371,-0.5314451088052208,-0.007506708032911298,-0.15768103397769215,0.237786617474592,0.9584332089789657,0.0789
1,1784842924.9430099,8609,-34.6,53.18,-2074.85,-0.507826820969836,0.8130926733827674,-0.2845913287416442,-0.8471660372777053,-0.5312916102527802,-0.006239403673221911,-0.15627419872410078,0.2379275716815357,0.9586286274918291,0.0708
1,1784842925.0049121,8612,-34.6,53.17,-2074.9,-0.508017296368042,0.8131703543897414,-0.2840288741176985,-0.8469382174204051,-0.531642025499648,-0.007239654368708454,-0.15688875824497964,0.2368770387021379,0.9587883948359274,0.0697
1,1784842925.0649922,8615,-34.6,53.17,-2074.89,-0.5081300600785074,0.8130728966546577,-0.28410615405199624,-0.8472119500368639,-0.5312310006243021,-0.00505328511338663,-0.15503468566532724,0.23813040272360644,0.9587795145597062,0.0712
1,1784842925.1166244,8618,-34.6,53.18,-2074.86,-0.5081005755213402,0.8132020463358871,-0.283789071301219,-0.8469689791231788,-0.5315978585582772,-0.006874967584944457,-0.15645240029454005,0.23686736501970762,0.9588620848853592,0.07060000000000001
1,1784842925.1709924,8621,-34.6,53.18,-2074.88,-0.5075152674942558,0.81312417820677,-0.28505670326410354,-0.8471965897066664,-0.5312334955687682,-0.006993681089538389,-0.15711840009887,0.23794966694944708,0.958485140390303,0.06810000000000001
1,1784842925.2159514,8624,-34.6,53.17,-2074.86,-0.5076664193813666,0.8129926146957478,-0.28516278698784253,-0.8471189262267189,-0.531359901625957,-0.006795570067627179,-0.1570488187188721,0.23811691118907224,0.9584550094525993,0.0747
1,1784842925.2759454,8630,-34.61,53.18,-2074.88,-0.5078136667073772,0.813165337973731,-0.28440712547908614,-0.8471377462523079,-0.531332536927781,-0.006585899820743718,-0.1564701849547368,0.237587601359911,0.958680975559792,0.0775
1,1784842925.335837,8633,-34.61,53.18,-2074.83,-0.5078586234000426,0.8131630766633144,-0.2843333068595134,-0.8471601026597386,-0.531300157302503,-0.0063169068282250065,-0.15620300605223528,0.23766773782275968,0.9587046820050777,0.0743
1,1784842925.3807864,8636,-34.61,53.18,-2074.84,-0.5076917795893487,0.8130994818749864,-0.28481272708927335,-0.8470987503723726,-0.5313887995603622,-0.007046333753228546,-0.15707566347135038,0.23768713948471396,0.9585572803273725,0.0787
1,1784842925.4406261,8639,-34.61,53.160000000000004,-2074.82,-0.5076467273629583,0.8131017662167584,-0.28488650015903905,-0.8470761747001648,-0.5314211519012983,-0.007315296797336753,-0.15734279282196031,0.23760698029957997,0.958533342382987,0.0751
1,1784842925.500494,8642,-34.6,53.17,-2074.87,-0.5077271851461683,0.8131855855331455,-0.284503618508911,-0.8472802161958998,-0.53111231562217,-0.005995284604243366,-0.15597865465049368,0.23801031842248324,0.9586562197252204,0.0795
1,1784842925.560218,8645,-34.61,53.19,-2074.88,-0.5080354606876877,0.8133811665676244,-0.28339204039093835,-0.8472640732240179,-0.531142597766521,-0.005579521635185899,-0.15505986233611468,0.23727329961654328,0.9589879146169585,0.0693
1,1784842925.6200302,8648,-34.6,53.18,-2074.86,-0.5073792895669814,0.8129549310405263,-0.28578057424429376,-0.8472877089823918,-0.5310943412198281,-0.0065068372998237384,-0.1570662112800675,0.23883693353660748,0.9582729905684263,0.0941
1,1784842925.6649098,8651,-34.6,53.15,-2074.85,-0.5077337874102432,0.8131492358384954,-0.28459571566929986,-0.8472942960568731,-0.5310917806514566,-0.005822060971258682,-0.15588064983036823,0.23818026950135093,0.9586299506215764,0.0656
