Tool ID,Timestamp,Frame #,Tx,Ty,Tz,R00,R01,R02,R10,R11,R12,R20,R21,R22,Tracking Quality
1,1785175389.6449938,92,109.86,-144.69,-1775.6200000000001,-0.22319934219262993,0.22752934326355026,-0.9478462172730526,-0.6150540519733557,-0.7872482178107434,-0.04414472454286365,-0.7562344654906534,0.5731235831021667,0.3156561288747613,0.5016
1,1785175389.7088232,95,109.85000000000001,-144.68,-1775.56,-0.22260621851978502,0.22706853197124213,-0.9480961730039558,-0.6152098737676067,-0.7871306145582048,-0.044070475877490585,-0.7562825415776615,0.5734677649298591,0.31491497247857997,0.4687
1,1785175389.768696,98,109.85000000000001,-144.68,-1775.55,-0.22274289899540411,0.22712864451778103,-0.9480496715819475,-0.6152439231935461,-0.7871068169622116,-0.044020150670226486,-0.7562145964741338,0.5734766233519296,0.3150619725519598,0.4807
1,1785175389.8285036,101,109.85000000000001,-144.68,-1775.58,-0.22247415149095248,0.22694845024161125,-0.9481559222255121,-0.615547732597576,-0.7868752196418924,-0.04391329647733462,-0.7560464541364924,0.5738656547019122,0.3147570007818445,0.47550000000000003
1,1785175389.8883433,107,109.84,-144.68,-1775.53,-0.2232802386690633,0.22717045414836873,-0.9479132448604726,-0.6153251939592179,-0.7870620927323473,-0.043682580771161175,-0.755989973940751,0.5735214441900165,0.3155191156732994,0.49720000000000003
1,1785175389.9482164,110,109.85000000000001,-144.68,-1775.55,-0.22312117534093223,0.22717016998340278,-0.9479507661182582,-0.6155726462498818,-0.7868687545060521,-0.04367928995544611,-0.7558354703924648,0.5737867871011025,0.31540682403016457,0.4868
1,1785175390.0080233,113,109.85000000000001,-144.69,-1775.56,-0.2235490250506176,0.22735040031977136,-0.947806746585694,-0.6150213249064099,-0.7872936165846849,-0.04378962428899431,-0.7561577899547702,0.5731322332232298,0.3158240648387496,0.49510000000000004
1,1785175390.0678647,116,109.85000000000001,-144.68,-1775.54,-0.22344391155148147,0.22711096656084712,-0.9478889319210198,-0.6154495315953337,-0.786976189687002,-0.04347816607002339,-0.7558403882101421,0.5736628676614217,0.3156203761115811,0.49810000000000004
1,1785175390.1277027,119,109.85000000000001,-144.68,-1775.5900000000001,-0.22340331353357917,0.22713132383529172,-0.9478936233750308,-0.6156583473295733,-0.7868153118366286,-0.04343344820351077,-0.7556823134529718,0.5738754453644591,0.315612443262473,0.47300000000000003
1,1785175390.187586,125,109.85000000000001,-144.68,-1775.5900000000001,-0.22344391155148147,0.22711096656084712,-0.9478889319210198,-0.6154495315953337,-0.786976189687002,-0.04347816607002339,-0.7558403882101421,0.5736628676614217,0.3156203761115811,0.497
1,1785175390.2474253,128,109.84,-144.68,-1775.53,-0.22235099223161994,0.22698779272846079,-0.9481753942208558,-0.615214368860774,-0.7871219580185589,-0.044162241250525966,-0.7563539625075376,0.5735116085636729,0.31466350001526205,0.5006
1,1785175390.3072653,131,109.85000000000001,-144.69,-1775.58,-0.22276989807913428,0.22700897442357587,-0.948071989904231,-0.6153343323296229,-0.787044739373569,-0.04386613364371546,-0.7561330782119438,0.5736091907872007,0.315016292083732,0.4859
1,1785175390.3671052,134,109.84,-144.69,-1775.54,-0.22321264929905404,0.2273104094761037,-0.9478956118353452,-0.6154437027422442,-0.7869633529692112,-0.043791892381725386,-0.7559134619437687,0.5736014808447258,0.31555693499735327,0.4874
1,1785175390.4119852,137,109.85000000000001,-144.68,-1775.56,-0.22273833150182332,0.22718853977512285,-0.9480363933281419,-0.6148719198764496,-0.7873858208143371,-0.04422772126146594,-0.7565184451335163,0.5730697484385128,0.3150728576018359,0.4642
1,1785175390.4718251,140,109.85000000000001,-144.68,-1775.58,-0.22336297928417145,0.22746983074283242,-0.947821953526677,-0.6151784786255402,-0.7871624274060949,-0.043940326763812036,-0.7560849283785949,0.5732650250817435,0.3157574893755704,0.4858
1,1785175390.5316787,143,109.85000000000001,-144.69,-1775.58,-0.22350839516749407,0.22737077437232225,-0.9478114412956734,-0.6152302498595841,-0.7871328520293255,-0.04374486157131758,-0.7559998260233696,0.5733449260414802,0.3158161788685381,0.4883
1,1785175390.5765452,146,109.85000000000001,-144.69,-1775.6100000000001,-0.22271138079623326,0.22730820991614586,-0.9480140392254498,-0.6147814472688401,-0.7874477964796565,-0.044381752031256855,-0.7565999028270264,0.5729371217891638,0.31511845632727303,0.4685
1,1785175390.636393,152,109.85000000000001,-144.69,-1775.58,-0.2224471279123522,0.22706813687583308,-0.9481336068821121,-0.6154573276417206,-0.7869373240247108,-0.044067288422809436,-0.7561280004970438,0.5737331341944313,0.31480269629051355,0.4713
1,1785175390.696225,155,109.85000000000001,-144.68,-1775.56,-0.22261082099152724,0.22700859103987342,-0.948109446198892,-0.6155817807295294,-0.7868513928335661,-0.04386293229754298,-0.7559785007600017,0.57387453784775,0.31490398727023355,0.47790000000000005
1,1785175390.7560658,158,109.85000000000001,-144.69,-1775.5900000000001,-0.22290198559444216,0.22712896221299017,-0.9480122042158029,-0.6149964135428797,-0.7873000391880876,-0.04402339859473774,-0.7563690343657984,0.5732112026282162,0.315174239166312,0.4758
1,1785175390.8159049,161,109.86,-144.69,-1775.5900000000001,-0.22350839516749407,0.22737077437232225,-0.9478114412956734,-0.6152302498595841,-0.7871328520293255,-0.04374486157131758,-0.7559998260233696,0.5733449260414802,0.3158161788685381,0.48300000000000004
1,1785175390.860785,164,109.85000000000001,-144.69,-1775.56,-0.22264676767233446,0.2270482705429572,-0.9480915038584163,-0.6150009247812941,-0.7872913806022532,-0.04411512832975776,-0.7564405326020113,0.5732550609221432,0.3149227774612935,0.454
1,1785175390.920625,167,109.85000000000001,-144.69,-1775.56,-0.22186748145344135,0.22670652650211595,-0.9483559308165118,-0.6153137770811454,-0.7870425902397121,-0.04419181918522115,-0.7564150820863117,0.5737317421845424,0.3141148064040414,0.46740000000000004
1,1785175390.980498,170,109.84,-144.69,-1775.57,-0.2231708257663986,0.2273089454804906,-0.947905810632729,-0.6146924359899157,-0.7875314038858674,-0.04413045468084601,-0.756536840916242,0.572821901814257,0.3154791231418821,0.48850000000000005
1,1785175391.0253468,173,109.85000000000001,-144.69,-1775.5900000000001,-0.22254170596034598,0.2268085226873845,-0.9481735511733204,-0.615429279213821,-0.7869739631672162,-0.04380392200753399,-0.7561230001756433,0.573785565636895,0.3147191339466551,0.4803
1,1785175391.085185,179,109.84,-144.69,-1775.58,-0.2226332193328639,0.22694885733994827,-0.9481184872164325,-0.6153002939819814,-0.7870685430819198,-0.04391647431877209,-0.7562010300675159,0.5736003178546852,0.3148693022220994,0.46730000000000005
1,1785175391.1450248,182,109.85000000000001,-144.69,-1775.58,-0.22293051522980661,0.22734931388136218,-0.947952675431135,-0.6153578921270504,-0.7870167373402818,-0.04403770819662911,-0.7560665645142143,0.5735128112116867,0.3153512413163165,0.4879
1,1785175391.2048702,185,109.85000000000001,-144.68,-1775.5900000000001,-0.2231481909129403,0.2270505357983216,-0.9479730687556356,-0.6156629744756377,-0.7868066170401126,-0.04352527129960071,-0.7557539194420974,0.5739193336833919,0.31536108141671376,0.47590000000000005
1,1785175391.2647045,188,109.85000000000001,-144.69,-1775.54,-0.22239152007280122,0.22696756322221467,-0.9481707320122673,-0.6150054117809686,-0.787282729822149,-0.04420686376465311,-0.7565119663824428,0.5732988998495945,0.3146712826926132,0.4793
1,1785175391.3095846,191,109.85000000000001,-144.69,-1775.57,-0.22225943873116688,0.22684743207188568,-0.9482304490245491,-0.615343373708611,-0.7870274172707715,-0.0440497093861443,-0.7562759247310544,0.5736968598715616,0.31451333619689054,0.4637
1,1785175391.3694253,194,109.84,-144.69,-1775.56,-0.2231708257663986,0.2273089454804906,-0.947905810632729,-0.6146924359899157,-0.7875314038858674,-0.04413045468084601,-0.756536840916242,0.572821901814257,0.3154791231418821,0.48160000000000003
1,1785175391.4292982,197,109.85000000000001,-144.69,-1775.58,-0.22223241971765534,0.22696714630050158,-0.9482081343917286,-0.6152529175203929,-0.7870894993072978,-0.0442037053065907,-0.7563574545868378,0.57356432471031,0.3145590029080799,0.4718
1,1785175391.4891107,203,109.85000000000001,-144.68,-1775.54,-0.22212275703886206,0.22678731908425814,-0.9482768544618334,-0.6153093069657082,-0.7870512333707741,-0.04410003186986493,-0.7563437958804411,0.5736879534660965,0.31436633802149877,0.4581
1,1785175391.549028,206,109.85000000000001,-144.69,-1775.5900000000001,-0.22271138079623326,0.22730820991614586,-0.9480140392254498,-0.6147814472688401,-0.7874477964796565,-0.044381752031256855,-0.7565999028270264,0.5729371217891638,0.31511845632727303,0.47300000000000003
1,1785175391.5939014,209,109.84,-144.68,-1775.56,-0.22308961483043271,0.22734959774561816,-0.9479151777241013,-0.6151104191055823,-0.7872099866569079,-0.04404099471385609,-0.7562209968405823,0.5732474136989513,0.3154634790667522,0.4842
1,1785175391.653713,212,109.85000000000001,-144.69,-1775.57,-0.22237800300767696,0.2268680960327985,-0.9481977065890692,-0.6153048125981554,-0.7870598843188403,-0.04400825024427488,-0.7562724452020361,0.573644145353604,0.3146178366362382,0.4798
1,1785175391.7135525,215,109.85000000000001,-144.68,-1775.58,-0.22259283613871123,0.22728764214022404,-0.948046811623805,-0.6148199732208929,-0.7874153800418633,-0.04442318991460332,-0.7566034825642727,0.5729898315012805,0.31501400471685187,0.4782
1,1785175391.7584326,218,109.85000000000001,-144.68,-1775.55,-0.22225482740539462,0.22690747847498674,-0.9482171628414673,-0.6149713437711237,-0.7873065167108722,-0.044257147275123185,-0.7565798292548757,0.573290018190372,0.31452427093619717,0.4617
1,1785175391.818311,221,109.85000000000001,-144.68,-1775.57,-0.22228647142535113,0.22672772162493446,-0.9482527431376263,-0.615433811300794,-0.786965303799936,-0.043895723286596224,-0.7561943854122731,0.573829374345581,0.31446764636304597,0.47340000000000004
1,1785175391.8781126,224,109.85000000000001,-144.69,-1775.56,-0.2228480739622192,0.22736828965468542,-0.9479675082991148,-0.6148155090448825,-0.7874240341804803,-0.044331481283844475,-0.7565319727342734,0.5729459409529322,0.31526548015339034,0.49150000000000005
1,1785175391.9379532,230,109.85000000000001,-144.68,-1775.57,-0.22287502294060932,0.2272486240560294,-0.9479898665143338,-0.6149059705815896,-0.7873620524108197,-0.04417743503798031,-0.7564505082900904,0.5730785821229609,0.31521987123213013,0.4892
1,1785175391.9977922,233,109.85000000000001,-144.68,-1775.57,-0.22310328207977145,0.22744892150359983,-0.9478881335010387,-0.6148110206353561,-0.787432696118778,-0.044239778349625156,-0.7564603984548998,0.5729020310576333,0.315516922493062,0.47600000000000003
1,1785175392.0426729,236,109.84,-144.69,-1775.54,-0.22310328207977145,0.22744892150359983,-0.9478881335010387,-0.6148110206353561,-0.787432696118778,-0.044239778349625156,-0.7564603984548998,0.5729020310576333,0.315516922493062,0.46230000000000004
1,1785175392.102513,239,109.85000000000001,-144.69,-1775.57,-0.22287502294060932,0.2272486240560294,-0.9479898665143338,-0.6149059705815896,-0.7873620524108197,-0.04417743503798031,-0.7564505082900904,0.5730785821229609,0.31521987123213013,0.48090000000000005
1,1785175392.162352,242,109.85000000000001,-144.69,-1775.57,-0.22333154504865607,0.22764916285062978,-0.9477863048385894,-0.6147160749596101,-0.7875033117139221,-0.04430215825280206,-0.7564702030962166,0.5727254077592618,0.3158139311913838,0.48910000000000003
1,1785175392.222193,245,109.85000000000001,-144.69,-1775.57,-0.22314390126304395,0.22742859449774538,-0.9478834494461271,-0.6146019703115106,-0.7875933588135102,-0.04428452598890627,-0.7566182772166673,0.5726892137605119,0.31552471697800305,0.4832
1,1785175392.282032,248,109.85000000000001,-144.69,-1775.57,-0.22235099223161994,0.22698779272846079,-0.9481753942208558,-0.615214368860774,-0.7871219580185589,-0.044162241250525966,-0.7563539625075376,0.5735116085636729,0.31466350001526205,0.4778
1,1785175392.32742,251,109.84,-144.68,-1775.53,-0.22247415149095248,0.22694845024161125,-0.9481559222255121,-0.615547732597576,-0.7868752196418924,-0.04391329647733462,-0.7560464541364924,0.5738656547019122,0.3147570007818445,0.4869
1,1785175392.38726,257,109.85000000000001,-144.68,-1775.57,-0.22261082099152724,0.22700859103987342,-0.948109446198892,-0.6155817807295294,-0.7868513928335661,-0.04386293229754298,-0.7559785007600017,0.57387453784775,0.31490398727023355,0.4706
1,1785175392.4470992,260,109.85000000000001,-144.68,-1775.55,-0.22196367550805465,0.22678681277195467,-0.9483142244571117,-0.6155567416328555,-0.786857901660331,-0.044096943488666634,-0.7561891460377468,0.5739532943954926,0.3142540234702875,0.46940000000000004
1,1785175392.492014,263,109.84,-144.69,-1775.53,-0.22371267681479062,0.22729090613576974,-0.9477824023584431,-0.6151456818929537,-0.7872077999195568,-0.04358520155125923,-0.756008219717758,0.573273690076382,0.31592538357244165,0.5076
1,1785175392.5518198,266,109.84,-144.69,-1775.57,-0.22325325951206504,0.22729008009402404,-0.9478909228429665,-0.61523483187872,-0.7871241658649825,-0.04383661887644853,-0.7560714805892376,0.573388844504502,0.31556480988442015,0.4813
1,1785175392.611659,269,109.85000000000001,-144.69,-1775.57,-0.22374582431474657,0.22772982032565023,-0.9476692118224386,-0.6144639546718322,-0.7877050064819817,-0.0442139250946345,-0.7565526118590611,0.5724158905006643,0.31617747198616863,0.48500000000000004
1,1785175392.671503,272,109.85000000000001,-144.69,-1775.5900000000001,-0.22237800300767696,0.2268680960327985,-0.9481977065890692,-0.6153048125981554,-0.7870598843188403,-0.04400825024427488,-0.7562724452020361,0.573644145353604,0.3146178366362382,0.4566
1,1785175392.7313387,275,109.84,-144.68,-1775.56,-0.22225943873116688,0.22684743207188568,-0.9482304490245491,-0.615343373708611,-0.7870274172707715,-0.0440497093861443,-0.7562759247310544,0.5736968598715616,0.31451333619689054,0.4852
1,1785175392.7762234,278,109.85000000000001,-144.69,-1775.56,-0.22325325951206504,0.22729008009402404,-0.9478909228429665,-0.61523483187872,-0.7871241658649825,-0.04383661887644853,-0.7560714805892376,0.573388844504502,0.31556480988442015,0.4973
1,1785175392.8360634,284,109.85000000000001,-144.69,-1775.5900000000001,-0.22195905900690804,0.22684693828618752,-0.9483009241348184,-0.6151847572084072,-0.7871371182092809,-0.04430430719040823,-0.7564931530577136,0.5735465314404503,0.3142649927201999,0.45320000000000005
1,1785175392.8959033,287,109.84,-144.68,-1775.53,-0.22263785651290993,0.22688891272057968,-0.9481317451345093,-0.6156721560039287,-0.7867892509098767,-0.043708934717617214,-0.7558969381925097,0.5740070521667378,0.31485825841803955,0.4762
1,1785175392.9557436,290,109.85000000000001,-144.69,-1775.58,-0.2232938681011675,0.22726973795979247,-0.9478862350915883,-0.615025898811678,-0.7872849361996102,-0.04388135166632263,-0.7562294574130963,0.5731761469573409,0.3155726735632076,0.4626
1,1785175393.015583,293,109.85000000000001,-144.69,-1775.55,-0.2228480739622192,0.22736828965468542,-0.9479675082991148,-0.6148155090448825,-0.7874240341804803,-0.044331481283844475,-0.7565319727342734,0.5729459409529322,0.31526548015339034,0.47390000000000004
1,1785175393.0754235,296,109.85000000000001,-144.69,-1775.55,-0.22276989807913428,0.22700897442357587,-0.948071989904231,-0.6153343323296229,-0.787044739373569,-0.04386613364371546,-0.7561330782119438,0.5736091907872007,0.315016292083732,0.47090000000000004
1,1785175393.135263,302,109.85000000000001,-144.69,-1775.58,-0.22312117534093223,0.22717016998340278,-0.9479507661182582,-0.6155726462498818,-0.7868687545060521,-0.04367928995544611,-0.7558354703924648,0.5737867871011025,0.31540682403016457,0.4842
1,1785175393.195103,305,109.85000000000001,-144.68,-1775.58,-0.2233899430448695,0.2273502055860059,-0.9478443001708724,-0.6152688482012388,-0.7871003796041799,-0.04378626337194254,-0.756003424449606,0.573397659959436,0.3157118080995896,0.4743
1,1785175393.254944,308,109.84,-144.69,-1775.57,-0.22232399513539727,0.22710749319679038,-0.9481530613360407,-0.615123906535319,-0.787184000280531,-0.044316242068448176,-0.7564354703448036,0.5733790510964025,0.3147091402676842,0.4612
1,1785175393.3147826,311,109.85000000000001,-144.69,-1775.56,-0.22299809411237217,0.2272093701399203,-0.9479703329444811,-0.6152393896578779,-0.7871154875086123,-0.04392838191285578,-0.7561430707449825,0.5734327436105305,0.31531340777018646,0.4753
1,1785175393.3746228,314,109.84,-144.69,-1775.54,-0.22289303856372053,0.22696973209082336,-0.9480524426815491,-0.6156675773682619,-0.7867979300638624,-0.04361710014107598,-0.75582546102743,0.5739632026200298,0.3151096864598607,0.4807
1,1785175393.4344628,320,109.84,-144.69,-1775.57,-0.22251468323640203,0.2269282110722021,-0.9481512552139418,-0.6153388651447966,-0.7870360744141753,-0.043957918661354775,-0.7562045336987324,0.5736530350222986,0.3147648306643991,0.4597
1,1785175393.494303,323,109.84,-144.68,-1775.54,-0.22313022111070968,0.22732927798791086,-0.9479104935575832,-0.6149014586387601,-0.7873707165742774,-0.044085721557371255,-0.7563789398119244,0.5730346883486235,0.31547130671137913,0.47300000000000003
1,1785175393.5541432,326,109.85000000000001,-144.69,-1775.57,-0.2225792313815709,0.22718821037190245,-0.9480738382771678,-0.6151194349676378,-0.787192654597694,-0.04422448725004968,-0.7563640436209824,0.5733351913282909,0.31496061960484656,0.4651
1,1785175393.6140172,329,109.85000000000001,-144.68,-1775.55,-0.22255225792126526,0.22730789253513992,-0.9480514830352728,-0.6150289775855663,-0.7872546631933907,-0.044378508428229185,-0.7564455361916018,0.5732025970557832,0.315006243595751,0.46690000000000004
1,1785175393.6589031,332,109.85000000000001,-144.69,-1775.56,-0.22360760068627955,0.22705150074049923,-0.9478645773140867,-0.6155738237349171,-0.7868902419324234,-0.04327371816594006,-0.7556907492140541,0.5738042899482533,0.31572159949753553,0.4839
1,1785175393.718743,335,109.85000000000001,-144.69,-1775.6000000000001,-0.22186748145344135,0.22670652650211595,-0.9483559308165118,-0.6153137770811454,-0.7870425902397121,-0.04419181918522115,-0.7564150820863117,0.5737317421845424,0.3141148064040414,0.4788
1,1785175393.7785828,338,109.85000000000001,-144.69,-1775.56,-0.22238861859229708,0.2273674884135101,-0.9480755916767093,-0.6149044142962784,-0.7873404185503771,-0.04458280605645983,-0.7565949138076205,0.5730611577567001,0.3149048203362247,0.4701
1,1785175393.823477,341,109.85000000000001,-144.69,-1775.57,-0.22344391155148147,0.22711096656084712,-0.9478889319210198,-0.6154495315953337,-0.786976189687002,-0.04347816607002339,-0.7558403882101421,0.5736628676614217,0.3156203761115811,0.46780000000000005
1,1785175393.8833025,347,109.85000000000001,-144.68,-1775.56,-0.2232669171307095,0.22738937317418595,-0.9478638914329418,-0.6149354904617204,-0.7873469533017509,-0.04403541412379459,-0.7563109322795436,0.5730434958132772,0.3156183226945899,0.49260000000000004
1,1785175393.9431436,350,109.84,-144.69,-1775.55,-0.22235099223161994,0.22698779272846079,-0.9481753942208558,-0.615214368860774,-0.7871219580185589,-0.044162241250525966,-0.7563539625075376,0.5735116085636729,0.31466350001526205,0.45930000000000004
1,1785175394.0029826,353,109.85000000000001,-144.69,-1775.57,-0.22300719277573305,0.22736852961759507,-0.9479300310201273,-0.6145679230232842,-0.7876170991032516,-0.044334785338659845,-0.7566862361382909,0.5726804143147479,0.31537768326112614,0.46240000000000003
1,1785175394.0628223,356,109.85000000000001,-144.69,-1775.55,-0.2225792313815709,0.22718821037190245,-0.9480738382771678,-0.6151194349676378,-0.787192654597694,-0.04422448725004968,-0.7563640436209824,0.5733351913282909,0.31496061960484656,0.4827
1,1785175394.1077027,359,109.85000000000001,-144.68,-1775.56,-0.22259283613871123,0.22728764214022404,-0.948046811623805,-0.6148199732208929,-0.7874153800418633,-0.04442318991460332,-0.7566034825642727,0.5729898315012805,0.31501400471685187,0.49050000000000005
1,1785175394.1675422,362,109.85000000000001,-144.68,-1775.54,-0.2232938681011675,0.22726973795979247,-0.9478862350915883,-0.615025898811678,-0.7872849361996102,-0.04388135166632263,-0.7562294574130963,0.5731761469573409,0.3155726735632076,0.48900000000000005
1,1785175394.227896,365,109.84,-144.69,-1775.57,-0.2228344379555837,0.22726891189076934,-0.9479945437337731,-0.6151149391565589,-0.7872013167238173,-0.04413273812841403,-0.7562925524474255,0.5732913121932636,0.31521206587991507,0.46480000000000005
1,1785175394.2727907,368,109.85000000000001,-144.69,-1775.58,-0.22261082099152724,0.22700859103987342,-0.948109446198892,-0.6155817807295294,-0.7868513928335661,-0.04386293229754298,-0.7559785007600017,0.57387453784775,0.31490398727023355,0.46880000000000005
1,1785175394.3326168,374,109.85000000000001,-144.69,-1775.57,-0.22290198559444216,0.22712896221299017,-0.9480122042158029,-0.6149964135428797,-0.7873000391880876,-0.04402339859473774,-0.7563690343657984,0.5732112026282162,0.315174239166312,0.4636
1,1785175394.3924549,377,109.84,-144.68,-1775.54,-0.22348598875462594,0.2274307030779974,-0.9478023465511228,-0.6155117312202004,-0.7869157477378971,-0.04369112830332746,-0.7557772962723072,0.5736191081715757,0.31585090973395535,0.49160000000000004
1,1785175394.4522948,380,109.84,-144.68,-1775.54,-0.22203120725563327,0.22664690492487022,-0.948331863586046,-0.6154383191320447,-0.7869566522526705,-0.04398753026930708,-0.7562657061830385,0.5738731636548676,0.3142161257609545,0.46590000000000004
1,1785175394.5121355,383,109.85000000000001,-144.69,-1775.6000000000001,-0.22232399513539727,0.22710749319679038,-0.9481530613360407,-0.615123906535319,-0.787184000280531,-0.044316242068448176,-0.7564354703448036,0.5733790510964025,0.3147091402676842,0.4717
1,1785175394.5570166,386,109.84,-144.69,-1775.57,-0.22260621851978502,0.22706853197124213,-0.9480961730039558,-0.6152098737676067,-0.7871306145582048,-0.044070475877490585,-0.7562825415776615,0.5734677649298591,0.31491497247857997,0.4671
1,1785175394.6168544,389,109.85000000000001,-144.69,-1775.5900000000001,-0.22245614148789392,0.22722756442617156,-0.9480932966112927,-0.6147858972616784,-0.7874391485276054,-0.0444734515668952,-0.7566713722894977,0.5729809956107359,0.3148669767162935,0.4675
1,1785175394.6766949,392,109.85000000000001,-144.69,-1775.56,-0.223029710924024,0.22702988837403829,-0.948005895461636,-0.6157015954946903,-0.7867741022807279,-0.043566699274190414,-0.7557574302317109,0.5739720740290651,0.3152566650910561,0.4848
1,1785175394.7215757,395,109.85000000000001,-144.68,-1775.54,-0.22325325951206504,0.22729008009402404,-0.9478909228429665,-0.61523483187872,-0.7871241658649825,-0.04383661887644853,-0.7560714805892376,0.573388844504502,0.31556480988442015,0.48310000000000003
1,1785175394.7814147,401,109.84,-144.69,-1775.58,-0.22232399513539727,0.22710749319679038,-0.9481530613360407,-0.615123906535319,-0.787184000280531,-0.044316242068448176,-0.7564354703448036,0.5733790510964025,0.3147091402676842,0.4718
1,1785175394.841256,404,109.85000000000001,-144.69,-1775.57,-0.22271138079623326,0.22730820991614586,-0.9480140392254498,-0.6147814472688401,-0.7874477964796565,-0.044381752031256855,-0.7565999028270264,0.5729371217891638,0.31511845632727303,0.46080000000000004
1,1785175394.9010956,407,109.85000000000001,-144.69,-1775.55,-0.22322629401890684,0.22740970980134703,-0.9478685803140917,-0.6151444512156029,-0.7871862075601137,-0.04399066680308998,-0.7561529777744973,0.5732562241399504,0.31561048095329114,0.4848
1,1785175394.9609349,410,109.85000000000001,-144.68,-1775.54,-0.22196367550805465,0.22678681277195467,-0.9483142244571117,-0.6155567416328555,-0.786857901660331,-0.044096943488666634,-0.7561891460377468,0.5739532943954926,0.3142540234702875,0.4801
1,1785175395.0058143,413,109.85000000000001,-144.69,-1775.5900000000001,-0.22205522817922468,0.22692722271149204,-0.9482592004461234,-0.6154277426621353,-0.7869524891724454,-0.044209425998092196,-0.756267260431166,0.57376808501148,0.3144042229713173,0.4788
1,1785175395.0662725,416,109.84,-144.69,-1775.56,-0.2225792313815709,0.22718821037190245,-0.9480738382771678,-0.6151194349676378,-0.787192654597694,-0.04422448725004968,-0.7563640436209824,0.5733351913282909,0.31496061960484656,0.46890000000000004
1,1785175395.126113,419,109.85000000000001,-144.69,-1775.57,-0.22246067881867032,0.22716759917013257,-0.9481066017420268,-0.6151579812295753,-0.7871602026010148,-0.04426594142998376,-0.7563675723542687,0.5733879117389966,0.31485615471593187,0.4791
1,1785175395.1865437,425,109.85000000000001,-144.68,-1775.58,-0.22270233140116288,0.2271489100741093,-0.9480543466703956,-0.6154528102599041,-0.7869459925229837,-0.04397548402465187,-0.7560565520724445,0.5736892691206277,0.31505414227425527,0.4747
1,1785175395.2463727,428,109.85000000000001,-144.69,-1775.54,-0.22248310214016853,0.22710787221032072,-0.9481156488752773,-0.6148763933982309,-0.787377170640676,-0.04431943135316519,-0.7565899088037533,0.5731136061323133,0.3148213848555148,0.4751
1,1785175395.3061898,431,109.85000000000001,-144.69,-1775.57,-0.2224471279123522,0.22706813687583308,-0.9481336068821121,-0.6154573276417206,-0.7869373240247108,-0.044067288422809436,-0.7561280004970438,0.5737331341944313,0.31480269629051355,0.47650000000000003
1,1785175395.3665385,434,109.85000000000001,-144.68,-1775.56,-0.2222818253750123,0.22678777172125383,-0.9482394722356063,-0.6150618262754937,-0.787244473706639,-0.04410315722271836,-0.7564983410203933,0.5734225712474751,0.31447863968372664,0.4566
1,1785175395.4263785,437,109.85000000000001,-144.68,-1775.56,-0.22270233140116288,0.2271489100741093,-0.9480543466703956,-0.6154528102599041,-0.7869459925229837,-0.04397548402465187,-0.7560565520724445,0.5736892691206277,0.31505414227425527,0.4864
1,1785175395.4722571,440,109.85000000000001,-144.68,-1775.56,-0.22260621851978502,0.22706853197124213,-0.9480961730039558,-0.6152098737676067,-0.7871306145582048,-0.044070475877490585,-0.7562825415776615,0.5734677649298591,0.31491497247857997,0.4802
1,1785175395.5310986,446,109.85000000000001,-144.68,-1775.5900000000001,-0.22274289899540411,0.22712864451778103,-0.9480496715819475,-0.6152439231935461,-0.7871068169622116,-0.044020150670226486,-0.7562145964741338,0.5734766233519296,0.3150619725519598,0.47890000000000005
1,1785175395.5909388,449,109.85000000000001,-144.68,-1775.58,-0.22348143963158407,0.2274903819967742,-0.9477890969193287,-0.6151398927280225,-0.7871948914943618,-0.04389892002927979,-0.7560813173956568,0.57321228956133,0.3158618567999411,0.4868
1,1785175395.6507783,452,109.85000000000001,-144.68,-1775.54,-0.22264676767233446,0.2270482705429572,-0.9480915038584163,-0.6150009247812941,-0.7872913806022532,-0.04411512832975776,-0.7564405326020113,0.5732550609221432,0.3149227774612935,0.4859
1,1785175395.7106194,455,109.85000000000001,-144.68,-1775.57,-0.223349315993845,0.22737055183165553,-0.9478489938829127,-0.6154777193369815,-0.7869395508817854,-0.04374151640857447,-0.7558453942737424,0.573610299260519,0.31570391910368867,0.5079
1,1785175395.7554998,458,109.84,-144.68,-1775.54,-0.22322629401890684,0.22740970980134703,-0.9478685803140917,-0.6151444512156029,-0.7871862075601137,-0.04399066680308998,-0.7561529777744973,0.5732562241399504,0.31561048095329114,0.4868
1,1785175395.8153386,461,109.85000000000001,-144.69,-1775.55,-0.2230656559971407,0.22706940638865664,-0.9479879734452692,-0.6151208617858618,-0.7872142128387795,-0.043819042669135395,-0.7562195703037471,0.5733526556901292,0.3152755837401495,0.4852
1,1785175395.8751783,464,109.85000000000001,-144.68,-1775.54,-0.2229065829222381,0.22706910040701903,-0.9480254632288515,-0.615368365977443,-0.7870209346034052,-0.043815780835610496,-0.75606509603617,0.5736180542280113,0.3151632885021464,0.4757
1,1785175395.9350195,470,109.84,-144.69,-1775.57,-0.22338538954861994,0.2274099162500124,-0.9478310491471431,-0.6148969224650569,-0.7873793885374503,-0.04399401379043639,-0.7563073069058724,0.5729907752290202,0.31572270907116146,0.48850000000000005
1,1785175395.9948611,473,109.85000000000001,-144.68,-1775.56,-0.2226332193328639,0.22694885733994827,-0.9481184872164325,-0.6153002939819814,-0.7870685430819198,-0.04391647431877209,-0.7562010300675159,0.5736003178546852,0.3148693022220994,0.4781
1,1785175396.039739,476,109.86,-144.68,-1775.5900000000001,-0.22310328207977145,0.22744892150359983,-0.9478881335010387,-0.6148110206353561,-0.787432696118778,-0.044239778349625156,-0.7564603984548998,0.5729020310576333,0.315516922493062,0.4671
1,1785175396.099602,479,109.84,-144.68,-1775.54,-0.22195905900690804,0.22684693828618752,-0.9483009241348184,-0.6151847572084072,-0.7871371182092809,-0.04430430719040823,-0.7564931530577136,0.5735465314404503,0.3142649927201999,0.4635
1,1785175396.159442,482,109.86,-144.68,-1775.57,-0.22312117534093223,0.22717016998340278,-0.9479507661182582,-0.6155726462498818,-0.7868687545060521,-0.04367928995544611,-0.7558354703924648,0.5737867871011025,0.31540682403016457,0.49560000000000004
1,1785175396.204298,485,109.85000000000001,-144.69,-1775.58,-0.2233208327379694,0.22715010650340822,-0.9479085582379295,-0.6151162885832183,-0.7872228876497315,-0.04372729902503917,-0.7561479730746005,0.5733087774279307,0.3155270012839861,0.5077
1,1785175396.264643,488,109.85000000000001,-144.68,-1775.57,-0.2232802386690633,0.22717045414836873,-0.9479132448604726,-0.6153251939592179,-0.7870620927323473,-0.043682580771161175,-0.755989973940751,0.5735214441900165,0.3155191156732994,0.4798
1,1785175396.3244846,491,109.85000000000001,-144.69,-1775.56,-0.22290198559444216,0.22712896221299017,-0.9480122042158029,-0.6149964135428797,-0.7873000391880876,-0.04402339859473774,-0.7563690343657984,0.5732112026282162,0.315174239166312,0.49870000000000003
1,1785175396.3848329,497,109.86,-144.68,-1775.5900000000001,-0.22193663199003735,0.22690654352363757,-0.9482919128027372,-0.6154662896338133,-0.7869200104878198,-0.04425091432090646,-0.7562707039845623,0.5738208061755907,0.31429970520935835,0.4722
1,1785175396.4446726,500,109.85000000000001,-144.68,-1775.57,-0.2230656559971407,0.22706940638865664,-0.9479879734452692,-0.6151208617858618,-0.7872142128387795,-0.043819042669135395,-0.7562195703037471,0.5733526556901292,0.3152755837401495,0.4902
1,1785175396.5045123,503,109.85000000000001,-144.68,-1775.56,-0.2228480739622192,0.22736828965468542,-0.9479675082991148,-0.6148155090448825,-0.7874240341804803,-0.044331481283844475,-0.7565319727342734,0.5729459409529322,0.31526548015339034,0.4768
1,1785175396.564352,506,109.85000000000001,-144.68,-1775.56,-0.2225792313815709,0.22718821037190245,-0.9480738382771678,-0.6151194349676378,-0.787192654597694,-0.04422448725004968,-0.7563640436209824,0.5733351913282909,0.31496061960484656,0.4675
1,1785175396.6241927,509,109.85000000000001,-144.68,-1775.58,-0.22200416459044997,0.22676663743041447,-0.9483095713178262,-0.6153478580175668,-0.7870187679453494,-0.044141505807761695,-0.7563472512924793,0.5737406653273647,0.3142618087073642,0.4849
1,1785175396.6840322,515,109.85000000000001,-144.68,-1775.56,-0.22232399513539727,0.22710749319679038,-0.9481530613360407,-0.615123906535319,-0.787184000280531,-0.044316242068448176,-0.7564354703448036,0.5733790510964025,0.3147091402676842,0.49160000000000004
1,1785175396.7438753,518,109.85000000000001,-144.69,-1775.57,-0.22306266127391958,0.2274692357563153,-0.9478928187985362,-0.6150200087820261,-0.7872719908034551,-0.04419503698517876,-0.756302477811063,0.5731147871768819,0.31550911678752525,0.4796
1,1785175396.7887561,521,109.86,-144.68,-1775.57,-0.22184045074915276,0.2268262673158973,-0.9483336221325014,-0.6152232863003451,-0.787104668380204,-0.04434578906607549,-0.7564966109674363,0.5735992376822221,0.31416045601755377,0.4802
1,1785175396.84889,524,109.84,-144.68,-1775.57,-0.22263785651290993,0.22688891272057968,-0.9481317451345093,-0.6156721560039287,-0.7867892509098767,-0.043708934717617214,-0.7558969381925097,0.5740070521667378,0.31485825841803955,0.4927
1,1785175396.9087312,527,109.86,-144.68,-1775.55,-0.22308961483043271,0.22734959774561816,-0.9479151777241013,-0.6151104191055823,-0.7872099866569079,-0.04404099471385609,-0.7562209968405823,0.5732474136989513,0.3154634790667522,0.49000000000000005
1,1785175396.9541178,530,109.85000000000001,-144.69,-1775.56,-0.2222925042619508,0.2272871961061423,-0.9481173835739743,-0.614661290855686,-0.7875248562752623,-0.04467771561135843,-0.756820678940905,0.5728395335823424,0.31476551382353185,0.4651
1,1785175397.0139565,533,109.85000000000001,-144.69,-1775.6000000000001,-0.22248767418816132,0.2270479032353815,-0.9481289387371105,-0.6152484324822183,-0.7870981542277756,-0.044111925138244516,-0.7562860577602339,0.5735204837210661,0.31481050425587526,0.4736
1,1785175397.0743053,536,109.85000000000001,-144.68,-1775.57,-0.22335846046436927,0.22752953767920497,-0.9478086872478402,-0.6148065079958149,-0.7874413658547631,-0.04414808112225506,-0.75638875974262,0.5728581018230191,0.31576833170973434,0.47040000000000004
1,1785175397.1191852,539,109.85000000000001,-144.69,-1775.55,-0.22298450884795384,0.22711002510751616,-0.9479973340202493,-0.615538626534803,-0.7868925689084622,-0.04372967230942238,-0.7559035044617038,0.5737779374394806,0.31525984592112327,0.47940000000000005
1,1785175397.1795301,545,109.85000000000001,-144.69,-1775.57,-0.2225792313815709,0.22718821037190245,-0.9480738382771678,-0.6151194349676378,-0.787192654597694,-0.04422448725004968,-0.7563640436209824,0.5733351913282909,0.31496061960484656,0.4829
1,1785175397.2398758,548,109.85000000000001,-144.69,-1775.55,-0.22271138079623326,0.22730820991614586,-0.9480140392254498,-0.6147814472688401,-0.7874477964796565,-0.044381752031256855,-0.7565999028270264,0.5729371217891638,0.31511845632727303,0.4665
1,1785175397.299716,551,109.84,-144.68,-1775.54,-0.22240502746052213,0.22674840311659283,-0.9482199984414796,-0.6153952377439729,-0.7869977791883758,-0.04385426905791283,-0.7561909184341766,0.5737766614603976,0.3145721501357624,0.46140000000000003
1,1785175397.3595781,554,109.86,-144.69,-1775.57,-0.22297111866119976,0.22732902192658538,-0.9479479922616406,-0.6151489854640605,-0.7871775314318092,-0.044082419301353114,-0.7562245737381923,0.5733001393675264,0.3153590719729882,0.47600000000000003
1,1785175397.4044356,557,109.84,-144.68,-1775.56,-0.22221892831423365,0.22686763932835718,-0.9482351090971332,-0.6155522492454033,-0.7868665567394888,-0.04400511713273497,-0.756117832317026,0.573909484248622,0.3145055286345255,0.4625
1,1785175397.464276,560,109.85000000000001,-144.68,-1775.56,-0.22289303856372053,0.22696973209082336,-0.9480524426815491,-0.6156675773682619,-0.7867979300638624,-0.04361710014107598,-0.75582546102743,0.5739632026200298,0.3151096864598607,0.47690000000000005
1,1785175397.5241175,563,109.84,-144.69,-1775.56,-0.22248767418816132,0.2270479032353815,-0.9481289387371105,-0.6152484324822183,-0.7870981542277756,-0.044111925138244516,-0.7562860577602339,0.5735204837210661,0.31481050425587526,0.4738
1,1785175397.5689964,566,109.86,-144.68,-1775.57,-0.22345449775758514,0.22760999337280655,-0.947766732033118,-0.615049517019813,-0.7872568995158512,-0.04405298830253999,-0.7561627993002565,0.5730796324085511,0.31590751158033553,0.49960000000000004
1,1785175397.6288362,572,109.85000000000001,-144.68,-1775.58,-0.22299809411237217,0.2272093701399203,-0.9479703329444811,-0.6152393896578779,-0.7871154875086123,-0.04392838191285578,-0.7561430707449825,0.5734327436105305,0.31531340777018646,0.4857
1,1785175397.6887045,575,109.85000000000001,-144.69,-1775.57,-0.22313022111070968,0.22732927798791086,-0.9479104935575832,-0.6149014586387601,-0.7873707165742774,-0.044085721557371255,-0.7563789398119244,0.5730346883486235,0.31547130671137913,0.4544
1,1785175397.7485163,578,109.85000000000001,-144.69,-1775.5900000000001,-0.22258833377237172,0.2273475616741731,-0.9480335014487871,-0.6144477930762441,-0.7876941080107892,-0.04463072695822777,-0.7569070902377465,0.5725828135788699,0.31502472655639724,0.47140000000000004
1,1785175397.8083553,581,109.85000000000001,-144.67000000000002,-1775.54,-0.22239152007280122,0.22696756322221467,-0.9481707320122673,-0.6150054117809686,-0.787282729822149,-0.04420686376465311,-0.7565119663824428,0.5732988998495945,0.3146712826926132,0.46940000000000004
1,1785175397.8532355,584,109.85000000000001,-144.69,-1775.56,-0.22325325951206504,0.22729008009402404,-0.9478909228429665,-0.61523483187872,-0.7871241658649825,-0.04383661887644853,-0.7560714805892376,0.573388844504502,0.31556480988442015,0.49460000000000004
1,1785175397.9130762,587,109.85000000000001,-144.69,-1775.5900000000001,-0.2230386814014156,0.22718905992601568,-0.9479656521460317,-0.6150304484824852,-0.7872762636172496,-0.0439730847712115,-0.7563010604502356,0.5732200413408417,0.3153212491524361,0.4898
1,1785175397.9729154,590,109.84,-144.69,-1775.57,-0.22271138079623326,0.22730820991614586,-0.9480140392254498,-0.6147814472688401,-0.7874477964796565,-0.044381752031256855,-0.7565999028270264,0.5729371217891638,0.31511845632727303,0.4717
1,1785175398.0177953,593,109.85000000000001,-144.68,-1775.57,-0.22322629401890684,0.22740970980134703,-0.9478685803140917,-0.6151444512156029,-0.7871862075601137,-0.04399066680308998,-0.7561529777744973,0.5732562241399504,0.31561048095329114,0.4577
1,1785175398.0776358,599,109.86,-144.69,-1775.57,-0.22286141513654992,0.2271492555613137,-0.948016880303972,-0.6152053544301799,-0.7871392789088408,-0.043978716208039996,-0.7562110562030758,0.5734239019231858,0.3151664118833371,0.49110000000000004
1,1785175398.137475,602,109.85000000000001,-144.69,-1775.58,-0.2228344379555837,0.22726891189076934,-0.9479945437337731,-0.6151149391565589,-0.7872013167238173,-0.04413273812841403,-0.7562925524474255,0.5732913121932636,0.31521206587991507,0.4697
1,1785175398.1975784,605,109.85000000000001,-144.69,-1775.56,-0.22248310214016853,0.22710787221032072,-0.9481156488752773,-0.6148763933982309,-0.787377170640676,-0.04431943135316519,-0.7565899088037533,0.5731136061323133,0.3148213848555148,0.47340000000000004
1,1785175398.2574208,608,109.85000000000001,-144.69,-1775.57,-0.22290198559444216,0.22712896221299017,-0.9480122042158029,-0.6149964135428797,-0.7873000391880876,-0.04402339859473774,-0.7563690343657984,0.5732112026282162,0.315174239166312,0.48000000000000004
1,1785175398.302298,611,109.85000000000001,-144.69,-1775.56,-0.2228344379555837,0.22726891189076934,-0.9479945437337731,-0.6151149391565589,-0.7872013167238173,-0.04413273812841403,-0.7562925524474255,0.5732913121932636,0.31521206587991507,0.48210000000000003
1,1785175398.3625147,614,109.85000000000001,-144.69,-1775.5900000000001,-0.22271591358545342,0.22724831838025644,-0.9480273327437044,-0.6151534954698858,-0.7871688631114448,-0.044174177513756414,-0.7562961052702692,0.57334403523642,0.31510762988515634,0.4897
1,1785175398.4223547,617,109.86,-144.68,-1775.5900000000001,-0.22246067881867032,0.22716759917013257,-0.9481066017420268,-0.6151579812295753,-0.7871602026010148,-0.04426594142998376,-0.7563675723542687,0.5733879117389966,0.31485615471593187,0.4811
1,1785175398.4821942,623,109.85000000000001,-144.69,-1775.56,-0.22318876761561496,0.22703021042816793,-0.9479683842635074,-0.6154541506406506,-0.7869675006696469,-0.04356995924905918,-0.7559120070943565,0.5737067512612267,0.3153689919568353,0.4922
1,1785175398.5420344,626,109.85000000000001,-144.69,-1775.58,-0.22325325951206504,0.22729008009402404,-0.9478909228429665,-0.61523483187872,-0.7871241658649825,-0.04383661887644853,-0.7560714805892376,0.573388844504502,0.31556480988442015,0.4912
1,1785175398.5869145,629,109.85000000000001,-144.68,-1775.56,-0.22248767418816132,0.2270479032353815,-0.9481289387371105,-0.6152484324822183,-0.7870981542277756,-0.044111925138244516,-0.7562860577602339,0.5735204837210661,0.31481050425587526,0.4698
1,1785175398.6467552,632,109.86,-144.69,-1775.57,-0.22197255446595296,0.22694649014839793,-0.948273945478406,-0.6148852677328949,-0.7873598937035217,-0.04450286858423325,-0.756732642740424,0.5732012634289133,0.3143183402453504,0.4687
1,1785175398.7065942,635,109.85000000000001,-144.68,-1775.56,-0.2232802386690633,0.22717045414836873,-0.9479132448604726,-0.6153251939592179,-0.7870620927323473,-0.043682580771161175,-0.755989973940751,0.5735214441900165,0.3155191156732994,0.4812
1,1785175398.752064,638,109.85000000000001,-144.69,-1775.58,-0.22261525798847692,0.22722787773687406,-0.9480558730844508,-0.6145383229873919,-0.7876321945297022,-0.044476687378551455,-0.7568256711360736,0.572715477108417,0.3149791831056626,0.47240000000000004
1,1785175398.811879,641,109.85000000000001,-144.68,-1775.57,-0.22264676767233446,0.2270482705429572,-0.9480915038584163,-0.6150009247812941,-0.7872913806022532,-0.04411512832975776,-0.7564405326020113,0.5732550609221432,0.3149227774612935,0.47000000000000003
1,1785175398.8722188,644,109.84,-144.68,-1775.56,-0.2230386814014156,0.22718905992601568,-0.9479656521460317,-0.6150304484824852,-0.7872762636172496,-0.0439730847712115,-0.7563010604502356,0.5732200413408417,0.3153212491524361,0.4748
1,1785175398.932056,650,109.85000000000001,-144.68,-1775.56,-0.22274289899540411,0.22712864451778103,-0.9480496715819475,-0.6152439231935461,-0.7871068169622116,-0.044020150670226486,-0.7562145964741338,0.5734766233519296,0.3150619725519598,0.46880000000000005
1,1785175398.9918962,653,109.85000000000001,-144.68,-1775.57,-0.22274289899540411,0.22712864451778103,-0.9480496715819475,-0.6152439231935461,-0.7871068169622116,-0.044020150670226486,-0.7562145964741338,0.5734766233519296,0.3150619725519598,0.49770000000000003
1,1785175399.0517364,656,109.85000000000001,-144.69,-1775.58,-0.2227519618703476,0.22728793171967343,-0.9480093668194974,-0.6145723891347927,-0.7876084491173965,-0.044426449239641334,-0.7567577829107967,0.572724302761357,0.3151262144450273,0.48950000000000005
1,1785175399.1115766,659,109.85000000000001,-144.69,-1775.57,-0.2224471279123522,0.22706813687583308,-0.9481336068821121,-0.6154573276417206,-0.7869373240247108,-0.044067288422809436,-0.7561280004970438,0.5737331341944313,0.31480269629051355,0.48450000000000004
1,1785175399.1714163,662,109.85000000000001,-144.68,-1775.54,-0.22350839516749407,0.22737077437232225,-0.9478114412956734,-0.6152302498595841,-0.7871328520293255,-0.04374486157131758,-0.7559998260233696,0.5733449260414802,0.3158161788685381,0.5004000000000001
1,1785175399.2312558,668,109.85000000000001,-144.68,-1775.58,-0.22276989807913428,0.22700897442357587,-0.948071989904231,-0.6153343323296229,-0.787044739373569,-0.04386613364371546,-0.7561330782119438,0.5736091907872007,0.315016292083732,0.4793
1,1785175399.2910976,671,109.85000000000001,-144.68,-1775.57,-0.22387323762428357,0.2276311634559059,-0.9476628234236752,-0.6151693090031198,-0.7871798154762869,-0.043756820809369386,-0.7559414625063541,0.5731771031107487,0.3162601994139081,0.49710000000000004
1,1785175399.335976,674,109.85000000000001,-144.68,-1775.54,-0.22296659041749398,0.22738883974811816,-0.9479347103654354,-0.6147769730452235,-0.7874564522304156,-0.04429005818510157,-0.7565283689135193,0.5728932286200386,0.3153699028606855,0.4711
1,1785175399.3958156,677,109.86,-144.68,-1775.56,-0.22247415149095248,0.22694845024161125,-0.9481559222255121,-0.615547732597576,-0.7868752196418924,-0.04391329647733462,-0.7560464541364924,0.5738656547019122,0.3147570007818445,0.4672
1,1785175399.4556777,680,109.85000000000001,-144.68,-1775.57,-0.22325325951206504,0.22729008009402404,-0.9478909228429665,-0.61523483187872,-0.7871241658649825,-0.04383661887644853,-0.7560714805892376,0.573388844504502,0.31556480988442015,0.4727
1,1785175399.5005362,683,109.85000000000001,-144.68,-1775.56,-0.22364507715159204,0.22743090187734114,-0.9477647726820817,-0.6152642519741492,-0.7871090719684378,-0.04369449699533716,-0.7559317295288969,0.5733537247600683,0.31596317284646774,0.48050000000000004
1,1785175399.5603986,686,109.84,-144.68,-1775.55,-0.22276989807913428,0.22700897442357587,-0.948071989904231,-0.6153343323296229,-0.787044739373569,-0.04386613364371546,-0.7561330782119438,0.5736091907872007,0.315016292083732,0.4763
1,1785175399.6202164,689,109.85000000000001,-144.68,-1775.57,-0.22297111866119976,0.22732902192658538,-0.9479479922616406,-0.6151489854640605,-0.7871775314318092,-0.044082419301353114,-0.7562245737381923,0.5733001393675264,0.3153590719729882,0.4646
1,1785175399.6800559,695,109.85000000000001,-144.68,-1775.54,-0.22241558009660795,0.22724779795720784,-0.9480979633212432,-0.6149949013251633,-0.787278447509891,-0.0444287905582465,-0.7565134374711014,0.5731937581743333,0.314859229681523,0.45930000000000004
1,1785175399.7398963,698,109.85000000000001,-144.69,-1775.56,-0.22260621851978502,0.22706853197124213,-0.9480961730039558,-0.6152098737676067,-0.7871306145582048,-0.044070475877490585,-0.7562825415776615,0.5734677649298591,0.31491497247857997,0.4882
1,1785175399.7847757,701,109.85000000000001,-144.69,-1775.58,-0.2229065829222381,0.22706910040701903,-0.9480254632288515,-0.615368365977443,-0.7870209346034052,-0.043815780835610496,-0.75606509603617,0.5736180542280113,0.3151632885021464,0.4802
1,1785175399.8446162,704,109.85000000000001,-144.69,-1775.58,-0.2224185163161107,0.2268478609994433,-0.9481930455132633,-0.6150958832174511,-0.7872206807052958,-0.04405285823683531,-0.7564304713909162,0.5734314674221047,0.3146256412332726,0.46950000000000003
1,1785175399.9049609,707,109.84,-144.68,-1775.54,-0.22264676767233446,0.2270482705429572,-0.9480915038584163,-0.6150009247812941,-0.7872913806022532,-0.04411512832975776,-0.7564405326020113,0.5732550609221432,0.3149227774612935,0.4519
1,1785175399.9498403,710,109.85000000000001,-144.68,-1775.54,-0.22298450884795384,0.22711002510751616,-0.9479973340202493,-0.615538626534803,-0.7868925689084622,-0.04372967230942238,-0.7559035044617038,0.5737779374394806,0.31525984592112327,0.4782
1,1785175400.0096807,713,109.85000000000001,-144.69,-1775.5900000000001,-0.2228480739622192,0.22736828965468542,-0.9479675082991148,-0.6148155090448825,-0.7874240341804803,-0.044331481283844475,-0.7565319727342734,0.5729459409529322,0.31526548015339034,0.47000000000000003
1,1785175400.0702555,716,109.84,-144.69,-1775.5900000000001,-0.22231046278807706,0.22700800951478017,-0.9481800576636742,-0.6154232637329148,-0.7869611436537366,-0.04411762499874738,-0.7561959168041561,0.5737242560632593,0.3146557061509952,0.48560000000000003
1,1785175400.130096,722,109.84,-144.68,-1775.55,-0.22225943873116688,0.22684743207188568,-0.9482304490245491,-0.615343373708611,-0.7870274172707715,-0.0440497093861443,-0.7562759247310544,0.5736968598715616,0.31451333619689054,0.4786
1,1785175400.1899354,725,109.85000000000001,-144.68,-1775.57,-0.2233899430448695,0.2273502055860059,-0.9478443001708724,-0.6152688482012388,-0.7871003796041799,-0.04378626337194254,-0.756003424449606,0.573397659959436,0.3157118080995896,0.5015000000000001
1,1785175400.2348156,728,109.85000000000001,-144.68,-1775.56,-0.22260621851978502,0.22706853197124213,-0.9480961730039558,-0.6152098737676067,-0.7871306145582048,-0.044070475877490585,-0.7562825415776615,0.5734677649298591,0.31491497247857997,0.45730000000000004
1,1785175400.295217,731,109.84,-144.69,-1775.57,-0.22287502294060932,0.2272486240560294,-0.9479898665143338,-0.6149059705815896,-0.7873620524108197,-0.04417743503798031,-0.7564505082900904,0.5730785821229609,0.31521987123213013,0.4807
1,1785175400.355059,734,109.85000000000001,-144.68,-1775.54,-0.22365427082393782,0.22758974730122625,-0.9477244715979305,-0.6145929370543606,-0.787610694527702,-0.044101197132112704,-0.7564749096071247,0.5726013454306186,0.31602754681504885,0.4924
1,1785175400.40019,737,109.85000000000001,-144.68,-1775.54,-0.22341692046832046,0.22723058418974854,-0.947866626302054,-0.6153591991923316,-0.7870383003621483,-0.04363220980460596,-0.7559219110581624,0.5735302741545963,0.3156661036765414,0.48050000000000004
1,1785175400.4600651,740,109.84,-144.68,-1775.58,-0.22313022111070968,0.22732927798791086,-0.9479104935575832,-0.6149014586387601,-0.7873707165742774,-0.044085721557371255,-0.7563789398119244,0.5730346883486235,0.31547130671137913,0.4817
1,1785175400.519902,743,109.85000000000001,-144.68,-1775.57,-0.2228390011382329,0.22720904837635295,-0.9480078205941272,-0.615486855269997,-0.7869221780307433,-0.04392512621724661,-0.7559885650997406,0.5736981210177208,0.31520113479994355,0.47750000000000004
1,1785175400.5797422,749,109.85000000000001,-144.69,-1775.56,-0.22237800300767696,0.2268680960327985,-0.9481977065890692,-0.6153048125981554,-0.7870598843188403,-0.04400825024427488,-0.7562724452020361,0.573644145353604,0.3146178366362382,0.4585
1,1785175400.6395488,752,109.85000000000001,-144.68,-1775.56,-0.22335846046436927,0.22752953767920497,-0.9478086872478402,-0.6148065079958149,-0.7874413658547631,-0.04414808112225506,-0.75638875974262,0.5728581018230191,0.31576833170973434,0.49310000000000004
1,1785175400.6844296,755,109.85000000000001,-144.68,-1775.58,-0.22312117534093223,0.22717016998340278,-0.9479507661182582,-0.6155726462498818,-0.7868687545060521,-0.04367928995544611,-0.7558354703924648,0.5737867871011025,0.31540682403016457,0.4889
1,1785175400.744269,758,109.85000000000001,-144.69,-1775.57,-0.22261979506531543,0.22716795446213306,-0.9480691679991325,-0.6149104582900413,-0.7873533960490705,-0.04426915422195365,-0.7565220123239036,0.5731224565443985,0.3149684026595456,0.468
1,1785175400.8041089,761,109.84,-144.68,-1775.55,-0.22239152007280122,0.22696756322221467,-0.9481707320122673,-0.6150054117809686,-0.787282729822149,-0.04420686376465311,-0.7565119663824428,0.5732988998495945,0.3146712826926132,0.45470000000000005
1,1785175400.8489888,764,109.85000000000001,-144.68,-1775.6000000000001,-0.22286601301740724,0.22708938834477801,-0.9480301418957731,-0.6155772256177569,-0.7868600697596931,-0.04377110826237183,-0.7559070177888748,0.5738306721664201,0.3151554221944536,0.46290000000000003
1,1785175400.9088287,767,109.84,-144.68,-1775.53,-0.2225477549841509,0.22736781749418813,-0.9480381702861146,-0.6146568785696841,-0.7875334958238156,-0.044586035734218925,-0.756749244055445,0.5727956603566843,0.31501700445858954,0.46530000000000005
1,1785175400.9686794,770,109.85000000000001,-144.68,-1775.54,-0.22210931240762988,0.22668780005586553,-0.948303798709908,-0.6156086031678563,-0.7868282567717988,-0.043901503973930806,-0.7561041601839859,0.5740330440412678,0.31431284304206397,0.46890000000000004
1,1785175401.0285091,776,109.85000000000001,-144.68,-1775.57,-0.22299809411237217,0.2272093701399203,-0.9479703329444811,-0.6152393896578779,-0.7871154875086123,-0.04392838191285578,-0.7561430707449825,0.5734327436105305,0.31531340777018646,0.4833
1,1785175401.0883486,779,109.85000000000001,-144.68,-1775.56,-0.22224597554032313,0.22674793441895896,-0.9482574020764962,-0.6156426591230528,-0.7868044187092494,-0.0438511455665242,-0.7560362707066551,0.5740419679224991,0.3144598168918216,0.4791
1,1785175401.1332285,782,109.85000000000001,-144.68,-1775.57,-0.22299809411237217,0.2272093701399203,-0.9479703329444811,-0.6152393896578779,-0.7871154875086123,-0.04392838191285578,-0.7561430707449825,0.5734327436105305,0.31531340777018646,0.49500000000000005
1,1785175401.1930687,785,109.85000000000001,-144.68,-1775.56,-0.2235220840333459,0.2274700134463612,-0.9477844010808059,-0.6149309400916269,-0.7873556314571595,-0.04394369728101518,-0.756239259009619,0.5729995659644167,0.3158697208299211,0.4758
1,1785175401.2529085,788,109.85000000000001,-144.68,-1775.53,-0.22383571029464727,0.22725185251964802,-0.9477627183653505,-0.6154788635120804,-0.7869610931839166,-0.0433359710246915,-0.7557005646198557,0.5736277829230058,0.3160187071868819,0.48860000000000003
1,1785175401.312749,791,109.85000000000001,-144.68,-1775.53,-0.2240368679318659,0.22757172086842187,-0.9476384298181796,-0.6152936146954383,-0.7870939972278093,-0.04355235060213194,-0.7557918030266677,0.573318542687165,0.31636150064248364,0.4829
1,1785175401.3730938,797,109.84,-144.68,-1775.54,-0.2234951566804864,0.22758963032087257,-0.9477620350651177,-0.6148405367044006,-0.7874176148758558,-0.044097780083165346,-0.7563207185879609,0.5728668780385432,0.3159153536644955,0.48550000000000004
1,1785175401.4329338,800,109.85000000000001,-144.68,-1775.53,-0.22295750520572885,0.22722966761012559,-0.9479750149820559,-0.615448268625576,-0.7869546688384825,-0.043883685340851096,-0.7559850392158685,0.5736453846681815,0.31530555518524556,0.48450000000000004
1,1785175401.4927742,803,109.84,-144.69,-1775.56,-0.22319776394272633,0.22718930021189337,-0.9479281513069422,-0.6147828830995938,-0.7874694174958778,-0.04397639317240375,-0.7564553951283036,0.5729545692094034,0.31543350615200827,0.4872
1,1785175401.5526142,806,109.84,-144.69,-1775.58,-0.22216324902584614,0.22676711597000548,-0.9482722003185193,-0.6151003695006446,-0.7872120355119356,-0.04414460992381362,-0.7565018349101675,0.5734752708354575,0.31437412030532724,0.47490000000000004
1,1785175401.612454,809,109.84,-144.68,-1775.53,-0.22264676767233446,0.2270482705429572,-0.9480915038584163,-0.6150009247812941,-0.7872913806022532,-0.04411512832975776,-0.7564405326020113,0.5732550609221432,0.3149227774612935,0.47750000000000004
1,1785175401.672294,815,109.84,-144.68,-1775.54,-0.22235099223161994,0.22698779272846079,-0.9481753942208558,-0.615214368860774,-0.7871219580185589,-0.044162241250525966,-0.7563539625075376,0.5735116085636729,0.31466350001526205,0.4576
1,1785175401.7321339,818,109.84,-144.68,-1775.55,-0.22251468323640203,0.2269282110722021,-0.9481512552139418,-0.6153388651447966,-0.7870360744141753,-0.043957918661354775,-0.7562045336987324,0.5736530350222986,0.3147648306643991,0.47150000000000003
1,1785175401.7916358,821,109.84,-144.68,-1775.53,-0.22290198559444216,0.22712896221299017,-0.9480122042158029,-0.6149964135428797,-0.7873000391880876,-0.04402339859473774,-0.7563690343657984,0.5732112026282162,0.315174239166312,0.4758
1,1785175401.8514757,824,109.85000000000001,-144.69,-1775.57,-0.2232802386690633,0.22717045414836873,-0.9479132448604726,-0.6153251939592179,-0.7870620927323473,-0.043682580771161175,-0.755989973940751,0.5735214441900165,0.3155191156732994,0.48040000000000005
1,1785175401.9113157,827,109.85000000000001,-144.69,-1775.58,-0.22273833150182332,0.22718853977512285,-0.9480363933281419,-0.6148719198764496,-0.7873858208143371,-0.04422772126146594,-0.7565184451335163,0.5730697484385128,0.3150728576018359,0.4838
1,1785175401.9716613,830,109.84,-144.68,-1775.56,-0.22173080445286644,0.22664642448602462,-0.9484022609759983,-0.6152796914612911,-0.787066411464565,-0.04424212042376009,-0.7564828825769842,0.5737228095622422,0.31396781070043484,0.4567
1,1785175402.016542,833,109.84,-144.69,-1775.55,-0.2235220840333459,0.2274700134463612,-0.9477844010808059,-0.6149309400916269,-0.7873556314571595,-0.04394369728101518,-0.756239259009619,0.5729995659644167,0.3158697208299211,0.49920000000000003
1,1785175402.0768855,839,109.84,-144.69,-1775.58,-0.22261979506531543,0.22716795446213306,-0.9480691679991325,-0.6149104582900413,-0.7873533960490705,-0.04426915422195365,-0.7565220123239036,0.5731224565443985,0.3149684026595456,0.46730000000000005
1,1785175402.1367254,842,109.84,-144.68,-1775.56,-0.22341692046832046,0.22723058418974854,-0.947866626302054,-0.6153591991923316,-0.7870383003621483,-0.04363220980460596,-0.7559219110581624,0.5735302741545963,0.3156661036765414,0.48040000000000005
1,1785175402.1821115,845,109.84,-144.68,-1775.56,-0.2235220840333459,0.2274700134463612,-0.9477844010808059,-0.6149309400916269,-0.7873556314571595,-0.04394369728101518,-0.756239259009619,0.5729995659644167,0.3158697208299211,0.4727
1,1785175402.2419515,848,109.85000000000001,-144.69,-1775.56,-0.2230250832323541,0.2270897221182241,-0.9479926531136564,-0.6153297752665935,-0.7870534121469579,-0.04377435434354551,-0.7560615582871313,0.5735653271738961,0.31526772042874346,0.4898
1,1785175402.3018203,851,109.85000000000001,-144.69,-1775.5900000000001,-0.2235220840333459,0.2274700134463612,-0.9477844010808059,-0.6149309400916269,-0.7873556314571595,-0.04394369728101518,-0.756239259009619,0.5729995659644167,0.3158697208299211,0.47990000000000005
1,1785175402.361632,854,109.84,-144.68,-1775.54,-0.22232399513539727,0.22710749319679038,-0.9481530613360407,-0.615123906535319,-0.787184000280531,-0.044316242068448176,-0.7564354703448036,0.5733790510964025,0.3147091402676842,0.461
1,1785175402.4214709,857,109.85000000000001,-144.68,-1775.57,-0.22260621851978502,0.22706853197124213,-0.9480961730039558,-0.6152098737676067,-0.7871306145582048,-0.044070475877490585,-0.7562825415776615,0.5734677649298591,0.31491497247857997,0.4776
1,1785175402.4663525,860,109.84,-144.68,-1775.56,-0.22196367550805465,0.22678681277195467,-0.9483142244571117,-0.6155567416328555,-0.786857901660331,-0.044096943488666634,-0.7561891460377468,0.5739532943954926,0.3142540234702875,0.459
1,1785175402.526191,866,109.85000000000001,-144.69,-1775.5900000000001,-0.22245614148789392,0.22722756442617156,-0.9480932966112927,-0.6147858972616784,-0.7874391485276054,-0.0444734515668952,-0.7566713722894977,0.5729809956107359,0.3148669767162935,0.4808
1,1785175402.5860558,869,109.85000000000001,-144.69,-1775.54,-0.22233756863625667,0.22720697896798295,-0.9481260434568604,-0.6148244131598917,-0.7874067337049176,-0.044514904231589145,-0.7566749279284418,0.5730337026950469,0.3147624962095899,0.4712
1,1785175402.6309116,872,109.85000000000001,-144.69,-1775.5900000000001,-0.22214979146041322,0.22666760411052458,-0.9482991444691328,-0.6153997556311889,-0.7869891260179576,-0.043946061240620275,-0.7562622633208455,0.5738204534314595,0.31432065840562584,0.46340000000000003
1,1785175402.690751,875,109.85000000000001,-144.68,-1775.57,-0.22274289899540411,0.22712864451778103,-0.9480496715819475,-0.6152439231935461,-0.7871068169622116,-0.044020150670226486,-0.7562145964741338,0.5734766233519296,0.3150619725519598,0.4817
1,1785175402.7505918,878,109.85000000000001,-144.68,-1775.57,-0.22167675328793096,0.22688591893429363,-0.9483576312979524,-0.615098669181286,-0.787190524074841,-0.04455003903688754,-0.756645917337253,0.5734578089067395,0.3140590663883927,0.4586
1,1785175402.8104308,881,109.85000000000001,-144.68,-1775.55,-0.22251468323640203,0.2269282110722021,-0.9481512552139418,-0.6153388651447966,-0.7870360744141753,-0.043957918661354775,-0.7562045336987324,0.5736530350222986,0.3147648306643991,0.4811
1,1785175402.870271,884,109.85000000000001,-144.68,-1775.58,-0.22247415149095248,0.22694845024161125,-0.9481559222255121,-0.615547732597576,-0.7868752196418924,-0.04391329647733462,-0.7560464541364924,0.5738656547019122,0.3147570007818445,0.46580000000000005
1,1785175402.9151554,887,109.85000000000001,-144.69,-1775.58,-0.22219189476630402,0.22698734802307982,-0.9482127955989673,-0.6154618207675226,-0.7869286633456585,-0.044159098525002397,-0.7561993844732257,0.5737769798819611,0.31455121726016294,0.4637
1,1785175402.9749913,893,109.85000000000001,-144.69,-1775.57,-0.22287502294060932,0.2272486240560294,-0.9479898665143338,-0.6149059705815896,-0.7873620524108197,-0.04417743503798031,-0.7564505082900904,0.5730785821229609,0.31521987123213013,0.4788
1,1785175403.0348313,896,109.85000000000001,-144.69,-1775.5900000000001,-0.22274289899540411,0.22712864451778103,-0.9480496715819475,-0.6152439231935461,-0.7871068169622116,-0.044020150670226486,-0.7562145964741338,0.5734766233519296,0.3150619725519598,0.4696
1,1785175403.0951765,899,109.85000000000001,-144.68,-1775.57,-0.22348143963158407,0.2274903819967742,-0.9477890969193287,-0.6151398927280225,-0.7871948914943618,-0.04389892002927979,-0.7560813173956568,0.57321228956133,0.3158618567999411,0.4858
1,1785175403.1550157,902,109.84,-144.69,-1775.56,-0.22274289899540411,0.22712864451778103,-0.9480496715819475,-0.6152439231935461,-0.7871068169622116,-0.044020150670226486,-0.7562145964741338,0.5734766233519296,0.3150619725519598,0.4736
1,1785175403.2148557,905,109.85000000000001,-144.68,-1775.56,-0.2230117204770056,0.22730871722468418,-0.9479433103321921,-0.6149400165982091,-0.7873382829470278,-0.04412713668730947,-0.7563825411232603,0.5730874063174786,0.315366891420493,0.47050000000000003
1,1785175403.2746954,911,109.85000000000001,-144.69,-1775.54,-0.22303572138841446,0.22758887751620271,-0.947870439361659,-0.6149295798848186,-0.7873339635011216,-0.0443490890582344,-0.7563839493057941,0.572982139990881,0.3155547313605682,0.4751
1,1785175403.3345354,914,109.83,-144.70000000000002,-1775.5900000000001,-0.22104976776967908,0.22658435661191134,-0.9485760536233968,-0.6138301156598068,-0.7881420129008343,-0.04521898505815152,-0.7578585549283187,0.5722689025618877,0.3133029107470495,0.47490000000000004
1,1785175403.3943753,917,109.73,-144.68,-1775.71,-0.21618147427443987,0.22009864172588695,-0.9512214032973341,-0.61081071003431,-0.7905473640395627,-0.044103760808817706,-0.7616927508437453,0.5714818047151798,0.305340302272021,0.4806
1,1785175403.4542155,920,109.7,-144.67000000000002,-1775.7,-0.21367333105438435,0.21821298223472854,-0.9522220339712526,-0.6105106434185309,-0.7907726402911288,-0.04421974264611033,-0.7626404538632964,0.5718931069275297,0.3021883723440765,0.458
1,1785175403.5140553,923,109.71000000000001,-144.66,-1775.73,-0.21402891273967928,0.2181972350722299,-0.9521457824925261,-0.609803236330591,-0.7913157162581894,-0.04426567703679861,-0.7631065701933173,0.5711474448945937,0.3024218224899934,0.463
1,1785175403.5738955,929,109.67,-144.65,-1775.76,-0.2093221285866139,0.21566319874748707,-0.9537681223389524,-0.6074937472323875,-0.7929923613719754,-0.045983278256887986,-0.7662477364126573,0.5697828529463661,0.2970048937825414,0.4767
1,1785175403.6342409,932,109.27,-144.64000000000001,-1776.3,-0.1879417543885058,0.18633696328370225,-0.964342487434614,-0.5953270501019328,-0.8025341192643607,-0.039047289707582714,-0.7811937022111107,0.5667605522006497,0.26176110500781685,0.5065000000000001
1,1785175403.6796238,935,108.95,-144.66,-1776.6000000000001,-0.17099212368719957,0.16748553483591244,-0.970932690384699,-0.5889361002784155,-0.807397013780597,-0.035557445451362024,-0.7898835125673871,0.5657372691973748,0.23669680778435429,0.5082
1,1785175403.7394643,938,108.91,-144.68,-1776.71,-0.16658945187151053,0.16270531995501905,-0.9725096058052509,-0.5886786899828342,-0.8076398576857875,-0.03428206874409964,-0.7910153945943429,0.5667846497000566,0.23032543580581852,0.5059
1,1785175403.799809,941,109.02,-144.77,-1776.69,-0.17027341863357004,0.16425103349749073,-0.9716113219296302,-0.5913651988516884,-0.8057456389471404,-0.03257555686043999,-0.7882221542775489,0.5690303711689481,0.2343294095784587,0.5211
1,1785175403.859649,944,109.12,-145.03,-1776.6100000000001,-0.1743699823748723,0.1668042468617278,-0.9704490983433796,-0.5939162638854053,-0.8039113502855777,-0.031464462086941924,-0.7854034509339695,0.5708790450795254,0.23924576307659218,0.5239
1,1785175403.9199946,950,109.18,-145.59,-1776.6200000000001,-0.17755172143177114,0.16755814835790914,-0.9697420549483683,-0.5950180529868624,-0.8031584980169393,-0.029831923888646618,-0.7838551542449271,0.571717319994806,0.24230229710347015,0.5231
1,1785175403.9798675,953,109.24000000000001,-145.72,-1776.5900000000001,-0.18597673657462435,0.17065425977316648,-0.9676206783002962,-0.599377451714553,-0.8000474159625572,-0.025899856907006042,-0.7785623442147849,0.5751532455206241,0.2510765228727511,0.4917
1,1785175404.039675,956,109.51,-146.14000000000001,-1776.3700000000001,-0.2021990094556505,0.19043023848021526,-0.9606518020841485,-0.6070603224957177,-0.7941027682886793,-0.029640483256030144,-0.7685006996916456,0.5771803164251395,0.2761694351386971,0.5003000000000001
1,1785175404.099515,959,110.08,-146.92000000000002,-1775.9,-0.22382365304351814,0.2309895911547244,-0.9468615427381282,-0.6170558258278235,-0.7855863945079387,-0.045783453080345246,-0.7544170465665511,0.5740190114814933,0.31836628952766305,0.47150000000000003
1,1785175404.145392,962,110.82000000000001,-148.15,-1775.53,-0.2435982131253887,0.27981568622532715,-0.928635069499514,-0.6219606770530639,-0.7797495878427304,-0.07180178590248812,-0.74419407869306,0.5600837098160789,0.3639799599385195,0.46280000000000004
1,1785175404.204234,965,111.39,-149.53,-1775.64,-0.24686334555835054,0.3087883239189647,-0.9185359326836675,-0.6190480510648998,-0.7795035116896195,-0.09567541866279074,-0.7455454373091471,0.5449991250221119,0.3835856548838144,0.45680000000000004
1,1785175404.2640753,968,111.98,-151.11,-1776.07,-0.245708388968676,0.327602490016145,-0.9123069637603558,-0.6125010020988187,-0.7819379958513732,-0.11582526957395936,-0.7513121255632444,0.5303296891360685,0.3927855786589934,0.45940000000000003
1,1785175404.3239467,974,113.34,-154.14000000000001,-1777.53,-0.24530935428690223,0.33870322731268643,-0.9083520487714627,-0.6000415640414568,-0.7889790194413068,-0.13214472484407505,-0.761428553524246,0.5126326469211696,0.39677994806765376,0.43860000000000005
1,1785175404.383754,977,113.96000000000001,-155.89000000000001,-1778.78,-0.2340498577046869,0.33472939728240975,-0.9127852401870721,-0.5875738534097251,-0.7967025794933376,-0.14149899864631338,-0.7745822299134308,0.503210920413714,0.38314636717411293,0.46780000000000005
1,1785175404.443594,980,114.60000000000001,-157.56,-1779.98,-0.22498172861787236,0.3298916371068372,-0.9168177188269678,-0.5761064750353722,-0.8038855449058536,-0.1478829270529133,-0.7858018523841951,0.4949136676819402,0.3709122677011073,0.45370000000000005
1,1785175404.5034337,983,115.33,-159.1,-1781.04,-0.22396976753280184,0.3293576110782238,-0.9172573833205969,-0.5684736558544553,-0.8086234860288554,-0.15154458235784005,-0.7916282245036325,0.4874952531742101,0.36833833944057415,0.45730000000000004
1,1785175404.5632737,986,116.06,-160.44,-1782.08,-0.22974871639824807,0.32853629944843415,-0.9161219499925141,-0.5676681078984578,-0.8098344342015896,-0.1480577875573467,-0.7905494586604576,0.486037127312431,0.3725580012367705,0.47500000000000003
1,1785175404.6231155,992,117.38,-162.98,-1784.08,-0.23583771656506552,0.32527540659850884,-0.9157382165813276,-0.5632700976337289,-0.8136378778430831,-0.1439451313893372,-0.7919011103395835,0.48186026356318157,0.3751044092539515,0.4592
1,1785175404.6829538,995,117.94,-164.26,-1785.1100000000001,-0.23524380231045405,0.3213863885023996,-0.9172628536902085,-0.5583709178954727,-0.817154563342452,-0.1431095302807398,-0.7955389817746755,0.47850727151631794,0.37168335930321317,0.4519
1,1785175404.742794,998,118.31,-165.25,-1785.95,-0.23591110168054738,0.3140532176638408,-0.9196284731231731,-0.5553773456360587,-0.8201345311536249,-0.137605794804106,-0.7974346092678173,0.4782780857246253,0.367896883185318,0.4561
1,1785175404.803141,1001,118.68,-166.19,-1786.64,-0.23912340564932483,0.3125371197221225,-0.9193152591284819,-0.5531499505487154,-0.8219775762493795,-0.13556546887444876,-0.7980257696832992,0.4761023135198936,0.36943396971905906,0.45740000000000003
1,1785175404.8629813,1004,118.96000000000001,-166.92000000000002,-1787.1200000000001,-0.2417985338113727,0.3125053856776338,-0.9186260680870884,-0.5522761790394243,-0.8227371254285274,-0.13451633546605923,-0.7978248498964445,0.4748094421597753,0.3715259109720868,0.45520000000000005
1,1785175404.9228215,1010,119.35000000000001,-168.12,-1787.78,-0.2436132680706801,0.31230296336616126,-0.9182153531131121,-0.5489363379875758,-0.8249023159578998,-0.13492615003802386,-0.799575807823569,0.47117197306292263,0.37239159408246536,0.4461
1,1785175404.9826608,1013,119.43,-168.43,-1787.99,-0.2444342271382389,0.3124603810148314,-0.9179435815448563,-0.5479270114641418,-0.8255440310449802,-0.1351038227215619,-0.8000174365045466,0.46994208483819716,0.3729966999674697,0.46
1,1785175405.0425017,1016,119.49000000000001,-168.52,-1787.96,-0.2468625870927141,0.3129129614160555,-0.9171392160799395,-0.5485281615714703,-0.8253335756898723,-0.1339453052629789,-0.7988590107502792,0.4700106035152865,0.3753855531667158,0.4859
1,1785175405.1023629,1019,119.53,-168.54,-1787.95,-0.24691381892976813,0.3135586231853929,-0.916904878298506,-0.5488863677682075,-0.8250327333562418,-0.13433072682358307,-0.7985970957245846,0.47010847547859513,0.37582003669768516,0.45930000000000004
1,1785175405.162181,1022,119.56,-168.53,-1787.91,-0.24726776049192878,0.31391709414781255,-0.9166868127245529,-0.5495459605957109,-0.8246221619011754,-0.13415486310368618,-0.7980337660865254,0.4705893625053852,0.3764143462761903,0.4616
1,1785175405.2226553,1028,119.55,-168.55,-1787.93,-0.24662692236285216,0.3137295214440304,-0.9169236328835283,-0.5486825477371811,-0.8251028240798872,-0.1347322956979165,-0.7988257776101518,0.46987138354010716,0.37563048326199766,0.45990000000000003
1,1785175405.282494,1031,119.54,-168.56,-1787.96,-0.2459283405540471,0.3135725315425523,-0.9171649354256449,-0.5488517619811891,-0.8249659167706092,-0.13488135355553263,-0.7989248992755682,0.4702164433841329,0.3749873353710761,0.44980000000000003
1,1785175405.3429403,1034,119.55,-168.56,-1787.95,-0.2467966395176681,0.3140469434900139,-0.9167692926834787,-0.5487188853484833,-0.8250494536729261,-0.13491102199569865,-0.7987483981734822,0.46975303754056336,0.37594292138130486,0.4701
1,1785175405.4029882,1037,119.54,-168.56,-1787.94,-0.24657433090938977,0.3137522665053756,-0.9169299943830644,-0.5489066619212584,-0.8249630684409285,-0.13467521006848032,-0.7986880341128495,0.4701015326195691,0.375635425903474,0.46480000000000005
1,1785175405.462828,1040,119.55,-168.56,-1787.94,-0.2457593032990868,0.3137496145984935,-0.9171496847195905,-0.548616985525105,-0.8250633146580765,-0.13524026766749062,-0.7991381407712275,0.46992734134621766,0.37489535315869316,0.4546
1,1785175405.5231786,1046,119.55,-168.57,-1787.95,-0.2467966395176681,0.3140469434900139,-0.9167692926834787,-0.5487188853484833,-0.8250494536729261,-0.13491102199569865,-0.7987483981734822,0.46975303754056336,0.37594292138130486,0.4762
1,1785175405.583018,1049,119.55,-168.57,-1787.92,-0.24735839620534827,0.3141477709065559,-0.9165833305603804,-0.5485108353640898,-0.8252055213054634,-0.13480248920241208,-0.7987175266105696,0.4694113607928766,0.3764349705376396,0.4636
1,1785175405.642858,1052,119.55,-168.57,-1787.91,-0.24605042792723328,0.31390529172267023,-0.9170183502773162,-0.5483029433006767,-0.8252501611345633,-0.13537375637542182,-0.799264079816327,0.46949508983149385,0.37516835066337517,0.4485
1,1785175405.7026987,1055,119.56,-168.57,-1787.94,-0.246780525245605,0.3141633244421389,-0.9167337552064757,-0.5486209626826887,-0.8250884993609411,-0.1350703799040722,-0.7988206379811573,0.46960661600724257,0.3759723587414413,0.4675
1,1785175405.762538,1058,119.55,-168.57,-1787.9,-0.24640532248160446,0.3139292392427806,-0.9169148541719595,-0.5486720309105133,-0.8250604576061871,-0.1350342319236203,-0.7989013828685424,0.4698123817473506,0.3755434813808017,0.4549
1,1785175405.8223782,1064,119.56,-168.57,-1787.94,-0.24599784107605135,0.31392795968925874,-0.9170246988556309,-0.5485271351506432,-0.8251105188928046,-0.13531671595140926,-0.7991264256607645,0.4697253109401127,0.3751734106688062,0.44980000000000003
1,1785175405.8822176,1067,119.55,-168.57,-1787.88,-0.2468603799385066,0.3139155817863763,-0.9167971205933934,-0.5494014727504091,-0.8246723827105272,-0.1344376544507653,-0.798259340412812,0.47050235781158717,0.37604462067345085,0.4515
1,1785175405.9280963,1070,119.60000000000001,-168.51,-1787.79,-0.2502783240059902,0.3149249480369171,-0.9155233681543569,-0.5519783458782342,-0.8232954322456731,-0.13230471240639535,-0.7954122617952788,0.4722360726875443,0.37988475283744044,0.4652
1,1785175405.9869378,1073,119.61,-168.48,-1787.68,-0.2543943987328141,0.3159949470523315,-0.914018973178765,-0.5552716111402737,-0.8215291225929529,-0.129473312282252,-0.7918061175281829,0.47459150241976217,0.38445543054546427,0.4722
1,1785175406.046778,1076,119.68,-168.34,-1787.46,-0.26157103162051704,0.31785465217943354,-0.9113446195072803,-0.5609046154014811,-0.8184695718631827,-0.12447317926129581,-0.7854722196477066,0.47861882539447753,0.3923740716965325,0.4394
1,1785175406.106618,1079,119.74000000000001,-168.31,-1787.44,-0.2663632298753752,0.3198100054480266,-0.9092701414792479,-0.5633662630896527,-0.8170968049693493,-0.12235712043555727,-0.782092758809822,0.47966068394669825,0.3978147117604217,0.42710000000000004
1,1785175406.1664584,1082,119.77,-168.31,-1787.3500000000001,-0.26873381521349193,0.32147230877051286,-0.9079855126897989,-0.5655664766668878,-0.8157161805192568,-0.12141529273397998,-0.7796901288533821,0.48089777243488174,0.4010244823396263,0.4419
1,1785175406.211338,1085,119.8,-168.34,-1787.3700000000001,-0.2712215190447593,0.3237774087702283,-0.9064254393920602,-0.5667253805361596,-0.8148977274328759,-0.1215073531967472,-0.7779853666125077,0.4807388931579913,0.40451067469478635,0.4403
1,1785175406.2711787,1091,119.96000000000001,-168.36,-1787.0900000000001,-0.28075058250111146,0.33264091675847823,-0.9002939136323014,-0.5714993496091904,-0.8115385380934973,-0.12162933275054046,-0.7710820992744929,0.4803698800790371,0.41794398487272516,0.44720000000000004
1,1785175406.331018,1094,120.02,-168.37,-1787.03,-0.2815302391059355,0.335052424113409,-0.899155491316537,-0.5722442097554163,-0.8108127100892469,-0.12296061791943604,-0.7702449538103795,0.47991939141220247,0.42000010580497177,0.4295
1,1785175406.3908596,1097,120.02,-168.4,-1787.02,-0.282824510289998,0.33583834067932555,-0.8984558449411859,-0.5723154560815837,-0.8107711131969754,-0.1229032983099569,-0.7697176853297265,0.47944010150914024,0.4215114161627817,0.4287
1,1785175406.450722,1100,120.02,-168.4,-1787.0,-0.2831759175011768,0.3361833801872962,-0.8982160845994747,-0.5721727569816786,-0.8108426809704935,-0.1230954218668084,-0.7696945731362226,0.47907711446324214,0.42196609162611876,0.43110000000000004
1,1785175406.495603,1103,120.01,-168.4,-1787.0,-0.2835504090476202,0.33599158795560474,-0.8981697046505177,-0.5727095544565278,-0.810566338592588,-0.12241722499228341,-0.7691572867516322,0.47967891715571265,0.422262009507356,0.44670000000000004
1,1785175406.555443,1106,120.0,-168.41,-1787.01,-0.28247010136727985,0.3361413941790657,-0.8984540082569128,-0.5722523069214625,-0.8107386433444269,-0.12341049149526308,-0.7698947584291135,0.4792826048454002,0.4213671150386383,0.4223
1,1785175406.6152828,1109,119.98,-168.44,-1787.0,-0.2823512752096532,0.33597081372025556,-0.8985551567464469,-0.5723069159606392,-0.8107179033977022,-0.12329345097796456,-0.7698977538161185,0.4794372674694607,0.4211856541126635,0.4298
1,1785175406.6601958,1112,119.94,-168.48,-1787.0,-0.28006886093861,0.3351723849456335,-0.8995670655945587,-0.5708644666148363,-0.8115288080772491,-0.12463849492543354,-0.7717999701276929,0.47862351178204243,0.4186219536530748,0.437
1,1785175406.7199008,1118,119.93,-168.48,-1787.07,-0.2797256765798975,0.33513965360881703,-0.8996860332587591,-0.5705105324171148,-0.8117232021356761,-0.12499270184992663,-0.7721860386351587,0.4783166897501765,0.4182605241274565,0.43010000000000004
1,1785175406.7797399,1121,119.93,-168.49,-1787.02,-0.2796637503251564,0.33494269780365343,-0.8997786260753692,-0.5703467964104352,-0.8118466371316728,-0.12493826316364279,-0.7723294106651787,0.4782451536252139,0.41807756990249223,0.4274
1,1785175406.839827,1124,119.91,-168.51,-1787.06,-0.27893600658297,0.3347907699592285,-0.9000610226988235,-0.5699498265589068,-0.8120507877689347,-0.12542214034740629,-0.7728854374595351,0.4780048728140325,0.4173241451546066,0.446
1,1785175406.9001753,1127,119.9,-168.53,-1787.07,-0.2771677541869983,0.3342291148186622,-0.900815705261886,-0.5689854364494247,-0.8125722271332172,-0.12641973263783243,-0.7742309791963852,0.4775115438387817,0.4153903180784428,0.43160000000000004
1,1785175406.9600358,1130,119.88,-168.54,-1787.08,-0.2776668713933229,0.33435252618065625,-0.9006161761634407,-0.5689954767183467,-0.8125919014732599,-0.1262479668514834,-0.7740447377281918,0.4773916525209521,0.4158749260277775,0.44120000000000004
1,1785175407.019853,1136,119.89,-168.55,-1787.1100000000001,-0.27685581320579933,0.3339706114194869,-0.9010074857637141,-0.5688165213430314,-0.8126856720392879,-0.12645063665029002,-0.7744666705167939,0.4774993499159396,0.41496475403157634,0.4304
1,1785175407.0796924,1139,119.87,-168.55,-1787.1100000000001,-0.2759058195904292,0.33410632496317655,-0.9012485463709408,-0.5675291323202213,-0.8133761089843281,-0.12778884654527273,-0.7757490977655019,0.47622711908617166,0.4140302746936447,0.4264
1,1785175407.139534,1142,119.84,-168.58,-1787.1100000000001,-0.27447224615800325,0.33335662814860456,-0.9019636048967682,-0.5665321878685542,-0.8139689655248635,-0.12843598900328684,-0.7769853706459663,0.47573930007071763,0.4122691501560287,0.4187
1,1785175407.199378,1145,119.84,-168.58,-1787.1200000000001,-0.2749054663263323,0.33313510470055513,-0.9019135139247288,-0.5668568947402159,-0.8138391991215168,-0.12782417165281343,-0.7765952906561961,0.47611633031161443,0.41256877552866267,0.4577
1,1785175407.2442527,1148,119.84,-168.58,-1787.1200000000001,-0.27479483208236527,0.3332789684953129,-0.901894078824961,-0.5664117440532765,-0.8140818560023674,-0.12825158059948646,-0.7769591600974598,0.4756005265834356,0.4124786087231778,0.444
1,1785175407.3040924,1151,119.84,-168.57,-1787.15,-0.274560712104866,0.333103927902099,-0.9020300375179656,-0.5665000033958206,-0.8140323246306006,-0.12817613119858148,-0.7769775810929196,0.47580788946033037,0.4122046710146572,0.44430000000000003
1,1785175407.3639317,1154,119.81,-168.62,-1787.2,-0.2715672400059334,0.33208765766903187,-0.9033100363548806,-0.5643445759068523,-0.8152321589499658,-0.13004509471061448,-0.7795937620325568,0.4744621319322267,0.4088022157012505,0.4333
1,1785175407.4088116,1157,119.77,-168.64000000000001,-1787.18,-0.26997956362165626,0.3314694211811184,-0.9040127532554585,-0.5640736876230353,-0.8153468442785017,-0.13050056879737784,-0.7803408935574314,0.4746973207707655,0.4071001639585108,0.43870000000000003
1,1785175407.4686522,1163,119.71000000000001,-168.74,-1787.39,-0.2615274425840404,0.328606778659646,-0.9075356641996952,-0.5574037573826736,-0.8190378396257351,-0.1359340594438585,-0.7879749031734,0.4703133022572712,0.3973675247031791,0.44830000000000003
1,1785175407.5284915,1166,119.56,-168.79,-1787.56,-0.2509215925569049,0.3228648308046459,-0.9125769312327559,-0.5516729827093992,-0.822353064418395,-0.13925644541704296,-0.7954214446048218,0.4685015885471065,0.3844619447898793,0.4243
1,1785175407.5883334,1169,119.25,-168.81,-1788.0900000000001,-0.23016886731967762,0.3042096703371444,-0.9243802080259736,-0.5450664596875908,-0.8272048122635102,-0.13650916852624428,-0.8061791655955965,0.47242848669555965,0.3562112826934752,0.44830000000000003
1,1785175407.6481714,1172,118.63,-168.92000000000002,-1788.74,-0.1977330913370192,0.27769314072190204,-0.9401000713681028,-0.5346878013812609,-0.8343583711317969,-0.13399650583641298,-0.8215902747990507,0.4761644969107844,0.3134593948780612,0.49100000000000005
1,1785175407.6930516,1175,118.02,-168.46,-1789.25,-0.16075462547907626,0.2454866496280244,-0.9559781667179901,-0.5537790758876487,-0.8241852923486166,-0.11852147056650515,-0.8169985835337191,0.5103478311217092,0.26843696797062705,0.5164
1,1785175407.7528913,1178,117.06,-169.03,-1790.01,-0.10067051889165982,0.22540462551276286,-0.9690501542353394,-0.541641211011311,-0.8294269886592135,-0.13665895147376628,-0.834559911067075,0.5111199715146728,0.20558727966135373,0.56
1,1785175407.8127315,1181,116.17,-170.09,-1790.7,-0.05692814275224258,0.21587927135309212,-0.9747591121722526,-0.517261431335669,-0.8414619228404784,-0.15614878821873585,-0.8539319634580702,0.49531603306339955,0.15956888535984112,0.7035
1,1785175407.8725715,1187,114.55,-172.91,-1790.2,-0.0013603996133479267,0.2655402343019248,-0.9640988192502732,-0.5051627699948231,-0.8322234957453967,-0.22850520549971973,-0.8630230154080768,0.4867159716879965,0.13527319682686587,0.3417
1,1785175407.9324121,1190,113.86,-174.97,-1789.8500000000001,0.03747971380166008,0.3128836891889015,-0.9490516677678242,-0.5000895318740723,-0.8163660105019994,-0.2888892469563739,-0.8651622571306015,0.48543829055462084,0.12587269322649244,0.3261
1,1785175407.9772928,1193,113.13,-177.16,-1789.52,0.07735521198566594,0.3588990285947653,-0.9301653930631835,-0.4887748797337475,-0.7995036389866346,-0.34913184928962,-0.8689736981749869,0.4816486463396976,0.11357505606084274,0.3421
1,1785175408.0371327,1196,nan,nan,nan,nan,nan,nan,nan,nan,nan,nan,nan,nan,nan
1,1785175408.0969725,1199,nan,nan,nan,nan,nan,nan,nan,nan,nan,nan,nan,nan,nan
1,1785175408.1418512,1202,nan,nan,nan,nan,nan,nan,nan,nan,nan,nan,nan,nan,nan
1,1785175408.1867309,1205,nan,nan,nan,nan,nan,nan,nan,nan,nan,nan,nan,nan,nan
1,1785175408.2466867,1208,nan,nan,nan,nan,nan,nan,nan,nan,nan,nan,nan,nan,nan
1,1785175408.2915661,1211,nan,nan,nan,nan,nan,nan,nan,nan,nan,nan,nan,nan,nan
1,1785175408.336996,1214,nan,nan,nan,nan,nan,nan,nan,nan,nan,nan,nan,nan,nan
1,1785175408.3968027,1217,nan,nan,nan,nan,nan,nan,nan,nan,nan,nan,nan,nan,nan
1,1785175408.4428174,1220,nan,nan,nan,nan,nan,nan,nan,nan,nan,nan,nan,nan,nan
1,1785175408.4876971,1223,nan,nan,nan,nan,nan,nan,nan,nan,nan,nan,nan,nan,nan
1,1785175408.5475368,1226,nan,nan,nan,nan,nan,nan,nan,nan,nan,nan,nan,nan,nan
1,1785175408.5924165,1229,nan,nan,nan,nan,nan,nan,nan,nan,nan,nan,nan,nan,nan
1,1785175408.6372967,1232,nan,nan,nan,nan,nan,nan,nan,nan,nan,nan,nan,nan,nan
1,1785175408.6971364,1235,nan,nan,nan,nan,nan,nan,nan,nan,nan,nan,nan,nan,nan
1,1785175408.7420166,1238,nan,nan,nan,nan,nan,nan,nan,nan,nan,nan,nan,nan,nan
1,1785175408.7868965,1241,nan,nan,nan,nan,nan,nan,nan,nan,nan,nan,nan,nan,nan
1,1785175408.8467362,1244,nan,nan,nan,nan,nan,nan,nan,nan,nan,nan,nan,nan,nan
1,1785175408.8916163,1247,nan,nan,nan,nan,nan,nan,nan,nan,nan,nan,nan,nan,nan
1,1785175408.9514563,1250,nan,nan,nan,nan,nan,nan,nan,nan,nan,nan,nan,nan,nan
1,1785175409.011296,1253,nan,nan,nan,nan,nan,nan,nan,nan,nan,nan,nan,nan,nan
1,1785175409.0561764,1256,nan,nan,nan,nan,nan,nan,nan,nan,nan,nan,nan,nan,nan
1,1785175409.1160443,1262,nan,nan,nan,nan,nan,nan,nan,nan,nan,nan,nan,nan,nan
1,1785175409.1758573,1265,nan,nan,nan,nan,nan,nan,nan,nan,nan,nan,nan,nan,nan
1,1785175409.220736,1268,nan,nan,nan,nan,nan,nan,nan,nan,nan,nan,nan,nan,nan
1,1785175409.2805767,1271,nan,nan,nan,nan,nan,nan,nan,nan,nan,nan,nan,nan,nan
1,1785175409.32546,1274,nan,nan,nan,nan,nan,nan,nan,nan,nan,nan,nan,nan,nan
1,1785175409.3703365,1277,nan,nan,nan,nan,nan,nan,nan,nan,nan,nan,nan,nan,nan
1,1785175409.4304237,1280,nan,nan,nan,nan,nan,nan,nan,nan,nan,nan,nan,nan,nan
1,1785175409.475921,1283,nan,nan,nan,nan,nan,nan,nan,nan,nan,nan,nan,nan,nan
1,1785175409.5207744,1286,nan,nan,nan,nan,nan,nan,nan,nan,nan,nan,nan,nan,nan
1,1785175409.5806134,1289,nan,nan,nan,nan,nan,nan,nan,nan,nan,nan,nan,nan,nan
1,1785175409.6260102,1292,nan,nan,nan,nan,nan,nan,nan,nan,nan,nan,nan,nan,nan
1,1785175409.6709278,1295,nan,nan,nan,nan,nan,nan,nan,nan,nan,nan,nan,nan,nan
1,1785175409.731254,1298,nan,nan,nan,nan,nan,nan,nan,nan,nan,nan,nan,nan,nan
1,1785175409.7910945,1301,nan,nan,nan,nan,nan,nan,nan,nan,nan,nan,nan,nan,nan
1,1785175409.8364806,1304,nan,nan,nan,nan,nan,nan,nan,nan,nan,nan,nan,nan,nan
1,1785175409.896319,1307,nan,nan,nan,nan,nan,nan,nan,nan,nan,nan,nan,nan,nan
1,1785175409.941707,1310,nan,nan,nan,nan,nan,nan,nan,nan,nan,nan,nan,nan,nan
1,1785175409.9865868,1313,nan,nan,nan,nan,nan,nan,nan,nan,nan,nan,nan,nan,nan
1,1785175410.047017,1316,nan,nan,nan,nan,nan,nan,nan,nan,nan,nan,nan,nan,nan
1,1785175410.1068573,1319,nan,nan,nan,nan,nan,nan,nan,nan,nan,nan,nan,nan,nan
1,1785175410.1517377,1322,nan,nan,nan,nan,nan,nan,nan,nan,nan,nan,nan,nan,nan
1,1785175410.212048,1325,nan,nan,nan,nan,nan,nan,nan,nan,nan,nan,nan,nan,nan
1,1785175410.2569284,1328,nan,nan,nan,nan,nan,nan,nan,nan,nan,nan,nan,nan,nan
1,1785175410.3018088,1331,nan,nan,nan,nan,nan,nan,nan,nan,nan,nan,nan,nan,nan
1,1785175410.3617647,1334,nan,nan,nan,nan,nan,nan,nan,nan,nan,nan,nan,nan,nan
1,1785175410.4071498,1337,nan,nan,nan,nan,nan,nan,nan,nan,nan,nan,nan,nan,nan
1,1785175410.4520295,1340,nan,nan,nan,nan,nan,nan,nan,nan,nan,nan,nan,nan,nan
1,1785175410.5118701,1343,nan,nan,nan,nan,nan,nan,nan,nan,nan,nan,nan,nan,nan
1,1785175410.55675,1346,nan,nan,nan,nan,nan,nan,nan,nan,nan,nan,nan,nan,nan
1,1785175410.6016293,1349,nan,nan,nan,nan,nan,nan,nan,nan,nan,nan,nan,nan,nan
1,1785175410.6614707,1352,nan,nan,nan,nan,nan,nan,nan,nan,nan,nan,nan,nan,nan
1,1785175410.7063498,1355,nan,nan,nan,nan,nan,nan,nan,nan,nan,nan,nan,nan,nan
1,1785175410.7512293,1358,nan,nan,nan,nan,nan,nan,nan,nan,nan,nan,nan,nan,nan
1,1785175410.8110702,1361,nan,nan,nan,nan,nan,nan,nan,nan,nan,nan,nan,nan,nan
1,1785175410.8559504,1364,nan,nan,nan,nan,nan,nan,nan,nan,nan,nan,nan,nan,nan
1,1785175410.915789,1370,nan,nan,nan,nan,nan,nan,nan,nan,nan,nan,nan,nan,nan
1,1785175410.9756327,1373,nan,nan,nan,nan,nan,nan,nan,nan,nan,nan,nan,nan,nan
1,1785175411.0205128,1376,nan,nan,nan,nan,nan,nan,nan,nan,nan,nan,nan,nan,nan
1,1785175411.0803533,1379,nan,nan,nan,nan,nan,nan,nan,nan,nan,nan,nan,nan,nan
1,1785175411.1401932,1382,nan,nan,nan,nan,nan,nan,nan,nan,nan,nan,nan,nan,nan
1,1785175411.1850739,1385,nan,nan,nan,nan,nan,nan,nan,nan,nan,nan,nan,nan,nan
1,1785175411.2449133,1388,nan,nan,nan,nan,nan,nan,nan,nan,nan,nan,nan,nan,nan
1,1785175411.2897937,1391,nan,nan,nan,nan,nan,nan,nan,nan,nan,nan,nan,nan,nan
1,1785175411.3346744,1394,nan,nan,nan,nan,nan,nan,nan,nan,nan,nan,nan,nan,nan
1,1785175411.3946342,1397,nan,nan,nan,nan,nan,nan,nan,nan,nan,nan,nan,nan,nan
1,1785175411.440027,1400,nan,nan,nan,nan,nan,nan,nan,nan,nan,nan,nan,nan,nan
1,1785175411.4849055,1403,nan,nan,nan,nan,nan,nan,nan,nan,nan,nan,nan,nan,nan
1,1785175411.5447454,1406,nan,nan,nan,nan,nan,nan,nan,nan,nan,nan,nan,nan,nan
1,1785175411.5896251,1409,nan,nan,nan,nan,nan,nan,nan,nan,nan,nan,nan,nan,nan
1,1785175411.6350107,1412,nan,nan,nan,nan,nan,nan,nan,nan,nan,nan,nan,nan,nan
1,1785175411.6988409,1415,nan,nan,nan,nan,nan,nan,nan,nan,nan,nan,nan,nan,nan
1,1785175411.7551982,1418,nan,nan,nan,nan,nan,nan,nan,nan,nan,nan,nan,nan,nan
1,1785175411.8000772,1421,nan,nan,nan,nan,nan,nan,nan,nan,nan,nan,nan,nan,nan
1,1785175411.8604221,1424,nan,nan,nan,nan,nan,nan,nan,nan,nan,nan,nan,nan,nan
1,1785175411.9053047,1427,nan,nan,nan,nan,nan,nan,nan,nan,nan,nan,nan,nan,nan
1,1785175411.9501827,1430,nan,nan,nan,nan,nan,nan,nan,nan,nan,nan,nan,nan,nan
1,1785175412.0101674,1433,nan,nan,nan,nan,nan,nan,nan,nan,nan,nan,nan,nan,nan
1,1785175412.055553,1436,nan,nan,nan,nan,nan,nan,nan,nan,nan,nan,nan,nan,nan
1,1785175412.1004329,1439,nan,nan,nan,nan,nan,nan,nan,nan,nan,nan,nan,nan,nan
1,1785175412.160273,1442,nan,nan,nan,nan,nan,nan,nan,nan,nan,nan,nan,nan,nan
1,1785175412.205155,1445,nan,nan,nan,nan,nan,nan,nan,nan,nan,nan,nan,nan,nan
1,1785175412.2500324,1448,nan,nan,nan,nan,nan,nan,nan,nan,nan,nan,nan,nan,nan
1,1785175412.3103836,1451,nan,nan,nan,nan,nan,nan,nan,nan,nan,nan,nan,nan,nan
1,1785175412.3552637,1454,nan,nan,nan,nan,nan,nan,nan,nan,nan,nan,nan,nan,nan
1,1785175412.4001434,1457,nan,nan,nan,nan,nan,nan,nan,nan,nan,nan,nan,nan,nan
1,1785175412.459983,1460,nan,nan,nan,nan,nan,nan,nan,nan,nan,nan,nan,nan,nan
1,1785175412.5049813,1463,nan,nan,nan,nan,nan,nan,nan,nan,nan,nan,nan,nan,nan
1,1785175412.550368,1466,nan,nan,nan,nan,nan,nan,nan,nan,nan,nan,nan,nan,nan
1,1785175412.6102092,1469,nan,nan,nan,nan,nan,nan,nan,nan,nan,nan,nan,nan,nan
1,1785175412.6550882,1472,nan,nan,nan,nan,nan,nan,nan,nan,nan,nan,nan,nan,nan
1,1785175412.6999674,1475,nan,nan,nan,nan,nan,nan,nan,nan,nan,nan,nan,nan,nan
1,1785175412.759809,1478,nan,nan,nan,nan,nan,nan,nan,nan,nan,nan,nan,nan,nan
1,1785175412.8046882,1481,nan,nan,nan,nan,nan,nan,nan,nan,nan,nan,nan,nan,nan
1,1785175412.8500736,1484,nan,nan,nan,nan,nan,nan,nan,nan,nan,nan,nan,nan,nan
1,1785175412.9099135,1487,nan,nan,nan,nan,nan,nan,nan,nan,nan,nan,nan,nan,nan
1,1785175412.9552994,1490,nan,nan,nan,nan,nan,nan,nan,nan,nan,nan,nan,nan,nan
1,1785175413.0001795,1493,nan,nan,nan,nan,nan,nan,nan,nan,nan,nan,nan,nan,nan
1,1785175413.0600193,1496,nan,nan,nan,nan,nan,nan,nan,nan,nan,nan,nan,nan,nan
1,1785175413.1054947,1499,nan,nan,nan,nan,nan,nan,nan,nan,nan,nan,nan,nan,nan
1,1785175413.1503732,1502,nan,nan,nan,nan,nan,nan,nan,nan,nan,nan,nan,nan,nan
1,1785175413.2102132,1505,97.32000000000001,-208.28,-1788.72,0.11017514887637497,0.5733618497636648,-0.8118605950566005,-0.4998846645316219,-0.6740375209653796,-0.5438646361889633,-0.8590557366877754,0.4657570284670261,0.21235261170371644,0.41540000000000005
1,1785175413.2550938,1508,97.74000000000001,-208.55,-1788.79,0.0749136396042472,0.6005755022707975,-0.7960508857311976,-0.5178231448430994,-0.6587952973953977,-0.545754474827749,-0.8522013478433648,0.45309802714411473,0.2616391418195366,0.38980000000000004
1,1785175413.314934,1514,98.5,-209.53,-1789.96,0.037060069057589747,0.6385744469675542,-0.7686671756758766,-0.5310177424824453,-0.6390259183541187,-0.5564764441021045,-0.8465498853879162,0.42879896379510724,0.3154120165718931,0.3725
1,1785175413.3747756,1517,98.84,-209.8,-1790.82,0.01760449910657364,0.6508039606054938,-0.7590416895476885,-0.5354202218783111,-0.6349990057150657,-0.5568675324928346,-0.844402313838011,0.41620964381076153,0.33727476155789105,0.37010000000000004
1,1785175413.420651,1520,99.23,-210.09,-1791.78,-0.007964683890047838,0.6619490274591927,-0.7495065369003532,-0.5394036284189982,-0.6339758228407743,-0.5541826248645679,-0.842009673019824,0.399872656103405,0.3621071242627755,0.34090000000000004
1,1785175413.4800987,1523,99.71000000000001,-210.22,-1792.46,-0.043947160383597764,0.6754779034507798,-0.7360694593881457,-0.5464071710456476,-0.6330663206824624,-0.548330408647434,-0.8363658592530607,0.3780960665853434,0.396907437456872,0.3286
1,1785175413.5399425,1526,100.53,-210.31,-1792.93,-0.09670820741816907,0.6977593952407238,-0.7097741534962114,-0.5613072267592424,-0.6271319157217302,-0.5400368112184954,-0.8219377834153949,0.3461753697715824,0.4523061944719477,0.2949
1,1785175413.584821,1529,101.57000000000001,-210.26,-1793.27,-0.15766529048154013,0.7201835162418416,-0.6756310821083567,-0.5765887977443913,-0.6225852311509961,-0.5290869382892934,-0.8016776250420422,0.3061426675362294,0.5134098291041501,0.27990000000000004
1,1785175413.6452568,1532,102.06,-210.35,-1793.91,-0.19882615128969924,0.7253706108946171,-0.6590186935237085,-0.5803659890728571,-0.6290018365265344,-0.5172349643766662,-0.7897110106176878,0.279632198604912,0.5460424463469604,0.277
1,1785175413.7050657,1535,102.05,-210.58,-1794.69,-0.21234451145368266,0.7218567183976775,-0.6586597654021631,-0.5766509440331552,-0.636725628426071,-0.5119122608915472,-0.7889128577993689,0.27111501656964815,0.5514645506188696,0.25020000000000003
1,1785175413.7654116,1541,102.51,-210.4,-1794.94,-0.27963686066655624,0.7272439385733582,-0.6268328963646236,-0.602675736554072,-0.6411873139825394,-0.4750376668821785,-0.7473855649700227,0.24493893564757402,0.6175918839154816,0.2383
1,1785175413.825251,1544,102.92,-210.12,-1794.79,-0.31897911282491215,0.7308505889499042,-0.6034150662794311,-0.6207771136148662,-0.642205194233395,-0.44967573173526154,-0.7161620632185339,0.23114909718886154,0.6585453622001651,0.218
1,1785175413.870131,1547,103.15,-209.96,-1794.77,-0.3439638413676126,0.7322702151857094,-0.5877662867020451,-0.6323470175739347,-0.6433815774484425,-0.43150596191165635,-0.6941369642923405,0.2232498101943843,0.6843488854752272,0.2
1,1785175413.9299715,1550,103.24000000000001,-209.95000000000002,-1794.8600000000001,-0.36215347694694083,0.7337482975509588,-0.57485502083248,-0.6404775604300955,-0.6439582607230971,-0.4184569906597292,-0.6772247438780974,0.21663608722360408,0.7031610427147483,0.1912
1,1785175413.989811,1553,103.41,-209.94,-1794.83,-0.38545665934814655,0.7351269858749662,-0.5576840309732329,-0.6505985893270031,-0.6451097893032383,-0.40069294392445304,-0.654327623847473,0.20837868025188827,0.7269344442840777,0.19920000000000002
1,1785175414.034691,1556,103.54,-209.98000000000002,-1794.9,-0.39730513331186956,0.7352431914700631,-0.5491503259044411,-0.6549100878478922,-0.6463522327147869,-0.3915629810128587,-0.6428385550658142,0.20407410580846927,0.7383172431003964,0.1872
1,1785175414.094531,1559,103.51,-210.09,-1795.16,-0.40359104011459157,0.7354204308865254,-0.544307874436793,-0.6569928623074877,-0.646984301333405,-0.387003478931573,-0.636768915083201,0.20141525181277437,0.7442830410005055,0.1872
1,1785175414.154371,1562,103.51,-210.19,-1795.3400000000001,-0.4081886043220157,0.7352671877891306,-0.5410769130745724,-0.658161067850945,-0.6477552224772821,-0.3837149730186594,-0.6326184253299525,0.19948767960470712,0.7483305376763539,0.17400000000000002
1,1785175414.2141118,1568,103.68,-210.19,-1795.55,-0.42845001180235237,0.7360431758270863,-0.5240906703090041,-0.664498658256263,-0.6497046231557213,-0.36922274554218426,-0.6122680136690063,0.1900640575397129,0.767465656214889,0.1743
1,1785175414.274459,1571,103.61,-210.28,-1795.6000000000001,-0.4324692268960285,0.7348362935004614,-0.5224806116426283,-0.6636120258535367,-0.6517023409962078,-0.36729162511909724,-0.6104010541689098,0.18788209200071765,0.7694874089775072,0.16920000000000002
1,1785175414.3193371,1574,103.67,-210.24,-1795.48,-0.44264325752750405,0.7328655790016793,-0.5166962257264642,-0.6627911399369827,-0.6555113932370876,-0.36195679045627466,-0.6039659356176266,0.1822439476386141,0.7758945109759567,0.1631
1,1785175414.3791776,1577,103.65,-210.24,-1795.3400000000001,-0.44915900895200633,0.7320037780199092,-0.5122759545809571,-0.6637855694688182,-0.6571850151504215,-0.3570666235126116,-0.5980341983885272,0.17966169548993918,0.7810741147493443,0.1651
1,1785175414.4390182,1580,103.54,-210.33,-1795.4,-0.4505259397003452,0.7311001964465587,-0.5123659633630282,-0.6641723618392166,-0.657982531418012,-0.35487189536177943,-0.5965747659983933,0.18042031788173976,0.7820147424885379,0.1663
1,1785175414.4988585,1583,103.39,-210.43,-1795.32,-0.45186725109695697,0.7304723710101155,-0.5120801720208853,-0.6637568774633041,-0.6588229901372162,-0.3540890781806486,-0.5960224786081844,0.17989547759050933,0.7825565935676722,0.1713
1,1785175414.5586965,1586,103.26,-210.53,-1795.32,-0.4536198667899783,0.7298798761328736,-0.5113749924172118,-0.6631558211583221,-0.6597783260334358,-0.3534358744671357,-0.5953598687493757,0.17879576872168518,0.7833126449700323,0.16740000000000002
1,1785175414.6035776,1589,103.26,-210.56,-1795.3700000000001,-0.4571659666546481,0.7298078497489721,-0.5083107134199539,-0.6646513372447777,-0.6601138255118296,-0.34998333855608943,-0.5909635173438794,0.17784892412640385,0.7868493384096035,0.171
1,1785175414.6634188,1595,103.55,-210.58,-1795.67,-0.4730454712454047,0.7327984157877746,-0.48911600255270826,-0.6695856402120919,-0.6598356663076963,-0.3409867503144976,-0.5726107338812083,0.16620281371627374,0.8028035700947136,0.166
1,1785175414.7232566,1598,103.61,-210.68,-1795.94,-0.4793021433548289,0.7343592326563376,-0.4806100007156135,-0.671236104484366,-0.6595265579357608,-0.3383294421330502,-0.5654304089913457,0.16044075788216222,0.8090409234384112,0.1627
1,1785175414.783328,1601,103.55,-210.85,-1796.3700000000001,-0.48174060784371564,0.7343682978795523,-0.47815184808160766,-0.6713346417537704,-0.6599779120163418,-0.33725206364362964,-0.5632368822579932,0.15853188549953967,0.8109450386704741,0.1608
1,1785175414.843651,1604,103.42,-211.08,-1796.81,-0.48270003237131076,0.7341373600783474,-0.47753849612982047,-0.6698888348283499,-0.6607347402376093,-0.3386422183004577,-0.5641361783479689,0.15643509702216446,0.8107271012483884,0.14700000000000002
1,1785175414.9035265,1607,103.25,-211.35,-1797.26,-0.4826617282923822,0.7345338486654355,-0.47696716994626964,-0.6678549944827638,-0.6610018120153965,-0.3421203163461503,-0.5665751162787139,0.15341652348135587,0.8096023764396054,0.1519
1,1785175414.9633305,1613,102.85000000000001,-211.97,-1798.43,-0.48005438666144506,0.7345016288732686,-0.47964063946836144,-0.6632858208538868,-0.6617398950654861,-0.34950283422728506,-0.5741077474667011,0.15035846654323928,0.8048556552807938,0.15560000000000002
1,1785175415.0231714,1616,102.68,-212.25,-1798.96,-0.47996214158596745,0.734426766348821,-0.47984754611712443,-0.6618406340809244,-0.6621531335339278,-0.35145441074278755,-0.5758500826808757,0.14889779253439075,0.8038819127551099,0.1569
1,1785175415.0682986,1619,102.56,-212.6,-1799.64,-0.48077407283370494,0.7352311115353963,-0.47779860142252106,-0.6597224698283991,-0.6622505948757499,-0.35523289880053704,-0.5776006870619257,0.14442770585016287,0.803441400531769,0.15940000000000001
1,1785175415.1281393,1622,102.44,-212.96,-1800.26,-0.4802098606659102,0.7361650592959573,-0.4769271382412692,-0.6587314062155132,-0.6616939010945578,-0.35809791359291415,-0.5791989504346152,0.1422047352448052,0.8026869807648528,0.15560000000000002
1,1785175415.188259,1625,102.3,-213.21,-1800.8600000000001,-0.4794970211064982,0.7361033931838901,-0.4777388421440713,-0.6575897942114054,-0.6618883995141045,-0.35983247371194677,-0.5810837024895777,0.14161758765005417,0.8014275947140722,0.1579
1,1785175415.2481034,1628,102.19,-213.47,-1801.3600000000001,-0.4785755751355279,0.7354494948142629,-0.47966598739241895,-0.6554001102424925,-0.662744071850443,-0.36224437983386765,-0.5843082357607389,0.14101182859795958,0.7991868053325406,0.1526
1,1785175415.3079433,1631,102.07000000000001,-213.59,-1801.63,-0.4777244205986737,0.7350405852703714,-0.4811389778110386,-0.6546190341082686,-0.6630862007080458,-0.3630297654652117,-0.5858782280873893,0.14153454855956116,0.7979440290002939,0.15940000000000001
1,1785175415.3528287,1634,102.02,-213.69,-1801.88,-0.47694166452799164,0.734168031636034,-0.48324315821430947,-0.65354652285834,-0.6638604068131694,-0.36354683704527874,-0.5877104653628705,0.1424312521517829,0.7964356517091843,0.161
1,1785175415.4126627,1640,101.74000000000001,-213.95000000000002,-1802.16,-0.4623011478469912,0.7331265972219896,-0.49880160499447185,-0.6466163210176974,-0.6636465711638582,-0.37611243262619287,-0.606766002749736,0.14865604941663502,0.7808561947496776,0.16190000000000002
1,1785175415.472331,1643,101.47,-214.08,-1802.22,-0.4523006256364923,0.731113585510438,-0.5107808425645081,-0.6428701944946013,-0.6642229734142445,-0.38147838027758957,-0.6181763964106937,0.15582286953721208,0.7704395993521347,0.1748
1,1785175415.532142,1646,101.24000000000001,-214.17000000000002,-1802.25,-0.44245653746669333,0.7288042180096596,-0.5225673394542687,-0.6388658787100382,-0.6650934952280864,-0.3866536326291761,-0.6293509366585823,0.16277301501359406,0.7598831121365633,0.1665
1,1785175415.5923407,1649,100.98,-214.22,-1802.32,-0.43363658849352227,0.7247033398329561,-0.5355038546590105,-0.6349259481199298,-0.667434887555913,-0.3891011581545787,-0.639396863867589,0.17127679384021924,0.7495571428304229,0.1784
1,1785175415.6521807,1652,100.68,-214.24,-1802.33,-0.4254872037017169,0.7195270247650928,-0.5488547167682787,-0.6318216217264532,-0.6703980887096219,-0.3890602022482391,-0.6478904828788955,0.18123813971451927,0.7398585397951234,0.1862
1,1785175415.7120216,1658,100.69,-214.11,-1802.15,-0.42214549590193495,0.7172363098889772,-0.5544053174948381,-0.6320461315633901,-0.6712789969089078,-0.3871720494621535,-0.6498544974572871,0.18696679942121616,0.7367038401207935,0.18480000000000002
1,1785175415.771862,1661,100.89,-213.94,-1801.8600000000001,-0.4270901346012467,0.7179877033409502,-0.5496250310688886,-0.6343860397567358,-0.6710739516157842,-0.3836849020023347,-0.6443200831016009,0.18480641037032197,0.7420904400394753,0.1739
1,1785175415.8317008,1664,101.15,-213.70000000000002,-1801.48,-0.4371545957684422,0.7196915104866629,-0.5393885326292681,-0.6403559487614621,-0.6701861688559554,-0.3752262756790685,-0.6315378993253986,0.18136876469668653,0.7538337037490831,0.1778
1,1785175415.8915415,1667,101.45,-213.49,-1801.13,-0.44464627444707705,0.7215606577051984,-0.5306975672380418,-0.6441832295734589,-0.6692820705019696,-0.37025596124965304,-0.6223485015300051,0.1772335390287002,0.7624110540166107,0.16720000000000002
1,1785175415.9513814,1670,101.73,-213.25,-1800.68,-0.4546337215565034,0.7230009079621194,-0.5201709971823063,-0.6496009178009008,-0.6687170261933907,-0.36171285085174315,-0.6093659219351792,0.1734566976654956,0.7736833636695762,0.16720000000000002
1,1785175416.0112205,1676,102.12,-212.87,-1800.03,-0.46377300439067876,0.7242568729227712,-0.5102612883832873,-0.6548947521368303,-0.668144033882946,-0.35312379360539276,-0.5966803700659866,0.1703981572985857,0.7841791912357556,0.15560000000000002
1,1785175416.0710604,1679,102.4,-212.63,-1799.6200000000001,-0.4730890266302154,0.7249668484939793,-0.5006094700130862,-0.6599027302442244,-0.6680598195685508,-0.34383784563985065,-0.5837081115577321,0.16768764433536254,0.7944593724281709,0.1578
1,1785175416.1309018,1682,102.65,-212.44,-1799.39,-0.4801783305400463,0.7257135405112921,-0.49271556500514513,-0.6629576518679962,-0.6680665276514622,-0.33789682813159244,-0.5743830801037291,0.16439881918761906,0.8019084146835409,0.168
1,1785175416.1907408,1685,102.72,-212.38,-1799.24,-0.4802218169254298,0.725729840544642,-0.492649170396021,-0.6625815582611104,-0.6681713112544837,-0.3384269159933095,-0.5747805539517823,0.16390026650226208,0.801725649732731,0.1491
1,1785175416.2505803,1688,102.76,-212.35,-1799.16,-0.4815682735086617,0.725719579194607,-0.4913482373261245,-0.6632881081291839,-0.6682404461295283,-0.3369029411729992,-0.5728358260132611,0.16366367504798293,0.803164564647553,0.15760000000000002
1,1785175416.3104205,1694,102.83,-212.29,-1799.05,-0.48382337452842006,0.7258744091465157,-0.4888980306834233,-0.6641791783727147,-0.668321251461662,-0.33498167690317615,-0.5698955705004894,0.16264392700287073,0.8054601118199504,0.1527
1,1785175416.370262,1697,102.88,-212.27,-1798.99,-0.4851271082774364,0.7259561901984166,-0.48748261376891483,-0.6651136933986034,-0.668253207138252,-0.33325879733790875,-0.5676931069407495,0.1625584850508919,0.8070311488845506,0.15560000000000002
1,1785175416.4301007,1700,102.92,-212.26,-1799.01,-0.48652125693427045,0.7261194900098925,-0.48584725251756955,-0.6652318271832951,-0.6683801650563173,-0.3327680439310012,-0.5663600291806195,0.16130232852337745,0.8082189531058177,0.1562
1,1785175416.4899402,1703,102.93,-212.28,-1798.98,-0.4858483557868219,0.7260690666419934,-0.48659540240827,-0.6645544235910669,-0.6684761658142453,-0.3339266892954659,-0.56773126852833,0.16113139422195197,0.8072904561131037,0.1499
1,1785175416.5348203,1706,102.97,-212.39000000000001,-1798.99,-0.48570770209805186,0.7259664639332915,-0.4868888182807478,-0.6649444680971716,-0.6684080674501769,-0.3332859278674831,-0.5673948206228179,0.16187448412801997,0.8073783307215322,0.1517
1,1785175416.59466,1709,103.0,-212.44,-1798.99,-0.4857936005064944,0.7259469491060082,-0.4868322142079498,-0.6650630342558888,-0.6684043574126574,-0.3330567150773619,-0.5671822794951259,0.16197728876435455,0.8075070400629718,0.1559
1,1785175416.6544998,1712,103.02,-212.47,-1798.96,-0.486062056758228,0.7259654338671586,-0.4865366027443663,-0.6643344989571629,-0.6686512553427425,-0.3340137305918872,-0.5678057330419414,0.1608716493315174,0.8072898871942227,0.1615
1,1785175416.6993825,1715,103.02,-212.47,-1798.93,-0.48583291293841435,0.7259070603402117,-0.48685246271741023,-0.6647581980909927,-0.6685262794816627,-0.33342038287006737,-0.5675058755436737,0.16165257000938152,0.8073447391497451,0.15910000000000002
1,1785175416.7592196,1721,103.02,-212.5,-1798.91,-0.4855103817043401,0.7258078254000544,-0.4873219365525728,-0.664334461329379,-0.6686519717126835,-0.3340123713501406,-0.5682775666410821,0.16157828230546467,0.8068166247293779,0.1584
1,1785175416.81906,1724,103.05,-212.52,-1798.94,-0.4850700591070239,0.7258277392725084,-0.4877305922950375,-0.6648259669639411,-0.6684122108761751,-0.333513942740157,-0.5680787545828212,0.1624783347224595,0.8067758792486593,0.1553
1,1785175416.8789,1727,103.05,-212.53,-1798.96,-0.4848015213655445,0.7258512358279713,-0.48796256857330783,-0.6638921622517214,-0.6686097151973144,-0.3349749925658629,-0.5693985263261465,0.16155813873269498,0.8060299535543577,0.1519
1,1785175416.9387405,1730,103.06,-212.55,-1798.92,-0.48613249042042983,0.7257839476163835,-0.48673695477127027,-0.6646568862933816,-0.6686978470469457,-0.3332782814069449,-0.5673679804680714,0.1614956678587961,0.8074730484681354,0.166
1,1785175416.9841256,1733,103.07000000000001,-212.55,-1798.94,-0.4849684860168516,0.7257578674127685,-0.4879355341220735,-0.6641982610383764,-0.6686193051539517,-0.33434846314742284,-0.5688991453712333,0.16193746528804587,0.8063064056126326,0.1668
1,1785175417.043967,1736,103.07000000000001,-212.56,-1798.94,-0.48492681400622584,0.7257188749243146,-0.4880349369014051,-0.6644192911387716,-0.6685748754505754,-0.3339979662795867,-0.5686765254698171,0.1622952571544679,0.8063915047200967,0.1583
1,1785175417.1038058,1739,103.07000000000001,-212.58,-1798.95,-0.48392442809078523,0.725593311503449,-0.4892151818969495,-0.6634664506183258,-0.6687366798321124,-0.3355644825529713,-0.5706394805837807,0.16219001001474082,0.805024834306676,0.1511
1,1785175417.148686,1742,103.07000000000001,-212.6,-1798.99,-0.4844727285259635,0.7256978954698323,-0.4885168777281541,-0.6635352833635758,-0.6687521886289248,-0.3353974328101547,-0.5700939422991856,0.16165727547710088,0.8055183562396908,0.151
1,1785175417.208526,1748,103.07000000000001,-212.64000000000001,-1798.96,-0.4836243020357055,0.7257160438739132,-0.48932990726551034,-0.6635671815670909,-0.6685653075924131,-0.3357067545209201,-0.5707767777578061,0.1623473225768087,0.8048957801010995,0.15940000000000001
1,1785175417.2683663,1751,103.08,-212.68,-1799.07,-0.48090368559515617,0.725832688043801,-0.49183183523243534,-0.6623961086853305,-0.6682867042071297,-0.3385620713820496,-0.5744240945325386,0.16297174585517182,0.8021702872042759,0.1593
1,1785175417.3282065,1754,103.05,-212.75,-1799.25,-0.4769124931673186,0.7248292917366188,-0.4971689568964698,-0.660131737599027,-0.6688402020223237,-0.34187552292205214,-0.5803279787115401,0.16515229940672568,0.7974610680937656,0.1643
1,1785175417.3880458,1757,103.12,-212.70000000000002,-1799.23,-0.47622684995081155,0.7251475460930606,-0.49736206508050007,-0.6601384789934832,-0.6684850274810497,-0.3425565013042823,-0.5808831000623942,0.16519323360498975,0.7970483170003118,0.16740000000000002
1,1785175417.432926,1760,103.05,-212.77,-1799.24,-0.47685692401707375,0.7247564942022107,-0.49732836047092266,-0.6597705807796916,-0.6689820765902837,-0.3422948464972564,-0.5807841722659143,0.16489695361853438,0.7971817483690428,0.1603
1,1785175417.4927664,1763,103.10000000000001,-212.75,-1799.28,-0.4768806083507957,0.7249222255512277,-0.49706403237493496,-0.6603713559582002,-0.6687018274638737,-0.3416833887920277,-0.5800815094526831,0.16530466674698288,0.7976088073377612,0.1613
1,1785175417.552606,1766,103.10000000000001,-212.74,-1799.25,-0.4767986415670799,0.7249976632231854,-0.49703263848635504,-0.6601803849684033,-0.6686882528104279,-0.3420787626502236,-0.5803661901788885,0.16502850927720897,0.7974588869797516,0.157
1,1785175417.6124456,1772,103.07000000000001,-212.77,-1799.21,-0.4773647391607507,0.7247923370060586,-0.4967886613272131,-0.6602914257368444,-0.6689086456837966,-0.3414329463128514,-0.5797742137284081,0.165037244120123,0.7978875667340863,0.165
1,1785175417.6722867,1775,103.11,-212.76,-1799.25,-0.4774147281244179,0.7248099523097025,-0.4967149186431743,-0.6607215517347257,-0.6687836839805784,-0.34084514829262624,-0.5792427888572672,0.1654657580110551,0.7981847370644735,0.16870000000000002
1,1785175417.7321253,1778,103.10000000000001,-212.76,-1799.23,-0.4774628036824084,0.7248827957378755,-0.49656238635540584,-0.6602736093272071,-0.6688706987974528,-0.341541723829212,-0.5797137499885237,0.16479357006099657,0.7979818590298873,0.1647
1,1785175417.7919667,1781,103.11,-212.78,-1799.28,-0.4772467207613196,0.7250394699583713,-0.49654137242031604,-0.6596149054620727,-0.6689071839379719,-0.34274094556739676,-0.5806408046415857,0.16395409808436048,0.7974806014609482,0.16090000000000002
1,1785175417.8518052,1784,103.10000000000001,-212.77,-1799.21,-0.4768251094084211,0.7248494149632126,-0.49722343133156494,-0.6600103322091067,-0.6688437969170236,-0.3421028159820437,-0.5805378337497668,0.16504938943573125,0.7973296198135501,0.1632
1,1785175417.8971913,1787,103.11,-212.78,-1799.25,-0.47732859087794555,0.7249641062185875,-0.4965727147409123,-0.659806008246833,-0.6689211173378632,-0.3423456882463176,-0.5803563110812658,0.1642302757537394,0.7976308473937022,0.1683
1,1785175417.957031,1793,103.12,-212.77,-1799.25,-0.47646227868224483,0.7248427096006279,-0.49758089124457244,-0.6598176999238228,-0.6688321927739783,-0.3424968624329111,-0.5810544723691224,0.16512584367073543,0.7969373600803697,0.1563
1,1785175418.0168707,1796,103.11,-212.78,-1799.22,-0.4772358459696619,0.7249289753001498,-0.49671312454161703,-0.6597542049665738,-0.6689419020710611,-0.3424049075034922,-0.5804914610487782,0.16430067688182437,0.7975179942958207,0.16570000000000001
1,1785175418.0767107,1799,103.11,-212.79,-1799.25,-0.4772304240896086,0.7248737044975788,-0.4967989883757911,-0.6598238370945294,-0.6689592116029779,-0.3422368729599056,-0.5804167695071402,0.1644739667530377,0.7975366373624576,0.1628
1,1785175418.1365511,1802,103.12,-212.79,-1799.24,-0.4773394644228928,0.725074567075682,-0.4964009547578232,-0.659666738926489,-0.6688863974575211,-0.3426817486391573,-0.5805056668617089,0.16388367666217316,0.7975934498634821,0.16670000000000001
1,1785175418.1814308,1805,103.13,-212.79,-1799.24,-0.4771450397563105,0.7248384180066312,-0.49693246907159605,-0.6605813269111875,-0.6687513276091106,-0.34118026372770577,-0.5796248110391786,0.16547183930414291,0.797906102762161,0.1595
1,1785175418.2412705,1808,103.13,-212.79,-1799.21,-0.4772521736716259,0.7250946938083681,-0.49645548414400403,-0.6595452380946191,-0.6688897753409437,-0.34290894906819563,-0.5807154566846148,0.16378080917888724,0.7974618516971759,0.1647
1,1785175418.3011124,1811,103.12,-212.8,-1799.26,-0.47756625704233574,0.7250284147818735,-0.4962502069455057,-0.6601862731086979,-0.6688154793808065,-0.34181857664478904,-0.5797280008188505,0.1643765564169829,0.7980575121926194,0.1686
1,1785175418.3610826,1817,103.13,-212.79,-1799.24,-0.47779141717814416,0.7250371888945835,-0.4960206007725289,-0.6598267435028813,-0.668955085815718,-0.34223933397502404,-0.5799517481905571,0.16376864132404959,0.7980199257472156,0.1685
1,1785175418.4208894,1820,103.13,-212.79,-1799.21,-0.4766317515237449,0.7247470307911407,-0.49755795119647395,-0.6601303434296425,-0.6688421779898485,-0.3418743491770894,-0.5805601632241654,0.16550493135016114,0.797218925124027,0.1651
1,1785175418.466275,1823,103.13,-212.8,-1799.23,-0.47618670513075206,0.7248157979965821,-0.497883802539605,-0.6597464491655439,-0.6688170527507429,-0.34266364377223735,-0.581361199832062,0.1653051993265438,0.7966764377119716,0.1728
1,1785175418.526114,1826,103.13,-212.8,-1799.26,-0.4765048805772666,0.7248605981536673,-0.49751403199342303,-0.6594383346261573,-0.6689358039138669,-0.34302474118872145,-0.5814500680295132,0.16462686137570812,0.7967520410404093,0.1671
1,1785175418.586459,1829,103.14,-212.8,-1799.24,-0.47731775870449106,0.7248535827640344,-0.4967444421223697,-0.6599452305546474,-0.6689557051165499,-0.3420095865033504,-0.5802069026592965,0.16457687609795799,0.7976681026343869,0.1699
1,1785175418.6313393,1832,103.14,-212.8,-1799.25,-0.4767824879289223,0.7248316191056811,-0.4972902403515917,-0.6603891959186264,-0.6687397729102885,-0.34157462733910054,-0.5801418525828461,0.1655483013278373,0.797514382822787,0.16190000000000002
1,1785175418.691212,1835,103.13,-212.8,-1799.22,-0.47608838766791645,0.7247250634179776,-0.4981098569407881,-0.6597643483305387,-0.6688551368636794,-0.3425548285501882,-0.5814214063824481,0.16554874914923814,0.7965819228776028,0.16010000000000002
1,1785175418.7510188,1838,103.14,-212.81,-1799.21,-0.4770052537605464,0.7248645133583423,-0.4970285959163821,-0.6601835013655869,-0.6688194028351979,-0.3418162531475696,-0.5801928407085966,0.16508193015876294,0.7975739614139534,0.1631
1,1785175418.810859,1844,103.14,-212.8,-1799.21,-0.4772858198728015,0.7249465522079492,-0.49663944928907394,-0.6601848869263317,-0.6688174411264113,-0.3418174154708709,-0.5799604824661886,0.16472925328224636,0.7978158383302874,0.1691
1,1785175418.8706987,1847,103.14,-212.81,-1799.2,-0.47685692401707375,0.7247564942022107,-0.49732836047092266,-0.6597705807796916,-0.6689820765902837,-0.3422948464972564,-0.5807841722659143,0.16489695361853438,0.7971817483690428,0.16490000000000002
1,1785175418.9155786,1850,103.14,-212.82,-1799.22,-0.47680895629794084,0.724683303282474,-0.49748098369452287,-0.660219201661478,-0.6688953227427287,-0.34159867237795527,-0.5803135574424821,0.16556919144726956,0.7973851126600925,0.16110000000000002
1,1785175418.975442,1853,103.15,-212.82,-1799.24,-0.47731235813369105,0.7247982975697845,-0.49683029357396985,-0.6600148240674977,-0.6689729494626089,-0.34184152014997826,-0.5801321787179239,0.16475017671383516,0.7976866768905914,0.169
1,1785175419.0352879,1856,103.15,-212.81,-1799.2,-0.4768305144863511,0.7249047542442726,-0.49713756418996613,-0.6599406855234102,-0.6688265555873318,-0.3422708432397904,-0.5806125662139712,0.1648761226352582,0.7973110510579858,0.1613
1,1785175419.0801501,1859,103.15,-212.81,-1799.23,-0.47691788727396617,0.7248846297694039,-0.49708309398149025,-0.6600621177732393,-0.6688229928519464,-0.3420435716590388,-0.5804027304198724,0.16497902217142632,0.7974425325780643,0.16690000000000002
1,1785175419.1399786,1862,103.15,-212.82,-1799.22,-0.4765443138421873,0.7247671666702709,-0.4976123702857748,-0.6600088981132428,-0.6688458195741008,-0.3421016282475028,-0.5807699814522288,0.16540200650233197,0.7970874512178575,0.1643
1,1785175419.1998186,1865,103.16,-212.82,-1799.23,-0.4772358459696619,0.7249289753001498,-0.49671312454161703,-0.6597542049665738,-0.6689419020710611,-0.3424049075034922,-0.5804914610487782,0.16430067688182437,0.7975179942958207,0.1631
1,1785175419.2596586,1871,103.15,-212.82,-1799.22,-0.4766743227006575,0.724764902862112,-0.4974911312346612,-0.659751239760676,-0.6689460924724195,-0.3424024342789232,-0.5809560152990246,0.1650059421510468,0.7970339687508461,0.16790000000000002
1,1785175419.3194985,1874,103.16,-212.82,-1799.23,-0.47687864714225375,0.7249777849749592,-0.4969848762211738,-0.6594917985550901,-0.6689127733571195,-0.3429668632364641,-0.5810828886986317,0.16420387611895337,0.7971071217403374,0.16770000000000002
1,1785175419.3643785,1877,103.16,-212.82,-1799.22,-0.4772858198728015,0.7249465522079492,-0.49663944928907394,-0.6601848869263317,-0.6688174411264113,-0.3418174154708709,-0.5799604824661886,0.16472925328224636,0.7978158383302874,0.1653
1,1785175419.4242184,1880,103.16,-212.83,-1799.21,-0.47627418098778157,0.7247956389097587,-0.4978294751637478,-0.6598680367150103,-0.6688134560917198,-0.3424364686661265,-0.5811515109214599,0.16540810974085868,0.7968080563006754,0.16490000000000002
1,1785175419.4840584,1883,103.16,-212.82,-1799.2,-0.4764568698919904,0.7247873106133949,-0.4976667615046531,-0.6598874041605606,-0.6688494338684267,-0.3423288603727741,-0.5809797457424518,0.16529909009939425,0.7969559246591672,0.1686
1,1785175419.5289385,1886,103.16,-212.83,-1799.2,-0.47595304282507894,0.724671605831553,-0.49831693200920557,-0.6600917895987604,-0.6687719233961552,-0.34208616426466776,-0.5811605030711007,0.16611796464719175,0.7966538090611378,0.1612
1,1785175419.5893924,1889,103.16,-212.83,-1799.21,-0.476928706543405,0.7249952589036669,-0.49691134364395384,-0.659922842826673,-0.6687884754307492,-0.3423796381892132,-0.5805521943722174,0.16463246854195937,0.7974053548298906,0.1689
1,1785175419.6492324,1892,103.16,-212.82,-1799.2,-0.4769497341270281,0.7247916979314644,-0.4971880385988606,-0.659822384876297,-0.6689612744331018,-0.34223564064105894,-0.5806490950068834,0.16482659954772247,0.7972946886498251,0.16790000000000002
1,1785175419.709072,1898,103.17,-212.83,-1799.26,-0.4768732008345181,0.724922485754843,-0.49707075952308943,-0.6595615117297533,-0.6689301486993763,-0.34279887456902897,-0.5810082293484351,0.16437714502950224,0.7971258317363366,0.1663
1,1785175419.7689123,1901,103.17,-212.84,-1799.24,-0.476555119825098,0.7248779465190066,-0.49744063004430455,-0.6598695315724773,-0.6688113686742752,-0.3424376650346194,-0.5809194600551834,0.16505549303925343,0.797050352955673,0.15710000000000002
1,1785175419.813793,1904,103.17,-212.84,-1799.24,-0.4769232917328767,0.7249399521593648,-0.496997222895516,-0.6599924861809401,-0.6688057506540686,-0.34221161008468054,-0.5804774689747905,0.1648057452130409,0.7974239614893667,0.16840000000000002
1,1785175419.8741894,1907,103.17,-212.83,-1799.22,-0.4771111885053983,0.724986767827056,-0.49674852820984267,-0.6599421509650298,-0.6688245005089106,-0.3422720334743348,-0.5803802815246364,0.16452347551241697,0.7975529793203076,0.1647
1,1785175419.934029,1910,103.17,-212.83,-1799.22,-0.47695514876076817,0.7248470272046134,-0.49710217583835636,-0.6597527220321345,-0.6689439972905079,-0.34240367150512035,-0.5807237999615504,0.16465331955849447,0.7972760829954613,0.1635
1,1785175419.9793234,1913,103.16,-212.83,-1799.19,-0.47729122062078405,0.7250018148731744,-0.49655358134739674,-0.6601153129106407,-0.6688001986968561,-0.3419854790542032,-0.5800352268433435,0.16455595599567188,0.7977972630732332,0.1681
1,1785175420.0391634,1916,103.17,-212.84,-1799.21,-0.47752730348993216,0.7251211248578523,-0.49615222332114683,-0.6596164505092564,-0.6689050239245526,-0.3427421876368055,-0.5804083154462932,0.1636014158049267,0.7977222349335761,0.1689
1,1785175420.0990067,1919,103.17,-212.84,-1799.2,-0.47648318396317607,0.7246390059788403,-0.4978574960913138,-0.6597173000192167,-0.6690049741023474,-0.34235278395490293,-0.5811513223383984,0.16531985857819978,0.7968265086604581,0.1622
1,1785175420.158843,1925,103.17,-212.84,-1799.2,-0.47718771496327367,0.72485608121784,-0.49686572251428823,-0.6602027097450703,-0.6688554345521036,-0.34170863277854563,-0.5800209192205017,0.1649729347245568,0.7977215454498964,0.17070000000000002
1,1785175420.2187057,1928,103.17,-212.85,-1799.25,-0.4772467207613196,0.7250394699583713,-0.49654137242031604,-0.6596149054620727,-0.6689071839379719,-0.34274094556739676,-0.5806408046415857,0.16395409808436048,0.7974806014609482,0.16540000000000002
1,1785175420.2635636,1931,103.17,-212.84,-1799.22,-0.4773394644228928,0.725074567075682,-0.4964009547578232,-0.659666738926489,-0.6688863974575211,-0.3426817486391573,-0.5805056668617089,0.16388367666217316,0.7975934498634821,0.1615
1,1785175420.3234031,1934,103.17,-212.85,-1799.24,-0.4769605737451396,0.7249023408314884,-0.49701630491336607,-0.6596830474341447,-0.668926687120872,-0.3425716920375867,-0.5807984917514054,0.1644800398666168,0.7972574417744678,0.1724
1,1785175420.3832479,1937,103.18,-212.84,-1799.19,-0.4766479431046438,0.7249131733674481,-0.49730034125510963,-0.6599213565384474,-0.6687905485812795,-0.342378453341922,-0.5807844191423936,0.1649851302593284,0.7971633240903302,0.1637
1,1785175420.4430835,1940,103.17,-212.84,-1799.22,-0.4772966317132747,0.7250570618924758,-0.49646770524880396,-0.6600457271291366,-0.6687829232414215,-0.34215353232025625,-0.5801099580715127,0.16438265900182333,0.7977786522374224,0.1709
1,1785175420.5029242,1946,103.17,-212.84,-1799.16,-0.4767803747153246,0.7248873226195114,-0.4972110656369499,-0.6595096556974952,-0.6689509574793453,-0.3428580326158899,-0.5811432597286886,0.16444751744244662,0.7970128767334503,0.163
1,1785175420.5627675,1949,103.18,-212.84,-1799.2,-0.4772858198728015,0.7249465522079492,-0.49663944928907394,-0.6601848869263317,-0.6688174411264113,-0.3418174154708709,-0.5799604824661886,0.16472925328224636,0.7978158383302874,0.1663
1,1785175420.6226034,1952,103.17,-212.85,-1799.21,-0.4772304240896086,0.7248737044975788,-0.4967989883757911,-0.6598238370945294,-0.6689592116029779,-0.3422368729599056,-0.5804167695071402,0.1644739667530377,0.7975366373624576,0.1699
1,1785175420.6824436,1955,103.18,-212.85,-1799.2,-0.4771111885053983,0.724986767827056,-0.49674852820984267,-0.6599421509650298,-0.6688245005089106,-0.3422720334743348,-0.5803802815246364,0.16452347551241697,0.7975529793203076,0.1623
1,1785175420.7273233,1958,103.18,-212.85,-1799.23,-0.47751641424805186,0.725010747148999,-0.49632397750071805,-0.6597556885633483,-0.6689398068148401,-0.3424061422738013,-0.5802589986652384,0.16394801425139216,0.7977597025991225,0.16060000000000002
1,1785175420.7871628,1961,103.19,-212.85,-1799.21,-0.4770425263538292,0.7248268915851647,-0.49704768914556297,-0.6598741822833181,-0.668940476284192,-0.34217642049767355,-0.5805139891560568,0.16475623333782088,0.7974076071686643,0.1685
1,1785175420.8470035,1964,103.19,-212.85,-1799.19,-0.4768251094084211,0.7248494149632126,-0.49722343133156494,-0.6600103322091067,-0.6688437969170236,-0.3421028159820437,-0.5805378337497668,0.16504938943573125,0.7973296198135501,0.16970000000000002
1,1785175420.9068434,1970,103.18,-212.85,-1799.19,-0.47690710941357806,0.7247739380638472,-0.49725481163504937,-0.6602013456537614,-0.6688573781631466,-0.341707463883487,-0.580253213853873,0.16532557690854874,0.7974795680342583,0.1653
1,1785175420.966683,1973,103.19,-212.85,-1799.19,-0.476555119825098,0.7248779465190066,-0.49744063004430455,-0.6598695315724773,-0.6688113686742752,-0.3424376650346194,-0.5809194600551834,0.16505549303925343,0.797050352955673,0.163
1,1785175421.0115669,1976,103.19,-212.85,-1799.16,-0.4768623392712798,0.7248118403656361,-0.49724250165337086,-0.6597009028466022,-0.6689648003180265,-0.34246286618966565,-0.5808588711280053,0.16472368378968064,0.7971631450529161,0.1588
1,1785175421.0714073,1979,103.19,-212.85,-1799.2,-0.47732859087794555,0.7249641062185875,-0.4965727147409123,-0.659806008246833,-0.6689211173378632,-0.3423456882463176,-0.5803563110812658,0.1642302757537394,0.7976308473937022,0.1716
1,1785175421.1312459,1982,103.19,-212.85,-1799.21,-0.4771985073507452,0.7249666559861409,-0.4966940026721618,-0.6600635432784282,-0.668820984454049,-0.3420447479331372,-0.5801704089463261,0.16462636016807725,0.7976844351752536,0.165
1,1785175421.1910856,1985,103.19,-212.86,-1799.21,-0.4770642445009584,0.7250480472071658,-0.4967041733867409,-0.659595520758509,-0.6688711660694221,-0.3428485266064926,-0.5808127543486292,0.16406307458415895,0.7973329617819345,0.1681
1,1785175421.250926,1988,103.19,-212.86,-1799.22,-0.47667974043391753,0.7248202749598118,-0.4974052613986264,-0.6596815344485355,-0.6689288146946479,-0.34257045111748774,-0.5810307205023488,0.16483267236320673,0.797015364942311,0.1728
1,1785175421.2958057,1991,103.18,-212.86,-1799.21,-0.477323169619458,0.7249088523145791,-0.4966585825095485,-0.6598756252795784,-0.6689384277409474,-0.3421776425387186,-0.5802816134484357,0.1644035757744624,0.79764949280135,0.1718
1,1785175421.3556466,1997,103.19,-212.86,-1799.19,-0.4767803747153246,0.7248873226195114,-0.4972110656369499,-0.6595096556974952,-0.6689509574793453,-0.3428580326158899,-0.5811432597286886,0.16444751744244662,0.7970128767334503,0.15910000000000002
1,1785175421.416056,2000,103.19,-212.86,-1799.22,-0.4764994408856612,0.7248052235783784,-0.4975999102784777,-0.6595080935939731,-0.6689531459973846,-0.34285676738872295,-0.5813754013713474,0.16480011023569927,0.7967707112755876,0.161
1,1785175421.4758937,2003,103.19,-212.87,-1799.23,-0.4779658640919647,0.7249970039498653,-0.49591125922541895,-0.6600693219288926,-0.6689482322744104,-0.3417846584989936,-0.5795318136316191,0.1639744089809771,0.7982827006694969,0.1691
1,1785175421.5362403,2006,103.2,-212.86,-1799.22,-0.47655299744309654,0.7249337812481423,-0.4973612906462166,-0.6589888890426777,-0.6690216089906612,-0.34372042537772507,-0.5819199985790979,0.16395456537961164,0.7965475602529236,0.1627
1,1785175421.5960796,2009,103.2,-212.86,-1799.22,-0.4769104543060919,0.7248848868582748,-0.4970898504073717,-0.659251839036963,-0.6690508551649142,-0.34315880570004204,-0.581329021553147,0.16405137612212575,0.796959042041997,0.1691
1,1785175421.6559196,2015,103.19,-212.86,-1799.19,-0.47656053835497125,0.7249333129767114,-0.49735474765948434,-0.6597998306626436,-0.668794093685835,-0.34260566794565667,-0.5809941796097159,0.16488223672534297,0.7970317504792899,0.1636
1,1785175421.7157617,2018,103.2,-212.86,-1799.19,-0.47626878008760715,0.7247401983418629,-0.49791534824833406,-0.6599377565680127,-0.66883066565932,-0.34226845915113113,-0.58107676478228,0.16558135638141208,0.796826585807132,0.1633
1,1785175421.7756002,2021,103.2,-212.86,-1799.21,-0.4769124931673186,0.7248292917366188,-0.4971689568964698,-0.660131737599027,-0.6688402020223237,-0.34187552292205214,-0.5803279787115401,0.16515229940672568,0.7974610680937656,0.164
1,1785175421.8354402,2024,103.2,-212.86,-1799.21,-0.47723237403084584,0.7248183372114667,-0.4968778916583903,-0.6607025131365248,-0.6687476187813621,-0.34095279953292346,-0.5794147480967003,0.16557475778711628,0.7980373107015578,0.1753
1,1785175421.8952794,2027,103.19,-212.87,-1799.22,-0.4767377193586178,0.7248695462527142,-0.4972778779074414,-0.6598888781748782,-0.6688473645303856,-0.34233006210652644,-0.5807476348654762,0.16494648791696617,0.7971981188650746,0.1633
1,1785175421.9551203,2033,103.2,-212.86,-1799.2,-0.47699987062344085,0.7248091765771173,-0.4971144546025817,-0.6602530943193928,-0.6688365798407315,-0.34164818294353627,-0.580118069764154,0.16525521781945143,0.7975924636783863,0.1751
1,1785175422.0149593,2036,103.19,-212.87,-1799.17,-0.4768413556999959,0.7250153858705938,-0.4969658054082836,-0.6598013568769199,-0.6687919738586066,-0.3426068667812781,-0.5807619916605816,0.16452958990170435,0.7972738068500755,0.17170000000000002
1,1785175422.0747998,2039,103.19,-212.87,-1799.18,-0.4766425355526133,0.7248578081516219,-0.49738621941465416,-0.6599910306017799,-0.6688077914135198,-0.3422104289319227,-0.5807096803284549,0.1651583970199417,0.7971818933384194,0.1731
1,1785175422.1346414,2042,103.2,-212.87,-1799.21,-0.47733402247930656,0.7250193444732308,-0.49648683882186806,-0.659736379460955,-0.6689037739093644,-0.3425137236163845,-0.5804309955537142,0.16405697604617966,0.7976121664136697,0.17250000000000001
1,1785175422.1944804,2045,103.2,-212.87,-1799.2,-0.4762183783344145,0.7247229483205292,-0.497988658820801,-0.6595065321743228,-0.6689553344865937,-0.3428555008765772,-0.5816074192751839,0.16515268281057144,0.7965283430013845,0.1623
1,1785175422.25432,2051,103.2,-212.87,-1799.21,-0.47746819161800436,0.7249380481143335,-0.4964765376019426,-0.6602040744584153,-0.6688534908974102,-0.3417098005367355,-0.5797885011463579,0.1646202724773851,0.7979633198511893,0.1724
1,1785175422.3141599,2054,103.2,-212.87,-1799.19,-0.47710037418683776,0.7248761905539118,-0.49692025649879523,-0.6600813711583939,-0.6688590149207194,-0.3419359612689775,-0.5802308302739818,0.16487002919674026,0.797590156077814,0.16570000000000001
1,1785175422.373999,2057,103.21000000000001,-212.87,-1799.2,-0.4766906069694439,0.7249309722103447,-0.49723349721963417,-0.6595420885726189,-0.6688941600564526,-0.3429064537795122,-0.581180091390243,0.16448613367860984,0.7969780506382164,0.16640000000000002
1,1785175422.4343445,2060,103.2,-212.88,-1799.2,-0.4765923136328503,0.7248404325299064,-0.49745966063184,-0.6595599588242407,-0.6689323229412236,-0.34279761965367395,-0.5812404212560007,0.1647297626244788,0.7968837292879244,0.166
1,1785175422.4946897,2063,103.2,-212.87,-1799.22,-0.4765443138421873,0.7247671666702709,-0.4976123702857748,-0.6600088981132428,-0.6688458195741008,-0.3421016282475028,-0.5807699814522288,0.16540200650233197,0.7970874512178575,0.16090000000000002
1,1785175422.55453,2069,103.2,-212.87,-1799.18,-0.4766906069694439,0.7249309722103447,-0.49723349721963417,-0.6595420885726189,-0.6688941600564526,-0.3429064537795122,-0.581180091390243,0.16448613367860984,0.7969780506382164,0.17250000000000001
1,1785175422.6148887,2072,103.2,-212.87,-1799.19,-0.4776091124218763,0.7250458322089187,-0.4961835113423903,-0.6598074826193058,-0.6689190363685436,-0.34234691274108703,-0.5801237985216275,0.16387758840139016,0.7978724925754632,0.1763
1,1785175422.6747282,2075,103.2,-212.87,-1799.19,-0.4773394644228928,0.725074567075682,-0.4964009547578232,-0.659666738926489,-0.6688863974575211,-0.3426817486391573,-0.5805056668617089,0.16388367666217316,0.7975934498634821,0.16770000000000002
1,1785175422.7345684,2078,103.21000000000001,-212.88,-1799.19,-0.4768413556999959,0.7250153858705938,-0.4969658054082836,-0.6598013568769199,-0.6687919738586066,-0.3426068667812781,-0.5807619916605816,0.16452958990170435,0.7972738068500755,0.16720000000000002
1,1785175422.794408,2081,103.21000000000001,-212.87,-1799.18,-0.47715577041214563,0.7249490415596558,-0.49676076526244317,-0.6604422701145293,-0.668717079495327,-0.3415164350909159,-0.5797744204501946,0.1651252698195433,0.797869203979364,0.1698
1,1785175422.8542488,2087,103.21000000000001,-212.87,-1799.2,-0.4764731273418757,0.7249534606401092,-0.49740912619993477,-0.659678256186804,-0.6687976115170732,-0.34283283556770905,-0.5812038861151829,0.1647793516645455,0.7969001242499727,0.1656
1,1785175422.914088,2090,103.21000000000001,-212.88,-1799.19,-0.47733402247930656,0.7250193444732308,-0.49648683882186806,-0.659736379460955,-0.6689037739093644,-0.3425137236163845,-0.5804309955537142,0.16405697604617966,0.7976121664136697,0.16620000000000001
1,1785175422.9739363,2093,103.21000000000001,-212.88,-1799.19,-0.4764994408856612,0.7248052235783784,-0.4975999102784777,-0.6595080935939731,-0.6689531459973846,-0.34285676738872295,-0.5813754013713474,0.16480011023569927,0.7967707112755876,0.1602
1,1785175423.0337396,2096,103.21000000000001,-212.88,-1799.19,-0.4768251094084211,0.7248494149632126,-0.49722343133156494,-0.6600103322091067,-0.6688437969170236,-0.3421028159820437,-0.5805378337497668,0.16504938943573125,0.7973296198135501,0.1743
1,1785175423.0935805,2099,103.2,-212.88,-1799.21,-0.4768251094084211,0.7248494149632126,-0.49722343133156494,-0.6600103322091067,-0.6688437969170236,-0.3421028159820437,-0.5805378337497668,0.16504938943573125,0.7973296198135501,0.1756
1,1785175423.1534202,2105,103.22,-212.88,-1799.22,-0.47769094726422867,0.7249705344773497,-0.4962147549614278,-0.6599984006323854,-0.668932924232635,-0.3419515375609084,-0.5798391760346115,0.16415379074880362,0.7980225954935742,0.1688
1,1785175423.2137728,2108,103.21000000000001,-212.88,-1799.21,-0.4778732287670194,0.7249619241447253,-0.4960517974649034,-0.6600175891274049,-0.6689689817983485,-0.34184394602527174,-0.5796671107370437,0.16404484122354596,0.7981699886601284,0.17600000000000002
1,1785175423.2736123,2111,103.21000000000001,-212.88,-1799.19,-0.4767834433721228,0.7249661441230814,-0.49709318844813516,-0.6595939555412582,-0.6688733441354049,-0.3428472886265209,-0.5810450601628573,0.16441575161897287,0.7970910228323423,0.1729
1,1785175423.3334527,2114,103.21000000000001,-212.88,-1799.2,-0.47631672949132375,0.724813619228457,-0.4977625845597825,-0.6594886319939481,-0.668917186587476,-0.34296434473374465,-0.5815471756250219,0.16490911093339072,0.7966227888114414,0.1597
1,1785175423.3933163,2117,103.21000000000001,-212.88,-1799.2,-0.47691788727396617,0.7248846297694039,-0.49708309398149025,-0.6600621177732393,-0.6688229928519464,-0.3420435716590388,-0.5804027304198724,0.16497902217142632,0.7974425325780643,0.1665
1,1785175423.4531326,2123,103.23,-212.87,-1799.19,-0.47691788727396617,0.7248846297694039,-0.49708309398149025,-0.6600621177732393,-0.6688229928519464,-0.3420435716590388,-0.5804027304198724,0.16497902217142632,0.7974425325780643,0.16790000000000002
1,1785175423.5129724,2126,103.31,-212.81,-1799.14,-0.4792604408437952,0.7252284492035476,-0.4943208738340192,-0.661193238319258,-0.668722964716321,-0.3400486701369475,-0.5771766899685951,0.16386974378094077,0.8000086097224609,0.1626
1,1785175423.5728126,2129,103.42,-212.86,-1799.0900000000001,-0.48263561586653925,0.72567921899839,-0.4903595960221574,-0.6631216624424392,-0.6685243104958783,-0.336667353741919,-0.5721298131514406,0.16268041489342688,0.803867252420075,0.1544
1,1785175423.6326516,2132,103.9,-212.91,-1798.98,-0.4972248727908749,0.729675970674403,-0.4694043072858043,-0.6685903857268689,-0.667046246812458,-0.3286886075406477,-0.5529505601694376,0.15040705579786132,0.8195263239057816,0.1509
1,1785175423.692492,2135,104.43,-212.97,-1798.94,-0.5104535015272894,0.737585834945778,-0.4420456524680103,-0.6736173376663657,-0.6625133271870095,-0.32759086326525666,-0.5344875163872467,0.1305497123203949,0.8350328541077022,0.1424
1,1785175423.7523324,2141,104.09,-213.73000000000002,-1799.64,-0.5068490821434162,0.7392629805652847,-0.44338950539690064,-0.6686575600557702,-0.6617820524253656,-0.33903035626317457,-0.5440598085786533,0.12463851994228084,0.8297374066751221,0.1411
1,1785175423.8121717,2144,103.82000000000001,-214.09,-1800.32,-0.5034531453198251,0.7395068228677546,-0.4468384376926569,-0.6662883255541155,-0.6615410177788016,-0.3441269373741036,-0.5500861729746239,0.12447144543318643,0.8257796689032161,0.1525
1,1785175423.8720126,2147,103.64,-214.29,-1800.8400000000001,-0.502592142034733,0.7381991155075198,-0.44995911439691333,-0.6651559323971886,-0.6626519867634587,-0.3441800837283701,-0.5522397345010279,0.12631076875055686,0.8240612024212023,0.1444
1,1785175423.9318511,2150,103.55,-214.48000000000002,-1801.64,-0.5034569414826876,0.7370585107111827,-0.45086124235856756,-0.66468708796075,-0.6637808729073542,-0.3429081915915813,-0.55201647001802,0.1270421369096252,0.8240983632299487,0.1505
1,1785175423.9767323,2153,103.54,-214.67000000000002,-1802.53,-0.5032502216712609,0.7368766182772178,-0.45138903821887194,-0.6636586412805406,-0.6641190365920057,-0.34424281123906253,-0.5534405318021922,0.12632796472847033,0.8232525876582891,0.1502
1,1785175424.0365725,2156,103.5,-214.88,-1803.3400000000001,-0.502167198515384,0.7373985857104511,-0.45174265962762206,-0.6620422430694651,-0.6638968129480661,-0.34776585535235033,-0.5563525618946698,0.12443611834844073,0.8215762163814206,0.1562
1,1785175424.0964112,2159,103.48,-215.11,-1804.2,-0.5001432837203909,0.7393257529226929,-0.4508371400125305,-0.6614387029843602,-0.6621888795309089,-0.3521430533461745,-0.5588877686474735,0.12207915010718622,0.8202079877478365,0.1565
1,1785175424.141797,2162,103.39,-215.38,-1805.05,-0.4933020583152342,0.7435281882743927,-0.4514630798895436,-0.6630821139859027,-0.6573476138525862,-0.35807293206035223,-0.5630054967528644,0.12271897898740226,0.8172911738311812,0.14170000000000002
1,1785175424.20156,2168,103.47,-215.81,-1806.97,-0.4664512957238543,0.7674119342655732,-0.4398887494177464,-0.6817820605250481,-0.6287559776543844,-0.37395072203446644,-0.5635569276157973,0.1254784591499699,0.8164917302861017,0.1477
1,1785175424.2614,2171,103.5,-216.1,-1808.1100000000001,-0.46291272879987144,0.7666573946759437,-0.4449137497355532,-0.6749793105269027,-0.6302247363545355,-0.38369221004274096,-0.5745561207364196,0.12269156807030404,0.8092169321317779,0.1419
1,1785175424.321241,2174,103.39,-216.3,-1809.15,-0.4583403995577972,0.7651065960069227,-0.45225653658062087,-0.6708734303541997,-0.6315960981938055,-0.3886067539185976,-0.5829690545629224,0.1252927192340421,0.8027756946550837,0.1509
1,1785175424.3810802,2177,103.53,-216.35,-1810.07,-0.45619525915761633,0.763186287448644,-0.4576380405653263,-0.6679380505839333,-0.6334776934872586,-0.3905954075974246,-0.5880005494081196,0.12748608749357312,0.7987506816218254,0.1577
1,1785175424.4259598,2180,103.57000000000001,-216.38,-1810.71,-0.4546943193609542,0.7613873053410632,-0.4621065323130083,-0.6655874259998085,-0.6352417905903401,-0.39174129963348037,-0.5918162335487499,0.12944975377749157,0.7956106503529969,0.15810000000000002
1,1785175424.4858007,2183,103.9,-216.22,-1811.21,-0.4541441944685454,0.761535621690627,-0.4624030141843653,-0.666634683182386,-0.6347833933028665,-0.3907022431023636,-0.5910594300143057,0.13081873139259792,0.7959492507113726,0.1529
1,1785175424.54564,2186,104.31,-215.91,-1811.42,-0.4548074479032821,0.7611302630094909,-0.46241854208369104,-0.6687491630505047,-0.6347757851561497,-0.38708430541503874,-0.5881536723093317,0.1331931879282746,0.7977059811976782,0.15860000000000002
1,1785175424.5905204,2189,104.79,-215.63,-1811.6200000000001,-0.45429850909326636,0.7618694761901819,-0.46170094854281296,-0.6693155411725241,-0.6339314557692881,-0.38748885884778944,-0.5879026883597034,0.13298800936899868,0.7979251959823705,0.15330000000000002
1,1785175424.650866,2195,105.92,-214.98000000000002,-1811.8,-0.4501753376697776,0.7656770944170744,-0.45943525380506883,-0.6726169511153997,-0.6291813395667347,-0.389509023019022,-0.5873062254276943,0.13367658368628185,0.7982493147806884,0.155
1,1785175424.7112088,2198,106.65,-214.69,-1812.25,-0.445207423618568,0.7676475820671003,-0.4609854007465437,-0.6724261860859434,-0.6265849339301997,-0.393997899534502,-0.5912980417867364,0.13456786510241558,0.7951465999807513,0.14880000000000002
1,1785175424.771049,2201,107.33,-214.38,-1812.7,-0.44068143591780495,0.7687403739091063,-0.4635063209488182,-0.6700627828065839,-0.625301702697624,-0.4000170592624133,-0.5973405554078162,0.13429824319602882,0.790663166423947,0.15380000000000002
1,1785175424.8313932,2204,108.11,-213.99,-1813.31,-0.4375106266823716,0.7696714987725284,-0.4649626173331015,-0.6683087698832046,-0.6242727183353322,-0.40453301625381916,-0.6016210099698948,0.1337511013766419,0.7875041607784298,0.1636
1,1785175424.8912349,2207,108.78,-213.62,-1813.91,-0.4332924568827054,0.770393800476996,-0.4677082840779705,-0.6669012522083405,-0.6231381672836539,-0.4085848067137551,-0.6062180850250976,0.13487852557386448,0.7837776577113718,0.1595
1,1785175424.951581,2213,110.10000000000001,-212.98000000000002,-1815.38,-0.4281198180235138,0.7733707008255156,-0.46755874552847854,-0.6648509426139942,-0.6199597819362782,-0.4166810445494323,-0.6121165293641376,0.132467459725675,0.7795933084583458,0.16160000000000002
1,1785175425.011925,2216,110.81,-212.67000000000002,-1816.31,-0.424562285164593,0.7764705639969218,-0.46566117431252596,-0.6656377693403285,-0.6163216766897228,-0.4208015575897983,-0.6137370984741353,0.13130519444664282,0.7785150736292002,0.1709
1,1785175425.0717647,2219,111.49000000000001,-212.37,-1817.31,-0.41987422449522604,0.7786742214666169,-0.4662318011760787,-0.6636373171918458,-0.6138352475134471,-0.4275415770898948,-0.619105117758642,0.12989513360192942,0.7744908698180988,0.15990000000000001
1,1785175425.1316051,2222,112.21000000000001,-212.1,-1818.47,-0.4148202980064269,0.780936765063103,-0.4669709726895611,-0.661897561128299,-0.61113698441225,-0.43405438006764874,-0.6243522554890537,0.1290323806502731,0.77041216618733,0.1578
1,1785175425.1914449,2225,112.89,-211.81,-1819.6200000000001,-0.4095769401393534,0.7829519236720078,-0.4682232537202599,-0.6594184875693694,-0.6087537108785774,-0.4411192330235518,-0.6304077952863606,0.12808280411461806,0.7656244555474483,0.165
1,1785175425.251285,2231,114.21000000000001,-211.27,-1821.89,-0.39406855182103945,0.7875884304415478,-0.4737240132189709,-0.6502683279225224,-0.6031744383666807,-0.4618784456996082,-0.649508335717499,0.12603595175844998,0.749835889176976,0.1631
1,1785175425.311125,2234,114.82000000000001,-211.01,-1822.8400000000001,-0.3877753721300955,0.7899907378469232,-0.4749156713411757,-0.648644495113744,-0.5999387357115544,-0.46833090048752696,-0.6548973810666844,0.1264442466421282,0.7450646097910586,0.1656
1,1785175425.3709655,2237,115.48,-210.70000000000002,-1823.8,-0.3825803107983192,0.7927899840920227,-0.4744642735895209,-0.6465234573945366,-0.596574233366053,-0.4755066804181839,-0.6600300938806322,0.12483278899021855,0.7407948771183878,0.1777
1,1785175425.430805,2240,116.05,-210.43,-1824.67,-0.3754165365936562,0.7943266741052776,-0.47760607079147555,-0.6420798181032487,-0.5945034957214251,-0.4840445235301238,-0.6684279551578637,0.12494290047799227,0.7332075697806342,0.1694
1,1785175425.4906454,2243,116.59,-210.18,-1825.53,-0.37014833326845925,0.795495583757785,-0.479767639175927,-0.6385303336695449,-0.5929763932754433,-0.4905690675143577,-0.6747364110246616,0.12476286803335271,0.7274372841679557,0.1777
1,1785175425.5504847,2249,117.41,-209.76,-1826.79,-0.3625073119015971,0.7972148121852022,-0.48273905171468273,-0.6332121134585705,-0.5907400124967274,-0.50006865229156,-0.6838354101589131,0.12439767227677255,0.7189536500671737,0.17700000000000002
1,1785175425.610325,2252,117.84,-209.5,-1827.23,-0.360555577097713,0.7984747325711731,-0.4821180117659253,-0.6310952960892757,-0.5894439063239065,-0.5042564908373549,-0.6868175908330572,0.12244991932625941,0.7164409355831562,0.1779
1,1785175425.670165,2255,118.06,-209.34,-1827.46,-0.35998724135803495,0.7977023442874448,-0.4838183088492485,-0.6318571612183651,-0.5900052490578065,-0.5026433466199516,-0.6864151177505496,0.12475887143826955,0.7164283007537798,0.1802
1,1785175425.7300045,2258,118.13,-209.27,-1827.53,-0.35974317267007866,0.797475882826942,-0.4843728584743942,-0.630613339035166,-0.590420061157195,-0.5037171508039539,-0.6876857322557921,0.12424317966199878,0.7152985152782658,0.17880000000000001
1,1785175425.774885,2261,118.07000000000001,-209.24,-1827.6000000000001,-0.3569712437603361,0.7953286625653735,-0.4899222893788082,-0.6308695330920125,-0.5920596938016699,-0.5014667996904069,-0.6888941597549398,0.13006781876177867,0.713096907284058,0.1882
1,1785175425.8347247,2264,117.96000000000001,-209.24,-1827.6200000000001,-0.35511659474332913,0.7930868658126059,-0.4948792048706834,-0.6290963152857832,-0.5943198498859364,-0.5010207002963134,-0.6914694716556563,0.13340591931056014,0.7099808662641212,0.1777
1,1785175425.8945646,2267,117.88,-209.28,-1827.64,-0.35353415595594395,0.791909662565449,-0.4978882273241607,-0.6278899738241046,-0.5954323395499944,-0.5012130383272023,-0.6933742000851226,0.13542309756277537,0.7077378068909556,0.1952
1,1785175425.9394782,2270,117.8,-209.31,-1827.64,-0.35181907204655655,0.7906380751610612,-0.5011135346904052,-0.6260140923038985,-0.5967394139191295,-0.5020044104511233,-0.6959379977995352,0.13708940871221925,0.7048948838214875,0.18480000000000002
1,1785175425.9992852,2276,117.82000000000001,-209.3,-1827.71,-0.35238866582031403,0.7893945843278215,-0.5026712826841063,-0.6253048767194611,-0.5982344361317248,-0.5011081425970014,-0.6962873252847838,0.13773797464774545,0.7044233180323453,0.1907
1,1785175426.0591252,2279,117.81,-209.3,-1827.74,-0.3540198754818348,0.7892666909097267,-0.5017250426122222,-0.6250250870462745,-0.5987374231958315,-0.50085640519775,-0.69571083671783,0.13627761622961312,0.7052764301946798,0.1922
1,1785175426.1189644,2282,117.8,-209.3,-1827.75,-0.3540539571018517,0.7885003019244831,-0.502904632435931,-0.6244955186958213,-0.599611882954807,-0.5004707153752631,-0.6961689037793608,0.13686805209540173,0.7047098649275838,0.1888
1,1785175426.1788058,2285,117.79,-209.29,-1827.79,-0.3559067936220647,0.7867373957020279,-0.5043556527468012,-0.623551240493623,-0.6019081916797266,-0.4988891452694731,-0.6960705458015912,0.13693355685452832,0.7047942935883083,0.1928
1,1785175426.224332,2288,117.71000000000001,-209.28,-1827.88,-0.35539676903408385,0.7834352910752055,-0.5098257361668221,-0.6221292397968595,-0.6053327322628446,-0.49651534945153614,-0.6976018531726502,0.1407175466994343,0.702531299303438,0.1801
1,1785175426.2841449,2291,117.60000000000001,-209.25,-1827.89,-0.35754658823651775,0.7798964603621447,-0.5137333436278237,-0.6205828735149831,-0.6094906667509428,-0.4933538529730741,-0.6978806017796398,0.14241712768515177,0.7019116948745039,0.19720000000000001
1,1785175426.3440788,2294,117.51,-209.25,-1827.9,-0.358036195644136,0.7768555096046864,-0.517982238890019,-0.6179401276237134,-0.6130327612568668,-0.492281253246729,-0.6999714860485838,0.14382750370712877,0.6995381103959335,0.1988
1,1785175426.388959,2297,117.44,-209.24,-1827.92,-0.3580807394263952,0.7735432645242435,-0.5228852665365724,-0.6160620627162883,-0.6165571728807503,-0.4902293212885668,-0.7016022512318489,0.14658809801096712,0.6973279075068837,0.20170000000000002
1,1785175426.4493144,2303,117.39,-209.18,-1828.03,-0.35964384502699537,0.7690624682730142,-0.5283930588378483,-0.6142347670786287,-0.6214116131967699,-0.48637769058217595,-0.7024044103264596,0.1496346446449059,0.6958717679831045,0.1947
1,1785175426.509703,2306,117.41,-209.15,-1828.04,-0.35960326952406074,0.7681497438651315,-0.5297465993732647,-0.6131845554375486,-0.6224665245683829,-0.4863539110201688,-0.7033421567917434,0.14993797648258167,0.6948585566054772,0.19010000000000002
1,1785175426.5695112,2309,117.41,-209.13,-1828.05,-0.36018246984033736,0.7676941295997299,-0.5300135015240905,-0.6125503219419192,-0.6231328146239892,-0.4862999058478584,-0.703598387937725,0.14950323982074035,0.6946928024490657,0.1932
1,1785175426.629351,2312,117.42,-209.12,-1828.02,-0.36015416310958287,0.7671830091321559,-0.5307722763047882,-0.6125448160058946,-0.6235968094989504,-0.48571171240462635,-0.7036176711674746,0.15019071103653578,0.6945249622146055,0.18860000000000002
1,1785175426.6742318,2315,117.43,-209.12,-1828.06,-0.3606823835025119,0.7668800897813445,-0.5308513408930076,-0.612443439984284,-0.6239986156035771,-0.48532335668607196,-0.7034353211569375,0.15006883627781104,0.694735988219309,0.1942
1,1785175426.7340708,2318,117.45,-209.11,-1828.05,-0.3611341051178676,0.7666110986735838,-0.530932746693211,-0.6130506958217191,-0.624202615467771,-0.48429323678500796,-0.702674179455331,0.15059388511382021,0.6953923204156791,0.1951
1,1785175426.7939107,2321,117.44,-209.12,-1828.04,-0.3603963536291834,0.7665736913358637,-0.531487764715705,-0.6119684840412419,-0.6243241956031655,-0.4855037315250261,-0.7039950588115325,0.1502799871445568,0.6941231033705613,0.18660000000000002
1,1785175426.838791,2324,117.45,-209.11,-1828.03,-0.360552539536135,0.7665269932835265,-0.5314491836495384,-0.6124619127711011,-0.6242918174433295,-0.4849228104328242,-0.7034858005950142,0.15065223277808187,0.6945585886879312,0.1943
1,1785175426.8986416,2330,117.46000000000001,-209.12,-1828.06,-0.36184133408982305,0.766263145416456,-0.53095352048986,-0.6132571839848031,-0.6246136803263135,-0.4835011650867529,-0.7021299560872806,0.15066035419345458,0.6959274261294609,0.20020000000000002
1,1785175426.9584718,2333,117.47,-209.12,-1828.04,-0.36148852234808776,0.7660285316733773,-0.5315320657052832,-0.6114927833028825,-0.6251357604211952,-0.48505861193376215,-0.7038484383580673,0.14968490139270413,0.6944003212239798,0.1947
1,1785175427.018311,2336,117.49000000000001,-209.11,-1828.07,-0.36145883317501426,0.7650436372851487,-0.532968802998137,-0.6112223946622194,-0.6260844412086969,-0.48417502696832243,-0.7040984989212371,0.150753127748327,0.6939155555908494,0.18560000000000001
1,1785175427.0781512,2339,117.44,-209.13,-1828.08,-0.3631899493389938,0.7621381874274603,-0.5359463069785297,-0.6074421613661075,-0.629855606520763,-0.4840412539538686,-0.7064751101730414,0.14975746458573286,0.6917120936537412,0.19390000000000002
1,1785175427.1230314,2342,117.18,-209.34,-1828.27,-0.3553081420613816,0.755311352856535,-0.5506912786951689,-0.5987906705095517,-0.6362996696131797,-0.48638715377863323,-0.7177784178251744,0.1569314840820329,0.678355844824971,0.1943
1,1785175427.1828709,2345,116.77,-209.46,-1828.27,-0.34749902196344934,0.746828410050933,-0.5670024300435065,-0.5900245012733729,-0.64412418024614,-0.48680091240603224,-0.7287767268728836,0.1653824850551994,0.6644795828356299,0.2177
1,1785175427.2427123,2348,116.72,-209.43,-1828.24,-0.3443800712331617,0.7434399498413631,-0.5733231266199839,-0.5886251554517988,-0.6467224995450075,-0.4850468378946547,-0.7313841623297487,0.1704319499452184,0.6603257965058479,0.21630000000000002
1,1785175427.2875931,2351,116.74000000000001,-209.38,-1828.07,-0.3454496916009359,0.7428304738114481,-0.5734696136238415,-0.5896749340684505,-0.6472027333942841,-0.48312740971542456,-0.7300328641261205,0.17126444191374615,0.6616044953231397,0.20450000000000002
1,1785175427.3474307,2357,117.39,-208.70000000000002,-1827.29,-0.3706056978032867,0.7441063631450913,-0.5558391287798335,-0.6092551018524003,-0.6464729322405631,-0.45921777921494894,-0.7010418230195402,0.16845909950867516,0.6929371502309326,0.1925
1,1785175427.4072707,2360,117.48,-208.28,-1826.8600000000001,-0.3810837281701513,0.7379182914283499,-0.5570025020584766,-0.6184759405844079,-0.6512829988630242,-0.4396793903632711,-0.6872137244279759,0.1769379850892702,0.7045780626661458,0.2005
1,1785175427.467111,2363,117.69,-207.91,-1826.44,-0.389041416381866,0.735416563816293,-0.5548056001918398,-0.6253448871409014,-0.6530591588414367,-0.4271504502866034,-0.6764543949641576,0.18076562924945402,0.713956048238072,0.187
1,1785175427.5269544,2366,117.79,-207.65,-1826.14,-0.3940622556122037,0.7328149644590078,-0.5547045759381883,-0.6282029231487072,-0.6553070984180526,-0.4194445065921502,-0.6708770573281231,0.1831797877164833,0.7185882961215708,0.1935
1,1785175427.5718334,2369,117.88,-207.43,-1825.83,-0.3950317446146473,0.730216354179254,-0.5574351951894193,-0.6307011143430278,-0.656761369751062,-0.4133770767340293,-0.6679566042140543,0.18827793097404336,0.7199898579806263,0.18660000000000002
1,1785175427.6317022,2372,117.97,-207.23000000000002,-1825.56,-0.3958163294186784,0.7282642340580081,-0.5594288504871975,-0.6320112276092135,-0.6579910656377692,-0.40940147253859244,-0.6662516353011221,0.1915175264375973,0.7207147809819117,0.18680000000000002
1,1785175427.691514,2375,118.13,-207.02,-1825.29,-0.3976827179850183,0.7275927325007225,-0.5589787754720034,-0.6345155639394421,-0.6581485112784666,-0.40525366897851733,-0.662750673281182,0.19351835239601928,0.7234032017839497,0.1966
1,1785175427.7513864,2381,118.36,-206.68,-1824.83,-0.40026957147665665,0.7251967249519218,-0.5602445718334986,-0.638060027210813,-0.6593662484632163,-0.39763746310336556,-0.6577717475124863,0.19830748978934337,0.726643287774558,0.1932
1,1785175427.811195,2384,118.43,-206.58,-1824.76,-0.3999678520933075,0.7248606314840532,-0.5608946266603071,-0.6377917874309125,-0.6596210121222288,-0.397645264340628,-0.6582152787481825,0.19868866422467513,0.7261373572066558,0.1885
1,1785175427.855849,2387,118.48,-206.52,-1824.7,-0.40061721162389385,0.7246852194213778,-0.5606578123087967,-0.6387713136968002,-0.6595877511232224,-0.3961252420210988,-0.6568691335028313,0.1994375373905314,0.7271503353027077,0.18710000000000002
1,1785175427.915686,2390,118.51,-206.49,-1824.67,-0.40137327297659503,0.7245352821345151,-0.5603107358263932,-0.6396428800199058,-0.6595906163396932,-0.39471154641898176,-0.6555581452319055,0.19997210750222677,0.7281858790454685,0.19340000000000002
1,1785175427.9757202,2393,118.53,-206.48000000000002,-1824.68,-0.4016442901651698,0.72470549498811,-0.559896249060266,-0.6389314369338122,-0.6597449864472761,-0.3956048176594637,-0.6560857284497285,0.19884289877117062,0.7280199300382284,0.1836
1,1785175428.0210788,2396,118.55,-206.46,-1824.7,-0.4020747724161288,0.7243200638456138,-0.5600859956267467,-0.6399511024243163,-0.659798729770813,-0.3938632030270457,-0.6548270488399363,0.20006519263357045,0.7288178474791022,0.185
1,1785175428.0809202,2399,118.57000000000001,-206.46,-1824.68,-0.4017708710090405,0.7242772050286805,-0.5603594359734467,-0.6398600165506562,-0.6597913970793847,-0.3940234403684984,-0.6551025312334176,0.2002444571414557,0.7285209886857706,0.1822
1,1785175428.1407616,2402,118.56,-206.46,-1824.65,-0.4016356052228391,0.724191921227553,-0.5605665900194456,-0.6402153176492403,-0.6597134425410378,-0.3935765754944456,-0.6548382912327027,0.20080895139260677,0.7286031686563239,0.182
1,1785175428.2005978,2408,118.58,-206.45000000000002,-1824.65,-0.40204023460621524,0.7239982222473655,-0.5605267379353405,-0.6403517480870824,-0.6598946043223107,-0.3930505691487022,-0.6544564832588926,0.20091213345379458,0.7289177087651578,0.1824
1,1785175428.2606688,2411,118.58,-206.45000000000002,-1824.67,-0.4014460762440812,0.7240409635448408,-0.560897255277016,-0.6400095270943149,-0.6598417230837531,-0.39369620992127324,-0.6551555945702845,0.2009317883932808,0.7282839853493519,0.1751
1,1785175428.305549,2414,118.58,-206.46,-1824.66,-0.4026879371175777,0.7241923041802765,-0.5598106214301867,-0.6400402176425353,-0.6599929970174817,-0.39339263298640803,-0.6543630071299005,0.19988684412423063,0.7292834184636104,0.1892
1,1785175428.365898,2417,118.35000000000001,-206.5,-1824.72,-0.39843056597681953,0.7198436847073499,-0.568399642577594,-0.6364686474258405,-0.6632121568425847,-0.3937731527924776,-0.6604246701474077,0.20487729157510898,0.7224019313772185,0.19440000000000002
1,1785175428.4257386,2420,118.05,-206.52,-1824.73,-0.39184710908398473,0.7129930643638341,-0.5814608613411507,-0.6328507182890911,-0.6676162219838888,-0.39215883071141,-0.6677992299063432,0.2143116196407191,0.7128216594797512,0.2041
1,1785175428.4706178,2423,117.93,-206.56,-1824.83,-0.3878698633606389,0.7102438393129794,-0.5874611968586162,-0.6295661273633595,-0.669661277533848,-0.3939546479589201,-0.673203877271441,0.2170425352084082,0.7068868916149212,0.20270000000000002
1,1785175428.5304587,2426,117.66,-206.62,-1824.93,-0.38012344333745646,0.7041762175817605,-0.5997016111513465,-0.6245377746523036,-0.6736551061576173,-0.39514727125480414,-0.6822453633830163,0.224331568309087,0.6958567464660823,0.2104
1,1785175428.5902982,2429,117.11,-206.67000000000002,-1825.17,-0.3642005397011111,0.689871502202363,-0.6256478860593029,-0.6139658698683494,-0.6829865936413392,-0.3956958725372319,-0.7002884245210828,0.24001379826013192,0.672301642959858,0.21100000000000002
1,1785175428.650138,2435,116.10000000000001,-206.73000000000002,-1825.9,-0.3204546555879452,0.6565861643871993,-0.6827909068282304,-0.5831309428476941,-0.7047740216981938,-0.4040444057686152,-0.746503260010009,0.26867859437376046,0.6087238254904843,0.2625
1,1785175428.7099783,2438,116.12,-206.71,-1826.17,-0.3049023459698093,0.649973682704022,-0.6961097407839358,-0.5705749788103464,-0.7098874663062803,-0.41292127426038844,-0.7625475414540918,0.27128213537463436,0.5873050740874788,0.2635
1,1785175428.7548592,2441,116.62,-206.31,-1826.14,-0.30535495613880426,0.6465895807774948,-0.6990566964069885,-0.5653870666694057,-0.7138198515903578,-0.41327797463509314,-0.7662217796463593,0.2690411371993199,0.5835418158881698,0.26480000000000004
1,1785175428.81472,2444,117.09,-205.87,-1826.05,-0.3013837505652257,0.6396985056594794,-0.7070740108024524,-0.5548299857953213,-0.7207391609392676,-0.415570389646476,-0.7754556865209006,0.2670597007142583,0.5721429843114478,0.2807
1,1785175428.8745382,2447,117.43,-205.48000000000002,-1826.1200000000001,-0.2903099519531307,0.6273086816326638,-0.7226368034810157,-0.5389765635195038,-0.731175642107111,-0.418194266299719,-0.7907113226542777,0.2680783436563707,0.5503722430217386,0.2788
1,1785175428.9194174,2450,117.82000000000001,-204.97,-1826.1100000000001,-0.2792408554192698,0.6164972436129914,-0.7361764009273173,-0.5252507025426094,-0.7398721501620948,-0.42035806271917,-0.8038260036495519,0.26929602676627507,0.5304181424354639,0.3039
1,1785175428.9792583,2453,118.12,-204.16,-1826.26,-0.26309064494765194,0.6040163298306678,-0.7522948795777613,-0.5105379436267398,-0.7488012829312364,-0.4226673003650915,-0.8186173224763866,0.2728752681692212,0.505375867412728,0.29860000000000003
1,1785175429.0390995,2456,117.89,-202.9,-1826.3700000000001,-0.2512123890544545,0.5910124641320195,-0.7665484999829769,-0.5000960373520288,-0.7573038296559423,-0.4199938844950506,-0.828731735249925,0.27784020016736627,0.48580709562603785,0.2944
1,1785175429.0989385,2462,117.25,-199.8,-1826.6000000000001,-0.24871533797818723,0.5803323448816206,-0.7754708570530522,-0.49472638120350815,-0.76442786175883,-0.4133955151040029,-0.8326983177572036,0.28082808558088074,0.47723065487592087,0.2982
1,1785175429.1587777,2465,116.77,-198.15,-1826.67,-0.24922469396087946,0.5797113415357662,-0.775771752782291,-0.49494105433940766,-0.7647775581219011,-0.41249077483320495,-0.8324184072024726,0.28115840212930593,0.47752439546330394,0.3063
1,1785175429.2036574,2468,116.28,-196.36,-1826.9,-0.257387258795221,0.5824437065385178,-0.7710454770787224,-0.5028239897356266,-0.7621194728171142,-0.40785039475193613,-0.8251786681417717,0.28272466794858325,0.48902651030096,0.2927
1,1785175429.2640026,2471,115.5,-194.58,-1827.19,-0.2638346014738561,0.583501168130992,-0.7680609935772675,-0.5066503170505514,-0.7614159028957634,-0.4044147364402105,-0.8207903260259024,0.2824397450912266,0.4965189131292943,0.3109
1,1785175429.3238456,2474,114.74000000000001,-192.81,-1827.6000000000001,-0.27340750314472545,0.5873523227124472,-0.761751656531484,-0.5126215465825021,-0.7590673786550383,-0.40129274182463365,-0.8139210571078318,0.28077386571057833,0.5086241727743656,0.3058
1,1785175429.3836834,2477,113.87,-190.85,-1827.95,-0.29194176535142224,0.5925824841005439,-0.7507436347920131,-0.5242106678046554,-0.7556768841296672,-0.3926265688308355,-0.799983238201459,0.2789237285160697,0.5312517033077648,0.30460000000000004
1,1785175429.4440982,2483,111.88,-187.1,-1828.9,-0.32566659548900295,0.6036107178559087,-0.7277330347538695,-0.5468560292565201,-0.7481393075230122,-0.3758138632418709,-0.7712909644540081,0.2755751763647484,0.5737321416158797,0.27640000000000003
1,1785175429.5039375,2486,110.82000000000001,-185.37,-1829.54,-0.33439666817127517,0.606055407304107,-0.7217171964096486,-0.5525587771494662,-0.746447613181906,-0.37080285674482394,-0.7634511550263297,0.2747959316519968,0.5844908295572089,0.2892
1,1785175429.5637453,2489,109.53,-183.82,-1830.28,-0.34050116804771013,0.6063294790221057,-0.7186261318842553,-0.5542947921514405,-0.7468083566288911,-0.36747049114595104,-0.7594841920355794,0.27320659094911476,0.5903743902897776,0.2921
1,1785175429.623585,2492,108.15,-182.47,-1830.91,-0.34221065727344085,0.6023421721711579,-0.7211627927677708,-0.5535184140759967,-0.7494253636902904,-0.36328912664222346,-0.759282049917732,0.27485547453490355,0.589868830157112,0.279
1,1785175429.669462,2495,106.79,-181.25,-1831.5,-0.3424698477930037,0.5992199544079426,-0.7236365452297032,-0.5515460363851716,-0.7517526341783727,-0.36147606664022036,-0.7605993512358816,0.2753242147818118,0.5879500009816607,0.2767
1,1785175429.7283044,2498,105.44,-180.21,-1831.8400000000001,-0.3452136357247624,0.5980248558069293,-0.723321379157835,-0.5522784676368087,-0.752576969660215,-0.3586312854754678,-0.7588254344013712,0.27567041294660066,0.5900760828329014,0.2818
1,1785175429.788144,2501,104.28,-179.19,-1832.14,-0.35238960032133637,0.5984928072090311,-0.7194636400155483,-0.554941752003856,-0.7526667590382373,-0.354305520309474,-0.7535656716360292,0.27440683219980133,0.5973605853869256,0.27
1,1785175429.8484914,2507,102.11,-177.17000000000002,-1832.4,-0.3800752291065927,0.606229436643607,-0.6985905026310804,-0.5724200540848906,-0.7474264941315889,-0.337177872274579,-0.7265522017728812,0.27173425624484,0.6310961829087876,0.2538
1,1785175429.9083319,2510,101.17,-176.16,-1832.51,-0.39471129604400385,0.6116390181821304,-0.6856389022017803,-0.5806645834078048,-0.7443726476247523,-0.3297544587173266,-0.7120615383175132,0.26796841773857644,0.6489694081723579,0.27030000000000004
1,1785175429.953212,2513,100.27,-175.26,-1832.71,-0.40490960137415577,0.6176207983655575,-0.6742349472856727,-0.5857505436112496,-0.7414228491326946,-0.32739648660772663,-0.7021000750421181,0.26236750601065123,0.6619809486802493,0.2536
1,1785175430.0130515,2516,99.52,-174.31,-1832.83,-0.41815333497452384,0.6251314428660393,-0.659058774002674,-0.5923058986541883,-0.7377219372000459,-0.32394454123085076,-0.6887100339541588,0.2549059091391089,0.6787499293678241,0.21710000000000002
1,1785175430.0728912,2519,98.85000000000001,-173.35,-1833.14,-0.4303858991025196,0.6331401346825744,-0.6433518071070038,-0.5992965051376946,-0.733412689078473,-0.32085748616547527,-0.6749901308785641,0.24746595190614534,0.6950891495799114,0.2233
1,1785175430.117805,2522,98.22,-172.35,-1833.6000000000001,-0.4425295995057139,0.6412164972558945,-0.6269042647870517,-0.6050847333886785,-0.7294639330921708,-0.3189903380004679,-0.6618459178549523,0.2381675333973593,0.7107996954516466,0.192
1,1785175430.1776447,2525,97.52,-171.34,-1834.15,-0.45053290367269433,0.6453476527765707,-0.6168845189855403,-0.6074161965232371,-0.7279789104780436,-0.31795010630670434,-0.6542672748269585,0.23145866359886222,0.7199730690349008,0.2049
1,1785175430.237451,2528,96.85000000000001,-170.46,-1834.96,-0.45731296358799234,0.6452892611842964,-0.6119367800145636,-0.6045385153058236,-0.730237963592493,-0.3182541437909631,-0.6522254494008938,0.22439760677982631,0.72404949915409,0.2215
1,1785175430.297291,2534,96.0,-168.76,-1836.4,-0.46877078123179405,0.6498051458693075,-0.5983370513891827,-0.5994061712225978,-0.7315533672284006,-0.32487214838618367,-0.6488190784522286,0.206356350274366,0.7324280579946703,0.1781
1,1785175430.357132,2537,95.64,-168.05,-1837.03,-0.47354653132311686,0.6534052180913887,-0.5906058784356868,-0.5972396265708947,-0.7310615243228265,-0.32993010791415195,-0.6473472878797768,0.19649597610569655,0.7364311374792399,0.2008
1,1785175430.402011,2540,95.38,-167.45000000000002,-1837.57,-0.47713775787898843,0.6583689258688151,-0.582142523319294,-0.5976380402009981,-0.7287374642536972,-0.3343209253065113,-0.6443355747674672,0.1883933800414291,0.7411744743619032,0.194
1,1785175430.4618518,2543,95.08,-166.89000000000001,-1838.0,-0.4830415250810917,0.662375998920022,-0.572650784599162,-0.5994303632801763,-0.7268844740719599,-0.3351450446163957,-0.6382429981011375,0.18137529437007932,0.7481636705741855,0.2121
1,1785175430.5217242,2546,94.94,-166.44,-1838.3400000000001,-0.48863415442378766,0.6679299012137783,-0.5613433086758071,-0.602598142728182,-0.7236355044175755,-0.3364923998055033,-0.6309612836863255,0.17384275599194074,0.756086340756154,0.17600000000000002
1,1785175430.590507,2549,94.7,-166.16,-1838.64,-0.495641839500906,0.6724240820508249,-0.5497135807075022,-0.605040785928834,-0.72140013990582,-0.3369087198433461,-0.6231089907061018,0.1656130792599693,0.7644000874406373,0.185
1,1785175430.6413717,2552,94.5,-166.06,-1838.72,-0.49899129281154364,0.6771603687397391,-0.5407971197283922,-0.6078474518666134,-0.7182745735974171,-0.33853081422924264,-0.6176804715688602,0.15979822255491274,0.7700229627165419,0.1733
1,1785175430.6862507,2555,94.43,-166.04,-1838.74,-0.5053611377748543,0.6818761526713769,-0.5288241984298614,-0.6086249700064144,-0.7160981563159163,-0.3417295369230417,-0.611707255402121,0.149158784317338,0.7768950320019931,0.1752
1,1785175430.746091,2561,94.55,-166.08,-1838.8,-0.5258770858140682,0.6913665176767861,-0.4954448797305077,-0.6093484171021702,-0.7126240790079963,-0.34765130316609577,-0.5934204219529208,0.1190766990367104,0.7960357671334488,0.17300000000000001
1,1785175430.805937,2564,94.63,-166.1,-1838.74,-0.5329992991627117,0.6940919844640466,-0.48388848322192973,-0.607272650027845,-0.7120398437539692,-0.35244742790234906,-0.5891788146396785,0.1059980094604833,0.8010198164653597,0.1524
1,1785175430.865776,2567,94.66,-166.21,-1838.69,-0.5392843924148236,0.6946832142162447,-0.4760121594917102,-0.6040955971426463,-0.7129430375574779,-0.3560628241071879,-0.5867204220160093,0.09553772597515413,0.8041341239524986,0.1638
1,1785175430.9256146,2570,94.73,-166.28,-1838.68,-0.5436576610263326,0.6952906854648777,-0.4701140396894756,-0.6009080922308263,-0.7134924546639463,-0.36033037872086954,-0.5859571761646802,0.08659895982860913,0.8057014384111006,0.1491
1,1785175430.985455,2573,94.73,-166.34,-1838.64,-0.5456011846201406,0.6955799871124752,-0.4674268165924028,-0.5994648966972792,-0.7136940300037495,-0.36232950358027344,-0.5856288798964916,0.0825185619458782,0.8063680933454426,0.17250000000000001
1,1785175431.045294,2579,94.87,-166.28,-1838.63,-0.5506256658713343,0.6986004042826414,-0.4569123014538781,-0.6018707186751844,-0.7115333978781238,-0.3625904876102358,-0.5784142236193424,0.0753505065685802,0.8122556783887027,0.1373
1,1785175431.1051354,2582,94.89,-166.27,-1838.5900000000001,-0.5511680737639416,0.6989777966870955,-0.4556794862639742,-0.6011752447693167,-0.7113777351584691,-0.36404675935566166,-0.5786208426421383,0.07329227557703591,0.8122968440175313,0.1555
1,1785175431.164977,2585,94.89,-166.27,-1838.6100000000001,-0.5508772825316269,0.69913590575057,-0.45578855281906766,-0.6019640624885462,-0.7111213466070673,-0.3632433039603578,-0.5780774057709362,0.07426584470724959,0.8125952850263548,0.1404
1,1785175431.2248178,2588,94.9,-166.25,-1838.58,-0.5525923429922047,0.6992108704217047,-0.45359217492204107,-0.602365727337862,-0.7111848618464353,-0.3624522352106483,-0.5760184311244858,0.07294005048386412,0.814175973632419,0.1529
1,1785175431.285163,2591,94.91,-166.23,-1838.57,-0.5530621607531245,0.6988820363047482,-0.4535263450711696,-0.6029896465193917,-0.7114153149637543,-0.36095946562660075,-0.574913673983759,0.07383866849795523,0.8148755233168714,0.14800000000000002
1,1785175431.3455088,2597,94.93,-166.23,-1838.6000000000001,-0.553002576119116,0.6987563723606821,-0.4537925549091359,-0.6026869308648187,-0.7115480921009744,-0.3612032336402994,-0.5752882878786658,0.07374852346185136,0.8146192614447747,0.14150000000000001
1,1785175431.405349,2600,94.93,-166.22,-1838.6100000000001,-0.5543456637081221,0.6989600468971591,-0.45183596356368394,-0.6022483190967197,-0.71157637086523,-0.36187847486614133,-0.574454390942551,0.07151168623232118,0.8154067889458811,0.15760000000000002
1,1785175431.4502292,2603,94.93,-166.23,-1838.65,-0.5535911707415831,0.6988325201049168,-0.45295686827861914,-0.6016289958016304,-0.7116803786146438,-0.3627031707962296,-0.5758292864102043,0.07172271285114791,0.8144178812953379,0.1511
1,1785175431.5100687,2606,94.94,-166.22,-1838.63,-0.5540651810207454,0.6987803094196899,-0.45245757187582897,-0.6015535245854705,-0.7117787368917458,-0.36263533579560187,-0.5754521111606477,0.07125383411517983,0.8147255727449827,0.1549
1,1785175431.5699084,2609,94.95,-166.21,-1838.64,-0.5529104204660305,0.6986725765247663,-0.45403380683856787,-0.6020272236052154,-0.7116896643520443,-0.36202354024658456,-0.5760670872201199,0.07317412429758971,0.8141205430125245,0.1396
1,1785175431.629749,2612,94.88,-166.26,-1838.7,-0.5501346457855042,0.6984154850194886,-0.45778562864232664,-0.5991267958055824,-0.7119811644330923,-0.3662374967698334,-0.5817206838803255,0.07279170129547935,0.8101249373820782,0.1447
1,1785175431.68959,2615,94.82000000000001,-166.3,-1838.72,-0.5476673928699174,0.698084084066423,-0.46123642349689903,-0.5980595932353616,-0.7121318351257968,-0.36768596973438983,-0.5851368640978121,0.07447725138260772,0.80750726888386,0.1773
1,1785175431.7344687,2618,94.85000000000001,-166.27,-1838.64,-0.5479093314624285,0.698234150295625,-0.46072164682955896,-0.5983171158529922,-0.7120039525029558,-0.36751462623618847,-0.5846468963175563,0.07429295377836828,0.8078790526094444,0.1462
1,1785175431.7943087,2624,95.04,-166.02,-1838.33,-0.5531170669812052,0.696120492082026,-0.4576874159484691,-0.6001719021394393,-0.7139721466046127,-0.360607073911659,-0.5778020405782903,0.07523319996038602,0.8127021394873305,0.1589
1,1785175431.8541484,2627,95.15,-165.89000000000001,-1838.1000000000001,-0.5571860908954154,0.6934572835878346,-0.456793887822142,-0.5998225366280617,-0.716522571232009,-0.35610157184172625,-0.5742443597161087,0.07558042573346709,0.815187717387955,0.1396
1,1785175431.9139886,2630,95.26,-165.78,-1837.9,-0.5608030079530086,0.6916767746433231,-0.4550639797763248,-0.6001861576123382,-0.7182284603373519,-0.35202905415885,-0.5703302223110706,0.07570414903059547,0.8179195066375164,0.15610000000000002
1,1785175431.9738286,2633,95.3,-165.74,-1837.7,-0.5605865951772552,0.6910581483928099,-0.45626889533198883,-0.5996216665476659,-0.7187592185386612,-0.35190771911439056,-0.5711361714286464,0.07631396533789955,0.8173002216934936,0.1443
1,1785175432.033668,2636,95.37,-165.69,-1837.52,-0.5629783494115157,0.6908167514471923,-0.4536822610746791,-0.6001768327353628,-0.7191169900845731,-0.3502263896673866,-0.5681928788198893,0.07511970774471931,0.8194595059956985,0.1408
1,1785175432.0935102,2642,95.52,-165.6,-1837.1200000000001,-0.5664406451858934,0.6899162658426904,-0.4507333375811769,-0.600049471942075,-0.7201791107129879,-0.3482566291037217,-0.5648766473341114,0.07319559152249779,0.8219226111248222,0.1453
1,1785175432.1533484,2645,95.61,-165.54,-1836.92,-0.5692039608665735,0.6890062685668433,-0.44863929030948607,-0.5996108979185334,-0.7212129940113564,-0.346869699406716,-0.5625598830623585,0.07156940089710398,0.8236529601865674,0.1531
1,1785175432.2132182,2648,95.67,-165.49,-1836.76,-0.5705124007878458,0.688475841042096,-0.44779081818262745,-0.5993973026357182,-0.7217783563288375,-0.3460619567769144,-0.5614610174716618,0.07097197078157107,0.82445406495636,0.15560000000000002
1,1785175432.2730281,2651,95.7,-165.47,-1836.65,-0.5709002115328501,0.688106397620987,-0.4478644147784182,-0.5984003222031758,-0.7222268841895503,-0.3468506625926918,-0.5621298807739029,0.0699850934622653,0.8240825710049908,0.14300000000000002
1,1785175432.3179095,2654,95.7,-165.47,-1836.67,-0.5708459027502428,0.6876894126683121,-0.44857354694316587,-0.598117846329421,-0.7225794758435502,-0.34660343765161306,-0.5624855528949306,0.07044269155542321,0.8238008436454237,0.1419
1,1785175432.3777483,2657,95.72,-165.47,-1836.6100000000001,-0.57097816779713,0.6874319186998384,-0.4487998318311748,-0.5984678258204476,-0.7227468718932287,-0.34564898470312183,-0.561978819313307,0.07123423559785894,0.824078570478574,0.1492
1,1785175432.4375882,2660,95.71000000000001,-165.46,-1836.6200000000001,-0.5712649060000593,0.6873271539647501,-0.44859535284648255,-0.5982852173174892,-0.7228786150367303,-0.34568961028926415,-0.5618818433728822,0.07090762543827998,0.8241728597464225,0.1489
1,1785175432.482469,2663,95.72,-165.47,-1836.5900000000001,-0.5710092881012024,0.6873281502548221,-0.4489191539346954,-0.5982184349875572,-0.7228614060293722,-0.3458411365269855,-0.5622126794578683,0.07107321253836701,0.8239329472209982,0.1496
1,1785175432.5423083,2669,95.72,-165.46,-1836.54,-0.5712693807748466,0.6870370885076016,-0.44903377779864306,-0.5983019832199017,-0.7231001846662733,-0.34519684212161295,-0.5618594410208444,0.07145741354540651,0.8241406473322045,0.1428
1,1785175432.602148,2672,95.68,-165.46,-1836.57,-0.5708043775506405,0.6866932003074642,-0.4501497653231856,-0.5969867942707467,-0.7234858327553281,-0.346662685140277,-0.563727886515616,0.0708568871304881,0.8229156527316844,0.1388
1,1785175432.661855,2675,95.65,-165.5,-1836.63,-0.5690048862560514,0.6861104552444539,-0.453305506938738,-0.5961849718545018,-0.723859728389386,-0.34726153393500314,-0.5663893702671202,0.07266042127797379,0.8209284648665329,0.1549
1,1785175432.7216947,2678,95.63,-165.49,-1836.6200000000001,-0.5683641966357164,0.6858723409191965,-0.454468119833128,-0.5961187066195769,-0.7239871675655198,-0.347109591942745,-0.567101955208091,0.07363228342566559,0.8203497176428373,0.1605
1,1785175432.7665257,2681,95.64,-165.5,-1836.66,-0.5679475367677661,0.6856728617005531,-0.4552892731075502,-0.5957678710745233,-0.7241437072171878,-0.34738528335707924,-0.567887523436426,0.07395010497032695,0.8197774958487946,0.158
1,1785175432.8263736,2684,95.62,-165.49,-1836.6200000000001,-0.5680748400669704,0.6856409757387443,-0.45517845782825506,-0.5955002230716602,-0.7242154213174099,-0.34769456114188685,-0.5680408967710764,0.07354234096130735,0.8197079136384142,0.1564
1,1785175432.8867114,2687,95.62,-165.5,-1836.71,-0.5680029916286927,0.6854019934042622,-0.45562781844211303,-0.5946631778201314,-0.7244988868909624,-0.3485356048363197,-0.5689888456250422,0.07297582018189537,0.8191008626677558,0.1476
1,1785175432.9315915,2690,95.56,-165.51,-1836.69,-0.565151760937152,0.6845819808371697,-0.4603813621582581,-0.5933164689287119,-0.7250165224234146,-0.3497522121602996,-0.5732181563834149,0.07548876556227042,0.8159181279186556,0.13490000000000002
1,1785175432.9914312,2696,95.46000000000001,-165.51,-1836.72,-0.5640711172221008,0.6826254065254758,-0.4645926485446581,-0.5912789125022674,-0.7266585452830344,-0.3497950917284009,-0.576379234832369,0.07739452779798724,0.8135091054935891,0.1529
1,1785175433.0512714,2699,95.46000000000001,-165.51,-1836.73,-0.5637240049400885,0.6823496854286645,-0.46541825603397824,-0.5911122514922453,-0.7268531969930009,-0.34967232683874494,-0.5768895495587308,0.0779957487075824,0.8130898540711647,0.1413
1,1785175433.111111,2702,95.47,-165.51,-1836.72,-0.5633288204948811,0.6823283918015659,-0.46592768295233855,-0.5913816380877458,-0.7267922960184652,-0.34934326468512644,-0.5769994784508047,0.07874594713187853,0.8129395289182355,0.1444
1,1785175433.170951,2705,95.47,-165.51,-1836.72,-0.5640783024869805,0.6823765416704627,-0.46494937793405633,-0.59123152941609,-0.7268528637070513,-0.3494713051813694,-0.5764208074729066,0.07776355122239535,0.8134444558871642,0.1568
1,1785175433.215833,2708,95.46000000000001,-165.5,-1836.71,-0.5634959260894663,0.6822932288217923,-0.4657770831465499,-0.5907226883924824,-0.7269250722039475,-0.3501808744344036,-0.5775110792867378,0.07781959460970542,0.8126654071608121,0.1486
1,1785175433.2756712,2711,95.46000000000001,-165.51,-1836.7,-0.5634620209028008,0.682347678021245,-0.46573833565549116,-0.5910432782718784,-0.7268374087267564,-0.3498217038506971,-0.5772160723765083,0.07816026851533511,0.8128422837278141,0.1413
1,1785175433.335512,2714,95.46000000000001,-165.51,-1836.73,-0.564234110985203,0.6822563460519002,-0.4649367121153665,-0.5913863745385463,-0.726938040927481,-0.3490318619591486,-0.5761093854563487,0.07802155422974802,0.8136403462615917,0.1505
1,1785175433.3953507,2720,95.46000000000001,-165.5,-1836.71,-0.564347172491207,0.6821294366589149,-0.4649856992903883,-0.5912528971416044,-0.727062862534625,-0.3489980022071994,-0.5761356442044177,0.07796810608414388,0.8136268763449328,0.1457
1,1785175433.4551916,2723,95.47,-165.5,-1836.73,-0.5643044075435464,0.6821227263680602,-0.4650474403747765,-0.5909645380801611,-0.7271024996516255,-0.34940359146989214,-0.5764732867693251,0.07765655910843625,0.8134174871914234,0.14730000000000001
1,1785175433.5000718,2726,95.46000000000001,-165.5,-1836.72,-0.5647078080982095,0.6822047283279981,-0.4644370787521573,-0.5913037392361309,-0.7270360234678703,-0.3489677757979891,-0.5757299535704957,0.07755855353826611,0.8139531260058938,0.152
1,1785175433.5599465,2729,95.46000000000001,-165.51,-1836.75,-0.5645005717356897,0.6822938254895757,-0.4645581128436783,-0.5907101038775265,-0.7270276439844088,-0.3499891113441691,-0.5765419999332928,0.07685011763998746,0.8134453772267924,0.1595
1,1785175433.619751,2732,95.46000000000001,-165.5,-1836.72,-0.5644597343977803,0.6823000189766449,-0.4645986357578519,-0.5910986673322528,-0.7269668846443818,-0.34945888757975085,-0.5761836284741367,0.07736816357463903,0.8136501665602152,0.1474
1,1785175433.6646323,2735,95.46000000000001,-165.5,-1836.73,-0.5636384849904479,0.6820754982863174,-0.4659234624647534,-0.5910146012714337,-0.7270635395027106,-0.34939998656233295,-0.5770731316927178,0.07843229030993587,0.8129175705538029,0.14100000000000001
1,1785175433.7245016,2738,95.46000000000001,-165.5,-1836.72,-0.5647934583320442,0.6821810799495998,-0.4643676599248995,-0.5914221543175585,-0.7270464969012069,-0.3487452174956107,-0.575524269521023,0.07766830436208048,0.8140881092915017,0.1589
1,1785175433.7843108,2741,95.45,-165.51,-1836.73,-0.5641216087339279,0.682085522386088,-0.46532370529636946,-0.5915405892184934,-0.7270337055996818,-0.3485709715811583,-0.5760612310045544,0.07862144156203563,0.813616695416352,0.1506
1,1785175433.8441505,2747,95.46000000000001,-165.5,-1836.7,-0.5644395956333454,0.6821543546697703,-0.4648369383841334,-0.5913032117891402,-0.7270467371448813,-0.3489463479316396,-0.5759934501442812,0.07790043910050143,0.8137340271727835,0.1511
1,1785175433.9039905,2750,95.45,-165.5,-1836.71,-0.5637649187316992,0.6820460054343594,-0.46581365681834,-0.590744494121222,-0.7271351381367129,-0.34970764011151484,-0.5772261767045064,0.07802395374458429,0.8128482045063278,0.1539
1,1785175433.948872,2753,95.46000000000001,-165.5,-1836.71,-0.5645886854044788,0.6819855873497516,-0.46490351145206127,-0.591525949721243,-0.7271582596207266,-0.34833592446335104,-0.5756185083192025,0.07833596946850417,0.8139574981335362,0.1516
1,1785175434.0087104,2756,95.46000000000001,-165.5,-1836.72,-0.5650480852545617,0.682134347670982,-0.46412648392182626,-0.5915587819254967,-0.7270889527027186,-0.3484248303213858,-0.575133783459967,0.07768131425991455,0.8143627843522052,0.1502
1,1785175434.0685503,2759,95.46000000000001,-165.5,-1836.72,-0.5638598436192901,0.6820834090325077,-0.4656439625682075,-0.5914719421872261,-0.7270178856338971,-0.34872042609185977,-0.5763879061525321,0.07878589398496544,0.8133693899760978,0.1481
1,1785175434.128394,2762,95.46000000000001,-165.5,-1836.69,-0.5651611843900388,0.682007364469547,-0.46417538761566285,-0.5914252532266564,-0.7272137618183508,-0.3483910367213659,-0.5751599825306293,0.07762795521785419,0.8143493691678413,0.1663
1,1785175434.1885123,2768,95.45,-165.5,-1836.74,-0.5646944165974108,0.6821076590790994,-0.46459590752539004,-0.5914399872021717,-0.7270891546857468,-0.34862602122713227,-0.575603124906393,0.07791342993346599,0.8140089311758184,0.1627
1,1785175434.2483528,2771,95.45,-165.5,-1836.74,-0.5643811811106227,0.6820747779433181,-0.4650246011790685,-0.5909326525658644,-0.7271505866988914,-0.3493574450257633,-0.5764308133155701,0.07762745362970032,0.8134503647447207,0.14200000000000002
1,1785175434.308697,2774,95.46000000000001,-165.5,-1836.74,-0.5642819911858252,0.6820012664825746,-0.465252734478288,-0.5909505299745544,-0.7271933330053119,-0.34923821033131364,-0.5765095884251654,0.07787251728812722,0.8133711117964891,0.14650000000000002
1,1785175434.3685374,2777,95.49,-165.48,-1836.77,-0.563489180787742,0.6822445407692055,-0.4658565548811942,-0.5907910483724913,-0.7269517583939823,-0.3500101114694108,-0.5774477294942736,0.07799697147013325,0.8126934182970816,0.168
1,1785175434.4283772,2780,95.49,-165.47,-1836.8500000000001,-0.5628695191552749,0.6816430829474488,-0.4674832744342914,-0.5904260459037887,-0.7273891355775275,-0.34971721399181127,-0.5784245747928821,0.07916914117050125,0.8118850031636244,0.1499
1,1785175434.4882195,2786,95.28,-165.49,-1836.93,-0.5566913088370234,0.677092234899441,-0.48129086019184075,-0.5860328510064072,-0.7307227176803309,-0.3501568325867332,-0.5887786376955467,0.08712298953061559,0.8035852789148297,0.15940000000000001
1,1785175434.5480566,2789,95.23,-165.5,-1836.94,-0.5570202063081994,0.6764328200963703,-0.48183724395364336,-0.5854349881016199,-0.7313258720950614,-0.3498976186127225,-0.5890622755454872,0.08718433747451215,0.8033707281375786,0.1584
1,1785175434.607898,2792,95.25,-165.52,-1837.0,-0.5563181835356726,0.6762666793936165,-0.4828803754652916,-0.5849392389821354,-0.7314444280712535,-0.3504784377711657,-0.590217049369611,0.08747815147480034,0.8024907523753666,0.1426
1,1785175434.6677587,2795,95.25,-165.52,-1836.97,-0.5563598099550398,0.6764474668787009,-0.4825790986151194,-0.5855680622429132,-0.731224282315339,-0.3498872581753977,-0.5895539045311056,0.08791969919083302,0.8029298351327604,0.1509
1,1785175434.7126508,2798,95.26,-165.52,-1836.98,-0.5565081639233067,0.6763193040858756,-0.4825876732859085,-0.585040570204415,-0.7314116453843994,-0.350377705071225,-0.5899374498212524,0.08734531422396061,0.8027107831476508,0.1554
1,1785175434.7724566,2801,95.26,-165.52,-1837.01,-0.5564065505297573,0.6762420771416597,-0.48281301104124136,-0.5850596871164846,-0.7314539251468047,-0.3502575022729614,-0.5900143329095806,0.0875888605386894,0.8026277334298862,0.1573
1,1785175434.8322966,2804,95.27,-165.53,-1836.99,-0.5570238665713301,0.6761775698839796,-0.4821911509512805,-0.5853898752018762,-0.731518158214062,-0.34957099166583905,-0.5891036462975395,0.08755043225993928,0.8033005762042258,0.1564
1,1785175434.8921373,2810,95.24,-165.56,-1837.01,-0.5558414403006058,0.6761523266415791,-0.4835890036195271,-0.5841497111705685,-0.7315929786361658,-0.3514837528956407,-0.5914468768908069,0.08711914133783458,0.8016238812739233,0.1501
1,1785175434.9519775,2813,95.15,-165.59,-1836.97,-0.5541691920780126,0.6744592026216122,-0.4878537593896574,-0.5834692106058906,-0.7327369144023735,-0.3502289173483931,-0.5936835746646033,0.09056157171288347,0.7995864023996097,0.1558
1,1785175434.9968567,2816,95.06,-165.61,-1836.99,-0.5524250831989947,0.6727954804252504,-0.4921105251586685,-0.5817364451793371,-0.7340012523080716,-0.3504637926523806,-0.597000197489659,0.09267363772691382,0.7968703539897622,0.16540000000000002
1,1785175435.056728,2819,94.96000000000001,-165.63,-1837.02,-0.5502357006843079,0.6706933439914889,-0.4974043747475118,-0.580224604328224,-0.7354830925205881,-0.3498628719205687,-0.6004832072794416,0.0960992140543643,0.7938418348975623,0.1584
1,1785175435.1165364,2822,94.93,-165.64000000000001,-1837.04,-0.5502960248745508,0.6698640706903219,-0.4984540217567306,-0.5793708412523166,-0.7362091673748454,-0.3497506114073565,-0.6012517886159265,0.09632335475588559,0.7932326884431332,0.1626
1,1785175435.1768825,2825,94.94,-165.63,-1837.02,-0.5495028049449735,0.6696278875554348,-0.499645033564482,-0.5797387439033089,-0.7362255119668198,-0.34910597867496873,-0.6016225196707816,0.09782886965124393,0.7927672143118305,0.1847
1,1785175435.236723,2828,94.89,-165.66,-1837.06,-0.5491575141287877,0.668755232509208,-0.5011910450790653,-0.5791619314973584,-0.7368887965622426,-0.34866367548871385,-0.602492723425055,0.09879949641878265,0.791985591868473,0.1636
1,1785175435.2821093,2831,94.86,-165.65,-1837.01,-0.5490067076881712,0.6682857075961476,-0.5019819199295048,-0.5784343368136613,-0.7373173501948826,-0.3489653895396175,-0.6033285613232106,0.09877923933860601,0.7913515710272847,0.1675
1,1785175435.341949,2837,94.96000000000001,-165.6,-1836.8700000000001,-0.5527242791978384,0.6688802469409709,-0.4970865985292861,-0.5816907649429621,-0.736793455255233,-0.3446320621664888,-0.5967677313371605,0.09866417559195848,0.7963250939719643,0.16010000000000002
1,1785175435.4017887,2840,94.98,-165.57,-1836.82,-0.5528638622834158,0.6693813742224364,-0.4962561089046124,-0.5821929953044026,-0.7363787598120399,-0.3446703328053772,-0.5961483590512952,0.09836105907199304,0.7968263525126938,0.1668
1,1785175435.4466686,2843,95.02,-165.57,-1836.81,-0.5542158014754958,0.6698622387696314,-0.49409455215111575,-0.5829191555660965,-0.7360795271717387,-0.34408165855322587,-0.594180194443557,0.09732168694164312,0.7984224356703974,0.1612
1,1785175435.506509,2846,95.03,-165.57,-1836.8,-0.5546173050700295,0.6703892875963328,-0.4929278324389273,-0.5829537073790771,-0.7357517286069226,-0.34472361234025517,-0.5937715216898223,0.09616442652044736,0.7988665615120877,0.1618
1,1785175435.5663483,2849,95.06,-165.57,-1836.78,-0.5561787862462219,0.6707155512529782,-0.4907196827488105,-0.5843508247893391,-0.7354740828453834,-0.34294604099006787,-0.5909308515365388,0.09601313852882717,0.8009882682862126,0.15480000000000002
1,1785175435.6261885,2852,95.05,-165.59,-1836.79,-0.5563309048744597,0.6707993072061481,-0.4904326801237012,-0.5846232008332088,-0.7353885524196879,-0.34266512810265576,-0.590518109230444,0.0960831224608543,0.8012842168975213,0.163
1,1785175435.6860285,2855,95.07000000000001,-165.59,-1836.76,-0.5555471893648362,0.6709841545225737,-0.4910678005820155,-0.5841382271721577,-0.7352490185276372,-0.34378977924062093,-0.5917346127657226,0.09586002886382473,0.8004130202097085,0.1579
1,1785175435.7309086,2858,95.07000000000001,-165.58,-1836.78,-0.5557058104968584,0.6711199103004069,-0.4907026779816911,-0.5843411644795732,-0.7351390795230816,-0.3436799925113661,-0.591385200757244,0.09575280547498348,0.800684047904655,0.1613
1,1785175435.7907484,2864,95.10000000000001,-165.57,-1836.6000000000001,-0.5553587760942059,0.6713168608353858,-0.4908261425120601,-0.5851735316299537,-0.7348262323280429,-0.34293198474668574,-0.5908879485104376,0.0967681798976128,0.8009290553253952,0.15330000000000002
1,1785175435.8506222,2867,95.19,-165.52,-1836.21,-0.5556013819972805,0.6727441090012478,-0.4885923332665275,-0.5858702446284495,-0.7337395608013653,-0.34406730936550867,-0.5899687794974519,0.0950874372308829,0.8018074697202254,0.1562
1,1785175435.895469,2870,95.37,-165.46,-1835.5900000000001,-0.5563051543349774,0.6737724878550376,-0.4863694170792096,-0.5883352555077102,-0.7326962351551709,-0.3420787250270264,-0.5868442743922909,0.09584811734756057,0.8040068009749132,0.14070000000000002
1,1785175435.9553092,2873,95.66,-165.45000000000002,-1834.5900000000001,-0.5567451937706737,0.6757413283838513,-0.4831236346188035,-0.5908033348494165,-0.7309556749474475,-0.3415482700774953,-0.5839402441552246,0.09527569667102656,0.8061862891911443,0.15130000000000002
1,1785175436.0151486,2876,96.0,-165.47,-1833.49,-0.554814266194795,0.6774922366935153,-0.48289274093399764,-0.5917126446356816,-0.7293428595938489,-0.34341685942556016,-0.5848566287603988,0.09520116795231551,0.8055305465440377,0.1558
1,1785175436.0749884,2879,96.29,-165.55,-1832.28,-0.553719638289168,0.6779999644139365,-0.48343625270309815,-0.5906257967295048,-0.7290300494301224,-0.3459427051775352,-0.5869886970040826,0.09397465234101243,0.8041225244369389,0.1612
1,1785175436.134829,2882,96.60000000000001,-165.62,-1830.97,-0.5517983957103352,0.6798486773257993,-0.4830365477164864,-0.5913861236048009,-0.7273608097725147,-0.34815040602411895,-0.5880314475427209,0.09355227600348764,0.8034096018565995,0.1703
1,1785175436.1797087,2885,97.18,-165.70000000000002,-1829.57,-0.5507633233975235,0.6870424924810365,-0.47395397996594546,-0.593289907556835,-0.7216579922223478,-0.3566746807005118,-0.5870833392213725,0.08474878044582543,0.805078131004456,0.14730000000000001
1,1785175436.2395484,2891,97.9,-165.6,-1826.54,-0.5494043880651099,0.6888536278014192,-0.47290115017794765,-0.5865815519863204,-0.7210349109169469,-0.36882345384792115,-0.5950436128924681,0.07476186664211915,0.8002085740930699,0.1449
1,1785175436.2994106,2894,97.95,-165.71,-1825.03,-0.5418782110187441,0.6892223700624134,-0.4809787199332996,-0.5812536530841842,-0.720676167455799,-0.377849245648992,-0.6070520531218196,0.07482236474992736,0.7911317327309103,0.1647
1,1785175436.3592284,2897,98.16,-165.70000000000002,-1823.56,-0.5363383315267816,0.6930155005261533,-0.4817371795549447,-0.5791346080384675,-0.7173884407144836,-0.38724272866171694,-0.6139578975037283,0.07129755367280621,0.7861121796112018,0.14600000000000002
1,1785175436.419097,2900,98.14,-165.72,-1822.03,-0.532637379906499,0.6952890392520905,-0.4825666517925218,-0.5804694553749702,-0.7150519161728709,-0.3895586843521673,-0.615916092420896,0.07262168459496683,0.7844574290702865,0.1617
1,1785175436.4639487,2903,97.95,-165.70000000000002,-1820.5900000000001,-0.529053436646923,0.6955506472528096,-0.4861190782907804,-0.5816881360128021,-0.7143446879095424,-0.38903801777894453,-0.6178522263405968,0.07694780023896808,0.7825200715920019,0.17750000000000002
1,1785175436.5237892,2906,97.66,-165.72,-1819.1100000000001,-0.5250830482282695,0.6951930749167957,-0.49091178540654246,-0.5834827891739237,-0.7139881565726608,-0.3869996731417118,-0.6195446934653924,0.08323160975076618,0.7805362720189043,0.1844
1,1785175436.5836291,2909,97.45,-165.74,-1817.68,-0.5243967167472883,0.6963787011423977,-0.48996406813142057,-0.5867913130020209,-0.7125293680177224,-0.3846788981704475,-0.6169959792818983,0.08578230766010081,0.7822770335645033,0.1579
1,1785175436.6285086,2912,97.10000000000001,-165.74,-1816.24,-0.5271754371829479,0.6962379931162573,-0.48717421460132126,-0.5912572771810981,-0.7123127811867731,-0.37818690344637607,-0.6103285104035057,0.08867445347680852,0.7871695819130891,0.15710000000000002
1,1785175436.6883497,2918,95.77,-166.0,-1813.6000000000001,-0.5377909418023374,0.6910314836994172,-0.4829662425589775,-0.5994083790758958,-0.7162444094183236,-0.35735632227596614,-0.5928663407623697,0.09731101948484129,0.799399817036418,0.1653
1,1785175436.7481887,2921,94.39,-165.9,-1812.57,-0.5404045646784453,0.687344247999128,-0.48530484359545933,-0.5999427965105872,-0.7191716294693976,-0.35051506141874655,-0.5899419864611741,0.10173520584755673,0.8010108616625614,0.157
1,1785175436.808053,2924,92.87,-165.87,-1811.67,-0.5385129964458254,0.684843618747985,-0.49091034875942746,-0.5980008459239,-0.721068070889539,-0.34993688776397747,-0.593631822709361,0.1051192418342284,0.7978415908330165,0.16590000000000002
1,1785175436.8678677,2927,91.21000000000001,-165.76,-1810.77,-0.5387436216851508,0.682374080180306,-0.49408594878993306,-0.597244075709721,-0.7229811524019826,-0.34727189247208345,-0.5941841668398848,0.10799938874633759,0.7970453612607061,0.1758
1,1785175436.9127483,2930,89.77,-165.46,-1809.76,-0.5413429125636147,0.6826032353927359,-0.4909181948639832,-0.5977679787180701,-0.7230556317358026,-0.3462138024898087,-0.5912878272351423,0.10603478885020984,0.7994593979165145,0.1602
1,1785175436.9725883,2933,88.37,-165.03,-1808.78,-0.5453399452897013,0.6820228099011465,-0.48728762640351353,-0.5990839926895297,-0.7237329561443601,-0.34250398230344303,-0.5862616427625101,0.10514511384315631,0.8032694387690301,0.19890000000000002
1,1785175437.0324283,2936,86.94,-164.64000000000001,-1807.75,-0.5450008544508448,0.6821926942982515,-0.48742917074580344,-0.598687352265169,-0.723641671700722,-0.34338926194030295,-0.5869817057503331,0.10467023848390192,0.8028054672771933,0.18080000000000002
1,1785175437.0773084,2939,85.48,-164.31,-1806.58,-0.5443735475749288,0.6821965418055371,-0.4881242864775864,-0.5984296355627073,-0.7236060970196442,-0.34391305243663345,-0.5878260048526026,0.10489087045383577,0.8021586459762587,0.1704
1,1785175437.1369116,2945,82.66,-163.86,-1804.64,-0.5390199301191235,0.6829668099144416,-0.49296435113471065,-0.5955612414295042,-0.7228980849104601,-0.35032151880770446,-0.59562095550889,0.10476018035532418,0.7964050363794776,0.1621
1,1785175437.1967895,2948,81.33,-163.75,-1803.82,-0.5360227005145529,0.6828969718529282,-0.4963178320060514,-0.5930846058310333,-0.7230076181596317,-0.354274800697685,-0.6007747621690962,0.10445913036799377,0.7925641773531206,0.1544
1,1785175437.256629,2951,80.28,-163.8,-1803.1100000000001,-0.5334591532887275,0.6848561602922921,-0.4963802690298766,-0.5916012239058743,-0.7215368276331094,-0.35971182666437357,-0.6045075050365759,0.10176760820048386,0.7900721677641906,0.18080000000000002
1,1785175437.3164694,2954,79.44,-164.03,-1802.44,-0.529540986349768,0.6865220661787844,-0.4982708063145258,-0.5888890642388207,-0.720295743195051,-0.3665838408263726,-0.6105702365785945,0.09930506021700013,0.7857114554463724,0.1877
1,1785175437.3613474,2957,78.76,-164.28,-1801.82,-0.5235848140366977,0.6862524552084185,-0.5048925729604015,-0.5866793019451404,-0.7201383772638443,-0.37041613660983985,-0.6177915013815901,0.10226575825863925,0.7796636297201929,0.18460000000000001
1,1785175437.4211884,2960,78.28,-164.45000000000002,-1801.2,-0.5208793269602896,0.6854985889047054,-0.5087007090176441,-0.5853082122247153,-0.7205887675058031,-0.3717070416965161,-0.6213686695092565,0.1041321888472807,0.7765677457879453,0.1771
1,1785175437.481027,2963,77.93,-164.55,-1800.46,-0.5204488926558231,0.6846386729292758,-0.5102968132988558,-0.5853184033702854,-0.7211604943689784,-0.37058050142654597,-0.6217196448636533,0.10581790439774547,0.7760587956459757,0.18180000000000002
1,1785175437.5408678,2969,78.21000000000001,-165.52,-1798.47,-0.5176783979575704,0.6838495832324815,-0.514158364515102,-0.587787549502377,-0.720946000460402,-0.36707310044477587,-0.6217032032554392,0.11219007056291186,0.7751764412887009,0.18180000000000002
1,1785175437.600707,2972,78.53,-165.95000000000002,-1797.5900000000001,-0.517540030780399,0.6833318551605055,-0.5149853320850274,-0.590146119884337,-0.7208622032087993,-0.36343533285911794,-0.6195804013405247,0.11582426217273323,0.7763406897534462,0.17020000000000002
1,1785175437.6455872,2975,78.74,-166.36,-1796.88,-0.5179648826019488,0.6829907397906261,-0.5150107083851776,-0.5919516869043631,-0.7208170385716012,-0.36057731109423025,-0.6174994581068293,0.11809507299256745,0.7776554333203441,0.1937
1,1785175437.705427,2978,78.91,-166.71,-1796.4,-0.5137800198350797,0.682570667534491,-0.5197377945077541,-0.5916531748353816,-0.7206025051726673,-0.36149488273845515,-0.6212701601762946,0.12177566817880853,0.7740762718971086,0.1721
1,1785175437.7652683,2981,79.02,-166.91,-1796.0900000000001,-0.5117228992036276,0.6826657035112262,-0.5216389667961516,-0.5918062622113273,-0.720224574952269,-0.3619971127540679,-0.6228202167865875,0.12346699512155515,0.7725612459071203,0.1895
1,1785175437.8101475,2984,79.09,-166.97,-1795.9,-0.5117566183177331,0.6829486954924874,-0.5212353047646598,-0.5914352585957577,-0.7201057808318088,-0.36283880622444487,-0.6231448455196973,0.12259177679486007,0.7724388375557716,0.18760000000000002
1,1785175437.8699875,2987,79.12,-166.99,-1795.8700000000001,-0.5113273940244278,0.6827709684545212,-0.5218889735909954,-0.5918594144661096,-0.7200865319680142,-0.3621847870716161,-0.6230944788938684,0.1236898989972637,0.7723043954672442,0.19160000000000002
1,1785175437.929828,2990,79.14,-167.0,-1795.88,-0.5109295744880179,0.6826081517035022,-0.5224912258989824,-0.5918783168636216,-0.7201408000765552,-0.36204597234575825,-0.6234027814665087,0.12427123276538106,0.7719621964622315,0.185
1,1785175437.98967,2996,79.14,-167.0,-1795.82,-0.5116981083537697,0.6827068975593347,-0.5216093729335028,-0.5921372192638281,-0.7201268715640606,-0.36165011048506557,-0.6225259508403446,0.12380864620965366,0.7727437218470673,0.1804
1,1785175438.0495067,2999,79.14,-167.0,-1795.81,-0.5117228992036276,0.6826657035112262,-0.5216389667961516,-0.5918062622113273,-0.720224574952269,-0.3619971127540679,-0.6228202167865875,0.12346699512155515,0.7725612459071203,0.1885
1,1785175438.0943956,3002,79.15,-166.99,-1795.82,-0.5116050147989585,0.6827322014326555,-0.5216675665205548,-0.5920102475830835,-0.7201217280535037,-0.361868157678804,-0.6227231933926771,0.12369898104736193,0.7726023469409544,0.1778
1,1785175438.1542275,3005,79.18,-166.98,-1795.79,-0.5116184566108899,0.6828454626015265,-0.5215061160327826,-0.5918619024170796,-0.7200743861407733,-0.36220486867410245,-0.6228531474772576,0.12334890606931066,0.7725535606345865,0.1794
1,1785175438.2140677,3008,79.21000000000001,-166.95000000000002,-1795.8,-0.511099997373274,0.6829232390078673,-0.5219124852961866,-0.5924234302907264,-0.7198372598283809,-0.3617579281858749,-0.6227449493393004,0.12429870870516355,0.772488549485765,0.1773
1,1785175438.2589474,3011,79.22,-166.95000000000002,-1795.8,-0.5103198681935582,0.6829785493661723,-0.5226030359963367,-0.592346917352455,-0.7197061661032668,-0.3621438443160132,-0.6234571048836907,0.12475309847300782,0.771840594158814,0.1883
1,1785175438.3186333,3014,79.26,-166.92000000000002,-1795.83,-0.5108775347248343,0.683169304483981,-0.5218082463169292,-0.5926828190592534,-0.7195840670864234,-0.36183676760016786,-0.6226806729821088,0.12441250663110631,0.7725220434966973,0.1812
1,1785175438.3784735,3017,79.29,-166.92000000000002,-1795.8600000000001,-0.5102401215687525,0.6831174339315347,-0.5224993682295702,-0.5920711240889134,-0.7196538670130948,-0.36269835361246067,-0.6237842594692456,0.1242935362434204,0.771650383584762,0.1689
1,1785175438.4383123,3023,79.4,-166.92000000000002,-1795.91,-0.5103738563933272,0.6834324270929336,-0.521956554042638,-0.5917524324791186,-0.7195165651086395,-0.36348998774286906,-0.6239772314477905,0.12335327369845814,0.7716452452407283,0.1781
1,1785175438.4981859,3026,79.44,-166.92000000000002,-1795.92,-0.511288416650175,0.6834451263919027,-0.5210440616785812,-0.5925156916522182,-0.7194826112199019,-0.362311919895116,-0.6225024579431397,0.12348089473010672,0.772815086868393,0.1907
1,1785175438.5430324,3029,79.47,-166.93,-1795.95,-0.5116991676492503,0.6837200960361479,-0.5202795326585367,-0.5923487463375253,-0.7193806673739016,-0.3627870148186704,-0.6223238100373683,0.1225491153986879,0.7731072304509723,0.17980000000000002
1,1785175438.6027608,3032,79.48,-166.93,-1795.93,-0.51072189775589,0.6836769272403012,-0.5212955038285697,-0.5923963001870134,-0.7192668511989824,-0.36293500835692194,-0.6230808668843558,0.12345467154207286,0.7723530134576279,0.1827
1,1785175438.662601,3035,79.48,-166.94,-1795.93,-0.5102310255315208,0.6835396168919808,-0.5219558340743178,-0.5922877241614583,-0.7193161640426724,-0.36301447347809107,-0.6235860424934904,0.12392678599116194,0.7718695481240386,0.1842
1,1785175438.722441,3038,79.49,-166.93,-1795.94,-0.5108216718998608,0.6837082570775648,-0.521156635495884,-0.5924492473527507,-0.7192483104538939,-0.36288532240968147,-0.622948720866004,0.12338916935119479,0.7724700667716724,0.1859
1,1785175438.7822807,3041,79.49,-166.95000000000002,-1795.94,-0.5104510337165536,0.6837722979228092,-0.5214356976378418,-0.5921707919103444,-0.7192077058944002,-0.3634199072565916,-0.6235170369652923,0.12327092266822244,0.7720303000780133,0.1734
1,1785175438.8271608,3044,79.49,-166.94,-1795.95,-0.5107672842971588,0.6838055673801652,-0.5210822653973127,-0.5918422810806373,-0.7192927542730984,-0.3637865417734527,-0.6235699604831627,0.12258825257793018,0.7720962535286104,0.1865
1,1785175438.8870008,3050,79.5,-166.95000000000002,-1795.97,-0.5106356532654399,0.6837587904989132,-0.5212726215999077,-0.5921948243063277,-0.7192378027922686,-0.3633211707282515,-0.6233430192750817,0.12317020520407117,0.7721868820894408,0.1734
1,1785175438.9468405,3053,79.5,-166.95000000000002,-1795.96,-0.5108785094572048,0.6836826228753716,-0.5211345505270564,-0.5917125660881959,-0.7194193314195243,-0.36374725389095003,-0.6236019465236675,0.1225312072826231,0.7720794748817998,0.1835
1,1785175439.0067027,3056,79.5,-166.94,-1795.94,-0.5113967695179749,0.6838002503929905,-0.5204714801879761,-0.5925287229755462,-0.7192477345027007,-0.3627566799684067,-0.6224010415925956,0.12288170724406472,0.7729922570435206,0.1899
1,1785175439.0665212,3059,79.49,-166.94,-1795.93,-0.5104057711322282,0.6836433808972516,-0.5216489974592983,-0.5927247151435068,-0.719181239739356,-0.3625682783490741,-0.623027576318227,0.1241373117251149,0.7722865834550653,0.1731
1,1785175439.1263604,3062,79.51,-166.94,-1795.96,-0.5099350524487214,0.683675875246384,-0.5220666048410016,-0.5923933270006181,-0.7191594591202084,-0.363152610458837,-0.6237278159656329,0.12408452749646086,0.7717296428327225,0.16740000000000002
1,1785175439.1862004,3068,79.51,-166.94,-1795.97,-0.5112511018681133,0.6838856177933744,-0.5205024232546995,-0.5920253583643069,-0.7192672587797737,-0.3635389738405553,-0.6229994268795548,0.12229093270886655,0.7726038065431348,0.1963
1,1785175439.2460403,3071,79.49,-166.95000000000002,-1795.93,-0.5107286653680082,0.6837335194806441,-0.5212146436066669,-0.5923220575171947,-0.7192430705901155,-0.3631032712420797,-0.623145898285474,0.12327968099696718,0.7723284985699257,0.1835
1,1785175439.305881,3074,79.51,-166.94,-1795.93,-0.510337643542656,0.6836276766920756,-0.5217362257347326,-0.5922663982234486,-0.7192738591481602,-0.36313307351649454,-0.6235190479197508,0.12368635820779625,0.7719622281397842,0.17880000000000001
1,1785175439.3657238,3077,79.5,-166.95000000000002,-1795.96,-0.5110516080925661,0.6838231821908615,-0.5207802889553002,-0.5919193664317918,-0.719304317104758,-0.3636382309898726,-0.6232637623903609,0.12242203597727634,0.7723698127180981,0.17750000000000002
1,1785175439.4255605,3080,79.51,-166.94,-1795.95,-0.5104374804619646,0.6836590435218037,-0.5215974412806238,-0.5923193710341632,-0.7192553024809197,-0.36308342367942625,-0.6233869915528674,0.12362088037193765,0.7720793590679211,0.1787
1,1785175439.485401,3086,79.5,-166.94,-1795.92,-0.5104556430987394,0.6835614056281031,-0.5217076203817463,-0.5920624388251736,-0.7193766903435534,-0.36326195220906693,-0.6236161519404703,0.12345437264871177,0.7719209240024999,0.1791
1,1785175439.5452402,3089,79.51,-166.95000000000002,-1795.95,-0.5096887443062068,0.6837304278828201,-0.5222356612820864,-0.5918360611602347,-0.7191980114902962,-0.363983924066356,-0.6244577332677539,0.12355938756557379,0.7712234547175801,0.1661
1,1785175439.6051128,3092,79.5,-166.95000000000002,-1795.93,-0.5103127071855253,0.6836686423791681,-0.5217069371902249,-0.5925975340315587,-0.7191761195856975,-0.36278626169877803,-0.6232247616588225,0.1240278051288647,0.7721450640975569,0.17930000000000001
1,1785175439.6649523,3095,79.51,-166.95000000000002,-1795.95,-0.5103511986651712,0.6837409644794561,-0.5215744889406752,-0.5921177903828242,-0.719226265193897,-0.363469533478943,-0.6236490810810077,0.12333642182235414,0.7719131756349761,0.1699
1,1785175439.7098324,3098,79.5,-166.95000000000002,-1795.93,-0.5104828260139778,0.6837878827307979,-0.5213841345642533,-0.5917651301944447,-0.7192812185641786,-0.36393482837835456,-0.623876041398237,0.12275447059623863,0.7718225346009937,0.1925
1,1785175439.7696726,3101,79.5,-166.95000000000002,-1795.96,-0.5104442522866568,0.6837156783445064,-0.5215165735558434,-0.5922450863673865,-0.7192315210535333,-0.36325167143002657,-0.6234520213947524,0.12344590033262574,0.7720548469570441,0.1766
1,1785175439.8295124,3104,79.5,-166.95000000000002,-1795.95,-0.5095751899240586,0.6835855428532438,-0.5225360575270339,-0.5919318468414039,-0.7192642633292261,-0.36369713800412384,-0.6244596179968603,0.12397469539991524,0.7711552764467826,0.1676
1,1785175439.8743927,3107,79.5,-166.95000000000002,-1795.93,-0.5101597047646573,0.6836977673559862,-0.5218183961368911,-0.5921680496550535,-0.7192199986507105,-0.36340004748018684,-0.6237580272847538,0.12361212098055636,0.7717810356211925,0.1694
1,1785175439.9342334,3113,79.51,-166.94,-1795.94,-0.5110129439399697,0.6837512907676664,-0.5209126063931988,-0.5923989630894752,-0.7192546472536436,-0.3629548469638492,-0.622839658063229,0.12311346302328921,0.7726019903974446,0.17550000000000002
1,1785175439.9940732,3116,79.51,-166.94,-1795.96,-0.5112375118891642,0.6837726468736743,-0.5206641660655613,-0.5921738068132115,-0.7193150641169196,-0.3632024518898808,-0.6228694798765837,0.12264096347404307,0.7726530949374582,0.1782
1,1785175440.054419,3119,79.53,-166.95000000000002,-1796.01,-0.5093609941570686,0.6838506645652045,-0.5223979768385888,-0.5923473659981318,-0.7189675022887226,-0.3636073825540274,-0.6242403188087084,0.12423364772252217,0.7712911416236792,0.1801
1,1785175440.114766,3122,79.47,-167.01,-1796.07,-0.5045557834242118,0.6843367185979367,-0.526409267577793,-0.5899926339222378,-0.7184299797694654,-0.3684658139990003,-0.6303428855239666,0.1246660328519927,0.766241624373321,0.1771
1,1785175440.1596446,3125,79.5,-167.07,-1796.17,-0.502829546692656,0.6849949904684983,-0.5272042393664145,-0.5884067345529577,-0.7180407362152071,-0.37174590228844245,-0.6331982009652137,0.12328570139551792,0.7641077634246572,0.1786
1,1785175440.2199895,3128,79.58,-167.11,-1796.21,-0.5004748780718193,0.684960217984218,-0.5294850292482403,-0.5882025956000433,-0.7177805560404334,-0.37257050326033325,-0.6352500318365748,0.1249822913428081,0.7621265143677473,0.18000000000000002
1,1785175440.2798285,3131,79.75,-167.24,-1796.29,-0.4985840976165071,0.6856079613903122,-0.5304296568652185,-0.5872924670124603,-0.7172406479566809,-0.3750378795656497,-0.6375746668385998,0.12452941900169934,0.7602571722836607,0.1867
1,1785175440.3252141,3134,79.93,-167.41,-1796.44,-0.48920240579598434,0.6869998137860367,-0.5373195157644769,-0.5829534094704419,-0.715797602656011,-0.38444650397512353,-0.648726697886104,0.12516008904542272,0.7506587930344476,0.1869
1,1785175440.3850532,3140,80.36,-167.97,-1796.74,-0.45718370244028655,0.687054653500587,-0.5647468152421754,-0.5719893252208644,-0.7133921435721049,-0.4048454783284327,-0.6810369109353558,0.13794039507260247,0.7191391891357629,0.19740000000000002
1,1785175440.4448931,3143,80.71000000000001,-168.32,-1797.03,-0.4423146947488179,0.6868875486059755,-0.5766655931988085,-0.5653666263793669,-0.7126859126961683,-0.4152581939237839,-0.6962171274722228,0.1423526796885229,0.7035747479833421,0.2177
1,1785175440.504733,3146,81.3,-168.52,-1797.2,-0.4316616308119633,0.6869038441859534,-0.5846634462041521,-0.5611891628498801,-0.711954031948914,-0.4221234178430938,-0.7062116962955278,0.14589230697416436,0.6928062317713006,0.22340000000000002
1,1785175440.5646093,3149,82.06,-168.84,-1797.3400000000001,-0.41762928866741494,0.6892357088562131,-0.5920641138294248,-0.555886650876206,-0.7092475355482152,-0.43354119146445347,-0.7187320840374274,0.14806103794130462,0.6793394736204866,0.22290000000000001
1,1785175440.6094542,3152,82.99,-169.13,-1797.6000000000001,-0.401638351795298,0.6924557471845271,-0.599326015252362,-0.549550993223046,-0.705742048637665,-0.44712623120576944,-0.7325846983214432,0.1497771644004174,0.6639928168357322,0.2212
1,1785175440.669295,3155,84.12,-169.46,-1797.99,-0.38291230462304177,0.6972492838934419,-0.6059881212353537,-0.5409351154180686,-0.7009932348605681,-0.4647555116266589,-0.7488440210590667,0.14983965025919974,0.6455855569436857,0.22940000000000002
1,1785175440.729134,3158,85.23,-169.91,-1798.6000000000001,-0.34803840257797447,0.703055578822824,-0.6201468563308821,-0.5244356742816895,-0.6943255007789882,-0.4928278832500421,-0.7770691692968404,0.153704105521327,0.6103593646977223,0.2275
1,1785175440.7740133,3161,86.91,-169.95000000000002,-1799.01,-0.3358633434461723,0.7091135175835769,-0.6199627680025669,-0.5188070397521387,-0.6886267970360034,-0.5065889753118968,-0.7861520654636615,0.15149638142272953,0.5991775833449025,0.24450000000000002
1,1785175440.8338685,3167,90.63,-169.58,-1799.94,-0.3248056543323416,0.7213417976000217,-0.6116921594633274,-0.5146956284015807,-0.6774149502946232,-0.5255448555752738,-0.7934668846385723,0.14413533970717438,0.5912996759930248,0.24500000000000002
1,1785175440.8936934,3170,92.47,-169.18,-1800.45,-0.3243217378994243,0.7261273242579059,-0.6062627477356256,-0.516881536122859,-0.6728006692279277,-0.5293134582662017,-0.792242947549027,0.14169815966520674,0.5935256890871051,0.22870000000000001
1,1785175440.9535353,3173,94.31,-168.51,-1801.05,-0.32732814368079705,0.7291972199285867,-0.6009390158767394,-0.5224264555599734,-0.6695906682790577,-0.5279383822802127,-0.7873543578881919,0.1411373494225584,0.6001277894852461,0.23
1,1785175441.0133736,3176,96.04,-167.75,-1801.73,-0.32741408907718056,0.7316597301523236,-0.5978913392475166,-0.525479536570048,-0.6668864598977973,-0.528331057435687,-0.7852841975488158,0.14119663196554127,0.6028202387127524,0.2361
1,1785175441.058254,3179,97.41,-166.92000000000002,-1802.56,-0.31962273045168016,0.7298997136771102,-0.6042248903783134,-0.5226365789628498,-0.6677030024767282,-0.5301166916949238,-0.7903747949603539,0.1463526851739816,0.5948853461245653,0.2398
1,1785175441.118094,3182,98.58,-166.08,-1803.48,-0.3102658572977336,0.7266364977078812,-0.6129718574242434,-0.5181087570065972,-0.6698653519469357,-0.5318305427239836,-0.7970560919460947,0.15257722785472402,0.5843130803189214,0.23650000000000002
1,1785175441.1779327,3185,99.57000000000001,-165.09,-1804.31,-0.2981785130817139,0.7200734947852856,-0.6265650297008948,-0.512048052196045,-0.6746492632372226,-0.531653236476285,-0.8055410396613039,0.16230383150492078,0.5698781446065533,0.2454
1,1785175441.2233198,3188,100.59,-164.09,-1805.13,-0.2870899031140361,0.7142759733149873,-0.6382704924049843,-0.5062438529234136,-0.678800725406675,-0.5319273790327296,-0.8132014196416719,0.1704095335722142,0.5564746552723401,0.2454
1,1785175441.283158,3194,102.52,-162.0,-1806.53,-0.27376446420785816,0.7083686535202327,-0.6505896316780004,-0.5011025058948765,-0.6824199550836635,-0.5321647146227243,-0.8209441495758766,0.18032430677405292,0.5417876407445982,0.2747
1,1785175441.342998,3197,103.13,-160.9,-1807.16,-0.2693784934238524,0.70562358719398,-0.6553858256601184,-0.4998659312979941,-0.684136858555224,-0.5311222170967606,-0.8231459639749712,0.18453214343763838,0.5370089478118837,0.26580000000000004
1,1785175441.4028385,3200,103.49000000000001,-160.02,-1807.76,-0.26280346272695354,0.6982732004233195,-0.6658444845076795,-0.49692076768301013,-0.6894931587356974,-0.5269430089696591,-0.82704539816388,0.19238950498206767,0.5281876444491147,0.2665
1,1785175441.462678,3203,103.44,-159.21,-1808.44,-0.25074182982082177,0.6801307461495147,-0.6888764061282766,-0.4887430628818099,-0.7031980436643125,-0.5163746022720237,-0.835618784651837,0.20720685203146125,0.5087303482280163,0.27390000000000003
1,1785175441.507558,3206,103.43,-158.64000000000001,-1809.08,-0.23419985181883596,0.668110978606387,-0.7062422740629813,-0.478554628146952,-0.7115654180392914,-0.5144512841170688,-0.8462481298574124,0.21749109433764044,0.4863761163920858,0.2844
1,1785175441.5673983,3209,103.73,-158.18,-1809.49,-0.22813016335642744,0.6666693072005299,-0.7095834435806232,-0.47692790528389034,-0.7118930705410021,-0.515507545315512,-0.8488205945478057,0.22081732484673752,0.4803574786750386,0.2859
1,1785175441.627762,3212,103.99000000000001,-157.89000000000001,-1809.72,-0.22501241891177454,0.668086416643411,-0.709246044213176,-0.4776915399049546,-0.710069804440532,-0.5173119615135702,-0.8492232945690461,0.22239921923952646,0.47891375344934906,0.2894
1,1785175441.6726427,3215,104.22,-157.66,-1809.89,-0.22399522459486085,0.6700201830100546,-0.7077422509062682,-0.478963849666596,-0.7081272554932068,-0.5187961263735623,-0.8487754532685619,0.2227750982197781,0.47953256984475634,0.3145
1,1785175441.7324822,3221,104.61,-157.33,-1810.1100000000001,-0.22127877076388,0.6727748825418821,-0.7059813475085465,-0.4813938225633148,-0.7049340536108976,-0.520891512368543,-0.8481130191236932,0.22459282597728947,0.47985661328404033,0.2837
1,1785175441.7923212,3224,104.77,-157.20000000000002,-1810.19,-0.22052541405528436,0.6742818244073623,-0.7047783786621328,-0.48263729671139427,-0.7033427806856616,-0.5218909586115464,-0.8476023723296573,0.22506211171861065,0.4805385148870969,0.2952
1,1785175441.852667,3227,104.87,-157.06,-1810.23,-0.2165264219929194,0.6742288631572709,-0.7060678074127146,-0.48260039347766537,-0.7026016870606685,-0.5229222978174722,-0.8486537390444626,0.22752210755255545,0.4775149440391332,0.31420000000000003
1,1785175441.913027,3230,104.89,-156.97,-1810.28,-0.21318929051533791,0.6721115580203129,-0.709095466058749,-0.4823883725782543,-0.703557122709704,-0.5218321886255637,-0.8496186111490674,0.23081037381354877,0.4742096444919479,0.31520000000000004
1,1785175441.957908,3233,104.87,-156.94,-1810.31,-0.21072889604380296,0.6710804455861838,-0.7108054360540647,-0.4814171707213501,-0.7040870885189293,-0.5220142522150019,-0.8507824869535164,0.2321904548701046,0.47144114432281303,0.3301
1,1785175442.0182517,3236,104.85000000000001,-156.96,-1810.31,-0.20791877774932888,0.6706288948683684,-0.7120580504613763,-0.4808762822057155,-0.7040020167890648,-0.5226271726278098,-0.8517791868032666,0.23374782506915456,0.4688647685678735,0.3148
1,1785175442.078092,3239,104.77,-156.97,-1810.3400000000001,-0.20566946784987364,0.6689795824060876,-0.7142593284781981,-0.4789995277960679,-0.705273430682093,-0.5226364322787445,-0.8533812292085488,0.23463952415926742,0.46549411525476747,0.30960000000000004
1,1785175442.1229725,3242,104.72,-156.98,-1810.3600000000001,-0.20319935637389272,0.6678317341458696,-0.7160382646457913,-0.47836823931907524,-0.7057884844861038,-0.5225193228748359,-0.8543265471586399,0.23635437384260427,0.4628852566084459,0.314
1,1785175442.182812,3248,104.68,-156.92000000000002,-1810.3500000000001,-0.20282500246049245,0.6651089397881947,-0.7186738596823489,-0.47906440137804374,-0.7074968279623322,-0.5195628333084792,-0.8540253612798614,0.2389107294306,0.46212806196306766,0.3165
1,1785175442.2426522,3251,104.67,-156.88,-1810.3700000000001,-0.20413501561927871,0.6643517081688833,-0.7190032706818543,-0.4803470537408605,-0.707948584053103,-0.5177600895199256,-0.8529921473030052,0.23967813874088198,0.4636364809299574,0.3124
1,1785175442.3024924,3254,104.63,-156.81,-1810.41,-0.20331404202984962,0.6610012340539683,-0.7223162526848026,-0.4815713473832915,-0.7098338838132887,-0.5140281069844174,-0.8524977640398395,0.24333767889431646,0.4626384509932145,0.3038
1,1785175442.3623319,3257,104.72,-156.68,-1810.23,-0.21284306490627375,0.6617199560716895,-0.7189050907162814,-0.48753185395081994,-0.7095529772851868,-0.508770344860039,-0.8467647377545783,0.2422008921581585,0.4736329873786369,0.3161
1,1785175442.4072125,3260,104.87,-156.52,-1809.91,-0.22747214031172958,0.6631363357967939,-0.7130965050594503,-0.500992135455891,-0.7076399375753919,-0.49824953483133494,-0.835022937166008,0.24391785275845917,0.4931944601395637,0.3008
1,1785175442.4670517,3263,105.0,-156.34,-1809.46,-0.24406030677776175,0.6653439284957573,-0.7055154310639686,-0.51532687470603,-0.7052764039308081,-0.48685049683053977,-0.8215064082898322,0.24475018053570524,0.5149995827828203,0.31920000000000004
1,1785175442.5268917,3266,105.05,-156.3,-1809.16,-0.25657547275167786,0.6678564968031275,-0.6986678226883696,-0.5244621270775995,-0.7033914109874708,-0.4797707788207769,-0.8118549772240686,0.24332739801943598,0.5307384226995425,0.3065
1,1785175442.5717719,3269,105.24000000000001,-156.22,-1808.81,-0.269924085528215,0.6730299647142931,-0.6886012305016848,-0.5360789237002175,-0.6991015424851318,-0.4731558103408705,-0.7998502207389664,0.24142845708736757,0.5495015236486973,0.2933
1,1785175442.6316113,3275,105.62,-156.17000000000002,-1808.33,-0.2904231821536238,0.6836429742623082,-0.6695421263890332,-0.5515399657287894,-0.691374003875491,-0.4666965319873917,-0.7819578258906608,0.2337397495227494,0.5778474608591729,0.2788
1,1785175442.6914518,3278,105.67,-156.16,-1808.29,-0.29250799077800366,0.6840183389674253,-0.6682499437240981,-0.5522480778797471,-0.6913348113853314,-0.4659165580282945,-0.7806799189226915,0.23275543070582264,0.5799687695624713,0.27030000000000004
1,1785175442.751325,3281,105.69,-156.14000000000001,-1808.33,-0.2938787967296087,0.6841010671535073,-0.6675634672090662,-0.5531204352328659,-0.6913018815129144,-0.4649295567551168,-0.7795466868382948,0.23261005682501562,0.5815492451231459,0.2797
1,1785175442.8111315,3284,105.73,-156.13,-1808.3500000000001,-0.2953242784969194,0.6839096261173879,-0.6671215735038467,-0.5544476676541396,-0.6913387665178939,-0.46329093854985093,-0.7780561383108283,0.2330629383095721,0.5833612195058476,0.28140000000000004
1,1785175442.8560116,3287,105.73,-156.13,-1808.3400000000001,-0.29528048970024934,0.6835822491161551,-0.6674763974071891,-0.5552179610265368,-0.691325404349736,-0.46238750097100273,-0.7775232782083865,0.2340608766837657,0.5836720464868186,0.2908
1,1785175442.9158514,3290,105.74000000000001,-156.12,-1808.3500000000001,-0.29553031996788764,0.6837580142696252,-0.6671857371839849,-0.5550744267228929,-0.6912988324133881,-0.4625995083245748,-0.7775308423322704,0.23362555987294187,0.5838363529244516,0.2806
1,1785175442.976197,3293,105.74000000000001,-156.12,-1808.39,-0.29691270632509015,0.683937622037852,-0.6663874053311023,-0.5548841190312203,-0.6915187751622626,-0.4624990789666836,-0.7771399225812924,0.23244593513178977,0.5848268358848203,0.2806
1,1785175443.0215814,3296,105.75,-156.12,-1808.3500000000001,-0.2959970052311433,0.6838733445467126,-0.6668605712686032,-0.5548777529807406,-0.6913750100798186,-0.4627215952213327,-0.7774936991006671,0.23306188889568377,0.5841110372207815,0.24910000000000002
1,1785175443.0814211,3302,105.75,-156.11,-1808.3400000000001,-0.2964325698510745,0.683736831927853,-0.6668070756948752,-0.5555564179151172,-0.6913565854497988,-0.46193412762916625,-0.776842839990697,0.2335166298584713,0.5847949944508164,0.2791
1,1785175443.141262,3305,105.76,-156.11,-1808.33,-0.29551022467330146,0.6835972844998921,-0.6673593183120384,-0.5552704947102247,-0.6913470774255356,-0.46229200321813163,-0.7773984723536557,0.2339529250929432,0.5838815325240717,0.26730000000000004
1,1785175443.201101,3308,105.76,-156.11,-1808.3400000000001,-0.2970383538344774,0.6840544066068971,-0.666211516827043,-0.5554317741071103,-0.691299881620239,-0.46216881978782526,-0.7767005604887456,0.23275317929843478,0.5852881314899003,0.28040000000000004
1,1785175443.2609413,3311,105.77,-156.1,-1808.3700000000001,-0.2967517795171899,0.6836272455082182,-0.6667774520424542,-0.5566234722068663,-0.6911774592565408,-0.46091651088244245,-0.7759566299360764,0.23436618573189916,0.5856311120865487,0.2939
1,1785175443.3058238,3314,105.77,-156.1,-1808.3700000000001,-0.2967923945022422,0.6838848229986758,-0.6664951788555529,-0.5551975558586374,-0.6914365741295903,-0.4622457549015794,-0.7769619994145278,0.2328454698464321,0.5849042987000297,0.2772
1,1785175443.3656614,3317,105.77,-156.1,-1808.3400000000001,-0.2959733742538737,0.6837069710689023,-0.6670416324672422,-0.555451542135548,-0.6913131524669509,-0.462125209835438,-0.7770928812387987,0.2337325457397692,0.5843763778507726,0.2881
1,1785175443.4262016,3320,105.77,-156.11,-1808.3600000000001,-0.29596956233211796,0.6836272668948018,-0.6671250093729643,-0.5553754733009473,-0.6913904514829665,-0.46210099248316755,-0.7771486999465953,0.23373703933292855,0.5843003462391526,0.2697
1,1785175443.4710834,3323,105.77,-156.11,-1808.3700000000001,-0.295620369690754,0.6835701242556441,-0.6673383566445326,-0.5550550022188616,-0.6914536592630132,-0.4623913727607909,-0.7775104768012595,0.23371718447070217,0.5838268032108206,0.2672
1,1785175443.5309567,3329,105.76,-156.12,-1808.3700000000001,-0.2947411949073976,0.6837580429321517,-0.6675346932932802,-0.5539977707091863,-0.6914575017884297,-0.4636518017540273,-0.7785975199509766,0.23315544588556783,0.5826014417936939,0.264
1,1785175443.5907643,3332,105.75,-156.15,-1808.41,-0.293834556802598,0.683711196692747,-0.6679822248724829,-0.5528548433494054,-0.6916433403963802,-0.46473757312104774,-0.7797517396028848,0.2327412494645258,0.5812217609346421,0.2733
1,1785175443.6511095,3335,105.74000000000001,-156.18,-1808.5,-0.29084901501554217,0.6833765944223448,-0.6696292113253476,-0.550698084497911,-0.6918994426761452,-0.4669119627454105,-0.7823927851116859,0.2329626395372396,0.5775724529312504,0.2908
1,1785175443.7109492,3338,105.68,-156.24,-1808.55,-0.2878350064136415,0.6828792863088704,-0.6714364373588513,-0.548729908156502,-0.6922063181747266,-0.4687706272512668,-0.7848862955724325,0.2335086581034562,0.5739574980896297,0.2801
1,1785175443.7563345,3341,105.68,-156.26,-1808.58,-0.2867151848891422,0.6829886780213476,-0.6718041890674968,-0.5469420812944145,-0.6924278038572842,-0.47052959115736015,-0.786542282692621,0.232530002666388,0.5720848148628404,0.2852
1,1785175443.8161755,3344,105.65,-156.29,-1808.6200000000001,-0.28459712093110495,0.6824621551315936,-0.6732383571743864,-0.5458357055370021,-0.6926850215097301,-0.4714348773022502,-0.7880785882884074,0.23330852489612436,0.569648374782326,0.28200000000000003
1,1785175443.8760152,3347,105.67,-156.29,-1808.66,-0.2837756326566747,0.6822943630442745,-0.6737549943921096,-0.5453240293155637,-0.6927836929693741,-0.4718818261034793,-0.7887287831449682,0.23350622457168854,0.5686666420012114,0.2707
1,1785175443.9208956,3350,105.59,-156.37,-1808.76,-0.2808129556385224,0.6814597541115133,-0.6758377671245025,-0.5427515733999616,-0.6935153169722824,-0.47376917871121665,-0.7915584713193482,0.23377148810560858,0.564611439692348,0.2975
1,1785175443.980734,3356,105.48,-156.45000000000002,-1808.96,-0.2702630156573194,0.6781331587818744,-0.6834422589570599,-0.5354198970219208,-0.6958283389543041,-0.4786945336862852,-0.8001771280415652,0.2365551556584882,0.5511426513077546,0.2801
1,1785175444.040584,3359,105.27,-156.51,-1809.19,-0.2603283912423467,0.6718970872192487,-0.6933854865076577,-0.5274064368957982,-0.7004974057590557,-0.48077628357242325,-0.8087469190260016,0.2405362523843801,0.5367222114416618,0.2791
1,1785175444.1004467,3362,104.75,-156.64000000000001,-1809.52,-0.24365633233499845,0.6574505181069106,-0.7130150124324253,-0.5151367116682556,-0.71062645040378,-0.479212078602095,-0.8217455567294984,0.2505371513917225,0.5118255325478084,0.3235
1,1785175444.1602552,3365,104.65,-156.53,-1809.65,-0.24204593981284744,0.6502763086665682,-0.7201072735413088,-0.5138332172974364,-0.7154667978799507,-0.4733737275485142,-0.8230365653006435,0.2554368483958249,0.5073094013121848,0.33690000000000003
1,1785175444.220598,3368,104.15,-156.72,-1810.14,-0.21544618254433884,0.6358917041391443,-0.7410969457730117,-0.49480250411853166,-0.7253685873892108,-0.4785508273391771,-0.8418749457877349,0.26359467565942113,0.4709187006468344,0.32280000000000003
1,1785175444.2804377,3374,103.67,-156.89000000000001,-1811.04,-0.18494645622564823,0.6168047536786551,-0.7650795410733371,-0.4787953063581182,-0.7364185828475115,-0.47795682383066634,-0.8582248323947578,0.2779200724601886,0.4315212281970765,0.3472
1,1785175444.3402793,3377,103.57000000000001,-156.72,-1811.5,-0.1757248633298734,0.6037174114458733,-0.7775899044642949,-0.4794965433004873,-0.7423399849820246,-0.4679897559346479,-0.8597696420382502,0.2906142353945888,0.4199280043238809,0.3551
1,1785175444.400118,3380,103.25,-157.14000000000001,-1812.42,-0.14743043275737505,0.5871014875012663,-0.7959749436199441,-0.46074530798008706,-0.7528836671926838,-0.4699786642485281,-0.8752017074202424,0.29745256268571,0.38150222054451505,0.35860000000000003
1,1785175444.4599583,3383,103.25,-157.49,-1813.31,-0.12263632416122355,0.5758085151566545,-0.8083346373064266,-0.44649585542578457,-0.7594113937131782,-0.4732185395630705,-0.886341798113922,0.30288428313746674,0.3502275373874571,0.3723
1,1785175444.5048373,3386,103.41,-157.96,-1813.96,-0.10787367100199276,0.5714577258244652,-0.813510503128315,-0.4371342506806009,-0.7622032929738703,-0.47745134522974997,-0.8929036442900563,0.30410887487102173,0.3320254120368166,0.3729
1,1785175444.5646777,3389,103.7,-158.73,-1815.16,-0.08183962488965409,0.5664816929380626,-0.8200004679047125,-0.4157151528940662,-0.7671718753939945,-0.4884958804930955,-0.9058052701614093,0.30090830026851706,0.29828008209957313,0.37520000000000003
1,1785175444.6245177,3392,104.28,-159.27,-1815.81,-0.07918305588803237,0.5659796121036744,-0.8206077761898234,-0.41467618079157753,-0.7672901897113946,-0.48919263062393226,-0.9065173515958445,0.3015507311475571,0.2954546459273066,0.374
1,1785175444.6693978,3395,105.04,-159.84,-1816.6000000000001,-0.07758974368719088,0.5666939065013262,-0.8202669370447785,-0.41309404283718204,-0.7670729105795004,-0.49086908807494317,-0.9073770679530031,0.30076097850179984,0.29361486740907994,0.3952
1,1785175444.7292378,3401,106.27,-161.29,-1818.73,-0.06341770095440247,0.5569664737595735,-0.8281102235291414,-0.3985272473759054,-0.7748818452472463,-0.49064667430362413,-0.914961326125122,0.29890880384165514,0.27110754080495253,0.388
1,1785175444.7890775,3404,106.55,-162.59,-1820.69,-0.02424078943196684,0.5483674103572189,-0.835886097136346,-0.36389518740987914,-0.7836116234441605,-0.5035207207088269,-0.9311244152677149,0.2919691882054081,0.21854362592176185,0.37460000000000004
1,1785175444.848918,3407,107.03,-163.58,-1821.98,-0.01465160934383519,0.5452019609698585,-0.8381766831034233,-0.35809675730634805,-0.7855253372613376,-0.504694617493728,-0.933569516827919,0.292753763895672,0.20674426467160595,0.4153
1,1785175444.9087577,3410,107.59,-164.56,-1823.19,-0.01255001987847537,0.5428641674048393,-0.8397267369501228,-0.3573830730407775,-0.7867573536031471,-0.503279450857377,-0.9338735653743393,0.29378795465305113,0.2038842848181208,0.4026
1,1785175444.9536374,3413,108.10000000000001,-165.56,-1824.52,-0.0066615165106945675,0.5387968514715702,-0.8424093880306063,-0.3594297973589858,-0.787417940518119,-0.5007825952653332,-0.9331483509969121,0.29945106410651945,0.1989050407536647,0.38380000000000003
1,1785175445.0134785,3416,108.69,-166.61,-1825.82,-0.0013963533865050208,0.5358463213541511,-0.8443143787052568,-0.3572565518600778,-0.7888629105468687,-0.5000630605399385,-0.9340052496374244,0.30093857887407294,0.19253614049052156,0.384
1,1785175445.0733545,3419,109.17,-167.92000000000002,-1827.17,0.008588512361653587,0.5318031409401778,-0.8468244545013891,-0.3502506722989433,-0.7916085202398372,-0.5006799548991687,-0.9366166259519163,0.30090093049018096,0.17946566808331685,0.4127
1,1785175445.133227,3425,110.29,-170.71,-1829.78,0.030272340151244782,0.5224797341470102,-0.8521141430744104,-0.33355911464198984,-0.7983544251606081,-0.5013666611031559,-0.9422430166687462,0.29940798124322676,0.15010982082074562,0.4358
1,1785175445.1930344,3428,110.87,-172.25,-1830.89,0.03867921473302564,0.5185240419919609,-0.854187764033152,-0.3278616209710102,-0.800919160948855,-0.5010341855794314,-0.9439336183450076,0.2994349937821254,0.1390252087097889,0.4345
1,1785175445.238422,3431,111.38,-173.89000000000001,-1831.82,0.04268498600504238,0.5154928665231022,-0.855830062882547,-0.32330615565910215,-0.8033927023473095,-0.5000332944195012,-0.9453312232665764,0.2980390417023956,0.13236921068902682,0.44630000000000003
1,1785175445.2982607,3434,111.89,-175.59,-1832.76,0.0391648796774483,0.5147051006488766,-0.8564722830108868,-0.3205764397254116,-0.8053492013542097,-0.4986415648249914,-0.946412625915795,0.2940940720996706,0.13346092410515983,0.4576
1,1785175445.3581002,3437,112.38,-177.20000000000002,-1833.5,0.035396902612745175,0.5133989416293052,-0.8574197256999241,-0.3208627616074309,-0.8066967133595072,-0.49627361492287914,-0.9464640233516944,0.29268060986146366,0.13617603721670288,0.4046
1,1785175445.40298,3440,112.79,-178.87,-1834.26,0.028236752793132515,0.5127333948289473,-0.8580834176342546,-0.3213620524372233,-0.8081979962735762,-0.4935001824444565,-0.9465353226610378,0.2896902909083409,0.1419521690866537,0.3809
1,1785175445.46282,3443,112.98,-180.56,-1835.07,0.02439344924555105,0.5102993393311436,-0.8596508267384515,-0.31905399154363306,-0.8109635727047636,-0.49045145960227365,-0.9474225615394537,0.28623883039190157,0.14303084234491592,0.383
1,1785175445.522661,3446,113.31,-182.18,-1835.94,0.022976481338342073,0.5088699162005946,-0.8605367451139487,-0.31515599331344285,-0.8131887943226137,-0.48928589256870203,-0.9487617093790867,0.28244538086882215,0.14168918675022446,0.3598
1,1785175445.5825,3452,113.93,-185.33,-1837.44,0.01374083491287887,0.5156507110344605,-0.8566887028936193,-0.3102404668112243,-0.8122881585280189,-0.49390160990617693,-0.9505588052344003,0.2725661235825446,0.1488141998148509,0.3657
1,1785175445.6423404,3455,114.18,-186.79,-1838.25,0.010884908618221662,0.5159149978190056,-0.8565706239358132,-0.3059301633134856,-0.8138265650763599,-0.49405774677763875,-0.9519917299742456,0.2674285642960167,0.1489755317467075,0.3639
1,1785175445.6872485,3458,114.51,-188.14000000000001,-1839.01,0.009222480831370262,0.5169519708503939,-0.8559647222176907,-0.30317098975946377,-0.8142654115625078,-0.49503453465511554,-0.9528915451485452,0.26406911854064485,0.14921529351103643,0.37470000000000003
1,1785175445.7470598,3461,114.75,-189.38,-1839.73,0.006958136499032028,0.5158909241713927,-0.8566260203227819,-0.30116410454415543,-0.8157915467954009,-0.4937452119375784,-0.9535469398359884,0.26142055492013916,0.14969143928317552,0.3758
1,1785175445.8069022,3464,115.11,-190.51,-1840.39,0.005194526962536944,0.5145197222999708,-0.857462811003484,-0.29902032481797425,-0.8174418403586964,-0.4923166490956209,-0.95423260384216,0.258956160373428,0.14960563080734207,0.3809
1,1785175445.85178,3467,115.3,-191.61,-1841.03,0.007160509951300493,0.5119637340296402,-0.8589772186360156,-0.2945775528573592,-0.8198014093735467,-0.4910699690896568,-0.9556007495025354,0.25655171842646957,0.14494282777225778,0.35050000000000003
1,1785175445.9116206,3470,115.34,-192.71,-1841.96,0.015121558246189264,0.5061843146150414,-0.8622927450198732,-0.2828650615151236,-0.8249971843066745,-0.48925147200606794,-0.9590405077212601,0.25131073499506473,0.13070661431613886,0.4027
1,1785175445.9714963,3473,115.43,-193.74,-1842.7,0.026504760633813552,0.5018624283858627,-0.8645412660124379,-0.2706345664480089,-0.828945370890993,-0.48949617314325566,-0.9623172185445101,0.24694872960401856,0.11385032208877942,0.3357
1,1785175446.0313003,3479,115.46000000000001,-195.45000000000002,-1843.49,0.03198869093866629,0.4970091108383842,-0.8671555035837974,-0.2618022055797961,-0.833140859518705,-0.4871713388059565,-0.964591275518074,0.24260719681013704,0.10346699594722361,0.35550000000000004
1,1785175446.091142,3482,115.4,-196.07,-1843.73,0.03193674693351289,0.49547372571062565,-0.8680356163924016,-0.26036945645310433,-0.8343686142201856,-0.4858361470193445,-0.9649807201916626,0.24152598770053477,0.10235920536845418,0.3593
1,1785175446.1360195,3485,115.35000000000001,-196.69,-1843.81,0.03309853102164045,0.49288877059125424,-0.869462562201071,-0.26015658970897865,-0.835701842710154,-0.483653780014017,-0.9649989824218487,0.24220464470338898,0.10056775829708761,0.3638
1,1785175446.1958623,3488,115.25,-197.21,-1843.8400000000001,0.03313343182875929,0.4918424802683242,-0.8700535330074536,-0.25927135456482886,-0.8365001269784812,-0.4827482804393025,-0.9652360024353462,0.2415750652871439,0.09980454615970358,0.3573
1,1785175446.2563736,3491,115.24000000000001,-197.66,-1843.91,0.03346954932113192,0.4906178784009035,-0.8707318109852404,-0.2595695340097095,-0.8370571626104064,-0.4816211826078643,-0.9651442619019306,0.2421350943502652,0.099333528084759,0.36160000000000003
1,1785175446.3012538,3494,115.18,-197.98000000000002,-1843.82,0.03298178751587382,0.4898283008741518,-0.8711948331774007,-0.26041198960073086,-0.8373493972890839,-0.48065744822253254,-0.9649340896478092,0.2427225216628015,0.09993988249544973,0.36960000000000004
1,1785175446.3611498,3497,115.14,-198.24,-1843.9,0.0322152098105018,0.48939069131724333,-0.8714694093936377,-0.26002348717014706,-0.8377944003957902,-0.4800920003346594,-0.9650647472458734,0.24206877931176682,0.10026335175810465,0.34690000000000004
1,1785175446.4209893,3500,115.16,-198.37,-1843.89,0.03246952768407958,0.48899530486639814,-0.8716818924301406,-0.2601044159238635,-0.8379566641247105,-0.47976486101619925,-0.9650344152354768,0.24230604793856383,0.09998178105792986,0.3503
1,1785175446.4808295,3506,115.2,-198.44,-1843.8700000000001,0.0326100661396334,0.4889689762264552,-0.8716914155103404,-0.26062733922346737,-0.8378202608606051,-0.4797192934839739,-0.9648885809437606,0.24283029213736854,0.10011730911693459,0.35810000000000003
1,1785175446.5411549,3509,115.22,-198.45000000000002,-1843.8400000000001,0.03259827540764406,0.4889474374253266,-0.8717039382012989,-0.2600526018701045,-0.8379782269707496,-0.47975528697821324,-0.965044038736594,0.24232807216285362,0.09983540825177448,0.3457
1,1785175446.586034,3512,115.23,-198.47,-1843.89,0.0322152098105018,0.48939069131724333,-0.8714694093936377,-0.26002348717014706,-0.8377944003957902,-0.4800920003346594,-0.9650647472458734,0.24206877931176682,0.10026335175810465,0.3452
1,1785175446.6461427,3515,115.23,-198.47,-1843.81,0.03268032558406096,0.4889557840298664,-0.8716961842198567,-0.2608887561121024,-0.8377519565378504,-0.47969648346770655,-0.9648155540070859,0.2430923704700382,0.10018505959102876,0.3466
1,1785175446.7059832,3518,115.26,-198.46,-1843.79,0.03217456346734553,0.48930084464854773,-0.871521359974558,-0.2604743224902911,-0.837736328328008,-0.4799489259522635,-0.9649445190211244,0.24245108295432563,0.10049650533906708,0.3522
1,1785175446.7511027,3521,115.28,-198.46,-1843.73,0.0325142228073782,0.4892134714466502,-0.8715578034016733,-0.26120665297150025,-0.8375530317011252,-0.4798708196292833,-0.9647351500586357,0.24325932344592965,0.10055342757942283,0.3583
1,1785175446.810943,3524,115.33,-198.46,-1843.6100000000001,0.03153066016635548,0.4897610846574221,-0.8712863464009171,-0.2616313658819974,-0.8372809031703968,-0.48011427553540265,-0.9646527073803265,0.2430941569461299,0.10173684191312495,0.3427
1,1785175446.8713233,3527,115.4,-198.47,-1843.49,0.0307697222033924,0.48997663944478886,-0.8711923536130914,-0.2619658914011711,-0.8371834848389416,-0.4801017438578158,-0.9645864896098826,0.242995278784007,0.10259726385614211,0.36610000000000004
1,1785175446.9161696,3530,115.37,-198.54,-1843.3400000000001,0.031272569372332894,0.4911019007982825,-0.8705406075750668,-0.2631480885075899,-0.8361937903329507,-0.48117879060014146,-0.9642484689744931,0.24412879396115297,0.10308259814061102,0.3493
1,1785175446.9765406,3536,115.45,-198.61,-1843.27,0.029589710488188554,0.4946415151872201,-0.8685932422523882,-0.2625240349882159,-0.8346219386478749,-0.4842389395548118,-0.9644716585191765,0.2423550927481282,0.10515906490795265,0.368
1,1785175447.0363572,3539,115.46000000000001,-198.63,-1843.23,0.029639299436122625,0.4944158901309046,-0.8687200006417494,-0.26337290794551155,-0.8345270412046517,-0.48394145189117116,-0.9642386754788779,0.24314099836159853,0.10548095385643869,0.3567
1,1785175447.096198,3542,115.44,-198.64000000000001,-1843.2,0.029860734438253368,0.4946069803695739,-0.8686036331425856,-0.26245320431669605,-0.834621019012056,-0.48427891773974185,-0.964482582570938,0.24242873095606673,0.10488879027009647,0.35400000000000004
1,1785175447.1560373,3545,115.46000000000001,-198.65,-1843.22,0.02960337850860678,0.4946638939846196,-0.8685800319883304,-0.2630984671866562,-0.8344630402356626,-0.48420102338252735,-0.9643146978787103,0.24285606121451433,0.10544238704839691,0.37070000000000003
1,1785175447.200941,3548,115.46000000000001,-198.65,-1843.18,0.030292062001256847,0.49442246671582724,-0.8686937408467661,-0.26304171857403663,-0.8345151742136447,-0.4841420022026466,-0.9643087914508138,0.2431683540549774,0.10477454994827627,0.36560000000000004
1,1785175447.2607906,3551,115.46000000000001,-198.65,-1843.16,0.029821212520981914,0.4945181891030634,-0.8686555450407284,-0.2629038454342372,-0.8345626891969926,-0.4841349872258505,-0.9643610648194321,0.24281037549188575,0.10512306223574491,0.37470000000000003
1,1785175447.3205974,3554,115.46000000000001,-198.66,-1843.16,0.02917192577000642,0.4948480800596477,-0.8684897100185759,-0.26250997261226927,-0.8345687998043592,-0.48433813877519194,-0.9644882130052057,0.24211628622294692,0.10555657686583626,0.3754
1,1785175447.3804386,3560,115.47,-198.66,-1843.2,0.029949903504874375,0.49447005510712483,-0.8686785181425898,-0.2628515099207367,-0.8345846339050965,-0.4841255752197821,-0.9643713429029491,0.242832974391562,0.1049764713433891,0.3683
1,1785175447.4402804,3563,115.47,-198.66,-1843.19,0.029860734438253368,0.4946069803695739,-0.8686036331425856,-0.26245320431669605,-0.834621019012056,-0.48427891773974185,-0.964482582570938,0.24242873095606673,0.10488879027009647,0.3609
1,1785175447.485157,3566,115.47,-198.66,-1843.17,0.030794535963900006,0.4942641127886849,-0.8687661845191619,-0.2633507029768553,-0.8344547238351508,-0.484078217967715,-0.9642085375043951,0.2436971495081891,0.10446815555574405,0.3403
1,1785175447.5449977,3569,115.47,-198.66,-1843.18,0.03013176019710732,0.49457242538195695,-0.8686139493924976,-0.2623823623605401,-0.8346201059822044,-0.4843188769936148,-0.9644934281525852,0.24250236028142608,0.10461850844095986,0.3657
1,1785175447.6048372,3572,115.48,-198.67000000000002,-1843.19,0.030252486533419286,0.4943335899996632,-0.8687456986118494,-0.2634923258954509,-0.8344565385860874,-0.48399801591032515,-0.9641870053328613,0.24354996819743338,0.10500872220096008,0.3579
1,1785175447.649717,3575,115.48,-198.66,-1843.15,0.029949903504874375,0.49447005510712483,-0.8686785181425898,-0.2628515099207367,-0.8345846339050965,-0.4841255752197821,-0.9643713429029491,0.242832974391562,0.1049764713433891,0.35760000000000003
1,1785175447.7095578,3578,115.48,-198.67000000000002,-1843.15,0.029878749638616118,0.4944829708345867,-0.868673616426005,-0.2625904569926807,-0.8346531117641552,-0.4841491866344377,-0.9644446651915328,0.2425711742499793,0.10490811792505958,0.3441
1,1785175447.7693973,3581,115.49000000000001,-198.66,-1843.18,0.02960772084741581,0.4945175269490924,-0.868663224964874,-0.2626612681368301,-0.8346540312375973,-0.4841091884684487,-0.9644337411595334,0.24249755396494513,0.10517839718328476,0.3563
1,1785175447.8292367,3587,115.49000000000001,-198.66,-1843.17,0.029229443088002113,0.4948127908585596,-0.8685078823243508,-0.26219655400110936,-0.8346590675759508,-0.4843523593244775,-0.9645717219194789,0.24187712358966024,0.10534158892518984,0.38220000000000004
1,1785175447.8890777,3590,115.49000000000001,-198.68,-1843.16,0.02996787870312124,0.49434602585976084,-0.8687484865959167,-0.26298875632091717,-0.8346166519890662,-0.48399582464246454,-0.9643333657479722,0.24297541221124155,0.10499575594263313,0.3592
1,1785175447.933957,3593,115.49000000000001,-198.66,-1843.14,0.029931908333162553,0.4945940701324477,-0.8686085347573753,-0.26271426305612006,-0.8345525802436565,-0.48425531158216006,-0.9644092994421066,0.24269053668916438,0.10495716531571564,0.3619
1,1785175447.9938507,3596,115.5,-198.68,-1843.17,0.03018490439150048,0.49468349844622056,-0.8685488517705173,-0.2625061583425558,-0.8345195774737446,-0.48442501137459454,-0.9644580801564727,0.2426217450643101,0.10466757111369274,0.36050000000000004
1,1785175448.0544028,3599,115.5,-198.67000000000002,-1843.15,0.029696854802378103,0.4943806420573151,-0.868738094924957,-0.26305954384025526,-0.8346175716469801,-0.4839557681159044,-0.9643224425519731,0.2429018111441229,0.10526602934233623,0.37460000000000004
1,1785175448.0992606,3602,115.5,-198.68,-1843.15,0.02983918785765983,0.4943941642468495,-0.8687255223755399,-0.2630410909504187,-0.8345947111456514,-0.48400521959925236,-0.9643230824467539,0.2429528318138444,0.10514235195212743,0.3607
1,1785175448.1590998,3605,115.5,-198.67000000000002,-1843.14,0.029225127794371433,0.49495920896124806,-0.8684245927942496,-0.2626338337967335,-0.8344682642135812,-0.48444420253069653,-0.9644528818198597,0.2422356238971229,0.10560559296050208,0.3665
1,1785175448.2189395,3608,115.51,-198.68,-1843.17,0.02942150020713074,0.4945616478087668,-0.8686444334952241,-0.263567480583929,-0.8344273668681323,-0.48400738899334517,-0.9641921792382482,0.24318664835511097,0.1058002625592469,0.38880000000000003
1,1785175448.27878,3614,115.51,-198.68,-1843.17,0.029336693896867425,0.4945520628941885,-0.8686527588618502,-0.2627320679825611,-0.8346549573156195,-0.48406917138159905,-0.9644227386601832,0.24242392480026315,0.10544866921696056,0.3854
1,1785175448.3386204,3617,115.52,-198.67000000000002,-1843.13,0.029043362684798183,0.4948569850590228,-0.8684889449050307,-0.2631029038561873,-0.8344328543173077,-0.4842506309942327,-0.9643305165068672,0.24256623007781772,0.10596357373849787,0.3668
1,1785175448.3834999,3620,115.52,-198.67000000000002,-1843.1200000000001,0.029150488511920314,0.49459627436104775,-0.868633855204647,-0.26363826058889234,-0.8344283041654553,-0.483967222817027,-0.9641810600572798,0.24311299964365063,0.10607050877169696,0.3674
1,1785175448.4433408,3623,115.52,-198.68,-1843.0900000000001,0.028101552643602853,0.4950086103489555,-0.868433519861719,-0.2633676870375472,-0.8344137639627462,-0.4841395789790532,-0.9642861422645829,0.24232240133738836,0.10692095045672888,0.3836
1,1785175448.5036845,3626,115.54,-198.68,-1843.1000000000001,0.02933236002618586,0.49469848062385435,-0.8685695285489494,-0.26316928218957947,-0.8344639707322924,-0.4841609344644789,-0.9643036563070347,0.2427824022002951,0.10571264642765517,0.3617
1,1785175448.5485647,3629,115.47,-198.74,-1843.02,0.02880828469943591,0.4946436624633228,-0.8686182878097528,-0.26344804018773205,-0.8344978693423416,-0.48395086133236254,-0.9642433369507509,0.24277757978850267,0.10627245126615761,0.3383
1,1785175448.6089132,3632,115.5,-198.88,-1843.0,0.03018504622177134,0.4970079274516492,-0.8672208386765196,-0.2617214609745174,-0.8334160206673893,-0.4867438888782254,-0.9646713118207434,0.2416626916699189,0.10492093978275263,0.338
1,1785175448.6692886,3635,115.54,-199.03,-1842.96,0.030342331303832102,0.5000363193260765,-0.8654727160840359,-0.26004109335195086,-0.8321063082578344,-0.4898752101564639,-0.9651207036942946,0.23992242728087715,0.10478194590807016,0.3771
1,1785175448.7290957,3641,115.62,-199.11,-1842.96,0.02988317320034702,0.5027652374730213,-0.8639063097050366,-0.25950996051426894,-0.8307526670787795,-0.49244754698889215,-0.9652779787985224,0.23890818765833696,0.10564706108760531,0.3416
1,1785175448.789442,3644,115.61,-199.11,-1842.92,0.030011698574091677,0.5027169909074797,-0.8639299306087426,-0.2594572174855564,-0.8307750897150208,-0.49243751136936326,-0.9652881695345439,0.23893174205602735,0.10550058006817528,0.3325
1,1785175448.8492813,3647,115.63,-199.12,-1842.92,0.02952433642546986,0.502561044127854,-0.8640374473850985,-0.260450571333233,-0.8306865326596116,-0.49206237851531076,-0.9650356539790788,0.23956686203036012,0.10636684241857612,0.3561
1,1785175448.9091215,3650,115.61,-199.13,-1842.8700000000001,0.029955646528828025,0.5027523029009894,-0.8639113271446276,-0.25977096835844865,-0.8306851717313225,-0.49242379051363583,-0.9652055238337344,0.2391699550392046,0.10571674118790778,0.3433
1,1785175448.968961,3653,115.64,-199.13,-1842.88,0.02925069405848419,0.5030751269692842,-0.8637475403854622,-0.2602348136947433,-0.8304857772339936,-0.4925151932207896,-0.9651021907748211,0.23918359148756005,0.10662537655151705,0.365
1,1785175449.0288022,3659,115.68,-199.19,-1842.78,0.029708975614832107,0.5058735439463943,-0.8620958962337268,-0.26133593351532447,-0.8285456990326552,-0.4951924418528241,-0.9647906024737134,0.240008296001626,0.10758769087960132,0.3351
1,1785175449.0886407,3662,115.91,-199.21,-1842.58,0.020028104222428702,0.5145730417226699,-0.8572126106010894,-0.26618119700014925,-0.8236957438568197,-0.5006724397405236,-0.9637149191565022,0.23820139857784167,0.12047260398421278,0.35500000000000004
1,1785175449.1335208,3665,115.9,-199.19,-1842.71,0.02716715364231123,0.5119433009797145,-0.8585895424153316,-0.26203260535340533,-0.8252259045077238,-0.5003410039774029,-0.9646765569322608,0.23857129565687982,0.11172679801156071,0.3146
1,1785175449.1933606,3668,115.83,-199.25,-1843.1000000000001,0.04255287460873215,0.5064813900995727,-0.8612002405627497,-0.24773826275121955,-0.8297119441413671,-0.5002038013831567,-0.967892042549964,0.23463736111701658,0.09016819137867599,0.3502
1,1785175449.2532115,3671,115.8,-199.18,-1843.0,0.042899114197575326,0.5042424104476217,-0.8624959463713645,-0.24859257443738253,-0.8307522501682931,-0.498048622902335,-0.9676576863414345,0.23577593250009649,0.08971238330382325,0.3342
1,1785175449.298081,3674,115.85000000000001,-199.21,-1843.05,0.04056274839880063,0.5049531984829002,-0.862193093676947,-0.24939166079149364,-0.8304756604806405,-0.4981104063126014,-0.9675528217983741,0.23522849464113207,0.09224474152422313,0.3426
1,1785175449.3579211,3677,115.87,-199.20000000000002,-1842.98,0.04014439021787008,0.5052596103285528,-0.8620331513953942,-0.2503606740099718,-0.8301215486890386,-0.4982145595136544,-0.9673199888575176,0.23581972049163133,0.09317241321303675,0.3316
1,1785175449.4177616,3680,115.86,-199.22,-1842.9,0.03979702939770329,0.5056954348495565,-0.8617936665022762,-0.25202830493321404,-0.8295109984745622,-0.49839064690484075,-0.9669011996908522,0.2370308641971605,0.094437489665588,0.3524
1,1785175449.4776008,3686,115.91,-199.29,-1843.01,0.054775422918415896,0.5029526530329582,-0.86257653680773,-0.23935916008161684,-0.832070853030906,-0.5003651546835006,-0.9693847768193659,0.2338733083178354,0.07480929171793486,0.3388
1,1785175449.537441,3689,115.61,-199.31,-1843.63,0.08040309403370893,0.4879828099504034,-0.8691421745967197,-0.21841507255468776,-0.8421484229644854,-0.49303234151459113,-0.9725380190772682,0.229475076841339,0.038871461998804674,0.3393
1,1785175449.5823429,3692,115.58,-199.41,-1843.69,0.07801880422812565,0.48969563963264545,-0.8683957892065044,-0.2217767687625431,-0.8406999494058706,-0.4940026922054293,-0.9719712603899658,0.23113151146855945,0.043012711867543,0.3437
1,1785175449.642192,3695,115.81,-199.33,-1842.88,0.04840388937093461,0.501408127421231,-0.8638558637004792,-0.2480919241552123,-0.8317308861317061,-0.49666299461861596,-0.967526465096811,0.23835608406437137,0.08413629732028627,0.3442
1,1785175449.7020001,3698,115.91,-199.37,-1842.76,0.041438664055998865,0.5055097532534556,-0.8618252296648575,-0.2521641288947821,-0.8293517770324071,-0.49858688513831184,-0.9667968189955891,0.23798218273395777,0.0931041969042822,0.3156
1,1785175449.7468803,3701,115.88,-199.37,-1842.79,0.04097175251686442,0.5053204148659104,-0.8619585801043115,-0.2511539806694297,-0.8297756509503618,-0.49839145968184795,-0.9670796210703628,0.23690430010797084,0.09291587109184274,0.3488
1,1785175449.8074248,3704,115.91,-199.37,-1842.79,0.04129533732289365,0.5053955502099772,-0.8618990851273386,-0.2512040378903382,-0.8296740703944531,-0.4985353229839286,-0.9670528560854252,0.23709971476797478,0.09269573233955826,0.3481
1,1785175449.8672647,3707,115.87,-199.4,-1842.8,0.04187639083097781,0.5050795653116168,-0.8620562630104833,-0.2513338419341758,-0.8297424788890858,-0.49835601594201884,-0.9669941405146042,0.23753326384239998,0.0921969672971885,0.3163
1,1785175449.9271045,3713,116.26,-199.46,-1842.21,0.01665571470433705,0.5225626077511007,-0.8524382136835825,-0.26950923376102653,-0.8186547281425283,-0.5071185354603276,-0.9628537584105035,0.23818639144638892,0.1272001684138646,0.317
1,1785175449.9869444,3716,116.27,-199.41,-1842.15,0.016343226979288784,0.522690481829609,-0.8523658599079591,-0.26887393825822686,-0.8187814686488104,-0.5072511329931245,-0.9630367097143363,0.23746908599232114,0.12715631695105414,0.3275
1,1785175450.0318244,3719,116.19,-199.52,-1842.38,0.024329189976537054,0.5204288321969206,-0.8535583876532613,-0.26190504627124195,-0.8206716071498628,-0.5078423573863448,-0.9647869387863541,0.2359066422045189,0.11633666193872388,0.3251
1,1785175450.0914207,3722,116.16,-199.49,-1842.47,0.02792490709442132,0.5191357592585352,-0.8542354845256851,-0.2591452221689104,-0.8215923843604677,-0.5077693450651658,-0.965434593015391,0.2355504562083154,0.1115886606661289,0.32880000000000004
1,1785175450.1512609,3725,116.18,-199.49,-1842.44,0.02745815902458353,0.5190451007241729,-0.854305702261909,-0.2591168612701217,-0.8217208155996867,-0.5075759582719678,-0.9654555928205611,0.23530211351456012,0.111930396528735,0.33790000000000003
1,1785175450.2111008,3728,116.2,-199.44,-1842.47,0.02848363172925548,0.5188026026616347,-0.8544194181987125,-0.2586955034990246,-0.8218190775186635,-0.5076317959857908,-0.965538875029327,0.23549365872117942,0.11080350856003789,0.32320000000000004
1,1785175450.2714477,3734,116.2,-199.47,-1842.6200000000001,0.034193507595624846,0.5170976238911387,-0.8552431533806316,-0.2532089991972539,-0.8233407315268635,-0.5079323208207313,-0.9668071197316624,0.23392325060786026,0.1027808642755022,0.322
1,1785175450.3312876,3737,116.18,-199.46,-1842.69,0.03680722737980332,0.5161363957134392,-0.8557151681678614,-0.25147796756728563,-0.8239547625025281,-0.5077965942950284,-0.9671628920925568,0.23388409601625867,0.09946944148741751,0.3402
1,1785175450.3916316,3740,116.10000000000001,-199.55,-1842.6200000000001,0.03665228919769098,0.5157679630872779,-0.8559439338819858,-0.2516514446085281,-0.8241535457797382,-0.5073879023046628,-0.967123652964299,0.2339964555959885,0.09958663889049008,0.3403
1,1785175450.4514716,3743,115.86,-199.87,-1842.54,0.034626266322169814,0.5156552548440706,-0.856096186086752,-0.2529216226006331,-0.8242033291746438,-0.5066749697769732,-0.9668669373298732,0.2340694989295497,0.10188127977808503,0.34500000000000003
1,1785175450.49735,3746,115.91,-200.55,-1842.51,0.032034696720248175,0.5279872027639597,-0.8486479198840535,-0.2532027645598415,-0.8170988604286942,-0.5179168005629695,-0.9668826910361437,0.2314713070849572,0.10751230520775854,0.34040000000000004
1,1785175450.5561929,3749,115.82000000000001,-201.34,-1842.24,0.02250775255630561,0.5375603789238487,-0.842924812830962,-0.2590433688076441,-0.8112077885123644,-0.5242503761883877,-0.9656034041736031,0.23015378091208366,0.12099298731836322,0.3017
1,1785175450.616032,3752,116.16,-202.44,-1841.6200000000001,-0.007872722312295494,0.5669253408091454,-0.8237315571178683,-0.2831033527915866,-0.7913181999601815,-0.5419114300786988,-0.9590570952146467,0.22893484741343426,0.1667282932145341,0.339
1,1785175450.6758714,3758,116.42,-204.9,-1840.02,-0.07123794662467484,0.612990638604803,-0.7868720556377485,-0.3196916814890116,-0.7612918892010533,-0.5641204554201342,-0.9448398720139983,0.21136966769044013,0.25020087896129506,0.2893
1,1785175450.7357113,3761,116.21000000000001,-205.99,-1839.1000000000001,-0.09457431642898456,0.6377856667572701,-0.7643854668627436,-0.3354399192420111,-0.7433421094548811,-0.5787249509828314,-0.9373023841060596,0.20167288263460684,0.28423984442534556,0.2836
1,1785175450.7805917,3764,116.25,-206.91,-1837.99,-0.1375566063419106,0.6677294593415491,-0.7315842734635148,-0.35603777310015816,-0.7225719857441731,-0.5925595578029287,-0.9242917743751572,0.17896115373221294,0.33713145993404164,0.2751
1,1785175450.8404317,3767,116.01,-207.76,-1836.8500000000001,-0.17579066901882157,0.6884676895279596,-0.7036404487818676,-0.37640239332458525,-0.7074663513122746,-0.5981743893384449,-0.9096256806980766,0.15969847286975,0.3835068692704608,0.2783
1,1785175450.9002717,3770,115.46000000000001,-208.46,-1835.6200000000001,-0.20813453997716502,0.6968552643955012,-0.6863474001937867,-0.3962653986375527,-0.701623424695695,-0.5921978586257346,-0.8942336088020374,0.14871889726110932,0.4221716978746021,0.2548
1,1785175450.9601111,3773,114.98,-209.32,-1834.56,-0.23792989769604603,0.7046962016704027,-0.6684254836058064,-0.4102886429773593,-0.6966949622990195,-0.5884550611142407,-0.8803707135213813,0.13423633211047972,0.4548934093998052,0.2479
1,1785175451.019951,3776,114.46000000000001,-209.97,-1833.4,-0.26912433013781767,0.706311170924026,-0.6547492838910192,-0.41912462919794646,-0.6979719742451419,-0.5806631281285415,-0.8671255042538853,0.11815097543512094,0.48387364763559354,0.256
1,1785175451.064832,3779,113.58,-210.57,-1832.19,-0.2854634920416785,0.7015080507886627,-0.6529908493922878,-0.42436343214756633,-0.7034292572300939,-0.5701780051252909,-0.8593173291440762,0.11434043358064218,0.49849773628501304,0.2485
1,1785175451.124671,3785,112.22,-211.75,-1829.63,-0.33406718531407836,0.6944178139292646,-0.6373248899847158,-0.4474119390125694,-0.7119669083467184,-0.5412260879228087,-0.8295912683516755,0.10434088899811148,0.5485356017231167,0.2444
1,1785175451.1845114,3788,111.61,-212.02,-1828.3400000000001,-0.3522504268546821,0.6921991529811593,-0.6299047304099726,-0.46049456079665657,-0.7141228143411412,-0.5272317948627364,-0.8147787406758897,0.10435007738211756,0.5703040111142104,0.24500000000000002
1,1785175451.229391,3791,110.97,-212.39000000000001,-1827.17,-0.36776351324375856,0.6898697966233803,-0.6235620755253031,-0.4716007441015884,-0.7162893073760258,-0.5143173789612805,-0.8014628728078651,0.10492517260214178,0.5887681816003434,0.22440000000000002
1,1785175451.2897403,3794,110.35000000000001,-212.67000000000002,-1826.03,-0.38619040961221773,0.6882667941315262,-0.614121964775287,-0.48502868834492785,-0.7178226901085749,-0.49947748402474357,-0.7846044474803509,0.10497335691117181,0.6110453791109571,0.2205
1,1785175451.3496017,3797,110.03,-212.83,-1824.74,-0.42044367083941947,0.6866546564953298,-0.5930704025361192,-0.5025239464085364,-0.7204699470484875,-0.47790452884016493,-0.7554447715995288,0.09710014476420777,0.6479774370683791,0.2257
1,1785175451.4094198,3800,109.68,-213.17000000000002,-1823.73,-0.44629379542627784,0.6860377232580482,-0.5746077709454694,-0.5109596973248111,-0.7224960873262336,-0.46574627374571753,-0.7346713795117821,0.08574174050715906,0.6729831484227953,0.2112
1,1785175451.4693677,3803,109.58,-213.64000000000001,-1822.8700000000001,-0.47062809617022255,0.6905685901683406,-0.5492032568804578,-0.5165348495359069,-0.7202707594902042,-0.4630354006318765,-0.7153327507601688,0.065765152598581,0.6956823990827823,0.2149
1,1785175451.5142198,3806,109.46000000000001,-214.1,-1822.01,-0.4910810944111132,0.6943566088103242,-0.526030663092381,-0.5207590747182138,-0.7180813870870912,-0.4617024015723865,-0.698318942039104,0.04720192072898997,0.71422869857552,0.1923
1,1785175451.5740604,3812,109.76,-215.02,-1820.7,-0.5330377013357527,0.7115572764567432,-0.4577740176944944,-0.5355004078674233,-0.7026127968227757,-0.46858784759605165,-0.6550649755013013,-0.004636815969956588,0.7555583219111153,0.1708
1,1785175451.6339283,3815,109.97,-215.23000000000002,-1820.2,-0.5554362338024579,0.7169147096726144,-0.4213358390101323,-0.5468118509052023,-0.696614840819966,-0.46446158426612655,-0.6264881402620228,-0.027587363128873513,0.7789425829331886,0.164
1,1785175451.6937392,3818,109.89,-215.5,-1819.82,-0.5691766553075711,0.7181774351639727,-0.4003237523232717,-0.5533033860634039,-0.6947036914729892,-0.45961086151719005,-0.6081885382212149,-0.0400992852193118,0.7927791302129756,0.15610000000000002
1,1785175451.7535794,3821,109.59,-215.78,-1819.65,-0.5773509763703772,0.7172584519224953,-0.39013608296326213,-0.5563092319604199,-0.6953079893647728,-0.4550459738983795,-0.5976503062157499,-0.045684932650299694,0.8004542450439986,0.1534
1,1785175451.8139849,3824,109.08,-216.13,-1819.55,-0.5814015083318328,0.7150499509892176,-0.3881698773730221,-0.5569865370381485,-0.6975678649302846,-0.45073836243973675,-0.5930752765608434,-0.04585456800496105,0.8038402048450659,0.1549
1,1785175451.8738246,3830,108.31,-216.68,-1819.6100000000001,-0.5880392433234808,0.7115133062286787,-0.38465395275634784,-0.5568663033393088,-0.7010486973590386,-0.4454555467568095,-0.5866087013646841,-0.047744517912841,0.8084619301442147,0.1495
1,1785175451.9336646,3833,107.97,-216.92000000000002,-1819.54,-0.5915853156700228,0.7093933785057311,-0.38312902371893426,-0.5575300018360597,-0.7032175310217248,-0.44118635644860166,-0.5823977260741002,-0.047393444651488016,0.8115212566949701,0.16970000000000002
1,1785175451.994011,3836,107.77,-217.08,-1819.58,-0.5954159184911894,0.7078833370914209,-0.3799750848090002,-0.5583260236811728,-0.7046578557730037,-0.4378691100977131,-0.5777126753738954,-0.048564260168424085,0.8147941932455274,0.13620000000000002
1,1785175452.0538516,3839,107.68,-217.14000000000001,-1819.44,-0.6005851133259453,0.7063668955158934,-0.3746242525124346,-0.5605949505727462,-0.7060905455429747,-0.4326308390385094,-0.570114745506202,-0.04981917717168169,0.8200531851912627,0.151
1,1785175452.1141994,3842,107.88,-217.11,-1819.27,-0.6115484403530569,0.7062992822999836,-0.3565807467100144,-0.5668131818389435,-0.705531217036849,-0.42538043993596525,-0.5520247476294484,-0.058026076974327115,0.8318062589302951,0.1437
1,1785175452.1745446,3848,108.5,-217.22,-1819.04,-0.6280954406998964,0.7083649991821275,-0.3220483586446412,-0.5760910867411241,-0.7015284365306766,-0.4194960220505731,-0.5230823808440057,-0.0779543499269216,0.8487095746944522,0.14200000000000002
1,1785175452.2343838,3851,108.8,-217.09,-1818.97,-0.6351252370922167,0.7089006241797589,-0.3067178479418894,-0.5811710998947374,-0.7001463600056449,-0.4147712950747523,-0.5087790147556176,-0.08517616807766316,0.8566731783684538,0.12810000000000002
1,1785175452.2792675,3854,109.01,-217.06,-1818.91,-0.6403768666194717,0.7086885147702597,-0.29610480869339273,-0.5845783831024678,-0.6997793269463362,-0.4105813044791946,-0.4981822785968322,-0.08983029896007283,0.8624064788026655,0.1368
1,1785175452.3391044,3857,109.06,-217.01,-1818.8600000000001,-0.6415694208414287,0.7089515888206475,-0.2928759514707093,-0.5863131843818133,-0.6994271774737848,-0.4087034049663796,-0.4945963283944307,-0.09049457508455502,0.8643987527865911,0.13670000000000002
1,1785175452.3989441,3860,109.08,-217.02,-1818.8600000000001,-0.6413442534369463,0.7092032384810883,-0.2927598249612515,-0.5862476061552749,-0.6991212986977632,-0.4093203561812715,-0.4949659512134303,-0.09088551168965153,0.8641461282122916,0.13720000000000002
1,1785175452.4587846,3863,109.09,-217.01,-1818.8400000000001,-0.6408878743887143,0.7094823616451645,-0.29308277154400486,-0.5865062286683337,-0.6988953952149257,-0.4093356450159467,-0.4952506195803936,-0.09044338041986634,0.8640294084945623,0.1405
1,1785175452.518624,3866,109.09,-217.03,-1818.81,-0.6403229724490143,0.7095990366470741,-0.29403349833582393,-0.5865274001241894,-0.6988796651906548,-0.4093321664449998,-0.49595574384980934,-0.08964608620872595,0.8637079826942898,0.1396
1,1785175452.563504,3869,109.13,-217.02,-1818.79,-0.6396928486229022,0.7097693780165409,-0.2949923549021724,-0.5865810829657746,-0.6988100308612464,-0.40937412457848743,-0.49670483441115776,-0.08883676489897903,0.8633610697007756,0.1343
1,1785175452.6233447,3875,109.10000000000001,-217.02,-1818.81,-0.6384920712989544,0.7097639509285273,-0.2975953777374545,-0.586622250003418,-0.6991168399531373,-0.40879087550343735,-0.4981989669693207,-0.08643366274934002,0.8627438850866663,0.1298
1,1785175452.6831841,3878,109.0,-217.03,-1818.8400000000001,-0.6313075061716844,0.7129451187825017,-0.30522137909309915,-0.5868956319149761,-0.696462994491957,-0.4129077554883383,-0.5069559644489942,-0.08153867123948558,0.8581066922021348,0.1322
1,1785175452.7280636,3881,108.76,-217.08,-1818.79,-0.6165013783985538,0.7194479692378801,-0.31987602284662264,-0.5879008311599949,-0.6908699667188328,-0.42079840993913664,-0.5237352987474397,-0.07136742005571445,0.8488863458676438,0.1404
1,1785175452.7879038,3884,108.82000000000001,-217.08,-1818.75,-0.6100022473031262,0.7228241458697773,-0.3246883312235943,-0.5888389892729184,-0.6876916404044536,-0.42467499623815774,-0.5302507925474355,-0.0678635532923111,0.8451204855743104,0.14600000000000002
1,1785175452.8477445,3887,108.97,-216.95000000000002,-1818.6100000000001,-0.6090343752061933,0.7238061262467028,-0.32431747011985645,-0.5894818322007915,-0.6866499203911967,-0.4254680438434374,-0.5306489416953545,-0.06794540775141072,0.8448639667088987,0.1384
1,1785175452.907584,3890,109.11,-216.86,-1818.43,-0.6072098089405631,0.7245056895383661,-0.32617135642619105,-0.5893695272609586,-0.6860221716876633,-0.4266346684097955,-0.5328600268950175,-0.06682129734956262,0.843560967540558,0.14830000000000002
1,1785175452.9674342,3893,109.19,-216.77,-1818.24,-0.604379678082162,0.7258262947938147,-0.32848347676433387,-0.5896496141125072,-0.6847885919945393,-0.42822647845632755,-0.5357597757374787,-0.06512122587926897,0.8418555034218805,0.1376
1,1785175453.0123048,3896,109.32000000000001,-216.71,-1817.99,-0.6005074387660277,0.7278882070484265,-0.33101295144826637,-0.5892785843066118,-0.6826621634431616,-0.43211470778104444,-0.540501217449379,-0.06442925300613793,0.8388726394947031,0.132
1,1785175453.0721443,3902,109.9,-216.61,-1817.76,-0.5975211819407521,0.7367500726024788,-0.3164929188028839,-0.5928313758568823,-0.6716675262144058,-0.4443126084511406,-0.5399253623712843,-0.07785926245002997,0.8381041333384381,0.1643
1,1785175453.1324883,3905,110.10000000000001,-216.6,-1817.65,-0.5963314217348652,0.7383327881730539,-0.3150452814442371,-0.5937469999264029,-0.6698126925835951,-0.44588726930953143,-0.5402345190100967,-0.07883939854234458,0.8378132331894804,0.1816
1,1785175453.1928341,3908,110.24000000000001,-216.62,-1817.6200000000001,-0.5968523048794636,0.7387251411513539,-0.3131333453833748,-0.5940524354423596,-0.6691912780329107,-0.4464131912809932,-0.5393227513326995,-0.08042511570145033,0.8382498259226395,0.1615
1,1785175453.2526748,3911,110.31,-216.59,-1817.6200000000001,-0.5972537606503173,0.7388720968981329,-0.3120191818052372,-0.5953112025106684,-0.6690839952290123,-0.44489457121174786,-0.5374872254801555,-0.07996644142225616,0.8394717688474731,0.16440000000000002
1,1785175453.312518,3914,110.37,-216.62,-1817.6000000000001,-0.5975861021157739,0.739231305954236,-0.31052846384070876,-0.5957852120322644,-0.6685703485360717,-0.4450322125217739,-0.5365918669545278,-0.08093679852545561,0.8399514289306877,0.1555
1,1785175453.3723574,3920,110.52,-216.61,-1817.5900000000001,-0.5986266184284726,0.7406468191273147,-0.30510401673115084,-0.5971643749204034,-0.6665012281673336,-0.4462855836539641,-0.5338921998257844,-0.08496118035918776,0.841273271177183,0.1557
1,1785175453.4321997,3923,110.56,-216.6,-1817.6200000000001,-0.5989400456984191,0.7409725998030162,-0.3036946295210618,-0.5977050287175232,-0.6660365969240274,-0.44625547638504764,-0.5329348180636734,-0.08576046815998632,0.8417990388426558,0.152
1,1785175453.4770803,3926,110.56,-216.63,-1817.6200000000001,-0.5991289316265211,0.7410778592540734,-0.30306456376729884,-0.5979166497692743,-0.6658710899254674,-0.44621897262460414,-0.5324849323847112,-0.08613534770853305,0.8420454255314139,0.1628
1,1785175453.5369205,3929,110.57000000000001,-216.64000000000001,-1817.6000000000001,-0.5986557540303217,0.741242643141082,-0.30359616623997326,-0.5971287719235179,-0.6656135938386032,-0.44765586496590254,-0.5338993518515435,-0.08670575347969485,0.8410907171084581,0.15960000000000002
1,1785175453.5965962,3932,110.58,-216.64000000000001,-1817.56,-0.5979967334845556,0.7415162879618206,-0.30422606960798676,-0.5981182881999695,-0.6655262086028133,-0.4464631888336403,-0.5335301491598573,-0.08502035256388141,0.8414969516209632,0.15710000000000002
1,1785175453.6564305,3935,110.57000000000001,-216.66,-1817.54,-0.5989145830119621,0.7414071155113662,-0.30268269082444016,-0.5978443377837896,-0.6654251456595974,-0.44698045069529135,-0.5328071602704583,-0.08674597738811632,0.841778869639474,0.16570000000000001
1,1785175453.716271,3938,110.57000000000001,-216.67000000000002,-1817.55,-0.5985769200157149,0.7415172490824835,-0.30308058357084905,-0.5974422773760392,-0.6652782209801952,-0.44773609849235785,-0.533636951520631,-0.08693134073838144,0.8412339424733141,0.1637
1,1785175453.761162,3941,110.60000000000001,-216.67000000000002,-1817.53,-0.5982965623757908,0.7416618974203381,-0.3032801565618426,-0.5976092867903436,-0.665159078712239,-0.4476902281138405,-0.5337643335698337,-0.08660848642915785,0.8411864277835218,0.1603
1,1785175453.8214948,3947,110.69,-216.6,-1817.4,-0.5977730457891808,0.7420459741498947,-0.3033729684330157,-0.598037727413013,-0.6647866043413987,-0.4476713607981991,-0.5338710165560635,-0.08617739225670627,0.8411630012935833,0.15280000000000002
1,1785175453.8818445,3950,110.74000000000001,-216.57,-1817.31,-0.5978677221744135,0.7421755669726742,-0.30286897261153656,-0.5987012735816609,-0.6646798487922184,-0.4469423717004806,-0.5330206110402066,-0.08588437808090031,0.8417320843403687,0.15660000000000002
1,1785175453.9277213,3953,110.76,-216.55,-1817.3,-0.5977753705711154,0.7424048190595716,-0.30248915844322466,-0.5987888198456462,-0.6643773665215791,-0.44727470762576044,-0.5330258488726638,-0.08624267789775507,0.8416921319239001,0.154
1,1785175453.9865642,3956,110.82000000000001,-216.53,-1817.31,-0.5989778625058242,0.7422483914331724,-0.30048767968557744,-0.5990187196006586,-0.6643554353213437,-0.4469993614391139,-0.5314151802460498,-0.08774497691524132,0.842554879654852,0.1621
1,1785175454.0464036,3959,110.82000000000001,-216.54,-1817.32,-0.5983833653434747,0.7423495541852477,-0.3014207814354901,-0.5990164874780811,-0.6643498392932282,-0.44701066962711716,-0.5320870190200466,-0.0869277310875289,0.8422155150306451,0.1468
1,1785175454.1062436,3962,110.86,-216.54,-1817.3600000000001,-0.5992330913150076,0.7424119434372488,-0.2995733775134017,-0.5997326255571376,-0.6641671617767408,-0.4463213629883413,-0.5303211103806844,-0.08778660182029939,0.8432396055839895,0.15480000000000002
1,1785175454.1660843,3965,110.87,-216.56,-1817.3500000000001,-0.5985419548912606,0.7426622111787919,-0.3003337615420145,-0.5994400139784981,-0.6639161158905973,-0.4470873076952658,-0.5314312729567261,-0.08756843693803486,0.842563096139288,0.1655
1,1785175454.2109635,3968,110.88,-216.56,-1817.3500000000001,-0.5980643152708115,0.7429017334891097,-0.30069268228297663,-0.599387993919188,-0.6636680167779455,-0.4475251906335107,-0.5320273560120634,-0.08741726308289674,0.842202537736564,0.1653
1,1785175454.270805,3974,110.9,-216.58,-1817.39,-0.598322767509214,0.7429304370098567,-0.30010703364709523,-0.5992796179926453,-0.6635438085713404,-0.447854388797553,-0.5318588208713892,-0.0881134488655622,0.8422364363943843,0.1549
1,1785175454.3306437,3977,110.9,-216.6,-1817.3700000000001,-0.5984858912580866,0.7429643062234654,-0.29969764370594976,-0.5993316199800003,-0.6634614158510723,-0.44790686416825437,-0.5316166356098747,-0.0884476644958766,0.8423542980172076,0.1482
1,1785175454.3904839,3980,110.9,-216.58,-1817.3500000000001,-0.5988336824696483,0.7428789024187253,-0.29921423275136877,-0.5996677008831057,-0.6635584762969878,-0.4473128626051232,-0.5308454287807426,-0.08843689770434994,0.8428416493428761,0.1489
1,1785175454.4503243,3983,110.91,-216.61,-1817.42,-0.5974543233317277,0.7431015328189127,-0.3014107553728129,-0.59870748180533,-0.6634079785902959,-0.4488197914230812,-0.5334769749132083,-0.08769245044426503,0.8412564123812266,0.16740000000000002
1,1785175454.5101645,3986,110.9,-216.59,-1817.38,-0.597966826473886,0.7430504764559667,-0.3005189908729743,-0.599096629605035,-0.663422311056245,-0.4482790041800735,-0.5324649310824491,-0.08801605894012718,0.8418635700254589,0.1575
1,1785175454.570004,3992,110.92,-216.61,-1817.4,-0.5981546604814201,0.7431336469720218,-0.2999389685959783,-0.5990176341518361,-0.6632384008949952,-0.44865654743175926,-0.53234281822853,-0.08869727344350538,0.8418692995733923,0.1671
1,1785175454.6298432,3995,110.91,-216.61,-1817.3600000000001,-0.5981424049509195,0.7431090585641074,-0.300024316480342,-0.5990831556609837,-0.6632891265522263,-0.44849404366263607,-0.5322828533804259,-0.08852379159045885,0.8419254731385915,0.1468
1,1785175454.6896837,3998,110.92,-216.61,-1817.39,-0.598325513814135,0.7431122861966232,-0.2996509796791586,-0.5986249107055323,-0.6631618940231022,-0.44929335472326454,-0.5325925232312645,-0.08944513636481202,0.8416322069519651,0.16090000000000002
1,1785175454.749524,4001,110.92,-216.61,-1817.3600000000001,-0.598330166130057,0.7431918833252866,-0.2994442132654959,-0.5990042377316873,-0.6631050371280527,-0.44887151047363666,-0.5321606293951653,-0.08920501272247756,0.8419308345861458,0.1409
1,1785175454.7949078,4004,110.93,-216.62,-1817.4,-0.5981424288004666,0.7431293321486152,-0.29997404982603426,-0.5993740694424335,-0.6633071390961829,-0.4480785244843297,-0.5319552234433793,-0.08821810995702882,0.842164595151633,0.1521
1,1785175454.8547482,4007,110.93,-216.62,-1817.3700000000001,-0.598171503096185,0.7432581477697617,-0.29959669333541367,-0.5996220468975891,-0.6631485723744186,-0.44798144139251567,-0.5316429758381053,-0.08832494965542659,0.8423505502523106,0.153
1,1785175454.914588,4010,110.93,-216.62,-1817.38,-0.5986269236267422,0.743171116439727,-0.2989021545571598,-0.5994420974651884,-0.6631349867671015,-0.44824230178769586,-0.5313332081619953,-0.08915537569393034,0.842458509891826,0.14800000000000002
1,1785175454.9594684,4013,110.94,-216.63,-1817.39,-0.5980281213623636,0.743173608316789,-0.30009224242090277,-0.5987688709556683,-0.6631687019220696,-0.4490914294054956,-0.5327646809185798,-0.08888341067038845,0.8415827553326665,0.13720000000000002
1,1785175455.0193079,4019,110.94,-216.63,-1817.38,-0.5978865664609132,0.7433235222816161,-0.3000029914324714,-0.5994096766569542,-0.66308629238529,-0.448357679069663,-0.5322026805415259,-0.08824233719468821,0.8420056987638702,0.1489
1,1785175455.0791488,4022,110.94,-216.63,-1817.38,-0.5981546664876636,0.7431539261196533,-0.29988870777669635,-0.599308592487306,-0.6632564867408721,-0.4482410554233512,-0.5320152309191123,-0.08839159965234407,0.8421084960864504,0.1447
1,1785175455.138988,4025,110.94,-216.63,-1817.3600000000001,-0.5981083683376645,0.7432577915257353,-0.29972359777091845,-0.5992069658022694,-0.6630957439737899,-0.4486145856499588,-0.5321817282268293,-0.08872367023592233,0.8419683595488446,0.15180000000000002
1,1785175455.1988275,4028,110.94,-216.63,-1817.3700000000001,-0.5981960963765643,0.7432869104462124,-0.2994762078014956,-0.5992002710606498,-0.663029082757267,-0.44872204155679835,-0.5320906552841199,-0.08897754872652759,0.8419991273047345,0.1527
1,1785175455.243708,4031,110.95,-216.65,-1817.4,-0.5979498043440155,0.7433035792204817,-0.29992635863320616,-0.5995339464195917,-0.6631210286486171,-0.4481400991370332,-0.5319916151364639,-0.08814925117107278,0.8421488175747059,0.1585
1,1785175455.3035476,4034,110.95,-216.63,-1817.38,-0.5980696962953783,0.7433268371901015,-0.2996295237224036,-0.5989515464640152,-0.662959323714657,-0.4491569659797888,-0.5325126133356078,-0.08916360363267586,0.8417126400534308,0.1525
1,1785175455.3633883,4037,110.95,-216.64000000000001,-1817.38,-0.5977476794527888,0.7433186292273005,-0.30029173673688225,-0.5989354038001239,-0.6630493447642838,-0.4490455973310913,-0.5328921971502197,-0.08856061117280621,0.8415360505439505,0.1495
1,1785175455.4087741,4040,110.96000000000001,-216.63,-1817.39,-0.5976843653417027,0.7433386110194394,-0.30036828859547865,-0.5988109319898555,-0.6630145100148142,-0.44926298227124906,-0.5331030549110808,-0.0886536455962557,0.8413926930791392,0.14830000000000002
1,1785175455.4686139,4046,110.96000000000001,-216.64000000000001,-1817.3700000000001,-0.5979695890662167,0.7432529174569328,-0.3000124518144836,-0.5987325715231415,-0.6630585411220498,-0.4493024358295706,-0.5328711648693955,-0.08904196615561016,0.8414985739226638,0.1544
1,1785175455.5284536,4049,110.96000000000001,-216.65,-1817.4,-0.5978279748408863,0.7434230746373585,-0.2998730474623904,-0.5996644029961254,-0.6629942304175255,-0.44815315932432453,-0.531981499938621,-0.0880953036762428,0.8421608523276569,0.1567
1,1785175455.5882933,4052,110.96000000000001,-216.64000000000001,-1817.3700000000001,-0.598342306867268,0.7432367314097704,-0.2993086114632806,-0.5992297209852522,-0.6630725426463174,-0.4486184845461501,-0.5318930581429814,-0.0890728032110164,0.84211389397601,0.15480000000000002
1,1785175455.6481328,4055,110.96000000000001,-216.64000000000001,-1817.3600000000001,-0.5981374444779943,0.7433864803708388,-0.2993461847346497,-0.5994550612579979,-0.6629371599659108,-0.4485175040826196,-0.5318695582993114,-0.08883052818816911,0.8421543268405778,0.1496
1,1785175455.693046,4058,110.96000000000001,-216.65,-1817.38,-0.597986560561584,0.7433773034863881,-0.2996702488553602,-0.5993374573129149,-0.6629689828617177,-0.44862761843759635,-0.5321716693412166,-0.08866968154113283,0.8419804047161531,0.14150000000000001
1,1785175455.7528534,4061,110.96000000000001,-216.65,-1817.3500000000001,-0.598149707692579,0.7434109844209963,-0.2992608150585163,-0.5993895791327445,-0.6628864138713731,-0.44867999145473597,-0.5319295626437336,-0.089003991747313,0.8420981117653041,0.15480000000000002
1,1785175455.8127267,4064,110.96000000000001,-216.65,-1817.38,-0.5987558669134604,0.7433324203486551,-0.2982420572208438,-0.5993273933882672,-0.6628406697235234,-0.4488306162628575,-0.5313173132612337,-0.0899953299848471,0.842379221734358,0.1442
1,1785175455.8575745,4067,110.97,-216.66,-1817.4,-0.5980742798792534,0.743406422183529,-0.29942285684829945,-0.5993307652611065,-0.6629023246089728,-0.4487350463687413,-0.5320806231751433,-0.08892355978201026,0.8420111703280702,0.152
1,1785175455.9174154,4073,110.97,-216.66,-1817.38,-0.5989525478020642,0.7432378017874973,-0.2980829003406682,-0.5995463371650146,-0.662969994643033,-0.4483469368636651,-0.5308484106347409,-0.08982402906297164,0.8426930691120367,0.16340000000000002
1,1785175455.9772527,4076,110.96000000000001,-216.65,-1817.3400000000001,-0.5980451432174696,0.7432777532462723,-0.29980024716996156,-0.5990826273745458,-0.6630609104063248,-0.4488320784760678,-0.5323927237031021,-0.08881672489069564,0.8418251464096822,0.1554
1,1785175456.037094,4079,110.97,-216.65,-1817.3500000000001,-0.598011101174862,0.743426371160707,-0.2994995050654536,-0.5992064246084376,-0.6628674681492769,-0.44895253688707465,-0.5322916339560501,-0.08901657335682034,0.8418679623837744,0.14880000000000002
1,1785175456.0969677,4082,110.97,-216.66,-1817.39,-0.5976013559932566,0.743388853773677,-0.30040910671961935,-0.5991970528265805,-0.6630240460289117,-0.4487337810677861,-0.5327621525586829,-0.08815966465742846,0.8416604792483301,0.1436
1,1785175456.1418138,4085,110.96000000000001,-216.66,-1817.3500000000001,-0.5977524618931909,0.743398190892423,-0.30008519470060835,-0.5993147014861671,-0.6629921738383994,-0.4486237465979484,-0.5324602171835713,-0.0883204801102572,0.8418346689878706,0.15410000000000001
1,1785175456.2016525,4088,110.97,-216.66,-1817.3400000000001,-0.59816197819682,0.7434354721045195,-0.29917544460800466,-0.5993240890154163,-0.662835637611696,-0.44884245993192085,-0.5319895526845507,-0.08917744293613016,0.8420418632739496,0.1512
1,1785175456.2614925,4091,110.98,-216.66,-1817.3500000000001,-0.5979110813455114,0.7433726933908945,-0.2998322489743368,-0.599278645687566,-0.6629849021676704,-0.44868265435673077,-0.5323226874999019,-0.08858926694860955,0.8418934007072333,0.16390000000000002
1,1785175456.307876,4094,110.98,-216.66,-1817.3700000000001,-0.598149707692579,0.7434109844209963,-0.2992608150585163,-0.5993895791327445,-0.6628864138713731,-0.44867999145473597,-0.5319295626437336,-0.089003991747313,0.8420981117653041,0.1592
1,1785175456.3667176,4100,110.98,-216.67000000000002,-1817.41,-0.5984588604224247,0.7433942695579078,-0.29868369953909035,-0.5994711515141211,-0.6628473387303656,-0.4486287374214961,-0.5314897279197656,-0.08943358164882352,0.8423302817714895,0.1468
1,1785175456.426558,4103,110.98,-216.66,-1817.3700000000001,-0.5987677010712537,0.7433772733143557,-0.2981064737196417,-0.5995527013505213,-0.6628083028717989,-0.44857743138448014,-0.5310497137341645,-0.08986313573384377,0.842562056099693,0.1502
1,1785175456.4863987,4106,110.97,-216.67000000000002,-1817.3500000000001,-0.5985684458096381,0.7432503054521601,-0.29882235379286,-0.5994060836932116,-0.6630248729959966,-0.44845330260820815,-0.5314397073164564,-0.08931405955342893,0.8423745225572089,0.1482
1,1785175456.5462399,4109,110.98,-216.67000000000002,-1817.4,-0.598546443693566,0.7434231443844689,-0.29843622959569477,-0.599464517787468,-0.662780645741117,-0.4487361223980375,-0.5313985760760217,-0.08968747975329279,0.8423607952177496,0.152
1,1785175456.591121,4112,110.99000000000001,-216.66,-1817.3600000000001,-0.5978770830315118,0.743501059703189,-0.29958165465523034,-0.5991113405719171,-0.6627731953127919,-0.44921853609684476,-0.5325491481392596,-0.08909470127401922,0.841696821320505,0.1496
1,1785175456.6509602,4115,110.98,-216.67000000000002,-1817.3700000000001,-0.597701466364534,0.7434427491727409,-0.30007638328959285,-0.5991247480948158,-0.6629066501548423,-0.44900368528644485,-0.5327311642151313,-0.08858697355120708,0.8416352266813861,0.1537
1,1785175456.710802,4118,110.98,-216.66,-1817.33,-0.597986560561584,0.7433773034863881,-0.2996702488553602,-0.5993374573129149,-0.6629689828617177,-0.44862761843759635,-0.5321716693412166,-0.08866968154113283,0.8419804047161531,0.1534
1,1785175456.77064,4124,110.98,-216.67000000000002,-1817.3700000000001,-0.5986805670647064,0.7433279959768287,-0.2984042040859233,-0.5992685797867451,-0.6628565496005585,-0.44888569138703893,-0.5314684825080969,-0.0899148766818599,0.8422924474621785,0.1588
1,1785175456.830984,4127,110.99000000000001,-216.67000000000002,-1817.38,-0.5980865521074621,0.743430928852985,-0.29933748547917594,-0.5992652600280759,-0.662851550259896,-0.4488975054971182,-0.5321406057722814,-0.08909700524058321,0.8419549271460254,0.165
1,1785175456.890825,4130,110.99000000000001,-216.67000000000002,-1817.3600000000001,-0.5987558669134604,0.7433324203486551,-0.2982420572208438,-0.5993273933882672,-0.6628406697235234,-0.4488306162628575,-0.5313173132612337,-0.0899953299848471,0.842379221734358,0.157
1,1785175456.95117,4133,110.99000000000001,-216.66,-1817.33,-0.5978569801804363,0.7435518489070351,-0.29949570821041693,-0.5999123476101071,-0.6628355877184358,-0.44805597734980157,-0.5316692641430943,-0.08820222015848343,0.8423468180771239,0.161
1,1785175457.0115144,4136,110.99000000000001,-216.67000000000002,-1817.3700000000001,-0.5983127558136331,0.7434445152760892,-0.2988512990378273,-0.5994417276754387,-0.6628038280456265,-0.4487323262809902,-0.5316873718193627,-0.08933833574655721,0.8422156495897319,0.1615
1,1785175457.0563943,4139,110.99000000000001,-216.67000000000002,-1817.3600000000001,-0.598011101174862,0.743426371160707,-0.2994995050654536,-0.5992064246084376,-0.6628674681492769,-0.44895253688707465,-0.5322916339560501,-0.08901657335682034,0.8418679623837744,0.15230000000000002
1,1785175457.11674,4145,110.99000000000001,-216.68,-1817.3600000000001,-0.5978893776205731,0.7435255742485052,-0.29949626469609697,-0.5990457767179609,-0.6627223573419231,-0.44938094583052746,-0.5326090963594773,-0.0892681215081571,0.8416405129017652,0.163
1,1785175457.1765792,4148,111.0,-216.67000000000002,-1817.3500000000001,-0.5984000465500939,0.7434938507800057,-0.2985536436574912,-0.5997258301084196,-0.6627554513161318,-0.4484240631941128,-0.5312685883709037,-0.08928664851515714,0.8424853597584461,0.1481
1,1785175457.236925,4151,110.99000000000001,-216.67000000000002,-1817.3400000000001,-0.5983250301571249,0.7434689486162159,-0.2987659296689866,-0.5993762598059479,-0.6627530178054691,-0.4488947945463127,-0.5317473624462169,-0.08951178600185483,0.8421593570686309,0.1421
1,1785175457.2967649,4154,110.98,-216.68,-1817.3600000000001,-0.5981574675874236,0.7433558834809487,-0.29938215455109984,-0.5989448644295414,-0.6628925629496689,-0.4492643980547509,-0.5324215372642983,-0.08941745064738546,0.8417433255909095,0.16060000000000002
1,1785175457.3416452,4157,111.0,-216.68,-1817.3600000000001,-0.5983124830999431,0.7434649054733447,-0.2988011159555649,-0.5997324754192652,-0.6628220771916438,-0.44831668708050015,-0.5313596997272758,-0.08903273733220442,0.8424547710048735,0.16040000000000001
1,1785175457.4014847,4160,111.0,-216.68,-1817.3600000000001,-0.5978647957349126,0.7434765287862697,-0.2996670438416113,-0.5991768964493244,-0.6628240031294218,-0.44905610744855,-0.532489185601179,-0.08892126865608195,0.8417530963402428,0.1481
1,1785175457.4613247,4163,111.0,-216.68,-1817.3400000000001,-0.5984630755358799,0.7434739417515946,-0.2984768754132924,-0.5998499947223996,-0.662790308407206,-0.4482064155197,-0.5310573707723798,-0.08919363776541045,0.8426283664406866,0.1656
1,1785175457.506205,4166,110.99000000000001,-216.68,-1817.3400000000001,-0.5984000465500939,0.7434938507800057,-0.2985536436574912,-0.5997258301084196,-0.6627554513161318,-0.4484240631941128,-0.5312685883709037,-0.08928664851515714,0.8424853597584461,0.1444
1,1785175457.5660458,4172,110.99000000000001,-216.68,-1817.3700000000001,-0.5981032577667142,0.7435350214470031,-0.29904542285520436,-0.5995788522284486,-0.6627437267532111,-0.4486378858385469,-0.5317684580804503,-0.08903046967791155,0.8421970567863979,0.15230000000000002
1,1785175457.625885,4175,111.01,-216.68,-1817.3500000000001,-0.5985256832072557,0.743474510860228,-0.29834989231174913,-0.600264469454164,-0.6628431918528301,-0.4475728652691794,-0.5305182119891819,-0.08879501515004552,0.8430100070772023,0.1573
1,1785175457.6857252,4178,111.0,-216.68,-1817.3500000000001,-0.5983755442506972,0.7434449945289001,-0.2987243681935,-0.5998566384874923,-0.6628568988674617,-0.4480990346857466,-0.5311484927072355,-0.08893970841944278,0.8425977729386048,0.1637
1,1785175457.7455654,4181,111.0,-216.68,-1817.3500000000001,-0.5984123086275401,0.743518254362373,-0.2984682802459711,-0.5996604139123486,-0.662704682296009,-0.44858654911780044,-0.5313286147663503,-0.08946010000483848,0.8424291030333625,0.15560000000000002
1,1785175457.790445,4184,111.0,-216.69,-1817.3600000000001,-0.5980077290178738,0.7435611031095427,-0.29917159286503975,-0.6000298417137846,-0.6628037781486137,-0.44794568948127406,-0.5313670530695479,-0.0883631009779718,0.8425206331584653,0.1514
1,1785175457.8502848,4187,111.0,-216.69,-1817.3500000000001,-0.598011101174862,0.743426371160707,-0.2994995050654536,-0.5992064246084376,-0.6628674681492769,-0.44895253688707465,-0.5322916339560501,-0.08901657335682034,0.8418679623837744,0.1685
1,1785175457.9101245,4190,111.0,-216.69,-1817.3600000000001,-0.5988184245563402,0.7433330070771585,-0.2981149694354374,-0.599742203612618,-0.6628940170918628,-0.44819729060949715,-0.5307784694368677,-0.08959666675408172,0.8427613266452219,0.1743
1,1785175457.9699645,4196,111.0,-216.69,-1817.3600000000001,-0.5982785096472136,0.743592918323667,-0.2985504927364905,-0.5995655556020425,-0.6626103433189758,-0.4488526233211999,-0.5315862765628201,-0.08953828647903209,0.8422582298941791,0.1472
1,1785175458.029805,4199,111.0,-216.69,-1817.3500000000001,-0.5980865521074621,0.743430928852985,-0.29933748547917594,-0.5992652600280759,-0.662851550259896,-0.4488975054971182,-0.5321406057722814,-0.08909700524058321,0.8419549271460254,0.1505
1,1785175458.089645,4202,111.01,-216.69,-1817.3600000000001,-0.5983124830999431,0.7434649054733447,-0.2988011159555649,-0.5997324754192652,-0.6628220771916438,-0.44831668708050015,-0.5313596997272758,-0.08903273733220442,0.8424547710048735,0.1534
1,1785175458.149628,4205,111.0,-216.69,-1817.3700000000001,-0.5984834042951858,0.7434430766375806,-0.29851299231841477,-0.5993402628871762,-0.662745698550867,-0.44895365945123333,-0.5316096914707028,-0.08978045918779928,0.8422176708443325,0.1681
1,1785175458.2099764,4208,111.0,-216.69,-1817.3600000000001,-0.5978184497909296,0.7436005690165622,-0.29945165694618375,-0.5993662124462522,-0.6626812970161037,-0.4490140776889838,-0.5323281360846936,-0.0889476944237437,0.8418521623119444,0.157
1,1785175458.2698164,4214,111.01,-216.70000000000002,-1817.3500000000001,-0.5984003799445228,0.7434734295404667,-0.2986038259125085,-0.5994350845917712,-0.6627371189814318,-0.4488397158058182,-0.5315962421262089,-0.08959224682710215,0.8422462019301511,0.1563
1,1785175458.3301544,4217,111.0,-216.69,-1817.3400000000001,-0.5976797683552524,0.7436159373239203,-0.29969022716244736,-0.599182925501282,-0.6626623711281182,-0.4492865496301719,-0.532690075265662,-0.08896021385275278,0.8416218652487205,0.1608
1,1785175458.3899944,4220,111.01,-216.70000000000002,-1817.3500000000001,-0.5985379094593947,0.7434989147743554,-0.298264538068697,-0.6001991441388538,-0.6627925526480779,-0.447735434748281,-0.5305783243923226,-0.08896851062932666,0.8429538811829709,0.1458
1,1785175458.4498386,4223,111.01,-216.69,-1817.3500000000001,-0.5985628444157527,0.7435271857787216,-0.29814400093394167,-0.5997779808083865,-0.6626729163891544,-0.4484762865767907,-0.5310262658497584,-0.08962103487612479,0.8426026199136781,0.1569
1,1785175458.509679,4226,111.01,-216.69,-1817.38,-0.5981908942181071,0.7435640042823406,-0.29879796788156515,-0.5995721960156116,-0.6626770493993351,-0.4487452617737688,-0.5316773794695034,-0.08928437564883704,0.8422276796837296,0.1462
1,1785175458.5545585,4229,111.01,-216.69,-1817.3500000000001,-0.5984630755358799,0.7434739417515946,-0.2984768754132924,-0.5998499947223996,-0.662790308407206,-0.4482064155197,-0.5310573707723798,-0.08919363776541045,0.8426283664406866,0.17420000000000002
1,1785175458.6143985,4235,111.01,-216.70000000000002,-1817.3600000000001,-0.5981403505778294,0.7435880096219776,-0.2988394099797697,-0.5990913479047566,-0.662572797495582,-0.44954070436895943,-0.5322759414780015,-0.0898563295784114,0.8417886683475864,0.1613
1,1785175458.6742394,4238,111.02,-216.70000000000002,-1817.38,-0.5985628444157527,0.7435271857787216,-0.29814400093394167,-0.5997779808083865,-0.6626729163891544,-0.4484762865767907,-0.5310262658497584,-0.08962103487612479,0.8426026199136781,0.1612
1,1785175458.7340796,4241,111.02,-216.70000000000002,-1817.38,-0.5982781618843286,0.743613325904394,-0.29850035602946057,-0.5998562681436167,-0.6626286592825162,-0.4484369715648658,-0.5312585985949992,-0.08923273746142962,0.8424973709062937,0.1554
1,1785175458.7939196,4244,111.01,-216.70000000000002,-1817.3400000000001,-0.5982785096472136,0.743592918323667,-0.2985504927364905,-0.5995655556020425,-0.6626103433189758,-0.4488526233211999,-0.5315862765628201,-0.08953828647903209,0.8422582298941791,0.1535
1,1785175458.838799,4247,111.02,-216.70000000000002,-1817.3500000000001,-0.598353432461753,0.7436178231135019,-0.29833823591550435,-0.599915041355458,-0.6626127708494339,-0.4483818228504751,-0.5311074401820385,-0.08931320761887523,0.8425841429365438,0.1534
1,1785175458.8986611,4250,111.02,-216.70000000000002,-1817.39,-0.5983411766040175,0.7435934276667432,-0.2984236095065933,-0.5999804334121231,-0.6626635038750225,-0.4482193214874599,-0.5310473763259927,-0.08913974962328515,0.8426403676150208,0.14780000000000001
1,1785175458.9584794,4253,111.01,-216.70000000000002,-1817.33,-0.5978938991656679,0.7436051353899175,-0.29928963891557714,-0.5994250612900445,-0.6626653687451345,-0.44895902370183116,-0.5321771145379144,-0.08902815109625425,0.8419391350177766,0.15330000000000002
1,1785175459.018323,4259,111.01,-216.70000000000002,-1817.3700000000001,-0.5986253324137093,0.7435277908047194,-0.29801700571213957,-0.6001925225909106,-0.662726019994534,-0.4478427829586673,-0.5304871791273899,-0.08922245638435398,0.8429844043979738,0.15480000000000002
1,1785175459.07818,4262,111.02,-216.70000000000002,-1817.3600000000001,-0.5987338320373659,0.7435049933162577,-0.2978558767048968,-0.5993858788337129,-0.6625962724166402,-0.44911329086802937,-0.5312761679471317,-0.09036871523577678,0.8423651991138085,0.1578
1,1785175459.1230383,4265,111.02,-216.70000000000002,-1817.38,-0.5984123086275401,0.743518254362373,-0.2984682802459711,-0.5996604139123486,-0.662704682296009,-0.44858654911780044,-0.5313286147663503,-0.08946010000483848,0.8424291030333625,0.1441
1,1785175459.1829114,4268,111.02,-216.69,-1817.31,-0.5976352585100677,0.7435972505639138,-0.2998253270479211,-0.599824216774905,-0.662808024493223,-0.4482147159986641,-0.5320178631925592,-0.08802642569807917,0.8421450834760268,0.15130000000000002
1,1785175459.242719,4271,111.02,-216.70000000000002,-1817.3500000000001,-0.5986340059166819,0.7434519504180989,-0.298188739525272,-0.59945789986536,-0.6627139240297687,-0.4488434929750879,-0.531307399957085,-0.08994138266999449,0.8423912359671434,0.1666
1,1785175459.2875988,4274,111.02,-216.70000000000002,-1817.3600000000001,-0.5982536540176238,0.7435644806678341,-0.29867110429992333,-0.5999870745050374,-0.662730091362367,-0.44811196863029185,-0.5311384714756109,-0.08888582053400294,0.8426097762467208,0.1517
1,1785175459.347438,4277,111.02,-216.70000000000002,-1817.3500000000001,-0.5979691244370938,0.7436300035463252,-0.2990774883631794,-0.5997747509858857,-0.6626676637329115,-0.4484883672098795,-0.5316983865875035,-0.08880307015220333,0.8422653028777742,0.1489
1,1785175459.4072778,4280,111.02,-216.70000000000002,-1817.3500000000001,-0.598416424017319,0.7435979294166823,-0.2982614672289181,-0.600039185027051,-0.6626476225981606,-0.44816414927688986,-0.5308961856129659,-0.08922021986202783,0.8427271162537578,0.16190000000000002
1,1785175459.4671183,4286,111.02,-216.71,-1817.3600000000001,-0.598353432461753,0.7436178231135019,-0.29833823591550435,-0.599915041355458,-0.6626127708494339,-0.4483818228504751,-0.5311074401820385,-0.08931320761887523,0.8425841429365438,0.1431
1,1785175459.5269587,4289,111.01,-216.70000000000002,-1817.32,-0.5986462853231999,0.7434762914357067,-0.29810338666600605,-0.5993924738126186,-0.6626630548966158,-0.4490059442945875,-0.53136737517985,-0.09011481425433344,0.8423348697794624,0.1501
1,1785175459.5718377,4292,111.02,-216.71,-1817.3400000000001,-0.5986498179023486,0.7435764788584341,-0.2978462952832842,-0.6000618621280598,-0.6626245869386864,-0.4481678462403796,-0.5306073474282937,-0.08956939696585953,0.8428719748468815,0.1622
1,1785175459.6316776,4295,111.03,-216.70000000000002,-1817.3600000000001,-0.5986380749725326,0.7435316298064449,-0.297981829430172,-0.5998367545615345,-0.6626570413146112,-0.448421134061778,-0.5308750541043211,-0.08970151098803958,0.842689335316519,0.1539
1,1785175459.6915176,4298,111.02,-216.71,-1817.3500000000001,-0.5985886588033706,0.743454636041664,-0.2982730656632254,-0.6003884531023056,-0.6628779432998181,-0.44735504654359676,-0.5303068196180419,-0.08870195282382468,0.8431527979149672,0.1683
1,1785175459.7513578,4301,111.02,-216.71,-1817.3400000000001,-0.5975087795846028,0.7436169250944579,-0.3000285436960656,-0.5992845061522983,-0.6627204775968394,-0.4490653062301885,-0.5327676219564347,-0.08851800543889592,0.8416194054963353,0.1537
1,1785175459.811198,4307,111.03,-216.71,-1817.3600000000001,-0.5983538230733996,0.7435973900860133,-0.29838837757311537,-0.5996243756039109,-0.6625944449815765,-0.448797515212792,-0.5314351424163316,-0.08961876442367293,0.8423450400329473,0.1631
1,1785175459.8710377,4310,111.02,-216.71,-1817.3700000000001,-0.5982073822458962,0.7436680660263194,-0.29850583813249937,-0.5998856796137115,-0.6625692176011144,-0.4484854549278519,-0.5313050905279448,-0.08921793239097515,0.8424696204130876,0.1489
1,1785175459.9308777,4313,111.02,-216.72,-1817.3700000000001,-0.5981908942181071,0.7435640042823406,-0.29879796788156515,-0.5995721960156116,-0.6626770493993351,-0.4487452617737688,-0.5316773794695034,-0.08928437564883704,0.8422276796837296,0.1564
1,1785175459.9907184,4316,111.02,-216.71,-1817.3500000000001,-0.5980692970346533,0.7436631073262978,-0.29879474350508783,-0.5994117428474733,-0.66253188235037,-0.44917376081626825,-0.5319949985488871,-0.08953595741974854,0.8420003763941551,0.1661
1,1785175460.0505795,4319,111.02,-216.71,-1817.3400000000001,-0.5986258180576098,0.743507283201905,-0.29806719004375465,-0.5999021253663548,-0.6627078160509037,-0.4482586201357114,-0.5308150053792637,-0.08952804237088996,0.8427456079348313,0.1462
1,1785175460.1103976,4322,111.03,-216.71,-1817.39,-0.5980526157383882,0.7435590951085277,-0.2990868450632011,-0.5990979963093965,-0.6626396254997644,-0.4494333293555321,-0.532367034691798,-0.08960244862122578,0.8417581253391871,0.1542
1,1785175460.1552799,4325,111.03,-216.71,-1817.3400000000001,-0.5986258180576098,0.743507283201905,-0.29806719004375465,-0.5999021253663548,-0.6627078160509037,-0.4482586201357114,-0.5308150053792637,-0.08952804237088996,0.8427456079348313,0.1487
1,1785175460.2151184,4331,110.95,-216.71,-1817.19,-0.5977157979559277,0.7433444903200506,-0.3002911813302764,-0.5998020943939767,-0.6631618940231023,-0.4477206158714279,-0.5319523215801467,-0.0874944056869686,0.8422419228101724,0.14750000000000002
1,1785175460.275463,4334,110.32000000000001,-216.82,-1816.19,-0.5827962428746534,0.7450369821179545,-0.3244509740588847,-0.5940536268839425,-0.663047891401437,-0.4554863138384538,-0.5544806828711188,-0.07271443450016776,0.8290137413445563,0.15280000000000002
1,1785175460.3353028,4337,109.92,-216.62,-1813.94,-0.5880392505034626,0.7413818704270139,-0.32336165831691965,-0.6008686163838993,-0.6680416667437576,-0.4389501535927748,-0.5414487470778969,-0.06382204710258432,0.8383078197126704,0.14120000000000002
1,1785175460.3951437,4340,109.36,-216.37,-1811.19,-0.5917147094848001,0.7392694771172681,-0.32148770238079016,-0.6111299310362596,-0.6714334119809503,-0.4191627138322729,-0.5257317852012897,-0.05155398605714596,0.8490867308765838,0.1552
1,1785175460.4549844,4343,108.91,-216.26,-1809.32,-0.5825282437316317,0.7484500427155433,-0.31699113365209763,-0.62599595179897,-0.6618735479510449,-0.41237419275943693,-0.518449528484926,-0.04178444784602473,0.8540867323240425,0.13970000000000002
1,1785175460.514823,4349,108.35000000000001,-216.26,-1807.8400000000001,-0.5762115487041313,0.7550414675828886,-0.31287798479641316,-0.6384389076631204,-0.6548306660517839,-0.40446577108588416,-0.5102705285649057,-0.033304369509947536,0.8593688420286348,0.1495
1,1785175460.5746634,4352,108.35000000000001,-216.34,-1807.82,-0.5750956575645764,0.7554758746869977,-0.31388084907538283,-0.6385291968789136,-0.6543682715197129,-0.4050711418522344,-0.5114151438738759,-0.032532568208168876,0.8587177549243079,0.1408
1,1785175460.6195433,4355,108.4,-216.47,-1807.9,-0.5745950476800695,0.7555055734004592,-0.3147250542018886,-0.6378331898314428,-0.6543267642708887,-0.4062330704266152,-0.5128443751577909,-0.03267742522953761,0.8578594481320252,0.1452
1,1785175460.6793828,4358,108.55,-216.43,-1807.88,-0.5778132761412291,0.7548940484866705,-0.3102689051038532,-0.6393283928332645,-0.6549427453870214,-0.40287616755294225,-0.5073371896797775,-0.03442347780680521,0.8610598121753852,0.13290000000000002
1,1785175460.739223,4361,108.51,-216.45000000000002,-1807.79,-0.5775175159475666,0.7550834294836025,-0.31035871712106605,-0.6384336399324031,-0.6546611637245755,-0.40474837629501087,-0.5087985909732997,-0.03560583140535241,0.860148951399418,0.14500000000000002
1,1785175460.7990632,4364,108.4,-216.44,-1807.44,-0.5773814709457893,0.7546583752152493,-0.3116430229059474,-0.6391585279183644,-0.6552739427072155,-0.4026070493647253,-0.5080423340605644,-0.03326855461875465,0.8606893690965824,0.1474
1,1785175460.8589027,4367,108.17,-216.39000000000001,-1806.75,-0.5799037306679079,0.7526859931787429,-0.3117297849580181,-0.6403431342127193,-0.6576740444016328,-0.3967688518357139,-0.5036589457401449,-0.03047370986487859,0.8633649398620477,0.1336
1,1785175460.9037833,4370,107.91,-216.32,-1805.7,-0.5837824984456297,0.75111543868354,-0.3082589695042332,-0.643212315385215,-0.6595430248207705,-0.3889484744115333,-0.4954552571578681,-0.02878534664550265,0.8681563752994784,0.1452
1,1785175460.9636235,4376,106.65,-216.67000000000002,-1802.75,-0.5882416951633218,0.7467973568162094,-0.31026668516568867,-0.6407206681283455,-0.6644845501961201,-0.38462619253481245,-0.49340524268044433,-0.027458885683565283,0.8693660196329672,0.1237
1,1785175461.0234656,4379,105.74000000000001,-216.86,-1801.05,-0.5931785237523851,0.7429669522141914,-0.3100634562093648,-0.6414781428751096,-0.6689012566974819,-0.3756020513815521,-0.48646174687475857,-0.023900140294255405,0.873374920707867,0.1391
1,1785175461.0833254,4382,104.9,-217.0,-1799.3500000000001,-0.5993145390844304,0.7391432792673666,-0.30739111235671757,-0.6444036485334019,-0.6732745181336797,-0.3625539421778518,-0.4749379127831934,-0.019199894420152873,0.8798098334614127,0.14830000000000002
1,1785175461.1431434,4385,104.15,-216.99,-1797.3700000000001,-0.6145025662137973,0.7327440838752275,-0.29235715086604525,-0.6491020277154891,-0.6802252454864335,-0.3405292542771647,-0.44838951117560527,-0.019486481179915232,0.893625829594762,0.1461
1,1785175461.2029824,4388,103.60000000000001,-216.81,-1795.49,-0.6311633369193504,0.7260895787397992,-0.27281269357251636,-0.6544247626883961,-0.6872972264133764,-0.3151995440109594,-0.41636651175264716,-0.020407013743838714,0.9089678111357914,0.1222
1,1785175461.2628224,4394,102.55,-216.39000000000001,-1791.3400000000001,-0.6617871438186598,0.7109107194886501,-0.23799942267255633,-0.6629409484888346,-0.7031745737543911,-0.25701131812053474,-0.35006724367336167,-0.012307223141718155,0.9366437194395075,0.1227
1,1785175461.3226645,4397,101.92,-216.15,-1789.08,-0.6740437983795172,0.7038331101047077,-0.2242407433684765,-0.6660646890221756,-0.7103541945202351,-0.22749669968001845,-0.3194100623084769,-0.0039838985732981716,0.9476082210746446,0.0879
1,1785175461.3832083,4400,101.15,-215.87,-1786.95,-0.6790469623424429,0.6984061236135504,-0.22610641174587556,-0.66714726394112,-0.7156264713194808,-0.20686537110571732,-0.3062837755242331,0.010374972092625704,0.9518837160098382,0.0903
1,1785175461.443048,4403,100.18,-215.57,-1784.75,-0.6818935302997952,0.692982644755798,-0.23408602564557743,-0.6683301671818017,-0.7203348936568126,-0.18561365417224432,-0.2972473733610228,0.029878002739275298,0.954332910457501,0.08650000000000001
1,1785175461.5028882,4406,99.17,-215.32,-1782.68,-0.6793351885220934,0.6890548713907318,-0.2524026264688099,-0.6696891371141918,-0.7227624079688003,-0.17067794602229835,-0.3000336002298758,0.05308376248763119,0.9524504989201569,0.08600000000000001
1,1785175461.5627372,4412,97.21000000000001,-214.75,-1779.06,-0.6699020903701326,0.6814047533885677,-0.2948198625893309,-0.6727403383776507,-0.7250829483818516,-0.14722484534006203,-0.3140885646394194,0.09971098247107191,0.944143047179506,0.0918
1,1785175461.6225755,4415,96.35000000000001,-214.48000000000002,-1777.55,-0.6645188033578459,0.6802655103299919,-0.30927915455027427,-0.6765562492600795,-0.7234308568590901,-0.13754794411860863,-0.3173112061856463,0.11784154954683243,0.9409712894819968,0.08080000000000001
1,1785175461.6824164,4418,95.27,-214.46,-1776.23,-0.6481460979511973,0.6814785807926741,-0.3398434634231475,-0.6817778365709586,-0.7180968160655465,-0.13969947858581364,-0.339242711448987,0.14115206933420324,0.9300486417663391,0.08610000000000001
1,1785175461.7422557,4421,94.12,-214.56,-1775.19,-0.6283714591980224,0.681893299885417,-0.3743939594020241,-0.6851045911218091,-0.7130697156715728,-0.14887336839032278,-0.3684847466166903,0.16295124474344708,0.9152408881531652,0.1015
1,1785175461.7871714,4424,93.5,-214.55,-1774.3600000000001,-0.6182349967457925,0.6835474444320965,-0.38800564430054385,-0.6884946841208203,-0.7090945567370799,-0.15218403182731133,-0.3791576963957107,0.17305432908827886,0.9090058528126779,0.0947
1,1785175461.8469756,4427,93.21000000000001,-214.52,-1773.71,-0.6152748536687532,0.6844158764829678,-0.3911671796827354,-0.6899180965877342,-0.7075700392801693,-0.15283212853918426,-0.3813789119021294,0.17583955053147432,0.9075409511560549,0.0989
1,1785175461.9068165,4430,92.97,-214.5,-1773.24,-0.614561047968421,0.6844910347405584,-0.39215652701409404,-0.690603529108183,-0.7070946362183835,-0.15193400216710867,-0.38128923916533397,0.1774519619248872,0.9072647448819605,0.101
1,1785175461.9517016,4433,92.78,-214.55,-1773.02,-0.6138830370764852,0.6843932000671343,-0.3933872957933671,-0.6907818579790009,-0.706927039321909,-0.15190321182463404,-0.38205764156319405,0.17849400207689795,0.9067369242209905,0.09580000000000001
1,1785175462.0115361,4439,92.35000000000001,-214.79,-1772.93,-0.6116757971969145,0.6838693045500952,-0.3977128278264214,-0.6896437626005728,-0.7072609363385625,-0.15547812912311804,-0.3876134670385488,0.17917796243865897,0.9042405973780908,0.0981
1,1785175462.0713751,4442,92.10000000000001,-214.96,-1772.8500000000001,-0.6095514143568665,0.6838436888315877,-0.4010048409941584,-0.6887971619066895,-0.7072755496019322,-0.15912186111460225,-0.39243539978553593,0.17921804089011692,0.9021504036548865,0.1017
1,1785175462.1312163,4445,91.92,-215.06,-1772.77,-0.6086762885347534,0.6836124489540122,-0.4027247141791218,-0.6882366388664629,-0.7074642638208434,-0.1607004802053371,-0.3947701922604483,0.17935533181795865,0.9011038565288234,0.1056
1,1785175462.1910558,4448,91.71000000000001,-215.17000000000002,-1772.73,-0.6089737781178887,0.6831996076577752,-0.402975475260079,-0.6878267332553497,-0.7078689852641107,-0.16067322340835904,-0.3950257239523758,0.17933152482879414,0.9009966046653456,0.10200000000000001
1,1785175462.235935,4451,91.60000000000001,-215.25,-1772.67,-0.6084533502229483,0.6828212983657544,-0.4044002906781538,-0.6875538898066235,-0.7080494640939088,-0.16104535078079693,-0.39630060461,0.18005840967428804,0.9002915082856855,0.1033
1,1785175462.2957754,4454,91.48,-215.29,-1772.58,-0.6091764881229123,0.6825778293516771,-0.4037220741993038,-0.6870365699038955,-0.708511806725979,-0.16121963696950428,-0.3960868060576181,0.17916061678684214,0.9005646647851743,0.1129
1,1785175462.355616,4457,91.42,-215.32,-1772.56,-0.6077873374480754,0.6825928388476059,-0.4057851263806319,-0.6871653628079379,-0.7081963485180954,-0.16205460839689528,-0.3979928599796913,0.18034674463267236,0.8994869288130781,0.1091
1,1785175462.400495,4460,91.23,-215.47,-1772.63,-0.6012721108285047,0.6827292230809544,-0.4151537747523329,-0.6856814109163059,-0.7076226452474355,-0.1706200300575705,-0.41025949283795793,0.1820741603970715,0.8936084985339178,0.10650000000000001
1,1785175462.460335,4466,91.04,-215.64000000000001,-1772.77,-0.5904685011151521,0.682881400063252,-0.43013944557373285,-0.6848040451235914,-0.7059634020952311,-0.1807182743512488,-0.4270718545785846,0.18785278371581243,0.8844890969803011,0.1144
1,1785175462.5201752,4469,91.10000000000001,-215.63,-1772.72,-0.5916485519339336,0.6830327018176799,-0.42827364995072936,-0.6848509797638763,-0.7060971422834299,-0.18001655805961966,-0.4253599963688852,0.18679709287570356,0.8855369668072858,0.11910000000000001
1,1785175462.5800152,4472,91.26,-215.51,-1772.68,-0.5956137926754933,0.6830852543608182,-0.42265677002685115,-0.6854407652475746,-0.7065458527299986,-0.17596566519312376,-0.41882593915794397,0.1848986026579305,0.8890429345220686,0.1173
1,1785175462.639858,4475,91.4,-215.44,-1772.67,-0.5997848122623005,0.6828666215075122,-0.4170747609366847,-0.6866620707409185,-0.706856913856196,-0.16984847346823004,-0.4107960316084743,0.18451688422637677,0.8928606497377513,0.1061
1,1785175462.6847386,4478,91.43,-215.43,-1772.66,-0.6005687443907993,0.682781997893003,-0.4160840379227471,-0.6867507105104174,-0.7069947814755645,-0.16891370749514625,-0.40950048214171336,0.18430171545473525,0.8934999903783694,0.1095
1,1785175462.7445776,4481,91.45,-215.44,-1772.65,-0.601128360694754,0.6828332934670075,-0.4151907842202635,-0.6865183700688573,-0.7071805009684028,-0.16908065119367857,-0.4090687246984759,0.18339692577324854,0.8938838549221503,0.1148
1,1785175462.8044174,4484,91.45,-215.43,-1772.6200000000001,-0.6013501615726743,0.6828368668257022,-0.4148635877974551,-0.6867016842732406,-0.7071372566011438,-0.16851616285360518,-0.4084345479912456,0.18355030272452927,0.8941423300442276,0.1211
1,1785175462.8642573,4490,91.5,-215.22,-1772.75,-0.606174485527887,0.6782542525353779,-0.41535967788493566,-0.6875341046005777,-0.7094094190410444,-0.15503267780351868,-0.39981164078361114,0.19159709051424506,0.8963488198242874,0.1061
1,1785175462.9240978,4493,91.25,-215.08,-1772.8,-0.6047588349387627,0.671527379688021,-0.4281561980082164,-0.6877424699599249,-0.7114437869569183,-0.1444231041551899,-0.4015931356197865,0.20712005293968927,0.8920898144768431,0.1109
1,1785175462.968978,4496,90.98,-215.06,-1772.82,-0.6003412369265504,0.6673377028798388,-0.44073891314536673,-0.6877484293698031,-0.7120553344938596,-0.14134814649724478,-0.4081574416139786,0.21826037417244884,0.886436637285054,0.1058
1,1785175463.0288181,4499,90.8,-215.06,-1772.81,-0.5954275473092615,0.6647536437995026,-0.4511858031460665,-0.6871030475050343,-0.7123839927351536,-0.14282313889568132,-0.41635974591039854,0.22497030904100324,0.8809273080313857,0.10490000000000001
1,1785175463.0886679,4502,90.72,-215.07,-1772.8500000000001,-0.5938830778155921,0.663530710890282,-0.45500536874823394,-0.6866546472054752,-0.7127488140992781,-0.14315908448714326,-0.4192949860842646,0.22741179324192873,0.8789059056230574,0.11230000000000001
1,1785175463.133538,4505,90.62,-215.07,-1772.88,-0.5917177912453769,0.6616541586496921,-0.4605256017478946,-0.6864174259151752,-0.7130953257972856,-0.14256989067137515,-0.42273061507735327,0.23175165731366595,0.8761221355545651,0.1106
1,1785175463.193886,4508,90.68,-215.01,-1772.8400000000001,-0.5928588939823832,0.6616187063969154,-0.45910676228047176,-0.6872367835631621,-0.7128477499307948,-0.1398345048132356,-0.41979034665383275,0.23261292475757955,0.8773068403312376,0.11710000000000001
1,1785175463.2537253,4511,90.9,-214.88,-1772.74,-0.5973725591246559,0.6621485789177591,-0.452443681624632,-0.6882679183460384,-0.7128708810123082,-0.13454508382080135,-0.4116227619805181,0.23102892988092977,0.8815851265632842,0.1092
1,1785175463.313566,4517,91.21000000000001,-214.65,-1772.48,-0.6058575808422978,0.663426838323565,-0.4390915871750641,-0.6893827476960576,-0.7132705913112757,-0.12647723411546044,-0.39709950757329376,0.2260749737641509,0.8894954116366122,0.1068
1,1785175463.373406,4520,91.47,-214.48000000000002,-1772.3600000000001,-0.6115917925754231,0.6641393743290063,-0.42997019747914733,-0.6900920624058005,-0.7135955270602514,-0.12064149022666705,-0.38694757352759007,0.22293567508471632,0.8947464781241848,0.1029
1,1785175463.4182854,4523,91.56,-214.41,-1772.3,-0.6136490178540442,0.6646695597113277,-0.4262033074483548,-0.6907066816169646,-0.7134240132708398,-0.11811205382267254,-0.3825691608800273,0.22190212635682105,0.8968836510171613,0.1134
1,1785175463.4781256,4526,91.59,-214.39000000000001,-1772.25,-0.6132819560576428,0.6647172682903723,-0.4266569999551123,-0.6905303006359561,-0.7134538012988291,-0.1189604023020557,-0.38347509212167535,0.22166331823023003,0.8965557579277689,0.0983
1,1785175463.5379653,4529,91.60000000000001,-214.38,-1772.22,-0.6134253040706542,0.6648375733331369,-0.42626329587513356,-0.6905400119809878,-0.7134377343779861,-0.11900038243175363,-0.3832282455392907,0.22135401566294746,0.8967377050011698,0.1033
1,1785175463.582846,4532,91.62,-214.37,-1772.23,-0.6131253285543096,0.6648904810967691,-0.42661221223973067,-0.6902731482628365,-0.7135282551630564,-0.12000170778483353,-0.3841878606521583,0.22090286831743797,0.8964382915162907,0.0989
1,1785175463.6426857,4535,91.63,-214.36,-1772.19,-0.6134175645815857,0.6648557710332683,-0.4262460500539033,-0.6903837191642092,-0.7135215710741685,-0.11940388571920484,-0.3835221138028299,0.2210288925358148,0.8966922643184786,0.1044
1,1785175463.7025251,4538,91.63,-214.36,-1772.18,-0.6131318866786162,0.6647437178065615,-0.4268314411739504,-0.6903969394326315,-0.7134992082077253,-0.11946106440595898,-0.3839548874021221,0.22143773283625331,0.8964061439528203,0.1053
1,1785175463.762366,4544,91.64,-214.36,-1772.19,-0.6129755460235597,0.6648729412490014,-0.42685471998329944,-0.690957033425004,-0.7131140131442648,-0.11851912173906591,-0.38319623946176323,0.22228894766088464,0.8965200866741244,0.098
1,1785175463.8222063,4547,91.65,-214.35,-1772.16,-0.6135161203326188,0.6650432065170484,-0.42581158222567667,-0.6906286605786695,-0.7133437479129019,-0.11904936161478215,-0.3829229991516893,0.2210389802254269,0.8969457876268658,0.09670000000000001
1,1785175463.867085,4550,91.66,-214.35,-1772.15,-0.6133762121043823,0.6650026078645432,-0.4260764649189581,-0.6906928617728767,-0.7132954380699811,-0.11896633441670525,-0.38303132133087153,0.22131685331648396,0.8968310082270887,0.10450000000000001
1,1785175463.926927,4553,91.66,-214.35,-1772.17,-0.6131905309798086,0.6649006439983187,-0.4265026451586456,-0.6909592842596731,-0.713139637291991,-0.11835170137521366,-0.3828480641351875,0.22212381982504406,0.8967097459346981,0.10690000000000001
1,1785175463.986798,4556,91.68,-214.34,-1772.15,-0.6133337067368666,0.6650210239525031,-0.42610890847479327,-0.6909689421611263,-0.713123667249443,-0.1183915376090705,-0.3826012090272971,0.22181450112621173,0.8968916556312587,0.1032
1,1785175464.0466335,4559,91.7,-214.33,-1772.14,-0.6133314829748264,0.6650698972926005,-0.4260358244409854,-0.6909278672742842,-0.7131335196194263,-0.1185717732810732,-0.38267894404540875,0.22163622201801594,0.896902564871944,0.10690000000000001
1,1785175464.1064463,4562,91.73,-214.31,-1772.1200000000001,-0.6141411604359697,0.6649129621312841,-0.4251133823442424,-0.6913854623231711,-0.7130406944201869,-0.11644359402282439,-0.380547996376982,0.22240440843332873,0.8976187952370902,0.1004
1,1785175464.1515381,4565,91.75,-214.3,-1772.17,-0.6145404726627256,0.6650416527186447,-0.4243343111377248,-0.6911216822283197,-0.71322318091079,-0.11689103714738794,-0.38038247569173234,0.22143236972210759,0.8979292164897412,0.0922
1,1785175464.2114124,4571,91.8,-214.26,-1772.13,-0.6144502313018806,0.6651769592483842,-0.4242529035117365,-0.6915896277997488,-0.7128985215300644,-0.11610118311220277,-0.37967709961606894,0.22207050881492957,0.8980701471164755,0.0983
1,1785175464.2712402,4574,91.82000000000001,-214.25,-1772.07,-0.615064854224138,0.665283635280962,-0.42319370236995224,-0.6913681819504703,-0.7130970298562558,-0.11620095953428053,-0.3790847689959874,0.22111153438374512,0.8985568581218023,0.1022
1,1785175464.3160992,4577,91.85000000000001,-214.24,-1772.1000000000001,-0.6156472968354622,0.665294460360519,-0.42232888477203884,-0.6916563129718626,-0.7130187053063062,-0.11496030014525713,-0.3776108454816374,0.22133144127512602,0.89912315200851,0.0975
1,1785175464.375938,4580,91.85000000000001,-214.24,-1772.08,-0.6154313451819255,0.6651877736814688,-0.4228114060810762,-0.6915816260529483,-0.7130570639785515,-0.11517151564622247,-0.3780993439210465,0.2215284389304882,0.8988693102289649,0.0946
1,1785175464.435778,4583,91.87,-214.22,-1772.06,-0.6154965598460311,0.6653688033304177,-0.4224314623372043,-0.6914850549635612,-0.7130745473893395,-0.11564215765684009,-0.378169807863798,0.22092769274162183,0.8989875143738768,0.09720000000000001
1,1785175464.4956183,4586,91.87,-214.23000000000002,-1772.0900000000001,-0.6152158547286065,0.6652091219441933,-0.42309133313362196,-0.6915399450753221,-0.713041236876759,-0.11551925760877405,-0.3785260314110124,0.2215152784696737,0.8986929536547688,0.0969
1,1785175464.5553377,4589,91.88,-214.23000000000002,-1772.1200000000001,-0.6160061600778045,0.6653441351542706,-0.4217269170470555,-0.6917473149431597,-0.7130090414529171,-0.11447165184149888,-0.37685814707277776,0.22121321981791223,0.899467980732313,0.097
1,1785175464.6002185,4592,91.88,-214.23000000000002,-1772.08,-0.6164125787742787,0.6652771199886661,-0.4212385147970567,-0.6916454186154904,-0.7131517542311634,-0.11419803126682074,-0.37638032312681696,0.2209545859596511,0.8997315840329003,0.1015
1,1785175464.6600583,4598,91.89,-214.22,-1772.07,-0.6160660938531395,0.6654935845121633,-0.42140343731119095,-0.6915371004124115,-0.7131010380517988,-0.11516661097141599,-0.3771458693366918,0.22046586697854006,0.8995308748117942,0.1018
1,1785175464.7198973,4601,91.91,-214.21,-1772.06,-0.6166204074526135,0.6654005576389992,-0.42073907710917624,-0.6915656151181914,-0.7131981404352044,-0.11439148773385031,-0.37618648712994746,0.22043255288971028,0.8999406738932043,0.0989
1,1785175464.7797387,4604,91.95,-214.16,-1771.96,-0.6175401297387091,0.6656697341170729,-0.4189606106101191,-0.691626116611226,-0.7132359937320619,-0.11378810160255334,-0.3745630827825579,0.21949538110298245,0.9008464212566332,0.09920000000000001
1,1785175464.8395774,4607,92.0,-214.12,-1771.94,-0.6171834508979339,0.6654874848765174,-0.41977493423314904,-0.6924188639119772,-0.7127611501029343,-0.11192702891969043,-0.373685301873869,0.2215805731030346,0.9007004745123466,0.0936
1,1785175464.8994174,4610,92.07000000000001,-214.06,-1771.9,-0.6195099506904637,0.6658184204645966,-0.4158043433702066,-0.6919668708310422,-0.713307805935367,-0.11123768994350981,-0.37066058688211634,0.21880997454801326,0.9026255726326962,0.09570000000000001
1,1785175464.9592586,4616,92.32000000000001,-213.88,-1771.77,-0.6231096919480134,0.6661300193915399,-0.4098842630132055,-0.6931511635989228,-0.7130823682282862,-0.10514276258211289,-0.3623199914466652,0.21859627944538682,0.9060573328497059,0.08900000000000001
1,1785175465.0190978,4619,92.41,-213.79,-1771.67,-0.6243706163070301,0.6665913568018274,-0.40720670000563375,-0.6934928006219533,-0.7129527796846109,-0.10375967147936704,-0.3594844488679572,0.21761042478954315,0.9074230733483779,0.0902
1,1785175465.0789375,4622,92.5,-213.71,-1771.57,-0.6244849280656063,0.6667439452512367,-0.406781373823471,-0.6940924029303799,-0.7125674121463011,-0.10238857036532173,-0.3581261102087163,0.21840374222512593,0.9077695162147906,0.0932
1,1785175465.138777,4625,92.56,-213.63,-1771.49,-0.62075854651585,0.6671908398569691,-0.4117222487775968,-0.6942739814760335,-0.7117660538941053,-0.10664297055797899,-0.3642011334042572,0.21964850952138443,0.9050481018664636,0.0966
1,1785175465.1836581,4628,92.74,-213.47,-1771.33,-0.6185761650571031,0.6679526973229347,-0.4137665068154544,-0.69511218138647,-0.7107202325748628,-0.10814715112695454,-0.3663094092586086,0.22071688913118773,0.9039366523937726,0.10020000000000001
1,1785175465.2434971,4631,93.02,-213.19,-1771.08,-0.6168981068224263,0.668496044549167,-0.4153910979077722,-0.6963530760322493,-0.7095637027264441,-0.10775780841109764,-0.36678211420314744,0.2227832807803505,0.9032377818190581,0.0985
1,1785175465.303337,4634,93.43,-212.82,-1770.75,-0.6165722944545838,0.6699823534736675,-0.41347581760593427,-0.6979453952131695,-0.7081572650457569,-0.10670292059567225,-0.36429497802157895,0.2227934783533833,0.9042412482249733,0.11460000000000001
1,1785175465.348217,4637,93.95,-212.39000000000001,-1770.44,-0.6163960791984526,0.6712053680354534,-0.41175141465350984,-0.6998485515923817,-0.706644631478959,-0.10423708378505256,-0.360926416853658,0.22391230140918603,0.9053150848709092,0.0901
1,1785175465.408057,4643,95.10000000000001,-211.36,-1769.8,-0.6132382415255498,0.673685019435973,-0.41241648090032,-0.7037595309584304,-0.7030738236950169,-0.10202804036165061,-0.3586939945354837,0.22767453310025923,0.9052640085973579,0.0897
1,1785175465.4678974,4646,95.78,-210.75,-1769.42,-0.6095912165001791,0.6747165092403665,-0.41612039234376225,-0.7061571624195911,-0.7007144022751354,-0.10169261727240214,-0.36019523973720585,0.2318554692102273,0.9036052405049244,0.0951
1,1785175465.527738,4649,96.54,-209.91,-1769.1200000000001,-0.6066458225063427,0.6769844376859633,-0.41674082733351575,-0.70865461357688,-0.6980805567608002,-0.10243131810503191,-0.3602630770587042,0.23318577873350602,0.9032357986177489,0.09870000000000001
1,1785175465.5880835,4652,97.15,-208.68,-1768.99,-0.6016496306312161,0.6791774634748171,-0.4203994470372609,-0.7124825696386561,-0.6942467753000122,-0.10193136390057708,-0.36109044562604914,0.23820031085925952,0.9015954203433674,0.097
1,1785175465.6329625,4655,97.71000000000001,-207.27,-1769.08,-0.5956114216303893,0.6823518397444126,-0.42384313279896596,-0.7156712915231979,-0.6903844537124839,-0.10575400021575003,-0.36477614630474997,0.24034407184187087,0.8995404883703262,0.09280000000000001
1,1785175465.6928046,4658,98.08,-205.88,-1769.47,-0.5881382471256893,0.6856617125092432,-0.4289072373681908,-0.7180529838969505,-0.6867235284225914,-0.1131843974561506,-0.3721468992005811,0.2414100484853893,0.8962298108775867,0.0897
1,1785175465.7526429,4661,98.43,-204.57,-1770.0,-0.5789386114022689,0.6887110012503557,-0.43647135184837255,-0.7202478283901494,-0.6828744219113481,-0.12217033027096344,-0.38219517255832375,0.243638421961675,0.8913849726224568,0.11660000000000001
1,1785175465.7973506,4664,98.81,-203.36,-1770.79,-0.5677127578898858,0.6925580531910991,-0.4450455791143358,-0.7219208252232283,-0.6786450005451943,-0.13517131849629277,-0.3956419424657513,0.24454918972502832,0.8852475061624062,0.1039
1,1785175465.857191,4670,99.46000000000001,-201.1,-1773.1200000000001,-0.5533069694439611,0.6988402511557394,-0.453292070225503,-0.7230486309170363,-0.6731384492623806,-0.15519441179899693,-0.4135844229341075,0.24188206111495797,0.8777476822054506,0.13390000000000002
1,1785175465.9170303,4673,99.75,-200.02,-1774.54,-0.5315408334108013,0.7071400742962538,-0.46628023520329465,-0.7277106363597587,-0.662958021421568,-0.17585190235443826,-0.4334761494544146,0.24584461994741447,0.86698261268441,0.1202
1,1785175465.9768746,4676,98.68,-199.02,-1775.93,-0.4938503298032207,0.6923540395130946,-0.5260776898169609,-0.7254178773367385,-0.6616308632786662,-0.1897722424312571,-0.47945881469998136,0.2879070765490618,0.8289926177472642,0.13920000000000002
1,1785175466.0367138,4679,98.55,-198.99,-1776.07,-0.4931933131975015,0.6921210400928703,-0.5269998308140473,-0.7269159609059537,-0.660666704263545,-0.18738380841929578,-0.47786351775108865,0.29066814709959,0.8289502317173486,0.1471
1,1785175466.082152,4682,98.74000000000001,-198.76,-1775.83,-0.4922478702818888,0.6930734956653327,-0.5266319054227352,-0.727962625065137,-0.6594854375490283,-0.1874816635541757,-0.4772446445076355,0.2910808947131407,0.8291619033830354,0.14100000000000001
1,1785175466.141992,4685,98.53,-198.89000000000001,-1775.8700000000001,-0.49329855115761556,0.6917932002057278,-0.5273316864886036,-0.7272749238916547,-0.6605867733948039,-0.1862694282329492,-0.4772082611441101,0.29162867308438584,0.8289903452579258,0.15430000000000002
1,1785175466.2023363,4688,98.64,-198.67000000000002,-1775.82,-0.49018771040481784,0.6923623157999407,-0.5294812860037885,-0.7273629637552398,-0.6596567508185754,-0.18919854665581703,-0.4802698486531047,0.2923822750435173,0.8269543383495251,0.1383
1,1785175466.247217,4691,98.55,-197.92000000000002,-1775.71,-0.4823877002464164,0.6926888077787315,-0.5361756449420775,-0.7271062005286082,-0.6579845577515966,-0.1958900071807828,-0.48848611014421356,0.29536170594461825,0.821061984784133,0.1421
1,1785175466.3072267,4697,98.62,-196.74,-1775.42,-0.4676156179180464,0.7037785801126434,-0.5348189825106765,-0.7255111477793199,-0.6512159210894956,-0.22260143433386453,-0.5049447576983621,0.2839252265900154,0.8151179407783582,0.14500000000000002
1,1785175466.3675709,4700,98.82000000000001,-196.33,-1775.44,-0.4625915216150978,0.712688158646408,-0.5273373423673129,-0.7250656204601523,-0.6464071278970178,-0.23756614032867207,-0.5101851920200766,0.27245809499649726,0.8157681388202882,0.14830000000000002
1,1785175466.4274123,4703,99.14,-195.91,-1775.33,-0.4592888593203895,0.720817628485395,-0.519110479733232,-0.7252881103326442,-0.6417054628195957,-0.24934164513291887,-0.5128458839790736,0.2619848191254206,0.8175286256967049,0.1421
1,1785175466.4872508,4706,99.3,-195.57,-1775.33,-0.4593064343086363,0.7252870419283372,-0.5128316548474059,-0.7256471240054457,-0.6393472928219258,-0.2543055063971281,-0.5123220186809381,0.2553306600706564,0.8199587814046334,0.1451
1,1785175466.5321314,4709,99.38,-195.3,-1775.25,-0.46094379206327596,0.7267627523916579,-0.5092609569704211,-0.7270010350251868,-0.6383451327111447,-0.25295253826814695,-0.5089207360981027,0.25363634061406265,0.822598499323499,0.14020000000000002
1,1785175466.591971,4712,99.45,-195.11,-1775.27,-0.4633344638995337,0.7278768029769573,-0.5054864333006133,-0.7277585821121569,-0.6380057716386367,-0.25162686962622033,-0.5056566233374528,0.251284689234803,0.8253286522538362,0.14150000000000001
1,1785175466.651811,4715,99.42,-194.94,-1775.25,-0.4622633152560084,0.7288088103273476,-0.5051240890689737,-0.7279807300818151,-0.6371647126879294,-0.25311101425037924,-0.5063167822599519,0.25071666656715214,0.8250966422834259,0.1336
1,1785175466.6967192,4718,99.56,-194.84,-1775.23,-0.4593728170803804,0.7340855501346029,-0.5000950109841259,-0.7267480895830654,-0.6343298580924583,-0.2635580494307973,-0.5106993530591166,0.24237169021150015,0.8248891650209866,0.1292
1,1785175466.7565312,4724,99.5,-194.79,-1775.6100000000001,-0.44266308082089123,0.7480164467757551,-0.49449043694608613,-0.719891726869945,-0.6252456289452802,-0.30136988082592037,-0.5346076116764198,0.22257425466076483,0.8152640079752321,0.14730000000000001
1,1785175466.816371,4727,99.44,-194.44,-1775.91,-0.43733665528152943,0.7511085769757324,-0.4945427742275231,-0.7183497579888931,-0.6226128156985941,-0.31036576313306086,-0.5410270558340529,0.21952035741898482,0.8118500708469376,0.15280000000000002
1,1785175466.8762107,4730,99.25,-193.87,-1776.3500000000001,-0.4327799835065217,0.7518506301053061,-0.49741543591483867,-0.7161445210557214,-0.6218712000916468,-0.3168804750350619,-0.5475751188996504,0.2190818123597422,0.8075671171210504,0.1424
1,1785175466.9360507,4733,98.93,-193.29,-1776.89,-0.4237843119898742,0.7519780519286329,-0.5049117411279793,-0.7132643105296033,-0.6206379283357063,-0.3256725122510226,-0.5582659583352712,0.22212062337563618,0.7993757241968384,0.14750000000000002
1,1785175466.9809337,4736,98.79,-192.72,-1777.25,-0.4148251408220938,0.7561838014937642,-0.5060693242040751,-0.7090422121272104,-0.6172077266997145,-0.3410480369741517,-0.570244898235558,0.2173492131584787,0.7921995175305955,0.14450000000000002
1,1785175467.0407717,4739,98.78,-192.19,-1777.63,-0.4060076062740509,0.7607557665909039,-0.5063679366293855,-0.7054346603056012,-0.6131431014694961,-0.3555523550194658,-0.5809645115556855,0.21285253279924388,0.7856042487116592,0.16
1,1785175467.1006105,4742,98.83,-191.61,-1777.9,-0.39656127326436,0.7638327934114983,-0.509213727482024,-0.7009514356399821,-0.6101321371988067,-0.36933163962956755,-0.5927952778330794,0.21047146805779612,0.7773644703177515,0.1469
1,1785175467.1454911,4745,98.99000000000001,-190.94,-1778.15,-0.3883010913169967,0.7656002283488257,-0.512911837292,-0.6989172343823887,-0.6074245293538488,-0.3775581287994314,-0.6006138209909111,0.211876689353692,0.7709548018808993,0.155
1,1785175467.2053304,4751,99.34,-189.62,-1778.56,-0.3687162022470321,0.7692766104182953,-0.5217871777495724,-0.6950347659179943,-0.6008999027216269,-0.39477332872733195,-0.6172317525580197,0.21710090642942398,0.7562355189103973,0.16570000000000001
1,1785175467.2651699,4754,99.21000000000001,-189.31,-1778.82,-0.3473376858258077,0.7720490545743212,-0.5322563192072679,-0.6847680228099844,-0.5966016925639428,-0.4185202209771268,-0.640663161842537,0.21910426230618002,0.7358967558680957,0.1714
1,1785175467.3250113,4757,99.3,-188.84,-1779.21,-0.33771285995163397,0.7743073799998843,-0.5351617563886668,-0.6789139691030897,-0.5941926810463771,-0.431289786973454,-0.6519400637941936,0.2176766847152744,0.7263546063400368,0.1726
1,1785175467.385355,4760,99.15,-188.12,-1779.4,-0.32836580135311727,0.7738182298849303,-0.5416467922913223,-0.6757297885629178,-0.5931256868599124,-0.4377112889059089,-0.6599736004950804,0.22227745428790324,0.7176542203351481,0.18000000000000002
1,1785175467.430236,4763,98.97,-187.52,-1779.82,-0.3157266797979705,0.7739931208387422,-0.5488636557088235,-0.6705626482240282,-0.5912646322607781,-0.44805342253385916,-0.6713139343634451,0.2265850470172974,0.7056888960424708,0.1734
1,1785175467.49047,4766,98.79,-186.9,-1780.0,-0.3085112209948269,0.7746366929438523,-0.5520496539853033,-0.6678378417975513,-0.5896611767644895,-0.45419413655385993,-0.6773576924959737,0.2285556618457074,0.699248786809674,0.1827
1,1785175467.55031,4769,98.46000000000001,-186.49,-1780.27,-0.2929856927016081,0.7745843259268194,-0.5605162851342089,-0.661136257562876,-0.5876271956137908,-0.46646878556965227,-0.6906940225656462,0.2339089587928743,0.6842721433673302,0.1953
1,1785175467.596459,4772,98.03,-186.35,-1780.57,-0.2729981291230182,0.7741201452092596,-0.5711479863192432,-0.6517354847001671,-0.5855216026029244,-0.48208433999450884,-0.7076106835527357,0.24062928680129045,0.6643678701258303,0.21480000000000002
1,1785175467.6553001,4778,97.96000000000001,-186.04,-1780.71,-0.2558456415679976,0.7782284453226542,-0.5735010850742519,-0.6451412591802004,-0.5792637877340028,-0.49824313334299136,-0.7199553898638759,0.24251587805902702,0.6502693945552211,0.19840000000000002
1,1785175467.7151394,4781,97.96000000000001,-186.08,-1780.72,-0.2505561210317385,0.7834069535818645,-0.56876636265967,-0.6433574933761778,-0.5737496771535203,-0.5068554465357479,-0.7234035982287136,0.23892436678960463,0.6477672275006945,0.21230000000000002
1,1785175467.7749808,4784,98.05,-186.16,-1780.76,-0.2460089465828856,0.7887686383517996,-0.5633148616482856,-0.6421054306526013,-0.5679780769284353,-0.5148801026016775,-0.7260717692677608,0.23504242017415608,0.6462003146014855,0.2046
1,1785175467.8348212,4787,98.15,-186.22,-1780.72,-0.2427358713620476,0.7939382057395665,-0.5574418554622046,-0.6425115430775025,-0.5620987311083241,-0.5207916411565944,-0.7268137407660056,0.23174801391479039,0.6465559869649927,0.1988
1,1785175467.879699,4790,98.26,-186.29,-1780.74,-0.2400809076177686,0.7986683091998639,-0.5518062066316937,-0.6441659260422623,-0.5563199993071382,-0.5249364895842358,-0.7262309670645718,0.22942752722970414,0.6480367213559123,0.20520000000000002
1,1785175467.939541,4793,98.34,-186.37,-1780.69,-0.2348586901364704,0.8043873694653103,-0.5457127041878903,-0.6450322417540532,-0.5489632150283176,-0.5315757666067124,-0.7271690331450605,0.2271571006824388,0.6477845697795112,0.1938
1,1785175467.999379,4796,98.51,-186.45000000000002,-1780.72,-0.23112322123158846,0.8130356239896013,-0.5343735872321667,-0.6473920132005265,-0.5385174361469199,-0.5393352873768945,-0.726268296052983,0.22129628349700725,0.6508166539500265,0.2039
1,1785175468.0442593,4799,98.60000000000001,-186.54,-1780.71,-0.22259287477503428,0.8191319713227221,-0.5286541645124317,-0.6486766214311152,-0.529244491750991,-0.5469176434893548,-0.7277850320720396,0.22118562681193027,0.6491578125415373,0.1816
1,1785175468.1046102,4805,98.47,-186.84,-1780.82,-0.20121425083552755,0.8256547643008535,-0.5270740322269725,-0.6442672197929328,-0.5168659423052835,-0.5637103397891123,-0.7378567440641729,0.22614996765901532,0.6359430928682565,0.193
1,1785175468.16445,4808,98.25,-187.12,-1781.02,-0.1765738980085041,0.827580651571939,-0.5328526284873208,-0.6367392514661672,-0.5088653934617251,-0.5793264511304043,-0.7505896243516742,0.23699425410926764,0.6168054306949675,0.199
1,1785175468.2247949,4811,98.11,-187.33,-1781.24,-0.15613136100551528,0.8307589039836722,-0.5342870404215446,-0.63456775441359,-0.4988888314879371,-0.5902827279152714,-0.7569324693584356,0.24687968176512287,0.6050650044106769,0.2019
1,1785175468.2851408,4814,97.99000000000001,-187.54,-1781.41,-0.13907749434935432,0.8318671768054898,-0.5372657170517853,-0.6274890558979479,-0.4937483456386397,-0.6020548612106776,-0.766103736640024,0.25339607600112957,0.5906568321567292,0.2051
1,1785175468.3300297,4817,97.81,-187.93,-1781.73,-0.10834588729074712,0.835114273574796,-0.5393007683833037,-0.6143744221728333,-0.48274143685654536,-0.624103176182813,-0.7815402984408277,0.26371358556835683,0.5653758985840334,0.2199
1,1785175468.3903658,4820,97.92,-188.04,-1781.88,-0.104922203386993,0.8398235867239163,-0.532623388914339,-0.6125081874775393,-0.4765120028565739,-0.6306901231243408,-0.7834698791334599,0.2600627891794465,0.5643955121852128,0.2059
1,1785175468.4502058,4823,97.98,-187.99,-1781.76,-0.10183629196981217,0.841322849856998,-0.5308533054868723,-0.6139117292962167,-0.47304441759845967,-0.6319346228934314,-0.7827782305802636,0.2615431920112499,0.5646710550773772,0.2102
1,1785175468.4950857,4826,97.98,-188.02,-1781.83,-0.10114566219962792,0.8415072333950444,-0.5306930668117086,-0.6140672704704075,-0.47249783377524884,-0.6321923634580858,-0.782745771215164,0.2619377277551196,0.5645331561770864,0.2093
1,1785175468.5549257,4832,98.01,-187.94,-1781.79,-0.09886528598463848,0.8420979498838035,-0.5301855317043936,-0.61748716735052,-0.46972628785626225,-0.6309253621897019,-0.7803430357122476,0.265006145774529,0.5664243014888419,0.21830000000000002
1,1785175468.6147656,4835,98.03,-187.9,-1781.78,-0.09605924588239377,0.8428557097803093,-0.5294968118612583,-0.6172435234321422,-0.4677675087590927,-0.6326167801523973,-0.7808860698345056,0.26605978696534177,0.5651806221893816,0.2051
1,1785175468.6746054,4838,98.06,-187.86,-1781.77,-0.09509212885117077,0.842870270687635,-0.5296481792865011,-0.6175152234540209,-0.46726308280894885,-0.6327243951725019,-0.7807896232872741,0.2668987040710963,0.5649182648242898,0.21610000000000001
1,1785175468.7344456,4841,98.07000000000001,-187.84,-1781.74,-0.09359904696546509,0.8424405435404735,-0.5305969741775655,-0.6170307482625986,-0.4673315282078963,-0.6331463483598161,-0.781352848657797,0.26813275320651087,0.5635535046047022,0.2036
1,1785175468.7793293,4844,98.09,-187.81,-1781.7,-0.09403745675343848,0.8424278454538721,-0.5305396139133177,-0.6173176751491866,-0.4674276929333764,-0.632795575069378,-0.7810735206597063,0.2680049945111625,0.5640013104961045,0.2101
1,1785175468.8391654,4847,98.12,-187.79,-1781.69,-0.09504676528243951,0.8427328062966266,-0.5298750131877868,-0.6177258978367309,-0.4673366375782531,-0.6324643723711695,-0.7806284824109032,0.2672038255124073,0.5649967151058363,0.20980000000000001
1,1785175468.8990057,4850,98.15,-187.73,-1781.65,-0.09479824038683837,0.8422388976723114,-0.5307041858392383,-0.6193064999997848,-0.4672801529526798,-0.6309585705215013,-0.7794053840445133,0.268854789624901,0.5659013601487228,0.21710000000000002
1,1785175468.9438858,4853,98.2,-187.62,-1781.57,-0.0959591077440413,0.8418609030988297,-0.531095160469939,-0.6200347870024973,-0.46795329534111113,-0.6297432621998926,-0.7786839619176288,0.26886787315151234,0.5668874264254297,0.20500000000000002
1,1785175469.003725,4859,98.34,-187.48,-1781.45,-0.09703648938644392,0.8421579088263653,-0.5304281066541988,-0.6225730825365088,-0.4671647453826389,-0.627821517290196,-0.7765221675062112,0.26930866542459736,0.5696368721375734,0.21330000000000002
1,1785175469.0635655,4862,98.4,-187.42000000000002,-1781.3600000000001,-0.09599404760023567,0.8421893575371135,-0.5305678362627608,-0.6226597720196327,-0.4666688695997119,-0.6281042703683731,-0.7765822243225652,0.27006897674066754,0.5691948670433229,0.2134
1,1785175469.123406,4865,98.4,-187.44,-1781.29,-0.09444110940713409,0.8420990521482382,-0.53098970161858,-0.6211912211008261,-0.4666467744519878,-0.6295730733765701,-0.7779475198759966,0.27038856163786673,0.5671751775723187,0.21530000000000002
1,1785175469.1832447,4868,98.42,-187.41,-1781.23,-0.09352802394349864,0.8420234859766682,-0.5312710775121529,-0.6217524121353338,-0.46616391056713913,-0.6293767921433442,-0.7776094435776345,0.2714547062558539,0.5671295228697144,0.2179
1,1785175469.2281246,4871,98.47,-187.44,-1781.2,-0.09322174455354527,0.8420129279493627,-0.5313416372810765,-0.6214769234640638,-0.4661459088926536,-0.6296621516529989,-0.7778664023751353,0.2715183617893704,0.5667465388224094,0.2167
1,1785175469.2879653,4874,98.49000000000001,-187.42000000000002,-1781.15,-0.09273893294645191,0.841856160168911,-0.5316744266011018,-0.6215999855748515,-0.4660887553258115,-0.6295829811011254,-0.7778257827105615,0.27210196203719783,0.5665223508443507,0.2197
1,1785175469.347805,4877,98.51,-187.43,-1781.2,-0.09357255758913686,0.8421616297993407,-0.5310442220380014,-0.6215423551384409,-0.4660918800733508,-0.6296375624902391,-0.7777719956614458,0.27114967937175877,0.5670525320827026,0.2195
1,1785175469.4076452,4883,98.52,-187.43,-1781.16,-0.09347424227163505,0.8421408171835885,-0.5310945396679403,-0.6212637016756912,-0.46617304511470015,-0.6298524469974738,-0.7780064132203292,0.27107477942782776,0.5667666935752251,0.2159
1,1785175469.467485,4886,98.54,-187.43,-1781.18,-0.0935188910492317,0.8422789055797579,-0.53086765039159,-0.6210535367584309,-0.4661008322364104,-0.6301130999022081,-0.7781688258320081,0.27076975348788695,0.5666895261952022,0.219
1,1785175469.5123653,4889,98.53,-187.43,-1781.14,-0.09357255758913686,0.8421616297993407,-0.5310442220380014,-0.6215423551384409,-0.4660918800733508,-0.6296375624902391,-0.7777719956614458,0.27114967937175877,0.5670525320827026,0.2175
1,1785175469.5722055,4892,98.54,-187.44,-1781.16,-0.09322174455354527,0.8420129279493627,-0.5313416372810765,-0.6214769234640638,-0.4661459088926536,-0.6296621516529989,-0.7778664023751353,0.2715183617893704,0.5667465388224094,0.2189
1,1785175469.632085,4895,98.54,-187.44,-1781.15,-0.09352802394349864,0.8420234859766682,-0.5312710775121529,-0.6217524121353338,-0.46616391056713913,-0.6293767921433442,-0.7776094435776345,0.2714547062558539,0.5671295228697144,0.21910000000000002
1,1785175469.676964,4898,98.54,-187.44,-1781.15,-0.09384483644528198,0.8422154207719679,-0.5309108509782556,-0.6220865710878306,-0.4659508773207333,-0.6292043213426183,-0.7773039590435289,0.27122493421132254,0.5676579870990276,0.22490000000000002
1,1785175469.7368267,4901,98.54,-187.45000000000002,-1781.1200000000001,-0.09295749526498875,0.8420274870106517,-0.5313648607055105,-0.6216556501479767,-0.4659568707584296,-0.6296256405453232,-0.7777552035911788,0.2717975454479658,0.5667653284872894,0.218
1,1785175469.7971487,4904,98.54,-187.45000000000002,-1781.16,-0.09076512078829799,0.8417306137499608,-0.5322135536834812,-0.6204011724633319,-0.4658384757672599,-0.6309492053255624,-0.7790148124743255,0.272917731873453,0.564492545189608,0.2106
1,1785175469.8569894,4910,98.54,-187.46,-1781.19,-0.09051272259742367,0.84160178032933,-0.5324602242369885,-0.6206146577570456,-0.46581140924329545,-0.6307592073017089,-0.778874119242068,0.27336088667780795,0.5644722597343608,0.2146
1,1785175469.9173334,4913,98.54,-187.48,-1781.16,-0.09074277425195883,0.8416612544762915,-0.532327043869136,-0.6205064669852418,-0.4658745021159133,-0.6308190491002492,-0.7789335487386269,0.2730701027055963,0.5645309961886983,0.216
1,1785175469.977173,4916,98.55,-187.46,-1781.16,-0.09031563951309567,0.8415297113069322,-0.5326075762200646,-0.6202550857742366,-0.46594103357477795,-0.631017101038048,-0.7791833634200199,0.2733618448484334,0.5640448456909487,0.2121
1,1785175470.037014,4919,98.55,-187.48,-1781.19,-0.0907116464414908,0.841818091242487,-0.5320842963823774,-0.6201100952569815,-0.46581444387691334,-0.6312530187143814,-0.7792527619201944,0.2726888430656773,0.5642746918897313,0.21200000000000002
1,1785175470.0968535,4922,98.56,-187.47,-1781.19,-0.09081925565857527,0.8416127064142186,-0.5323907542433062,-0.6208907692461567,-0.4658289875076265,-0.6304744301417269,-0.7786183374841219,0.27329728648443197,0.5648558026024945,0.22390000000000002
1,1785175470.1576915,4928,98.56,-187.47,-1781.17,-0.09078559843278423,0.841655713514571,-0.5323285029241618,-0.6211597124857211,-0.46566962851448357,-0.6303272234830405,-0.7784077252326427,0.27343638563194356,0.5650787169153353,0.2252
1,1785175470.216533,4931,98.56,-187.47,-1781.16,-0.09094228075502711,0.8418470484016625,-0.5319991058906796,-0.6202006241543906,-0.46584414689670894,-0.6311421524510794,-0.7791538277962688,0.2725486706984392,0.5644789940564092,0.21380000000000002
1,1785175470.2614129,4934,98.57000000000001,-187.47,-1781.17,-0.09089576798603914,0.8415641709166941,-0.5324544164447557,-0.6212748623243325,-0.46578335741383037,-0.6301296766540849,-0.7783029646648596,0.27352442338043087,0.5651804004106059,0.2265
1,1785175470.3212533,4937,98.57000000000001,-187.47,-1781.17,-0.09177425713885416,0.8420097950444422,-0.53159852405347,-0.6210070658021242,-0.4657142090472459,-0.6304446841042709,-0.7784135854097405,0.2722678470563764,0.5656346077715172,0.2205
1,1785175470.3810925,4940,98.57000000000001,-187.47,-1781.14,-0.09070052312991729,0.841636405414294,-0.5323735306955687,-0.6200515658661595,-0.4660457836544011,-0.6311397493462751,-0.7793006292637542,0.27285433589969127,0.5641285674470451,0.21080000000000002
1,1785175470.425973,4943,98.57000000000001,-187.47,-1781.16,-0.09102942436872896,0.8417165760238104,-0.532190613921225,-0.620222521262781,-0.46602738520577797,-0.6309853408413737,-0.7791262208509845,0.27263837199671304,0.5644737815855091,0.2091
1,1785175470.485814,4946,98.57000000000001,-187.47,-1781.14,-0.09122637474444388,0.8417885553004877,-0.5320430214899016,-0.6205820833619878,-0.46589792683805503,-0.6307273575627561,-0.7788168118120465,0.2726373964318172,0.5649010742650424,0.21830000000000002
1,1785175470.5456526,4949,98.57000000000001,-187.48,-1781.13,-0.0915012498319408,0.8419863269845077,-0.531682749814521,-0.6202633389002453,-0.4658887760653479,-0.631047572495649,-0.7790384532842471,0.2720416760488544,0.5648826557764169,0.2192
1,1785175470.6054928,4955,98.57000000000001,-187.47,-1781.1200000000001,-0.0912040420304029,0.8417192451778673,-0.5321564948532695,-0.6206873306029265,-0.4659339506379359,-0.6305971703646783,-0.7787355522552762,0.2727897834232925,0.5649395310239347,0.2209
1,1785175470.6653337,4958,98.55,-187.49,-1781.19,-0.09007368913401864,0.8416129665653949,-0.5325169903719349,-0.6203283372429006,-0.4657160651586178,-0.6311111634780612,-0.7791530559134362,0.2734888684428845,0.5640251362293921,0.2114
1,1785175470.7102134,4961,98.56,-187.49,-1781.16,-0.08984296341802066,0.8415838112913492,-0.5326020376384177,-0.620237768327397,-0.4656864149893411,-0.6312220478045939,-0.7792517902863734,0.2736290398819205,0.5638207125219682,0.2165
1,1785175470.7700531,4964,98.58,-187.49,-1781.2,-0.09015205423459866,0.8417088441670629,-0.5323521661158417,-0.6198484510432748,-0.4658032295937449,-0.6315182095864614,-0.7795258205194584,0.27304500169566137,0.5637250413033656,0.2147
1,1785175470.8299277,4967,98.57000000000001,-187.49,-1781.19,-0.09027270207992263,0.8418294289059993,-0.5321410075224318,-0.6198235608574931,-0.4657189825741936,-0.631604767774908,-0.7795316495596103,0.2728168651272447,0.5638274252260312,0.21710000000000002
1,1785175470.8747725,4970,98.57000000000001,-187.48,-1781.17,-0.09007368913401864,0.8416129665653949,-0.5325169903719349,-0.6203283372429006,-0.4657160651586178,-0.6311111634780612,-0.7791530559134362,0.2734888684428845,0.5640251362293921,0.2157
1,1785175470.9343936,4973,98.58,-187.49,-1781.19,-0.08982307936683039,0.8416285125258212,-0.5325347512760399,-0.6196773204559283,-0.4658217524083252,-0.6316724732769329,-0.779699835145308,0.2732609410194048,0.5633796456986785,0.2155
1,1785175470.994234,4976,98.57000000000001,-187.49,-1781.18,-0.08951578078913601,0.8416480555980398,-0.5325556078925001,-0.6192016014104769,-0.4658374800831474,-0.6321272173862508,-0.7801130057885284,0.2731739238247719,0.5628496296008066,0.20470000000000002
1,1785175471.0540748,4982,98.59,-187.49,-1781.23,-0.09072274353005019,0.8419996738479915,-0.531795010362317,-0.6201686233486955,-0.46558307232271784,-0.6313662022790916,-0.7792048911680193,0.27252330543719555,0.5644207522526262,0.2223
1,1785175471.1139433,4985,98.57000000000001,-187.49,-1781.21,-0.09009806314290167,0.8418268311321471,-0.5321747132323227,-0.6193581685277725,-0.4658123317102835,-0.6319923501946458,-0.7799216615121167,0.27266546905069594,0.5633611132227206,0.2039
1,1785175471.1587927,4988,98.58,-187.48,-1781.18,-0.09034911131815891,0.8417808454752626,-0.5322048912542714,-0.6202082277109907,-0.46567366921399095,-0.6312604756203023,-0.7792167813667841,0.2730440294013597,0.5641526084710223,0.221
1,1785175471.2186327,4991,98.60000000000001,-187.48,-1781.2,-0.09177662605682607,0.8421535135887698,-0.5313704079638942,-0.6201432857239516,-0.46584623176729145,-0.631196953034246,-0.7791016339869445,0.271596664004374,0.5650096424137985,0.21780000000000002
1,1785175471.2784736,4994,98.60000000000001,-187.46,-1781.21,-0.09075645992916515,0.841956698069133,-0.5318572962342892,-0.6198994385679238,-0.46574220248367837,-0.631513172379504,-0.7794151339589825,0.2723841394100895,0.5641975979685897,0.21000000000000002
1,1785175471.3388193,4997,98.68,-187.39000000000001,-1781.17,-0.09415245433696685,0.8426320066976601,-0.530194885519466,-0.6219205241094745,-0.4656416786578006,-0.6295972433136456,-0.7773996250537569,0.270460955380661,0.5678914461240443,0.2144
1,1785175471.399167,5003,98.92,-187.11,-1781.03,-0.09810768296369579,0.8439091365764362,-0.5274393346597398,-0.6242777582047956,-0.46493622722307065,-0.6277830717902261,-0.7750175244175386,0.2676783028532407,0.5724475198892202,0.2147
1,1785175471.4590063,5006,98.88,-186.85,-1780.9,-0.10173222620597833,0.8439824782484153,-0.5266347221374971,-0.6284159280478242,-0.4649062818816293,-0.6236630263554117,-0.7711964571540559,0.26749901958074945,0.5776679833575427,0.21130000000000002
1,1785175471.5188463,5009,98.89,-186.48,-1780.8700000000001,-0.10812632368667288,0.8451412517675366,-0.5234930397692085,-0.6323233628209388,-0.4648000267466353,-0.6197806869910891,-0.7671218045113984,0.26400227214387434,0.5846596765179273,0.21030000000000001
1,1785175471.578686,5012,98.85000000000001,-186.06,-1780.91,-0.11079823385845039,0.8455691916269024,-0.522241796053586,-0.6348832879299927,-0.4645006204603162,-0.6173834985640478,-0.7646221041017913,0.2631575873187177,0.588303596925551,0.2061
1,1785175471.638527,5015,98.79,-185.45000000000002,-1780.8500000000001,-0.12256342453009261,0.8474094200947055,-0.5165999242181624,-0.6413673193560722,-0.46485936095784663,-0.610371801602817,-0.7573811250813308,0.25652105033430933,0.6004754633670889,0.1996
1,1785175471.6983666,5018,98.74000000000001,-184.59,-1780.6000000000001,-0.14278920667024073,0.8499103809158396,-0.5072115799841087,-0.6550375449166881,-0.4653232110672435,-0.5953151467849507,-0.7419818442576619,0.2472380505779039,0.6231663414678593,0.1942
1,1785175471.7432458,5021,99.15,-183.27,-1780.26,-0.18290567409976174,0.8563837670529617,-0.4828585278425663,-0.6784716075173407,-0.46539386908223096,-0.5684055105411162,-0.7114926508228651,0.22364120852126043,0.6661552504305605,0.18530000000000002
1,1785175471.8031085,5027,99.66,-181.02,-1780.5,-0.21746710968282726,0.86934941075792,-0.44377883931194206,-0.6996960377667367,-0.4558477600095147,-0.5501166007564554,-0.6805391325557456,0.19087802835623896,0.7074122329668243,0.16640000000000002
1,1785175471.862961,5030,99.88,-180.13,-1781.14,-0.2132015123053398,0.8782305019046428,-0.42808445507286913,-0.6982393363901106,-0.4434387964162139,-0.5619820841899122,-0.6833790633815278,0.17908997559120615,0.707756904858248,0.1559
1,1785175471.9227667,5033,100.07000000000001,-179.1,-1781.8600000000001,-0.21194823256078651,0.88532365351956,-0.41385984974763723,-0.6973115751572385,-0.4337043881935797,-0.5706637107906579,-0.6847149143009006,0.1676380988332032,0.7092693098911722,0.1615
1,1785175471.9826055,5036,100.28,-177.95000000000002,-1782.64,-0.213861736153145,0.8897907193915644,-0.4031570829021923,-0.6978279691802097,-0.42796008228778254,-0.5743572872333552,-0.6835929221688791,0.15850124180231834,0.712445136910721,0.1589
1,1785175472.042446,5039,100.56,-176.77,-1783.58,-0.21608715738050574,0.8942181292896353,-0.39202076177794126,-0.6996690361521818,-0.4218633371649567,-0.5766234166298856,-0.6810062997249653,0.14968387356622923,0.7168159859609158,0.1622
1,1785175472.102286,5045,100.65,-174.70000000000002,-1785.44,-0.204023842571666,0.9008625034716253,-0.38317231306701677,-0.6941394203134378,-0.4091234563882938,-0.5922739759602986,-0.6903221978389632,0.14513699484187942,0.7087951156004477,0.1617
1,1785175472.1621478,5048,100.19,-174.06,-1786.42,-0.18570486121939062,0.9034335665794614,-0.3864213960134721,-0.6828715247489403,-0.4014332296111201,-0.6103587820708759,-0.7065410003719134,0.1505295749728256,0.691477159313275,0.1617
1,1785175472.2219672,5051,99.64,-173.54,-1787.53,-0.16493832192932686,0.9084131731469222,-0.38416253957443275,-0.6694891010389331,-0.3891381140768836,-0.6327368108169205,-0.7242787402300435,0.15283008547346383,0.6723565061966419,0.1731
1,1785175472.2818053,5054,99.01,-173.35,-1788.73,-0.14436051325507257,0.9138975580502519,-0.3794091401146243,-0.6545614019593173,-0.3757460459560578,-0.6560215545341792,-0.7420979809147744,0.153642970350663,0.6524449588923501,0.18460000000000001
1,1785175472.3416455,5057,98.21000000000001,-173.18,-1790.03,-0.11963840424008076,0.9176164757746379,-0.37903384495031656,-0.63476401907581,-0.3642493011017926,-0.6814668640026312,-0.7633880352203668,0.1590674386346533,0.6260481272622728,0.1819
1,1785175472.4014862,5063,96.77,-172.89000000000001,-1792.9,-0.094809473481443,0.923161812431296,-0.3725364838599514,-0.6094022272603522,-0.3497316645261538,-0.7115593357112868,-0.787172210604702,0.1595619970304022,0.5957347395908488,0.1933
1,1785175472.461326,5066,95.87,-173.1,-1794.8,-0.05996225600030005,0.9228597154673869,-0.38043984205496734,-0.5790497078146515,-0.342604188757444,-0.7398133587098984,-0.8130842291762407,0.17593270137557623,0.5549249686683517,0.1938
1,1785175472.5211654,5069,95.32000000000001,-172.9,-1796.47,-0.053802052441185404,0.9241933627327827,-0.378116341135618,-0.572583308357102,-0.338780641885645,-0.7465762062069661,-0.8180792713080755,0.1763357733536263,0.5474047870560019,0.203
1,1785175472.5810056,5072,94.56,-173.08,-1798.6200000000001,-0.012860245147929298,0.9208706090402057,-0.38965617600733066,-0.5409544721416234,-0.33414432644792363,-0.771826294040726,-0.8409535499447712,0.20086037565578746,0.5024462521769898,0.2054
1,1785175472.6258867,5075,94.17,-172.94,-1800.73,0.01379720711969997,0.9164024398337031,-0.4000202561652753,-0.5241257759833154,-0.33406554389779186,-0.7833852075002185,-0.8515290999288184,0.2204694551340592,0.4757009683901301,0.2126
1,1785175472.6857262,5078,93.76,-173.05,-1802.96,0.06686274479600525,0.9087604345507873,-0.41192699104745295,-0.4926801981687687,-0.328937702660306,-0.8056464547808441,-0.8676379404398629,0.2568160048821417,0.42573459331565805,0.2235
1,1785175472.7455652,5081,93.96000000000001,-172.73,-1804.39,0.08208714411412865,0.9073044859051207,-0.4123836449565269,-0.4879351900491258,-0.32421029357871073,-0.8104362626692673,-0.8690114792584215,0.26774289046406213,0.4160922896702597,0.2401
1,1785175472.7904506,5084,94.27,-172.33,-1805.55,0.0893568786606622,0.906838700591827,-0.4118967338362252,-0.48666381846040724,-0.32106941660097504,-0.8124486183907541,-0.8690072934317407,0.2730531099116727,0.41263582385682956,0.22540000000000002
1,1785175472.8502853,5090,95.07000000000001,-171.77,-1807.07,0.11022656384407269,0.9077099963433475,-0.404861293730938,-0.4862955136586806,-0.30600169689004103,-0.8184617491953156,-0.8668141542560138,0.2870984570470133,0.40768578334626265,0.24150000000000002
1,1785175472.9101477,5093,95.51,-171.58,-1807.8,0.11974588674848372,0.9078537300884275,-0.40182400049194156,-0.4817989881291397,-0.30074308638045977,-0.8230573072587912,-0.8680614365611206,0.29215612394554363,0.40139026096376546,0.232
1,1785175472.9699662,5096,96.01,-171.34,-1808.5,0.12901713745531762,0.9075885048709876,-0.39954684840313914,-0.4782038418824835,-0.29602708987488,-0.8268549133125125,-0.8687207053199943,0.29774329192486443,0.39581974213280036,0.2376
1,1785175473.029805,5099,96.52,-171.03,-1809.16,0.13915762609190227,0.90561140882147,-0.4006284205006662,-0.4753426113885188,-0.2938220986108322,-0.8292876317456266,-0.868725823778026,0.3058374577783413,0.38958810623640877,0.2298
1,1785175473.074707,5102,97.01,-170.69,-1809.88,0.14599800051953377,0.902937941652121,-0.4042123914099234,-0.47344567278588984,-0.29498950070718744,-0.8299580648399294,-0.868639038245815,0.31254482558115576,0.3844241839918901,0.24180000000000001
1,1785175473.1345255,5105,97.41,-170.37,-1810.5,0.1516487703003342,0.8987490726353791,-0.41140339680591176,-0.4713980100866503,-0.3000729808737458,-0.8293009841040169,-0.8687845340202269,0.3196972170454266,0.3781628258576808,0.23820000000000002
1,1785175473.1943839,5108,97.71000000000001,-170.04,-1810.89,0.15263107940449747,0.8957278583083759,-0.417582755211597,-0.4731306085892896,-0.30473880632467615,-0.8266085452835219,-0.8676699722911624,0.3237373376212605,0.37728365378604933,0.24980000000000002
1,1785175473.2392507,5111,98.0,-169.83,-1811.28,0.1550670787177321,0.8937413453413676,-0.42092827028527163,-0.47209211771307896,-0.30724384700853913,-0.8262749245067127,-0.8678036837275634,0.3268449572852479,0.37428483860033046,0.2456
1,1785175473.2990859,5117,98.37,-169.44,-1811.75,0.16099888896742262,0.890117150842683,-0.42634588719367317,-0.4752350411435705,-0.3086871201862969,-0.8239319859675066,-0.8650034759586371,0.3352666395673679,0.3733165774147731,0.2416
1,1785175473.358926,5120,98.44,-169.31,-1811.98,0.16689280241374324,0.8872694713180619,-0.42999962531315505,-0.47780660601514213,-0.30870543174496995,-0.8224365043329742,-0.8624660223746659,0.3427153945741543,0.37242250008707006,0.24830000000000002
1,1785175473.4187648,5123,98.49000000000001,-169.26,-1812.1200000000001,0.16962203045813423,0.8864643545558811,-0.4305918193429655,-0.47845666486044786,-0.3079024270576208,-0.8223596021587173,-0.8615727401873141,0.34550983128393276,0.3719077437379752,0.2461
1,1785175473.4786048,5126,98.58,-169.24,-1812.3600000000001,0.17036552089075266,0.8863025666892979,-0.4306313383528715,-0.4783149736367171,-0.307698331469862,-0.8225184027154466,-0.8615047157656941,0.34610619337224474,0.37151060230206767,0.2508
1,1785175473.5234861,5129,98.59,-169.19,-1812.47,0.17227799798139798,0.8851606179422246,-0.4322163484363597,-0.4783658045316841,-0.30838480064483875,-0.8222317020074073,-0.8610960738885507,0.3484099527501794,0.3703026550787097,0.24280000000000002
1,1785175473.583325,5132,98.65,-169.20000000000002,-1812.6100000000001,0.1736949984571936,0.8844897712195872,-0.4330218148302438,-0.4783111447622353,-0.3085897550663807,-0.8221866040409019,-0.8608417370848113,0.34992886087888436,0.3694608179723676,0.24960000000000002
1,1785175473.643165,5135,98.7,-169.23,-1812.66,0.17299771401404365,0.8845295054290068,-0.4332197421302868,-0.47931767187720403,-0.30864306878832665,-0.8215802002940074,-0.8604221989071018,0.349781374739195,0.37057607790226654,0.2499
1,1785175473.6880445,5138,98.74000000000001,-169.25,-1812.72,0.17450322485143488,0.8838202324733563,-0.43406269269218706,-0.4780293524742364,-0.3093501938111457,-0.8220647150693604,-0.8608348056912614,0.35094765173704895,0.36850940700440626,0.2462
1,1785175473.748391,5144,98.76,-169.28,-1812.75,0.17518364102361697,0.8834089228165062,-0.4346255480363395,-0.4771297560523982,-0.309970367893002,-0.8223536750800448,-0.8611956152971794,0.35143569271839326,0.36719894618102544,0.24430000000000002
1,1785175473.8083837,5147,98.76,-169.29,-1812.74,0.174213453383818,0.883711259505638,-0.434400831586501,-0.4775712710239346,-0.309966671190333,-0.8220987433658853,-0.8611476956670487,0.35067801837888757,0.3680347451983152,0.2472
1,1785175473.8682034,5150,98.76,-169.27,-1812.73,0.1729970345849402,0.8835571618171841,-0.43519968730041514,-0.479338537958408,-0.3104741108418209,-0.820877818268271,-0.8604107112610307,0.3506174101475037,0.3698118976570985,0.24960000000000002
1,1785175473.9285812,5153,98.83,-169.18,-1812.65,0.17104977457550644,0.8838584036816189,-0.43535766544193133,-0.4809783837682602,-0.3107327086658536,-0.819820088868804,-0.859884741674918,0.34962766767886366,0.37196602671224877,0.24700000000000003
1,1785175473.973429,5156,98.79,-169.07,-1812.45,0.164727005241404,0.8828470998459712,-0.43982497886972755,-0.4874192285069505,-0.31480250129294196,-0.8144457507172571,-0.857489072481911,0.3485403613260092,0.37846017901603257,0.24780000000000002
1,1785175474.0332687,5159,98.67,-168.97,-1812.3500000000001,0.16320573905947797,0.8789011464127154,-0.4482149724992065,-0.49244067098045596,-0.32109842353187196,-0.8089486930390981,-0.8549070547740077,0.35274435110964053,0.3804015647416171,0.25470000000000004
1,1785175474.0931084,5162,98.5,-168.87,-1812.28,0.16076868842944067,0.8743069749498884,-0.45797460887548386,-0.4958335101680716,-0.3296642263156038,-0.803411867028452,-0.8534064442076157,0.35624263001739326,0.3805110110669655,0.2477
1,1785175474.1386244,5165,98.36,-168.76,-1812.22,0.15906878221700085,0.8697950740060486,-0.46706921516924316,-0.5011165563085858,-0.3364862260916856,-0.7972823945403531,-0.8506346568988501,0.3608788562459532,0.3823442579628837,0.2528
1,1785175474.1984978,5171,98.16,-168.52,-1812.06,0.15664654369646044,0.8630949407225276,-0.4801343391667893,-0.5115861230269159,-0.34493003318422266,-0.7869580109089813,-0.8448322313182909,0.36890431754956143,0.38751529701296994,0.2551
1,1785175474.258307,5174,98.18,-168.47,-1811.93,0.15678756970939461,0.8622582096914155,-0.48158949096131276,-0.51253576211746,-0.34578215013647073,-0.7859655190895296,-0.8442302710370531,0.3700614603910462,0.38772382567744007,0.256
1,1785175474.3187222,5177,98.27,-168.4,-1811.73,0.15618939555004568,0.86268236639665,-0.4810239156486786,-0.5135675243444118,-0.34506548424071476,-0.7856069052168984,-0.8437139744347387,0.3697417291759165,0.38915007779716526,0.2611
1,1785175474.3785534,5180,98.41,-168.38,-1811.53,0.15654880150801756,0.862486236190969,-0.4812587299234579,-0.5153563985234733,-0.34434227344242974,-0.7847523056489953,-0.8425557876172466,0.3708717987413378,0.3905814302434851,0.26280000000000003
1,1785175474.4240046,5183,98.54,-168.35,-1811.32,0.15483200588159288,0.8632247996820444,-0.4804893288810653,-0.5168375180146686,-0.34371756912054907,-0.7840517920713512,-0.8419655752625039,0.3697312238528886,0.39292848227269767,0.2521
1,1785175474.4838443,5186,98.63,-168.34,-1811.15,0.15483981642715386,0.8634024906325188,-0.48016743998148037,-0.5171501902060597,-0.3432846070222608,-0.7840353049138846,-0.841772125945402,0.36971856560245275,0.39335463672139825,0.24280000000000002
1,1785175474.5437095,5189,98.71000000000001,-168.31,-1811.02,0.15548076156715476,0.8632507425554898,-0.48023316030850366,-0.5173556390305842,-0.3429819498649688,-0.7840322218060173,-0.8415277033739017,0.3703532604746708,0.3932805447896288,0.2482
1,1785175474.5885894,5192,98.76,-168.32,-1810.95,0.15503128238684236,0.8633297907284186,-0.4802363729688911,-0.5186212379558001,-0.3426186332271005,-0.7833546347005211,-0.8408313225746794,0.37050525584182775,0.3946245587528697,0.24530000000000002
1,1785175474.6489403,5198,98.79,-168.31,-1810.8700000000001,0.15369206596307491,0.8639179965022523,-0.4796086364730483,-0.5197674043881939,-0.342116263679387,-0.7828143505720982,-0.8403693201179835,0.36959729090672566,0.39645585928177135,0.2599
1,1785175474.7087803,5201,98.82000000000001,-168.29,-1810.8600000000001,0.1538309861034097,0.8640508539862692,-0.4793246806080942,-0.5183906341918978,-0.3424043035970801,-0.7836009464391429,-0.8411939004156976,0.36901953146655714,0.395243478503603,0.25120000000000003
1,1785175474.769126,5204,98.81,-168.3,-1810.83,0.15416007004671667,0.8638000935938018,-0.4796707945148744,-0.5195037331996115,-0.3420886261245695,-0.7830014323536525,-0.84044663363884,0.3698983241156195,0.3960109667946051,0.25570000000000004
1,1785175474.8289654,5207,98.83,-168.29,-1810.8700000000001,0.1537572579967809,0.8639811460501837,-0.47947396684608695,-0.5193228949459984,-0.34216178158358834,-0.7830894240177505,-0.8406321647416419,0.36940749111699933,0.39607533261795685,0.2487
1,1785175474.8888052,5210,98.82000000000001,-168.29,-1810.82,0.15372566089395578,0.8637527379889245,-0.479895435276637,-0.5197332297656382,-0.34237682239319545,-0.7827231192224469,-0.8403843115266342,0.36974223332556244,0.3962888969367302,0.2508
1,1785175474.9486449,5216,98.83,-168.29,-1810.8600000000001,0.153289247695039,0.8640988549238507,-0.47941169725026445,-0.5195865782905463,-0.3421894693434918,-0.782902391573012,-0.8405546943545146,0.36910640198960204,0.39652020100983437,0.2524
1,1785175475.0084856,5219,98.86,-168.26,-1810.82,0.1520121103746463,0.8644882090695508,-0.4791163268760178,-0.521210768619004,-0.34175614234711055,-0.7820115560806047,-0.8397807171964797,0.3685958159661369,0.3986294914795245,0.251
1,1785175475.068325,5222,98.93,-168.19,-1810.69,0.1476828976136542,0.8657119490861565,-0.47825995333279064,-0.52566736020678,-0.34090139491447063,-0.7793972449005729,-0.8377729932181333,0.3665092906800813,0.40473120917408045,0.2546
1,1785175475.1281655,5225,98.96000000000001,-168.14000000000001,-1810.53,0.14560799595030532,0.86654296778541,-0.47739040260251314,-0.5270803316158429,-0.3404068101100823,-0.7786588005374442,-0.8372482520370339,0.3650020391892793,0.4071718013917453,0.2508
1,1785175475.1730452,5228,99.03,-168.11,-1810.44,0.14368924368996278,0.8671576315166188,-0.4768553694258816,-0.5291316861454515,-0.3398739077338741,-0.7774994440889184,-0.8362852742722889,0.3640375927623322,0.41000435496605214,0.248
1,1785175475.232885,5231,99.09,-168.06,-1810.29,0.14031733552817827,0.8682285697266569,-0.4759098612769821,-0.5327127830046648,-0.3389608019591344,-0.7754499761806981,-0.8345826119526439,0.36233234115328994,0.4149543810838469,0.24860000000000002
1,1785175475.2927265,5234,99.14,-168.05,-1810.25,0.13739998943128487,0.8691697383974917,-0.47504232312323363,-0.5346481164475966,-0.338648072076197,-0.7742537535318198,-0.8338300992908089,0.36036294084313203,0.41816972198327484,0.24730000000000002
1,1785175475.3376064,5237,99.15,-168.04,-1810.24,0.13749515678998545,0.8692011048819758,-0.4749573887531913,-0.5347163894226895,-0.33850038415631734,-0.7742711881561838,-0.8337706307744716,0.3604260384572379,0.4182339130916593,0.2414
1,1785175475.397445,5243,99.15,-168.04,-1810.21,0.13715212698350587,0.8692670489174984,-0.4749358817042184,-0.5356480141379057,-0.3382317753957955,-0.7737444481627805,-0.833228959538744,0.3605191586849043,0.41923196109923505,0.2519
1,1785175475.4572868,5246,99.16,-168.05,-1810.22,0.13730515719998512,0.8692713506646774,-0.4748837886471752,-0.5351221739303373,-0.3383443441371266,-0.7740590182657182,-0.8335415723131974,0.36040314053019196,0.4187099515435686,0.2456
1,1785175475.5171247,5249,99.16,-168.05,-1810.2,0.13688176466996035,0.8693981481361096,-0.47477388567437107,-0.5356575580190898,-0.33820455945308625,-0.7737497376427143,-0.8332672818717071,0.3602284497130217,0.4194056520595425,0.2518
1,1785175475.5769649,5252,99.16,-168.05,-1810.18,0.1375386130013772,0.8692147459425513,-0.4749198409939129,-0.5349923900440555,-0.338328170497339,-0.7741557928756154,-0.8335863917606899,0.36055481481176993,0.4184900870838445,0.2472
1,1785175475.6223493,5255,99.15,-168.05,-1810.21,0.13744343080087995,0.8691833975671102,-0.4750047628428358,-0.5349241565166883,-0.33847586988675593,-0.7741383805750194,-0.8336458781188769,0.36049175704598163,0.4184259110013477,0.2452
1,1785175475.6821892,5258,99.15,-168.06,-1810.17,0.13712458339690492,0.8691313077547896,-0.4751921911276262,-0.5362062825849543,-0.3382305109362829,-0.7733582248791341,-0.8328743429501532,0.36084746272106466,0.41965394970513553,0.25620000000000004
1,1785175475.7426016,5261,99.15,-168.06,-1810.19,0.13783955302801035,0.8689205617247951,-0.47537071326797686,-0.534947346615199,-0.3386147511299409,-0.7740616168410411,-0.833565590682819,0.36099460900278685,0.4181522429696253,0.2472
1,1785175475.787481,5264,99.15,-168.06,-1810.17,0.13691868496307236,0.8693236259035368,-0.47489968114740894,-0.5357777095071596,-0.3382480177141951,-0.7736475454027365,-0.8331839651020924,0.3603674679522907,0.4194517473302623,0.255
1,1785175475.847325,5270,99.15,-168.06,-1810.16,0.13751116812409744,0.8690789364656419,-0.47517626290977044,-0.5355509670063013,-0.3383270236363826,-0.7737699831448377,-0.8332321647534751,0.3608831213413778,0.41891232060079436,0.25020000000000003
1,1785175475.9071658,5273,99.15,-168.07,-1810.18,0.137071707327772,0.86932791784224,-0.4748476790617441,-0.5352519300592989,-0.3383605434550765,-0.7739622174244557,-0.8334966817078786,0.36025145925153546,0.4189297884957505,0.2485
1,1785175475.967017,5276,99.15,-168.07,-1810.18,0.1367060488975454,0.8694275705581425,-0.47477063488403326,-0.5351932286563111,-0.3384809392605006,-0.7739501674899765,-0.8335944242827296,0.35989769839594066,0.419039356736392,0.24650000000000002
1,1785175476.0268452,5279,99.12,-168.08,-1810.03,0.1369121244748655,0.869235378367273,-0.4750630770397574,-0.5356219960162102,-0.33846372358722887,-0.7736610273233872,-0.8332851538071405,0.36037780843188955,0.4192418009149832,0.24880000000000002
1,1785175476.0717266,5282,99.15,-168.24,-1809.8,0.13941850982593887,0.8683831687787396,-0.47589195338827683,-0.5356980283833096,-0.33804714920025236,-0.7737905060827622,-0.8328205698132999,0.36281510042909965,0.4180611216036155,0.2519
1,1785175476.131565,5285,99.41,-168.38,-1809.3600000000001,0.1344638172439352,0.8710062790993294,-0.47251195077133334,-0.5403097014249915,-0.33527512052284264,-0.771787548554931,-0.8306533021653657,0.3590802909210343,0.4255307700670296,0.2479
1,1785175476.1914048,5288,100.33,-167.63,-1807.48,0.07290399553955987,0.8892974129801497,-0.4514810280633955,-0.5904002430116183,-0.326362537247632,-0.7381836135631229,-0.8038112716839629,0.32037104355434615,0.5012482757733031,0.2288
1,1785175476.236791,5291,101.15,-167.19,-1805.79,0.026200430598975245,0.9041052735486559,-0.4265057933697249,-0.6294108896264529,-0.31654539918935143,-0.7096766462775081,-0.7766308450326098,0.28704122455418185,0.5607600787773415,0.20170000000000002
1,1785175476.2966297,5297,101.82000000000001,-167.15,-1803.41,-0.014235643527144818,0.9173683011830027,-0.3977847991539891,-0.6357510936745598,-0.3153619207784249,-0.7045334667810631,-0.7717628478651775,0.24286263382322495,0.5877072806657043,0.2011
1,1785175476.3569748,5300,101.82000000000001,-167.28,-1802.19,-0.03460062896777431,0.9195599275964425,-0.3914234740455151,-0.6307916157300455,-0.3238816968477348,-0.7051259348312972,-0.7751804525397381,0.22250884478118524,0.5912572029112452,0.1961
1,1785175476.4168143,5303,101.79,-167.18,-1800.91,-0.06167474993583155,0.9236435578061452,-0.37825758861331377,-0.6425869616658662,-0.32673345660062936,-0.6930564515498255,-0.7637265360830299,0.2003193112533362,0.6136725117044152,0.1915
1,1785175476.4771614,5306,102.13,-166.83,-1799.3400000000001,-0.10402768617566238,0.9335166381478239,-0.3431106626295995,-0.6697515597255489,-0.32078856346804996,-0.6697219914212906,-0.735262598500789,0.1601292723061271,0.6585951164384518,0.16620000000000001
1,1785175476.5375059,5309,102.28,-166.55,-1798.1000000000001,-0.1439564581776974,0.9398306491559005,-0.30983041983661247,-0.6970132657857853,-0.3185468429749627,-0.6424176337471745,-0.7024592838503647,0.12347574554495776,0.7009313053320916,0.1655
1,1785175476.5973456,5315,101.73,-166.64000000000001,-1796.45,-0.18507250375359116,0.9438482840455935,-0.2736760586141309,-0.7141803705258224,-0.32047560617289794,-0.6222875414177215,-0.6750515289294409,0.08028575560024245,0.7333891400462118,0.1642
1,1785175476.6571856,5318,101.2,-166.82,-1795.98,-0.19527340376242136,0.9434833968694294,-0.26778233252916595,-0.7145307958744632,-0.3238895551691072,-0.6201139393686967,-0.6717991065266791,0.07024696352213587,0.7373949583404238,0.1494
1,1785175476.717025,5321,100.82000000000001,-166.89000000000001,-1795.53,-0.20431455782186633,0.9427222303011031,-0.26368609739265564,-0.7153751536728006,-0.32766346258550333,-0.6171507472199117,-0.6682020285584833,0.06254160041598142,0.7413464758449557,0.1615
1,1785175476.7768655,5324,100.5,-166.79,-1795.1100000000001,-0.2165821505492289,0.9410197141068325,-0.25995012930515426,-0.7179370076625007,-0.33395864969309674,-0.6107684285584659,-0.6615577261978622,0.05434627823005693,0.7479223602423287,0.1636
1,1785175476.8367052,5327,100.29,-166.61,-1794.78,-0.2330186336621207,0.9387118198340297,-0.25401266832605457,-0.7220868645497985,-0.3419739382948893,-0.60136876005636,-0.6513776757080941,0.04328908443207201,0.7575177745493195,0.14800000000000002
1,1785175476.896545,5333,100.02,-166.32,-1794.19,-0.2654694029366554,0.9334313699377574,-0.24131281300539562,-0.7276864047814829,-0.3581806063055358,-0.5849608102794568,-0.6324543401706211,0.020310856277373016,0.7743313093996808,0.1428
1,1785175476.9563851,5336,99.88,-166.35,-1793.98,-0.2748097212849745,0.9318603925749278,-0.2368877916596295,-0.72739038753217,-0.36261162346947445,-0.5825942281302071,-0.6287947528510988,0.012207345122240799,0.7774754912612951,0.1502
1,1785175477.016225,5339,99.76,-166.45000000000002,-1793.89,-0.2773055039289087,0.9316034737970665,-0.2349821803881565,-0.7262051658530009,-0.36336944600225707,-0.5835997796439166,-0.6290689267315221,0.008809842294324627,0.7772996025340548,0.15430000000000002
1,1785175477.0760655,5342,99.64,-166.52,-1793.75,-0.27681726911426774,0.9315558779935301,-0.23574529835358776,-0.7255929134012169,-0.3634789099577218,-0.5842927400181184,-0.6299897805060436,0.009312797197910514,0.7765475827444814,0.1409
1,1785175477.1209464,5345,99.56,-166.61,-1793.8,-0.2740726690409304,0.9319759259683192,-0.23728684224009286,-0.7236734195499851,-0.36236107361142766,-0.5873595442044036,-0.6333884699942144,0.010738982571340632,0.7737594718849784,0.1466
1,1785175477.1807847,5348,99.43,-166.74,-1793.88,-0.26795636994245114,0.9319227351914816,-0.24437552954518948,-0.7191623343905824,-0.3622645078965504,-0.592933354697101,-0.6410966546482303,0.016865406953218257,0.7672748122069106,0.1457
1,1785175477.2406251,5351,99.36,-166.81,-1793.96,-0.26287924759860976,0.9324605327842823,-0.2478141561364912,-0.7162902442573933,-0.36069116825559067,-0.597352632139594,-0.6463921311121236,0.020475251941541494,0.7627306057149258,0.1509
1,1785175477.2855062,5354,99.37,-166.83,-1794.01,-0.26194566585243606,0.9325567535719813,-0.24843987101190204,-0.7156583230533177,-0.3604073953466839,-0.5982805980674387,-0.6474701790705398,0.021081051840591416,0.7617991575655996,0.1584
1,1785175477.3453748,5360,99.38,-166.83,-1794.06,-0.2622516335861499,0.9325464825117483,-0.2481554727108815,-0.7159759523700888,-0.36044572899851457,-0.5978773386527318,-0.6469949894003353,0.020879042164204303,0.7622083371947367,0.14830000000000002
1,1785175477.4051871,5363,99.39,-166.84,-1794.1000000000001,-0.2616300192675251,0.9325140517626251,-0.24893227248255012,-0.7156738370740888,-0.36048455791413814,-0.5982155484715347,-0.6475806451290257,0.021643169146418485,0.7616894913831846,0.1509
1,1785175477.4655287,5366,99.4,-166.82,-1794.08,-0.261744021832597,0.9324768190814853,-0.24895190079726628,-0.715670084005244,-0.36058329757406926,-0.5981605272588097,-0.6475387230852098,0.02160248565061718,0.7617262859576864,0.1563
1,1785175477.5253892,5369,99.39,-166.84,-1794.1000000000001,-0.2614283236740998,0.9324338007624836,-0.24944425985894914,-0.7156856442114912,-0.3606604191199811,-0.5980954110756764,-0.6476490486756952,0.022164595097324824,0.7616163341694022,0.15480000000000002
1,1785175477.570272,5372,99.39,-166.83,-1794.0900000000001,-0.2612528538553882,0.9325193397622521,-0.24930829773954358,-0.7149538346547412,-0.3604656144101759,-0.5990872683844779,-0.6485275326961041,0.02173066490625884,0.7608809483341239,0.14930000000000002
1,1785175477.6300893,5375,99.4,-166.83,-1794.1200000000001,-0.2617190074381693,0.9324656280840069,-0.24902010679356376,-0.7154320793600247,-0.36061611328283905,-0.5984253994136359,-0.6478117789668313,0.02153767124544791,0.7614959144664878,0.14350000000000002
1,1785175477.689929,5378,99.4,-166.83,-1794.0900000000001,-0.261991298720953,0.9325503196379751,-0.24841590274702413,-0.7158219929982372,-0.3604211335603215,-0.598076484091395,-0.6472707576698796,0.0211307317952652,0.7619672292423452,0.1648
1,1785175477.7348092,5381,99.38,-166.83,-1794.07,-0.2618078697946088,0.9324406830990506,-0.24902010323543125,-0.7160821182146656,-0.3606613858287457,-0.5976200839540837,-0.6470572148479659,0.021857201876368377,0.7621280886040934,0.1509
1,1785175477.7946517,5387,99.38,-166.84,-1794.13,-0.2607563678057655,0.9325373869705282,-0.24976016205736998,-0.714883400149981,-0.36038421356822814,-0.5992202790300173,-0.6488049328101216,0.022298890398158296,0.7606279765090584,0.14700000000000002
1,1785175477.8550541,5390,99.37,-166.86,-1794.14,-0.26005682524275003,0.9326404484408315,-0.2501044613291546,-0.7150583892746669,-0.360072453059664,-0.5991989056027349,-0.6488928629385448,0.023013528188455937,0.7605316758345694,0.154
1,1785175477.9148939,5393,99.36,-166.86,-1794.14,-0.259851061065987,0.9326904385784223,-0.25013190889463016,-0.714733818472158,-0.3599466787622658,-0.5996615355183478,-0.6493327304203056,0.022955048081087236,0.7601579250211802,0.1459
1,1785175477.9747345,5396,99.36,-166.87,-1794.13,-0.2597659814515622,0.9326076730874029,-0.2505285671914613,-0.7153122104881973,-0.3601167380397396,-0.5988692482588386,-0.6487295865050364,0.023640285153048633,0.7606517340484322,0.1492
1,1785175478.0196245,5399,99.36,-166.88,-1794.17,-0.2585554523517594,0.9326042674206312,-0.2517903065012731,-0.7130664106727141,-0.3601011670563161,-0.6015508652267167,-0.651678887205585,0.024008954027759363,0.7581148976883277,0.14250000000000002
1,1785175478.0799596,5402,99.35000000000001,-166.88,-1794.1100000000001,-0.2587747275237429,0.9326432647795456,-0.25142032745258036,-0.7136286645756471,-0.360006569782708,-0.6009404286693204,-0.6509760129920232,0.023912556840252182,0.7587215695723766,0.14350000000000002
1,1785175478.1397996,5405,99.35000000000001,-166.88,-1794.14,-0.2592689682993007,0.9327576326032897,-0.25048513109029497,-0.7133620813607886,-0.3597845993453098,-0.6013897097145395,-0.6510715344365929,0.022764904880998117,0.7586749080812804,0.14730000000000001
1,1785175478.1846793,5408,99.35000000000001,-166.88,-1794.1200000000001,-0.25907894609183363,0.9327652791748804,-0.2506532139386047,-0.7136105849714233,-0.35974141699939566,-0.6011206583640339,-0.6508748210744425,0.0231310799807119,0.7588326036948059,0.1505
1,1785175478.2445333,5414,99.35000000000001,-166.88,-1794.15,-0.25913975029203123,0.9326935943742598,-0.25085702866734155,-0.713453337051904,-0.3599240529793465,-0.6011979806489899,-0.6510229839783588,0.023180489644187303,0.7587039865664142,0.1472
1,1785175478.30436,5417,99.35000000000001,-166.88,-1794.15,-0.2591654346984223,0.9327047009972019,-0.25078919074652783,-0.7136925202080897,-0.35989110234800326,-0.6009337576220568,-0.650750539036737,0.023245111065760115,0.7589357026487403,0.1499
1,1785175478.3642006,5420,99.35000000000001,-166.88,-1794.15,-0.25886003353872106,0.932726505437325,-0.2510234034726796,-0.7130482620048912,-0.3598357161555934,-0.6017311969896484,-0.6515778227411796,0.02322764373471161,0.7582260991804471,0.1468
1,1785175478.4240408,5423,99.35000000000001,-166.88,-1794.14,-0.2591376867415418,0.9326811676481993,-0.25090535830195826,-0.7137777193610945,-0.35994203706600564,-0.6008020450168666,-0.65066813864974,0.023400202288991433,0.7590015835812972,0.1484
1,1785175478.468919,5426,99.35000000000001,-166.88,-1794.14,-0.25928278288352585,0.9327029107227963,-0.25067452768360354,-0.7142601340072265,-0.35988511471736206,-0.6002625801870793,-0.6500806868905991,0.023409069483737357,0.7595045200640694,0.1499
1,1785175478.5287597,5429,99.35000000000001,-166.87,-1794.14,-0.25912166542112447,0.9327235729283125,-0.25076422993167397,-0.7132035863252205,-0.35985948848618704,-0.6015328694255231,-0.6513037747182389,0.022975749178262738,0.7584691872366808,0.1421
1,1785175478.588632,5432,99.35000000000001,-166.88,-1794.14,-0.2590822290558453,0.9326340396914465,-0.25113770444970573,-0.7139480939695311,-0.36004383632979226,-0.6005385541646758,-0.6505032803181918,0.023710418168792068,0.7591332546829529,0.1484
1,1785175478.6334786,5435,99.36,-166.88,-1794.21,-0.25954854491159746,0.9325582796729193,-0.2509374580403607,-0.7135331160162615,-0.360280183498488,-0.6008899081582416,-0.6507726524542935,0.023092085046203432,0.7589214125492982,0.14400000000000002
1,1785175478.6933193,5441,99.35000000000001,-166.88,-1794.15,-0.2594045570431772,0.9325594129768893,-0.25108209225954875,-0.7139458797735991,-0.36025034849141013,-0.6004173275032283,-0.6503772417140182,0.023508034371616377,0.7592475326140009,0.1495
1,1785175478.7531595,5444,99.35000000000001,-166.88,-1794.13,-0.25930323390095905,0.932518705207372,-0.2513378151549636,-0.713951905267624,-0.3603386191143083,-0.6003571907952155,-0.6504110314664366,0.02376855092679367,0.7592104755162474,0.1464
1,1785175478.8129997,5447,99.34,-166.87,-1794.16,-0.25863253218610427,0.9324896634928798,-0.25213536200608466,-0.7134835724258408,-0.3603659496978589,-0.6008973075133721,-0.6511915272586581,0.024482846592988283,0.7585184144430777,0.1494
1,1785175478.8728392,5450,99.34,-166.88,-1794.13,-0.2594045570431772,0.9325594129768893,-0.25108209225954875,-0.7139458797735991,-0.36025034849141013,-0.6004173275032283,-0.6503772417140182,0.023508034371616377,0.7592475326140009,0.15280000000000002
1,1785175478.9177184,5453,99.34,-166.88,-1794.15,-0.25972354672747494,0.9326158476348059,-0.2505421322167459,-0.7136062948531501,-0.36015441383475033,-0.6008784021258428,-0.6506225750934713,0.022726172923738356,0.7590611212827202,0.1575
1,1785175478.9775593,5456,99.34,-166.89000000000001,-1794.14,-0.2599294497997628,0.9325657977818663,-0.2505148976293898,-0.7139315764785387,-0.36028030028372204,-0.6004163633132756,-0.6501833473979944,0.022784600829115674,0.7594356304068152,0.1517
1,1785175479.0373993,5459,99.32000000000001,-166.88,-1794.0900000000001,-0.2613612443427767,0.9322983648034017,-0.2500201170716045,-0.715619484527859,-0.3609814830420211,-0.5979808711529695,-0.6477492210104747,0.02263024272265873,0.7615174448393398,0.1481
1,1785175479.10422,5465,99.16,-167.33,-1793.99,-0.2662523132746249,0.9312831863416849,-0.2486389601675284,-0.7159553807696942,-0.3637812556872941,-0.5958784194426731,-0.6453817462733461,0.01936039379388474,0.7636148091343649,0.1617
1,1785175479.1567652,5468,99.17,-168.1,-1793.91,-0.2687662421140345,0.9306096450225438,-0.24845602365592862,-0.7164093045193298,-0.36555629662841566,-0.5942443120413087,-0.6438341521681114,0.018283396465999663,0.7649466006955236,0.1507
1,1785175479.2016454,5471,99.05,-169.02,-1793.78,-0.2709460426228667,0.9298946977245547,-0.24876513648573587,-0.7157388046859234,-0.3674264513220587,-0.5938987845884552,-0.6436662220854635,0.017136336033058825,0.7651144623738261,0.1511
1,1785175479.2614853,5474,99.06,-170.28,-1793.68,-0.2733976936470749,0.9292435207772413,-0.248515955628561,-0.714242299296682,-0.36916595011074527,-0.594621256914197,-0.6442915791812346,0.01493252732618935,0.7646341482197898,0.1633
1,1785175479.3213253,5477,99.45,-171.71,-1793.6100000000001,-0.2822566239806477,0.9301730191848915,-0.23475381274754845,-0.7165246041239047,-0.3671205953418584,-0.5931399161757043,-0.6379057061228793,0.000789212457595698,0.7701140741731499,0.1522
1,1785175479.366206,5480,100.03,-173.44,-1793.64,-0.2873693018574317,0.9317726183547577,-0.2218528161513653,-0.7178660200346819,-0.3628609616712464,-0.59413828337735,-0.634103510185473,-0.011476505536855296,0.7731630023424068,0.1613
1,1785175479.4260783,5483,100.69,-175.36,-1793.77,-0.2910754290925484,0.9327929454861655,-0.21253803290195455,-0.7172928545202556,-0.3597868267159927,-0.5966945618788725,-0.6330608623448242,-0.02123111332171997,0.7738108195123325,0.1671
1,1785175479.4859958,5486,101.5,-177.32,-1793.8700000000001,-0.29098988139659954,0.9340210024571384,-0.20719472940631253,-0.715394005907086,-0.35621979135486365,-0.6010980590214124,-0.635245074941164,-0.026687585429550346,0.7718493813866378,0.17350000000000002
1,1785175479.545836,5492,103.47,-181.53,-1794.15,-0.28816152016883184,0.9365811794443907,-0.19944581370523104,-0.7075507710127302,-0.3485952858627744,-0.6146976761901264,-0.6452401450105835,-0.03601417755279753,0.7631304831297965,0.19390000000000002
1,1785175479.6056762,5495,104.69,-183.57,-1794.29,-0.2886559588380618,0.9373202789599223,-0.1952138111860238,-0.7040491031174788,-0.3459799451219234,-0.6201715391509872,-0.6488394237611896,-0.04157610159603978,0.7597886745334672,0.1905
1,1785175479.6505563,5498,105.89,-185.75,-1794.49,-0.2874274851348271,0.9381215319627162,-0.1931668503056238,-0.7002239507364995,-0.3434169197422654,-0.6259003419472645,-0.6535073523718284,-0.0446409061586007,0.7556026269761784,0.2043
1,1785175479.7103972,5501,106.99000000000001,-187.99,-1794.8400000000001,-0.28616160445622635,0.9382343292760956,-0.19449390608158793,-0.6933189592358029,-0.34285681307637994,-0.6338438502433321,-0.6613776205007407,-0.04653546061815138,0.7486081044216893,0.1904
1,1785175479.7702355,5504,108.19,-190.15,-1795.1100000000001,-0.2884969326426717,0.9373752850967522,-0.19518477078284646,-0.6899792071934411,-0.34486816143519283,-0.6363918956657293,-0.6638510476729554,-0.04892367645723619,0.7462628627939537,0.2093
1,1785175479.8300767,5507,109.31,-192.22,-1795.3,-0.2912355955491461,0.9363802372418178,-0.1958925194796658,-0.6886495844547698,-0.34734014572863237,-0.6364876848733884,-0.6640358256264547,-0.05046656782632864,0.7459956754676419,0.2059
1,1785175479.8899155,5510,110.29,-194.16,-1795.6200000000001,-0.2966656118392445,0.9351801214505089,-0.19346228365202858,-0.6873509922912252,-0.3497372999645147,-0.6365786945930558,-0.66297671765177,-0.0558745152761281,0.7465520145270138,0.2189
1,1785175479.9348247,5513,111.31,-195.92000000000002,-1795.73,-0.30160071222909546,0.9340378880923527,-0.1913380097912599,-0.6870556050381347,-0.3520568073452881,-0.6356182816655966,-0.6610534062907364,-0.06024307437225119,0.7479165501722731,0.2079
1,1785175479.994636,5519,113.42,-199.07,-1796.0900000000001,-0.3122669904088061,0.9319697733051898,-0.1841783601471674,-0.6888225517953367,-0.3556362430489251,-0.6317011593848839,-0.6542268863622064,-0.07039321185681882,0.7530152567413848,0.2373
1,1785175480.0544755,5522,114.39,-200.54,-1796.19,-0.3121813431315591,0.9317580313664584,-0.1853908843084729,-0.6879949348435059,-0.3563031422314133,-0.6322270481921042,-0.6551379844202713,-0.06982149969832423,0.7522759995836774,0.22690000000000002
1,1785175480.1143162,5525,115.34,-201.97,-1796.43,-0.30918459519174163,0.9316806185666939,-0.19072522403526324,-0.6844644461227337,-0.35724223615753137,-0.6355205792884018,-0.6602373119492854,-0.06594853821237488,0.7481560547222972,0.2311
1,1785175480.1741586,5528,116.11,-203.15,-1796.5900000000001,-0.3091521532296427,0.9308148359835537,-0.19495816799094437,-0.6821407096789092,-0.35988033449765144,-0.6365298084462444,-0.6626529999571643,-0.06379565780496564,0.7462044731124318,0.25
1,1785175480.2340257,5531,116.84,-204.32,-1796.81,-0.30865220098238744,0.92981404296438,-0.2004486576032927,-0.6805048318692183,-0.36309985595672717,-0.6364524085953724,-0.6645652658929556,-0.06003615669276424,0.7448145186945453,0.2388
1,1785175480.2938693,5537,117.97,-206.04,-1797.15,-0.3089666787485664,0.9284806239520659,-0.20606630575778975,-0.6791961397365263,-0.3670715658195067,-0.6355714510059566,-0.6657568589132833,-0.05641096092426008,0.7440333381626929,0.2363
1,1785175480.3536754,5540,118.51,-206.57,-1797.21,-0.3094093482357004,0.9285587400716633,-0.2050476077911772,-0.6796881258481782,-0.36675530081186886,-0.6352279912813876,-0.6650488003187061,-0.05717705451420975,0.744607868365443,0.2659
1,1785175480.4135153,5543,118.72,-206.69,-1797.3700000000001,-0.30887906785133756,0.9286468068221713,-0.20544787568206618,-0.6782616716192539,-0.36650103721733246,-0.6368972401658487,-0.6667494478854438,-0.05737680626877396,0.7430700342813263,0.249
1,1785175480.4733553,5546,118.89,-206.66,-1797.44,-0.3074979914204861,0.9289220687950934,-0.2062735450265258,-0.6780335151439673,-0.3659933316320299,-0.6374319050239031,-0.6676193059026093,-0.056148653646641476,0.7423825099500845,0.2534
1,1785175480.5331955,5549,119.09,-206.76,-1797.48,-0.3064778831559268,0.9289348858896361,-0.2077288735671349,-0.67797615023699,-0.3662093194525388,-0.6373688681257805,-0.6681464262016915,-0.05450423949856566,0.7420307547740798,0.25670000000000004
1,1785175480.593598,5555,119.26,-206.85,-1797.43,-0.3073386171656169,0.9287351944614446,-0.20734973587489602,-0.6776220308348001,-0.3665760237321283,-0.6375346281983929,-0.6681102885946656,-0.05543426190908322,0.7419943967986198,0.24330000000000002
1,1785175480.6534376,5558,119.36,-206.89000000000001,-1797.41,-0.3070765751833311,0.9287088714741801,-0.20785525978148994,-0.678648050649818,-0.3668072159014331,-0.6363091149055161,-0.6671887291635538,-0.05433505689510296,0.7429043688586897,0.2379
1,1785175480.7132788,5561,119.51,-207.1,-1797.32,-0.3071997262762241,0.9286716233090981,-0.20783970803544077,-0.6783071487151364,-0.3668626754710693,-0.6366405495632136,-0.6674786439862737,-0.05459664281485782,0.7426247143851273,0.2252
1,1785175480.7731183,5564,119.57000000000001,-207.13,-1797.29,-0.3066039042586249,0.9287365239991003,-0.20842868056828603,-0.677641887236687,-0.3667583660291716,-0.637408639422085,-0.6684276464627038,-0.05419197300044329,0.7418003178124487,0.253
1,1785175480.8329582,5567,119.63,-207.14000000000001,-1797.29,-0.3064038991223542,0.9288296901475813,-0.20830760260481626,-0.677898497674877,-0.3665437159784489,-0.6372592338498164,-0.6682591394457414,-0.054047303143247585,0.7419626753214604,0.2318
1,1785175480.892799,5573,119.67,-207.22,-1797.29,-0.30655788967651604,0.9288076376465615,-0.20817932780776918,-0.6774706199259265,-0.36653823336541036,-0.6377172434696623,-0.6686223294313927,-0.054461874102692556,0.7416050733746099,0.23340000000000002
1,1785175480.9531422,5576,119.69,-207.28,-1797.25,-0.3061979333887444,0.9288097931488366,-0.2086988110634016,-0.6773107848461843,-0.36660795498304166,-0.6378469315393763,-0.6689491208750541,-0.05395345673789077,0.7413474881501418,0.2376
1,1785175481.0130174,5579,119.74000000000001,-207.3,-1797.23,-0.30629631681025765,0.9288780183118642,-0.2082503142986686,-0.6784921096937208,-0.36647033738867674,-0.6366694188490549,-0.6677057910426074,-0.05371330292630864,0.7424849208549036,0.2242
1,1785175481.0730033,5582,119.76,-207.34,-1797.21,-0.3067787960114933,0.9287412979275057,-0.20814987831288873,-0.6783156893481705,-0.36675502620404976,-0.6366934712545612,-0.6676635349499436,-0.05413272834430758,0.7424924590998528,0.2649
1,1785175481.1328382,5585,119.8,-207.4,-1797.22,-0.3066620764146323,0.928733166162452,-0.2083580499019254,-0.6774718446686239,-0.36674038098471695,-0.6375997119168705,-0.6685733097950874,-0.054370939159184194,0.7416559380228747,0.25120000000000003
1,1785175481.1926794,5591,119.83,-207.44,-1797.19,-0.30564096835691934,0.9288405064016358,-0.20937743939927572,-0.6774096288774384,-0.36665808215501683,-0.6377131373074701,-0.6691037237723131,-0.053076967301812515,0.7412712340136142,0.23420000000000002
1,1785175481.2525177,5594,119.86,-207.46,-1797.18,-0.30691407104129287,0.9287792366852958,-0.20778085209936717,-0.6782253677158866,-0.366597796982236,-0.636880213096954,-0.6676931208148775,-0.05454525414781868,0.7424356616343528,0.23190000000000002
1,1785175481.312358,5597,119.85000000000001,-207.47,-1797.16,-0.3066467692941668,0.9287293320544071,-0.20839766472593937,-0.6778111956727216,-0.3667834570417795,-0.637214154473358,-0.6682362919672694,-0.054145391514477406,0.7419761011485331,0.2384
1,1785175481.3721976,5600,119.88,-207.49,-1797.2,-0.30651168775945153,0.9287887352216901,-0.20833163608090274,-0.6778965388321637,-0.3666421585582572,-0.637204684702737,-0.6682116939310664,-0.05408338832797907,0.7420027757365466,0.2489
1,1785175481.4320385,5603,119.88,-207.5,-1797.16,-0.30696039461094626,0.9287979726203077,-0.20762861603521363,-0.6777997294594543,-0.3664937980903484,-0.6373929892193678,-0.6681039162323346,-0.05492378371631907,0.742038095448812,0.2523
1,1785175481.4918776,5609,119.93,-207.54,-1797.15,-0.30712282783211825,0.9287276271567275,-0.20770306492740315,-0.6782227258725387,-0.36670343010767165,-0.6368222110269797,-0.6675998073205429,-0.05471369940976357,0.7425071773137764,0.2401
1,1785175481.5517173,5612,119.93,-207.55,-1797.14,-0.30661622690778695,0.9288116903678266,-0.20807530663894946,-0.6778927053734303,-0.36654563083420694,-0.6372642940867195,-0.6681676207347406,-0.05434284085704069,0.742023507881834,0.25020000000000003
1,1785175481.6115582,5615,119.96000000000001,-207.58,-1797.17,-0.3067359683639906,0.9287484815334515,-0.2081809399563585,-0.6781464979622182,-0.3667299547539098,-0.6368881122989927,-0.6678550538952176,-0.05417931649165805,0.7423167980391611,0.2368
1,1785175481.6713974,5618,119.95,-207.59,-1797.13,-0.30681305549116406,0.928782356547395,-0.2079160483138408,-0.6776342270438157,-0.36656521589807284,-0.6375278792588835,-0.6683394372015662,-0.05471084590706585,0.7418417081973937,0.23920000000000002
1,1785175481.7312372,5621,119.98,-207.58,-1797.14,-0.3067787960114933,0.9287412979275057,-0.20814987831288873,-0.6783156893481705,-0.36675502620404976,-0.6366934712545612,-0.6676635349499436,-0.05413272834430758,0.7424924590998528,0.2492
1,1785175481.7910776,5627,119.99000000000001,-207.61,-1797.15,-0.3063301902390834,0.9288217732923935,-0.20845126050484883,-0.6778157609882898,-0.3665794563458249,-0.6373266794518059,-0.6683768463254487,-0.053940853192852634,0.7418643916868328,0.22560000000000002
1,1785175481.8509178,5630,119.99000000000001,-207.62,-1797.14,-0.306754757959184,0.9287783092215284,-0.20802012111572535,-0.6772119930868971,-0.3665576827574861,-0.6379807063154297,-0.6687940152907131,-0.05482989632546071,0.7414231231761417,0.2677
1,1785175481.9107597,5633,119.99000000000001,-207.62,-1797.14,-0.3062748550657256,0.9287537003511489,-0.20883552676332895,-0.677395545643393,-0.36676720686161285,-0.6376653438234046,-0.6688280705061344,-0.053836605158378605,0.7414651927420882,0.24830000000000002
1,1785175481.9705973,5636,120.0,-207.63,-1797.15,-0.306754757959184,0.9287783092215284,-0.20802012111572535,-0.6772119930868971,-0.3665576827574861,-0.6379807063154297,-0.6687940152907131,-0.05482989632546071,0.7414231231761417,0.25070000000000003
1,1785175482.0154774,5639,120.0,-207.63,-1797.14,-0.30605032032754814,0.9287938762733595,-0.20898597279366024,-0.6771451944867259,-0.3666795344399618,-0.6379815864164318,-0.6691842698472068,-0.05374062169346564,0.7411506989601107,0.2371
1,1785175482.0758226,5642,120.01,-207.63,-1797.15,-0.30684044422754436,0.9287713976624972,-0.2079245840931153,-0.6781426739092342,-0.3666334805723533,-0.6369477252857069,-0.6678109430141719,-0.05443878954801947,0.7423374991087741,0.2477
1,1785175482.135662,5645,120.01,-207.63,-1797.1200000000001,-0.3058535382889477,0.9288228515808588,-0.20914522107218542,-0.6774038824400992,-0.36665989384819636,-0.6377181997546485,-0.6690124013583094,-0.0533725830781259,0.7413324316420787,0.2549
1,1785175482.180546,5648,120.02,-207.64000000000001,-1797.13,-0.3064808438896045,0.9287736362809881,-0.20844429682317225,-0.6779830973643303,-0.36670294189392694,-0.6370776028825754,-0.668138018688493,-0.053930371366513845,0.7420802537645674,0.2419
1,1785175482.240386,5654,120.02,-207.65,-1797.1100000000001,-0.3063026114728641,0.9288328279967375,-0.20844252886703915,-0.6773069311240514,-0.36651131189613134,-0.6379065600097683,-0.6689050988415495,-0.05421287566399254,0.7413682842258746,0.2543
1,1785175482.3001218,5657,120.03,-207.65,-1797.1200000000001,-0.3062869094334364,0.9287313437799668,-0.2089172568036716,-0.6776515390699805,-0.36685305586825917,-0.6373438844110819,-0.6685631763010886,-0.05363698799128511,0.7417185131931265,0.27030000000000004
1,1785175482.3599617,5660,120.02,-207.65,-1797.08,-0.3062748550657256,0.9287537003511489,-0.20883552676332895,-0.677395545643393,-0.36676720686161285,-0.6376653438234046,-0.6688280705061344,-0.053836605158378605,0.7414651927420882,0.2667
1,1785175482.4198008,5663,120.04,-207.65,-1797.1100000000001,-0.30651455038527586,0.9287173675484277,-0.20864534889623287,-0.6773062979663212,-0.36681187787655395,-0.637734447073257,-0.6688086491196634,-0.05415807846106292,0.7414592998945637,0.24000000000000002
1,1785175482.4647121,5666,120.03,-207.65,-1797.08,-0.306047248663847,0.9287675417480836,-0.20910747232107893,-0.6777407554024734,-0.3668082694012778,-0.6372747931350526,-0.6685824930790321,-0.05331554083061533,0.7417242769750529,0.23750000000000002
1,1785175482.5245516,5669,120.04,-207.66,-1797.1000000000001,-0.3062748550657256,0.9287537003511489,-0.20883552676332895,-0.677395545643393,-0.36676720686161285,-0.6376653438234046,-0.6688280705061344,-0.053836605158378605,0.7414651927420882,0.2456
1,1785175482.584897,5672,120.04,-207.67000000000002,-1797.1200000000001,-0.3053603882050843,0.9288122294918617,-0.20991159010782992,-0.676738591082099,-0.36675861301853013,-0.638367448353172,-0.6699103765844026,-0.05287685810523791,0.7405566320150424,0.24760000000000001
1,1785175482.6297755,5675,120.05,-207.67000000000002,-1797.1200000000001,-0.30645001114960224,0.9287585174184592,-0.208556963415452,-0.6780696500325135,-0.3667637032962565,-0.6369504970162123,-0.6680643235282012,-0.053777339717403665,0.7421577038350581,0.232
1,1785175482.690121,5681,120.05,-207.67000000000002,-1797.1200000000001,-0.30621040847769254,0.9287947892026739,-0.20874727612566688,-0.6781588076615448,-0.366718836484454,-0.6368814069813631,-0.6680836903644609,-0.05345591190363311,0.7421634915243098,0.2441
1,1785175482.7499614,5684,120.05,-207.68,-1797.1200000000001,-0.3063577764192585,0.9288107202177461,-0.2084599693851063,-0.6783241747300164,-0.3666473890814214,-0.6367464220995821,-0.6678482064094281,-0.05366878131994989,0.7423600441210056,0.2589
1,1785175482.810306,5687,120.05,-207.68,-1797.1200000000001,-0.3059273415295437,0.9288308603864498,-0.20900166147290114,-0.6774866531397333,-0.3666240992120732,-0.637650848579737,-0.6688948321837961,-0.05347899279813714,0.741430846948728,0.2605
1,1785175482.8701456,5690,120.05,-207.68,-1797.13,-0.3059393997227942,0.9288084755584889,-0.20908347478452727,-0.6777426765091589,-0.3667098634831559,-0.6373293814522962,-0.6686299037101598,-0.05327937457291441,0.7416841376958666,0.2454
1,1785175482.9299853,5693,120.04,-207.69,-1797.1200000000001,-0.304723274232119,0.9288712787502946,-0.2105751021703398,-0.6773487400095874,-0.3667779839703284,-0.6377088637317863,-0.6695837591733248,-0.051691952830724204,0.7409355784843004,0.2434
1,1785175482.9898252,5699,120.05,-207.70000000000002,-1797.13,-0.3061210140351013,0.9287755506499209,-0.20896387554086315,-0.6778234818711087,-0.36677250681831586,-0.6372073882703614,-0.6684648473855958,-0.05342195014359259,0.7418226493257046,0.2409
1,1785175483.0496657,5702,120.05,-207.69,-1797.1100000000001,-0.30552128498936804,0.9288131009081384,-0.20967347948620965,-0.6777530385643604,-0.36679734735866826,-0.6372680163694245,-0.6688105584806673,-0.052592105415671546,0.7415702982945885,0.23070000000000002
1,1785175483.1095064,5705,120.06,-207.69,-1797.1000000000001,-0.3054006666427211,0.9287784065155877,-0.2100026295181735,-0.6775041344469671,-0.36691194732969784,-0.6374666820422813,-0.6691177628948789,-0.05240509991493897,0.7413063637130451,0.22510000000000002
1,1785175483.1693676,5708,120.05,-207.70000000000002,-1797.14,-0.3054442240769474,0.9288692946953497,-0.20953677326472997,-0.6776682714982908,-0.366638247971276,-0.637449691292632,-0.6689316405900907,-0.052708903391328714,0.741452784552552,0.24400000000000002
1,1785175483.214225,5711,120.06,-207.71,-1797.15,-0.3057767743171414,0.9287883830843787,-0.20941037160491752,-0.6779165569864963,-0.3668241520905297,-0.6370786318867072,-0.6685280144105993,-0.05284109092902635,0.7418073287974795,0.22340000000000002
1,1785175483.2740655,5714,120.05,-207.70000000000002,-1797.1000000000001,-0.30530869312054154,0.9288305417138352,-0.2099057566733476,-0.67775884737343,-0.3667954586314053,-0.6372629255922683,-0.6689017466803826,-0.05229642728677262,0.7415089594745115,0.23190000000000002
1,1785175483.3339055,5717,120.06,-207.71,-1797.15,-0.3054413965466921,0.928842746574182,-0.2096585448106905,-0.6782635595811703,-0.36676635681571623,-0.6367424779708096,-0.6683293327543589,-0.05228376081209819,0.7420258158146903,0.22790000000000002
1,1785175483.3787854,5720,120.06,-207.70000000000002,-1797.1100000000001,-0.30553344703202534,0.9287906028819326,-0.2097554021782154,-0.6780090093950457,-0.366882889427122,-0.6369464095391035,-0.6685455077433978,-0.05239237963504312,0.7418233904591442,0.2305
1,1785175483.438625,5726,120.06,-207.72,-1797.14,-0.30643763685200753,0.928683188585412,-0.20891029165502956,-0.6778189038092943,-0.36697647814770673,-0.637094810938743,-0.668324403534185,-0.05362648343065274,0.7419344256169396,0.23750000000000002
1,1785175483.4984658,5729,120.06,-207.71,-1797.14,-0.30532678083037823,0.9287702454888198,-0.21014611108082798,-0.6774213797162795,-0.36694778017876195,-0.6375339998189676,-0.6692352584936411,-0.052298735324255365,0.7412078055932986,0.2235
1,1785175483.5583065,5732,120.07000000000001,-207.72,-1797.13,-0.30616392734690195,0.9287683635472083,-0.20893294729496817,-0.6779927873526993,-0.36679749371344295,-0.6370128561522557,-0.6682734693890209,-0.053375326503711594,0.7419984128226851,0.24070000000000003
1,1785175483.618145,5735,120.06,-207.71,-1797.13,-0.3058626769857948,0.9287740147012986,-0.20934863850217766,-0.6782551105668158,-0.36687396025374885,-0.6366894865456216,-0.6681452146181099,-0.05274776680924815,0.7421587736324062,0.22490000000000002
1,1785175483.663025,5738,120.06,-207.72,-1797.13,-0.30566847179373713,0.9287312504723473,-0.20982147113046282,-0.6779237199058863,-0.3670242592532666,-0.6369557465857081,-0.6685702770391808,-0.05245433743420337,0.7417966885502333,0.2263
1,1785175483.7228649,5741,120.06,-207.72,-1797.1100000000001,-0.30529381186355986,0.928826428245454,-0.2099455992170587,-0.6780981889611785,-0.36683794607803416,-0.6368773566745949,-0.668564532835378,-0.05207098529931815,0.7418288737468844,0.2225
1,1785175483.7827048,5744,120.06,-207.72,-1797.1100000000001,-0.3055642663806763,0.928805915358225,-0.20964267386867785,-0.6779223896437643,-0.3668222292842335,-0.6370735324298392,-0.6686192584206107,-0.05254544412710734,0.7417460910382727,0.24130000000000001
1,1785175483.8425455,5750,120.06,-207.72,-1797.13,-0.3059242984801867,0.928804501600706,-0.20912322062762242,-0.6780819609219436,-0.3667526170939968,-0.6369437746983291,-0.6682927336666599,-0.05305389392841795,0.7420041148587888,0.2333
1,1785175483.9023855,5753,120.07000000000001,-207.73000000000002,-1797.1100000000001,-0.3056254596402997,0.9287384431956481,-0.20985228745519877,-0.6777543772259969,-0.36699938060304804,-0.6371502639001103,-0.6687616036904755,-0.05250103587076034,0.7416208995584204,0.2333
1,1785175483.9622252,5756,120.07000000000001,-207.72,-1797.1000000000001,-0.30530602459454137,0.9288038800176438,-0.21002757869015098,-0.6783540761164807,-0.3669233325137167,-0.6365555871038951,-0.6682993182417841,-0.05187119163079569,0.7420818019035152,0.2394
1,1785175484.0220647,5759,120.08,-207.73000000000002,-1797.1100000000001,-0.3052348388027648,0.9288223763322483,-0.210049247572005,-0.6776761119865595,-0.36683128532103226,-0.6373302874903242,-0.6690192676028323,-0.05219005014593018,0.7414104249617315,0.23220000000000002
1,1785175484.0817773,5762,120.08,-207.73000000000002,-1797.14,-0.3059521336897712,0.9287933419713389,-0.20913206306156834,-0.6785902095519649,-0.36682013893826426,-0.6363633499578154,-0.6677638949440863,-0.05278175422457974,0.7424994727473411,0.23120000000000002
1,1785175484.1416173,5768,120.07000000000001,-207.73000000000002,-1797.1100000000001,-0.30553344703202534,0.9287906028819326,-0.2097554021782154,-0.6780090093950457,-0.366882889427122,-0.6369464095391035,-0.6685455077433978,-0.05239237963504312,0.7418233904591442,0.2497
1,1785175484.2021556,5771,120.08,-207.73000000000002,-1797.0900000000001,-0.305459632070224,0.9287824568972927,-0.20989893028634493,-0.677926306805662,-0.36691868591739113,-0.6370138149722424,-0.6686630958235685,-0.05228599893358994,0.7417249076302868,0.2265
1,1785175484.2619658,5774,120.08,-207.74,-1797.1100000000001,-0.30542882234727814,0.928767104982227,-0.21001166439626132,-0.6780129321184309,-0.3669793222575482,-0.636886678236842,-0.6685893346140984,-0.052132923746167445,0.7418021703270714,0.2556
1,1785175484.3218057,5777,120.08,-207.73000000000002,-1797.08,-0.3052348388027648,0.9288223763322483,-0.210049247572005,-0.6776761119865595,-0.36683128532103226,-0.6373302874903242,-0.6690192676028323,-0.05219005014593018,0.7414104249617315,0.2436
1,1785175484.381646,5780,120.08,-207.73000000000002,-1797.0900000000001,-0.3057301160336377,0.9287618639212432,-0.20959603115420955,-0.6777504641882639,-0.36690289191221404,-0.6372099938003537,-0.6687177315150624,-0.05276047793559233,0.7416420481103783,0.2504
1,1785175484.4414866,5786,120.08,-207.74,-1797.1100000000001,-0.3058197274360551,0.9287811981929566,-0.20937951235541888,-0.6780858502675565,-0.366849060998009,-0.6368840915832361,-0.6683366471905172,-0.05279443463221426,0.7419830683337748,0.22610000000000002
1,1785175484.5018325,5789,120.08,-207.75,-1797.1200000000001,-0.3052348388027648,0.9288223763322483,-0.210049247572005,-0.6776761119865595,-0.36683128532103226,-0.6373302874903242,-0.6690192676028323,-0.05219005014593018,0.7414104249617315,0.2436
1,1785175484.5616715,5792,120.08,-207.75,-1797.1200000000001,-0.30583476273210686,0.9287852080440513,-0.20933976025390874,-0.6777465639490068,-0.36680638620192796,-0.6372696996537623,-0.6686738315202041,-0.053019924179973824,0.7416631274912076,0.2204
1,1785175484.6215115,5795,120.08,-207.74,-1797.1000000000001,-0.3053294791698547,0.9287969101082579,-0.21002430555347193,-0.676825351866443,-0.3668194290005199,-0.6382405107626736,-0.6698368101416429,-0.052723868229535224,0.7406340807025988,0.24860000000000002
1,1785175484.6813517,5798,120.09,-207.75,-1797.14,-0.30496433331177447,0.9288426920025488,-0.21035210700433515,-0.6778519856666178,-0.3668470392381826,-0.6371341580311033,-0.668964454164441,-0.05171560031206875,0.7414931258945251,0.2291
1,1785175484.7411923,5804,120.08,-207.75,-1797.1000000000001,-0.30473875477624923,0.9287840013044704,-0.21093736098254023,-0.6776071037146131,-0.3670582461920112,-0.6372729845976044,-0.6693152503364276,-0.051269121538234916,0.741207509975299,0.2606
1,1785175484.8010645,5807,119.54,-208.15,-1797.55,-0.2854959023858897,0.9281439642152055,-0.2388323081405651,-0.6635556417058535,-0.3712440804200986,-0.6495165456809922,-0.6915099421419765,-0.02695578683545793,0.7218638275151912,0.22130000000000002
1,1785175484.8459127,5810,117.39,-208.88,-1797.65,-0.22386140456021153,0.9152909394487728,-0.3348560402789715,-0.6241449094346538,-0.3985143173202083,-0.6720338316763644,-0.7485514034287406,0.05855625546251367,0.6604861553212693,0.20140000000000002
1,1785175484.9057517,5813,117.26,-209.03,-1797.76,-0.22531334397081648,0.9131199573297737,-0.33977321930187593,-0.6226077802847426,-0.4031868580088026,-0.670671237983183,-0.7493953889353697,0.060434270534703856,0.6593589689898394,0.2018
1,1785175484.965614,5816,117.3,-209.06,-1797.88,-0.2267419282085362,0.913138594353798,-0.33877131740134786,-0.6227657742461207,-0.4033624424898044,-0.6704189215828332,-0.748833017714834,0.05896310278664965,0.6601306416838004,0.21610000000000001
1,1785175485.0104887,5819,117.35000000000001,-209.26,-1797.92,-0.22648477132100592,0.9130408776411417,-0.33920643289295843,-0.6224148214519518,-0.4035432843646642,-0.6706359725522592,-0.749202534964082,0.05923827648128545,0.6596865833128033,0.22030000000000002
1,1785175485.070312,5822,117.36,-209.49,-1798.06,-0.22582213538312476,0.9130456870527107,-0.33963500485881803,-0.6215017628087616,-0.40350234792941875,-0.6715068235253073,-0.7501599309458001,0.059442649418493726,0.6585792658697224,0.2136
1,1785175485.1301522,5825,117.22,-209.84,-1798.22,-0.22259506475136012,0.9128475556635716,-0.34228756516616343,-0.6190861610773943,-0.40357421198915483,-0.6736914579982348,-0.7531160350907372,0.06194510098769327,0.6549649167343485,0.22410000000000002
1,1785175485.189991,5831,116.41,-210.42000000000002,-1798.63,-0.20873817803137135,0.9072167518100396,-0.3652206706463699,-0.6081461136339308,-0.4128733267333241,-0.678007315996003,-0.7658894682028794,0.08058151963942176,0.6379027678169391,0.20270000000000002
1,1785175485.2498322,5834,115.25,-210.97,-1799.14,-0.17907553074023447,0.8955502986621805,-0.4073347724614025,-0.5898843054728853,-0.4290879975426848,-0.6840467794833778,-0.7873807595102099,0.11778434926121618,0.6051102268365959,0.2253
1,1785175485.2947109,5837,113.82000000000001,-211.39000000000001,-1799.93,-0.14563859040815463,0.871130921642182,-0.4689566273577638,-0.5698298500878919,-0.46135063384179414,-0.6800364215265132,-0.808754191910457,0.16818593880767094,0.5635868584829191,0.2245
1,1785175485.3545513,5840,112.16,-211.87,-1800.82,-0.09619084586823873,0.8362433221548368,-0.5398559320064891,-0.5423167462481899,-0.4988294089205927,-0.6760634345493836,-0.834649547960058,0.22774179885865134,0.5014915803308133,0.23390000000000002
1,1785175485.414897,5843,110.48,-212.35,-1802.28,-0.041220673599750436,0.7923444078519111,-0.6086798792582085,-0.5114012182976261,-0.5400826596015288,-0.6684156751015369,-0.8583528703229732,0.28372708743358255,0.427468466515098,0.2647
1,1785175485.4597774,5846,109.10000000000001,-212.32,-1803.39,0.003419350068139191,0.7448223432944414,-0.667254063288107,-0.4892522631311356,-0.5806967906322386,-0.6507099663986102,-0.8721356150657843,0.32868056571509624,0.36242041147682447,0.2798
1,1785175485.5196178,5849,108.17,-212.1,-1804.3,0.03577255192155591,0.703960463087135,-0.7093377128978595,-0.47586333205999487,-0.6121598733103132,-0.6315175205087032,-0.878791450646727,0.36013880090716116,0.3130904507508547,0.3245
1,1785175485.5795891,5852,107.48,-211.9,-1805.05,0.05268277242377679,0.6727466737340311,-0.7379948769941032,-0.46873452753459394,-0.6358912242583955,-0.6131315467402404,-0.8817666744591028,0.3782251497335361,0.2818390816093088,0.3411
1,1785175485.6393769,5858,107.36,-211.38,-1805.19,0.048184725716097096,0.6513331722902866,-0.7572604115374951,-0.47172986926159016,-0.6534236014516038,-0.5920376065018664,-0.8804255577015627,0.3857495246144676,0.27576827519786373,0.3375
1,1785175485.6992218,5861,107.98,-210.44,-1804.01,-0.003724298775424585,0.6570554171157121,-0.7538330773039409,-0.5087193197917714,-0.6502471639196037,-0.5642546229186871,-0.8609243772069816,0.38138799752143493,0.33667849957691265,0.3138
1,1785175485.744102,5864,108.34,-209.53,-1803.24,-0.03834572056255777,0.6496565128549313,-0.7592601800566843,-0.5356964974763847,-0.654773747871919,-0.5331984636974252,-0.8435394882908991,0.3862871398363283,0.37312648966670403,0.336
1,1785175485.8039415,5867,108.51,-209.09,-1802.99,-0.0517082759815168,0.6459653137814758,-0.7616134633698506,-0.5445523947572809,-0.6575175671483259,-0.5207046554962391,-0.8371313777174583,0.3878136953261785,0.3857610583746422,0.3416
1,1785175485.863781,5870,108.79,-208.92000000000002,-1803.02,-0.05631969097731618,0.6466247287940455,-0.7607263322116875,-0.5483194460101626,-0.6567792734423449,-0.517674387142781,-0.8343703479482766,0.3879657795329023,0.39154651878940183,0.3574
1,1785175485.9092786,5873,109.04,-208.61,-1803.0,-0.063890822526551,0.6463559193748412,-0.7603564876332577,-0.5528065726249599,-0.657259055160656,-0.512264997508093,-0.8308567000750042,0.3876010318593403,0.3993026221326991,0.3408
1,1785175485.9690897,5876,109.27,-208.35,-1803.08,-0.07181375957540216,0.6404629427242846,-0.7646240925661419,-0.5525171868051462,-0.6637811706414958,-0.504102485400273,-0.8304020364983298,0.38626645790018466,0.4015354047660947,0.3307
1,1785175486.029305,5879,109.65,-207.95000000000002,-1803.04,-0.08389503285710545,0.6365264583532728,-0.7666783492952861,-0.5491144845227743,-0.6715629119653139,-0.4974701379580047,-0.831525649844425,0.37925891299863695,0.4058666906287079,0.3351
1,1785175486.0894132,5885,110.97,-206.8,-1801.99,-0.12850840600264019,0.6407481764452303,-0.7569196548965895,-0.5627226121191484,-0.675589888767837,-0.4763628491018834,-0.816595892346063,0.364719174950774,0.44738246727689684,0.3304
1,1785175486.1492527,5888,111.42,-206.39000000000001,-1801.58,-0.13196801771267846,0.6395692524464247,-0.7573213410607862,-0.5603259643960704,-0.6783622349674192,-0.47524676936684324,-0.8176914185220484,0.36162943670991365,0.4478893776149095,0.31470000000000004
1,1785175486.1943738,5891,111.8,-206.07,-1801.18,-0.13433297268512392,0.6398110212719096,-0.7567010701119524,-0.5620156717433812,-0.6781188226658046,-0.4735960800737047,-0.8161452304366017,0.36165829093958146,0.45067753819138495,0.3189
1,1785175486.254214,5894,112.11,-205.8,-1800.58,-0.1345783660578716,0.6418785009944469,-0.7549044001397233,-0.5636127269279889,-0.6761822032420983,-0.47446635503843454,-0.815002673268002,0.3616208207221806,0.4527703883716631,0.3169
1,1785175486.314294,5897,112.42,-205.56,-1800.17,-0.1366061350307558,0.6442570288265917,-0.752510228953395,-0.5671539695201996,-0.6736783120284916,-0.4738078795882598,-0.8122038775636566,0.3620641002778024,0.4574215217505469,0.32330000000000003
1,1785175486.3591733,5900,112.68,-205.34,-1799.79,-0.13889421324993634,0.645826664685721,-0.7507438422701836,-0.5711180219733949,-0.6715613994231088,-0.4720481879872779,-0.8090318921420081,0.3631985765195027,0.46211923949488276,0.3345
1,1785175486.4195216,5903,112.9,-205.21,-1799.5,-0.1393914442920772,0.6478249449627267,-0.748927810901831,-0.5717939100419394,-0.6701392410507542,-0.47324953464622604,-0.8084687685353833,0.36226542518981736,0.46383403498980263,0.3126
1,1785175486.479383,5906,113.07000000000001,-205.1,-1799.25,-0.1410235418492408,0.6500692348490633,-0.7466741930367279,-0.5734455808364765,-0.6684413393010946,-0.4736521315612074,-0.8070145763636564,0.36138091512434983,0.46704529514863513,0.3176
1,1785175486.5252395,5909,113.24000000000001,-204.95000000000002,-1799.04,-0.141617135845474,0.6507848018909357,-0.7459381532424119,-0.574251129583199,-0.6677951353974926,-0.47358768703574244,-0.8063375391282143,0.3612876952889759,0.4682851420079816,0.3185
1,1785175486.5841024,5915,113.43,-204.73000000000002,-1798.76,-0.13429277099563483,0.6485680802912943,-0.7492161883499179,-0.5712538346932732,-0.6684602417467174,-0.47626669162576446,-0.8097126082793479,0.3640334468578208,0.46026638109063506,0.32370000000000004
1,1785175486.6439617,5918,113.47,-204.62,-1798.73,-0.12734767784947973,0.6442388254762872,-0.7541478002986413,-0.5677266040907643,-0.6708104835166494,-0.47717900017889264,-0.8133074891785479,0.3673821320547489,0.4511776779640071,0.30660000000000004
1,1785175486.7037616,5921,113.51,-204.45000000000002,-1798.65,-0.12530232732144742,0.639967334295019,-0.7581168365121277,-0.5678022140377906,-0.6728792724318395,-0.47416677494883724,-0.8135723523458819,0.3710462178313176,0.44768820816664623,0.3221
1,1785175486.7636,5924,113.54,-204.23000000000002,-1798.57,-0.12623705478830985,0.6356135029798562,-0.7616164919617021,-0.5681861096079818,-0.6756733582218807,-0.469712739701312,-0.8131597326767476,0.3734447587245567,0.44644177821328274,0.33190000000000003
1,1785175486.8084815,5927,113.57000000000001,-203.97,-1798.47,-0.12528418106581585,0.6286391866115939,-0.7675393455914695,-0.5683195860448434,-0.6796007283716424,-0.4638487879843501,-0.8132138231071121,0.37809472761868346,0.44241118301244137,0.3043
1,1785175486.868323,5930,113.71000000000001,-203.8,-1798.52,-0.1260195256033861,0.6267564733839676,-0.7689573474764314,-0.5685265527770311,-0.6808447911677595,-0.4617660978538761,-0.8129554956786769,0.3789811254020729,0.44212743483617367,0.3412
1,1785175486.928183,5933,113.85000000000001,-203.63,-1798.43,-0.1241518183688026,0.6249541374101698,-0.7707260551776036,-0.5685040725819751,-0.6814123831462816,-0.4609558368787768,-0.8132585354322622,0.3809323958772945,0.4398875587212668,0.32830000000000004
1,1785175486.9880004,5939,114.13,-203.4,-1798.46,-0.1226943132005089,0.6243050310460192,-0.7714851480870417,-0.569066187731851,-0.6811275567028914,-0.4606831074396883,-0.8130865756416061,0.38250291464324654,0.4388413617707748,0.3239
1,1785175487.0478423,5942,114.2,-203.32,-1798.52,-0.12282029109597775,0.6230482289545428,-0.7724804725633566,-0.5694866426574656,-0.6817136990482977,-0.45929445496828614,-0.8127731171303756,0.3835066321805851,0.4385459190822301,0.3351
1,1785175487.0927212,5945,114.28,-203.23000000000002,-1798.53,-0.12252788818549726,0.6219479280248907,-0.7734130147872789,-0.5689696920283227,-0.6825291259779246,-0.4587237531946716,-0.8131791968379405,0.3838421120947463,0.4374983734971438,0.3277
1,1785175487.1525705,5948,114.35000000000001,-203.14000000000001,-1798.55,-0.12178429019439048,0.6204846394791769,-0.7747047171872935,-0.5691466335538636,-0.6831034866002587,-0.45764804829571165,-0.8131670776514212,0.38518623906490473,0.43633801697638236,0.3111
1,1785175487.2124329,5951,114.41,-203.04,-1798.55,-0.1217460793129558,0.6189712289139838,-0.7759204275881877,-0.5695124395827335,-0.6838110845215292,-0.456133732414095,-0.8129166459929619,0.38636384207402563,0.4357631331415619,0.3225
1,1785175487.25728,5954,114.46000000000001,-202.98000000000002,-1798.49,-0.12204750342658853,0.6185501837178766,-0.7762087844967471,-0.569515036373417,-0.6841413533379176,-0.4556349767056386,-0.812869626847948,0.3864534627552758,0.43577137454465087,0.31880000000000003
1,1785175487.317631,5957,114.5,-202.94,-1798.52,-0.12246806251279112,0.6181899586543652,-0.7764294872577142,-0.5695824805100156,-0.6844378808196626,-0.4551050265544724,-0.8127591104136703,0.3865048024514098,0.4359319512510821,0.32380000000000003
1,1785175487.37747,5960,114.52,-202.9,-1798.52,-0.122310802513152,0.6177604805189152,-0.7767960197488317,-0.5695653264084821,-0.6846538109009837,-0.4548016030885987,-0.8127948120785392,0.38680892948301865,0.4355955067840037,0.321
1,1785175487.4378169,5966,114.55,-202.88,-1798.49,-0.1210541349956975,0.6170328583971862,-0.7775707993865518,-0.5696343967502023,-0.684696249784583,-0.4546511845029782,-0.8129345302295116,0.3878936673743537,0.43436845232060495,0.299
1,1785175487.4979763,5969,114.57000000000001,-202.88,-1798.51,-0.12142005190121025,0.6170385011807966,-0.7775092662192934,-0.5698671779471878,-0.6846839399378416,-0.4543779284799192,-0.8127167836920903,0.3879064197093813,0.43476434887584087,0.3115
1,1785175487.5428562,5972,114.57000000000001,-202.87,-1798.49,-0.12106497987795373,0.6166770329299908,-0.7778513403625487,-0.5703477673473246,-0.6845662925523474,-0.45395199678276094,-0.8124325786975017,0.3886880859478417,0.43459737333896836,0.312
1,1785175487.6026962,5975,114.59,-202.87,-1798.48,-0.1214386214580362,0.6168898789265878,-0.7776242913491781,-0.5703628993579248,-0.6845391245790894,-0.4539739529494123,-0.8123661885223886,0.3883980744010369,0.4349805875521036,0.307
1,1785175487.662536,5978,114.60000000000001,-202.88,-1798.54,-0.1208142765416085,0.6166288456503844,-0.7779285168288935,-0.5702888469134744,-0.6845525995858128,-0.4540466600322101,-0.812511256334229,0.3887886380955339,0.434360280433182,0.31220000000000003
1,1785175487.7074168,5981,114.60000000000001,-202.88,-1798.5,-0.12139372354204732,0.6169801098986145,-0.7775597133816091,-0.5695888702663334,-0.6848435116243812,-0.4544863952361037,-0.8129157906901051,0.3877175628927316,0.43456070769364524,0.3025
1,1785175487.7672563,5984,114.59,-202.89000000000001,-1798.53,-0.1212551898859658,0.6164012687606915,-0.7780402655363851,-0.5700677934214117,-0.684914154075165,-0.453778924644087,-0.8126006951937471,0.38851264769336813,0.4344399069525357,0.3131
1,1785175487.827096,5987,114.57000000000001,-202.92000000000002,-1798.56,-0.12168364642816087,0.6162476482455713,-0.7780950624594329,-0.5699175633944735,-0.6851949238371734,-0.45354369941856343,-0.8126420252032579,0.3882611909263822,0.434587374982264,0.3015
1,1785175487.8869364,5993,114.53,-202.97,-1798.53,-0.12251151991189108,0.6171295603720431,-0.7772657416893447,-0.5699982376069476,-0.6848724209249881,-0.45392926341151413,-0.812461036981991,0.38742853892215356,0.4356675230204715,0.303
1,1785175487.9467762,5996,114.51,-202.96,-1798.46,-0.12257879134099119,0.6169948836534367,-0.777362047863712,-0.5711584101409454,-0.6844155053855048,-0.4531594493257002,-0.8116357005693191,0.3884491337786536,0.43629664223778325,0.3247
1,1785175487.992167,5999,114.51,-202.99,-1798.49,-0.12376657921928362,0.6171917423734721,-0.7770174946642799,-0.5709669060337574,-0.6847233317120901,-0.4529357031890216,-0.811590183579493,0.3875929722725796,0.4371419240502014,0.3305
1,1785175488.0520036,6002,114.51,-202.99,-1798.5,-0.12350146184865751,0.6173952278783382,-0.7768980122991045,-0.5703044914421588,-0.6848468655095034,-0.45358302199565287,-0.8120961617703567,0.3870502595204699,0.4366828604868661,0.31670000000000004
1,1785175488.1123486,6005,114.5,-203.0,-1798.51,-0.1234975782026284,0.6172919027856384,-0.7769807300914043,-0.570413079071073,-0.6848543308372298,-0.45343518253235304,-0.8120204845955203,0.3872018237157158,0.4366892262335769,0.3214
1,1785175488.1572287,6008,114.5,-203.01,-1798.51,-0.12313569158675983,0.6173897098894671,-0.7769604543218723,-0.5700721691388697,-0.684859006636562,-0.4538566546852494,-0.8123147933102994,0.3870375784744699,0.43628727854232036,0.3141
1,1785175488.2175808,6011,114.49000000000001,-203.0,-1798.45,-0.1237627668585486,0.6170884069544437,-0.7771001708544037,-0.5710754109535957,-0.6847306616916675,-0.45278780454366635,-0.8115144191840947,0.3877445279326562,0.437148176840054,0.3305
1,1785175488.2774138,6014,114.5,-203.02,-1798.5,-0.12285498569648744,0.6171799572199808,-0.7771715080311801,-0.5698437770194267,-0.6850122212195258,-0.4539122454529353,-0.8125175212152351,0.38710096510579045,0.43585332456276593,0.3044
1,1785175488.3372552,6020,114.44,-203.09,-1798.56,-0.12257027044967754,0.6168667322179441,-0.7774650882738389,-0.5697240612337919,-0.6851729389436266,-0.45381993983366087,-0.8126444627591868,0.38731573479799175,0.43542565235034586,0.3211
1,1785175488.3970938,6023,114.29,-203.22,-1798.6100000000001,-0.1238092269889139,0.6165930297694278,-0.7774858911595535,-0.5694753108269754,-0.6857951965739784,-0.45319181227663197,-0.8126310021596072,0.3866496915759998,0.436042280442226,0.3211
1,1785175488.441977,6026,114.08,-203.34,-1798.65,-0.12466811944714176,0.6147493343534436,-0.7788074960511813,-0.5697437002571764,-0.6869763229923789,-0.45106058092581214,-0.8123115018333629,0.38748779020747004,0.4358936067773394,0.31620000000000004
1,1785175488.5018137,6029,113.76,-203.56,-1798.67,-0.12663930719678532,0.6128441502634508,-0.7799900854245438,-0.5706309678469651,-0.6881945836555459,-0.448071995957353,-0.8113832537135298,0.38834297021452446,0.43686033589490214,0.3104
1,1785175488.5616539,6032,113.39,-203.84,-1798.63,-0.13019513803547855,0.612554786934205,-0.7796318740507688,-0.5712921635822739,-0.6890191363664978,-0.44595727771867355,-0.810354545776975,0.3873361107936575,0.439654691108643,0.32070000000000004
1,1785175488.6214976,6035,112.95,-204.18,-1798.55,-0.13244589250733477,0.6112414283253877,-0.7802832830816483,-0.5732191090159184,-0.6894584679973813,-0.44279439242802154,-0.8086271938396162,0.38862698980570565,0.44169120907894893,0.3211
1,1785175488.6813726,6041,111.94,-204.87,-1798.3500000000001,-0.14272858610748387,0.6092875240715111,-0.7799982459714676,-0.5791299948470285,-0.6904897339074307,-0.4333963272074718,-0.8026437564550285,0.38986233516364843,0.4514093041182336,0.3151
1,1785175488.7411747,6044,111.32000000000001,-205.3,-1798.26,-0.14874664097910095,0.6098372879454593,-0.7784426241083935,-0.5829852441720996,-0.6899299804994858,-0.4290976894432978,-0.798750675664836,0.38999372333321775,0.4581509073282097,0.3199
1,1785175488.8010135,6047,110.8,-205.66,-1798.1200000000001,-0.15785339202084783,0.6103195030299842,-0.7762682595911969,-0.5876187660932378,-0.6898404289790324,-0.42287630375924995,-0.7935908847527001,0.38939733790468833,0.4675288449605744,0.327
1,1785175488.8608534,6050,110.36,-205.99,-1798.03,-0.1677008383804262,0.6109994331787222,-0.7736640882590985,-0.5926047200435455,-0.6896420924931309,-0.41618917578885545,-0.7878426712159052,0.3886817167258783,0.47773470513917116,0.3386
1,1785175488.9206944,6053,110.13,-206.11,-1797.71,-0.18542858356748076,0.61424578504664,-0.7670191366247616,-0.6022152343609042,-0.6878325733960806,-0.4052445711899995,-0.7765005163551398,0.3867666822876064,0.4974519892134704,0.3259
1,1785175488.9805343,6059,110.63,-205.75,-1796.64,-0.23254519763530287,0.6337296663520098,-0.7377732992201116,-0.6314710971851791,-0.6753159811669893,-0.3810414400038563,-0.7397073640815697,0.3772731577595162,0.5572234560368571,0.2701
1,1785175489.0403736,6062,110.92,-205.17000000000002,-1796.0900000000001,-0.25154539606053566,0.6429696536009287,-0.7234050996979837,-0.643700960576513,-0.669304185816301,-0.37105387776123894,-0.7227544445201444,0.37231966292029195,0.5822405701506017,0.2901
1,1785175489.1007185,6065,111.19,-203.75,-1795.58,-0.27146847600600926,0.6607644643135322,-0.6997822441555841,-0.6574217564411367,-0.6583357087452651,-0.3665934106728056,-0.7029235382976058,0.36053351756989277,0.6131183262763024,0.2696
1,1785175489.1605587,6068,111.15,-201.79,-1795.4,-0.28509824262887723,0.675299524845064,-0.6802128665307329,-0.6679622588593201,-0.6489384579038893,-0.364287384619447,-0.6874193863934016,0.35049882966616736,0.6360858099448269,0.2447
1,1785175489.2059507,6071,110.93,-199.64000000000001,-1795.48,-0.29145254491917916,0.6907703361520133,-0.6617339017706199,-0.6744233329362235,-0.6389678424019926,-0.369963869002553,-0.6783867496136181,0.3384618724000931,0.652100436190694,0.2235
1,1785175489.2657838,6074,110.47,-197.37,-1795.78,-0.2897957396650401,0.7000604418510422,-0.6526360448422353,-0.6755327248786326,-0.6326628127048753,-0.3786730820092784,-0.6779926009109851,0.3311391598341694,0.656256725629748,0.23290000000000002
1,1785175489.3256245,6077,110.25,-194.68,-1795.8400000000001,-0.29333970252832475,0.7117100363475151,-0.6382951065790908,-0.680760269064319,-0.6242688330997056,-0.38321518769981966,-0.6712058365241397,0.32211371933301863,0.6676267496388826,0.2122
1,1785175489.3854635,6083,110.10000000000001,-189.07,-1796.3,-0.3196178233403294,0.7432460125658384,-0.5877327724469441,-0.6981482794386571,-0.6040911087148122,-0.3842693225962121,-0.6406507839065154,0.2875052993888817,0.7119742101391571,0.18910000000000002
1,1785175489.4453032,6086,109.87,-186.35,-1796.68,-0.3270734445930941,0.7521577194740917,-0.5720854192142478,-0.7004181954237171,-0.5993459524180383,-0.38755487461712845,-0.6343794711065229,0.27394012914439525,0.7228550977083583,0.18130000000000002
1,1785175489.4901845,6089,109.72,-183.74,-1796.91,-0.33403962190471,0.7597253967957411,-0.5578842643965789,-0.7025738719529478,-0.5952577622564896,-0.38994634364542907,-0.6283370794778876,0.2616973785442832,0.7326028914877752,0.1743
1,1785175489.5500233,6092,109.85000000000001,-181.31,-1797.03,-0.3455616087039705,0.7718466112379827,-0.5337040221980406,-0.706309885836268,-0.588386441260966,-0.3936086138668896,-0.6178296850750071,0.24094440118147276,0.7484866570483534,0.1711
1,1785175489.6098657,6095,110.22,-179.0,-1796.92,-0.35317374062987084,0.7822195678515436,-0.5132259313398427,-0.7106066099831035,-0.5811066205251053,-0.3966778811960815,-0.6085281873322106,0.22460552809767517,0.7610819942490679,0.1565
1,1785175489.6557412,6098,110.24000000000001,-177.19,-1797.03,-0.35166584535305273,0.7845819965795385,-0.5106488263526977,-0.7101201630376788,-0.5790151356051638,-0.4005881011556312,-0.6099676116479164,0.22174887459330772,0.7607673424622919,0.16870000000000002
1,1785175489.7145867,6101,110.26,-175.61,-1797.07,-0.3460186511925957,0.7852990658902296,-0.513396990776913,-0.7075980145198177,-0.5777503008398013,-0.40682875970994364,-0.6160975108491096,0.22250835263300145,0.7555884396508983,0.1701
1,1785175489.7744272,6104,110.36,-174.34,-1797.17,-0.34193372970628066,0.7859257017468108,-0.5151719284112202,-0.7055672909521583,-0.5768125166521507,-0.411657768749534,-0.6206900373194214,0.22272878567261006,0.7517551234313071,0.1714
1,1785175489.8347712,6110,110.79,-172.4,-1797.3400000000001,-0.3397496216168297,0.7929071793168376,-0.5058343598442453,-0.7025011954679872,-0.5715432332551371,-0.4240641494942869,-0.6253497141418312,0.21127360816741964,0.7511998386013203,0.1704
1,1785175489.8946111,6113,111.16,-171.57,-1797.26,-0.343782262434616,0.7990600184372627,-0.493271571216483,-0.70452219007415,-0.5667690690122387,-0.42710807309640414,-0.6208560539516867,0.20068858798158254,0.7578006670130994,0.1622
1,1785175489.9399958,6116,111.45,-170.81,-1797.22,-0.35176538122724244,0.8024418646539492,-0.48202507239846526,-0.7109508788156873,-0.5639941706386535,-0.4200707361823948,-0.6089416757631674,0.19492980617727565,0.7688903733188726,0.163
1,1785175489.999836,6119,111.82000000000001,-170.06,-1797.2,-0.36033791833640205,0.8062384923643451,-0.4691866132351348,-0.7172913604702392,-0.5610394154745936,-0.4131923020564148,-0.5963637219044612,0.18765465012621949,0.7804716801282827,0.159
1,1785175490.0596757,6122,112.2,-169.41,-1797.1100000000001,-0.36898344573927666,0.8097963043202077,-0.45615914139662284,-0.7236868969356799,-0.5582826384024403,-0.40570650828156163,-0.5832053600353626,0.18041740816158508,0.7920360262376195,0.14830000000000002
1,1785175490.1195164,6125,113.0,-168.70000000000002,-1796.97,-0.3863413905926825,0.8189514698026479,-0.4243333831116698,-0.735460047494154,-0.55115899259649,-0.3941094815148694,-0.5566316991106501,0.1598194449624479,0.8152416185138525,0.13820000000000002
1,1785175490.1793554,6131,115.37,-167.23,-1796.43,-0.4331038441227945,0.8423393742043072,-0.32075760142380794,-0.7673804328569792,-0.5312677724225028,-0.35900114937624794,-0.47280897990022713,0.09065832918341361,0.8764888680841181,0.12990000000000002
1,1785175490.2391956,6134,115.88,-166.82,-1796.33,-0.4425398993401126,0.8468318020112173,-0.29501582431198026,-0.7750799317038638,-0.5266641882262477,-0.3491073363736736,-0.4510094643818206,0.07416691946158833,0.8894322521112001,0.11510000000000001
1,1785175490.2990353,6137,115.89,-166.6,-1796.22,-0.44452336972580064,0.8468812290558647,-0.2918752432811787,-0.7770535321911696,-0.5266669177784179,-0.34468792527010295,-0.4456307685481851,0.07358085070593572,0.8921878033982221,0.1194
1,1785175490.3588758,6140,115.74000000000001,-166.43,-1796.02,-0.44534854655340983,0.8466772936483513,-0.291208228769499,-0.7774244951844487,-0.527007175807991,-0.34332869226746915,-0.44415743421670933,0.07349147615328493,0.8929295473680108,0.136
1,1785175490.4037552,6143,115.68,-166.15,-1795.7,-0.4532437806404107,0.8462269593397292,-0.28012498745635583,-0.7814030664032843,-0.5284094875188827,-0.3319527998309037,-0.4289281095082619,0.06843498218504966,0.9007426547505123,0.1305
1,1785175490.4635952,6146,115.64,-165.95000000000002,-1795.43,-0.4539021802908635,0.8497256372070492,-0.2682147501541906,-0.7845496748820656,-0.5238203630027721,-0.331804211766652,-0.42243889305986704,0.05982113988146999,0.9044151772574562,0.1413
1,1785175490.5234354,6149,115.27,-165.8,-1795.15,-0.4536883911629656,0.8497012488011434,-0.26865336683119667,-0.7840389213091674,-0.5238852894366229,-0.33290715430020895,-0.4236151715842072,0.05959858469530455,0.9038795246635468,0.12350000000000001
1,1785175490.5832753,6155,114.44,-165.41,-1794.76,-0.44954332001629266,0.8490729834613262,-0.2774632807865064,-0.7833729334559112,-0.5239995786406665,-0.3342922205392832,-0.42922913526158707,0.06707838951917867,0.9007013040415249,0.11560000000000001
1,1785175490.6431158,6158,114.11,-165.21,-1794.6000000000001,-0.4456797615098563,0.8494875269737583,-0.28238358963744015,-0.78194453736146,-0.5229921080807214,-0.339178412308118,-0.43581221950639504,0.06964335145074281,0.897339129274779,0.109
1,1785175490.6879954,6161,113.84,-165.05,-1794.41,-0.4422135336461665,0.849683982567168,-0.2872008364001867,-0.7803042294262017,-0.5223504754338649,-0.3439117479144853,-0.4422357970582571,0.07202159803011411,0.894002454816225,0.10980000000000001
1,1785175490.7478352,6164,113.67,-164.92000000000002,-1794.27,-0.44175755417532286,0.8496382494209447,-0.28803664428323966,-0.7805071504230005,-0.5222824824525577,-0.34355435765212106,-0.44233341663004,0.07304692768423969,0.8938709609827858,0.12040000000000001
1,1785175490.8076751,6167,113.60000000000001,-164.83,-1794.21,-0.4398949771752066,0.8498902504999846,-0.2901361252258983,-0.7797793516114578,-0.521734479672011,-0.3460307725069989,-0.4454622002554639,0.07402496083382637,0.8922352455026149,0.1102
1,1785175490.868022,6170,113.54,-164.78,-1794.16,-0.43892041572775353,0.8499594546327008,-0.29140657874841797,-0.7799965198242981,-0.5214213056772597,-0.34601336830793883,-0.4460429325965828,0.07542378581259043,0.8918278728624357,0.12760000000000002
1,1785175490.9280856,6173,113.53,-164.78,-1794.13,-0.43942376342759454,0.8499706077781395,-0.29061438720130384,-0.7801762753186298,-0.5214786055379795,-0.3455214080141974,-0.4452322265571963,0.07490013270631926,0.892276994299134,0.1131
1,1785175490.9729662,6176,113.52,-164.75,-1794.14,-0.4395853685535735,0.8499447777630512,-0.2904454828482217,-0.780714291343697,-0.521450779598285,-0.34434616267362445,-0.4441282461691986,0.07538540448693327,0.8927861679848167,0.1149
1,1785175491.0329208,6182,113.5,-164.75,-1794.1000000000001,-0.438345311448121,0.8498971032604458,-0.2924522213985611,-0.7800434215079249,-0.5213712321287953,-0.345983090440431,-0.4465262013517902,0.07646536587243269,0.8914972794845396,0.11320000000000001
1,1785175491.0927615,6185,113.47,-164.77,-1794.15,-0.43729100918662933,0.8499115334274582,-0.29398462312087914,-0.7797406078040492,-0.5211918812584225,-0.34693458670429206,-0.4480861053702858,0.0775203731756526,0.8906230593897715,0.1206
1,1785175491.1376407,6188,113.36,-164.84,-1794.13,-0.4350419842785255,0.8500847487294692,-0.29680699434575036,-0.7781325672973726,-0.5208058981034808,-0.3510995930100551,-0.45304324255660494,0.07821212487959836,0.8880510592841017,0.1189
1,1785175491.1974807,6191,113.14,-164.98,-1794.05,-0.43368298780703574,0.8491692905070627,-0.30138112440312886,-0.7781656500779065,-0.521590173795643,-0.34985984570776346,-0.45428767001272613,0.08279617539211988,0.8869991579561085,0.12250000000000001
1,1785175491.2573211,6194,113.12,-165.26,-1793.8600000000001,-0.43247168112684076,0.8494226728652396,-0.3024059652946619,-0.7778617483745068,-0.5210947103184771,-0.3512711250499501,-0.45595980682410975,0.08331521890131748,0.8860921108216382,0.1183
1,1785175491.3171606,6197,113.19,-165.63,-1793.7,-0.43287978310108177,0.8494912672511058,-0.30162838103611994,-0.7775487269547675,-0.5211578884636403,-0.3518699084933811,-0.45610642463506357,0.0822133940196503,0.8861195671298476,0.1217
1,1785175491.3770397,6200,113.2,-165.88,-1793.6100000000001,-0.4317491317881636,0.8493420217729493,-0.3036623408505011,-0.7767626968729651,-0.5212356429584544,-0.3534870821633017,-0.45851106851067963,0.08325583799545605,0.8847802357042506,0.1265
1,1785175491.4225564,6203,113.18,-166.09,-1793.54,-0.43168433524746236,0.8493196256272445,-0.30381706375112294,-0.7767115005447882,-0.5212573103535717,-0.35356761916841845,-0.4586587834364672,0.08334860483149961,0.8846949363759365,0.1206
1,1785175491.4823961,6209,113.19,-166.25,-1793.5,-0.4321308417141278,0.8493168290916017,-0.30318947782076244,-0.7766218314035279,-0.5213709686695257,-0.3535970079285613,-0.45839008129198217,0.0826633948636734,0.8848984667874291,0.1184
1,1785175491.542805,6212,113.2,-166.26,-1793.5,-0.43172941208355947,0.8493148903941641,-0.3037662451569183,-0.7762844036192613,-0.5213496432713605,-0.35436855695492087,-0.45933891565974666,0.0828176697062533,0.8843918781541101,0.11470000000000001
1,1785175491.5876842,6215,113.2,-166.28,-1793.52,-0.43113090495268097,0.8493731668269973,-0.3044525681759977,-0.7762989895228455,-0.5211528728736073,-0.3546259465428255,-0.45987609381277006,0.08345601577995283,0.884052640836305,0.10690000000000001
1,1785175491.6475244,6218,113.2,-166.27,-1793.52,-0.43181260781094416,0.8494003891557602,-0.3034087187896133,-0.7762200561742281,-0.5212788484332254,-0.3546135735825811,-0.45936945493620923,0.08238532076877168,0.8844163967235326,0.1086
1,1785175491.707364,6221,113.2,-166.3,-1793.56,-0.4318217962385092,0.8494319372267588,-0.3033073034276344,-0.7761622194246782,-0.5212542471120818,-0.35477629431146357,-0.45945853505088446,0.08221553312368889,0.8843859229330161,0.11620000000000001
1,1785175491.767204,6224,113.19,-166.29,-1793.49,-0.43170259174743525,0.8493828731053529,-0.303614240696716,-0.7765960186500483,-0.5212084416776444,-0.3538931818230688,-0.4588371128139498,0.083009006735762,0.8846343926760372,0.1226
1,1785175491.8270469,6227,113.2,-166.3,-1793.51,-0.4318682591313631,0.8493911377666752,-0.30335540515751214,-0.7763291700208574,-0.5212817458689804,-0.35437037291302154,-0.4591326894586923,0.08246233386959381,0.8845321571108692,0.12200000000000001
1,1785175491.8719249,6230,113.2,-166.3,-1793.52,-0.4317117366080061,0.8494144698355189,-0.3035128249496942,-0.7765382571863456,-0.521183962876762,-0.35405594468398166,-0.4589262594370607,0.0828392133842301,0.8846040657407072,0.11510000000000001
1,1785175491.9317648,6236,113.19,-166.31,-1793.51,-0.4318682591313631,0.8493911377666752,-0.30335540515751214,-0.7763291700208574,-0.5212817458689804,-0.35437037291302154,-0.4591326894586923,0.08246233386959381,0.8845321571108692,0.113
1,1785175491.9916053,6239,113.19,-166.3,-1793.51,-0.4311217501510005,0.8493414473582416,-0.3045540056314245,-0.7763568709088474,-0.5211773527636171,-0.3544632222938388,-0.45978695668685676,0.08362579007528528,0.884082960866752,0.10790000000000001
1,1785175492.036484,6242,113.2,-166.3,-1793.52,-0.43150465453359904,0.8494795183809137,-0.3036252311109374,-0.7763543430233444,-0.5210976215420173,-0.3545859598067074,-0.45943189613329066,0.08271527473558507,0.8843531625661696,0.1078
1,1785175492.096346,6245,113.19,-166.31,-1793.55,-0.43153288361250497,0.8493754107442032,-0.30387626097507614,-0.7766368347169228,-0.521173910558485,-0.3538544643127392,-0.458927660227574,0.08330166010526215,0.8845599109736728,0.11720000000000001
1,1785175492.156164,6248,113.2,-166.31,-1793.54,-0.43177653126449567,0.849436809184703,-0.3033580957405133,-0.7765895032145262,-0.5211622932069161,-0.35397543366217354,-0.45877856373877735,0.08274642796773105,0.884689356843613,0.1189
1,1785175492.2160037,6251,113.19,-166.31,-1793.52,-0.4319514282964642,0.8494764758966111,-0.3029978225844507,-0.7762648562737905,-0.5212109031726702,-0.3546153794298272,-0.45916319158538327,0.08202994155918363,0.8845565285389744,0.11220000000000001
1,1785175492.2758446,6254,113.2,-166.3,-1793.52,-0.43143978626080454,0.8494571661218662,-0.30377991005897603,-0.7763030210305436,-0.5211193228826518,-0.35466642194769166,-0.4595795147415546,0.08280805662817352,0.8842677735773153,0.11720000000000001
1,1785175492.320726,6257,113.19,-166.31,-1793.49,-0.43179485294137515,0.8494999107545164,-0.30315525164741103,-0.7764739723975377,-0.5211132451729107,-0.35430093973139026,-0.45895683365925,0.08240684033153377,0.8846285873201526,0.1206
1,1785175492.3805664,6263,113.2,-166.32,-1793.52,-0.43160554069450735,0.8494654813362386,-0.3035210919524285,-0.7760358627591123,-0.5211923477668919,-0.35514345881763815,-0.45987497969939845,0.0822613678917865,0.8841651827566215,0.1159
1,1785175492.4404035,6266,113.18,-166.35,-1793.58,-0.42921013166870964,0.8496395088603337,-0.30641698362933456,-0.7746972709676573,-0.520726061390068,-0.35873180419981104,-0.4643520229612372,0.08340907608143217,0.8817143101929606,0.1247
1,1785175492.5002441,6269,112.77,-166.74,-1793.78,-0.4129174153807824,0.849881446729448,-0.3274152326638376,-0.7671963449926227,-0.518308366039325,-0.3778441556033466,-0.49082479186081795,0.09517333764613732,0.8660444904830693,0.1208
1,1785175492.5600834,6272,112.18,-167.18,-1794.1100000000001,-0.3865754485191597,0.8501958014607985,-0.35738847460521306,-0.7574705366104376,-0.5137579136238284,-0.402853810154486,-0.5261157750622064,0.11497784728947374,0.8426044658458511,0.13520000000000001
1,1785175492.6201766,6275,111.89,-167.35,-1794.3700000000001,-0.3710282522127069,0.8484084256649846,-0.37754626116629225,-0.7502332303537836,-0.5134589152799647,-0.4165453665478092,-0.5472550923773214,0.12869765180524567,0.827011957765367,0.13290000000000002
1,1785175492.680016,6281,111.18,-167.79,-1795.1000000000001,-0.32811612402383,0.8404373347937312,-0.431282848534913,-0.7273298820314961,-0.5160964253370808,-0.4523668007915008,-0.6027694848444378,0.16525606203433854,0.7806147462745461,0.1519
1,1785175492.7398558,6284,111.10000000000001,-167.97,-1795.65,-0.3080687466616747,0.838742291357881,-0.44900447215816924,-0.7156807555088907,-0.515269173167147,-0.4714856682634883,-0.6268131328590111,0.17609386097015434,0.7590100451272668,0.1567
1,1785175492.799696,6287,111.10000000000001,-168.14000000000001,-1796.48,-0.28352295313419595,0.8374264218504643,-0.46725980250048543,-0.6998781807820718,-0.5137999804892424,-0.4961654080187694,-0.6555800996912904,0.18635065880211513,0.7317705684521449,0.1773
1,1785175492.859487,6290,110.79,-168.04,-1797.56,-0.2514279255404245,0.8318242389582223,-0.49482565994500877,-0.679709710341756,-0.5157140846922448,-0.5215684926423054,-0.689041876757549,0.20520092185858907,0.6950639350036947,0.1869
1,1785175492.904366,6293,110.62,-167.64000000000001,-1798.9,-0.22516508320158557,0.8243356400789219,-0.5193952616288456,-0.6611818632413538,-0.5208281814083902,-0.5399782858333478,-0.7156390354274386,0.22183047118577529,0.6623080952441862,0.1951
1,1785175492.9642074,6296,110.27,-166.92000000000002,-1800.56,-0.19842674861413592,0.8100086264880692,-0.5518268301281971,-0.6425411383463647,-0.5326608840024905,-0.5508296181091238,-0.7401133095458966,0.24527210943887823,0.6261580322605651,0.2155
1,1785175493.0240464,6299,110.02,-165.99,-1802.3400000000001,-0.18347775128494542,0.7980862591959667,-0.573928774035601,-0.6283136929413105,-0.5442238816864217,-0.5559157039197726,-0.7560144297868079,0.25860914424040005,0.6013014988085227,0.23500000000000001
1,1785175493.0689268,6302,109.76,-164.97,-1804.49,-0.16968568280552118,0.7889731384240813,-0.5905320955681235,-0.6151731341751299,-0.5529380760115036,-0.5619799810365529,-0.7699147901163945,0.2679195232564285,0.579180753321514,0.24650000000000002
1,1785175493.1292696,6308,107.78,-163.17000000000002,-1810.14,-0.1066786823198216,0.7311771122991251,-0.6737949904744167,-0.5566378713934576,-0.6054328006067263,-0.5688632560467028,-0.8238773809670146,0.31437422667802867,0.47158764480372495,0.2984
1,1785175493.1891131,6311,106.91,-162.12,-1812.8500000000001,-0.08821261414989079,0.6985083506810583,-0.7101440830800958,-0.5367390421495462,-0.6339043045661036,-0.5568451609603448,-0.8391243860937603,0.3320412876155496,0.4308350589046551,0.3287
1,1785175493.2494884,6314,106.48,-161.51,-1815.53,-0.062004423347073255,0.6785478990501842,-0.7319345600393371,-0.505039730358646,-0.6538599173928961,-0.5633844861071535,-0.8608660303698035,0.33472370265867973,0.38323585509944214,0.3106
1,1785175493.3092983,6317,105.78,-161.66,-1818.42,-0.02797010028438538,0.658495374544417,-0.7520648344349639,-0.4651246734347101,-0.6745238245079872,-0.5733032777975132,-0.8848032050418533,0.33376856034492863,0.3251489450589346,0.3431
1,1785175493.3691347,6320,105.96000000000001,-161.41,-1819.8500000000001,-0.026564848564190963,0.6599767882061649,-0.7508161877915503,-0.46073142157253244,-0.6746342594057798,-0.5767106494697046,-0.8871419649619305,0.3306043784723516,0.32199360077243033,0.34140000000000004
1,1785175493.4289746,6326,106.11,-161.77,-1822.8700000000001,-0.017168652781111262,0.6644428092911537,-0.7471418811330021,-0.45290691007189804,-0.6713611280830643,-0.586642622478252,-0.8913924882849346,0.32831385727732376,0.312457105774341,0.35100000000000003
1,1785175493.488815,6329,106.06,-162.11,-1824.32,-0.015901351102369083,0.6669294115206704,-0.7449512112090373,-0.45220500347520515,-0.6692917348607447,-0.5895415239650931,-0.8917722701817483,0.3274961582916462,0.31223145972035576,0.36560000000000004
1,1785175493.5486546,6332,105.95,-162.52,-1825.79,-0.021398599989964313,0.6689840506098618,-0.7429686668683219,-0.4490337110661759,-0.6703981471010211,-0.5907072461800815,-0.8932585438967866,0.320977669617591,0.31474197267325665,0.3528
1,1785175493.608495,6335,106.04,-162.97,-1827.2,-0.029473044797327114,0.6787019020144458,-0.7338222317648521,-0.44798699247253715,-0.6652490340387451,-0.5972866793139852,-0.8935541361360182,0.31113895756155346,0.3236565384504447,0.3335
1,1785175493.6533742,6338,106.11,-163.41,-1828.75,-0.03644315845707792,0.6861775418074534,-0.72652066544645,-0.444012455290873,-0.6624217880970172,-0.603365821207102,-0.8952791943009972,0.3005956682546019,0.3288121172924236,0.3075
1,1785175493.7132146,6341,105.96000000000001,-163.98,-1830.46,-0.03845651039176012,0.6871317472662816,-0.725514340800563,-0.4386858867033216,-0.663953341198994,-0.6055746473540755,-0.8978172361988874,0.2949846141911123,0.3269683283969743,0.3516
1,1785175493.773055,6344,105.82000000000001,-164.74,-1832.16,-0.03615430037808129,0.6853120736255225,-0.727351516329799,-0.4259638757937758,-0.6689670275188085,-0.6091287980479945,-0.9040175015357369,0.2878028454267543,0.3161042218657441,0.31770000000000004
1,1785175493.8179343,6347,105.64,-165.56,-1833.74,-0.03542060831628905,0.6829963352190779,-0.7295624624278672,-0.41736288009842015,-0.6734205037651365,-0.6101746073253633,-0.9080493416232709,0.28287953475997285,0.3089102814597233,0.31820000000000004
1,1785175493.8777978,6353,105.69,-167.34,-1835.66,-0.04984381444256291,0.6983823406884461,-0.7139871850224921,-0.4153896462095268,-0.6646089984511309,-0.6210847937276431,-0.9082769599542528,0.2656256489729709,0.32322744101321044,0.3356
1,1785175493.9376156,6356,106.31,-168.09,-1835.56,-0.07864674077200504,0.7192117122973921,-0.6903254327201006,-0.4345639993678975,-0.6479486476809242,-0.6255530996021355,-0.897200546488531,0.25079286844468807,0.36350256741592124,0.2826
1,1785175493.9974546,6359,106.67,-169.19,-1835.54,-0.09201945197197639,0.7369894854857048,-0.6696110204755394,-0.4420406287977363,-0.632805214183315,-0.6357339407287539,-0.8922625751150157,0.2374953877150565,0.38400968459557894,0.2735
1,1785175494.0572948,6362,107.36,-170.05,-1835.01,-0.11696667269774783,0.7578342038629371,-0.641877026332495,-0.46168740462129904,-0.6137217053542469,-0.6404610907706447,-0.8792971840578514,0.22143393559367427,0.4216674925524017,0.2706
1,1785175494.102175,6365,107.67,-170.86,-1834.74,-0.13291489026212036,0.7690728703660693,-0.6251884132111726,-0.47154781965609366,-0.6038888430771666,-0.6426203536961038,-0.8717661875320657,0.20939241933225874,0.4429204544858939,0.26030000000000003
1,1785175494.1620142,6368,107.67,-171.63,-1834.68,-0.13645281519028046,0.7696991109162162,-0.6236536762350026,-0.47280058516476114,-0.6038153726567292,-0.6417683401440698,-0.8705401977476437,0.20729272635141197,0.4463064974961623,0.256
1,1785175494.2217975,6371,107.53,-172.19,-1834.63,-0.1393042369609409,0.7677410630650728,-0.6254342408666493,-0.47048911558475287,-0.6070653281970874,-0.6403996247791218,-0.8713405314118053,0.20504962176184272,0.44578058608952253,0.2576
1,1785175494.2681801,6374,107.54,-172.66,-1834.73,-0.13949989399745144,0.7659503532028122,-0.6275825332202826,-0.4678316219074014,-0.6095658404041872,-0.6399711397835275,-0.8727389948422094,0.20432704823597017,0.44337016616027003,0.24860000000000002
1,1785175494.327022,6380,107.63,-173.16,-1835.0900000000001,-0.13493156261849718,0.7641366355447957,-0.6307841751562977,-0.46137831595840806,-0.6118341382669055,-0.6424866043853185,-0.8768828444967515,0.2043384189756629,0.4351118104094767,0.23750000000000002
1,1785175494.387138,6383,107.74000000000001,-173.23,-1835.29,-0.1354582198143771,0.7644103511783674,-0.6303395003457145,-0.46139194516581167,-0.6116769414085896,-0.6426264796015969,-0.8767944705692597,0.20378452924694263,0.4355494484197786,0.2586
1,1785175494.4472475,6386,107.81,-173.26,-1835.3700000000001,-0.13469186466449456,0.7640649667298919,-0.6309222045619023,-0.46098472254846773,-0.6119419533933842,-0.6426664230018567,-0.8771266654082032,0.2042835585482552,0.43464587946597155,0.2506
1,1785175494.5070868,6389,107.85000000000001,-173.28,-1835.42,-0.13637700518045043,0.764378263411336,-0.630180278081028,-0.46229123044078585,-0.6117182502989298,-0.6419404960810309,-0.8761781386884494,0.20378089379401126,0.43678967090461096,0.266
1,1785175494.5519667,6392,107.89,-173.25,-1835.3700000000001,-0.1366419389977758,0.7645291382289673,-0.6299398203842973,-0.4625688535228223,-0.6115627451070996,-0.6418886699012927,-0.8759903174450674,0.20368162802752116,0.4372124862656012,0.2616
1,1785175494.6118076,6395,107.99000000000001,-173.18,-1835.43,-0.13673594927124288,0.7649526203141658,-0.6294050912181943,-0.46271012407052214,-0.6111203868057336,-0.6422080768045917,-0.8759010339413544,0.20341917683665398,0.43751344806252995,0.26280000000000003
1,1785175494.6722014,6398,108.05,-173.11,-1835.39,-0.13692865149895014,0.7652380820075727,-0.6290160747103768,-0.4624402314365276,-0.6109371687949104,-0.6425766943593502,-0.876013456944361,0.20289517892308398,0.43753167842130014,0.2439
1,1785175494.7170806,6401,108.17,-173.01,-1835.41,-0.13591208981574363,0.7654079342067881,-0.629029886488086,-0.46195204725371436,-0.6106359464713018,-0.6432138422913483,-0.8764292383758198,0.2031611063427116,0.4365745697925913,0.2419
1,1785175494.7769237,6407,108.43,-172.76,-1835.44,-0.13861681888816926,0.7667726366858313,-0.6267735644961288,-0.4644966828181275,-0.6092906018078059,-0.6426568245958629,-0.8746589101885833,0.20205119692429493,0.440621271217334,0.2735
1,1785175494.8367605,6410,108.48,-172.63,-1835.43,-0.14016021908346205,0.767324864171724,-0.6257536782235654,-0.4649480812419837,-0.6089848262479702,-0.6426202324461372,-0.87417297758274,0.2008731794530445,0.4421216699513283,0.23600000000000002
1,1785175494.8966005,6413,108.5,-172.52,-1835.45,-0.13992888917852744,0.7671529000877326,-0.6260162408917557,-0.46677594314470733,-0.6086845946219415,-0.6415787427676293,-0.8732354349627782,0.202433920470123,0.44326107766017936,0.257
1,1785175494.9566088,6416,108.51,-172.49,-1835.47,-0.14012607503179966,0.767382711470667,-0.6256903844811024,-0.4662062513305042,-0.6086275290428677,-0.6420469313932837,-0.8735081077566146,0.20173325216012453,0.4430432040516573,0.2519
1,1785175495.001488,6419,108.51,-172.42000000000002,-1835.43,-0.14110549051806473,0.7676635107890861,-0.6251255671852103,-0.46681999775720373,-0.6084296573518609,-0.6417884711870893,-0.8730225256198265,0.2012612388356775,0.4442134436312208,0.26580000000000004
1,1785175495.0618322,6422,108.51,-172.42000000000002,-1835.43,-0.14129185824074111,0.7675781613171861,-0.6251882732935787,-0.46744235218610375,-0.6084177555567871,-0.6413466161959258,-0.8726593024643701,0.20162242184878523,0.4447630164820694,0.28450000000000003
1,1785175495.1216724,6425,108.53,-172.39000000000001,-1835.47,-0.14026711781469423,0.7675091006336389,-0.6255037298885608,-0.4661680786446133,-0.608540031166052,-0.6421575763947741,-0.8735058432046969,0.20151627952342524,0.443146399031165,0.2679
1,1785175495.1670568,6428,108.52,-172.36,-1835.43,-0.13798692415943858,0.7666921926320895,-0.6270109173834345,-0.4651942924958792,-0.6090619534253529,-0.642368902671161,-0.8743877166281989,0.20304339104411162,0.440703417689303,0.248
1,1785175495.2268991,6434,108.63,-172.19,-1835.15,-0.13636439562445293,0.7655557760715692,-0.6287520221275116,-0.4665228184763186,-0.6095246794327634,-0.6409649951466138,-0.8739343290241489,0.205922361306013,0.44026670288277114,0.25830000000000003
1,1785175495.2867365,6437,108.53,-172.15,-1835.08,-0.13213388118865318,0.761123763091479,-0.6350049249411287,-0.464152463367681,-0.613557652935259,-0.6388344834730584,-0.8758442374028248,0.2103274204235907,0.4343492235819258,0.2667
1,1785175495.3465776,6440,108.55,-172.04,-1834.82,-0.1306111526236434,0.7596892179362666,-0.6370345508382622,-0.46393621023601517,-0.6146810516302057,-0.6379109636921347,-0.876187148754287,0.21222510906621672,0.4327315373758483,0.2681
1,1785175495.4064167,6443,108.65,-171.94,-1834.6200000000001,-0.1294407009474495,0.7587532924916689,-0.6383874576393908,-0.46503329344373884,-0.615064345722976,-0.6367416168346757,-0.8757791621905048,0.21445114071372837,0.4324599025568478,0.26130000000000003
1,1785175495.4512968,6446,108.67,-171.86,-1834.45,-0.12822670917761286,0.7553734877052946,-0.642626489592064,-0.46416872603127374,-0.618333893148468,-0.6342007492571761,-0.8764161710214983,0.21696564395267387,0.4299076697573762,0.2571
1,1785175495.511137,6449,108.75,-171.82,-1834.28,-0.1272208526260238,0.7542259660970585,-0.6441723734545487,-0.4654688634622084,-0.6188933572482985,-0.632700363127073,-0.8758730454833666,0.2193495028918208,0.42980484382659484,0.25780000000000003
1,1785175495.5709765,6452,108.81,-171.8,-1834.14,-0.1268827236670962,0.7542899431525921,-0.6441641530647905,-0.46548784111692587,-0.6187425399646973,-0.6328338952761133,-0.8759120071143693,0.2195548926735511,0.42962053593372673,0.2565
1,1785175495.6158566,6455,108.85000000000001,-171.78,-1834.07,-0.12669027845004782,0.7541000773484858,-0.6444242753724112,-0.46636223025484497,-0.6186618136872165,-0.6322687960645939,-0.8754746390033104,0.22043283246434014,0.430062231350036,0.265
1,1785175495.6756968,6461,108.91,-171.77,-1834.0,-0.12632771890295985,0.7540817966289213,-0.6445168356448672,-0.46649725289466704,-0.6185560898998173,-0.6322726284519821,-0.8754550933534534,0.22079177439557654,0.4299178664358448,0.27080000000000004
1,1785175495.7355363,6464,108.94,-171.74,-1833.89,-0.12707412754464664,0.7543060250271754,-0.6441075893951794,-0.4667130637449564,-0.6184662185385609,-0.6322012754308626,-0.8752320162325891,0.22027700092001287,0.43063553107833713,0.26730000000000004
1,1785175495.7953763,6467,108.95,-171.75,-1833.8400000000001,-0.126982419791347,0.7543381952142191,-0.6440880004354133,-0.46652101819884434,-0.6184603082188705,-0.6323487856685844,-0.8753477049965047,0.22018341081646997,0.4304482093801504,0.2531
1,1785175495.855217,6470,108.96000000000001,-171.75,-1833.8400000000001,-0.1272256788071642,0.7544123677082286,-0.6439531086196575,-0.46691187152079344,-0.6183492368844771,-0.6321689058134184,-0.8751039543305732,0.22024123295434267,0.4309139919076017,0.2519
1,1785175495.9000974,6473,108.97,-171.74,-1833.8700000000001,-0.12816787980039815,0.7544935639277647,-0.6436710779420266,-0.4674493952815513,-0.6183669683227322,-0.6317541890152093,-0.8746794026604161,0.2199130611831253,0.4319423434703807,0.2597
1,1785175495.959938,6476,108.98,-171.75,-1833.88,-0.12736777160607962,0.7544910658755805,-0.6438328061461546,-0.46657093471314937,-0.6183927609424511,-0.6323780167707213,-0.8752651104876736,0.2198490953538424,0.4307869097768611,0.2509
1,1785175496.019777,6479,108.98,-171.75,-1833.8700000000001,-0.1274202003822828,0.7543227549690347,-0.6440196222712976,-0.4675345619460337,-0.6183283878514558,-0.6317289277553705,-0.8747431199617801,0.22060640542138735,0.43145948589245914,0.2565
1,1785175496.0651963,6482,108.98,-171.74,-1833.8,-0.1274688617238209,0.7544865551115761,-0.6438180856784783,-0.46730262222905433,-0.6182381381912683,-0.6319888161539289,-0.8748599593927496,0.22029898465871645,0.43137965738970047,0.256
1,1785175496.1250014,6488,108.94,-171.77,-1833.8500000000001,-0.12560393199036393,0.7534199626114145,-0.6454316479745742,-0.46591907098298435,-0.6191716654866967,-0.6320964071664882,-0.8758670398884255,0.2213251196702373,0.4288031248020965,0.25120000000000003
1,1785175496.1848433,6491,108.91,-171.77,-1833.8700000000001,-0.1247607083653457,0.7521867123175864,-0.6470316185945149,-0.4650191686837268,-0.6203965248070357,-0.6315578554368941,-0.8764655945357314,0.22208849997290192,0.42718234955919426,0.2511
1,1785175496.244754,6494,108.89,-171.76,-1833.89,-0.12388272340941019,0.7513622836043925,-0.6481572260011147,-0.4639414766844219,-0.621256653090872,-0.6315049304654763,-0.8771609755640898,0.2224744699221023,0.42555109350151366,0.2381
1,1785175496.3045583,6497,108.89,-171.75,-1833.8700000000001,-0.12432499598544086,0.7512405527841918,-0.6482136431962243,-0.46435403523002683,-0.6213798257821348,-0.631080376874891,-0.876880051853622,0.22254155558786223,0.42609462645957336,0.2452
1,1785175496.3494394,6500,108.9,-171.75,-1833.93,-0.12411165359836858,0.7508596484470937,-0.6486956804041359,-0.4647437296038241,-0.6215985604050848,-0.6305779059690034,-0.8767038058745985,0.22321518325649892,0.4261049386345592,0.2667
1,1785175496.4092782,6503,108.77,-171.74,-1833.97,-0.1210336695695615,0.7465263240902453,-0.6542547655698293,-0.46300457451534127,-0.6254678290647936,-0.6280260812918855,-0.8780533097758895,0.22691064815314452,0.4213477695993249,0.274
1,1785175496.469119,6506,108.74000000000001,-171.66,-1833.93,-0.12207045515500624,0.7442562179852666,-0.6566441090640474,-0.4632852050355701,-0.6278226113165155,-0.625464297554114,-0.8777617118406336,0.22786278921749958,0.42144148646831386,0.2539
1,1785175496.5289648,6512,108.64,-171.62,-1833.95,-0.12186169267321266,0.7401823267247456,-0.6612713898719357,-0.4642396779930117,-0.6313747762326098,-0.6211661720620069,-0.8772862983289802,0.23129205594132243,0.4205624039576909,0.2728
1,1785175496.589303,6515,108.55,-171.65,-1834.04,-0.11925276356068022,0.7379013853638591,-0.6642893374586396,-0.4606784908949615,-0.6338069913276344,-0.6213405071061703,-0.8795192473220138,0.2319272369134545,0.41551853191862465,0.2755
1,1785175496.6496477,6518,108.18,-171.9,-1834.47,-0.09737138064512697,0.7289190898739197,-0.6776398561541657,-0.44102593555399916,-0.6419769353073133,-0.6271855695901729,-0.8921966926636645,0.23778682669737292,0.38398240408801537,0.2837
1,1785175496.7094872,6521,108.03,-172.02,-1834.73,-0.08964459477415186,0.7261847353447747,-0.6816300879362777,-0.4336787797189317,-0.6445592681850184,-0.6296555136090619,-0.8965972131616717,0.23916329139111828,0.3727121642792071,0.2662
1,1785175496.7698321,6524,108.06,-171.96,-1834.72,-0.08849113564101516,0.7254319524214843,-0.6825817176858142,-0.432696828514382,-0.6452320571689873,-0.6296419990717517,-0.8971860306015463,0.23963320889941275,0.37098942260664464,0.2649
1,1785175496.8157103,6527,108.0,-171.98,-1834.7,-0.08884094059022296,0.7239198639708305,-0.6841398379158303,-0.433252136678444,-0.6465608556212037,-0.6278946138023004,-0.8968834223791893,0.24062229848214678,0.37108090241153796,0.2922
1,1785175496.8750591,6533,108.01,-171.98,-1834.73,-0.08990691125486018,0.7238499253821347,-0.6840745813380942,-0.43362466670610117,-0.6467873529764598,-0.6274039914231713,-0.8965971200782621,0.24022365735701864,0.372029835783885,0.28800000000000003
1,1785175496.9348989,6536,107.92,-172.11,-1834.63,-0.09103073679867396,0.723546663078435,-0.6842467619988805,-0.43540880615629846,-0.6468625718011473,-0.6260894382788714,-0.8956185440685325,0.24093368288985179,0.3739229652878982,0.30110000000000003
1,1785175496.9947393,6539,107.96000000000001,-172.34,-1834.4,-0.10424419085721133,0.7271246676148743,-0.678544667961133,-0.44711777564592736,-0.6436912064655286,-0.6210856023290111,-0.8883798981145192,0.23864481654733458,0.39221143298114797,0.2818
1,1785175497.054579,6542,108.09,-172.97,-1833.98,-0.1266628341742503,0.736573156672216,-0.664391835672951,-0.46377971108040095,-0.63604496424369,-0.6167294245051254,-0.8768494203847809,0.23001475676610492,0.4221709436243845,0.2792
1,1785175497.099459,6545,108.12,-173.91,-1833.54,-0.14590788601888688,0.7491334405104498,-0.6461501196366646,-0.47513920607259214,-0.6259438295233786,-0.6184149554581572,-0.8677290035778489,0.21677963601451145,0.4472728090988872,0.26280000000000003
1,1785175497.1592994,6548,108.08,-175.25,-1833.5900000000001,-0.163903446822709,0.7609953836243953,-0.6277114673335153,-0.48506538313573216,-0.6162490284496506,-0.6204423494719289,-0.858980345644195,0.20278846376759527,0.4701378571863343,0.2659
1,1785175497.2197568,6551,107.67,-176.70000000000002,-1833.39,-0.1763089257459743,0.7651973861920414,-0.6191834323261308,-0.4927960940418324,-0.6131468196697666,-0.6174163807561022,-0.8520957530696969,0.19627515811665672,0.4851895401869948,0.2354
1,1785175497.2646368,6554,107.71000000000001,-178.34,-1833.05,-0.20748522016945517,0.7823721687536204,-0.5872339167410113,-0.5127467474250795,-0.5982066924229735,-0.6158242656353902,-0.8330910252884941,0.1733278474455915,0.5252778320885466,0.2454
1,1785175497.3244767,6560,106.51,-182.29,-1832.76,-0.2380059628168532,0.7905939066041928,-0.5641936161495835,-0.5255096085268802,-0.5933376828979746,-0.6097458859223139,-0.8168187148991799,0.1513660097035771,0.5566826008569595,0.2291
1,1785175497.384317,6563,105.92,-184.4,-1832.64,-0.2591732462935103,0.7913383978950793,-0.5537262576603464,-0.5333192359367042,-0.5952418206071675,-0.6010472257486548,-0.8052327744109609,0.1395375039805193,0.5763067447091983,0.2127
1,1785175497.4441564,6566,105.23,-186.61,-1832.64,-0.2812530486969965,0.7871443440218254,-0.5489084662064296,-0.5412687328396554,-0.6024499516599304,-0.5865852151180605,-0.792417113298797,0.13212810987597493,0.5954975072423088,0.18780000000000002
1,1785175497.5039961,6569,104.7,-188.81,-1832.68,-0.3122457688328936,0.7839323562124864,-0.5366121883903628,-0.5557332244783921,-0.6088507340087669,-0.5660930726548725,-0.7704954010614237,0.12145305504648704,0.6257683216359475,0.2073
1,1785175497.5488772,6572,104.10000000000001,-191.17000000000002,-1832.75,-0.3370799026731441,0.7807582327693233,-0.526111890358683,-0.5628987078861506,-0.6150674797547934,-0.5521204941026813,-0.7546669357232805,0.11003898087046281,0.6468146866104882,0.2122
1,1785175497.6087162,6575,103.52,-193.45000000000002,-1832.83,-0.36316322019352515,0.7760252699131596,-0.5156522626294553,-0.5706607346118991,-0.6227453224054427,-0.5352892576862985,-0.736518025217901,0.09986512844005502,0.6690053472512567,0.1938
1,1785175497.6685898,6578,103.24000000000001,-195.47,-1832.69,-0.4061639521773716,0.768161712860361,-0.494932749822735,-0.5811284204064977,-0.6351180576614078,-0.5088367241348148,-0.7052096163180892,0.08094835222434692,0.7043626632102644,0.1809
1,1785175497.7134378,6581,103.27,-197.18,-1832.3400000000001,-0.45161962187252375,0.7615884069701854,-0.46478254647559025,-0.5987490194708769,-0.6449141329138007,-0.4749582853795732,-0.6614675568932934,0.06378761272109187,0.7472561887605628,0.16340000000000002
1,1785175497.7732759,6587,103.64,-200.5,-1831.97,-0.5238133968771324,0.7501656568693064,-0.40357280942338264,-0.6282170365984184,-0.6601652506972961,-0.4117343763875897,-0.57529373382607,0.03785933208098463,0.817070248384336,0.1494
1,1785175497.8331382,6590,103.46000000000001,-202.51,-1831.83,-0.5434343634381261,0.7424560984482164,-0.3917116726773032,-0.6337198164172844,-0.6688691231511878,-0.38860428507030675,-0.5505254643653115,0.03705452701105778,0.8339956085695803,0.1447
1,1785175497.8929567,6593,103.3,-204.65,-1831.8600000000001,-0.5552185389032348,0.7354273845079358,-0.3884313789770001,-0.6334277817806631,-0.6765631152694358,-0.37554173712830463,-0.5389820213389178,0.0375354921738453,0.8414805211653337,0.13490000000000002
1,1785175497.9533744,6596,102.92,-206.95000000000002,-1831.83,-0.5625808278368762,0.7253512072435664,-0.3966969098703389,-0.6271276481097926,-0.6870749823383084,-0.366931712476713,-0.5387148829637576,0.04235085353465621,0.8414230090021493,0.1343
1,1785175497.9982548,6599,102.79,-209.31,-1831.95,-0.5775184687315286,0.712223612824362,-0.3990112073731817,-0.6145904416679406,-0.701012719384239,-0.3617454302018483,-0.537355568766526,0.03631380724914244,0.842573617032171,0.1506
1,1785175498.0580952,6602,102.76,-211.51,-1832.0,-0.5943663202926099,0.7009764766134757,-0.3941581618289543,-0.601217387982314,-0.7128344284138004,-0.3611159509848524,-0.5341032949622633,0.022339581520880943,0.8451240225007959,0.1454
1,1785175498.1179357,6605,102.71000000000001,-213.38,-1832.23,-0.6030688175420115,0.6954534952604443,-0.39070761092985,-0.5963865609434783,-0.7183693669739988,-0.35814595142118666,-0.5297462328648413,0.017026112985861964,0.847985283033911,0.1395
1,1785175498.1777751,6611,102.77,-215.92000000000002,-1832.54,-0.6180308064959348,0.6888807224909838,-0.3787892189625839,-0.5954309003721723,-0.7247863231450852,-0.3466220256472633,-0.5133224767180649,0.011319715638130563,0.8581211446724193,0.1282
1,1785175498.2376149,6614,102.85000000000001,-216.78,-1832.6200000000001,-0.6241477390128236,0.6870096765233724,-0.3720985141712223,-0.5950742434329133,-0.7266136016675033,-0.3433938244560093,-0.5062867218167251,0.007097762677766606,0.862336000104973,0.1211
1,1785175498.2974546,6617,102.79,-217.47,-1832.67,-0.6264316805743149,0.6851541423852225,-0.371681517895644,-0.5944291985787398,-0.7283600110617195,-0.3408014409641032,-0.5042194734933161,0.007449527403945855,0.863543413553471,0.1272
1,1785175498.3578014,6620,102.77,-217.94,-1832.69,-0.6307075103240155,0.6841108058570963,-0.3663337845878214,-0.5938595081691166,-0.729370435724392,-0.33963164170663723,-0.49953870818788093,0.003342573973003455,0.8662851183191469,0.1257
1,1785175498.4176433,6623,102.92,-218.16,-1832.69,-0.6343983817525858,0.6834155315372216,-0.36122279064781754,-0.5950100077243008,-0.7300277228461142,-0.3361883617617423,-0.49345899924677383,0.0016538227878492222,0.8697674867069697,0.1268
1,1785175498.4630284,6626,102.98,-218.25,-1832.6200000000001,-0.6332604286236891,0.6833215425716502,-0.3633908350479441,-0.5949968367956571,-0.7301095650779041,-0.3360339077904433,-0.4949343327578962,0.0034194208945898014,0.8689236524679494,0.12010000000000001
1,1785175498.5228677,6632,102.64,-218.5,-1832.66,-0.6234216457330333,0.6819847319585959,-0.3824163660290684,-0.5884529176811014,-0.7312974664524468,-0.3448582016319623,-0.5148481478107065,0.010041958752877262,0.8572225753911817,0.1355
1,1785175498.5832248,6635,102.65,-218.48000000000002,-1832.73,-0.6225039431467522,0.6814511140120973,-0.38485480376164805,-0.5879748261933807,-0.7317697013858621,-0.3446718844009621,-0.5165021244192601,0.011725329220022174,0.8562056249085691,0.13870000000000002
1,1785175498.6430845,6638,102.71000000000001,-218.43,-1832.68,-0.6219665593950189,0.6814193287642565,-0.38577881924853363,-0.5881992545754682,-0.7317813930799566,-0.3442638953750769,-0.5168938342746858,0.012794183382628362,0.8559538965156859,0.12660000000000002
1,1785175498.7028944,6641,102.79,-218.33,-1832.63,-0.6217280129513545,0.6813073127637441,-0.3863607426825424,-0.5886561267281056,-0.7318637957793237,-0.3433064941024925,-0.5166606646310754,0.013990353895661105,0.8560759473439548,0.1296
1,1785175498.7477753,6644,102.72,-218.3,-1832.57,-0.6194589869982069,0.6799898793826423,-0.3922809291366774,-0.5881903996143765,-0.7329740714183566,-0.3417324456791864,-0.5199063542876116,0.01904664184515255,0.8540108946645746,0.1254
1,1785175498.8076146,6647,102.58,-218.24,-1832.48,-0.6168131115784957,0.6778978602119494,-0.39999509560107604,-0.5874522633671022,-0.7347064010186588,-0.33927325648668255,-0.5238715717136431,0.025709831237672873,0.8514091736221824,0.132
1,1785175498.8674543,6650,102.57000000000001,-218.23000000000002,-1832.5,-0.6153839568257814,0.677121317903507,-0.4034963525511259,-0.5863159023114075,-0.7353591019537227,-0.3398244456636023,-0.5268170919571658,0.02745381602677981,0.8495351903290193,0.1348
1,1785175498.912335,6653,102.56,-218.20000000000002,-1832.42,-0.6147404439606539,0.6769720052068814,-0.4047259452088938,-0.5866215584166443,-0.7354392495320557,-0.33912277636359733,-0.52722797133677,0.02894847861116333,0.8492306234623275,0.1278
1,1785175498.9721744,6659,102.60000000000001,-218.17000000000002,-1832.3600000000001,-0.6151928654504969,0.677119723431768,-0.4037903149389457,-0.5870741390183684,-0.7353114084095672,-0.33861643190870133,-0.5261954899033708,0.0287404384522003,0.8498778109839832,0.128
1,1785175499.032015,6662,102.62,-218.16,-1832.3600000000001,-0.6158154050383244,0.6771478098987791,-0.4027930367654974,-0.586955157444712,-0.7353223119990963,-0.3387989678634765,-0.5255996861362625,0.027783826690913165,0.8502782067699205,0.1371
1,1785175499.0918825,6665,102.62,-218.17000000000002,-1832.3500000000001,-0.6153471291217728,0.6772299680518179,-0.4033701538960534,-0.5865635608898483,-0.7352530413332073,-0.339626492262441,-0.5265843709395611,0.02761404683856418,0.8496742697642339,0.1305
1,1785175499.151694,6668,102.62,-218.16,-1832.3,-0.6156374503356719,0.677381469256534,-0.40267216796303745,-0.5868583851530125,-0.7351227888145843,-0.3393990588393946,-0.5259161202319166,0.027364767006639274,0.8500961145699234,0.129
1,1785175499.1965744,6671,102.56,-218.18,-1832.25,-0.6141632424542056,0.6767074359634314,-0.406042556550339,-0.5859691712960773,-0.7356701011708183,-0.3397493672310614,-0.5286242918261754,0.029266847372349428,0.8483512301730682,0.1318
1,1785175499.2564142,6674,102.53,-218.17000000000002,-1832.26,-0.6127610922217878,0.6763571352543319,-0.40873569632430573,-0.5850616559102776,-0.7359478300344569,-0.3407105079845617,-0.5312501318989818,0.030361440317078457,0.8466708216887994,0.1236
1,1785175499.316254,6677,102.55,-218.17000000000002,-1832.24,-0.6145504723422138,0.676308924268635,-0.4061206174261084,-0.5861710568660782,-0.7360097958680781,-0.3386636568613978,-0.5279500061904221,0.029930241242452717,0.84874788460573,0.1348
1,1785175499.362134,6680,102.53,-218.16,-1832.24,-0.6130578662681669,0.676051894323056,-0.4087956565191583,-0.5859495962603934,-0.7361638890092108,-0.3387119707968941,-0.529927469800353,0.031883611794173775,0.8474433975493314,0.13390000000000002
1,1785175499.4209747,6686,102.53,-218.16,-1832.24,-0.613704005389809,0.6762065858728753,-0.4075684568151158,-0.5856424322633196,-0.7360849951110847,-0.33941393828924776,-0.5295189659504259,0.030389688949771388,0.8477535794700768,0.1326
1,1785175499.4808137,6689,102.53,-218.16,-1832.23,-0.6133451337860575,0.6763109112228977,-0.4079354093748385,-0.5857806545090396,-0.7359729219718318,-0.33941844812444266,-0.5297818151502789,0.030780017626663676,0.8475752585174829,0.1368
1,1785175499.5406535,6692,102.53,-218.16,-1832.23,-0.6138731063921422,0.6762428758700388,-0.407253461720684,-0.5857383721751401,-0.7360573393007822,-0.3393083444642498,-0.5292167501223657,0.030251712289920157,0.8479472066664582,0.135
1,1785175499.6004992,6695,102.52,-218.16,-1832.18,-0.6142579361267048,0.6761558370007815,-0.4068174922433078,-0.5858762344415357,-0.7361402901127004,-0.3388901166888701,-0.5286172772639653,0.030178756809414373,0.8483236509820237,0.13720000000000002
1,1785175499.6453786,6698,102.52,-218.17000000000002,-1832.21,-0.6143423592553334,0.6761739361011005,-0.406659899378013,-0.5859241376160184,-0.736126490668554,-0.33883726875142406,-0.5284660543341608,0.030109763757695737,0.8484203153761346,0.1376
1,1785175499.7052174,6701,102.51,-218.17000000000002,-1832.16,-0.6135994208359627,0.67606613337652,-0.40795874062347587,-0.5857820517839397,-0.7361886886379785,-0.3389477873202467,-0.5294857302681243,0.030996742132277336,0.8477523597251831,0.13490000000000002
1,1785175499.7656014,6704,102.55,-218.15,-1832.15,-0.6139344457173073,0.6763057936653912,-0.4070564700584036,-0.5864350597744094,-0.7359675787052068,-0.3382981580827483,-0.5283733689628649,0.031019293180541942,0.8484452760322326,0.1293
1,1785175499.8254423,6710,102.59,-218.14000000000001,-1832.17,-0.6164111341034991,0.6765750740143024,-0.402844241582003,-0.5874633591633883,-0.73580218871598,-0.33687080716684387,-0.524332065959832,0.02900531508731562,0.8510197273289145,0.1317
1,1785175499.8852823,6713,102.60000000000001,-218.14000000000001,-1832.15,-0.6153850000185008,0.6765248408448445,-0.4044940561641015,-0.5874268352307747,-0.7357978318757132,-0.33694400700673693,-0.5255768402460158,0.030260375524062695,0.8502077949949391,0.1305
1,1785175499.9301643,6716,102.59,-218.14000000000001,-1832.14,-0.615669849042187,0.6767803400801294,-0.40363226860769574,-0.5872596966442041,-0.735607441678118,-0.3376503227380831,-0.5254300007400874,0.029155840389165914,0.8503371397824944,0.1308
1,1785175499.9905093,6719,102.61,-218.15,-1832.15,-0.6159413327440826,0.6769545291318332,-0.40292535301882076,-0.5872168199236683,-0.7354763327791902,-0.33801031096759127,-0.5251596719248132,0.028410023047713354,0.8505293584434642,0.12760000000000002
1,1785175500.0503502,6722,102.59,-218.15,-1832.14,-0.615696415240777,0.6769412488882457,-0.4033217943693088,-0.5870114131178733,-0.7354874706275643,-0.33834269819108764,-0.5256762550553472,0.02843811005481945,0.8502092382275647,0.13290000000000002
1,1785175500.0957346,6725,102.60000000000001,-218.17000000000002,-1832.14,-0.6158508565484144,0.6768965291819853,-0.40316102399657405,-0.5872310966397787,-0.7355200681983721,-0.33789032009914816,-0.5252498087841891,0.028658647191446014,0.8504653551517128,0.126
1,1785175500.155574,6728,102.59,-218.18,-1832.14,-0.6160805838627169,0.6768415426851309,-0.40290227137978024,-0.5873541283829651,-0.7355699386158606,-0.33756776101420954,-0.5248426831526388,0.02867736913092338,0.8507160316115286,0.1359
1,1785175500.2159214,6731,102.58,-218.21,-1832.1200000000001,-0.6158811438332524,0.6767475435289177,-0.40336482122046774,-0.5870458631887341,-0.7356563999315138,-0.3379153973301579,-0.5254213273018505,0.028677928226773293,0.8503587509098622,0.1278
1,1785175500.260801,6734,102.58,-218.23000000000002,-1832.16,-0.6168494457235709,0.6769377560329931,-0.40156199492424455,-0.5867875768160242,-0.735553154291268,-0.3385880932734409,-0.5245732560900351,0.02677371227868332,0.8509442210426701,0.1305
1,1785175500.3206406,6740,102.58,-218.28,-1832.1200000000001,-0.6165650154232115,0.676684636576885,-0.4024245076744004,-0.5869541692278673,-0.7357449858309679,-0.3378818122518769,-0.5247212450265367,0.02787863779666001,0.8508174872276684,0.1253
1,1785175500.38048,6743,102.58,-218.3,-1832.15,-0.6164508614582055,0.6768158254239325,-0.40237876915060644,-0.5870916944044356,-0.7356224159556572,-0.33790975645117205,-0.5247015130231328,0.02792847291354334,0.8508280217717047,0.1292
1,1785175500.4403207,6746,102.59,-218.31,-1832.15,-0.6167069156922312,0.676767177517555,-0.40206811310062524,-0.5876949534776764,-0.7356422811771395,-0.3368160860193081,-0.5237243757877293,0.028576591459032283,0.8514083371839489,0.1301
1,1785175500.50016,6749,102.59,-218.31,-1832.1100000000001,-0.616177627802012,0.6769396261185853,-0.4025889635679486,-0.5872778808101056,-0.7354962411039081,-0.33786087378270524,-0.5248140829927075,0.02824928162717933,0.8507479981640108,0.1341
1,1785175500.5450401,6752,102.60000000000001,-218.32,-1832.0900000000001,-0.6174899850997777,0.6771376049651086,-0.4002384067572641,-0.5876088820080196,-0.7353702598412803,-0.33755945065462645,-0.5228976191251608,0.02674406257629255,0.8519758418113473,0.1258
1,1785175500.6048799,6755,102.71000000000001,-218.32,-1832.0900000000001,-0.6191705893921282,0.6779410349330143,-0.3962622040843139,-0.5892170998068158,-0.7346812724531903,-0.3362538285310757,-0.5190866888363153,0.02528598545667023,0.8543474869234623,0.1318
1,1785175500.6647425,6758,102.81,-218.29,-1832.08,-0.6224013962662005,0.6783904638513647,-0.3903881151897611,-0.5899656589657853,-0.734388373324891,-0.3355804499166887,-0.5143510699580108,0.021449841042551446,0.857311426001251,0.1263
1,1785175500.7096,6761,102.87,-218.27,-1832.04,-0.6247166114364842,0.6787984508931976,-0.3859557208544938,-0.5915264149145416,-0.7340542901077977,-0.33355779054413726,-0.509730964189607,0.01992391124584236,0.8601031228329551,0.1405
1,1785175500.7694402,6767,102.91,-218.25,-1832.0,-0.6254198008761374,0.6784733534456464,-0.38538809184544304,-0.5919006660020709,-0.7343441061978464,-0.3322534202665053,-0.508432566087537,0.02031360028909171,0.8608621744419587,0.12250000000000001
1,1785175500.82928,6770,102.91,-218.25,-1831.93,-0.6267644943775051,0.678632439569038,-0.3829155005380247,-0.592127602196823,-0.7342424307127193,-0.3320737202154339,-0.506508806739183,0.018602819830693326,0.8620340850511631,0.1252
1,1785175500.8891196,6773,102.88,-218.25,-1831.76,-0.6270536410811365,0.6785168345047565,-0.3826468822563879,-0.5924118409227865,-0.7343413639867399,-0.33134720743137325,-0.5058180917497556,0.018912071058962213,0.862432833110438,0.1255
1,1785175500.9489598,6776,102.85000000000001,-218.26,-1831.58,-0.6270817835346285,0.6783314044893581,-0.38292942227324867,-0.592287290505946,-0.7345074362783632,-0.3312017384569582,-0.5059290486463043,0.019113653111870764,0.8623633027909783,0.1245
1,1785175500.993841,6779,102.8,-218.26,-1831.2,-0.6271538922698161,0.6784545093419952,-0.3825930921544874,-0.5933752758628145,-0.7343611395369318,-0.32957472405017263,-0.5045629568305111,0.020327210618559813,0.8631355786334614,0.1273
1,1785175501.05368,6782,102.66,-218.3,-1830.69,-0.6281152123932084,0.6779638616303953,-0.3818851689754876,-0.5936155479686556,-0.734807090801266,-0.3281449687532215,-0.5030823602255474,0.020580127098294227,0.8639934011313457,0.1288
1,1785175501.1140304,6785,102.5,-218.33,-1829.8700000000001,-0.6279119867327908,0.6774748172625032,-0.3830853806821883,-0.595028109360093,-0.735154133122874,-0.3247921637350696,-0.5016653127221697,0.024005676984684608,0.8647286519387885,0.1318
1,1785175501.1738925,6791,102.32000000000001,-218.26,-1827.81,-0.6354277660459491,0.6757330359481001,-0.3736528044404568,-0.5994060796058546,-0.7367192206258701,-0.3129810564426391,-0.4867688423362722,0.025092909133339968,0.873170338503222,0.1247
1,1785175501.2337215,6794,102.01,-218.29,-1826.63,-0.6352878856767222,0.6742558765664058,-0.376547892343149,-0.5997097585897757,-0.7379215923314207,-0.3095479430124731,-0.48657733996209984,0.02916738738262616,0.8731504771508052,0.1265
1,1785175501.2785895,6797,101.61,-218.39000000000001,-1825.32,-0.6277429548750022,0.6737661559546864,-0.389843493847013,-0.5971983807938571,-0.738081339805459,-0.3139904931812009,-0.49929237585005853,0.035708583296229876,0.8656974185574196,0.1213
1,1785175501.3384302,6800,101.27,-218.37,-1823.76,-0.6209537251280057,0.6733872999689385,-0.4012057022154546,-0.5970747181727285,-0.7379638779454962,-0.31450134461811374,-0.5078565271497552,0.04425900008119983,0.8603039513702133,0.1232
1,1785175501.3982697,6803,100.92,-218.47,-1822.1200000000001,-0.6089222940502217,0.672554355353843,-0.4205761273576898,-0.5938794306351654,-0.7380234787358454,-0.3203569364054616,-0.5258525094330795,0.0546990304230129,0.8488151473634972,0.1337
1,1785175501.4431493,6806,100.78,-218.5,-1820.08,-0.5979206842136352,0.6713720191431986,-0.4378932144953636,-0.5935522845741366,-0.7379974064955376,-0.3210226058748559,-0.5386896517163858,0.06796646171049747,0.839758310001297,0.1359
1,1785175501.5029895,6809,100.81,-218.59,-1817.94,-0.5861064245098839,0.6701536800129008,-0.45538259114002894,-0.593735160117132,-0.7376795547375272,-0.32141473855896446,-0.5513236969230723,0.08199341246350578,0.8302525287667999,0.1396
1,1785175501.5628297,6812,101.10000000000001,-218.41,-1815.8,-0.5757608550791642,0.6698902246340592,-0.4687712925278588,-0.5947352731657077,-0.7365699867653461,-0.3221096233411988,-0.561060952670047,0.09333671054964193,0.8224955111444389,0.14850000000000002
1,1785175501.6226692,6818,101.79,-217.21,-1811.66,-0.5574330924643612,0.6671561788471946,-0.4941366010038407,-0.601660313267058,-0.7347487978247447,-0.3132875221493476,-0.572077979706442,0.12266554985448212,0.8109746901191758,0.1751
1,1785175501.6830144,6821,102.25,-216.45000000000002,-1809.71,-0.5492235983454515,0.6669059741811737,-0.5035770652263006,-0.6052079640412604,-0.7329636799386519,-0.3106244744894099,-0.5762610166248509,0.13416655877024383,0.8061777565935716,0.1572
1,1785175501.727894,6824,102.93,-215.69,-1808.08,-0.5435113901292622,0.6673617472665255,-0.5091401251965191,-0.6096631498780745,-0.73077407680874,-0.3070506348227899,-0.5769802531114054,0.14351845508402003,0.8040498993033918,0.16090000000000002
1,1785175501.7882388,6827,103.37,-214.93,-1806.57,-0.5365641658332457,0.6655677966650949,-0.5187662325036623,-0.6120522941565106,-0.7301624692633124,-0.30373468306575435,-0.5809396570741449,0.15453891588099458,0.7991413131085775,0.1605
1,1785175501.8480785,6830,103.7,-214.18,-1805.39,-0.5251007547050537,0.6594568988315934,-0.5379459043357432,-0.613163307643034,-0.7315045649193183,-0.29821440217141243,-0.5901694295441242,0.1732560823914024,0.7884683724449235,0.1777
1,1785175501.8934648,6833,103.92,-213.48000000000002,-1804.23,-0.512287476919872,0.6516394885859162,-0.5593992473239104,-0.6120646305096703,-0.7339456796435458,-0.29444970268559356,-0.6024437144415505,0.19154559835208773,0.7748366632276819,0.2152
1,1785175501.953305,6836,104.19,-212.74,-1803.33,-0.4989760790557836,0.6427931359668948,-0.5812399305656502,-0.611437570324591,-0.7364272908121596,-0.2895150133285386,-0.6141392107052581,0.21093086474223793,0.7604874753560472,0.1806
1,1785175502.0131447,6839,104.44,-211.95000000000002,-1802.68,-0.49400671103051874,0.631184787071874,-0.5979658301490499,-0.6130536261101648,-0.7405527636160346,-0.275221466847758,-0.6165408510147463,0.230623868820394,0.7527881575585033,0.20650000000000002
1,1785175502.0729852,6845,103.85000000000001,-211.32,-1802.57,-0.4557761674450365,0.5943086348433296,-0.6626200508132636,-0.5984909762306059,-0.755650953038982,-0.26608304820453094,-0.6588449260331678,0.27529780914844976,0.7000960503519594,0.22690000000000002
1,1785175502.1328268,6848,103.66,-210.99,-1802.6200000000001,-0.4464581868209233,0.5788502361171448,-0.682354373890649,-0.5944231238195119,-0.7618554106569199,-0.25736643744169385,-0.6688319948157587,0.2907038654712075,0.6842185508380136,0.2591
1,1785175502.177706,6851,103.83,-210.77,-1802.73,-0.4406803275392272,0.5741676712484839,-0.6900234301913322,-0.5932906245921129,-0.7631571765025774,-0.25611981321973964,-0.6736520494224151,0.29651746870244716,0.6769566508006796,0.2406
1,1785175502.237545,6854,104.08,-210.61,-1802.81,-0.4396926796484939,0.5744531586580701,-0.6904157558828544,-0.5926397906380406,-0.7631754057306099,-0.25756820192022617,-0.6748691917816566,0.2959169961250708,0.6760064388659982,0.2422
1,1785175502.2973852,6857,104.26,-210.46,-1802.72,-0.43721337669915367,0.5738039373160523,-0.6925268982183436,-0.5927027134653605,-0.7629837858916534,-0.25799076711626395,-0.6764229125969364,0.297665557273655,0.6736818680407256,0.2349
1,1785175502.3422651,6860,104.35000000000001,-210.39000000000001,-1802.68,-0.43746166190576713,0.5740174687929275,-0.6921930654688796,-0.5932236768608284,-0.7627155343939871,-0.2575862628437586,-0.6758054184263127,0.2979412007672905,0.6741795586570254,0.2295
1,1785175502.4021046,6863,104.38,-210.37,-1802.63,-0.43800161478654726,0.5740245434793565,-0.6918456539776002,-0.59337581870097,-0.7627343713534398,-0.25717973586001386,-0.6753219404294004,0.2978793417466028,0.6746911697475224,0.24480000000000002
1,1785175502.4619448,6866,104.39,-210.37,-1802.67,-0.4382773675048761,0.5737610429791583,-0.691889597184742,-0.5947024701561613,-0.7622898403166676,-0.25542742871537855,-0.6739747184599405,0.29952039147520193,0.6753114940287823,0.25630000000000003
1,1785175502.521788,6872,104.47,-210.33,-1802.69,-0.4373723275682881,0.5735728004011609,-0.6926179969633107,-0.59390703627214,-0.7625639194151231,-0.25645799085364646,-0.675262822420975,0.29918307346207984,0.6741732783267538,0.24930000000000002
1,1785175502.5816245,6875,104.49000000000001,-210.3,-1802.72,-0.43713400662904367,0.5727834737918651,-0.6934211940800216,-0.5939414508225372,-0.7628012288299506,-0.25567134819986537,-0.6753868619119405,0.30008894922412777,0.6736462048511073,0.2513
1,1785175502.6265047,6878,104.32000000000001,-210.26,-1802.71,-0.43196878562451935,0.5672154552924631,-0.7011915540873563,-0.5921984922297627,-0.764771030180056,-0.25382320066954406,-0.6802234295045076,0.3056008813382249,0.6662613505813064,0.2702
1,1785175502.6863446,6881,104.09,-210.25,-1802.76,-0.4272063519524303,0.5600634276720342,-0.7098053887057695,-0.5899613811416792,-0.767569414246661,-0.2505648879520838,-0.6851571364387141,0.311714855753283,0.6583263226469159,0.2782
1,1785175502.7461846,6884,104.02,-210.23000000000002,-1802.89,-0.42433260924825517,0.5563598689335495,-0.7144267163039264,-0.5884501753802172,-0.769098665356022,-0.24942661053419515,-0.6882355903493796,0.31456468204143484,0.6537437058883333,0.271
1,1785175502.8061004,6887,104.02,-210.23000000000002,-1802.96,-0.42411966656352573,0.554700748821235,-0.7158418733849011,-0.5880045868795221,-0.76984591323568,-0.24816904658511382,-0.6887474967233538,0.3156649317416854,0.6526733766792014,0.2758
1,1785175502.8659415,6893,104.04,-210.16,-1803.1200000000001,-0.42372059415495933,0.5514038648574994,-0.718619952345592,-0.5876288556691495,-0.7710895257811348,-0.24518007915732207,-0.6893135615044392,0.3183939714423584,0.650747334128407,0.2737
1,1785175502.926286,6896,103.96000000000001,-210.11,-1803.0900000000001,-0.42126788206331517,0.5476954123225833,-0.7228852653517598,-0.586314887024154,-0.7725704171747222,-0.2436591959281021,-0.6919307948022999,0.32119259927226074,0.64658107718753,0.2803
1,1785175502.9861784,6899,104.05,-210.16,-1803.18,-0.4210306732554075,0.5464393535553145,-0.7239732074214821,-0.5867669073094081,-0.7727445527821817,-0.24201333151712648,-0.6916919608211815,0.3229084839881358,0.6459816888301347,0.29400000000000004
1,1785175503.0459895,6902,104.13,-210.11,-1803.13,-0.42092532414687384,0.5459552577631261,-0.7243995637855173,-0.5871283124931026,-0.7727206535676645,-0.24121180779340606,-0.6914493590718347,0.32378333507263746,0.6458034807651545,0.2962
1,1785175503.105831,6905,104.26,-210.04,-1803.04,-0.4195875990702194,0.5453870137719993,-0.7256026818551252,-0.5871430204392346,-0.7726941969310597,-0.24126075432725752,-0.692249463889992,0.3248025296051832,0.6444330814802207,0.268
1,1785175503.1656742,6911,104.51,-209.8,-1802.91,-0.41990027951390685,0.5442090514207087,-0.7263059022312262,-0.5874871566554561,-0.7729711176431356,-0.2395297310448318,-0.6917677327174423,0.32611678834628294,0.6442866165998447,0.28450000000000003
1,1785175503.22551,6914,104.68,-209.62,-1802.79,-0.41994002822611787,0.5430772545276251,-0.7271296090162912,-0.5885414091793622,-0.7728496328083309,-0.23732352337937135,-0.6908468588439973,0.3282842376398317,0.6441739492890228,0.3174
1,1785175503.285352,6917,104.86,-209.43,-1802.7,-0.418753441504832,0.5416807960792338,-0.7288535315046686,-0.5894137848624347,-0.7727031301109988,-0.23562950352365594,-0.6908233822345614,0.33092565309391264,0.6428462231998944,0.2933
1,1785175503.3451896,6920,105.09,-209.20000000000002,-1802.58,-0.4159635642458018,0.5400121666701376,-0.7316837930883479,-0.589635448609102,-0.7727023837195078,-0.23507671925933793,-0.6923180995492402,0.3336433515633335,0.6398263537821133,0.2755
1,1785175503.4050295,6923,105.31,-208.98000000000002,-1802.42,-0.41654382756570635,0.5395048508426542,-0.7317279245964012,-0.5902713672326979,-0.7726475370378542,-0.233656792185845,-0.6914267515378274,0.3345897479400456,0.64029582837253,0.2816
1,1785175503.4648705,6926,105.56,-208.71,-1802.28,-0.4150089498057767,0.5382765345463904,-0.7335025180173789,-0.5908478046947051,-0.772521530891357,-0.2326141784086298,-0.6918572419716037,0.3368513866173075,0.6386428579929811,0.2686
1,1785175503.5102546,6929,105.86,-208.43,-1802.19,-0.41726906363648,0.537682280096543,-0.732655645035318,-0.5929412481999803,-0.7720320925348316,-0.22888233719389212,-0.6886996476803112,0.3389162341441787,0.6409591106447771,0.2801
1,1785175503.5700946,6935,106.43,-207.84,-1801.8700000000001,-0.41972146652154496,0.5357195653540527,-0.7326925943653783,-0.5976213164854836,-0.7706770216010687,-0.22114631007155344,-0.6831417514858548,0.345052859244741,0.6436271216347768,0.3012
1,1785175503.63044,6938,106.78,-207.52,-1801.69,-0.42332324311734365,0.5374979599502351,-0.7293102048414994,-0.6003142301729816,-0.769326084774897,-0.21854107242518217,-0.6785427450709608,0.3453017786433538,0.6483412872687511,0.27490000000000003
1,1785175503.6753206,6941,107.07000000000001,-207.29,-1801.54,-0.42518832399483575,0.5385001403012574,-0.7274836685685727,-0.6023943381003755,-0.7682490278055539,-0.21659753622890526,-0.6755264247703959,0.34613729959561934,0.6510399521270405,0.2607
1,1785175503.7351604,6944,107.27,-207.1,-1801.42,-0.425400101063426,0.5386920216595341,-0.7272177526818158,-0.6035122190642261,-0.7676502033418933,-0.21560650906065715,-0.6743943619688707,0.3471657689195663,0.6516656914669406,0.25470000000000004
1,1785175503.7950006,6947,107.43,-206.95000000000002,-1801.3500000000001,-0.4270414650811163,0.5389713816513481,-0.7260478199555528,-0.6046078055562729,-0.7672527162627949,-0.21394548569154578,-0.6723726560188196,0.34761058549503393,0.6535150283581838,0.2776
1,1785175503.8548403,6950,107.59,-206.81,-1801.28,-0.4279006505909126,0.5389480852965189,-0.7255590910319365,-0.6056352591976337,-0.7668578899264021,-0.2124497810642342,-0.6709001162919028,0.3485167686250435,0.6545449533429076,0.2722
1,1785175503.9146807,6956,107.71000000000001,-206.69,-1801.24,-0.42790719147602,0.5382403832801723,-0.7260803848676247,-0.605932471737604,-0.7669108801828194,-0.21140847085954437,-0.6706275234264266,0.34949247726328303,0.6543040066813829,0.266
1,1785175503.9745197,6959,107.73,-206.67000000000002,-1801.24,-0.42788579834354135,0.5380553337735968,-0.7262301297616988,-0.6057627704152169,-0.7670499318951861,-0.21139032134530586,-0.6707944614818996,0.34947225895251505,0.654143662101709,0.2636
1,1785175504.0343602,6962,107.73,-206.68,-1801.23,-0.4282683106387378,0.5377998627474114,-0.7261938871482649,-0.6064481593748599,-0.7668242957543957,-0.21024064647831414,-0.6699305069135798,0.3503595397154763,0.6545542825746948,0.2632
1,1785175504.0942,6965,107.75,-206.67000000000002,-1801.22,-0.42825884159869043,0.5379741901292574,-0.7260703377409915,-0.6062927830684,-0.7668535579595954,-0.21058176997044084,-0.6700771789814379,0.3500277009030559,0.6545816853600466,0.2548
1,1785175504.15404,6968,107.76,-206.67000000000002,-1801.21,-0.42768039530047564,0.5378512388097335,-0.7265022535315797,-0.605910943168555,-0.7670009080940597,-0.2111434013448674,-0.6707916281709401,0.3498937722991403,0.6539212029610726,0.2597
1,1785175504.2138796,6971,107.76,-206.66,-1801.18,-0.42803702106026126,0.5374976908595243,-0.7265538802611521,-0.6063490136182027,-0.7669285876241672,-0.21014617571831387,-0.6701680254130973,0.35059488559515406,0.6541850226873364,0.2667
1,1785175504.2587597,6974,107.77,-206.66,-1801.19,-0.42839594975798123,0.5376783034788214,-0.7262086147926734,-0.6066453092525965,-0.7667756061079566,-0.20984908539137634,-0.6696703509882892,0.35065255146071866,0.654663584722191,0.2632
1,1785175504.3185997,6980,107.78,-206.67000000000002,-1801.16,-0.4286978701436253,0.5377500055284431,-0.725977318990393,-0.6063695127025622,-0.7669448584623023,-0.21002761281102164,-0.6697269221101811,0.3501721228658821,0.6548628361484753,0.2777
1,1785175504.3784394,6983,107.77,-206.67000000000002,-1801.16,-0.4286978701436253,0.5377500055284431,-0.725977318990393,-0.6063695127025622,-0.7669448584623023,-0.21002761281102164,-0.6697269221101811,0.3501721228658821,0.6548628361484753,0.2617
1,1785175504.4382808,6986,107.78,-206.68,-1801.17,-0.4277184029207501,0.5371531826638062,-0.7269961665353306,-0.6065330423171332,-0.7668835619486749,-0.209779100461498,-0.6702049211848904,0.35122081482602385,0.6538113664142727,0.2624
1,1785175504.4986572,6989,107.78,-206.68,-1801.14,-0.4297049764057255,0.5378231794711279,-0.7253274163270831,-0.606671386141646,-0.7669180046130197,-0.20925248729073226,-0.6688074928476271,0.3501185539555867,0.6558304168662202,0.2762
1,1785175504.558467,6992,107.78,-206.68,-1801.14,-0.4281647329369502,0.5373760439767411,-0.7265686126092551,-0.6065462293458306,-0.766879821790094,-0.2097546438044906,-0.669907928849469,0.35088791129234037,0.6542943073063632,0.265
1,1785175504.6183043,6998,107.79,-206.69,-1801.15,-0.42929000443833915,0.5376119119059327,-0.7257296495708154,-0.6069828503058031,-0.7667530103197262,-0.20895368051384292,-0.6687913811675311,0.3508037248127302,0.6554806138502806,0.274
1,1785175504.6781442,7001,107.79,-206.69,-1801.13,-0.4297404036593535,0.5377472629293728,-0.7253627138712494,-0.6070732604094585,-0.7667346326837181,-0.20875837597374045,-0.6684199592759972,0.35063639893104614,0.6559488347319039,0.2701
1,1785175504.7238958,7004,107.79,-206.70000000000002,-1801.15,-0.42874779243875066,0.5374122680022287,-0.7261978963613145,-0.607004565927907,-0.7667171898373005,-0.20902202695090724,-0.6691194119300165,0.35118770623228435,0.6549400030306102,0.26880000000000004
1,1785175504.7827375,7007,107.8,-206.73000000000002,-1801.13,-0.429049563926697,0.5374840016110153,-0.725966541726629,-0.6067288196431863,-0.7668867327561695,-0.2092005701162245,-0.669176068840404,0.3507074095806609,0.6551394521447519,0.26
1,1785175504.8425777,7010,107.81,-206.75,-1801.1000000000001,-0.42869082989146684,0.5373033255446487,-0.7263121289952598,-0.606432840772289,-0.7670396920877559,-0.20949778136002373,-0.6696740864030929,0.35064974992231485,0.6546612642272346,0.25470000000000004
1,1785175504.902418,7013,107.83,-206.77,-1801.13,-0.429182048105752,0.5372753825801032,-0.726042652229988,-0.6070031061535237,-0.7668228845167734,-0.20863818658469258,-0.6688422823833178,0.351166380872057,0.655234442197215,0.2702
1,1785175504.9622579,7016,107.83,-206.79,-1801.1200000000001,-0.42897721708778536,0.537071122578897,-0.7263147778418545,-0.6071511300112322,-0.7667728723204948,-0.20839114088526364,-0.6688393323853665,0.35158778642783006,0.655011431876632,0.2622
1,1785175505.007472,7019,107.84,-206.8,-1801.1100000000001,-0.4298113949011806,0.537516605097219,-0.7254916016452992,-0.6066985498535991,-0.7670081879388696,-0.20884278594261216,-0.6687144640417473,0.35039169350812527,0.655779403993345,0.27090000000000003
1,1785175505.0673125,7025,107.86,-206.85,-1801.1000000000001,-0.42947895093649524,0.5374341044658633,-0.7257495532616351,-0.6066498353374297,-0.7670073140467184,-0.20898745771913688,-0.6689722027016943,0.3505201328822841,0.6554478075763386,0.27090000000000003
1,1785175505.1271522,7028,107.88,-206.87,-1801.1100000000001,-0.42982097576795497,0.5373424639517355,-0.725614915243727,-0.6068534647766316,-0.7669784969385824,-0.20850145688323254,-0.6685677236290133,0.35072362576266647,0.6557515819679038,0.27340000000000003
1,1785175505.1869924,7031,107.89,-206.87,-1801.1100000000001,-0.42959701611540835,0.5374868751951984,-0.7256405878516159,-0.6066915581121478,-0.7669880704453108,-0.20893695965537856,-0.6688585478710666,0.3504813244489357,0.6555845362364247,0.2778
1,1785175505.2468328,7034,107.89,-206.88,-1801.0900000000001,-0.42827591506989243,0.5369818759764149,-0.7267944726288832,-0.606651465311461,-0.7669550764333779,-0.20917435399333453,-0.6697415473199372,0.35132659393493354,0.6542292290837934,0.2596
1,1785175505.3066728,7037,107.9,-206.89000000000001,-1801.1200000000001,-0.42869082989146684,0.5373033255446487,-0.7263121289952598,-0.606432840772289,-0.7670396920877559,-0.20949778136002373,-0.6696740864030929,0.35064974992231485,0.6546612642272346,0.26080000000000003
1,1785175505.3665118,7043,107.91,-206.9,-1801.1100000000001,-0.43049997504640425,0.5372464172087198,-0.7252834333427447,-0.6071825750090589,-0.7669355154077703,-0.2076998695512023,-0.6678316345385369,0.35096467400952475,0.6563723832604278,0.28
1,1785175505.426352,7046,107.91,-206.9,-1801.08,-0.4290330881239216,0.5372116042774603,-0.7261778718223852,-0.6066368709096545,-0.7670108910126946,-0.20901196119087426,-0.6692699874847179,0.3508532247216059,0.6549654178310911,0.26940000000000003
1,1785175505.486192,7049,107.92,-206.9,-1801.06,-0.42843932154134906,0.536893314098011,-0.7267635908836126,-0.6073434704245919,-0.7666415479101268,-0.2083138160338328,-0.6690094593425427,0.3521452914562668,0.654538033284071,0.2525
1,1785175505.5460317,7052,107.92,-206.92000000000002,-1801.1100000000001,-0.42871002774369393,0.5369545182837253,-0.7265587088506293,-0.6067432147661538,-0.7669803137884689,-0.20881539597494914,-0.6693805968559547,0.3513133125226459,0.6546056622098004,0.2564
1,1785175505.5909126,7055,107.93,-206.91,-1801.0900000000001,-0.4300401011067373,0.5372851645346673,-0.725527506998227,-0.6069377880900058,-0.7669837254780029,-0.2082366111909588,-0.668350232160144,0.35079996696527593,0.6559324281880283,0.276
1,1785175505.6507516,7058,107.93,-206.92000000000002,-1801.08,-0.4283215060058135,0.5367308051897711,-0.7269530454253917,-0.6072088486631743,-0.7667412059935084,-0.2083394757043478,-0.669207069297728,0.3521760437507925,0.6543194423291927,0.26330000000000003
1,1785175505.7105916,7061,107.81,-206.89000000000001,-1801.17,-0.42594418717436694,0.5325934959075577,-0.7313793253362678,-0.6051874196660595,-0.7686279505300696,-0.20726615918157373,-0.6725472001951271,0.354337750996011,0.6497114911472508,0.2686
1,1785175505.7554722,7064,107.23,-206.81,-1801.24,-0.4177119941350552,0.5138306673229242,-0.7493295238239278,-0.6000358816959521,-0.7752991813447832,-0.19714999387134396,-0.6822562792917903,0.36727268442478533,0.6321686046003352,0.29250000000000004
1,1785175505.8153117,7070,107.09,-206.69,-1801.43,-0.41039924623860363,0.5042726306934389,-0.7597904794219946,-0.5972901408926239,-0.778235959751868,-0.19388986188441712,-0.6890696236805505,0.37424310933216565,0.6205845219131212,0.2876
1,1785175505.8751523,7073,106.60000000000001,-206.20000000000002,-1801.5900000000001,-0.40908167594111733,0.4775925021484213,-0.7775330117112821,-0.5970688966798462,-0.7844620532510829,-0.16771410085799618,-0.6900441399118737,0.3956320119766665,0.6060646797764883,0.2937
1,1785175505.934992,7076,106.38,-206.20000000000002,-1801.72,-0.40068011650950847,0.46960280119345776,-0.7867201874524287,-0.5920099716364932,-0.7880386586331151,-0.16887648143740888,-0.6992707899783069,0.398080747601512,0.5937609625700698,0.3088
1,1785175505.9948318,7079,106.29,-206.23000000000002,-1801.94,-0.39611331466711375,0.46565345218830445,-0.7913666055682073,-0.5892360369580787,-0.7899051052436956,-0.1698552838739023,-0.7041982211660078,0.3990197829369625,0.5872717242738402,0.31010000000000004
1,1785175506.0402193,7082,105.42,-206.20000000000002,-1802.31,-0.37362349904917225,0.43641221623775334,-0.8185046478039729,-0.5783954013498906,-0.7994608587197031,-0.16223777326028035,-0.7251649747854294,0.4128034797498775,0.551116182352542,0.32530000000000003
1,1785175506.1005695,7085,105.36,-206.22,-1802.28,-0.3699116114631003,0.4350770741215887,-0.8208978860239378,-0.5780626837793518,-0.7994957931716921,-0.16324830878934204,-0.7273300030430379,0.4141429901309026,0.5472445983277037,0.34440000000000004
1,1785175506.1604035,7088,105.36,-206.21,-1802.33,-0.36904100783474636,0.43501827377339575,-0.8213207875242959,-0.5777642510953437,-0.7995786402860353,-0.16389773688056686,-0.7280090691004826,0.41404480371277425,0.5464153144137698,0.3443
1,1785175506.2052824,7091,105.35000000000001,-206.23000000000002,-1802.29,-0.36846784250199494,0.43506883217918074,-0.8215513132532678,-0.5771706276525828,-0.7998406138914373,-0.16470901294371335,-0.7287698646466172,0.41348531247918907,0.5458244962869828,0.33380000000000004
1,1785175506.265123,7097,105.31,-206.39000000000001,-1802.13,-0.3694642864250251,0.439933662450324,-0.8185074915353502,-0.5778245465454387,-0.7985969863052549,-0.16840916505262618,-0.7277464767802077,0.4107325481468554,0.5492575347018792,0.3246
1,1785175506.3249638,7100,105.34,-206.41,-1802.26,-0.368074813877996,0.4403877755074381,-0.8188892101940828,-0.57699764036546,-0.7988069576868929,-0.17023856015515834,-0.7291053794900774,0.409836615658753,0.5481234295886372,0.3407
1,1785175506.3848028,7103,104.27,-206.26,-1802.95,-0.3328171102089559,0.40148719871176475,-0.8532530693895801,-0.5659979561725267,-0.8087734905652346,-0.15978659069974774,-0.7542407339574563,0.4297597820056061,0.4964145898438236,0.3608
1,1785175506.4446428,7106,103.06,-206.05,-1804.1100000000001,-0.2774695539960239,0.355524265439215,-0.8925318724220181,-0.5591317888852488,-0.8152287758706795,-0.15090952803045468,-0.7812696648809736,0.45717014302806325,0.4249860833727042,0.39880000000000004
1,1785175506.4895234,7109,102.61,-206.12,-1804.72,-0.24385072448714692,0.33818089577796745,-0.9089392201340556,-0.548222173404836,-0.8211850547832482,-0.1584536348207628,-0.7999932954433876,0.4596616011061238,0.3856448362343042,0.41140000000000004
1,1785175506.5493553,7112,102.54,-206.09,-1804.78,-0.2445879274788808,0.3355826562642911,-0.9097038125380087,-0.5493097773832094,-0.8210797076115891,-0.15519949168626912,-0.7990215980828019,0.4617492767325901,0.38516501818588794,0.4505
1,1785175506.6097019,7115,102.54,-206.11,-1804.83,-0.24474369613173802,0.3361213804170359,-0.9094629958554233,-0.5483400633188743,-0.8215623193413656,-0.1560721961077274,-0.799639730230576,0.46049731059473337,0.385381017658874,0.431
1,1785175506.654582,7118,102.56,-206.08,-1804.74,-0.24438812446414718,0.33632065899417496,-0.9094849415766159,-0.549167099772698,-0.8210161085040295,-0.15603860453151702,-0.7991807937808191,0.4613252257471115,0.3853428278056263,0.4441
1,1785175506.7144222,7124,102.24000000000001,-206.17000000000002,-1804.8400000000001,-0.23561388832451557,0.33688763598317256,-0.9115880738306487,-0.5603500579544459,-0.8134711445166704,-0.1557963721952076,-0.7940364652703628,0.4741006409618193,0.3804401057466738,0.45120000000000005
1,1785175506.774262,7127,102.65,-206.97,-1804.42,-0.2499973472014274,0.3760281219651272,-0.8922467023663514,-0.562517591354907,-0.8064466155665821,-0.18225755308760003,-0.7880832987752773,0.4563405611301552,0.4131319480007475,0.4057
1,1785175506.834607,7130,105.4,-207.68,-1802.16,-0.34402241273316564,0.4803900286019775,-0.8067676245097115,-0.5748705440236329,-0.7871142985984843,-0.2235507516332451,-0.7424098848690149,0.3868804742573702,0.5469470371865713,0.3362
1,1785175506.8944468,7133,108.96000000000001,-207.89000000000001,-1799.94,-0.45317718364443826,0.57604290407886,-0.6802977384090647,-0.5965254303312489,-0.7630705961090702,-0.24875826885124144,-0.6624106363821562,0.29308332947157123,0.6894304249114955,0.22690000000000002
1,1785175506.939326,7136,111.77,-207.54,-1798.42,-0.5270768957220512,0.6252046619431516,-0.5755945419134507,-0.6138877647480792,-0.7484772791375521,-0.25084571933252836,-0.5876493497729854,0.22113546368548892,0.7783105732366682,0.186
1,1785175506.9991667,7139,113.0,-206.39000000000001,-1797.21,-0.5629396118855337,0.6436677909802032,-0.5184503527097174,-0.6264361027920468,-0.7414830686583078,-0.24037609700586196,-0.5391445098383895,0.18945879168759805,0.8206269333646065,0.14880000000000002
1,1785175507.0590072,7142,113.03,-205.0,-1796.19,-0.579702131545903,0.6458521603173004,-0.49681025119718797,-0.6357717341323452,-0.7398677606949097,-0.21997726874077383,-0.5096466822804671,0.18833662335768966,0.8395174658949845,0.13920000000000002
1,1785175507.1038876,7145,112.54,-203.63,-1795.26,-0.5916700747662824,0.6458232565223744,-0.48253377494316074,-0.6421260356362811,-0.7394270437853041,-0.20229137716907086,-0.4874429987025099,0.1901577457106629,0.8521967817130873,0.12480000000000001
1,1785175507.1637268,7151,111.19,-200.71,-1792.6000000000001,-0.6202285793455152,0.6466624382574336,-0.4440092344872962,-0.6580823037912996,-0.7370036677619364,-0.15412097567232416,-0.42690068025218664,0.1966043861474209,0.8826678449721707,0.12480000000000001
1,1785175507.2235658,7154,110.44,-199.36,-1791.21,-0.6354316395757699,0.6519834084769703,-0.41369586231530153,-0.6656079433849207,-0.7340752237119824,-0.13453487144639975,-0.39139838672246124,0.18987153815923788,0.900419958612702,0.1053
1,1785175507.283406,7157,109.62,-198.05,-1789.9,-0.6478036008171713,0.6603147272373977,-0.37991440583598335,-0.6731395001692148,-0.7296506686343358,-0.1203873542919131,-0.35669834325413824,0.17774803164836417,0.9171542559269324,0.1144
1,1785175507.3432462,7160,108.56,-196.58,-1788.47,-0.6627458420780395,0.6612426236401016,-0.351462859332,-0.6776384391737561,-0.7293196158975576,-0.09433474238685775,-0.3187069101265704,0.17564478514488888,0.9314369623806971,0.1017
1,1785175507.3881264,7163,107.56,-195.13,-1787.08,-0.6701824867769416,0.666777089283427,-0.3259812074709142,-0.6875932728541461,-0.7231343923862484,-0.06551443866732785,-0.27941174911445366,0.1802358559080071,0.9431034464479015,0.1183
1,1785175507.4479997,7166,106.2,-193.98000000000002,-1785.83,-0.6650440743508267,0.6782899712318088,-0.31247254934986607,-0.7032750606997017,-0.7095851574846012,-0.043509691740862305,-0.25123807069925386,0.19081828844192594,0.9489298249224812,0.0844
1,1785175507.507808,7169,105.12,-193.02,-1784.52,-0.654255307816578,0.6940587472268084,-0.3003871628278874,-0.7218087223086557,-0.6916090415110666,-0.02586700793074909,-0.2257037008845456,0.1998984469626935,0.9534665438854802,0.1178
1,1785175507.5527184,7172,103.72,-192.34,-1783.39,-0.649121229589572,0.697287494918118,-0.3040259507458827,-0.7290786708495967,-0.68430967161178,-0.012828291030514829,-0.21699290543312238,0.21333172002633236,0.9525773754516212,0.1189
1,1785175507.6125476,7178,100.09,-191.38,-1781.54,-0.6374851662010547,0.6804011474878208,-0.36147882561897127,-0.727177831909208,-0.686382752086973,-0.009545596751212762,-0.2546076661324976,0.256774212363255,0.932331454050432,0.0971
1,1785175507.6723988,7181,98.37,-191.39000000000001,-1780.82,-0.62464536561582,0.6747317476224635,-0.39313513702671654,-0.7250498678154225,-0.6880882021680299,-0.028936399534275348,-0.29003595707345886,0.26696759126812597,0.9190252710437171,0.1106
1,1785175507.7322295,7184,96.87,-191.38,-1780.22,-0.6106690985501476,0.6705169487884571,-0.4212959452254057,-0.72356885902783,-0.6886370914545534,-0.04719176324506005,-0.3217628914606451,0.27601807487994506,0.9056945754604332,0.0882
1,1785175507.7920496,7187,95.47,-191.4,-1779.89,-0.5937375406810842,0.6662293318517999,-0.4512363129960642,-0.7204939749042869,-0.6898654852885683,-0.0705269050376448,-0.3582794508656596,0.28323857362278965,0.8896132561397279,0.1032
1,1785175507.8376036,7190,94.11,-191.37,-1779.45,-0.5735063465123292,0.6625092372272784,-0.48184227823906217,-0.7175051998955035,-0.6900703360932059,-0.09481149385556177,-0.3953185533629728,0.29134934671754376,0.8711135399787258,0.1232
1,1785175507.8974435,7193,93.13,-191.32,-1779.15,-0.5606658234149652,0.6620942978781486,-0.49727756351122543,-0.7125313865437979,-0.6917123463008061,-0.11761400071848109,-0.42184458944544057,0.2883837212678194,0.8595824402948983,0.12480000000000001
1,1785175507.9572837,7196,92.25,-191.12,-1778.72,-0.5549556539997652,0.6576463738648967,-0.509436422957807,-0.7069518315884324,-0.6956080734617628,-0.1278613152934678,-0.43845561908527725,0.2891896524379244,0.8509559418767689,0.12250000000000001
1,1785175508.017124,7202,91.73,-190.65,-1777.66,-0.5597285764743568,0.6667310785145819,-0.4921113589633676,-0.7065776078851944,-0.6942581418426106,-0.13694420951789868,-0.432957278161745,0.271063279379609,0.8596933719988454,0.127
1,1785175508.0769641,7205,91.94,-190.48,-1777.03,-0.5686289186507597,0.6749182467795286,-0.4702621747898876,-0.7089182490998754,-0.692049927623181,-0.13602137247475754,-0.41724821026247005,0.2560317516262331,0.8719814637892072,0.1082
1,1785175508.136804,7208,92.48,-190.39000000000001,-1776.41,-0.5773176026521195,0.6855590971566407,-0.44352351682157837,-0.7119708453502537,-0.6885917878904404,-0.13761854897175643,-0.3997522996047108,0.23632620243133892,0.8856342501310162,0.1053
1,1785175508.1966438,7211,93.78,-190.38,-1775.67,-0.5870316291687574,0.7036376838396853,-0.4003596835798997,-0.7179005347208945,-0.6810285273419246,-0.14428779294847843,-0.3741826941521055,0.2027169327589885,0.9049271553942115,0.09330000000000001
1,1785175508.2569885,7214,95.65,-190.68,-1774.97,-0.6007037187211938,0.7194176450926012,-0.3487023003135265,-0.7253139609244149,-0.6738678971482206,-0.14078961354152233,-0.3362658180705629,0.1683458022121466,0.9265986134647967,0.11220000000000001
1,1785175508.3168616,7220,98.75,-190.73,-1774.28,-0.6207156253097426,0.7352288972208155,-0.2723060432450933,-0.7386770306437515,-0.6648201114978355,-0.111222586498138,-0.2628085936488101,0.1321086221238758,0.9557609298694236,0.1241
1,1785175508.3766687,7223,99.69,-190.64000000000001,-1774.19,-0.6260482601177573,0.737035649647565,-0.2546409769697737,-0.7406845695248563,-0.664164214996118,-0.10135217800505852,-0.24382359293412822,0.1251572877110336,0.961709784114475,0.11280000000000001
1,1785175508.4365084,7226,100.26,-190.59,-1773.98,-0.6261611837808438,0.7400572222885676,-0.2454332488981519,-0.7438825500825049,-0.6613355081243607,-0.09630211512029864,-0.23358279818711405,0.12227286466106607,0.9646182783664504,0.1134
1,1785175508.4963484,7229,100.76,-190.68,-1773.56,-0.6242513532011695,0.7433486680213972,-0.24029774401213824,-0.7468905364103788,-0.658067043208876,-0.09540593934836418,-0.22905190382776794,0.11991882418178477,0.9659993276186754,0.1442
1,1785175508.5561876,7232,101.29,-190.79,-1772.98,-0.622353742547129,0.7463698956585295,-0.2358130572980591,-0.750144089916308,-0.6547583904143547,-0.09260288627055634,-0.22351658439859898,0.11926201841608786,0.9673763008582051,0.12090000000000001
1,1785175508.6160283,7238,102.98,-192.02,-1771.8400000000001,-0.614033043325308,0.7561605778502563,-0.226240142790414,-0.7567123873696425,-0.645483765713135,-0.1036198388443379,-0.2243875765411188,0.10757271357531624,0.9685444371777924,0.1092
1,1785175508.6758685,7241,103.83,-192.87,-1771.6000000000001,-0.6115457942454047,0.7588037161172528,-0.22411751816269151,-0.7583024625332447,-0.6429473310696913,-0.10768521154911456,-0.22580769884300628,0.1040944276943205,0.9685944627480677,0.1474
1,1785175508.7207487,7244,104.52,-193.54,-1771.41,-0.6134213243030401,0.7586948681599183,-0.2193088596434456,-0.758253799137027,-0.6434369014407063,-0.1050720227208356,-0.22082901753295375,0.10183835668443755,0.9699811823552269,0.1661
1,1785175508.7805877,7247,105.19,-194.13,-1771.38,-0.6130218504936097,0.7590813959718266,-0.21908821307147905,-0.758738910774055,-0.6429393987124481,-0.10461450597635372,-0.220271369212595,0.10209977410718894,0.9700804915224662,0.1472
1,1785175508.840457,7250,105.60000000000001,-194.66,-1771.3600000000001,-0.6129065524612898,0.7592399619692768,-0.21886123023255494,-0.7591911989903464,-0.6426275681181363,-0.10324016694179848,-0.21903032056228317,0.10288094499692986,0.9702789443407098,0.1449
1,1785175508.8853433,7253,105.82000000000001,-195.02,-1771.31,-0.6131400428333974,0.7591123140781886,-0.21864990850470778,-0.7588194539276423,-0.642913437991029,-0.10418899937858236,-0.21966411681295223,0.10203335663111847,0.9702251645465462,0.131
1,1785175508.9451694,7256,105.98,-195.11,-1771.26,-0.6158714560402054,0.7584722461264005,-0.21312484953869268,-0.7585196516581519,-0.6439592136006351,-0.09982218825114701,-0.2129560698437901,0.10018175020843181,0.9719122024349022,0.12940000000000002
1,1785175509.0049884,7259,106.0,-195.14000000000001,-1771.17,-0.6179898269686589,0.7579215877213558,-0.20891012572200982,-0.7582458574082457,-0.6448105824088195,-0.09634590046718776,-0.20773009769044354,0.09886445104049273,0.973177284380385,0.12390000000000001
1,1785175509.0648277,7265,105.95,-195.19,-1771.2,-0.6182214760543577,0.7579644889457134,-0.2080673930303225,-0.7586084957335452,-0.6446678347989788,-0.0944273952647461,-0.2057069681514443,0.09946464835739369,0.9735458011727444,0.1246
1,1785175509.124668,7268,106.02,-195.04,-1771.27,-0.6193225026747506,0.7576280978130832,-0.2060080170401462,-0.7596067821068544,-0.6445569688217793,-0.08685534249860465,-0.19858795093850376,0.10269361882517102,0.9746880764606887,0.1241
1,1785175509.169548,7271,106.01,-194.98000000000002,-1771.29,-0.6184536943950828,0.7582575971341793,-0.20630182809993186,-0.7609858184935108,-0.6433805078108927,-0.08343923669808566,-0.19599901005065018,0.10538946131989738,0.9749243301415074,0.1705
1,1785175509.2293875,7274,106.05,-194.92000000000002,-1771.32,-0.6145578601225773,0.7609849291106253,-0.20789558491717677,-0.763649770382424,-0.6399848889245743,-0.08519606882404349,-0.1978829572156975,0.10640150193816182,0.974433710228086,0.1278
1,1785175509.2892315,7277,106.07000000000001,-194.91,-1771.3700000000001,-0.6114278014371161,0.763452900826641,-0.2080762164428263,-0.7662106842081374,-0.6368967691425443,-0.08534455378690808,-0.19767961714621107,0.10724818728153754,0.9743821608022961,0.1584
1,1785175509.3341079,7280,106.13,-194.81,-1771.27,-0.6105467810450571,0.7643504859248071,-0.2073667350903467,-0.7673181501103862,-0.6357297623006357,-0.08408641885793292,-0.19610070032178295,0.10777756720063804,0.9746427608829904,0.12010000000000001
1,1785175509.3939474,7283,106.16,-194.79,-1771.26,-0.6106259836429391,0.7645754831635313,-0.206301329722679,-0.7675274508884763,-0.635541122522053,-0.08360079973329555,-0.19503210051868566,0.10729311314647091,0.9749105946898967,0.1534
1,1785175509.4537868,7286,106.2,-194.75,-1771.32,-0.6095028008424714,0.7650731662882134,-0.20777243799626147,-0.7679160891304557,-0.634874339011888,-0.08508497939592032,-0.19700562382776912,0.10769226476375181,0.9744696815654582,0.1432
1,1785175509.5136273,7292,106.21000000000001,-194.67000000000002,-1771.4,-0.6073810932595104,0.7661886797525213,-0.2098645147945939,-0.7693727099468409,-0.6331419538093792,-0.08483454199496895,-0.19787329466084164,0.10993713360612152,0.9740431129649927,0.1524
1,1785175509.573468,7295,106.16,-194.6,-1771.3600000000001,-0.6070750572432037,0.7658411001696531,-0.21200774552854526,-0.7699000286827348,-0.6329120014717116,-0.08170889931577989,-0.19675827989562522,0.11362133463398269,0.9738461745103831,0.1484
1,1785175509.6183577,7298,106.15,-194.59,-1771.4,-0.6071422277545903,0.7655919455516081,-0.21271409963539462,-0.7698408778726404,-0.6330567502668885,-0.08114292142761742,-0.19678246373464095,0.1144907151171212,0.9737394611077929,0.1418
1,1785175509.6786935,7301,106.12,-194.57,-1771.3400000000001,-0.6067155140093745,0.7655676289588578,-0.21401516430069317,-0.7699764492276937,-0.6328922442829586,-0.08113984693843208,-0.19756657787959195,0.1155578323472364,0.9734545878920879,0.12890000000000001
1,1785175509.7391074,7304,106.12,-194.55,-1771.3600000000001,-0.6068193237603822,0.7653364937852691,-0.2145468703837543,-0.7699332674682478,-0.6330277549014275,-0.08048990725629032,-0.19741598708478628,0.11634394184885259,0.9733915015236216,0.1637
1,1785175509.7840202,7307,106.09,-194.52,-1771.3600000000001,-0.6064615036412841,0.7649584794433504,-0.21689391261367907,-0.7700962779644734,-0.6329917738995798,-0.07920313655864775,-0.19787917340240038,0.11899554152648252,0.9729768208083902,0.12340000000000001
1,1785175509.8443727,7310,106.07000000000001,-194.5,-1771.41,-0.6067520841244315,0.76460926248412,-0.217312181283398,-0.7701536600174231,-0.6331464766023722,-0.07738784870875241,-0.1967619078287913,0.12040853329183701,0.9730295662198979,0.1356
1,1785175509.9041722,7313,106.04,-194.5,-1771.43,-0.6066160939816108,0.7643950939377231,-0.21844233766931043,-0.770366302369596,-0.6330610743726365,-0.0759568054064895,-0.1963483503773068,0.12220399534427138,0.9728892582539946,0.1371
1,1785175509.964015,7319,106.0,-194.48000000000002,-1771.43,-0.6062326188663257,0.7641390124630574,-0.22039415022740433,-0.7700785605988396,-0.6332459348713262,-0.07732138433162782,-0.19864798596637076,0.12284606465379157,0.9723414122984688,0.1897
1,1785175510.0238738,7322,106.01,-194.46,-1771.41,-0.6063665491429898,0.7641680184985188,-0.21992464069419118,-0.7704907336916406,-0.6330075563852238,-0.07513629518764463,-0.1966307132055905,0.12388976173701667,0.9726189847833558,0.1358
1,1785175510.0687547,7325,105.99000000000001,-194.48000000000002,-1771.38,-0.6057803024003946,0.7642040075055947,-0.22141016267568997,-0.770439641262641,-0.6329007848127299,-0.07654642875094565,-0.19862775333467253,0.12421284754734346,0.9721718902073855,0.13920000000000002
1,1785175510.1285717,7328,105.99000000000001,-194.46,-1771.3600000000001,-0.6058189828856351,0.7641991118129882,-0.22132120883380055,-0.7704763998528551,-0.6328878223296338,-0.07628316732174599,-0.19836702660774597,0.12430897735519368,0.9722128372448638,0.1307
1,1785175510.1884117,7331,106.01,-194.46,-1771.43,-0.6058026634842185,0.7640794992796568,-0.221778384194619,-0.7702372118501555,-0.6330750994505085,-0.07713984662305123,-0.199343348012232,0.1240904397456874,0.97204104458968,0.1423
1,1785175510.2332926,7334,106.05,-194.31,-1771.4,-0.6054967515493046,0.7643278369738397,-0.22175806972944903,-0.7705744028618138,-0.6327123512656565,-0.07674744432255381,-0.19896927782298088,0.12441076393454119,0.972076739923256,0.1466
1,1785175510.2931328,7337,106.07000000000001,-194.06,-1771.41,-0.6052507681652051,0.7644721828530501,-0.22193194740578004,-0.7707245071578611,-0.6325152630578683,-0.07686466070378367,-0.1991362390467925,0.12452599585118125,0.9720277952073029,0.1159
1,1785175510.3529716,7340,106.03,-193.52,-1771.48,-0.6038604880662497,0.7647018287186742,-0.22490803477578591,-0.7718956987265682,-0.6313928955572824,-0.0742969832982043,-0.19882037430759905,0.12874053205617095,0.9715432744690685,0.1422
1,1785175510.4128122,7346,105.66,-192.20000000000002,-1771.78,-0.5998556668869521,0.7635620538572382,-0.23905264862144032,-0.7734418590751455,-0.6298696573334747,-0.07107675710802976,-0.20484352451076543,0.1422575294314052,0.9684017378062063,0.11620000000000001
1,1785175510.4726522,7349,105.27,-191.44,-1772.04,-0.595501434721765,0.7625000557574526,-0.2529262861274038,-0.7747498930707077,-0.6283575062642874,-0.07021002427184417,-0.21246327784171634,0.15414444294624421,0.9649346331630687,0.1355
1,1785175510.5185297,7352,104.9,-190.61,-1772.28,-0.5875046159592882,0.7616519154333256,-0.2733581642155134,-0.7759435514861214,-0.6261052473323051,-0.0768363466730298,-0.2296735316348711,0.16696879642525875,0.9588386151416028,0.1246
1,1785175510.5773716,7355,104.41,-189.84,-1772.72,-0.5766270875888836,0.7588482698493311,-0.30273834445844283,-0.7758497512781241,-0.6247250618560506,-0.08818027291082191,-0.2560436785012181,0.18403233529907378,0.9489856343822779,0.1461
1,1785175510.6372125,7358,103.7,-188.92000000000002,-1773.18,-0.5619523490909882,0.7529241472602879,-0.34251246082951264,-0.7748263927751725,-0.6241039126187486,-0.10068945979090095,-0.28957489257553787,0.2088050160468794,0.9341021608279942,0.113
1,1785175510.6970518,7361,102.97,-187.86,-1773.79,-0.5440602427650134,0.7463638372260016,-0.3833268510341441,-0.7721390604152449,-0.624145274420894,-0.11934801129105266,-0.32832868230408535,0.23104912659290702,0.9158693015256694,0.12290000000000001
1,1785175510.7568917,7364,102.21000000000001,-186.72,-1774.6000000000001,-0.5228524206355353,0.7417032327728198,-0.4201210072466139,-0.7685695624932967,-0.6233517946488966,-0.14399085983791535,-0.3686816700683987,0.2476062491181271,0.8959715238517507,0.13540000000000002
1,1785175510.8017712,7367,101.61,-185.36,-1775.49,-0.4962949563200146,0.7392943872642572,-0.45512100071396516,-0.7645499247456917,-0.620550652413714,-0.17429945599533858,-0.4112842434408007,0.26145878594623717,0.873203627081821,0.1111
1,1785175510.8616114,7373,100.99000000000001,-182.66,-1778.15,-0.4357949964060522,0.7397481870081901,-0.5126941982561776,-0.7451527612367405,-0.6160270650387439,-0.25545648858663267,-0.5048069765055848,0.2707088379751334,0.8196869167636158,0.13820000000000002
1,1785175510.9214518,7376,101.36,-181.13,-1780.02,-0.4049070956920538,0.7404253528959787,-0.5364890871649594,-0.7310978187712923,-0.6145433611300073,-0.29636537699078824,-0.5491322456804778,0.2722255573598829,0.7901563279971986,0.155
1,1785175510.9812918,7379,101.82000000000001,-179.73,-1782.3,-0.372558533327526,0.7373500309213049,-0.5634847567993241,-0.7076966620742682,-0.6185217591024575,-0.3414619568937957,-0.6003045674770279,0.271561715669113,0.7522557150657387,0.1695
1,1785175511.0411317,7382,102.43,-178.19,-1784.77,-0.33930692834139176,0.7338100689731384,-0.5885521141353305,-0.6830430387684192,-0.6223867301151866,-0.382213245932855,-0.646778954179504,0.2723188220637037,0.7124039890261028,0.2111
1,1785175511.100971,7385,102.91,-176.5,-1787.6100000000001,-0.304959235983675,0.7254812542857656,-0.6169901247736509,-0.654908558212432,-0.6301075522206894,-0.41720409036173733,-0.6914438840342481,0.2768418724008407,0.6672809999672027,0.2169
1,1785175511.1613424,7391,102.84,-173.13,-1793.44,-0.22518096063081616,0.6870042811371517,-0.6908825172694764,-0.578940508450264,-0.6646822483667285,-0.4722556472732755,-0.7836589964038777,0.2936368955110649,0.5474083950305214,0.302
1,1785175511.221182,7394,102.7,-171.78,-1796.81,-0.17545461685725094,0.673031251493059,-0.7185016436565484,-0.5226346844762221,-0.6821672908581227,-0.5113714636795144,-0.8343072959083568,0.28579139559646644,0.4714388764167727,0.2911
1,1785175511.267472,7397,102.57000000000001,-170.19,-1799.8,-0.14456705895508518,0.6621524642776091,-0.735292104891768,-0.47268687010533406,-0.6990409382835631,-0.5365714206269833,-0.8692913713451319,0.2699923714750578,0.414049068408775,0.319
1,1785175511.3263135,7400,102.56,-168.13,-1802.17,-0.13841249593495156,0.6538409861336396,-0.7438641985072588,-0.4441675104166915,-0.7123027780681492,-0.5434519068387146,-0.8851876657857899,0.25517977429292155,0.3890065283931857,0.3028
1,1785175511.3865018,7403,102.12,-166.52,-1805.21,-0.10665159882470844,0.6472408847890135,-0.7547878334510091,-0.4006200483637724,-0.7227443740611769,-0.5631555261310383,-0.9100159412434169,0.24232170109268525,0.33637951760237295,0.33230000000000004
1,1785175511.4463432,7406,101.81,-164.72,-1808.21,-0.08306348873700656,0.640109189721803,-0.7637805195686351,-0.3707286497794729,-0.7312686815345494,-0.5725437831637077,-0.9250193106479054,0.23559783666328252,0.298048543509367,0.3277
1,1785175511.5061827,7409,101.60000000000001,-162.84,-1811.06,-0.07483600734775739,0.6322355735159757,-0.7711535201146213,-0.3487531479518963,-0.7410798782113646,-0.5737350049490373,-0.9342220366689544,0.22600618064812836,0.27595360572197,0.3236
1,1785175511.5510633,7412,101.67,-161.03,-1814.0900000000001,-0.07103439269806856,0.628668973867828,-0.7744220014630194,-0.32553549374315216,-0.7484840358589279,-0.5777527934832798,-0.9428577609413941,0.21106152979712667,0.2578221737405026,0.33690000000000003
1,1785175511.610903,7418,102.27,-157.49,-1820.4,-0.06433403447189298,0.6324422500851774,-0.7719313002565498,-0.2873073283790387,-0.7525202356429666,-0.5925941224881947,-0.9556754841829253,0.1836575488648702,0.23011795600665183,0.35700000000000004
1,1785175511.670743,7421,102.48,-155.69,-1823.43,-0.069195605017231,0.6329011820975031,-0.7711342697260202,-0.27823432580396634,-0.754558000868723,-0.594329776529334,-0.9580175510869888,0.17343101517485024,0.2283069310921357,0.3771
1,1785175511.7305832,7424,102.64,-153.94,-1826.1100000000001,-0.08501715415902857,0.6351774226404534,-0.7676729285747486,-0.2821649846036699,-0.7542706714145015,-0.5928395024857301,-0.9555914424911469,0.16620889269755693,0.2433507736292229,0.3401
1,1785175511.7904224,7427,102.60000000000001,-152.74,-1829.02,-0.09196748762948687,0.6387481736761356,-0.763899700120717,-0.274178053491778,-0.7537407595598911,-0.5972447256875008,-0.9572713179671579,0.15451743592060957,0.24445037491061528,0.3578
1,1785175511.8502614,7430,102.51,-151.77,-1831.82,-0.09411634216934331,0.6417270910017039,-0.7611362918762667,-0.26172778509936345,-0.7535860295543582,-0.602998061827299,-0.9605418682408613,0.14245854391712912,0.23888257077770836,0.33990000000000004
1,1785175511.910103,7436,102.29,-150.38,-1837.01,-0.11096215972096272,0.6470998845599497,-0.7542871724433337,-0.25184809204044983,-0.75250885114735,-0.6085252398056146,-0.9613843860005449,0.12244251037689163,0.24647087861846903,0.3105
1,1785175511.9699423,7439,102.14,-149.91,-1839.6000000000001,-0.11620907792638605,0.6494629215859855,-0.7514608197986741,-0.24038396697121636,-0.7524847674631978,-0.6131738930833882,-0.9636965282860992,0.10938276016289467,0.2435660344721044,0.3559
1,1785175512.0297828,7442,102.10000000000001,-149.55,-1841.95,-0.12615059644190244,0.6553546966522955,-0.7447121917849405,-0.2351600856663288,-0.7490675616224082,-0.619352502404297,-0.9637353169448328,0.09699489523081921,0.24860858628053298,0.327
1,1785175512.0896215,7445,101.88,-149.36,-1844.39,-0.13929633964448018,0.6602158727552324,-0.7380457513756831,-0.23293942967707093,-0.7462441596107671,-0.6235855004316098,-0.9624633768946073,0.08505677873554227,0.25773938877820457,0.3569
1,1785175512.1494617,7448,101.84,-149.06,-1846.57,-0.15701581753999327,0.6631072333206297,-0.7318707742218618,-0.2364060781421204,-0.7447544062305527,-0.6240617282109506,-0.9588838299083519,0.07503113699016416,0.27370080237780453,0.3272
1,1785175512.2093024,7454,101.53,-148.70000000000002,-1851.1100000000001,-0.17845807682450207,0.6671175342635804,-0.7232613015322891,-0.23072416006299096,-0.7429384407008764,-0.62833815361808,-0.9565140233051095,0.05474183781196196,0.2865034980827309,0.332
1,1785175512.2696502,7457,101.48,-148.51,-1853.04,-0.19560742090764013,0.6752203429462098,-0.7112068794362612,-0.24111177487607569,-0.7360684597362503,-0.6325095529694494,-0.9505802695732593,0.04775679064915362,0.3067840283406603,0.3012
1,1785175512.3294902,7460,101.29,-148.35,-1854.8600000000001,-0.20382860879016854,0.6786394514173669,-0.7056219903167698,-0.2505658965028495,-0.7329091115542412,-0.6325037278233986,-0.9463987688857101,0.047882451699007636,0.31943174712433403,0.2836
1,1785175512.3893301,7463,101.12,-148.11,-1856.74,-0.2127385854187222,0.6792338994323551,-0.7024127021459381,-0.25087814166731376,-0.7327392968428635,-0.6325766996149806,-0.9443529278334433,0.04164652115295443,0.3262868599380921,0.2931
1,1785175512.4491448,7466,100.98,-147.88,-1858.64,-0.21437366733189675,0.6782564383352191,-0.7028599679961128,-0.2424052476397716,-0.7340205870265071,-0.6343922081315022,-0.9461942859008262,0.034379960414249656,0.3217676050359022,0.3039
1,1785175512.5089867,7472,100.96000000000001,-146.99,-1862.06,-0.20783395781245279,0.6744065053081151,-0.7085061125905033,-0.2176660947887906,-0.7380477688896895,-0.6386759444478466,-0.9536385673615602,0.02147920936735979,0.30018681917356793,0.30010000000000003
1,1785175512.568824,7475,101.05,-146.39000000000001,-1863.49,-0.20557307776489303,0.6731918638764129,-0.7103185370725378,-0.2067533551689404,-0.7393132134768405,-0.6408346296080863,-0.9565525389776847,0.015122393631581013,0.29116756925556836,0.29000000000000004
1,1785175512.6286643,7478,101.3,-145.8,-1864.65,-0.20460486161515226,0.6735042865315147,-0.7103019263856178,-0.2004236980428307,-0.7391046542246784,-0.6430821497804575,-0.9581060441654049,0.010783604550146927,0.2862106252510996,0.2873
1,1785175512.689087,7481,101.39,-145.1,-1865.5900000000001,-0.2026694990076785,0.6664161281959985,-0.7175058315109581,-0.19554463620719814,-0.7454963639414167,-0.6371793049061791,-0.9595245538403755,0.011167606295957387,0.28140347394274884,0.2813
1,1785175512.7489262,7484,101.66,-144.4,-1866.57,-0.20276883698242779,0.6617886095756963,-0.7217483183109334,-0.19353545631399133,-0.7496047292681914,-0.6329587482672915,-0.9599108426818237,0.011339580884150362,0.28007603968787304,0.2828
1,1785175512.8087692,7490,101.98,-143.16,-1868.63,-0.1985042645667065,0.6530503628687911,-0.730836014784282,-0.196639016100988,-0.7570495519973041,-0.6230642608652147,-0.9601714192245394,0.020029961997500297,0.2786927453786917,0.3285
1,1785175512.869117,7493,101.98,-142.72,-1869.72,-0.19531859551103994,0.6515962314533432,-0.7329890840956609,-0.20003940584925112,-0.7581405440149624,-0.6206505873905023,-0.9601223267662684,0.02540209984426796,0.278423869250516,0.3008
1,1785175512.928957,7496,101.98,-142.4,-1870.78,-0.19324289466538153,0.6517738467241427,-0.7333812353665438,-0.2044342844861257,-0.757812202511675,-0.619618664221027,-0.9596164895352675,0.03019136384494204,0.2796867436279243,0.3074
1,1785175512.989044,7499,101.93,-142.20000000000002,-1871.8600000000001,-0.19349717777398584,0.6536082585992689,-0.7316796337771976,-0.21156922943245624,-0.7560257324237024,-0.6194058064553166,-0.9580173815494473,0.034947620863740016,0.2845722411710339,0.3138
1,1785175513.0491712,7502,101.94,-142.01,-1872.79,-0.19462290486799308,0.6562560949592514,-0.729006078664354,-0.21771885297483817,-0.7535806043143126,-0.6202537979412912,-0.9564101766292875,0.03800277134774841,0.2895433705161041,0.30960000000000004
1,1785175513.109013,7508,101.96000000000001,-141.75,-1874.43,-0.19593152944840894,0.6598556665191114,-0.7253973636088198,-0.22310867962184328,-0.7503312286605452,-0.6222745088577502,-0.9548996559039095,0.03991925173867349,0.2942330717224348,0.3038
1,1785175513.1693573,7511,102.01,-141.63,-1875.02,-0.1972063156132617,0.6620299975145841,-0.723067044936417,-0.22106486871706293,-0.7485845691996305,-0.6251011650727517,-0.9551125550956551,0.036570823712949015,0.29397717930411893,0.2967
1,1785175513.215235,7514,102.08,-141.46,-1875.6000000000001,-0.19893900971185807,0.6631153893602069,-0.7215963212271294,-0.2192800746825652,-0.7477647051104294,-0.6267090191135924,-0.9551646555762383,0.03355482356940117,0.29416756203421307,0.3234
1,1785175513.2740772,7517,102.2,-141.18,-1876.19,-0.19793439637295182,0.6641003341658864,-0.7209665185660379,-0.21588308351952648,-0.7469929126168814,-0.6288052820629365,-0.9561466775461683,0.03118228120112314,0.29122361915977507,0.2891
1,1785175513.3339174,7520,102.35000000000001,-140.88,-1876.63,-0.19723696677354702,0.665123266978335,-0.7202142866272768,-0.21317874479471155,-0.7461649725548749,-0.6307080596440274,-0.9568972785548729,0.029135433002604152,0.28896145908758963,0.2919
1,1785175513.393757,7523,102.52,-140.56,-1876.8700000000001,-0.19817161939016203,0.6664717598530945,-0.7187095397910062,-0.21349445558796198,-0.7449967544314778,-0.6319809754413215,-0.9566337474192933,0.02819980859657472,0.28992523880068816,0.3007
1,1785175513.453597,7526,102.66,-140.35,-1876.96,-0.1998773928402964,0.6686448800569826,-0.7162143898337625,-0.21498054752943613,-0.7430804351812101,-0.6337308821848964,-0.9559458101876431,0.027303685181425234,0.29227062247205726,0.2998
1,1785175513.4984772,7529,102.83,-140.24,-1876.89,-0.20480827357493664,0.6735184967194608,-0.7102298259380634,-0.22043837137253364,-0.73870916302017,-0.6369581594552856,-0.9536563823001862,0.026107605152478394,0.2997630688582625,0.312
1,1785175513.5583177,7535,102.79,-140.36,-1876.78,-0.20621253911089538,0.6759419816336397,-0.7075159547166593,-0.22190112918473942,-0.7365227272484026,-0.6389789989609306,-0.9530143113196019,0.02523310745357396,0.30187251068664955,0.2707
1,1785175513.618157,7538,102.84,-140.49,-1876.57,-0.21240174611869872,0.6808289520228411,-0.7009689267957658,-0.22877922240644505,-0.732046811637555,-0.6416911507621035,-0.950023981613533,0.02407080511262775,0.3112475392680232,0.29610000000000003
1,1785175513.677998,7541,103.21000000000001,-140.64000000000001,-1876.1100000000001,-0.22322957826167253,0.6946080347845882,-0.6838773526019182,-0.24537540865080004,-0.7190314779759384,-0.6502189189105393,-0.9433766290398384,0.02265858981556248,0.33094882397283343,0.278
1,1785175513.737837,7544,103.42,-140.86,-1875.72,-0.23223580020426637,0.7055466158164182,-0.6695300635621102,-0.25609147683960465,-0.7084162035699768,-0.6576957032014207,-0.9383409234353972,0.01872045484224571,0.34520407873735365,0.2655
1,1785175513.7976768,7547,103.59,-141.11,-1875.31,-0.23764845046435396,0.7152576892856569,-0.657213551221849,-0.26351750058822665,-0.6986971634732391,-0.6651171330210821,-0.9349233877038402,0.015123216330940418,0.3545272168003214,0.2807
1,1785175513.8575168,7553,104.17,-141.86,-1874.15,-0.25246045221436825,0.7452320778982279,-0.6171651886968402,-0.28163557048717786,-0.66680507698586,-0.6899655025740369,-0.925713306323334,-0.000373332788693798,0.3782257726788992,0.25020000000000003
1,1785175513.9173565,7556,104.11,-142.3,-1873.65,-0.25134744854985264,0.7506883036199754,-0.6109758840704292,-0.28348612126868405,-0.6606548204118252,-0.6951049038200318,-0.9254512840530916,-0.0015096604858245055,0.3788636189576685,0.2651
1,1785175513.9771967,7559,103.9,-142.76,-1873.24,-0.25116439112580163,0.7544830231020744,-0.6063594779346325,-0.2830710773311571,-0.6563072730381198,-0.6993793881262479,-0.9256280104928671,-0.0040163675157503555,0.3784133388016272,0.28290000000000004
1,1785175514.0370362,7562,103.66,-143.13,-1873.08,-0.247567037272203,0.7553033696636297,-0.6068174205072149,-0.2794700492991631,-0.6553622956598358,-0.7017098780637148,-0.9276890931777666,-0.00413294111213027,0.37333077183213353,0.25520000000000004
1,1785175514.082423,7565,103.35000000000001,-143.44,-1873.05,-0.24322077819618274,0.7541689809919044,-0.6099777054641227,-0.27450190056552576,-0.6566715487952244,-0.7024465699174532,-0.9303184184135869,-0.0034095619240620345,0.3667369837471108,0.2461
1,1785175514.142264,7568,103.2,-143.61,-1873.07,-0.24133151535807154,0.7530998827545374,-0.6120454773054683,-0.2705301251348701,-0.657893784866333,-0.7028436662791822,-0.9319723982444373,-0.004041587479298029,0.3625067095670903,0.278
1,1785175514.2021031,7571,103.16,-143.65,-1873.04,-0.24255234310311108,0.7531006060165264,-0.611561802332954,-0.2710882170445364,-0.6578890220127671,-0.7026330573597422,-0.931493177342059,-0.004638095797324424,0.3637292243311911,0.274
1,1785175514.2469828,7574,103.22,-143.64000000000001,-1873.08,-0.242560912977848,0.7538787237144989,-0.6105989464664601,-0.2725015847253581,-0.6570007371946118,-0.7029174330231858,-0.9310784552429087,-0.0041111137584047995,0.36479584554397565,0.24930000000000002
1,1785175514.3068223,7580,103.33,-143.67000000000002,-1873.08,-0.24491398960492636,0.7543351864020482,-0.6090940520573035,-0.27429544438032333,-0.6564701778507082,-0.7027153867568722,-0.9299350229386992,-0.005033105248924545,0.3676894354799364,0.2627
1,1785175514.366663,7583,103.37,-143.70000000000002,-1873.13,-0.2438234436971909,0.7541068664362566,-0.6098138751269377,-0.2744588301253747,-0.6567401934556163,-0.7023992232812407,-0.9301733595786611,-0.003892594709103515,0.36709994393431494,0.2795
1,1785175514.426502,7586,103.4,-143.73,-1873.16,-0.24511940417459546,0.7543027786041653,-0.6090515543754299,-0.27510828397336196,-0.6565105442391961,-0.7023598346944299,-0.9296407423227123,-0.004606896220932748,0.36843841645638176,0.2535
1,1785175514.486343,7589,103.41,-143.73,-1873.14,-0.24435436858648052,0.7542190309857353,-0.6094625467177132,-0.2745956270931096,-0.6566088652609351,-0.7024685328483324,-0.9299936473621979,-0.004295504590311655,0.3675504924582068,0.26280000000000003
1,1785175514.5312567,7592,103.43,-143.73,-1873.16,-0.24487851474539538,0.7542684415904297,-0.6091909643427367,-0.27441051551057816,-0.6565480008351993,-0.7025977452116693,-0.9299104161118465,-0.004882685741220632,0.3677536911937725,0.2503
1,1785175514.5911028,7595,103.43,-143.73,-1873.18,-0.24520447251643088,0.7542036284351824,-0.6091400935032468,-0.274976394549864,-0.6566237194132066,-0.7023056838331325,-0.929657328857411,-0.004709348062304718,0.36839526726402405,0.2762
1,1785175514.6509438,7598,103.44,-143.74,-1873.18,-0.2453248897377627,0.7542208260240382,-0.6090703112669112,-0.27532519116711585,-0.6566049401890756,-0.7021865789290561,-0.929522316883218,-0.004571445167330385,0.36873752766044354,0.27040000000000003
1,1785175514.696342,7601,103.45,-143.74,-1873.21,-0.2448784818199924,0.7543179796178926,-0.6091296370779509,-0.27500637719095444,-0.6564938756713553,-0.7024153213806696,-0.9297343823081095,-0.004491862774352328,0.36820347842324125,0.2601
1,1785175514.7566755,7607,103.46000000000001,-143.73,-1873.13,-0.24398612238482262,0.7542039539277388,-0.6096287132045076,-0.27441867238270934,-0.6566273597723706,-0.7025203930464062,-0.9301425505433722,-0.004111724471693683,0.3671756111052848,0.25170000000000003
1,1785175514.8165162,7610,103.45,-143.74,-1873.14,-0.24436108193205333,0.7542814825383821,-0.6093825618908839,-0.2749176054918883,-0.6565383021304748,-0.7024085478026587,-0.9298967533159813,-0.004111317955825963,0.36779766888475957,0.2652
1,1785175514.8768623,7613,103.46000000000001,-143.74,-1873.18,-0.24537373467756626,0.7543629854880896,-0.6088745490295023,-0.275258346588436,-0.6564403824171605,-0.7023666186297671,-0.929529221145728,-0.004744518680399412,0.36871793633983624,0.272
1,1785175514.9367018,7616,103.46000000000001,-143.74,-1873.19,-0.2456146108483604,0.7543477195598315,-0.6087963378114969,-0.27536023497663215,-0.6564570836672141,-0.7023110694676186,-0.9294354221415397,-0.004859557389098012,0.3689528164556542,0.2612
1,1785175514.9965434,7619,103.47,-143.74,-1873.2,-0.24451034974142674,0.7543029988794747,-0.6092960485271148,-0.2748294354908151,-0.6565123202463785,-0.7024673335839302,-0.929883578872713,-0.004308044353042978,0.3678287244040725,0.2616
1,1785175515.0563822,7625,103.5,-143.73,-1873.18,-0.2456563277956204,0.754526648208568,-0.6085577259037259,-0.2761627605463927,-0.656254421182456,-0.702185349011125,-0.9291862559795891,-0.004435292732551033,0.3695852132824177,0.26480000000000004
1,1785175515.1162224,7628,103.52,-143.70000000000002,-1873.18,-0.24596825463120786,0.7545948874805435,-0.608347083088185,-0.2754391017754299,-0.6561700061485964,-0.7025483785790806,-0.9293185239339747,-0.005242024339568977,0.36924192916569176,0.2849
1,1785175515.1760623,7631,103.54,-143.68,-1873.19,-0.24511834571918262,0.7546603125494861,-0.6086089132231002,-0.2756539237022291,-0.6561006959663299,-0.7025288542829135,-0.9294793762851636,-0.004437275651723427,0.36884739343708756,0.2619
1,1785175515.2359028,7634,103.55,-143.68,-1873.21,-0.2442684959763452,0.7546756145202599,-0.6089315386165527,-0.2752730159063222,-0.6560857651834922,-0.7026921341792783,-0.9298159326379022,-0.004023129634924961,0.36800291553281017,0.2338
1,1785175515.2957408,7637,103.56,-143.68,-1873.22,-0.24507548444631477,0.7548389622972079,-0.6084045922915755,-0.27539699276402874,-0.6558933806793361,-0.702823142445922,-0.9295668363812972,-0.0046919270140907835,0.3686237682528906,0.2534
1,1785175515.355581,7643,103.57000000000001,-143.66,-1873.21,-0.24580437882060513,0.7548556803603012,-0.6080897213244139,-0.27602474837893975,-0.655872965570093,-0.702595894747923,-0.9291881110060328,-0.004853335150029545,0.36957529612105033,0.254
1,1785175515.4154215,7646,103.57000000000001,-143.66,-1873.22,-0.24516028683542226,0.7547894865416955,-0.608431807818179,-0.2758608150070669,-0.6559523138721073,-0.7025862030167298,-0.9294069315980006,-0.004403740677245719,0.36903030033540235,0.263
1,1785175515.4752617,7649,103.57000000000001,-143.67000000000002,-1873.25,-0.24516028683542226,0.7547894865416955,-0.608431807818179,-0.2758608150070669,-0.6559523138721073,-0.7025862030167298,-0.9294069315980006,-0.004403740677245719,0.36903030033540235,0.2494
1,1785175515.5351012,7652,103.58,-143.67000000000002,-1873.24,-0.2460810523907901,0.7548571478347111,-0.6079759880267361,-0.2754161508350578,-0.6558660931096217,-0.702841099942456,-0.9292954640551311,-0.005509471114875073,0.36929606850681795,0.263
1,1785175515.5799809,7655,103.57000000000001,-143.66,-1873.2,-0.2452515770732247,0.754802553162803,-0.6083788044319179,-0.27664641383685656,-0.6559402783066278,-0.7022884827520883,-0.9291493021330333,-0.003931543454867326,0.36968380720794297,0.25
1,1785175515.6398208,7658,103.57000000000001,-143.67000000000002,-1873.24,-0.2458113409509476,0.7548685370343101,-0.6080709468931871,-0.2757511088827944,-0.6558566067010682,-0.7027186047035252,-0.929267512942213,-0.00505996464814524,0.36937282811267164,0.261
1,1785175515.699662,7661,103.58,-143.66,-1873.19,-0.245726123432272,0.7549676107359165,-0.6079823837930256,-0.2758829557636447,-0.6557433407621035,-0.7027725562123717,-0.9292509171273725,-0.004957598799607856,0.3694159650476403,0.2574
1,1785175515.7445416,7664,103.58,-143.66,-1873.2,-0.24598081245026363,0.754769809106014,-0.6081249667365909,-0.27667842949838095,-0.6559744153734208,-0.7022439839726706,-0.9289469772579154,-0.004483484980472337,0.3701856450563855,0.2541
1,1785175515.804384,7670,103.59,-143.65,-1873.18,-0.24729609423977988,0.7552124183996823,-0.607041056987625,-0.2765200244670691,-0.6554532267322472,-0.7027928170058491,-0.9286448825264054,-0.005938910774585211,0.3709223793414601,0.2482
1,1785175515.8647795,7673,103.60000000000001,-143.65,-1873.19,-0.2476335495747695,0.7552732160556593,-0.6068278126733657,-0.27772894172453205,-0.6553878437837912,-0.7023769708276348,-0.9281940853364514,-0.005398456202835113,0.372057249112357,0.26330000000000003
1,1785175515.9246192,7676,103.61,-143.65,-1873.19,-0.24827668569938205,0.7553383310400682,-0.6064838769495315,-0.27789292526686094,-0.6553089360008959,-0.7023857348238222,-0.9279731727936736,-0.005848423631891199,0.37260110911840394,0.2713
1,1785175515.984459,7679,103.61,-143.65,-1873.23,-0.24778963146452218,0.7553067297719411,-0.6067223767918011,-0.2773674884550557,-0.6553457738401702,-0.7025590317247106,-0.9282605102485028,-0.005801781712913829,0.37188541843173256,0.2565
1,1785175516.029339,7682,103.61,-143.64000000000001,-1873.17,-0.24767615586921188,0.7553521915016035,-0.6067121134505019,-0.2773408500885226,-0.6552937806144375,-0.702618042723223,-0.928298752927109,-0.00575568256267119,0.3717906634548698,0.2416
1,1785175516.0891788,7685,103.62,-143.64000000000001,-1873.18,-0.2477958430904241,0.7553694628139119,-0.6066417351248821,-0.27768933749238006,-0.6552750655692012,-0.7024978436168483,-0.9281626215217615,-0.005618103906185424,0.3721324830196234,0.2634
1,1785175516.1490188,7688,103.63,-143.64000000000001,-1873.23,-0.24774685922580797,0.7554847667514383,-0.606518145606768,-0.2771112223991786,-0.6551382161891506,-0.702853674749539,-0.9283484605277161,-0.006056805678141335,0.3716617426381097,0.2565
1,1785175516.1944559,7691,103.63,-143.64000000000001,-1873.2,-0.24710347258207113,0.7554196319449803,-0.606861642806655,-0.27694704612293214,-0.6552173252657392,-0.702844641663713,-0.9285689029262525,-0.005606812260191915,0.3711177120195354,0.2645
1,1785175516.2542958,7697,104.04,-143.63,-1872.77,-0.2587808449835017,0.7652199170762838,-0.5894666680817413,-0.2917173141905856,-0.6436726516294563,-0.7075213962458912,-0.9208330374563325,-0.011135351546739605,0.389798051656078,0.2452
1,1785175516.3141398,7700,104.54,-143.68,-1872.29,-0.2681915731701937,0.7779198188360442,-0.5682552556224996,-0.304417643595649,-0.6280739564532678,-0.7161375590574836,-0.9140039268778711,-0.019075132692444405,0.4052566606048523,0.2506
1,1785175516.3744853,7703,105.18,-143.79,-1871.6200000000001,-0.2810740959743298,0.7934273728102494,-0.5398799465137031,-0.31905347603414547,-0.6078160021447655,-0.7271620087485894,-0.9050979129369056,-0.032135830659562,0.4239870945973211,0.24250000000000002
1,1785175516.4343536,7706,105.55,-143.81,-1870.75,-0.29094210482294475,0.8041837219322923,-0.5183061190265077,-0.33102089294336756,-0.5928943295474918,-0.7340990957802673,-0.8976513020522894,-0.04201018173676548,0.438699537900684,0.2417
1,1785175516.4797115,7709,105.55,-143.82,-1869.94,-0.2911530274914863,0.808466425522245,-0.5114801593276381,-0.33177520974624536,-0.5867914620539414,-0.7386480828232295,-0.8973043657424032,-0.045363188422795256,0.4390752285836007,0.22790000000000002
1,1785175516.5395496,7712,105.47,-143.84,-1869.16,-0.28885400064330646,0.8121262541323432,-0.5069657914113395,-0.3307725057479478,-0.5815868527206113,-0.7432000283798151,-0.8984168941830851,-0.04698595632210837,0.43662272519294787,0.2492
1,1785175516.599391,7715,105.5,-143.78,-1868.4,-0.2875707232189911,0.8160901110967346,-0.5012983240720301,-0.32972721707419406,-0.5757696527608579,-0.7481772980251064,-0.8992124562459164,-0.04986218536888262,0.4346616166656834,0.24150000000000002
1,1785175516.6442702,7718,105.36,-143.6,-1867.52,-0.28640131906837685,0.8182857910071036,-0.49838002435066825,-0.32679263724590474,-0.5724075021213795,-0.7520347224410783,-0.9006557925632636,-0.05251681398411241,0.4313480353162603,0.2501
1,1785175516.7041097,7724,104.15,-143.23,-1866.29,-0.23209870090472526,0.8029141839134584,-0.5490528265193833,-0.273363113620082,-0.595560498767246,-0.7553676591038588,-0.9334895827754442,-0.025229062184203548,0.35771593935835805,0.2914
1,1785175516.7639506,7727,103.29,-142.94,-1865.45,-0.2107727289427008,0.786848961520348,-0.5800375578256952,-0.2549390383261326,-0.6170794412900084,-0.7444588973708072,-0.9437059624011039,-0.009037416199397704,0.3306620353730456,0.2713
1,1785175516.8237896,7730,102.96000000000001,-142.56,-1863.8700000000001,-0.20804715895211692,0.7784326187473191,-0.5922491348428832,-0.24904594314213413,-0.6277000070635685,-0.7375424186694897,-0.9458818625263926,-0.005946360448801273,0.32445668885232654,0.2888
1,1785175516.8836305,7733,102.71000000000001,-142.29,-1862.18,-0.2099756166561006,0.7737975612014951,-0.5976182516360331,-0.24902940691909306,-0.6334131341135528,-0.7326473613014459,-0.9454599911680108,-0.005013562711789385,0.32569966117501553,0.26530000000000004
1,1785175516.9285424,7736,102.56,-142.04,-1860.27,-0.2099571526424237,0.7729663106737955,-0.5986994877379029,-0.25493442683120876,-0.6344468032398894,-0.7297161721347061,-0.9438889935106399,-0.000580018987931063,0.3302623676827934,0.2816
1,1785175516.98835,7739,102.43,-141.91,-1858.17,-0.20786966847670213,0.7729274808462535,-0.5994775310885723,-0.26157168470201697,-0.6344695390015725,-0.7273435624526283,-0.9425340602278172,0.005613682552152222,0.3340629160482635,0.2866
1,1785175517.048212,7742,102.32000000000001,-141.87,-1856.08,-0.1987276062042724,0.7722160046754796,-0.6034813838515313,-0.26055046110146834,-0.6352320750861374,-0.7270444745691781,-0.9447861111130561,0.012753544793492874,0.32743938575417053,0.2783
1,1785175517.0930693,7745,101.88,-141.96,-1854.1200000000001,-0.17867650591711637,0.7636143923081469,-0.6204577069334463,-0.25023842611678815,-0.6451378854868935,-0.7219264774228001,-0.9515542214334627,0.026271059540099076,0.30635664690487313,0.3185
1,1785175517.1529093,7751,100.98,-142.04,-1849.9,-0.1490434161867355,0.7448143210159393,-0.6504134741077808,-0.2508077154892098,-0.6647250952498598,-0.7037300885965787,-0.9564944066446344,0.05824238108654471,0.2858780773387469,0.30110000000000003
1,1785175517.2127516,7754,100.60000000000001,-142.19,-1848.33,-0.12303008218058883,0.7406683965744649,-0.6605103520721297,-0.24084211614501028,-0.6679534590377975,-0.704154281141736,-0.9627349967511469,0.07244655185205624,0.26056251295095456,0.3164
1,1785175517.2725902,7757,100.93,-142.3,-1846.44,-0.11302780037233547,0.7421706919951616,-0.6606113685718817,-0.25259175469892714,-0.6644914981336373,-0.7033124869972318,-0.9609485531500157,0.08737112138193733,0.2625722097773377,0.31720000000000004
1,1785175517.3324292,7760,101.34,-142.39000000000001,-1844.56,-0.10632802275480147,0.7432575120341104,-0.6605017958960587,-0.2631192089689753,-0.661620138280461,-0.7021588669904302,-0.95888614206724,0.0991315460719145,0.2659140897447835,0.3277
1,1785175517.3776886,7763,101.8,-142.37,-1842.79,-0.0953498201906363,0.7452939950055478,-0.6598827720120324,-0.27556152283047747,-0.6567595540858201,-0.7019492397975392,-0.9565428683153525,0.11490756774758316,0.26799625361070445,0.3143
1,1785175517.437532,7766,102.41,-142.25,-1840.91,-0.08068566424498834,0.7508400931199846,-0.6555371676334745,-0.296381604312475,-0.6460064210263862,-0.7034441332599505,-0.9516552780342831,0.13753130027834587,0.2746586485680707,0.3361
1,1785175517.4978757,7769,102.96000000000001,-141.95000000000002,-1839.27,-0.0635921635634146,0.756711010069037,-0.6506492787774546,-0.3228329879274319,-0.6325121457681617,-0.7040648033821904,-0.9443171599834298,0.16527804662463064,0.2845140922077075,0.3367
1,1785175517.5427566,7772,103.54,-141.75,-1837.75,-0.054445726960064805,0.7612658367494253,-0.646150128541338,-0.3453257006511858,-0.6215348936460267,-0.7031675024133225,-0.9369022485219883,0.18484778002080485,0.29672457757291093,0.3007
1,1785175517.6026623,7778,104.63,-141.66,-1835.95,-0.04966234158660999,0.7686565878726015,-0.6377309007317934,-0.35928342022458254,-0.6095236759606762,-0.7066797806610221,-0.9319061518092155,0.19403076653828413,0.306435940869711,0.3156
1,1785175517.6625023,7781,105.04,-141.71,-1835.7,-0.04392104767315055,0.7699754673578496,-0.6365600688374613,-0.354629245373439,-0.6076962807153482,-0.7105936452928621,-0.9339748604203209,0.19453279947554777,0.29974647626127027,0.3274
1,1785175517.7222722,7784,105.36,-141.84,-1835.6100000000001,-0.04076971243904397,0.77059370899678,-0.6360213567186433,-0.3530693494240365,-0.6065951318711815,-0.7123091888270653,-0.9347084385223692,0.19551900584027632,0.2968037285990603,0.3463
1,1785175517.7821128,7787,105.63,-141.92000000000002,-1835.65,-0.040132348176479433,0.7711404203570834,-0.635398966572454,-0.35183249686414697,-0.6060911285925539,-0.7133494501236715,-0.9352022715863033,0.1949256164102218,0.29563611972645226,0.3367
1,1785175517.8269923,7790,105.81,-142.01,-1835.69,-0.0401657425877946,0.7712673373871148,-0.6352427940576434,-0.35202036535842696,-0.6059172720325536,-0.7134044587928702,-0.9351301382670173,0.19496398060262027,0.29583892707399145,0.3352
1,1785175517.8868437,7793,105.99000000000001,-142.08,-1835.75,-0.04126073192794342,0.7719965550523554,-0.634286111299992,-0.3506916451977595,-0.6056280934916268,-0.7143038445662925,-0.9355815955806629,0.19296614045213423,0.2957214003919027,0.3316
1,1785175517.946683,7796,106.17,-142.18,-1835.89,-0.040605658489339405,0.7718180627180641,-0.6345455527862299,-0.3505233333562053,-0.6057115215357228,-0.7143157183289014,-0.9356733261515485,0.19341776221695473,0.2951355552750021,0.3226
1,1785175517.9917703,7799,106.27,-142.24,-1835.96,-0.03995052251758974,0.7716392420672863,-0.6348045650847158,-0.3503550507866544,-0.6057950163202916,-0.7143274715351343,-0.9357645505889033,0.19386922990335845,0.29454953328400696,0.2993
1,1785175518.0516112,7805,106.42,-142.37,-1836.07,-0.03982150690020913,0.7715804730013134,-0.6348841006603223,-0.34969558422718156,-0.6059676003657362,-0.7145042096999862,-0.9360166910692388,0.19356353218016376,0.29394882726374677,0.35350000000000004
1,1785175518.1120524,7808,106.47,-142.42000000000002,-1836.08,-0.03988404603152592,0.771696336178413,-0.634739338312168,-0.34854700576703296,-0.6060886255279603,-0.7149626303356447,-0.936442335460647,0.19272089335212625,0.29314571397611694,0.3401
1,1785175518.1718912,7811,106.49000000000001,-142.43,-1836.14,-0.0402547745523825,0.7717255393451298,-0.6346804274973393,-0.3484186051507936,-0.6061679891174291,-0.7149579320170578,-0.936474254163195,0.1923539988973481,0.2932846917206672,0.3383
1,1785175518.231732,7814,106.49000000000001,-142.45000000000002,-1836.15,-0.0401710975133032,0.7718027380838713,-0.6345918502555922,-0.3485298542700204,-0.6060387905932972,-0.7150132341283846,-0.9364364493157531,0.19245133873905054,0.29334153918334216,0.34950000000000003
1,1785175518.2766109,7817,106.5,-142.44,-1836.17,-0.03863319869815823,0.7714976989853163,-0.6350580890113209,-0.3473749541448339,-0.6062635951478367,-0.715384577993749,-0.9369301559834773,0.19296568000238284,0.29142087974267533,0.3443
1,1785175518.3364513,7820,106.5,-142.45000000000002,-1836.14,-0.03938423121912137,0.7716083567762984,-0.6348774890356875,-0.3480154700115328,-0.606181251542932,-0.7151430087125907,-0.9366611526928673,0.1927818301366217,0.2924056275197931,0.3095
1,1785175518.3962905,7823,106.51,-142.45000000000002,-1836.19,-0.038845974778571504,0.7714791034163633,-0.63506769972609,-0.34792383298945123,-0.6062208101201473,-0.7151540643911638,-0.936717671810152,0.193174331548363,0.2919652050320588,0.30010000000000003
1,1785175518.4561317,7829,106.52,-142.45000000000002,-1836.16,-0.038035489681166795,0.7715206050829609,-0.6350663409889835,-0.346684892037772,-0.606241201355712,-0.7157382143015291,-0.9372101616806512,0.192944452398106,0.2905332186365663,0.3191
1,1785175518.515972,7832,106.52,-142.46,-1836.1200000000001,-0.037508978303337964,0.7713997191157619,-0.6352444804126705,-0.3471766192928323,-0.6061535873254214,-0.7155740517856435,-0.9370493431847865,0.19370157955124334,0.2905481483615303,0.338
1,1785175518.5758102,7835,106.54,-142.45000000000002,-1836.08,-0.03770086671227436,0.7715749436134223,-0.6350202760834395,-0.34668715015752,-0.6061017947585983,-0.7158551769080553,-0.9372228468004824,0.19316500919770696,0.2903456813125506,0.32430000000000003
1,1785175518.635651,7838,106.53,-142.46,-1836.08,-0.038596021821621196,0.7717677498233111,-0.6347321383325474,-0.34638117631788273,-0.6061548148187714,-0.7159583934591873,-0.9372995400575979,0.19222611894506922,0.29072098548803,0.3524
1,1785175518.6954904,7841,106.56,-142.45000000000002,-1836.07,-0.03733008522990912,0.7715451049317479,-0.6350784327880974,-0.34681545499202565,-0.6060227338034458,-0.715859962766512,-0.9371902181069763,0.1935319022002732,0.2902066469179193,0.3362
1,1785175518.7553303,7847,106.54,-142.46,-1836.05,-0.037854372603910946,0.7717086275758379,-0.634848675354829,-0.3466378508316411,-0.6059968705491023,-0.7159678716643055,-0.9372348941677241,0.19296006584190245,0.2904430514656935,0.3282
1,1785175518.815172,7850,106.54,-142.46,-1836.04,-0.03771046720321829,0.7716262800318862,-0.6349573250443437,-0.3475846426268322,-0.60586089120735,-0.7156238514159607,-0.9368899812001901,0.19371490513016512,0.29105274205394244,0.3685
1,1785175518.8600502,7853,106.55,-142.46,-1836.01,-0.03666966522180532,0.7714505808070933,-0.6352317191583866,-0.3472748975521448,-0.6058801422861595,-0.7157579190714208,-0.9370461467732889,0.19435342692039653,0.290122843398499,0.3405
1,1785175518.9198909,7856,106.56,-142.47,-1836.0,-0.036814340047654666,0.7717871089681047,-0.6348144317810603,-0.34677035701997494,-0.605638968078795,-0.716206506418848,-0.937227306398557,0.19376815727850463,0.2899290902372472,0.3481
1,1785175518.9797301,7859,106.56,-142.47,-1835.98,-0.03615617187089389,0.7716498611807704,-0.6350190729224913,-0.3469155985985102,-0.6056099601978361,-0.7161606967421578,-0.9371991777016665,0.1944043925657885,0.2895939113076224,0.3309
1,1785175519.02461,7862,106.57000000000001,-142.48,-1835.98,-0.03644280086781887,0.7721116893936245,-0.634441062169396,-0.3457778349908881,-0.605390775296159,-0.7168958766901434,-0.9376084529769997,0.19324996322907392,0.28904124380101703,0.3277
1,1785175519.0844522,7865,106.58,-142.47,-1835.95,-0.03652463486536409,0.7723306507711158,-0.634169785568042,-0.3464233880588987,-0.6050292225922173,-0.7168894447648471,-0.937366943759884,0.1935071205121969,0.2896518721799198,0.31670000000000004
1,1785175519.1442897,7868,106.59,-142.49,-1836.0,-0.036913141097353476,0.7728167272040407,-0.6335548328029407,-0.3469703023766254,-0.6044572173834962,-0.7171074407797439,-0.9371494167329988,0.19335402376634392,0.2904568680722906,0.3304
1,1785175519.2038977,7874,106.61,-142.5,-1835.98,-0.03717361872684033,0.7735976729848105,-0.6325857747556752,-0.345736396206513,-0.6038862728502052,-0.7181836212287361,-0.9375950439336189,0.19201044194411357,0.2899095096328189,0.2978
1,1785175519.2637382,7877,106.61,-142.49,-1835.98,-0.036492562817308,0.7733435975933198,-0.6329359943315328,-0.34627664879152753,-0.603904983622082,-0.7179075520275029,-0.9374224103149731,0.19297266857727297,0.2898288698895127,0.3074
1,1785175519.3086183,7880,106.60000000000001,-142.5,-1835.99,-0.03656258916567884,0.7735536216688342,-0.6326752496158925,-0.3463385001618684,-0.6036703093872027,-0.7180750663196617,-0.9373968318589141,0.1928651134015406,0.2899831506372079,0.33130000000000004
1,1785175519.3684642,7883,106.60000000000001,-142.51,-1835.96,-0.03677719271129985,0.7734925968254981,-0.6327374184860757,-0.3465740284794052,-0.6037412061869891,-0.7179018029894031,-0.9373013820964057,0.1928879431380476,0.29027635196850093,0.34290000000000004
1,1785175519.428326,7886,106.61,-142.51,-1835.96,-0.03652334459472912,0.7735122673112176,-0.6327280755732861,-0.3467786888563237,-0.603617414549901,-0.7179070676676628,-0.9372356087210428,0.19319624523047155,0.29028369670745147,0.3004
1,1785175519.4880273,7889,106.61,-142.51,-1835.96,-0.036286251374413256,0.7734553726767189,-0.632811262888636,-0.3469388169440752,-0.6035934356363523,-0.717849860175615,-0.9371855554043917,0.19349871042004985,0.290243835088946,0.3163
1,1785175519.5478683,7892,106.61,-142.51,-1835.96,-0.03685002051879988,0.7736600995605596,-0.632528360103884,-0.34632183921495746,-0.6036199497601685,-0.7181254346799734,-0.9373917322392665,0.192595448023769,0.29017879614125935,0.31820000000000004
1,1785175519.5931692,7895,106.61,-142.51,-1835.98,-0.03625345854837938,0.7736828760559682,-0.6325349745595468,-0.34563009417933677,-0.6035970203398602,-0.7184778876447245,-0.9376702644004787,0.19257581451108538,0.2892905648729807,0.3134
1,1785175519.6530094,7901,106.57000000000001,-142.55,-1835.94,-0.03746914291110656,0.7737549950892502,-0.6323758936771239,-0.34661765178611204,-0.6035957941443028,-0.7180030088805964,-0.9372578443522297,0.1922896899621572,0.2908133565269463,0.3269
1,1785175519.7133553,7904,106.54,-142.6,-1835.94,-0.037156352769866396,0.7735734151093212,-0.6326164532202294,-0.34734390232168816,-0.6035795631108307,-0.7176656077274987,-0.9370013975276571,0.1930696310428968,0.2911228239080145,0.3355
1,1785175519.7582371,7907,106.51,-142.65,-1835.9,-0.03642094414832101,0.7737821462744087,-0.6324039096450262,-0.3458506613208615,-0.603478026935877,-0.7184717051279776,-0.9375824416504758,0.19254989252801563,0.28959230652105045,0.3512
1,1785175519.8185837,7910,106.51,-142.72,-1835.88,-0.03541683055220919,0.7736910231463815,-0.6325724059871263,-0.3454124292095723,-0.6034370980324183,-0.7187168583425297,-0.937782438447841,0.1930436982160235,0.2886143252125621,0.31820000000000004
1,1785175519.8784232,7913,106.52,-142.75,-1835.88,-0.03529525447853433,0.7740798316425549,-0.6321033612120168,-0.3448421701469132,-0.6030838189583283,-0.7192869976574062,-0.9379968671054626,0.19258847721209094,0.28822136587259634,0.32270000000000004
1,1785175519.9238312,7916,106.53,-142.78,-1835.93,-0.03524840055438629,0.7742399685873522,-0.6319098205442081,-0.3448269626345985,-0.6028937195318776,-0.7194536321328948,-0.938004219659248,0.19253995427150505,0.28822985603606716,0.326
1,1785175519.9836493,7919,106.52,-142.79,-1835.8500000000001,-0.03462623459741671,0.774186896039059,-0.6320092355962937,-0.34484465181680535,-0.6028049259940944,-0.7195195531120752,-0.9380208899544564,0.19303075195072225,0.28784707538967247,0.3282
1,1785175520.043489,7922,106.53,-142.81,-1835.89,-0.03416377900814245,0.7741827280529626,-0.6320395080913499,-0.3441845724298589,-0.6028371339389185,-0.7198085648598426,-0.9382802440130339,0.1929468671131598,0.28705694585928176,0.3254
1,1785175520.1033292,7928,106.31,-143.18,-1835.99,-0.026939293858113483,0.7719755321148368,-0.6350811383299308,-0.33485581139074994,-0.6055761974377113,-0.7219065415098582,-0.941884207333507,0.1932129574146016,0.27481428831637306,0.2775
1,1785175520.163169,7931,106.10000000000001,-143.65,-1835.8400000000001,-0.028416738341242143,0.770396128049631,-0.6369319389606568,-0.3358959813365018,-0.6074965653164681,-0.7198067885555697,-0.9414703281060077,0.1934883175151172,0.2760360343888735,0.3224
1,1785175520.208049,7934,105.68,-144.5,-1835.73,-0.029049557333325586,0.767627023756311,-0.6402381397712615,-0.336365286170227,-0.6106615680605924,-0.716903650118619,-0.9412834416255067,0.19452815141466293,0.275942531750426,0.3176
1,1785175520.26789,7937,104.88,-146.03,-1836.51,-0.00848337212273986,0.7598832620013469,-0.6500042003922892,-0.3105882982722019,-0.6198801111320076,-0.7206133198875437,-0.9505066761332109,0.19577046752041544,0.24126952288474643,0.343
1,1785175520.327729,7940,103.8,-148.11,-1837.98,0.029852577645791255,0.7443910120808725,-0.6670763410143674,-0.2655761167536685,-0.6374796498068468,-0.7232489352167633,-0.9636275991366914,0.1987503892206357,0.1786620635913007,0.37420000000000003
1,1785175520.387569,7943,103.11,-150.15,-1838.95,0.050617273169963374,0.7358566844877209,-0.6752427945202941,-0.25217073158606523,-0.6447856794757139,-0.7215686728748628,-0.9663580153277491,0.20680030811819672,0.15292422559566218,0.4073
1,1785175520.447409,7949,102.03,-155.22,-1841.89,0.11128064683228749,0.7157167015090079,-0.6894680709225434,-0.2208148256837715,-0.6586268526778593,-0.719341005149785,-0.9689465570395682,0.23229350424134357,0.0847484364955696,0.4874
1,1785175520.5072486,7952,101.87,-157.85,-1843.16,0.12352052665735079,0.7072817663212435,-0.696056881672606,-0.226583999177743,-0.6627969666700367,-0.7136945230906699,-0.9661275127077745,0.24587127526919453,0.07838970076858774,0.4571
1,1785175520.5670886,7955,101.88,-160.51,-1844.16,0.1262993277360513,0.6959990318358962,-0.7068478107039142,-0.23742130291084335,-0.6706357527600928,-0.7027651186876175,-0.9631612558328635,0.2565794902235929,0.08054415223380357,0.5351
1,1785175520.6269286,7958,102.05,-163.19,-1845.28,0.1270051163605222,0.6835162419468354,-0.7188012572423101,-0.25056634811554174,-0.6790585664609301,-0.6899970786228502,-0.9597323614478629,0.2677405653069811,0.08502225637329781,0.5742
1,1785175520.6867685,7961,102.39,-166.02,-1846.49,0.12690415180299106,0.6730000597327612,-0.7286743139804388,-0.25788701498188077,-0.686965723357138,-0.6793911851327916,-0.9578045853716186,0.2741332058180909,0.08637917404674339,0.5659000000000001
1,1785175520.7466087,7964,102.9,-168.87,-1847.6200000000001,0.12941566230668888,0.6642036498256965,-0.7362642853676556,-0.2602574859769267,-0.6937249260064773,-0.6715740972002102,-0.9568268533766654,0.2785304985015664,0.08308510132254779,0.4903
1,1785175520.7919946,7967,103.53,-171.77,-1848.91,0.14504165694913373,0.6513982110778445,-0.7447437736255564,-0.2522964856590718,-0.7034718553196209,-0.6644349720606617,-0.9567180363479785,0.28426698608483303,0.0623127559069073,0.1255
1,1785175520.8518345,7973,nan,nan,nan,nan,nan,nan,nan,nan,nan,nan,nan,nan,nan
1,1785175520.9116766,7976,nan,nan,nan,nan,nan,nan,nan,nan,nan,nan,nan,nan,nan
1,1785175520.9565566,7979,nan,nan,nan,nan,nan,nan,nan,nan,nan,nan,nan,nan,nan
1,1785175521.0162258,7982,nan,nan,nan,nan,nan,nan,nan,nan,nan,nan,nan,nan,nan
1,1785175521.076066,7985,nan,nan,nan,nan,nan,nan,nan,nan,nan,nan,nan,nan,nan
1,1785175521.1209462,7988,nan,nan,nan,nan,nan,nan,nan,nan,nan,nan,nan,nan,nan
1,1785175521.180786,7991,nan,nan,nan,nan,nan,nan,nan,nan,nan,nan,nan,nan,nan
1,1785175521.2406259,7994,nan,nan,nan,nan,nan,nan,nan,nan,nan,nan,nan,nan,nan
1,1785175521.2855058,7997,nan,nan,nan,nan,nan,nan,nan,nan,nan,nan,nan,nan,nan
1,1785175521.3453455,8000,nan,nan,nan,nan,nan,nan,nan,nan,nan,nan,nan,nan,nan
1,1785175521.390226,8003,nan,nan,nan,nan,nan,nan,nan,nan,nan,nan,nan,nan,nan
1,1785175521.4351053,8006,nan,nan,nan,nan,nan,nan,nan,nan,nan,nan,nan,nan,nan
1,1785175521.4949453,8009,nan,nan,nan,nan,nan,nan,nan,nan,nan,nan,nan,nan,nan
1,1785175521.539825,8012,nan,nan,nan,nan,nan,nan,nan,nan,nan,nan,nan,nan,nan
1,1785175521.5855317,8015,nan,nan,nan,nan,nan,nan,nan,nan,nan,nan,nan,nan,nan
1,1785175521.6443925,8018,nan,nan,nan,nan,nan,nan,nan,nan,nan,nan,nan,nan,nan
1,1785175521.68925,8021,nan,nan,nan,nan,nan,nan,nan,nan,nan,nan,nan,nan,nan
1,1785175521.73413,8024,nan,nan,nan,nan,nan,nan,nan,nan,nan,nan,nan,nan,nan
1,1785175521.7939699,8027,nan,nan,nan,nan,nan,nan,nan,nan,nan,nan,nan,nan,nan
1,1785175521.83885,8030,nan,nan,nan,nan,nan,nan,nan,nan,nan,nan,nan,nan,nan
1,1785175521.8837306,8033,nan,nan,nan,nan,nan,nan,nan,nan,nan,nan,nan,nan,nan
1,1785175521.9435701,8036,nan,nan,nan,nan,nan,nan,nan,nan,nan,nan,nan,nan,nan
1,1785175521.988544,8039,nan,nan,nan,nan,nan,nan,nan,nan,nan,nan,nan,nan,nan
1,1785175522.0339296,8042,nan,nan,nan,nan,nan,nan,nan,nan,nan,nan,nan,nan,nan
1,1785175522.0937696,8045,nan,nan,nan,nan,nan,nan,nan,nan,nan,nan,nan,nan,nan
1,1785175522.138649,8048,nan,nan,nan,nan,nan,nan,nan,nan,nan,nan,nan,nan,nan
1,1785175522.1835294,8051,nan,nan,nan,nan,nan,nan,nan,nan,nan,nan,nan,nan,nan
1,1785175522.243369,8054,nan,nan,nan,nan,nan,nan,nan,nan,nan,nan,nan,nan,nan
1,1785175522.2882612,8057,nan,nan,nan,nan,nan,nan,nan,nan,nan,nan,nan,nan,nan
1,1785175522.3480883,8063,nan,nan,nan,nan,nan,nan,nan,nan,nan,nan,nan,nan,nan
1,1785175522.408289,8066,nan,nan,nan,nan,nan,nan,nan,nan,nan,nan,nan,nan,nan
1,1785175522.4531693,8069,nan,nan,nan,nan,nan,nan,nan,nan,nan,nan,nan,nan,nan
1,1785175522.5130122,8072,nan,nan,nan,nan,nan,nan,nan,nan,nan,nan,nan,nan,nan
1,1785175522.572853,8075,nan,nan,nan,nan,nan,nan,nan,nan,nan,nan,nan,nan,nan
1,1785175522.617733,8078,nan,nan,nan,nan,nan,nan,nan,nan,nan,nan,nan,nan,nan
1,1785175522.677572,8081,nan,nan,nan,nan,nan,nan,nan,nan,nan,nan,nan,nan,nan
1,1785175522.7224529,8084,nan,nan,nan,nan,nan,nan,nan,nan,nan,nan,nan,nan,nan
1,1785175522.7673318,8087,nan,nan,nan,nan,nan,nan,nan,nan,nan,nan,nan,nan,nan
1,1785175522.8271725,8090,nan,nan,nan,nan,nan,nan,nan,nan,nan,nan,nan,nan,nan
1,1785175522.872053,8093,nan,nan,nan,nan,nan,nan,nan,nan,nan,nan,nan,nan,nan
1,1785175522.91744,8096,nan,nan,nan,nan,nan,nan,nan,nan,nan,nan,nan,nan,nan
1,1785175522.977279,8099,nan,nan,nan,nan,nan,nan,nan,nan,nan,nan,nan,nan,nan
1,1785175523.022663,8102,nan,nan,nan,nan,nan,nan,nan,nan,nan,nan,nan,nan,nan
1,1785175523.0675435,8105,nan,nan,nan,nan,nan,nan,nan,nan,nan,nan,nan,nan,nan
1,1785175523.1278877,8108,nan,nan,nan,nan,nan,nan,nan,nan,nan,nan,nan,nan,nan
1,1785175523.187741,8111,nan,nan,nan,nan,nan,nan,nan,nan,nan,nan,nan,nan,nan
1,1785175523.2331123,8114,nan,nan,nan,nan,nan,nan,nan,nan,nan,nan,nan,nan,nan
1,1785175523.2929525,8117,nan,nan,nan,nan,nan,nan,nan,nan,nan,nan,nan,nan,nan
1,1785175523.3378344,8120,nan,nan,nan,nan,nan,nan,nan,nan,nan,nan,nan,nan,nan
1,1785175523.382713,8123,nan,nan,nan,nan,nan,nan,nan,nan,nan,nan,nan,nan,nan
1,1785175523.443138,8126,nan,nan,nan,nan,nan,nan,nan,nan,nan,nan,nan,nan,nan
1,1785175523.4880195,8129,nan,nan,nan,nan,nan,nan,nan,nan,nan,nan,nan,nan,nan
1,1785175523.5328975,8132,nan,nan,nan,nan,nan,nan,nan,nan,nan,nan,nan,nan,nan
1,1785175523.5927384,8135,nan,nan,nan,nan,nan,nan,nan,nan,nan,nan,nan,nan,nan
1,1785175523.6376173,8138,nan,nan,nan,nan,nan,nan,nan,nan,nan,nan,nan,nan,nan
1,1785175523.6824975,8141,nan,nan,nan,nan,nan,nan,nan,nan,nan,nan,nan,nan,nan
1,1785175523.7423403,8144,nan,nan,nan,nan,nan,nan,nan,nan,nan,nan,nan,nan,nan
1,1785175523.7872183,8147,nan,nan,nan,nan,nan,nan,nan,nan,nan,nan,nan,nan,nan
1,1785175523.8320973,8150,nan,nan,nan,nan,nan,nan,nan,nan,nan,nan,nan,nan,nan
1,1785175523.891939,8153,nan,nan,nan,nan,nan,nan,nan,nan,nan,nan,nan,nan,nan
1,1785175523.936992,8156,nan,nan,nan,nan,nan,nan,nan,nan,nan,nan,nan,nan,nan
1,1785175523.9824255,8159,nan,nan,nan,nan,nan,nan,nan,nan,nan,nan,nan,nan,nan
1,1785175524.0422328,8162,nan,nan,nan,nan,nan,nan,nan,nan,nan,nan,nan,nan,nan
1,1785175524.0871305,8165,nan,nan,nan,nan,nan,nan,nan,nan,nan,nan,nan,nan,nan
1,1785175524.131992,8168,nan,nan,nan,nan,nan,nan,nan,nan,nan,nan,nan,nan,nan
1,1785175524.1918328,8171,nan,nan,nan,nan,nan,nan,nan,nan,nan,nan,nan,nan,nan
1,1785175524.237073,8174,nan,nan,nan,nan,nan,nan,nan,nan,nan,nan,nan,nan,nan
1,1785175524.2819533,8177,nan,nan,nan,nan,nan,nan,nan,nan,nan,nan,nan,nan,nan
1,1785175524.3417926,8180,nan,nan,nan,nan,nan,nan,nan,nan,nan,nan,nan,nan,nan
1,1785175524.386673,8183,nan,nan,nan,nan,nan,nan,nan,nan,nan,nan,nan,nan,nan
1,1785175524.4320812,8186,110.35000000000001,-206.94,-1871.13,0.2294222024971714,0.6078931443792754,-0.7601522071388233,-0.12818105740596192,-0.7553114901640693,-0.6427084637286352,-0.9648497652607044,0.2448887050127271,-0.0953648396084908,0.19640000000000002
1,1785175524.4920337,8189,nan,nan,nan,nan,nan,nan,nan,nan,nan,nan,nan,nan,nan
1,1785175524.5380962,8192,109.36,-208.53,-1868.13,0.14641308198659733,0.624164899567688,-0.767451228138208,-0.17983754485949394,-0.7460890775528274,-0.6411002619054845,-0.9727392594534753,0.23188200987577548,0.003011081844678618,0.1303
1,1785175524.5979369,8198,107.94,-210.74,-1864.66,0.03943468079125228,0.6414313132774676,-0.7661662850178381,-0.24806248038376558,-0.736474448564842,-0.6293412368794578,-0.9679410683387424,0.21487497983305331,0.13007240777735676,0.3401
1,1785175524.6577768,8201,107.04,-212.15,-1863.41,0.00016385604150648966,0.64457822420815,-0.7645383483042991,-0.2731487412617696,-0.7354354991353654,-0.6201003078201357,-0.9619717970389302,0.208934294667448,0.17594522503753116,0.31880000000000003
1,1785175524.7031646,8204,106.26,-213.65,-1862.24,-0.04380170167583831,0.6483563647962254,-0.760075940389199,-0.298804624760341,-0.7344818537430414,-0.6093046879386516,-0.9533085582077468,0.20042562398657926,0.22590343533788432,0.3126
1,1785175524.7630048,8207,105.32000000000001,-215.33,-1861.29,-0.08380172630365162,0.6490133757417613,-0.7561474120677867,-0.31914963799416296,-0.736326131489904,-0.5966299830324548,-0.9439919381206191,0.1913255502890192,0.2688377848626965,0.3089
1,1785175524.8229442,8210,104.07000000000001,-216.53,-1860.42,-0.11534056658408116,0.6484919767066858,-0.7524325284350206,-0.337480985955038,-0.7380128920911274,-0.5843317167723355,-0.9342393364758724,0.186534520275323,0.30397653680305103,0.3044
1,1785175524.8678236,8213,102.85000000000001,-217.35,-1859.1200000000001,-0.15662724057370975,0.6506568595746037,-0.7430434432782376,-0.3647571364041936,-0.7372497893611807,-0.5686958585475255,-0.9178344834187031,0.1819571355440862,0.35280513300136845,0.3078
1,1785175524.9283175,8216,101.9,-218.31,-1857.6100000000001,-0.21176394276974328,0.6551180722749365,-0.725242265674984,-0.39581121899034605,-0.7359789876795824,-0.5492434875494779,-0.8935824032868984,0.17074905877605404,0.4151568949964609,0.2842
1,1785175524.9881926,8219,101.12,-218.95000000000002,-1855.49,-0.27507492699837416,0.6607358523874369,-0.6983995403110501,-0.4348707874973807,-0.7333731076963392,-0.5225430920883191,-0.8574503966517522,0.15997505517317603,0.48906727451761906,0.2672
1,1785175525.048502,8225,99.73,-220.47,-1852.1100000000001,-0.37109890070213475,0.6819890039908648,-0.6302194890141175,-0.49231227211312506,-0.7199447916180027,-0.4891912956594006,-0.7873463231796282,0.12872643651425636,0.602922276846578,0.24650000000000002
1,1785175525.108343,8228,98.9,-221.3,-1850.43,-0.40813422701022445,0.6893607689970437,-0.5985049564628278,-0.5162489359532738,-0.7149806676715295,-0.4714760661826711,-0.7529365769238994,0.11655202711140954,0.6476898456100281,0.2197
1,1785175525.153762,8231,98.28,-222.12,-1849.04,-0.4424433548756106,0.6981024561228873,-0.5629359097460441,-0.5380954593820649,-0.7088219167625093,-0.45609732175219625,-0.7174239711069171,0.10111602777163588,0.6892593086849585,0.196
1,1785175525.2136235,8234,97.53,-222.84,-1847.49,-0.47639639634233216,0.7064582694775753,-0.5234149281772438,-0.5588453908757542,-0.7028863277739379,-0.44004845111123153,-0.6787770640268903,0.08287052380200094,0.7296534613334039,0.1822
1,1785175525.273475,8237,96.86,-223.58,-1846.3,-0.5051938127356701,0.7131875185276503,-0.4859452386740395,-0.5743204189649971,-0.6981268422451258,-0.42752189241806027,-0.6441546925494427,0.06310685821067102,0.7622875156483356,0.1653
1,1785175525.3183482,8240,96.25,-224.27,-1845.55,-0.5307707469039656,0.719093232205818,-0.44853911493513676,-0.5862800325413939,-0.6937087005140559,-0.4183825549355064,-0.61201155027848,0.040904305725551794,0.789790288683548,0.1574
1,1785175525.3781626,8243,95.84,-224.99,-1845.1100000000001,-0.5503283602224773,0.7266160026451494,-0.4113002317466205,-0.5942079487984617,-0.6868986554671237,-0.4184341653141896,-0.586562536750826,0.014121678988072348,0.8097808151981584,0.1398
1,1785175525.4380007,8246,95.84,-225.64000000000001,-1844.81,-0.567795381006191,0.7360207187067459,-0.36862163113745694,-0.601699360365101,-0.6766886773119416,-0.424323359873155,-0.561752868300877,-0.019129444116857148,0.8270839010182205,0.1351
1,1785175525.4978738,8252,96.18,-226.65,-1844.41,-0.6077975752650542,0.7446457798978506,-0.2758346787157885,-0.6195519261818057,-0.6619596333854562,-0.4218588087649784,-0.4967268044572741,-0.08551085456545178,0.863684187353891,0.1454
1,1785175525.557682,8255,96.39,-226.76,-1844.1200000000001,-0.6264163782462129,0.7435847311991519,-0.23384667753120275,-0.6293480666184132,-0.6594712086525055,-0.4111188830521758,-0.4599168752161228,-0.11036064736077028,0.8810771790289139,0.1268
1,1785175525.6025605,8258,96.57000000000001,-226.82,-1843.8,-0.6377431875207338,0.7428248537141833,-0.2037028803807065,-0.6365590860531052,-0.6571889372145963,-0.4036028131294243,-0.433677480086446,-0.12772602517596662,0.8919696776004319,0.1341
1,1785175525.6624012,8261,96.52,-226.93,-1843.6200000000001,-0.6438015358687667,0.7414071959153931,-0.18930122096249488,-0.6403315052191699,-0.6574413526329673,-0.39717304952864896,-0.41892140770885594,-0.13448508353348484,0.8980081383095713,0.1532
1,1785175525.7222416,8264,96.47,-226.99,-1843.58,-0.6453313955980613,0.7410157959869927,-0.18558819992990533,-0.6413274054700457,-0.657542436316446,-0.3953948702703319,-0.41502596165603717,-0.1361379246969654,0.8995665159457,0.15380000000000002
1,1785175525.7671204,8267,96.38,-227.05,-1843.42,-0.6454032448521206,0.7408988858175756,-0.18580498520930044,-0.6411467304050285,-0.6576819719737856,-0.3954558051560428,-0.41519335450521716,-0.1361002010834204,0.8994949769952901,0.1519
1,1785175525.8269606,8270,96.34,-227.08,-1843.42,-0.6454855696953575,0.7407935296015399,-0.1859390379010073,-0.6409133597598816,-0.6577722292795372,-0.39568391383771023,-0.41542561860862687,-0.1362374430511686,0.8993669520915917,0.1531
1,1785175525.886801,8273,96.33,-227.11,-1843.45,-0.6457804797128058,0.7407302163516177,-0.18516565179747507,-0.6410282257348693,-0.6577382401089171,-0.3955543215661154,-0.4147895681343779,-0.1367448502946634,0.8995834925590768,0.15910000000000002
1,1785175525.9466414,8279,96.54,-227.1,-1843.47,-0.6486155602613424,0.7408041314009809,-0.17466280052175645,-0.6433337082647673,-0.6562401152261489,-0.3942976679848281,-0.4067180777850523,-0.14338113567414915,0.9022318189554296,0.1507
1,1785175526.0064805,8282,96.61,-227.07,-1843.45,-0.6499934747165094,0.7404783092305892,-0.17088111769580172,-0.6445947964972154,-0.6563141536404278,-0.39210876049887317,-0.402499728142358,-0.14471905641710406,0.9039083822794602,0.14650000000000002
1,1785175526.0513604,8285,96.7,-227.01,-1843.42,-0.6507043371961507,0.7403967042953913,-0.16851286545139818,-0.6458525509927009,-0.6563648377765684,-0.3899483069674231,-0.39932236091951934,-0.14490659059912286,0.9052865469400277,0.15430000000000002
1,1785175526.1112006,8288,96.78,-227.0,-1843.39,-0.6521563695407425,0.7403182119341947,-0.16315947642106224,-0.6477409279536752,-0.655991315225998,-0.38743655558268764,-0.3938575375959564,-0.14698414685476105,0.9073433201673047,0.1636
1,1785175526.1714957,8291,96.81,-226.99,-1843.3700000000001,-0.6514421951455877,0.7408218778330397,-0.16372541558300246,-0.648005972643667,-0.6555259981544079,-0.38778076945846895,-0.39460274429105696,-0.14652170851991803,0.9070942967136166,0.1791
1,1785175526.231945,8294,96.86,-227.1,-1843.38,-0.6511325038609028,0.7409198541899642,-0.1645121031503564,-0.6477440030354721,-0.6554686094882224,-0.3883150892086975,-0.3955428787722182,-0.14628284808103278,0.9067233091797564,0.164
1,1785175526.291786,8300,96.92,-227.15,-1843.3400000000001,-0.6506179007557347,0.7412546323230438,-0.1650391386181787,-0.6477897387917939,-0.6551440319670168,-0.38878625450761506,-0.39631401884397244,-0.14604063625453662,0.9064255794217799,0.1476
1,1785175526.3514721,8303,96.94,-227.15,-1843.3400000000001,-0.6504313443332121,0.741357499900669,-0.16531220054769086,-0.6475256803129938,-0.6549663359338591,-0.38952482864198734,-0.39705107938914463,-0.14631526282109028,0.9060586538527793,0.154
1,1785175526.4112887,8306,96.94,-227.17000000000002,-1843.29,-0.6504587039807656,0.7413487352545505,-0.16524384149535243,-0.6480706618686741,-0.6551637627885503,-0.3882845105767766,-0.3961160078067554,-0.14547335379796064,0.9066033375705231,0.17170000000000002
1,1785175526.47113,8309,96.94,-227.17000000000002,-1843.28,-0.6502372071393933,0.7415508623405322,-0.16520863480331419,-0.6480868500368216,-0.6548857716109879,-0.38872620306692884,-0.39645303537860827,-0.14569469689557685,0.9064204576440195,0.16190000000000002
1,1785175526.5314867,8312,96.94,-227.19,-1843.26,-0.649964046632111,0.7416485049705374,-0.16584400248600373,-0.6483182382391702,-0.6549762167336339,-0.38818760603573343,-0.3965226349807398,-0.1447882957571585,0.9065352444111969,0.15480000000000002
1,1785175526.591327,8318,96.96000000000001,-227.19,-1843.23,-0.6498108843402565,0.7419369592597482,-0.16515254487089365,-0.6487142652525593,-0.6545758590517072,-0.3882012967579472,-0.3961257586307233,-0.14512061614780386,0.9066556072280786,0.1592
1,1785175526.650954,8321,96.97,-227.19,-1843.23,-0.6494336063975091,0.7421054468355567,-0.16587795712066206,-0.6488834583708708,-0.6545656139668883,-0.38793570919007875,-0.3964672096582313,-0.14430302418573798,0.9066368561208323,0.14550000000000002
1,1785175526.7107942,8324,96.97,-227.21,-1843.2,-0.6490872413439701,0.7423015274083462,-0.166355629696475,-0.6489006131603058,-0.6544077950045142,-0.38817319855640325,-0.39700597900365914,-0.1440100005019296,0.9064476666585778,0.163
1,1785175526.770634,8327,96.98,-227.20000000000002,-1843.22,-0.6492884123294991,0.7422453969084741,-0.16582016880590927,-0.6484164812280381,-0.6541914370729118,-0.38934513035650997,-0.39746776534266,-0.14527675116363323,0.9060430680077255,0.1859
1,1785175526.816512,8330,96.99000000000001,-227.21,-1843.19,-0.6494194257449484,0.7422234584327709,-0.16540479804769326,-0.6490617619696415,-0.6543663061379671,-0.38797366732835975,-0.39619848386126605,-0.14459970658147656,0.9067070564645368,0.166
1,1785175526.875354,8333,97.01,-227.18,-1843.18,-0.6495398608183427,0.7422452779795132,-0.16483299586309547,-0.6494531591959902,-0.6543547662564166,-0.3873376226083106,-0.39535877784417006,-0.14453991557568288,0.907083044482113,0.1583
1,1785175526.935194,8336,97.03,-227.17000000000002,-1843.1000000000001,-0.6489227666763125,0.7427495778439277,-0.1649918407128894,-0.6502087822584778,-0.6539747578662066,-0.3867112043214988,-0.3951300828374217,-0.14366656078052323,0.9073214077439089,0.15230000000000002
1,1785175526.9950354,8342,97.11,-227.11,-1842.8400000000001,-0.6473055905559445,0.7440506175450792,-0.16548157288896548,-0.6520143387187721,-0.6529513358081694,-0.38539830717252677,-0.39480726252203363,-0.14157412050623264,0.907790721401549,0.13870000000000002
1,1785175527.0548754,8345,97.18,-227.07,-1842.72,-0.6471815609735675,0.744366808865121,-0.16454203413040938,-0.6522573664176308,-0.6524040730497616,-0.3859135310170114,-0.39460911683557565,-0.14243236755751,0.9077426207809179,0.13490000000000002
1,1785175527.0997536,8348,97.23,-227.05,-1842.44,-0.6471551081379594,0.7446235701920974,-0.16348090018506956,-0.6543200269032046,-0.6525673575383487,-0.38212713364639045,-0.39122316956480946,-0.14032669949012347,0.9095344133158859,0.1395
1,1785175527.1595962,8351,97.31,-227.0,-1842.17,-0.6464547720935027,0.7450558511340253,-0.16428026761753978,-0.6541071012032723,-0.6520671541988687,-0.38334361422937613,-0.3927341693728591,-0.14035741913394423,0.9088782465771026,0.14250000000000002
1,1785175527.2194564,8354,97.38,-226.97,-1841.93,-0.6459335128766774,0.7454610559741706,-0.16449228239850558,-0.6545808645423457,-0.6517248568360756,-0.3831169570209494,-0.3928024805392532,-0.13979458146820736,0.9089354687073985,0.14750000000000002
1,1785175527.2792742,8357,97.45,-226.91,-1841.68,-0.6462053095218696,0.7457608599741977,-0.1620476401441556,-0.6559953379616716,-0.6513012133129984,-0.38141427098309827,-0.38998565937518376,-0.14016943057443457,0.9100899495182562,0.1221
1,1785175527.3391135,8360,97.46000000000001,-226.91,-1841.45,-0.6452655149785557,0.7464484102163778,-0.1626259083445853,-0.6572994676044748,-0.6509419294290049,-0.37977890199182796,-0.38934538017849046,-0.13816430579815733,0.9106705219435732,0.1494
1,1785175527.3839936,8363,97.4,-226.94,-1841.2,-0.6436137918427779,0.7471020027285753,-0.16613212954968468,-0.6571028870085351,-0.6506999539476279,-0.3805330022712922,-0.39239913714840113,-0.13575038656116906,0.9097223475949591,0.1424
1,1785175527.4438376,8369,97.25,-227.05,-1840.1000000000001,-0.6419952478002047,0.7477285427137386,-0.16954093373914828,-0.6584178717278116,-0.6509727587152917,-0.37778350096321206,-0.3928460359878567,-0.1309064315524302,0.9102392532663246,0.13390000000000002
1,1785175527.5036736,8372,97.25,-227.03,-1839.3,-0.6416113684496658,0.7481330485527037,-0.16920931871319864,-0.6598585874456067,-0.6508347525110281,-0.3755006917413034,-0.3910517823133347,-0.1292712906532091,0.9112449928325629,0.1348
1,1785175527.5635145,8375,97.21000000000001,-227.02,-1838.2,-0.6415970581467947,0.7480958382587216,-0.16942795447434078,-0.6609741490302313,-0.6512939946758302,-0.3727322186408915,-0.3891868308295389,-0.12715639692591368,0.9123403210588028,0.1542
1,1785175527.6233535,8378,97.25,-226.93,-1836.92,-0.6397713221300769,0.7490081179545773,-0.17227737697700002,-0.6630072956576482,-0.651233936916107,-0.3692095412004954,-0.388733818035768,-0.12198851850436605,0.9132386435474817,0.1779
1,1785175527.6831932,8381,97.34,-226.77,-1835.44,-0.6382563294710929,0.7496597513452701,-0.17504032421998045,-0.6648320844722588,-0.6514026127644216,-0.3656130954163933,-0.38810714673445457,-0.116982448669162,0.9141596957627303,0.1458
1,1785175527.7430437,8387,97.49000000000001,-226.42000000000002,-1832.22,-0.62906224687213,0.7531638201712793,-0.19241868294215164,-0.6665917254628023,-0.6499869473068709,-0.364927992726262,-0.3999201934195261,-0.10129772117722989,0.910935019954546,0.14300000000000002
1,1785175527.8028831,8390,97.54,-226.24,-1830.41,-0.6181309724466534,0.7569558910483221,-0.21197141295324604,-0.6657268265559104,-0.6474940244276811,-0.37088984986683377,-0.41799748002344667,-0.08814344750284235,0.9041619541632805,0.1292
1,1785175527.863353,8393,97.59,-226.0,-1828.56,-0.610058299968548,0.7594523044577651,-0.22596696195080132,-0.665776374471181,-0.645940669690446,-0.3735002950947534,-0.42961691055578194,-0.07741349038538445,0.8996868686775733,0.1236
1,1785175527.9231722,8396,97.78,-225.67000000000002,-1826.67,-0.601562713296714,0.7623414697565574,-0.23865830272694774,-0.6668642276565051,-0.6437335106795242,-0.375365513999765,-0.43978904470574115,-0.06665321235789595,0.8956243327641252,0.1401
1,1785175527.9830103,8399,98.03,-225.3,-1824.77,-0.5936204911459083,0.7648171343919307,-0.2503386974325107,-0.6685478595437462,-0.6418433241762129,-0.3756073837265504,-0.44794918460821637,-0.055604839276309936,0.8923282074763129,0.1317
1,1785175528.0428517,8405,98.69,-224.42000000000002,-1821.07,-0.5791623609701578,0.7698355809473362,-0.2681867594474979,-0.6727018883018266,-0.6371415052873362,-0.3761952574333496,-0.46048141016834687,-0.03746839398299549,0.8868782274595006,0.1226
1,1785175528.1026905,8408,98.95,-224.01,-1819.38,-0.57118427424257,0.7722937685413938,-0.27804830503011657,-0.6734581984510308,-0.6345891608964271,-0.3791446317856294,-0.46925747708169835,-0.029307540751496178,0.8825749193456716,0.1273
1,1785175528.162531,8411,99.19,-223.68,-1817.96,-0.5635264558931344,0.7742836104264448,-0.28796323399613427,-0.6742348137861631,-0.6325004829250969,-0.3812486786577194,-0.4773314879486381,-0.02068887924728022,0.878479721387028,0.12560000000000002
1,1785175528.2223706,8414,99.33,-223.39000000000001,-1816.57,-0.5539980084993114,0.776966356369437,-0.29901419305577787,-0.6737082329561886,-0.6294060297333967,-0.38725349137521325,-0.48908427027031515,-0.01308933937384464,0.872138318025822,0.12710000000000002
1,1785175528.2827156,8417,99.44,-223.18,-1815.29,-0.541275864299376,0.7787532162546447,-0.31711806460687475,-0.669526226473556,-0.6273233665050072,-0.3977436685868235,-0.5086797330256473,-0.0029701868410993097,0.8609506996333095,0.13540000000000002
1,1785175528.3430598,8423,99.31,-222.87,-1813.3500000000001,-0.519772387053026,0.7750570695108117,-0.35933717405594456,-0.6576339925204172,-0.6314799967295266,-0.4107925822262773,-0.5453019324547228,0.02279369938798637,0.8379297403299129,0.14070000000000002
1,1785175528.4028995,8426,99.04,-222.82,-1812.8500000000001,-0.5059993223184073,0.7710876389517298,-0.38650813557952374,-0.6480405040766908,-0.6355851644538003,-0.419612921395736,-0.5692171737477193,0.03814907314840707,0.8213016847228406,0.1443
1,1785175528.463245,8429,98.75,-222.71,-1812.3600000000001,-0.49160947201550786,0.765407521228228,-0.4152968257426166,-0.63770801047025,-0.6411918263623978,-0.4268507176849162,-0.5929996799381166,0.05499425654841195,0.8033224827800965,0.14850000000000002
1,1785175528.5230844,8432,98.7,-222.53,-1811.74,-0.48038552798655826,0.7591365267240155,-0.4392510424512092,-0.6309494223838557,-0.64699538494602,-0.42813525695979604,-0.609206509235214,0.0714752100518045,0.7897839726491641,0.1537
1,1785175528.5829468,8435,98.74000000000001,-222.23000000000002,-1811.27,-0.47225992833978275,0.753900690165156,-0.45673220759325106,-0.626202801699515,-0.6516175262591185,-0.42809420764082373,-0.6203552298709031,0.08383524819816685,0.7798275706406966,0.1636
1,1785175528.6427655,8441,99.38,-221.48000000000002,-1810.1100000000001,-0.47013318482662575,0.7507578996287221,-0.4640445718568887,-0.6277766776873422,-0.6540155199671714,-0.42209020670220837,-0.6203799089885298,0.09287774645812474,0.7787826993046545,0.1691
1,1785175528.7026172,8444,99.72,-221.17000000000002,-1809.54,-0.46905412033712346,0.7516679005631062,-0.4636632392780557,-0.6298659041403041,-0.6527242420038366,-0.4209750666037531,-0.6190776809062694,0.09458557587480933,0.7796129769572502,0.1621
1,1785175528.762445,8447,100.02,-220.94,-1809.23,-0.4678509432801997,0.7523669575246146,-0.4637450335011495,-0.6314859153219322,-0.6516720247727705,-0.42017747545362194,-0.6183373137874253,0.0962680287204036,0.7799945083296668,0.16340000000000002
1,1785175528.8222845,8450,100.16,-220.78,-1808.94,-0.46704271941602093,0.7523672701078553,-0.46455848836388886,-0.63301267487154,-0.6513157548607432,-0.41842889589768806,-0.6173864686664796,0.09864724193120518,0.7804502994854318,0.1618
1,1785175528.882125,8453,100.26,-220.63,-1808.72,-0.46524401566116724,0.7516800470148243,-0.46746669700767224,-0.6325081000494327,-0.651753593684537,-0.4185101629484616,-0.6192588386638724,0.10096712355555489,0.7786681775298057,0.1636
1,1785175528.9419649,8459,100.31,-220.55,-1808.56,-0.46054124396722873,0.7499507197220822,-0.4748427956634156,-0.6316468493775682,-0.6527338077908142,-0.41828319813051973,-0.6236377316010545,0.10729629143281248,0.7743148491203408,0.16490000000000002
1,1785175529.0018044,8462,100.27,-220.58,-1808.55,-0.4592565546445811,0.7483313367696505,-0.47862681436014115,-0.6315586686945432,-0.6539703031374824,-0.4164810807360229,-0.6246735667632857,0.11100924746532355,0.7729552910514407,0.1574
1,1785175529.061673,8465,100.29,-220.57,-1808.51,-0.4574559611102742,0.7475396371511139,-0.4815792089912687,-0.6309657160471527,-0.654483422318265,-0.4165737810804653,-0.6265910219734872,0.11329581103709205,0.7710692254160246,0.15910000000000002
1,1785175529.1215177,8468,100.31,-220.58,-1808.5,-0.45778470662201287,0.7472755906954562,-0.48167660721043415,-0.6307025405383245,-0.6548106957988575,-0.4164579907096505,-0.6266158853248942,0.11314656078809116,0.7710709358031373,0.1665
1,1785175529.1813383,8471,100.32000000000001,-220.59,-1808.51,-0.45677999852260437,0.747127858196818,-0.48285815355643,-0.6308510734600262,-0.6547538258122438,-0.416322411958043,-0.6271992953312545,0.1144438337808782,0.7704048629425391,0.1552
1,1785175529.2411654,8477,100.34,-220.6,-1808.48,-0.4578291379930142,0.7470214973615034,-0.4820283838990717,-0.6318550924825842,-0.6548270511025266,-0.41468141415813864,-0.6254211561087443,0.11471885470203387,0.7718082416426085,0.1671
1,1785175529.301004,8480,100.35000000000001,-220.6,-1808.46,-0.4579429148428758,0.7471049686888789,-0.48179088047160024,-0.6309650792445581,-0.6549353182328701,-0.4158639172916032,-0.6262358625303399,0.11355128661357536,0.7713201344378887,0.16340000000000002
1,1785175529.361351,8483,100.37,-220.6,-1808.52,-0.45824884785805037,0.7470325757802243,-0.48161221346632466,-0.6316754010986102,-0.6549165012964645,-0.4148138907709189,-0.6252952751170274,0.11413460059404143,0.7719968341020313,0.1773
1,1785175529.4212172,8486,100.37,-220.61,-1808.51,-0.4580283896987714,0.747083969305618,-0.48174218938817553,-0.6311005080056794,-0.6549422522962717,-0.4156474406898959,-0.6260368543663575,0.11364941250903722,0.7714672177166226,0.1651
1,1785175529.4810293,8489,100.37,-220.62,-1808.45,-0.45733563885163614,0.7471086351574497,-0.48236169075636426,-0.6311117704478971,-0.6548102269296788,-0.41583830981575437,-0.6265317602789875,0.11424646157091747,0.7709771069105995,0.1704
1,1785175529.5409048,8495,100.38,-220.62,-1808.46,-0.4574940877017947,0.7469378343428326,-0.4824759386178152,-0.6313741890796248,-0.6549343379968783,-0.4152440803631487,-0.6261515735682127,0.11465114277594445,0.7712258569175576,0.1621
1,1785175529.6007113,8498,100.38,-220.64000000000001,-1808.47,-0.457871583836701,0.746985278549371,-0.4820441954275453,-0.6315248543607304,-0.654925385363421,-0.4150290326365527,-0.6257235580026765,0.11439288980130387,0.7716114927367124,0.1681
1,1785175529.6605527,8501,100.38,-220.64000000000001,-1808.47,-0.4572500927665383,0.7471296479856165,-0.4824102421859231,-0.6309762408248338,-0.6548033644424693,-0.41605472888717904,-0.6267306727610781,0.11414833777025186,0.7708299558299062,0.16
1,1785175529.7203908,8504,100.38,-220.63,-1808.44,-0.4577764757589574,0.7469542490735468,-0.48218258785721696,-0.6314659531112805,-0.6549478972112683,-0.4150831266141761,-0.6258525771321636,0.11446659656647469,0.7714959170128622,0.164
1,1785175529.7652712,8507,100.39,-220.63,-1808.42,-0.45854048326975644,0.7471006760067729,-0.48122884900321744,-0.6316906610290179,-0.6549008453222634,-0.4148153704540218,-0.6250660236898665,0.11377812929736568,0.772235069989787,0.1681
1,1785175529.8251116,8510,100.39,-220.65,-1808.45,-0.45837422936719807,0.7469502764671071,-0.48162054600872184,-0.6321907354447017,-0.6549127293848058,-0.4140340455900109,-0.624682271134626,0.11469351060742809,0.7724101622548925,0.17270000000000002
1,1785175529.885456,8513,100.4,-220.65,-1808.44,-0.45694817811796373,0.7470090473303282,-0.48288284885809435,-0.6310373301183202,-0.6548486583345221,-0.4158907581019547,-0.6268893447107041,0.11467657949255321,0.7706224961705129,0.16040000000000001
1,1785175529.9303365,8516,100.4,-220.64000000000001,-1808.39,-0.4585308924079567,0.7470487784274582,-0.48131854665866075,-0.6317669811122419,-0.6549301585484775,-0.41465282948508914,-0.6249959218138044,0.11395003323259167,0.7722664615548213,0.1731
1,1785175529.9906814,8522,100.41,-220.65,-1808.41,-0.4582254822297465,0.7471727752100131,-0.4814169205795363,-0.6318528556962513,-0.6547596594502793,-0.41479122110412003,-0.6251330867773747,0.11411674873357458,0.7721308124111288,0.168
1,1785175530.0510259,8525,100.46000000000001,-220.6,-1808.33,-0.4571748981023862,0.7472538819237562,-0.4822890715068608,-0.631560845780574,-0.6545776932481141,-0.41552249226594684,-0.6261964632780984,0.11462844085066691,0.7711927838913861,0.1584
1,1785175530.1108658,8528,100.54,-220.54,-1808.24,-0.45711876425650205,0.7474821735029635,-0.48198841859519226,-0.6319921680888506,-0.654293104230103,-0.41531486035451426,-0.6258021531114787,0.11476468991907475,0.7714925347071195,0.1625
1,1785175530.1707056,8531,100.64,-220.46,-1808.1000000000001,-0.4558353064044636,0.7475865352864286,-0.4830409358362729,-0.6327078811361264,-0.6538671150720126,-0.4148958097831752,-0.6260151041176099,0.11649964843653816,0.7710596094536277,0.162
1,1785175530.2305472,8534,100.74000000000001,-220.36,-1807.93,-0.45627068520597736,0.7479982910461126,-0.48199130533004747,-0.6331953791195862,-0.6534920969283856,-0.4147429217162661,-0.6252045054886212,0.11595963023499394,0.7717983483219514,0.1549
1,1785175530.2903857,8540,101.01,-220.12,-1807.5,-0.45482894116405936,0.7488631826357514,-0.4820109625021346,-0.6344148699825869,-0.6522891800854845,-0.41477294787435676,-0.6250187253391359,0.11714418140078399,0.7717699357576596,0.15990000000000001
1,1785175530.3502262,8543,101.13,-219.99,-1807.28,-0.4533000982170272,0.749155128448648,-0.48299649530356104,-0.6347307765463671,-0.6517310359775704,-0.4151668315851454,-0.6258081673015135,0.11837757499920472,0.7709415590536214,0.16090000000000002
1,1785175530.4100657,8546,100.93,-219.96,-1807.06,-0.4427530120810887,0.7456358556039713,-0.497992912731554,-0.631214629091157,-0.6536509449781274,-0.41750273550063643,-0.6368185474014059,0.12948981800487186,0.760062184770844,0.1633
1,1785175530.4699054,8549,100.68,-219.86,-1806.96,-0.43202103342071735,0.739747241997779,-0.5158796803895023,-0.6271036343492467,-0.6574982666117669,-0.41765663072491543,-0.648150336317171,0.14307357323839187,0.7479512645705847,0.1814
1,1785175530.5147867,8552,100.52,-219.77,-1806.94,-0.4167659860140755,0.7347175229734753,-0.5352534673754447,-0.6207718063478767,-0.6601827636023497,-0.4228487709405792,-0.6640395148975019,0.15604127684072858,0.7312336443139122,0.1762
1,1785175530.5746253,8555,100.54,-219.49,-1806.83,-0.4086312369660946,0.7279088534168201,-0.5506080396189016,-0.618730258313475,-0.6644223892436805,-0.41918463249391646,-0.6709645144289674,0.16938591968971226,0.7218829756878675,0.1766
1,1785175530.6344655,8558,100.47,-219.08,-1806.73,-0.39966737417106857,0.716555032852172,-0.5716772471573673,-0.6168845158323456,-0.6715466178796246,-0.41046148922978143,-0.6780261677468618,0.18861077622622768,0.7104269779096544,0.1998
1,1785175530.6793456,8561,100.34,-218.63,-1806.67,-0.3862580703690069,0.7008220476444961,-0.5997108975249552,-0.6123161215138592,-0.6810669985783929,-0.40151800804153787,-0.689835973553885,0.21212307979754427,0.6921922627479798,0.2039
1,1785175530.7391863,8567,100.26,-217.42000000000002,-1806.48,-0.35703813012647617,0.6634039827405899,-0.6575856821127667,-0.6023975888575537,-0.7015613564315695,-0.3806951642725477,-0.7138913913015027,0.2602053397719182,0.6501171145107514,0.25320000000000004
1,1785175530.799026,8570,100.39,-216.67000000000002,-1806.26,-0.3409127339094711,0.6434927912501242,-0.6853433704848204,-0.597625229663373,-0.7110935538264412,-0.3703917420465563,-0.7256876688549769,0.2833072277856778,0.6269883746579542,0.25670000000000004
1,1785175530.8588662,8573,100.79,-215.81,-1806.02,-0.3312356612810327,0.6269610628751824,-0.7051260613068692,-0.5963180000499484,-0.7182471734231155,-0.3585050078954751,-0.731223481236856,0.30172971929878994,0.611777244574957,0.2892
1,1785175530.9187057,8576,101.27,-214.76,-1805.7,-0.32125435382556666,0.6079793246680447,-0.7260556321138938,-0.5946574870537642,-0.7262006921234715,-0.34498554730639547,-0.7370061826328325,0.32092630857500487,0.5948345914835494,0.2907
1,1785175530.9635854,8579,101.55,-213.45000000000002,-1805.38,-0.30603365726312365,0.5810084456615021,-0.7541701311323342,-0.5917752108114773,-0.7366369709799432,-0.3273653507238141,-0.745751634588345,0.34611437279532264,0.5692621017188059,0.331
1,1785175531.0234258,8582,101.81,-211.75,-1805.16,-0.2903552095341522,0.5530481726985007,-0.7809171345099479,-0.5872970110867283,-0.7472903025856031,-0.3108688219009961,-0.7554972356435027,0.3683679170834061,0.541783171202889,0.33190000000000003
1,1785175531.084017,8585,101.89,-210.36,-1805.39,-0.26035544952076206,0.5183012331585369,-0.8146035057690223,-0.574052870271352,-0.7614767618601505,-0.3010256521962898,-0.7763236065186113,0.38925181162496764,0.49578693519355327,0.34550000000000003
1,1785175531.1288965,8588,102.47,-208.44,-1804.96,-0.25476655330463593,0.49713392986042154,-0.8294286341203864,-0.5778794671643819,-0.7659956395382276,-0.28161321282608925,-0.7753382002372168,0.4075641495396223,0.4824335594286099,0.3624
1,1785175531.189453,8594,102.91,-205.11,-1805.29,-0.2094403175123056,0.45121446540604987,-0.8674907835871669,-0.567264046519654,-0.7786855754975547,-0.26806767063222997,-0.7964585707533646,0.43595215416416344,0.4190458976688985,0.3894
1,1785175531.2492933,8597,103.37,-203.37,-1805.41,-0.19185671556689632,0.4359577241058158,-0.8792791726660882,-0.5659283948899206,-0.781110999191589,-0.26380041470633725,-0.8018204615431069,0.44699716971631365,0.39658224584114204,0.3986
1,1785175531.3091328,8600,103.37,-202.1,-1806.15,-0.15114245247478733,0.4121656807200363,-0.898485064258998,-0.5495596417541271,-0.7905520648700978,-0.2702066484835265,-0.8216691300121857,0.45293143450881584,0.3459956017333228,0.4288
1,1785175531.369556,8603,103.74000000000001,-200.65,-1806.51,-0.1330837738969223,0.40207289495497217,-0.9058841516815938,-0.5446953297464153,-0.793274709139118,-0.272070273261692,-0.8280070693404717,0.4572227279814245,0.32457922012881163,0.4293
1,1785175531.4293964,8606,104.24000000000001,-199.19,-1806.6000000000001,-0.1206266815954678,0.39673937156052186,-0.9099709197227283,-0.5417537756772799,-0.7944336167029106,-0.2745506787311671,-0.8318365525911189,0.459862044211191,0.31076494343350186,0.41440000000000005
1,1785175531.489792,8612,105.15,-196.62,-1806.99,-0.09319346719552425,0.3867437125066089,-0.9174662274485542,-0.5303155726867071,-0.7991689660231024,-0.28300946470310046,-0.8426626674049625,0.4601719945652615,0.27957354019968045,0.4339
1,1785175531.549632,8615,105.55,-195.39000000000001,-1807.05,-0.081331187917659,0.38712076464815054,-0.9184349467709368,-0.5249079409135519,-0.7999755652657702,-0.2907073245441304,-0.8472643574692595,0.45845022473104163,0.26826572648450625,0.45120000000000005
1,1785175531.5951595,8618,105.97,-194.08,-1807.07,-0.06928988938003515,0.38773651709195645,-0.9191622841169571,-0.5205426426326445,-0.8000512003247762,-0.29825062289944676,-0.8510195464445725,0.45779741171426913,0.2572688504210927,0.44380000000000003
1,1785175531.6555195,8621,106.28,-192.76,-1807.19,-0.05664972661289296,0.3819136308387502,-0.9224601818258864,-0.5146259394357965,-0.8029135935042973,-0.30081539825254966,-0.8555413204132858,0.457680827592307,0.24202749661952166,0.43670000000000003
1,1785175531.7153594,8624,106.45,-191.5,-1807.25,-0.04479014696119212,0.3770257893072004,-0.9251191258062268,-0.5104382909725848,-0.80467747461022,-0.30322749374670094,-0.8587471070368631,0.45863462151499335,0.22849002189070988,0.4652
1,1785175531.7617462,8627,106.56,-190.36,-1807.5,-0.023445831930003765,0.3679196657509794,-0.9295619465741901,-0.49858526188322905,-0.8102335787650436,-0.30811407704683247,-0.8665235308968486,0.4562418957036685,0.20243592321221293,0.44670000000000004
1,1785175531.8205864,8630,106.61,-189.28,-1807.8400000000001,-0.00036505302269648234,0.355772023137213,-0.934572701446573,-0.4919550622549316,-0.8137221693074358,-0.30957462412049797,-0.8706205163319074,0.459654760369623,0.17532089952857138,0.4948
1,1785175531.8809335,8633,106.55,-188.35,-1808.01,-0.000413267139379466,0.3540604806656889,-0.935222436236991,-0.49332534563565195,-0.8135706726914854,-0.30778704308301924,-0.8698447749821436,0.46124173333199703,0.1750032310249124,0.227
1,1785175531.9407961,8639,nan,nan,nan,nan,nan,nan,nan,nan,nan,nan,nan,nan,nan
1,1785175532.0006132,8642,nan,nan,nan,nan,nan,nan,nan,nan,nan,nan,nan,nan,nan
1,1785175532.0454936,8645,nan,nan,nan,nan,nan,nan,nan,nan,nan,nan,nan,nan,nan
1,1785175532.0904024,8648,nan,nan,nan,nan,nan,nan,nan,nan,nan,nan,nan,nan,nan
1,1785175532.1502137,8651,nan,nan,nan,nan,nan,nan,nan,nan,nan,nan,nan,nan,nan
1,1785175532.1950939,8654,nan,nan,nan,nan,nan,nan,nan,nan,nan,nan,nan,nan,nan
1,1785175532.2399726,8657,nan,nan,nan,nan,nan,nan,nan,nan,nan,nan,nan,nan,nan
1,1785175532.2998166,8660,nan,nan,nan,nan,nan,nan,nan,nan,nan,nan,nan,nan,nan
1,1785175532.3446963,8663,nan,nan,nan,nan,nan,nan,nan,nan,nan,nan,nan,nan,nan
1,1785175532.3895762,8666,nan,nan,nan,nan,nan,nan,nan,nan,nan,nan,nan,nan,nan
1,1785175532.4494162,8669,nan,nan,nan,nan,nan,nan,nan,nan,nan,nan,nan,nan,nan
1,1785175532.4943411,8672,nan,nan,nan,nan,nan,nan,nan,nan,nan,nan,nan,nan,nan
1,1785175532.5541806,8675,nan,nan,nan,nan,nan,nan,nan,nan,nan,nan,nan,nan,nan
1,1785175532.6140206,8678,nan,nan,nan,nan,nan,nan,nan,nan,nan,nan,nan,nan,nan
1,1785175532.658902,8681,nan,nan,nan,nan,nan,nan,nan,nan,nan,nan,nan,nan,nan
1,1785175532.7187407,8684,nan,nan,nan,nan,nan,nan,nan,nan,nan,nan,nan,nan,nan
1,1785175532.7785804,8687,nan,nan,nan,nan,nan,nan,nan,nan,nan,nan,nan,nan,nan
1,1785175532.8234942,8690,nan,nan,nan,nan,nan,nan,nan,nan,nan,nan,nan,nan,nan
1,1785175532.8832414,8693,nan,nan,nan,nan,nan,nan,nan,nan,nan,nan,nan,nan,nan
1,1785175532.9281223,8696,nan,nan,nan,nan,nan,nan,nan,nan,nan,nan,nan,nan,nan
1,1785175532.9727883,8699,nan,nan,nan,nan,nan,nan,nan,nan,nan,nan,nan,nan,nan
1,1785175533.0326283,8702,nan,nan,nan,nan,nan,nan,nan,nan,nan,nan,nan,nan,nan
1,1785175533.0781224,8705,nan,nan,nan,nan,nan,nan,nan,nan,nan,nan,nan,nan,nan
1,1785175533.1230025,8708,nan,nan,nan,nan,nan,nan,nan,nan,nan,nan,nan,nan,nan
1,1785175533.1828427,8711,nan,nan,nan,nan,nan,nan,nan,nan,nan,nan,nan,nan,nan
1,1785175533.2277236,8714,nan,nan,nan,nan,nan,nan,nan,nan,nan,nan,nan,nan,nan
1,1785175533.2733283,8717,nan,nan,nan,nan,nan,nan,nan,nan,nan,nan,nan,nan,nan
1,1785175533.3331692,8720,nan,nan,nan,nan,nan,nan,nan,nan,nan,nan,nan,nan,nan
1,1785175533.3785536,8723,nan,nan,nan,nan,nan,nan,nan,nan,nan,nan,nan,nan,nan
1,1785175533.4234338,8726,nan,nan,nan,nan,nan,nan,nan,nan,nan,nan,nan,nan,nan
1,1785175533.4837801,8732,nan,nan,nan,nan,nan,nan,nan,nan,nan,nan,nan,nan,nan
1,1785175533.5442688,8735,nan,nan,nan,nan,nan,nan,nan,nan,nan,nan,nan,nan,nan
1,1785175533.5891712,8738,nan,nan,nan,nan,nan,nan,nan,nan,nan,nan,nan,nan,nan
1,1785175533.6489918,8741,nan,nan,nan,nan,nan,nan,nan,nan,nan,nan,nan,nan,nan
1,1785175533.6943774,8744,nan,nan,nan,nan,nan,nan,nan,nan,nan,nan,nan,nan,nan
1,1785175533.7392566,8747,nan,nan,nan,nan,nan,nan,nan,nan,nan,nan,nan,nan,nan
1,1785175533.7991002,8750,nan,nan,nan,nan,nan,nan,nan,nan,nan,nan,nan,nan,nan
1,1785175533.8439767,8753,nan,nan,nan,nan,nan,nan,nan,nan,nan,nan,nan,nan,nan
1,1785175533.8894813,8756,nan,nan,nan,nan,nan,nan,nan,nan,nan,nan,nan,nan,nan
1,1785175533.9493213,8759,nan,nan,nan,nan,nan,nan,nan,nan,nan,nan,nan,nan,nan
1,1785175533.9942026,8762,109.97,-182.20000000000002,-1806.49,0.025436411791109045,0.4091306755457405,-0.9121211976939683,-0.4986823858835592,-0.7855908743254946,-0.36628248140743197,-0.8664114882460147,0.4641756871099463,0.18404364844062157,0.38330000000000003
1,1785175534.0550392,8765,109.94,-182.26,-1806.33,0.018684454266141293,0.4220678784465808,-0.9063716661239906,-0.5030367372494223,-0.7794673715251185,-0.37334254740811196,-0.8640630371368931,0.4629139474149867,0.19775172601634328,0.5282
1,1785175534.1138813,8768,109.89,-182.20000000000002,-1806.29,0.018479105713344136,0.42435374464380576,-0.9053079156059637,-0.504220074845782,-0.7779341644462022,-0.374940731196149,-0.8633774601960308,0.4634029943733301,0.19959214922256432,0.5536
1,1785175534.1587617,8771,109.85000000000001,-182.12,-1806.46,0.024857275004466446,0.4231606802988102,-0.9057136161769901,-0.49885851205976905,-0.779878641850568,-0.37806016575516976,-0.8663269018245164,0.4612204924267365,0.19171164946547486,0.552
1,1785175534.2186012,8774,109.82000000000001,-181.98,-1806.69,0.039286899810595084,0.41671252144290977,-0.9081889748152444,-0.48868451369769395,-0.7847661630483806,-0.38122108468232807,-0.8715755765137757,0.4587948820627959,0.17280992627064137,0.4812
1,1785175534.278441,8777,109.88,-181.9,-1807.27,0.0756799329164252,0.40146578402952915,-0.9127418978042593,-0.46227472512449036,-0.7969278117397077,-0.38885491045740717,-0.8835013448008114,0.4513660234547088,0.12527604162744382,0.4158
1,1785175534.338898,8783,nan,nan,nan,nan,nan,nan,nan,nan,nan,nan,nan,nan,nan
1,1785175534.3987381,8786,nan,nan,nan,nan,nan,nan,nan,nan,nan,nan,nan,nan,nan
1,1785175534.4436188,8789,nan,nan,nan,nan,nan,nan,nan,nan,nan,nan,nan,nan,nan
1,1785175534.4884987,8792,nan,nan,nan,nan,nan,nan,nan,nan,nan,nan,nan,nan,nan
1,1785175534.5483384,8795,nan,nan,nan,nan,nan,nan,nan,nan,nan,nan,nan,nan,nan
1,1785175534.5932178,8798,nan,nan,nan,nan,nan,nan,nan,nan,nan,nan,nan,nan,nan
1,1785175534.6380978,8801,nan,nan,nan,nan,nan,nan,nan,nan,nan,nan,nan,nan,nan
1,1785175534.6984432,8804,nan,nan,nan,nan,nan,nan,nan,nan,nan,nan,nan,nan,nan
1,1785175534.7433226,8807,nan,nan,nan,nan,nan,nan,nan,nan,nan,nan,nan,nan,nan
1,1785175534.7883077,8810,nan,nan,nan,nan,nan,nan,nan,nan,nan,nan,nan,nan,nan
1,1785175534.8486545,8813,nan,nan,nan,nan,nan,nan,nan,nan,nan,nan,nan,nan,nan
1,1785175534.893373,8816,nan,nan,nan,nan,nan,nan,nan,nan,nan,nan,nan,nan,nan
1,1785175534.9382524,8819,nan,nan,nan,nan,nan,nan,nan,nan,nan,nan,nan,nan,nan
1,1785175534.998093,8822,nan,nan,nan,nan,nan,nan,nan,nan,nan,nan,nan,nan,nan
1,1785175535.0429788,8825,nan,nan,nan,nan,nan,nan,nan,nan,nan,nan,nan,nan,nan
1,1785175535.0878527,8828,nan,nan,nan,nan,nan,nan,nan,nan,nan,nan,nan,nan,nan
1,1785175535.1476924,8831,nan,nan,nan,nan,nan,nan,nan,nan,nan,nan,nan,nan,nan
1,1785175535.192573,8834,nan,nan,nan,nan,nan,nan,nan,nan,nan,nan,nan,nan,nan
1,1785175535.238073,8837,nan,nan,nan,nan,nan,nan,nan,nan,nan,nan,nan,nan,nan
1,1785175535.2979136,8840,nan,nan,nan,nan,nan,nan,nan,nan,nan,nan,nan,nan,nan
1,1785175535.3427935,8843,nan,nan,nan,nan,nan,nan,nan,nan,nan,nan,nan,nan,nan
1,1785175535.3881788,8846,nan,nan,nan,nan,nan,nan,nan,nan,nan,nan,nan,nan,nan
1,1785175535.448019,8849,nan,nan,nan,nan,nan,nan,nan,nan,nan,nan,nan,nan,nan
1,1785175535.5083635,8852,nan,nan,nan,nan,nan,nan,nan,nan,nan,nan,nan,nan,nan
1,1785175535.5532465,8855,nan,nan,nan,nan,nan,nan,nan,nan,nan,nan,nan,nan,nan
1,1785175535.613084,8858,nan,nan,nan,nan,nan,nan,nan,nan,nan,nan,nan,nan,nan
1,1785175535.657963,8861,nan,nan,nan,nan,nan,nan,nan,nan,nan,nan,nan,nan,nan
1,1785175535.703841,8864,nan,nan,nan,nan,nan,nan,nan,nan,nan,nan,nan,nan,nan
1,1785175535.7633033,8867,nan,nan,nan,nan,nan,nan,nan,nan,nan,nan,nan,nan,nan
1,1785175535.8081822,8870,nan,nan,nan,nan,nan,nan,nan,nan,nan,nan,nan,nan,nan
1,1785175535.8680222,8873,nan,nan,nan,nan,nan,nan,nan,nan,nan,nan,nan,nan,nan
1,1785175535.9278622,8876,nan,nan,nan,nan,nan,nan,nan,nan,nan,nan,nan,nan,nan
1,1785175535.9727426,8879,nan,nan,nan,nan,nan,nan,nan,nan,nan,nan,nan,nan,nan
1,1785175536.0325828,8885,nan,nan,nan,nan,nan,nan,nan,nan,nan,nan,nan,nan,nan
1,1785175536.0924225,8888,nan,nan,nan,nan,nan,nan,nan,nan,nan,nan,nan,nan,nan
1,1785175536.137302,8891,nan,nan,nan,nan,nan,nan,nan,nan,nan,nan,nan,nan,nan
1,1785175536.197152,8894,nan,nan,nan,nan,nan,nan,nan,nan,nan,nan,nan,nan,nan
1,1785175536.2420218,8897,nan,nan,nan,nan,nan,nan,nan,nan,nan,nan,nan,nan,nan
1,1785175536.2869022,8900,nan,nan,nan,nan,nan,nan,nan,nan,nan,nan,nan,nan,nan
1,1785175536.3467422,8903,nan,nan,nan,nan,nan,nan,nan,nan,nan,nan,nan,nan,nan
1,1785175536.3922262,8906,nan,nan,nan,nan,nan,nan,nan,nan,nan,nan,nan,nan,nan
1,1785175536.4371061,8909,nan,nan,nan,nan,nan,nan,nan,nan,nan,nan,nan,nan,nan
1,1785175536.4969459,8912,nan,nan,nan,nan,nan,nan,nan,nan,nan,nan,nan,nan,nan
1,1785175536.556787,8915,nan,nan,nan,nan,nan,nan,nan,nan,nan,nan,nan,nan,nan
1,1785175536.6024666,8918,nan,nan,nan,nan,nan,nan,nan,nan,nan,nan,nan,nan,nan
1,1785175536.6613088,8921,nan,nan,nan,nan,nan,nan,nan,nan,nan,nan,nan,nan,nan
1,1785175536.7061884,8924,nan,nan,nan,nan,nan,nan,nan,nan,nan,nan,nan,nan,nan
1,1785175536.766029,8927,nan,nan,nan,nan,nan,nan,nan,nan,nan,nan,nan,nan,nan
1,1785175536.8258686,8930,nan,nan,nan,nan,nan,nan,nan,nan,nan,nan,nan,nan,nan
1,1785175536.8707757,8933,nan,nan,nan,nan,nan,nan,nan,nan,nan,nan,nan,nan,nan
1,1785175536.930589,8939,nan,nan,nan,nan,nan,nan,nan,nan,nan,nan,nan,nan,nan
1,1785175536.990431,8942,nan,nan,nan,nan,nan,nan,nan,nan,nan,nan,nan,nan,nan
1,1785175537.0353127,8945,nan,nan,nan,nan,nan,nan,nan,nan,nan,nan,nan,nan,nan
1,1785175537.095424,8948,nan,nan,nan,nan,nan,nan,nan,nan,nan,nan,nan,nan,nan
1,1785175537.1402931,8951,nan,nan,nan,nan,nan,nan,nan,nan,nan,nan,nan,nan,nan
1,1785175537.18515,8954,nan,nan,nan,nan,nan,nan,nan,nan,nan,nan,nan,nan,nan
1,1785175537.2449899,8957,nan,nan,nan,nan,nan,nan,nan,nan,nan,nan,nan,nan,nan
1,1785175537.2910063,8960,nan,nan,nan,nan,nan,nan,nan,nan,nan,nan,nan,nan,nan
1,1785175537.3358564,8963,nan,nan,nan,nan,nan,nan,nan,nan,nan,nan,nan,nan,nan
1,1785175537.3962016,8966,nan,nan,nan,nan,nan,nan,nan,nan,nan,nan,nan,nan,nan
1,1785175537.456042,8969,nan,nan,nan,nan,nan,nan,nan,nan,nan,nan,nan,nan,nan
1,1785175537.501434,8972,nan,nan,nan,nan,nan,nan,nan,nan,nan,nan,nan,nan,nan
1,1785175537.5612662,8975,nan,nan,nan,nan,nan,nan,nan,nan,nan,nan,nan,nan,nan
1,1785175537.6062598,8978,nan,nan,nan,nan,nan,nan,nan,nan,nan,nan,nan,nan,nan
1,1785175537.6511402,8981,nan,nan,nan,nan,nan,nan,nan,nan,nan,nan,nan,nan,nan
1,1785175537.712094,8984,nan,nan,nan,nan,nan,nan,nan,nan,nan,nan,nan,nan,nan
1,1785175537.7569742,8987,108.05,-152.47,-1796.1000000000001,0.24950069181907678,0.7341540417406929,-0.6314802037891666,-0.4830131605894065,-0.4708460519206899,-0.7382426986351651,-0.8393138218087645,0.4892053131217037,0.23712964836616593,0.14
1,1785175537.8173187,8990,108.39,-151.96,-1794.79,0.1971994682476407,0.757919008286451,-0.6218288724407467,-0.5270846729914032,-0.4528450861667069,-0.7191057470443506,-0.8266160639743177,0.4695637388180123,0.310186682446001,0.32320000000000004
1,1785175537.8771603,8993,108.95,-151.33,-1793.74,0.14998175164777772,0.779011304376614,-0.6088077379814673,-0.5668537710377398,-0.4367601328364021,-0.6985108364406543,-0.8100507863294487,0.4498688409060745,0.3760794457941925,0.3154
1,1785175537.922546,8996,109.37,-150.89000000000001,-1793.01,0.1161094059799004,0.7947641614497698,-0.5957084299538146,-0.5932982381082762,-0.4255076030025427,-0.6833304328395199,-0.7965650045668651,0.43277385256283046,0.42212674167519354,0.2957
1,1785175537.9823854,9002,109.94,-149.83,-1791.75,0.04563705122975185,0.8170219150975231,-0.5747977468687824,-0.6436698612143776,-0.41597795685865313,-0.6423795211337022,-0.7639413389255205,0.39929629306828834,0.5069083753723218,0.26990000000000003
1,1785175538.0422254,9005,110.29,-149.3,-1791.19,0.009779492522036576,0.829576198322974,-0.5583078834317253,-0.6684847489348893,-0.40980799381172006,-0.6206331836515602,-0.7436615506851685,0.37928978286267456,0.5505513224473407,0.25980000000000003
1,1785175538.1026967,9008,110.67,-148.89000000000001,-1790.72,-0.013701810998527682,0.8398644197556172,-0.542623273371057,-0.6876711866215927,-0.4018753544154676,-0.6046524113934326,-0.7258929669488547,0.3648615572268509,0.5830569822857677,0.2516
1,1785175538.1625366,9011,110.98,-148.67000000000002,-1790.45,-0.028910080715959657,0.8482207760936713,-0.5288532142627546,-0.6989208335361898,-0.3953956695005749,-0.5959630298846313,-0.7146144944528307,0.352397190033125,0.604270092570105,0.2424
1,1785175538.2223759,9014,111.27,-148.39000000000001,-1790.17,-0.04394170508003173,0.8546560126906603,-0.5173318340546632,-0.7100990006599152,-0.39096696803164105,-0.5855802585213541,-0.7027293474848261,0.3416254233511433,0.6240701357249061,0.22790000000000002
1,1785175538.2822158,9020,112.42,-147.0,-1789.23,-0.10856152243442266,0.8717074650570463,-0.4778498626247983,-0.7585698961781786,-0.38331506604416604,-0.5269167607466895,-0.6424843254577872,0.3052796349371751,0.7028643084078727,0.1943
1,1785175538.3420563,9023,112.8,-146.5,-1789.04,-0.13040770595495033,0.8759838315249256,-0.4643771712029755,-0.7751809536887877,-0.38209766805918044,-0.5030863356342307,-0.6181329300932838,0.29437000351708187,0.728874462279784,0.1832
1,1785175538.4018967,9026,113.07000000000001,-146.16,-1788.82,-0.14559371877355626,0.8788897785503225,-0.4542633885902006,-0.7856258666159417,-0.3817831553832086,-0.48686098628827446,-0.6013272542947286,0.2859971668135993,0.746063773290834,0.1806
1,1785175538.4617362,9029,113.29,-145.81,-1788.55,-0.16257517265256136,0.8823501858831321,-0.4416191376163311,-0.7969448566128783,-0.3813164704846721,-0.46848334533405855,-0.5817630176930022,0.27578233955261594,0.7651770333952901,0.15760000000000002
1,1785175538.5215766,9032,113.37,-145.65,-1788.3500000000001,-0.1724707480105506,0.8837642269095998,-0.4349880829580949,-0.8044889975031675,-0.38119900974877935,-0.455504959207799,-0.568376014603915,0.27138184574769797,0.776724275287919,0.1638
1,1785175538.5814157,9038,112.85000000000001,-145.65,-1787.54,-0.18844604813201093,0.8840697580086953,-0.42767832528417304,-0.8137592056397541,-0.38436030752450073,-0.4359622796025219,-0.5498036396569088,0.265871805526871,0.7918510850190822,0.14850000000000002
1,1785175538.6412556,9041,112.35000000000001,-145.91,-1787.06,-0.19362454521749084,0.8831058014845985,-0.427356617912447,-0.8165726797648886,-0.38651371382569033,-0.42873792424540846,-0.5438001417349109,0.265953553104518,0.7959586128940207,0.1424
1,1785175538.7010963,9044,111.8,-146.05,-1786.39,-0.20186973257585478,0.8827339269823653,-0.4242987452539129,-0.8213114999742624,-0.3885834956915937,-0.4176724636436164,-0.5335691436728512,0.26416601036165355,0.8034427720067104,0.14830000000000002
1,1785175538.7609365,9047,111.35000000000001,-146.18,-1785.81,-0.21151097952476766,0.8834931873220233,-0.4179747522232002,-0.8267875826745353,-0.3898019507992607,-0.40555731073214457,-0.5212344949019317,0.2597965109632211,0.8129085890896129,0.15430000000000002
1,1785175538.8063827,9050,111.02,-146.31,-1785.23,-0.21938326384228876,0.8867496970397308,-0.4068733935093941,-0.8309000040218997,-0.3883880485225739,-0.3984468685800327,-0.5113474033006443,0.2506585298065324,0.8220061645589501,0.1316
1,1785175538.8662565,9053,110.71000000000001,-146.44,-1784.75,-0.22453013239691388,0.8889336216496009,-0.3992283005333522,-0.8348976558231942,-0.3867597325018694,-0.3916156452646112,-0.5025257445611714,0.24538525957360738,0.8290078108421136,0.12560000000000002
1,1785175538.9265716,9056,110.38,-146.5,-1784.3600000000001,-0.22804035993607344,0.8910981242769418,-0.3923540838966023,-0.8373185084590619,-0.38513127841036676,-0.3880355831388259,-0.4968856102083438,0.24003756226914272,0.8339584276615767,0.12090000000000001
1,1785175538.9714527,9059,110.10000000000001,-146.48,-1784.08,-0.2306282660038653,0.8926935634061975,-0.38718058418933615,-0.8394611674124602,-0.3837533124515532,-0.3847575127128384,-0.4920523867705142,0.23628710721409632,0.8378859419024969,0.1226
1,1785175539.0312903,9065,109.55,-146.36,-1783.6200000000001,-0.23185130564804554,0.8940968684708972,-0.3831915472186616,-0.8406194191188082,-0.3823831448424595,-0.38359108793186025,-0.48949357939574045,0.23318216126223262,0.840251221599481,0.1197
1,1785175539.091874,9068,109.37,-146.28,-1783.53,-0.23148395407706554,0.8942750355303651,-0.38299783267273363,-0.8415582752995703,-0.38158109874591056,-0.3823290916928457,-0.48805209586647585,0.23381194560378624,0.8409144580831706,0.12290000000000001
1,1785175539.1517131,9071,109.24000000000001,-146.22,-1783.31,-0.23104447747242116,0.8951939599741834,-0.3811118253941171,-0.8414426813358145,-0.3805048959812759,-0.383653799877798,-0.48845947985057164,0.23204266452533787,0.8411679608639946,0.12430000000000001
1,1785175539.211553,9074,109.15,-146.14000000000001,-1783.16,-0.23063620957527187,0.8953815012223741,-0.38091850322807763,-0.8418933521752457,-0.3799064004996507,-0.3832580206890999,-0.48787551936521556,0.23229957840720836,0.8414359057444329,0.12040000000000001
1,1785175539.2713938,9077,109.05,-146.11,-1783.03,-0.23075042315704006,0.8954583708315423,-0.3806685544152117,-0.842372369673223,-0.37965551012971266,-0.3824532447754451,-0.4869938737027047,0.23241342417310512,0.8419150593974232,0.11620000000000001
1,1785175539.3312364,9083,108.9,-146.01,-1782.93,-0.23131738114307354,0.8955062832612568,-0.3802114751302489,-0.8427382732529368,-0.37970451166675606,-0.3815975453466241,-0.48609101202940236,0.23214861718201157,0.8425096720897104,0.1102
1,1785175539.3910775,9086,108.81,-145.96,-1782.8600000000001,-0.23028133348179253,0.8952402880946608,-0.38146472185778313,-0.8421753880657101,-0.37974358805875513,-0.38279945541318733,-0.48755627694269077,0.23310863111530392,0.8413971968775099,0.1173
1,1785175539.4510376,9089,108.79,-145.97,-1782.83,-0.23053838205021268,0.8952913004915874,-0.38118964002941125,-0.8422670641855586,-0.37977188034213843,-0.3825696165270272,-0.4872763558699625,0.23286649858981093,0.8416263700981637,0.1211
1,1785175539.5113583,9092,108.76,-145.94,-1782.81,-0.2299633478488377,0.8953335012118889,-0.3814377803178585,-0.842139461674699,-0.3795145777462783,-0.3831054846492183,-0.4877683730382719,0.23312358715008769,0.8412701155858758,0.11850000000000001
1,1785175539.5711985,9095,108.76,-145.95000000000002,-1782.82,-0.22950954921257335,0.8950866857809562,-0.38228940837787473,-0.8418998042418775,-0.3796590680234519,-0.38348886774592605,-0.48839542016457305,0.23383502091266822,0.8407086870950261,0.1177
1,1785175539.6311777,9101,108.72,-145.97,-1782.79,-0.22887285825875262,0.8951352433758625,-0.38255733010740284,-0.8416511318988186,-0.37942345044035214,-0.38426711728871,-0.4891222617361701,0.23403149643236715,0.8402313203825006,0.1258
1,1785175539.6910176,9104,108.69,-146.0,-1782.83,-0.22746052705765585,0.8950132627342221,-0.38368342179522963,-0.8408615698077957,-0.37924455646677874,-0.38616756312601686,-0.4911349397579277,0.23478676691874895,0.8388454237991753,0.1207
1,1785175539.7508578,9107,108.63,-146.06,-1782.8600000000001,-0.22460719299342724,0.8945135549839786,-0.38651922178015635,-0.8398118637752385,-0.378874832324872,-0.38880572898706117,-0.49423440017665027,0.237274864620601,0.8363211083676544,0.1203
1,1785175539.8106978,9110,108.59,-146.11,-1782.8400000000001,-0.22264419380175726,0.8941733735867738,-0.3884373063118591,-0.8380393913546461,-0.3791189096181207,-0.3923758796204238,-0.4981159920182243,0.238165552375684,0.8337611337531184,0.12000000000000001
1,1785175539.870538,9113,108.55,-146.14000000000001,-1782.8500000000001,-0.22125780682242485,0.8938930058498328,-0.3898721290537209,-0.8375479720207147,-0.3789670641890948,-0.3935700176892114,-0.49955818228122156,0.2394561720913645,0.8325276957334407,0.1187
1,1785175539.9303777,9119,108.53,-146.17000000000002,-1782.88,-0.22061976181636703,0.8938477725687679,-0.39033713654985663,-0.8370446902794085,-0.37894506881287443,-0.394660387291979,-0.5006826411721685,0.23965974692521444,0.8317933027697467,0.1203
1,1785175539.9902225,9122,108.52,-146.16,-1782.8700000000001,-0.22028521587490635,0.8938433783939934,-0.39053609124914185,-0.8371348775294152,-0.37874432919691836,-0.3946617918230584,-0.5006791592334922,0.2399932249093472,0.8316992434208742,0.11900000000000001
1,1785175540.0500576,9125,108.52,-146.16,-1782.8600000000001,-0.21980950422324783,0.8936312089625963,-0.39128895233724537,-0.8371969501310458,-0.3786981301517752,-0.39457444533424196,-0.5007844332089463,0.2408547043086312,0.8313867709243374,0.12050000000000001
1,1785175540.1098988,9128,108.51,-146.17000000000002,-1782.88,-0.21886969374413962,0.8936834183095854,-0.3916963173159035,-0.8362745779222543,-0.37863229558719746,-0.39658847065859676,-0.5027334159187172,0.24076447532155476,0.8302358580197765,0.1145
1,1785175540.169738,9131,108.48,-146.20000000000002,-1782.8700000000001,-0.21848358464540704,0.8936433407275769,-0.3920031923514772,-0.8359299590789456,-0.37865063146487526,-0.39729686986625457,-0.5034739583680229,0.2408843682444073,0.8297521885362685,0.1267
1,1785175540.2296133,9137,108.39,-146.24,-1782.93,-0.21442382288721298,0.8928663809850712,-0.39599501244972146,-0.8338790098063731,-0.3784486364509604,-0.4017740989321633,-0.5085943581900767,0.24406199063973635,0.825690937059499,0.12430000000000001
1,1785175540.2894177,9140,108.36,-146.23,-1782.94,-0.21435163328476267,0.8929154397709971,-0.39592347079545726,-0.8340671753221534,-0.37827337624945223,-0.40154850251366203,-0.5083161657455709,0.24415419357325605,0.8258349746785456,0.1327
1,1785175540.3492572,9143,108.31,-146.21,-1782.96,-0.2143078999047843,0.8928392996419086,-0.39611880674028505,-0.8333144421979761,-0.3786902392833809,-0.4027167032738667,-0.5095676250142633,0.24378615154770802,0.8251721928487904,0.1283
1,1785175540.4090977,9146,108.23,-146.17000000000002,-1783.02,-0.213740442058056,0.8924814115656896,-0.3972303531183653,-0.8334504271061335,-0.3787119870360324,-0.4024147318772312,-0.5095835642811007,0.24505950478390823,0.8247850811754751,0.13
1,1785175540.453977,9149,108.16,-146.12,-1783.0900000000001,-0.21348450793656065,0.8924745707459174,-0.39738332305593205,-0.8332846610838596,-0.3786739250715283,-0.4027936594253689,-0.5099618009943903,0.24514322149064874,0.8245263867722759,0.1258
1,1785175540.513817,9152,108.10000000000001,-146.06,-1783.16,-0.213301153372017,0.8923277051410016,-0.3978113681230851,-0.8326822660737612,-0.37902285276189285,-0.4037101941374558,-0.5110213906838275,0.2451386214410735,0.8238714672456723,0.12340000000000001
1,1785175540.5736568,9155,108.0,-146.01,-1783.32,-0.212319402229876,0.8920898765532363,-0.39886855427318385,-0.8317569329005357,-0.3792300006045992,-0.4054195496190699,-0.5129335980501198,0.2456832489053078,0.8225198266295413,0.1268
1,1785175540.6187005,9158,107.91,-145.95000000000002,-1783.55,-0.21265515378655891,0.892188353954626,-0.3984692292207139,-0.8319158598167841,-0.3792172227975673,-0.40510529510116405,-0.512536620889977,0.24534514260819404,0.8228681384312124,0.13
1,1785175540.6785405,9164,107.64,-145.89000000000001,-1784.15,-0.21283156156272548,0.8920151176644883,-0.3987627819403169,-0.8305203992203626,-0.38014489053695716,-0.4070942503616262,-0.5147218597277768,0.24453811984362242,0.8217435823063814,0.1252
1,1785175540.738383,9167,107.45,-145.92000000000002,-1784.6100000000001,-0.21311220380176243,0.8920812720361043,-0.39846479477264,-0.828907624138767,-0.38097491645041254,-0.4095976851499844,-0.517199515888579,0.2430002409835168,0.8206433717800762,0.1315
1,1785175540.7982213,9170,107.24000000000001,-145.96,-1785.39,-0.21619515583824503,0.8918062043629121,-0.39741835444766865,-0.827537749938138,-0.38337958975493713,-0.4101235942818459,-0.5181128516253973,0.24021195644503623,0.8208881098916265,0.1322
1,1785175540.8580604,9173,106.98,-145.95000000000002,-1786.26,-0.22199571729164377,0.889813123681343,-0.3986859747076884,-0.8271582695410008,-0.38835823995818003,-0.40618600983603786,-0.5162626256413549,0.23960484632209678,0.8222301496447687,0.1384
1,1785175540.9029412,9176,106.74000000000001,-145.97,-1787.29,-0.22912061860510075,0.885520334085865,-0.40417506114365104,-0.8252786527619315,-0.3968952125431863,-0.4017329156986643,-0.5161578125200346,0.24151175578169493,0.821737904926976,0.12610000000000002
1,1785175540.9627807,9179,106.53,-145.87,-1788.29,-0.2367872030769318,0.8800519105804725,-0.41163145548252755,-0.8268596886339356,-0.40499921590226823,-0.39022902305023294,-0.5101322140104418,0.24796021818470826,0.8235780803461179,0.1449
1,1785175541.0226235,9182,106.53,-146.02,-1789.47,-0.2433489964501189,0.8769639682301639,-0.4143856468951647,-0.8262242394778756,-0.41121129576749776,-0.38504386286814324,-0.5080696527307315,0.24867542833826511,0.8246367438544404,0.1327
1,1785175541.082463,9188,106.84,-146.71,-1792.0,-0.24659941058603704,0.877667609832751,-0.4109602138274278,-0.8214274791783024,-0.41431158340111174,-0.39192194160373733,-0.5142427706340642,0.2409262926916233,0.8231092845670442,0.1345
1,1785175541.1425705,9191,107.0,-147.20000000000002,-1793.6100000000001,-0.2490947267970319,0.8776813964592814,-0.40942298835214125,-0.8159176624364359,-0.41793180586410744,-0.39951392187435475,-0.5217568257398977,0.23453863638311612,0.8202203623645138,0.13
1,1785175541.2029154,9194,107.07000000000001,-147.75,-1795.21,-0.25379770553578823,0.8757440010123125,-0.4106813477085557,-0.8123690383641987,-0.42344922425344755,-0.40093303678592057,-0.5250173998754671,0.23186892670235007,0.8188977534820228,0.13570000000000002
1,1785175541.2627556,9197,107.13,-148.53,-1797.0,-0.25647545529276444,0.8725133251192267,-0.41586156148622344,-0.8078742683770485,-0.4297165128999614,-0.40333966459467663,-0.5306218119589677,0.2325171306172691,0.8150928024727575,0.14650000000000002
1,1785175541.3230991,9200,107.13,-149.33,-1798.88,-0.25875475831813216,0.8709109946663793,-0.4178037989498692,-0.8029850626258741,-0.4343550064106296,-0.4081062577390144,-0.5368993986283147,0.22989077357571286,0.8117199443017982,0.13140000000000002
1,1785175541.3679798,9203,107.28,-150.01,-1800.9,-0.26407659027731006,0.8714968934554919,-0.4132272004175629,-0.7993694751505193,-0.43749492635317544,-0.4118332570504876,-0.5396962077549676,0.22156568803101395,0.8121801827317939,0.1361
1,1785175541.428325,9209,107.58,-151.21,-1805.07,-0.2758813922256451,0.8729737855550267,-0.4022514476759109,-0.7912451351535407,-0.44386449583648685,-0.42061317791015135,-0.5457294141967199,0.20224015197172798,0.8131902160078891,0.1432
1,1785175541.4881635,9212,107.59,-151.87,-1807.27,-0.2810099170732095,0.8725280837358573,-0.39966006755584266,-0.7863661663166908,-0.44806206673417465,-0.42528653496941404,-0.5501469612557163,0.19476942122965,0.8120364484276359,0.14200000000000002
1,1785175541.5485094,9215,107.44,-152.56,-1809.55,-0.28943431751339604,0.8692567658128358,-0.4007748132482423,-0.783406209628473,-0.4557014948542495,-0.42262377867691214,-0.550002260505449,0.19164765241508006,0.8128767992523128,0.134
1,1785175541.608349,9218,107.35000000000001,-153.35,-1811.89,-0.2966106325738191,0.8681643911273776,-0.3978853134039862,-0.7796973938730967,-0.46072363016604495,-0.4240350346305391,-0.5514472836379375,0.18445684206624283,0.813561040600697,0.1325
1,1785175541.6681893,9221,107.18,-154.16,-1814.18,-0.3047088497277023,0.8680082005858358,-0.39206412818996844,-0.775887863622848,-0.4649629731121352,-0.42638885623043277,-0.5524043265402556,0.17427334090578328,0.815155361062628,0.1298
1,1785175541.728029,9227,106.86,-155.76,-1818.46,-0.3122555648649414,0.8673791737149612,-0.3874917176101025,-0.764606833523958,-0.47153405072075866,-0.4393541044981135,-0.5638021393532864,0.1590880511428313,0.8104431748396881,0.12840000000000001
1,1785175541.7878685,9230,107.01,-156.3,-1820.44,-0.31636438424546126,0.866951088699581,-0.38510957685261676,-0.761670170535204,-0.4741326810221063,-0.4416522977452546,-0.56548397651734,0.1536034198493023,0.810329477257699,0.1404
1,1785175541.8477097,9233,107.32000000000001,-156.77,-1822.3,-0.3210758412260124,0.8673336236885886,-0.38031919409915443,-0.7585697720177874,-0.47595073428043805,-0.4450199990099252,-0.5669940080476075,0.14561347381727321,0.810749351576044,0.13440000000000002
1,1785175541.9075487,9236,107.76,-157.21,-1823.88,-0.3229433352994005,0.8675711376517693,-0.3781903268188035,-0.7558502605926938,-0.4769114628025915,-0.4486043247779146,-0.569559466384025,0.14098148020611348,0.8097692489167748,0.1292
1,1785175541.9524283,9239,108.19,-157.70000000000002,-1825.3600000000001,-0.32453961623143124,0.8664760808461252,-0.3793326229286044,-0.7537656334461614,-0.4791894985446038,-0.4496829931408108,-0.5714117668825718,0.13998794878885332,0.8086358679047244,0.13140000000000002
1,1785175542.0122685,9242,108.68,-158.17000000000002,-1826.72,-0.3255535861655657,0.8647792724780426,-0.3823240411314556,-0.752321990403039,-0.48184147291303386,-0.4492665330703009,-0.5727359647261112,0.14137045261774295,0.8074576830001094,0.1463
1,1785175542.0721085,9245,109.29,-158.6,-1828.01,-0.3261735756803932,0.8640821111204517,-0.38337045239492606,-0.7502965914726905,-0.48333768457500126,-0.4510429109232727,-0.5750354974715297,0.14052326466211934,0.8059698435651116,0.13340000000000002
1,1785175542.1169884,9248,109.87,-159.04,-1829.29,-0.32619655207447545,0.8627913636946569,-0.38624716458329905,-0.7493531897500751,-0.4850885371809026,-0.450731525530531,-0.5762513396306438,0.14240847527308978,0.8047696687526698,0.1449
1,1785175542.1768303,9254,111.06,-159.85,-1831.92,-0.3237077751967476,0.8595649389090719,-0.39542558348621715,-0.7446767149298243,-0.4892716495413285,-0.4539491636697138,-0.5836693126407256,0.14751735068577787,0.7984790321155292,0.13340000000000002
1,1785175542.2367027,9257,111.68,-160.25,-1833.42,-0.3199570673081437,0.857279526085239,-0.403359999547104,-0.7385132149435286,-0.49236157741124825,-0.46062816722697364,-0.5934860625434648,0.15050545253968436,0.7906468252781891,0.1398
1,1785175542.29651,9260,112.16,-160.73,-1835.0,-0.3140450166933146,0.8523549909875202,-0.41817065515021473,-0.7285695355085097,-0.498769096200757,-0.4694846329796048,-0.6087381698390615,0.15722709058474654,0.7776358290146139,0.14850000000000002
1,1785175542.3563485,9263,112.53,-161.16,-1836.46,-0.3057201834147646,0.8429787951805591,-0.44263068163964403,-0.7181766844734444,-0.5093861065049979,-0.474075990088519,-0.6251059264889219,0.1729524367437821,0.7611373301138334,0.1597
1,1785175542.4012284,9266,112.82000000000001,-161.77,-1837.93,-0.2930870542232432,0.8322001639653592,-0.4706834028758302,-0.7032323520567211,-0.5211714206168561,-0.4835748229105607,-0.6477377846532605,0.18927027613504852,0.7379786751012857,0.1658
1,1785175542.4615848,9269,113.10000000000001,-162.37,-1839.33,-0.28236261495630827,0.8196070856229682,-0.49851336879933333,-0.6903890372523016,-0.5344222287044329,-0.48760215207526186,-0.6660588043985873,0.20648754602447894,0.7167486047561676,0.1749
1,1785175542.5214255,9272,113.38,-162.74,-1840.6200000000001,-0.2765366830827947,0.8033731696385367,-0.5273699016956664,-0.6833550031983704,-0.5502302990761434,-0.47986722911898566,-0.6756873555967442,0.2276799689992707,0.701147936745998,0.1956
1,1785175542.5663037,9275,113.68,-163.15,-1841.93,-0.2710819501471342,0.7878653395200693,-0.5529762952309552,-0.6743124977838965,-0.5653992479675986,-0.4750014165559052,-0.686889533794823,0.2441145165298446,0.6845369757599153,0.19260000000000002
1,1785175542.6268847,9281,113.71000000000001,-164.08,-1844.48,-0.2550082258240115,0.7450388031749875,-0.6163505386755757,-0.6433793506387447,-0.6065799990828246,-0.467037167562013,-0.7218267215431673,0.2774488898450718,0.6340254707738324,0.23520000000000002
1,1785175542.6867626,9284,113.58,-164.59,-1845.6000000000001,-0.24696603677420872,0.7200266276266828,-0.64851324750431,-0.6246028709110181,-0.6299501992171334,-0.46155606393590803,-0.7408637056367078,0.29107456435566514,0.6053070028137832,0.2659
1,1785175542.7465641,9287,113.69,-164.89000000000001,-1846.52,-0.24371437725713324,0.6991768766339109,-0.6721272182396845,-0.6105953823498774,-0.6490508494799765,-0.45376896527013383,-0.7535095098080545,0.2998077550193953,0.5850971959077017,0.2863
1,1785175542.806404,9290,113.83,-165.16,-1847.13,-0.24169628014020758,0.684437847829903,-0.6878428168007259,-0.6013356264220896,-0.6619834608334807,-0.4474073781001836,-0.7615631113453037,0.30548769212670135,0.5715758019695747,0.2796
1,1785175542.851296,9293,114.02,-165.49,-1847.43,-0.23787731688712094,0.6753822918387707,-0.6980495268827231,-0.5931880386388528,-0.670100936180125,-0.44619803467329494,-0.7691178927358114,0.30793423843595186,0.5600305097693296,0.29450000000000004
1,1785175542.911124,9296,114.19,-165.79,-1847.74,-0.2323777538171262,0.6690433280717119,-0.7059614753608267,-0.5870014004518839,-0.6752091050956635,-0.44667887823742103,-0.7755191392857009,0.3106021402995178,0.549632945740086,0.2928
1,1785175542.971616,9299,114.3,-166.04,-1847.92,-0.22781725509598438,0.6635790898279135,-0.7125742696896155,-0.5816815742361355,-0.6796312589951602,-0.4469316480076393,-0.7808622442369091,0.31267258168859513,0.5408234575029882,0.2863
1,1785175543.0169625,9302,114.47,-166.27,-1848.0,-0.22573647980306122,0.6619400422403293,-0.7147575967871858,-0.5791375868419072,-0.6811544852540212,-0.44791541916444655,-0.7833534944027853,0.31283213980855684,0.5371157744004033,0.2952
1,1785175543.0768025,9308,114.58,-166.67000000000002,-1848.23,-0.2181158026690455,0.6567214612613841,-0.7219019455194385,-0.5710629073302674,-0.6857359607096186,-0.45127967831618415,-0.7913991739302868,0.3138201945515438,0.5245991164633151,0.3062
1,1785175543.1371477,9311,114.69,-166.73,-1848.24,-0.21679122833509612,0.6564544290331722,-0.7225435252769844,-0.5702736500328718,-0.685887454345415,-0.45204686045779807,-0.7923317028840546,0.3140477393236545,0.5230530470521665,0.2943
1,1785175543.1826642,9314,114.76,-166.77,-1848.21,-0.21753787314062425,0.6568777064870633,-0.7219341746099495,-0.5705836983390393,-0.6856848437084516,-0.4519629833274625,-0.7919037295904077,0.31360480517493916,0.5239661336689526,0.3075
1,1785175543.2430108,9317,114.77,-166.77,-1848.14,-0.21668333452393024,0.6562601592647689,-0.722752333722535,-0.5710709823100896,-0.6856655237435983,-0.451376475586407,-0.7917867551954756,0.31493712533011564,0.5233434258551676,0.2999
1,1785175543.3028505,9320,114.79,-166.74,-1848.06,-0.21700994504797333,0.6557739216292636,-0.7230956004991679,-0.5721817394709056,-0.6856070051206449,-0.4500567648036733,-0.7908948986852328,0.3160753046988591,0.5240054016832262,0.30310000000000004
1,1785175543.349233,9323,114.79,-166.75,-1848.06,-0.21726370053484068,0.6559887561146827,-0.7228244851144836,-0.5720314253512889,-0.6855963672801176,-0.45026399987438337,-0.7909339623764299,0.315652297668522,0.5242013870032232,0.2907
1,1785175543.4080763,9326,114.8,-166.76,-1848.02,-0.21656656249330206,0.6556514486246069,-0.7233395481558362,-0.5730344128163934,-0.6852313039462274,-0.449543792994992,-0.7903989408760654,0.31714229930522897,0.5241090308832569,0.2801
1,1785175543.4679158,9329,114.77,-166.8,-1847.99,-0.21732371199835554,0.656374787217136,-0.7224559107024561,-0.572658214767062,-0.6851204790120804,-0.4501916239759009,-0.7904637709996944,0.31588299723776975,0.524771339530872,0.298
1,1785175543.5277562,9335,114.76,-166.83,-1847.88,-0.21940957739268618,0.6577733835074687,-0.7205509095806483,-0.5751431474815905,-0.6837746057386336,-0.44906864558989856,-0.7880798165499053,0.3158899563077513,0.5283405513970649,0.3052
1,1785175543.5875952,9338,114.75,-166.83,-1847.76,-0.2196053737149572,0.6580894641882339,-0.7202025666157801,-0.5765132969921842,-0.6830763920141406,-0.44837379613905365,-0.787023441980425,0.31674106111678574,0.5294045730591086,0.31770000000000004
1,1785175543.6324751,9341,114.74000000000001,-166.85,-1847.76,-0.21899340824731345,0.6579029467004075,-0.7205592271750784,-0.5760661232162811,-0.6832191371688066,-0.44873091300786916,-0.7875212434130204,0.31682064852094494,0.5286160873866571,0.2943
1,1785175543.6923168,9344,114.74000000000001,-166.86,-1847.81,-0.22007785819402664,0.6584596183945297,-0.7197198533293773,-0.5757367550277437,-0.6832757912706666,-0.44906723547100214,-0.7874597927785608,0.3155394175173285,0.5294732767099499,0.3014
1,1785175543.7521548,9347,114.75,-166.87,-1847.8,-0.21939890580853075,0.6585131893333145,-0.7198781144083252,-0.5759520076482945,-0.6829861433872384,-0.44923180300032806,-0.7874918444123205,0.3160542792228781,0.5291184060009523,0.3093
1,1785175543.8119948,9350,114.73,-166.9,-1847.78,-0.2186372741261705,0.6592504983789312,-0.7194348634517292,-0.5750878137410806,-0.6826804818464324,-0.45080080544784606,-0.788334794899465,0.3151763634745687,0.5283863274705022,0.28600000000000003
1,1785175543.8718355,9353,114.74000000000001,-166.93,-1847.75,-0.2185450489198071,0.6605578112870735,-0.718262792813515,-0.5752968315445444,-0.68175301172792,-0.45193626388542757,-0.7882078515261361,0.3144458760224751,0.5290105611847565,0.29600000000000004
1,1785175543.9167147,9356,114.76,-166.97,-1847.78,-0.21690548010092314,0.6613485320766923,-0.7180321245057163,-0.5754459681819085,-0.6807827817445411,-0.45320717313757364,-0.7885518057841058,0.314885571597317,0.5282358624652976,0.2908
1,1785175543.9765568,9362,114.82000000000001,-167.03,-1847.81,-0.21656057383437907,0.6644999444740097,-0.7152211837288953,-0.5760517979323647,-0.6784552966568672,-0.455919660178339,-0.7882041892551792,0.3132702255757482,0.5297130561051949,0.3165
1,1785175544.0363946,9365,114.84,-167.05,-1847.8600000000001,-0.21439924240773775,0.6653290848405585,-0.7151015128778662,-0.5743675189519601,-0.6780449747184831,-0.4586468853398891,-0.7900220997085828,0.3123975370009123,0.5275157446444662,0.3
1,1785175544.0962365,9368,114.87,-167.08,-1847.92,-0.21391079441792904,0.6663409169533682,-0.7143052249740549,-0.5736211989884701,-0.6775650584359977,-0.46028720562020076,-0.7906964601555521,0.31128021777872045,0.5271657556377423,0.2864
1,1785175544.1560745,9371,114.89,-167.08,-1847.95,-0.21470127501227432,0.6671093860680058,-0.7133501451097293,-0.5737289215164568,-0.6772274741994422,-0.4606496204329347,-0.7904040024719425,0.31036754857654175,0.5281415507862651,0.30560000000000004
1,1785175544.2159176,9374,114.91,-167.08,-1847.96,-0.21579012195098282,0.6674100785469692,-0.7127400720615534,-0.5747469924657028,-0.6769095052341341,-0.45984716632301775,-0.7893671629349737,0.31041473672750836,0.5296623200704222,0.32220000000000004
1,1785175544.2757597,9380,114.95,-167.11,-1847.97,-0.21370753805079715,0.6687204120892447,-0.7121391006225244,-0.5734022615702578,-0.6760595891208999,-0.4627669806541882,-0.7909101937681552,0.30944537872275735,0.5279248270168285,0.31
1,1785175544.3360045,9383,114.97,-167.12,-1848.0,-0.21376684572319268,0.669327357375158,-0.711550858574947,-0.5730655705156195,-0.6758113095986553,-0.4635460340766148,-0.791138159589818,0.30867452516807736,0.5280345158728714,0.3033
1,1785175544.395846,9386,114.98,-167.12,-1847.97,-0.21365242222896574,0.6694415110132725,-0.7114778322674309,-0.5729723899186631,-0.6757441845570961,-0.46375902948423664,-0.7912365530399815,0.30857391394855804,0.5279458843137965,0.2858
1,1785175544.4556844,9389,115.0,-167.14000000000001,-1848.0,-0.21363535972759654,0.6703063132085029,-0.7106682626562726,-0.5729203164320797,-0.6751955857538254,-0.46462160087313437,-0.7912788661991587,0.30789668307952417,0.5282777569188399,0.2791
1,1785175544.5155241,9392,115.0,-167.15,-1848.0,-0.21309954800869987,0.6706602576903924,-0.7104951804151411,-0.573267353847181,-0.6746925100279199,-0.4649242496636155,-0.7911719937229442,0.3082285445361631,0.5282443001884448,0.2894
1,1785175544.575365,9398,115.02,-167.17000000000002,-1847.98,-0.2128228775367957,0.671337039026597,-0.7099387317423663,-0.5729833777883838,-0.6742889850656434,-0.46585879126335994,-0.7914521284166037,0.3076376840540606,0.5281690863489474,0.2874
1,1785175544.6352046,9401,115.02,-167.17000000000002,-1848.0,-0.21225469774789035,0.6714676029616643,-0.7099853529875588,-0.5728772183806703,-0.6740995523961654,-0.46626332272624144,-0.7916815243166772,0.3077678534743457,0.5277492893632509,0.28650000000000003
1,1785175544.6950452,9404,115.02,-167.17000000000002,-1847.95,-0.21321559996090073,0.6717578481788636,-0.7094226535313174,-0.5730757188926948,-0.6740769870572165,-0.4660519669902554,-0.7912795513274269,0.3071833474164377,0.5286918409821527,0.29200000000000004
1,1785175544.754884,9407,115.01,-167.18,-1847.98,-0.21321171893805124,0.6717809434261988,-0.709401950206572,-0.5726957217859527,-0.6742082325921765,-0.46632914272324877,-0.7915556664919707,0.30684462379898353,0.5284751684706787,0.2792
1,1785175544.7997653,9410,115.0,-167.21,-1848.03,-0.2129280768117656,0.6714612611767633,-0.7097896933910448,-0.5719084712254071,-0.6746510866198344,-0.46665470303351114,-0.7922009433507768,0.3065708499867317,0.5276665417596157,0.27940000000000004
1,1785175544.8598442,9413,114.88,-167.31,-1848.03,-0.20980300893623427,0.6699030061230379,-0.7121886406203201,-0.5693003770173422,-0.6758895944059611,-0.468049502618748,-0.7949086602680929,0.3072510676320955,0.5231797045659581,0.29350000000000004
1,1785175544.9196825,9416,114.66,-167.56,-1848.13,-0.2040893706713977,0.66681598356038,-0.7167314509963657,-0.5641422870583578,-0.678459600919248,-0.47056992028078054,-0.800056878435226,0.30830020108475076,0.514645486990398,0.30960000000000004
1,1785175544.9650664,9419,114.46000000000001,-167.91,-1848.19,-0.20141485865399114,0.6648955632299837,-0.7192676446987417,-0.559910937404261,-0.680671176419121,-0.4724261759971512,-0.8036988222515161,0.3075721697249157,0.5093795868723374,0.302
1,1785175545.025411,9425,113.74000000000001,-169.62,-1848.3,-0.18829739805043577,0.6591761911015359,-0.7280321689130962,-0.5456455455189635,-0.6865710781350941,-0.48051128324288817,-0.8165874285970538,0.30676848559342873,0.4889560999762309,0.3099
1,1785175545.085251,9428,113.33,-170.84,-1848.17,-0.18662716669448026,0.6559701216740036,-0.7313504632681814,-0.5412583457310428,-0.6899138495664774,-0.4806852227319443,-0.8198839575379465,0.3061406207077999,0.48380596991413555,0.3049
1,1785175545.1455965,9431,112.82000000000001,-172.34,-1847.96,-0.18742920539470437,0.650665436910672,-0.7358700851202975,-0.5388160488157921,-0.6944839452884599,-0.4768325862135611,-0.8213084429759916,0.3071262589659498,0.4807555538420048,0.32980000000000004
1,1785175545.2054362,9434,112.21000000000001,-174.17000000000002,-1847.77,-0.18734119455524942,0.6441215559756102,-0.7416270612310281,-0.534507759813835,-0.7002804928910878,-0.4731899047686992,-0.8241387817117986,0.30775745710506197,0.47547935399428043,0.32030000000000003
1,1785175545.265782,9437,111.55,-176.20000000000002,-1847.5,-0.18979736682273798,0.6379287543034642,-0.7463403137845266,-0.5332116440284965,-0.7052605511902967,-0.4672182547880456,-0.8244163403399906,0.3092805512275052,0.4740076353950719,0.3189
1,1785175545.3256216,9443,110.4,-180.67000000000002,-1846.91,-0.20153399398710886,0.6288407584387541,-0.7509616167247006,-0.5333018907119799,-0.7135333220340996,-0.4543779172781277,-0.8215674912206734,0.3089166536028028,0.47916318566456506,0.32280000000000003
1,1785175545.3854613,9446,109.9,-183.15,-1846.82,-0.20441695024955747,0.6251385993897216,-0.7532698334619056,-0.527767693771163,-0.7184791938745655,-0.4530440479476828,-0.8244240243116024,0.30494160018339833,0.4767972825168475,0.3047
1,1785175545.4453013,9449,109.48,-185.5,-1846.79,-0.21446319592262564,0.6157680052595564,-0.7581789375162835,-0.52126257957924,-0.72861247615172,-0.4443075317012483,-0.8260089955472942,0.29992269553124246,0.47723737906855523,0.311
1,1785175545.5051415,9452,109.23,-187.88,-1846.73,-0.22469428682877593,0.6078620451641998,-0.7615879538932481,-0.5197725294095028,-0.7358649801266501,-0.4339807008317911,-0.8242263009257563,0.2983395130920497,0.4812946496588586,0.338
1,1785175545.564996,9455,108.94,-190.34,-1846.64,-0.23106188306479053,0.6021938777010512,-0.7641812218668583,-0.5189246491745878,-0.7406698425043166,-0.42676151757587283,-0.8229991583674823,0.2979441525923985,0.4836338152594518,0.3199
1,1785175545.624821,9461,108.64,-195.04,-1846.6200000000001,-0.25674263683078985,0.5945866455311639,-0.7619382779393428,-0.520325930607059,-0.7493963435012039,-0.409470446167881,-0.8144594184924568,0.2913277214805069,0.5017808429243839,0.2962
1,1785175545.6846614,9464,108.57000000000001,-197.20000000000002,-1846.51,-0.2711563061225685,0.5923400844796969,-0.7586880004115986,-0.5241068833255489,-0.7519842430776761,-0.39978953589817007,-0.8073327891896522,0.28922814953161174,0.5143547851607645,0.2927
1,1785175545.744502,9467,108.49000000000001,-199.31,-1846.46,-0.28336607758352134,0.589362600709196,-0.7565417311425872,-0.5280839658249037,-0.7543941216962018,-0.3898933625863081,-0.8005192009649561,0.28903500486188366,0.5250026427085097,0.2969
1,1785175545.8043416,9470,108.37,-201.29,-1846.41,-0.29603129152639046,0.5871397513895998,-0.7534138217310433,-0.5311651750446722,-0.7567527858156358,-0.3810364522982513,-0.7938696563397422,0.28738847140835977,0.5358906933737385,0.3057
1,1785175545.864181,9473,108.28,-203.15,-1846.43,-0.30663299993280035,0.5818965047776956,-0.753241436114419,-0.532059179795623,-0.7609668429764891,-0.371271454714208,-0.7892333194609943,0.2869249407386825,0.5429409229692337,0.3084
1,1785175545.924021,9479,108.27,-206.17000000000002,-1846.2,-0.3450084222413257,0.573887414505077,-0.7427128813042283,-0.5388629078615388,-0.7690045737540403,-0.3438876736325005,-0.7685024106101149,0.2815762792176295,0.5745596956525909,0.28750000000000003
1,1785175545.983861,9482,108.37,-207.3,-1845.65,-0.3752254726351122,0.5703768580394423,-0.730668245169318,-0.5430272231895381,-0.7740976188613437,-0.32541406138680834,-0.7512171986588274,0.2746691032610908,0.6001913062956943,0.27090000000000003
1,1785175546.0437021,9485,108.41,-208.29,-1845.05,-0.4115873041955916,0.5600015258067621,-0.7190230748168684,-0.5428999283692933,-0.7843442764929076,-0.3001061873894531,-0.7320215562410862,0.26683767917390483,0.6268509345701436,0.2788
1,1785175546.1035404,9488,107.95,-208.93,-1844.52,-0.4398709015730815,0.541209800056649,-0.7166627814194948,-0.5347683212958684,-0.7989544569316125,-0.27512654958675103,-0.7214821082242326,0.2622283891415158,0.6408586735315069,0.2617
1,1785175546.163901,9491,107.19,-209.25,-1844.17,-0.4598663140750829,0.5222754184644763,-0.7181583115488906,-0.5286434856212577,-0.8108352373436881,-0.25116186611827085,-0.7134837337243257,0.264148831437054,0.6489733095907986,0.2727
1,1785175546.2237256,9497,105.64,-210.22,-1843.8700000000001,-0.48298049337351656,0.4929427457076267,-0.7236969617698423,-0.515556157815984,-0.8281301303013975,-0.2200053077200882,-0.7077652797069766,0.26684815296572034,0.6541103669107291,0.2587
1,1785175546.2835655,9500,105.07000000000001,-210.84,-1843.91,-0.4900431625809218,0.4866083184555763,-0.7232358143908008,-0.5073510004843627,-0.8338932023910692,-0.2172949362352552,-0.708838952876607,0.2604505162517513,0.6555248793669021,0.28090000000000004
1,1785175546.343407,9503,104.57000000000001,-211.48000000000002,-1843.89,-0.4941903828757792,0.4794213089756829,-0.7252110547786303,-0.500360125692748,-0.8390309362451908,-0.21369799400147896,-0.7109258822759432,0.25725920104742894,0.6545243260464888,0.26680000000000004
1,1785175546.4032454,9506,104.06,-211.74,-1843.77,-0.4969087310489909,0.4723451636954808,-0.7279915929052828,-0.4964795800884755,-0.8427754844858736,-0.20793631069337512,-0.7117511781250894,0.2581075920679014,0.6532922250834287,0.2802
1,1785175546.4630864,9509,103.68,-211.96,-1843.72,-0.4978735279621619,0.4653446719705846,-0.7318307771767318,-0.49340379972155496,-0.8459603492001253,-0.20224682445352182,-0.7132143019982438,0.26039474620235914,0.650784092902836,0.2646
1,1785175546.5229254,9515,103.37,-212.15,-1843.48,-0.5009748814495028,0.4595147941370606,-0.7333964290380965,-0.4918962054318905,-0.8484056345403215,-0.19556585172760102,-0.7120830648445196,0.26278134113633245,0.6510634957607639,0.26580000000000004
1,1785175546.5827696,9518,103.31,-212.33,-1843.43,-0.4982883357006665,0.4570356672686195,-0.7367680322523417,-0.49141708348422664,-0.8489766806712246,-0.19428804836202923,-0.7142954462717207,0.26524892934901223,0.6476303119177532,0.26330000000000003
1,1785175546.6426108,9521,103.28,-212.36,-1843.42,-0.499208226800281,0.456392786235758,-0.7365438011190378,-0.49058764319341386,-0.8495435695088497,-0.19390587369157694,-0.7142232918638615,0.2645398801279759,0.6479998002939704,0.2705
1,1785175546.7024496,9524,103.26,-212.38,-1843.41,-0.5001332428496921,0.4544098702094014,-0.7371420550022403,-0.48978219090134484,-0.8504511902364409,-0.1919535842366577,-0.7141289413492002,0.26503668214361564,0.647900773456688,0.2797
1,1785175546.7478352,9527,103.25,-212.34,-1843.3400000000001,-0.5017703989692405,0.4525020246883204,-0.7372030821769667,-0.4886833037412539,-0.8515107812934051,-0.19004740983667215,-0.7137332102142805,0.2648986730696574,0.6483930888304964,0.274
1,1785175546.8076746,9530,103.27,-212.37,-1843.4,-0.5011664864170442,0.45178781199683316,-0.738051438467204,-0.4878555404048918,-0.8519440743464228,-0.1902321368283176,-0.7147231104341356,0.2647245117421712,0.6473730055340765,0.2733
1,1785175546.8675153,9533,103.27,-212.35,-1843.4,-0.5010536206770141,0.45123046059226846,-0.7384689165023428,-0.4883094914990717,-0.8519080409838197,-0.18922613513737674,-0.7144922040990881,0.2657889409678289,0.6471917251795075,0.2716
1,1785175546.912395,9536,103.33,-212.36,-1843.44,-0.5012164304616196,0.4509329270926795,-0.7385401716216531,-0.48801597972725597,-0.8521089057264968,-0.18907886268020271,-0.7145785424753244,0.2656499727935628,0.6471534582992047,0.2691
1,1785175546.9722357,9542,103.34,-212.36,-1843.45,-0.5020995421074699,0.45045550577205934,-0.7382315945115783,-0.48767561187093605,-0.8524413785839214,-0.18845740543754616,-0.7141908340225163,0.265393167578937,0.6476865902584682,0.2736
1,1785175547.0320752,9545,103.34,-212.37,-1843.43,-0.5022599590893655,0.45024351177714095,-0.7382517955265242,-0.48730013536189337,-0.8526501392567536,-0.18848426486505282,-0.7143343135898133,0.2650821007311255,0.6476557482954537,0.2813
1,1785175547.0919154,9548,103.34,-212.38,-1843.42,-0.5007376616028179,0.4496821215258511,-0.7396267868543914,-0.4869916346211872,-0.8527637161982775,-0.18876756115574433,-0.7156122847335181,0.26566903078024234,0.6460023405706519,0.2697
1,1785175547.1517558,9551,103.35000000000001,-212.41,-1843.44,-0.5011596905354211,0.4495078515188447,-0.7394468581347501,-0.48696924788488594,-0.8528564301226829,-0.18840610715372721,-0.7153320321339381,0.2656663340005759,0.6463137649639107,0.2757
1,1785175547.1966352,9554,103.34,-212.42000000000002,-1843.45,-0.4997277957730405,0.44924146762213885,-0.7405769601469688,-0.48710922911446886,-0.8527366631080192,-0.18858627283794666,-0.716237899753515,0.26650006971876644,0.6449658780095009,0.2684
1,1785175547.2564757,9557,103.36,-212.44,-1843.45,-0.4998403160352207,0.4489249263318308,-0.7406929653937393,-0.4864682718014122,-0.853066147169503,-0.18875054724139825,-0.7165949197394287,0.26597849362559417,0.6447845856813745,0.267
1,1785175547.316315,9560,103.4,-212.52,-1843.49,-0.5002267429354058,0.4490907247205933,-0.7403314977914747,-0.48677632280032096,-0.8529460687892196,-0.18849884694080682,-0.7161159244237161,0.2660836798959086,0.6452731654732113,0.25420000000000004
1,1785175547.3611958,9563,103.47,-212.6,-1843.51,-0.5009111662082288,0.4489540330038258,-0.7399515388304235,-0.4871071194290122,-0.8529224757815428,-0.18774957924920543,-0.7154122292563094,0.2663898018999287,0.6459270978014736,0.2682
1,1785175547.4210343,9569,103.47,-212.64000000000001,-1843.47,-0.4999036701078773,0.44842650007226487,-0.7409520866058841,-0.48730720893864576,-0.8528863210252917,-0.18739425691405273,-0.7159804499629173,0.2673922164927058,0.6448824682296893,0.2679
1,1785175547.4808755,9572,103.46000000000001,-212.63,-1843.5,-0.4995934438040973,0.4482839823660508,-0.7412475039161999,-0.4866887416946953,-0.8531237610353595,-0.18791997516101738,-0.7166173732303709,0.26687322741503594,0.6443898050663791,0.298
1,1785175547.540748,9575,103.45,-212.64000000000001,-1843.43,-0.49989654976720344,0.44780870242602056,-0.7413304294053831,-0.4868758631813211,-0.853202789401551,-0.18707456804401806,-0.7162788098096226,0.26741796160493075,0.6445403792073654,0.2827
1,1785175547.6005864,9578,103.47,-212.65,-1843.51,-0.49929892351232963,0.44753737400000737,-0.7418968148284546,-0.4866441375678922,-0.8533014641500244,-0.18722738755381604,-0.7168528917080764,0.2675573025589134,0.6438439418812348,0.2775
1,1785175547.6459415,9581,103.44,-212.66,-1843.44,-0.49935941723073707,0.4475087595047246,-0.7418733602101651,-0.48727176323093613,-0.8530797110054722,-0.18660448930461135,-0.7163842552574655,0.2683112312918765,0.644051769644214,0.3023
1,1785175547.7058022,9584,103.48,-212.66,-1843.47,-0.49836236762803776,0.4475029890487438,-0.7425469852639739,-0.4863219935351198,-0.8533420354758623,-0.1878783891083243,-0.7177226965452627,0.2674854113449027,0.6429041029433898,0.267
1,1785175547.7656202,9587,103.46000000000001,-212.67000000000002,-1843.44,-0.4980988410614325,0.44746577736379395,-0.742746203370622,-0.4859680602897899,-0.8534583999679545,-0.18826524879095013,-0.7181452422117945,0.2671762295047125,0.6425607157897285,0.2725
1,1785175547.8105001,9590,103.48,-212.67000000000002,-1843.44,-0.4977178003094674,0.4470402213942129,-0.7432577155407929,-0.48590646577772617,-0.8535531657274551,-0.1879944142575492,-0.7184510406217702,0.2675855633857191,0.6420483381312054,0.27890000000000004
1,1785175547.87037,9596,103.42,-212.73000000000002,-1843.41,-0.494703477829586,0.44650164769409095,-0.7455902008675906,-0.48419795575004493,-0.8540399150523936,-0.19017929210294632,-0.7216791590941154,0.2669308938728565,0.6386917012342089,0.26180000000000003
1,1785175547.9301844,9599,103.46000000000001,-212.73000000000002,-1843.3700000000001,-0.49529833982866384,0.4470334992180729,-0.7448762347798558,-0.48418360452141385,-0.8539655109866338,-0.19054958188877957,-0.721280660821861,0.2662779687134909,0.6394139908558434,0.2725
1,1785175547.9900234,9602,103.47,-212.73000000000002,-1843.3600000000001,-0.49560699375579664,0.4473478463644526,-0.7444821099888351,-0.48464003589434257,-0.8537456568575668,-0.19037433914572707,-0.7207619186310221,0.2664549825954246,0.6399249947465717,0.2997
1,1785175548.050366,9605,103.46000000000001,-212.76,-1843.26,-0.49384887662897176,0.4471110208731424,-0.7457915406238388,-0.4839900962717995,-0.8538800020603595,-0.19142238320586946,-0.7224035394176284,0.26642199063736627,0.6380849858300274,0.27190000000000003
1,1785175548.0952454,9608,103.43,-212.78,-1843.15,-0.4942984441806042,0.4469462849508853,-0.7455924264966994,-0.48498023519327843,-0.8535984814841664,-0.1901678308226644,-0.7214313685670359,0.26759792745185307,0.6386925157467922,0.2791
1,1785175548.1555893,9611,103.39,-212.81,-1842.95,-0.49343139658118773,0.4470244737071343,-0.7461196799272877,-0.48425874447799167,-0.8537635066742154,-0.19126249780849866,-0.7225087717561205,0.2669400580246555,0.6377492298366623,0.2863
1,1785175548.2154295,9614,103.3,-212.87,-1842.76,-0.49424315907864524,0.44710272596657064,-0.7455352789353583,-0.48446580627028824,-0.8537437844471527,-0.19082566146284727,-0.7218147839015494,0.2668720722576929,0.6385630076899572,0.27990000000000004
1,1785175548.2603097,9617,103.19,-212.96,-1842.3700000000001,-0.4963352609565295,0.4475792781624891,-0.7438575794402844,-0.48666050670290867,-0.8530049435964462,-0.18853147592826988,-0.7188969745011325,0.26843128722183035,0.641195589577431,0.29910000000000003
1,1785175548.3201494,9623,103.68,-213.41,-1840.99,-0.5141570949042076,0.4747050088057834,-0.7143511996030851,-0.49905111015001585,-0.8429474629296052,-0.20096657482919572,-0.697560371020102,0.25316936891188685,0.6703094803350573,0.2585
1,1785175548.3799899,9626,103.98,-213.63,-1840.15,-0.5256406332976302,0.4894785825510122,-0.695782036165291,-0.5051259664629482,-0.8376810289736368,-0.20769750047254298,-0.6845068901270016,0.24228332778282824,0.6875675286451067,0.24630000000000002
1,1785175548.43983,9629,104.36,-213.8,-1839.18,-0.5406483125697992,0.5048972048639365,-0.672887965887348,-0.5146572100614208,-0.8312315365687354,-0.21019535852481053,-0.665452746817701,0.23266487731104432,0.7092529144237713,0.2263
1,1785175548.4996707,9632,104.67,-213.87,-1838.2,-0.5514546106152778,0.5159001847225393,-0.6555492444007557,-0.5227198722518702,-0.8261270907672682,-0.21042329969230578,-0.6501244093126642,0.22662971849177074,0.7252428718106784,0.2225
1,1785175548.54455,9635,104.78,-213.96,-1837.18,-0.5617061574669315,0.5229957152613977,-0.6410629255244403,-0.5303608519960251,-0.8223222068903553,-0.2061639025751746,-0.6349831173612297,0.22419114584031843,0.7392799001684138,0.20980000000000001
1,1785175548.6043901,9638,105.0,-214.08,-1836.04,-0.5730351385694502,0.530223044913043,-0.6248953933322221,-0.5372357433076761,-0.8188503393052915,-0.20214321144242756,-0.6188767939399086,0.21988097794659375,0.7540847893041669,0.216
1,1785175548.6642294,9641,105.31,-214.11,-1834.6100000000001,-0.5911334293803128,0.5345810038039686,-0.6039738562562224,-0.5426592729897828,-0.8175895409020393,-0.1925311820090263,-0.596726220395309,0.21394039585719626,0.7733998480173081,0.2127
1,1785175548.7240698,9647,106.89,-213.83,-1831.27,-0.6636633089307121,0.5473427188891781,-0.5098695523936885,-0.5547747409694332,-0.8173720110950904,-0.15533184561018282,-0.5017728561425343,0.179774702217441,0.8461117286039674,0.16040000000000001
1,1785175548.783911,9650,107.60000000000001,-213.73000000000002,-1829.3700000000001,-0.6921820434780883,0.558649720050839,-0.4569403779199394,-0.564759436708258,-0.813461855595879,-0.13902009976791288,-0.4493671075362204,0.1618341737014419,0.8785663907109709,0.11560000000000001
1,1785175548.828789,9653,107.86,-213.6,-1827.63,-0.7081889407978018,0.5716306360846035,-0.41437524059866204,-0.5736862250396234,-0.8080084836750964,-0.13418794844865184,-0.41152465215521894,0.14269094644925132,0.9001592939418795,0.1015
1,1785175548.888633,9656,107.98,-213.35,-1825.77,-0.7223397393918363,0.5831111039097526,-0.37176167283958117,-0.5806950481208281,-0.8033804077139153,-0.13180736545949392,-0.3755243826747916,0.12067046448312473,0.9189233248852396,0.0869
1,1785175548.9484692,9659,107.88,-213.11,-1824.06,-0.734648426509892,0.5877521615749529,-0.3388791613400123,-0.5812428310007268,-0.8028784821312601,-0.13244966719801277,-0.3499263648780986,0.09966714350564189,0.9314601438970029,0.08270000000000001
1,1785175548.9933493,9662,107.02,-212.53,-1822.21,-0.7381401588375843,0.5871677552970018,-0.3322395717711934,-0.5819652311653809,-0.8032847775216965,-0.1266887363444094,-0.34127053143488734,0.09983783521991449,0.934647971715956,0.0829
1,1785175549.0536942,9665,106.02,-211.96,-1820.44,-0.740157987473074,0.5858112676725165,-0.3301383229007625,-0.5820937835816093,-0.8039802851405993,-0.1215834208306687,-0.33664964086636934,0.10218052541047236,0.9360695270819281,0.08
1,1785175549.1135354,9668,104.81,-211.32,-1818.74,-0.7426570248936457,0.5848471485428981,-0.3262121337678296,-0.5823843204357587,-0.8045198746307883,-0.11651727182971688,-0.33058893914754384,0.10344846139649455,0.9380881457240571,0.0833
1,1785175549.1738815,9674,102.53,-210.0,-1815.32,-0.7476267697390925,0.5833868865885229,-0.3173546182522636,-0.584064601603538,-0.8050272311714021,-0.1039215965341478,-0.31610560628244216,0.10766103115359706,0.942595537888735,0.07540000000000001
1,1785175549.2337213,9677,101.28,-209.58,-1813.78,-0.751421973945955,0.5818529380296823,-0.3111465500007857,-0.5835072596463479,-0.8061344305946521,-0.09831865412954933,-0.3080329446847762,0.10767747357763825,0.945262538490108,0.0724
1,1785175549.2935617,9680,100.73,-209.16,-1812.32,-0.7589772027599619,0.5864289847884134,-0.2829393070796175,-0.5852167045455897,-0.8048843151071232,-0.09840044723138644,-0.2854382847682898,0.09089711268553949,0.9540768839532634,0.062200000000000005
1,1785175549.3534017,9683,100.93,-208.73000000000002,-1811.04,-0.7719299545915665,0.593323813324977,-0.22823452356243076,-0.588595516501963,-0.8027073140156321,-0.09600148946551132,-0.24016549118899108,0.06023139187597346,0.9688615568153344,0.0692
1,1785175549.413242,9686,101.39,-208.28,-1809.88,-0.7852764074042335,0.5969904828747513,-0.16414422722493577,-0.5910889355027921,-0.8017681759217987,-0.08821373138694284,-0.18426837574710464,0.027751674472055145,0.9824841017866504,0.08310000000000001
1,1785175549.4581213,9689,101.75,-207.77,-1808.7,-0.7947107939271821,0.5976946540975515,-0.1058104648833767,-0.5939121620331589,-0.8016731996665447,-0.06773791202497532,-0.12531200183831914,0.009010072120282127,0.9920764692278818,0.0942
1,1785175549.5179615,9695,103.06,-206.51,-1806.79,-0.8029214453377547,0.5957737815880297,0.019254967905186136,-0.5960443198673858,-0.8028245644676776,-0.014278915964076978,0.0069513574614243415,-0.02294166209284804,0.9997126380964987,0.1255
1,1785175549.577802,9698,104.06,-205.72,-1805.98,-0.789269463873217,0.6073873210501832,0.09019066262516419,-0.608604112049938,-0.7933022391856563,0.016510363379703203,0.08157663999694383,-0.04185928248913324,0.9957876542096231,0.1487
1,1785175549.6376417,9701,105.36,-204.97,-1805.67,-0.7633179541737447,0.6203495343548903,0.18031127547017042,-0.6232233910436846,-0.7806104580285355,0.047327768513745934,0.17011262649203748,-0.07624806910441045,0.9824703182619969,0.1799
1,1785175549.6974812,9704,106.58,-204.06,-1805.7,-0.7313589633282178,0.6307388098867267,0.25938893666104973,-0.6332730760624932,-0.7692479870594068,0.08498673743236812,0.25313885101624006,-0.10210821763073799,0.9620263166870497,0.2354
1,1785175549.7423613,9707,107.45,-203.46,-1805.66,-0.7022069358555199,0.6413113064462916,0.30923328970302094,-0.6411100434781618,-0.7584597554272894,0.11711836554787632,0.30965033729649233,-0.1160112392026178,0.9437468203871426,0.25780000000000003
1,1785175549.802226,9710,108.10000000000001,-203.20000000000002,-1805.56,-0.6830911377924757,0.6502258934851685,0.3325549351773258,-0.6499356168812886,-0.7489110376818516,0.12929018349213836,0.3331218866699091,-0.1278223183943495,0.9341794600299097,0.23340000000000002
1,1785175549.8620424,9713,108.55,-203.08,-1805.25,-0.6775974314907615,0.6525028157153108,0.33926655644303283,-0.6521319676014765,-0.7463521717307603,0.13297493216769943,0.3399788488558505,-0.13114309450508108,0.9312442596302443,0.252
1,1785175549.9218812,9719,109.04,-203.26,-1804.95,-0.6750692474428321,0.6507770403804896,0.3475208696906972,-0.6564592675163824,-0.7448226818726766,0.11958429102456514,0.33666413715871574,-0.14740561821587353,0.9300155065747954,0.23390000000000002
1,1785175549.9817219,9722,109.17,-203.35,-1804.77,-0.6743955069221346,0.65019099825878,0.3499176560656634,-0.6593639318034128,-0.7435983393602325,0.1109085891058431,0.3323099542294533,-0.15592682733883634,0.9301918720543968,0.2429
1,1785175550.026601,9725,109.26,-203.38,-1804.71,-0.6739022757582989,0.6489650542267896,0.35312898651938207,-0.6595410175912925,-0.7438235248848819,0.10831532644308568,0.3329585091906022,-0.1599091061204765,0.9292834384284064,0.2549
1,1785175550.086441,9728,109.33,-203.34,-1804.6200000000001,-0.6732722300493048,0.6482218731919814,0.3556865296295527,-0.659318889231456,-0.7440647187317448,0.10801063207503453,0.33466865187381234,-0.16179028850375454,0.9283430378900015,0.24250000000000002
1,1785175550.1462822,9731,109.4,-203.3,-1804.56,-0.672944816422422,0.6473052094259119,0.35796821073982116,-0.6589922368187048,-0.7444518994059853,0.10733406394756796,0.33596801315433666,-0.16366836994635567,0.927544154645066,0.2401
1,1785175550.191161,9734,109.5,-203.28,-1804.5,-0.6723277433477034,0.6467356750606883,0.36015048539295436,-0.6593106298374083,-0.7443749430849026,0.1059029626155386,0.33657822108446755,-0.16624954349153576,0.9268636309514313,0.26130000000000003
1,1785175550.2510011,9737,109.55,-203.24,-1804.38,-0.6719636407896765,0.6465932242835728,0.36108457148880796,-0.6596456711222897,-0.7441976573500674,0.10505919933207165,0.3366488586439986,-0.16759191241001187,0.9265961886757619,0.2482
1,1785175550.3108416,9740,109.57000000000001,-203.23000000000002,-1804.3600000000001,-0.6717698377053818,0.646309901864337,0.3619513722883173,-0.6595439441391674,-0.7443025924861313,0.10495444996651941,0.3372344450061941,-0.16821760184515458,0.9262698135699065,0.24250000000000002
1,1785175550.3716788,9746,109.61,-203.20000000000002,-1804.3400000000001,-0.6711882082404166,0.6459375622623306,0.36369087805115047,-0.659239101290632,-0.7444784657669667,0.10562017486627744,0.33898406518380586,-0.16886823167150503,0.9255124655473852,0.23070000000000002
1,1785175550.4305208,9749,109.64,-203.16,-1804.32,-0.6698475830076458,0.6472111432028073,0.3638982710221778,-0.6600793300542878,-0.7434936700018532,0.10729604234200864,0.3399992552549162,-0.1683297323151523,0.9252381356412042,0.24580000000000002
1,1785175550.4754004,9752,109.67,-203.11,-1804.29,-0.6664752823878285,0.6497803421570836,0.36550814616405936,-0.6620433385823733,-0.7412613973288755,0.11059004778345848,0.34279631824856144,-0.1682767000397441,0.9242151461748312,0.2671
1,1785175550.5352411,9755,109.7,-203.07,-1804.26,-0.6632127492783274,0.6514781343637182,0.3684088620549885,-0.6641552559323539,-0.7392200288855075,0.11158649072328969,0.3450313684465687,-0.17067509877096465,0.9229427747414297,0.2389
1,1785175550.5955858,9758,109.75,-203.01,-1804.25,-0.6617400525816628,0.6528379528148096,0.36864984765192416,-0.6651490620095614,-0.7380933941779461,0.11311439686742046,0.34594338860140006,-0.1703547734448551,0.9226605134325047,0.2553
1,1785175550.6554258,9761,109.86,-202.95000000000002,-1804.27,-0.6600245681657594,0.6521701254724536,0.37288295329613386,-0.6643250222223044,-0.738444029169184,0.11564030713257342,0.35077034405282526,-0.17139003245704007,0.920644134564185,0.26230000000000003
1,1785175550.7157722,9767,109.96000000000001,-202.87,-1804.26,-0.657666951514708,0.651243637853086,0.37862369846752764,-0.6629734906886215,-0.7390317584395258,0.11957512559862248,0.3576874774569204,-0.1723768667010186,0.917794031521694,0.2727
1,1785175550.7756124,9770,110.01,-202.82,-1804.19,-0.6576783452312238,0.6515639853734183,0.3780523339145349,-0.6630399875301898,-0.7389000665619327,0.12001944246969777,0.3575432409511959,-0.17172962644540757,0.917971549804805,0.2913
1,1785175550.8354526,9773,110.03,-202.79,-1804.17,-0.657497599559645,0.6514159372838266,0.378621424678977,-0.663381206129646,-0.738754783254312,0.11902413861419209,0.3572426093389205,-0.17291225194157897,0.9178665868203348,0.2758
1,1785175550.8952913,9776,110.05,-202.78,-1804.14,-0.6572932626060076,0.6517424430697403,0.3784142635184834,-0.6630735488364528,-0.73876842198619,0.1206428096053266,0.35818854778758935,-0.17161878270609288,0.9177406810511872,0.2888
1,1785175550.9551315,9779,110.06,-202.77,-1804.15,-0.657360316475601,0.6517716131673159,0.3782475096975156,-0.6630975760226949,-0.7387578525905609,0.12057545317604777,0.35802097563679686,-0.17155348875804763,0.9178182725894154,0.2906
1,1785175551.0149722,9785,110.06,-202.76,-1804.16,-0.6567403595105091,0.652008204250597,0.37891608804578203,-0.6635921228553423,-0.7383503511828488,0.12035054379812317,0.35824236861983155,-0.1724066718490776,0.9175719834582882,0.27790000000000004
1,1785175551.0748115,9788,110.06,-202.72,-1804.0900000000001,-0.6555386538835798,0.6544940360863003,0.3767049641190952,-0.6656977342167075,-0.7363588845099168,0.12092195773329528,0.3565327473364066,-0.17150262368481625,0.9184069088078435,0.2619
1,1785175551.1346514,9791,110.03,-202.69,-1804.1000000000001,-0.6528839723879899,0.6573895172539055,0.37627322679610786,-0.6687448153468333,-0.7335437833270555,0.12121835623765659,0.3557005630380812,-0.17248924762693657,0.91854481050599,0.2721
1,1785175551.1944942,9794,110.02,-202.68,-1804.1100000000001,-0.6506315292101417,0.6594329186079079,0.37659904282131235,-0.6711960143074246,-0.7313382934632227,0.12099673917973387,0.35521053415615345,-0.17404748309170506,0.9184404989186521,0.28350000000000003
1,1785175551.2543347,9797,110.0,-202.70000000000002,-1804.1200000000001,-0.6494035907920651,0.6602391654205988,0.37730520896362313,-0.6724992453776595,-0.7302450933744248,0.12036140813839065,0.35499259320843696,-0.17557433766723646,0.9182341263097668,0.2684
1,1785175551.314686,9803,109.91,-202.75,-1804.0900000000001,-0.6500161527015256,0.6622043966111391,0.3727792085618299,-0.6753861851807469,-0.7282777767810061,0.11603870351702848,0.3483281528876252,-0.17634289596066047,0.9206360197983254,0.24980000000000002
1,1785175551.375027,9806,109.85000000000001,-202.79,-1804.1000000000001,-0.6495751149093887,0.6634468228390149,0.3713360787147829,-0.6769593081143419,-0.7270227709833198,0.11473441344726044,0.34608996698518446,-0.17685079512558674,0.9213824021629898,0.2544
1,1785175551.4348671,9809,109.77,-202.85,-1804.07,-0.6493788595782948,0.6660734351301315,0.36695132612751197,-0.6799447119542522,-0.7246474902030536,0.11207677559541136,0.34056172042412836,-0.17672632502364133,0.9234638707742691,0.2597
1,1785175551.4947069,9812,109.63,-202.81,-1804.02,-0.6465148510502117,0.6718226903744058,0.36148695698409056,-0.6843761503504227,-0.7201103928325795,0.11432544321385218,0.3371169414358438,-0.17347995513200767,0.9253414899183643,0.258
1,1785175551.5405848,9815,109.38,-202.63,-1803.89,-0.6440619357874753,0.6818727737631046,0.34674737673167705,-0.6894292900746546,-0.7138117580646092,0.12312606562328497,0.33146866647821716,-0.15975698560414023,0.9298420450236862,0.2612
1,1785175551.599427,9818,108.98,-202.43,-1803.71,-0.6420534676139403,0.6954027747056918,0.3227728700751349,-0.6968915925780196,-0.7048585806062828,0.1323498754807416,0.3195456977006362,-0.1399620029769556,0.9371772430035271,0.2554
1,1785175551.6592667,9821,108.48,-202.18,-1803.48,-0.6403478326970335,0.7087355257248765,0.2960550755107817,-0.7030529380640553,-0.6960597964974679,0.14566168329180798,0.30930764529786714,-0.1148682474637199,0.9439989757859393,0.24000000000000002
1,1785175551.7191072,9827,107.69,-201.38,-1803.19,-0.6391428244937795,0.7279801965198455,0.2480751567026435,-0.7088314238132813,-0.682739535826981,0.17727024238037,0.2984199432225508,-0.06254246312455108,0.9523833145290629,0.21910000000000002
1,1785175551.778947,9830,107.29,-200.4,-1803.07,-0.6357977247124785,0.7371785780199144,0.22875532203420487,-0.7086383638074749,-0.6749672243229392,0.20555027470196235,0.30592960397892266,-0.031416400149038376,0.9515356468419748,0.20350000000000001
1,1785175551.823826,9833,106.71000000000001,-199.09,-1803.15,-0.6313714030085218,0.7490817915154523,0.20061560528296704,-0.7068231124140311,-0.6623054949643247,0.24850054144287662,0.319016048531093,0.015096388974234867,0.9476290729075095,0.1967
1,1785175551.8836668,9836,105.75,-197.64000000000001,-1803.26,-0.616394279267046,0.7719761153243535,0.1552770744687687,-0.7167972760376614,-0.631712527003424,0.2951964571127798,0.32597508731780056,0.07065522341390686,0.942734364416872,0.18180000000000002
1,1785175551.9435072,9839,104.31,-196.19,-1803.48,-0.5869284527097814,0.8054682251805731,0.08207270937504013,-0.7407062696257039,-0.5751215604978422,0.3472598634851156,0.32690857060786316,0.14302492396426833,0.934170571998572,0.1753
1,1785175552.0033462,9842,103.19,-194.79,-1804.25,-0.5647992855598848,0.824658073856231,0.030672923805443394,-0.7471418254605867,-0.5267846830178086,0.4053109798478806,0.3504009983982148,0.20600232756344738,0.9136641512941045,0.1716
1,1785175552.0631864,9845,102.52,-193.74,-1804.81,-0.5511410643273916,0.8344114545527903,0.001025535551175653,-0.7479598957749587,-0.49458258264649746,0.4426556938016649,0.36986419335261805,0.24319867074845875,0.8966910755783174,0.1683
1,1785175552.1080666,9848,102.16,-193.47,-1805.2,-0.5435553623151707,0.8392696493582137,-0.013191806721022875,-0.7531508735907939,-0.48072160621765453,0.44907738634331423,0.37055543405521335,0.25403384219756925,0.8933954764327459,0.1766
1,1785175552.1679063,9854,101.27,-193.63,-1805.01,-0.5474581164494297,0.8348606064504582,-0.05742280497168135,-0.7687296024721515,-0.47460456653401906,0.42872520768910216,0.3306726614291702,0.2788517047145829,0.9016081841693321,0.1413
1,1785175552.2277462,9857,100.04,-193.62,-1804.7,-0.5583156865246631,0.8200562634088948,-0.12566351508825271,-0.7794885161922462,-0.46666085205091984,0.41788192385830697,0.28404444600256584,0.33126330012084165,0.8997685139457509,0.13470000000000001
1,1785175552.2880914,9860,98.32000000000001,-193.61,-1804.49,-0.5708447180685742,0.7918411384863919,-0.21708044419934402,-0.7906101739373989,-0.45878297966188225,0.40552895141930456,0.22152169356495485,0.4031200676884487,0.887931500909262,0.1351
1,1785175552.3479316,9863,96.62,-193.71,-1804.3,-0.5724775978253979,0.7565562913854295,-0.3160569220143535,-0.8073252253910043,-0.4528162320850466,0.3783958778946534,0.14316207750457582,0.4717838890057887,0.8700141272641195,0.155
1,1785175552.4077713,9866,95.16,-193.71,-1804.51,-0.5808278295810809,0.7092359212961794,-0.3995290231351041,-0.809828627332254,-0.4536674368645703,0.3719723794610141,0.0825628653650561,0.5396019502113487,0.8378622253036717,0.1797
1,1785175552.4676118,9872,93.72,-192.49,-1805.26,-0.5967201986357726,0.6383812457893656,-0.48620406164953134,-0.8009742042872001,-0.43712036657457704,0.40910403223653735,0.04863464409832217,0.6335575507798203,0.7721654623481321,0.2705
1,1785175552.5274518,9875,94.49,-191.31,-1805.58,-0.605110269138254,0.6477907114330571,-0.4628269183663405,-0.7898255511856583,-0.4153675749631399,0.4512708459046642,0.10008576760808992,0.6386211489218736,0.7629848407878137,0.29610000000000003
1,1785175552.5872917,9878,95.44,-190.03,-1806.1200000000001,-0.6126727981127451,0.6658434701111458,-0.4257751939263809,-0.771064120974527,-0.38533326267989654,0.5069303680173896,0.17347093070160086,0.6388824226591413,0.7494912182398848,0.29350000000000004
1,1785175552.6471314,9881,96.07000000000001,-188.85,-1806.47,-0.6279727605887861,0.6642372516573745,-0.4055108943902206,-0.7462594638994505,-0.3661358636717985,0.5559148692684975,0.22078728337248854,0.6517157377599253,0.7256166843844156,0.3174
1,1785175552.707305,9884,96.69,-187.69,-1806.57,-0.636000213845346,0.6703520081433267,-0.38227204078624877,-0.7271854996852082,-0.3548266909998266,0.587621705182584,0.25827306680381573,0.6517102151511227,0.713140111360614,0.25720000000000004
1,1785175552.7671442,9890,97.59,-185.02,-1806.33,-0.639524152682017,0.6809836004906901,-0.35674948353022784,-0.7060655630308162,-0.33672228853994696,0.622968314685745,0.3041057033965733,0.6502918085468684,0.6961611055628708,0.29100000000000004
1,1785175552.8269844,9893,97.97,-183.6,-1805.9,-0.6358312955512684,0.685834611417041,-0.354047241734817,-0.7040652914475969,-0.3274362135953696,0.6301409297967699,0.31624457145760765,0.6499356982108028,0.691066537472934,0.2767
1,1785175552.8868244,9896,98.37,-182.03,-1805.3600000000001,-0.6311302779881955,0.693552736519844,-0.34736029403542773,-0.7006801055509124,-0.31764574025431636,0.6388650666482317,0.3327490975069731,0.6465955345995851,0.6864344489783214,0.2765
1,1785175552.946664,9899,98.95,-180.19,-1804.67,-0.6252878995813341,0.7013471199399709,-0.34223860096294106,-0.6989580358876512,-0.30826094675042115,0.6453160874924869,0.34709178426641013,0.6427187612482165,0.6829640453452274,0.2767
1,1785175553.006505,9902,99.45,-178.28,-1803.6000000000001,-0.621281542296263,0.7015697961147019,-0.3490115562292345,-0.701890355982193,-0.30024091502397804,0.6459143295552086,0.34836643549740415,0.6462624963009532,0.6789592126878412,0.27190000000000003
1,1785175553.066344,9908,100.39,-174.79,-1801.73,-0.6146702807018041,0.6960697122850742,-0.37103558004770887,-0.7117857784762964,-0.28676535104070144,0.6411915774566883,0.33991388847891835,0.6582192560855977,0.6717186608523423,0.2837
1,1785175553.1261847,9911,100.92,-173.38,-1801.26,-0.6102059169141482,0.7009336060513982,-0.3692435766140652,-0.711186196567312,-0.27927309835726494,0.6451517111083671,0.3490887176278896,0.6562763262846807,0.6689084023864543,0.2696
1,1785175553.1860251,9914,101.31,-172.17000000000002,-1801.15,-0.6076519035178165,0.7038945628433262,-0.36782007632914393,-0.7062058204324904,-0.2669929640911525,0.6557347758912089,0.3633627709857568,0.658215163548686,0.6593332201065929,0.2735
1,1785175553.2458997,9917,101.29,-170.76,-1801.53,-0.6075719147773982,0.6974727435178544,-0.3799843949735346,-0.696268137262296,-0.23750064467460366,0.6773508136943811,0.38218719157896724,0.6761103577292874,0.6299267693662152,0.3007
1,1785175553.2907445,9920,101.31,-169.63,-1802.3400000000001,-0.6107194797815734,0.6921947521554098,-0.384562273375633,-0.6829366588079231,-0.21463400089394205,0.6982333175354278,0.40077329885060314,0.6890563625341325,0.6038063366507801,0.2353
1,1785175553.3505864,9923,101.32000000000001,-168.66,-1802.45,-0.6099542380993923,0.692458307311984,-0.38530159623236937,-0.6786015299523194,-0.20534696945058403,0.7052181121354105,0.40921362510424963,0.6916170289778029,0.5951555210673558,0.1466
1,1785175553.410424,9926,101.44,-167.86,-1802.77,-0.6080556414262758,0.6955930368608246,-0.38264691819014546,-0.673832201823384,-0.19733590188742137,0.7120454378844993,0.4197838738154799,0.6908030608625105,0.5887041959995323,0.19940000000000002
1,1785175553.4553041,9929,101.53,-167.28,-1802.9,-0.607540750255837,0.6970338138217244,-0.3808386786655428,-0.6702345232470681,-0.1925839929708366,0.7167266490784225,0.42623927625964997,0.6906918763389002,0.584178749470656,0.3128
1,1785175553.515144,9935,101.61,-166.47,-1802.97,-0.6055942865830483,0.6998419486300594,-0.37878332460082026,-0.6680298435215727,-0.18843748517583933,0.7198801583216117,0.4324253556655901,0.6889938759657351,0.581631971833737,0.2888
1,1785175553.5749846,9938,101.64,-166.21,-1803.02,-0.6047884476671784,0.7012955897558004,-0.37737968858616183,-0.6666968702977473,-0.18665707991414718,0.7215777280744691,0.4355986876742322,0.6879997313277002,0.5804396204511706,0.3139
1,1785175553.6348526,9941,101.66,-166.06,-1803.04,-0.6043792240841502,0.7017455829801332,-0.3771987410680391,-0.6660009869579472,-0.1851866535385652,0.7225984975920083,0.43722813137592237,0.68793825312964,0.5792862168345269,0.34600000000000003
1,1785175553.6951923,9944,101.64,-166.01,-1803.0900000000001,-0.604635211406026,0.70214684745361,-0.376039978910417,-0.6645181408960895,-0.18440146606088015,0.7241627853836475,0.4391262933917699,0.6877397065209736,0.5780849371212246,0.4299
1,1785175553.7400725,9947,101.68,-165.96,-1803.18,-0.6045821029712425,0.700916266564567,-0.3784136203046327,-0.6662394243370698,-0.1845876700440174,0.7225319519071324,0.436583909719403,0.6889439595009957,0.5785764516822391,0.38130000000000003
1,1785175553.799894,9950,101.65,-165.94,-1803.07,-0.6051397060447975,0.6989449199810751,-0.38115867430856765,-0.6687267684858927,-0.18647609206337074,0.7197438267878291,0.43198431137997517,0.6904365763206798,0.5802472652241859,0.3388
1,1785175553.859733,9953,101.54,-165.91,-1802.76,-0.606308919813697,0.6937877592887888,-0.3886489917848618,-0.6744281338418697,-0.18966250652498176,0.71356487154374,0.42135043139519995,0.6947565607316728,0.58290405323979,0.1836
1,1785175553.9051027,9956,101.52,-165.9,-1802.79,-0.6067438060040581,0.6919930455975838,-0.39116183188073217,-0.6757352746289834,-0.18986302731742313,0.7122737321282849,0.4186212996227048,0.6964895230385333,0.5828023265222556,0.2013
1,1785175553.9649434,9962,101.58,-165.6,-1802.79,-0.6075393768863062,0.6896882867375217,-0.3939872747560016,-0.6767053571431251,-0.18971787467649168,0.7113908824563545,0.41589153050572525,0.6988112729237397,0.5819768377592947,0.27590000000000003
1,1785175554.0247834,9965,101.61,-165.35,-1802.75,-0.6071904593030168,0.6885052107842626,-0.39658583037510237,-0.6784493209808918,-0.18947445793487974,0.7097928913780767,0.41355321905645726,0.700042859054502,0.5821629758880587,0.2696
1,1785175554.084623,9968,101.69,-165.12,-1802.82,-0.6071773753321932,0.6878257777811209,-0.39778302415325006,-0.6790471934330742,-0.18923483123236798,0.7092849129504465,0.4125900434758141,0.7007751979545604,0.5819652721222913,0.29000000000000004
1,1785175554.1444626,9971,101.72,-164.8,-1802.6200000000001,-0.6065443631317907,0.6859005245402114,-0.4020502530636102,-0.6824305608446092,-0.18969936666211415,0.7059055743605549,0.40791232535725436,0.7025344267176202,0.5831405611841644,0.21430000000000002
1,1785175554.189365,9974,101.71000000000001,-164.53,-1802.51,-0.6068687938005419,0.6828212428009329,-0.40677440614038723,-0.6850134723271082,-0.1898000071677967,0.7033722343179765,0.403071717987548,0.7055006078373666,0.5829254519230335,0.17020000000000002
1,1785175554.2498033,9977,101.72,-164.32,-1802.49,-0.6070394937741069,0.6814846351596416,-0.408756339449074,-0.6855090023380153,-0.18888084120812923,0.7031368540604658,0.40197072121239785,0.7070379903978569,0.5818219825875823,0.1637
1,1785175554.3096442,9980,101.78,-164.13,-1802.47,-0.6068918637546754,0.6808643805619832,-0.41000726943594956,-0.6852638485595322,-0.1869375031142794,0.7038947561864468,0.4026111319446533,0.7081511598601995,0.580022595441677,0.2485
1,1785175554.3545237,9983,101.81,-163.99,-1802.47,-0.6067304671285895,0.6817388528634727,-0.4087912385977959,-0.6844890578586602,-0.18659531802653262,0.704738899850392,0.4041693579796561,0.7073996916785965,0.579855849572408,0.22690000000000002
1,1785175554.414363,9989,101.95,-163.65,-1802.42,-0.6058125703134515,0.6828729873067577,-0.408259247117508,-0.6832405939700286,-0.18361639756572606,0.7067300116002349,0.40764374201217946,0.7070852153395164,0.5778036672145459,0.3043
1,1785175554.474203,9992,102.0,-163.51,-1802.3600000000001,-0.6056812374538878,0.6828673670976957,-0.4084634592584605,-0.6826833052790078,-0.18224704356454416,0.707622441564223,0.408771015716203,0.7074448205090231,0.5765657661059143,0.3501
1,1785175554.5340428,9995,102.09,-163.38,-1802.33,-0.6052736031232083,0.6833724600610203,-0.40822291238047603,-0.6820824593410414,-0.18086434649382518,0.7085560011930165,0.4103746873547702,0.7073119318925071,0.5755887828832003,0.3941
1,1785175554.5938845,9998,102.14,-163.28,-1802.26,-0.6051425344612893,0.6835400136245552,-0.4081366961692007,-0.6818809199001016,-0.18041616120988696,0.7088641758831373,0.4109025724693856,0.7072644898115775,0.5752703863311671,0.3927
1,1785175554.6387627,10001,102.19,-163.21,-1802.18,-0.6050813237645972,0.6834745226162375,-0.4083370771382252,-0.6814442305408395,-0.17936841063706518,0.7095496698104625,0.41171634931574674,0.7075941988174008,0.5742822455083169,0.4247
1,1785175554.698603,10004,102.21000000000001,-163.16,-1802.1100000000001,-0.604198537501948,0.6841329955321123,-0.4085415177246565,-0.6826590003982368,-0.17996559337661633,0.708229535091472,0.4109997767101427,0.7068057934290446,0.5757644951882253,0.325
1,1785175554.758478,10007,102.23,-163.14000000000001,-1802.1200000000001,-0.604793808132343,0.6841205918199562,-0.40768059248962507,-0.6811679687036672,-0.1791598525504628,0.7098675550031968,0.41259501700444573,0.707022462926044,0.5743558033667737,0.42300000000000004
1,1785175554.8033228,10010,102.24000000000001,-163.14000000000001,-1802.15,-0.6047695859259168,0.6840739270796055,-0.40779481388178773,-0.6811204828919653,-0.17892497296006712,0.7099723528675291,0.4127088994969835,0.7071270864145468,0.5741451453551295,0.4184
1,1785175554.863163,10016,102.24000000000001,-163.09,-1802.03,-0.604221561092782,0.6842819131174535,-0.40825796806788606,-0.6820691375733522,-0.17927933823736283,0.7089715159659918,0.41194416694564906,0.7068360363348002,0.5750520159585253,0.3816
1,1785175554.9230032,10019,102.26,-163.08,-1802.04,-0.6042590628534746,0.6839428615084991,-0.4087702865314535,-0.682283071777935,-0.1791700909330945,0.7087932621577974,0.41153468252956,0.7071917990945545,0.5749077877092131,0.37510000000000004
1,1785175554.9828432,10022,102.28,-163.08,-1802.0900000000001,-0.6047576832284305,0.6839176542208016,-0.408074486854174,-0.6809622007150488,-0.1783462780952644,0.7102697278406876,0.4129874402127733,0.7074243757001046,0.5735783528793763,0.443
1,1785175555.0426826,10025,102.27,-163.06,-1802.01,-0.6042324733391805,0.6844484577658274,-0.4079625311525521,-0.6816813757124629,-0.1789364625211359,0.7094309299623087,0.4125695337384726,0.706761664949651,0.5746949876137922,0.3947
1,1785175555.087565,10028,102.28,-163.08,-1802.07,-0.6049624266041866,0.683532364267064,-0.4084164166590906,-0.6811312113968451,-0.17857646851384754,0.7100497994888734,0.41240845682192384,0.7077386183419699,0.573607281028718,0.4415
1,1785175555.1474373,10031,102.28,-163.05,-1801.99,-0.6042237272407587,0.6828998505070221,-0.4105623967398524,-0.6834530451400139,-0.17927823003482773,0.7076377967042331,0.4096408457760617,0.7081716673329047,0.5750541427194543,0.3577
1,1785175555.2072425,10034,102.27,-163.05,-1801.94,-0.604939697807405,0.6821744336226794,-0.4107140174479832,-0.6834649238487344,-0.18018503787884474,0.7073959640774347,0.408562920350256,0.7086405253978748,0.5752433796913221,0.3724
1,1785175555.2521253,10037,102.25,-163.06,-1801.98,-0.6063681773760946,0.6797317483017984,-0.4126528611510815,-0.6828745402626089,-0.17923155682060607,0.7082078870648029,0.4074309705050953,0.7112248585294545,0.5728518175610807,0.507
1,1785175555.3119636,10043,102.26,-162.99,-1801.82,-0.6058072153896167,0.6789215213141813,-0.41480499717134117,-0.6848311689423596,-0.17959436425448944,0.706223855709411,0.4049739347500279,0.7119068985650184,0.5737461807703967,0.42510000000000003
1,1785175555.3718026,10046,102.27,-163.0,-1801.8700000000001,-0.6063476037001284,0.6784597466031869,-0.41477096779578426,-0.6838245904191133,-0.1786568784885341,0.7074359683440369,0.4058651414266123,0.7125826913473781,0.5722756284928473,0.5166000000000001
1,1785175555.4318244,10049,102.24000000000001,-162.97,-1801.75,-0.6059956853065313,0.6776985106438561,-0.4165260592819696,-0.6858236752392065,-0.17983259450198433,0.7051993508477388,0.4030075878581628,0.7130111967043605,0.5737594596195872,0.4091
1,1785175555.4922025,10052,102.22,-162.98,-1801.72,-0.606299417370989,0.6769161436003291,-0.417355425301814,-0.6857886300542435,-0.1793570976150752,0.705354511166846,0.40261019781411794,0.7138736345238946,0.5729654985666429,0.45480000000000004
1,1785175555.5370822,10055,102.21000000000001,-162.97,-1801.72,-0.6064853757145017,0.6758760374031733,-0.418768517332218,-0.68659614940506,-0.17959648155810487,0.7045075098493229,0.4009503917775669,0.7147983532970216,0.5729765243509388,0.4384
1,1785175555.5969222,10058,102.19,-162.99,-1801.74,-0.6068009784097268,0.6746730046675132,-0.4202486280452417,-0.6870651489959606,-0.1793617972256013,0.7041099535805191,0.3996674287906843,0.7159927949839384,0.5723812225212592,0.4717
1,1785175555.6567624,10061,102.16,-162.97,-1801.71,-0.606407315833963,0.6735862957697458,-0.4225537474147408,-0.6887460145786899,-0.1793890123864595,0.7024589024540735,0.3973651906055927,0.7170084269980396,0.5727126861776135,0.44770000000000004
1,1785175555.7166028,10067,102.15,-162.97,-1801.71,-0.6065849662596514,0.6728472881553078,-0.42347515337954056,-0.6889411208390646,-0.17904738910981513,0.7023547283744673,0.396755353744333,0.7177872660301285,0.5721596193372988,0.49410000000000004
1,1785175555.7764428,10070,102.15,-162.95000000000002,-1801.65,-0.6061580828340616,0.6726848381451068,-0.4243435956210797,-0.6900568336034758,-0.1795197054523608,0.7011378193703736,0.3954667432440809,0.7178215543461962,0.5730080899114175,0.4323
1,1785175555.8213224,10073,102.11,-162.95000000000002,-1801.67,-0.605912317955548,0.6709671578044808,-0.4274030136738767,-0.6920299615594789,-0.17955813950394656,0.6991805252163902,0.3923834798430244,0.7194177838263788,0.5731258649377294,0.4238
1,1785175555.8811631,10076,102.03,-162.94,-1801.45,-0.6036316998818989,0.6705389061940893,-0.43128453041782455,-0.6968509814286596,-0.18093156017612871,0.6940190777018639,0.3873338102717124,0.7194729639203035,0.5764817200988517,0.25630000000000003
1,1785175555.9415069,10079,102.05,-162.99,-1801.63,-0.6049879644844656,0.6695360017105798,-0.43094211356324125,-0.693768309737769,-0.1776587308155452,0.6979419085916884,0.39073660595411613,0.72122043632888,0.5719842541443233,0.5724
1,1785175555.9863873,10082,101.97,-162.88,-1801.1100000000001,-0.6008593264320398,0.6687419000215717,-0.4378953539319337,-0.7035391718189704,-0.18236586583741876,0.6868590282537208,0.37947424623538367,0.7207821877189436,0.5800623538130885,0.1306
1,1785175556.0467653,10085,101.85000000000001,-162.94,-1801.0,-0.6000421844926486,0.6645008093361944,-0.44540773592387595,-0.7090794769642967,-0.18403882013434442,0.6806878932606324,0.3703453417788995,0.7242709348545621,0.5816149419913221,0.14350000000000002
1,1785175556.1065726,10088,101.74000000000001,-163.02,-1800.93,-0.6006697081007741,0.6586938749825807,-0.45312060296411516,-0.713626269004121,-0.1862002263163653,0.6753273457420426,0.3604628274280009,0.7290074449415224,0.5819060880094351,0.2068
1,1785175556.166412,10094,101.61,-163.11,-1800.74,-0.6011387451419328,0.6522169861716803,-0.46178481139846156,-0.7195249479519409,-0.19029710996721652,0.6678853638259205,0.34772986406683454,0.7337574618954519,0.583681358918379,0.21280000000000002
1,1785175556.2262518,10097,101.62,-163.08,-1800.64,-0.6007648780387883,0.6504725586685902,-0.46472251046638274,-0.7220058447570755,-0.1919183804426374,0.664736711326294,0.3432041978934137,0.7348828380547558,0.5849428116328347,0.17220000000000002
1,1785175556.2860928,10100,101.54,-163.12,-1800.47,-0.5983869810505298,0.6484122070993501,-0.4706321606029305,-0.7266827868816226,-0.19183350499741397,0.6596453847411999,0.3374391028899753,0.7367235004022586,0.5859806616227637,0.1767
1,1785175556.3459327,10103,101.5,-163.15,-1800.3700000000001,-0.5959739836776506,0.6477611566518857,-0.47457401394556237,-0.730379154201889,-0.19167149162357752,0.655597689445384,0.3337084084747113,0.7373381335803839,0.5873424681405824,0.193
1,1785175556.4057715,10106,101.53,-163.11,-1800.19,-0.5949912844627159,0.6472134211422294,-0.47655026902392855,-0.7319538756336755,-0.19140873047686185,0.6539160663587322,0.33200737244562695,0.737887176599924,0.5876168983709908,0.18510000000000001
1,1785175556.45165,10109,101.55,-163.02,-1799.68,-0.5931143943333871,0.6453820583724801,-0.48134947176187926,-0.735880119430802,-0.19199582902970552,0.6493212236341155,0.32664317696999,0.7393372710516473,0.5887993160431277,0.41750000000000004
1,1785175556.510495,10115,101.48,-163.08,-1799.23,-0.5883475012842214,0.6416103599689718,-0.4921212896361014,-0.7446017166166252,-0.1925719715859329,0.6391277801590866,0.31530223808940533,0.7424635895045584,0.5910434137318669,0.3627
1,1785175556.5703313,10118,101.42,-163.16,-1799.01,-0.5883983818173611,0.6353784872176811,-0.5000815156108871,-0.7496465614929095,-0.1968958399314839,0.631871870761417,0.30301382330938015,0.7466767749157908,0.5921624917915564,0.3447
1,1785175556.6301713,10121,101.29,-163.21,-1798.81,-0.589175189382793,0.6277650276790908,-0.5087078397654398,-0.7545007230552524,-0.2021453434312689,0.6243924399271307,0.2891388163579066,0.7516969669701511,0.5927481882916422,0.4037
1,1785175556.6900115,10124,101.21000000000001,-163.27,-1798.68,-0.5904091058844246,0.6219413067463664,-0.5143987739598302,-0.7570627223425734,-0.2058254650610747,0.6200741184500802,0.2797733406313153,0.7555295420398958,0.5923698076176567,0.4378
1,1785175556.7349253,10127,101.22,-163.28,-1798.56,-0.5901868808171721,0.621233935391594,-0.5155073648641404,-0.7583616935851023,-0.20777722996231596,0.6178318253472561,0.2767074039740038,0.7555772761452397,0.5937474146123985,0.41700000000000004
1,1785175556.794764,10130,101.27,-163.3,-1798.47,-0.5900304318825037,0.6227560593359951,-0.5138472341200724,-0.7584757045745633,-0.2094024250795476,0.6171427954217109,0.2767285583792638,0.7538736730587603,0.5958991441898767,0.4067
1,1785175556.8545718,10133,101.29,-163.29,-1798.41,-0.5897943113259259,0.623327900746039,-0.513424773924197,-0.7590934247565224,-0.2110009457664397,0.6158374569454848,0.2755355563606821,0.7529547988008337,0.597611268421041,0.4107
1,1785175556.914918,10139,100.9,-163.62,-1797.8600000000001,-0.5898934002421105,0.5982128436991757,-0.5423718005060246,-0.7753730263410304,-0.23211296453039737,0.5872991075420279,0.22543834273156177,0.7669843318675135,0.6007600089022163,0.36710000000000004
1,1785175556.9747584,10142,100.54,-163.91,-1797.5,-0.5865060082767094,0.5773204374704685,-0.5680772964432105,-0.788721169556443,-0.2475915173979988,0.5626876195599766,0.18419994285785496,0.7780742593039969,0.600558763202819,0.3976
1,1785175557.0201445,10145,100.2,-164.21,-1797.13,-0.5830538931018606,0.5568695173530563,-0.5915610690213972,-0.7995294859347817,-0.2640375163161813,0.5394782582258956,0.14422468186696719,0.7875154161161269,0.5991817007551348,0.4092
1,1785175557.0799844,10148,100.08,-164.4,-1796.76,-0.5800921498367315,0.549015359232956,-0.6017268757701516,-0.8053220328398089,-0.27567200982465373,0.5248441353601979,0.1222682343070218,0.7890418736198634,0.602049333986758,0.3981
1,1785175557.139823,10151,100.12,-164.67000000000002,-1796.3,-0.574521575750062,0.5440545923485285,-0.6114978001122672,-0.8128869761233485,-0.29200976060099976,0.5039296218350191,0.0956018987609783,0.7865970380431289,0.6100208002151011,0.3856
1,1785175557.1847034,10154,99.51,-165.46,-1795.67,-0.5645327056499703,0.5217417533249668,-0.639600161889374,-0.8246120173617032,-0.3224155216337816,0.4648260451311635,0.03630213594522967,0.7898314847149396,0.6122486265225983,0.41590000000000005
1,1785175557.2445474,10157,99.28,-165.99,-1795.06,-0.5516228098309571,0.5060959087997418,-0.6630076973688639,-0.8339391844574139,-0.34994023675700553,0.42671684677893185,-0.01605342021823365,0.7882948444551786,0.6150882261145002,0.36560000000000004
1,1785175557.304387,10160,98.54,-167.08,-1794.47,-0.5274797470551228,0.47933955184561067,-0.7014261974599416,-0.8440489839262242,-0.389631862035537,0.3684675356389341,-0.09667693199400004,0.7863972317621482,0.6101089777220607,0.3365
1,1785175557.3642268,10166,98.10000000000001,-168.27,-1793.05,-0.4805987315771773,0.4632866228023568,-0.7445739482004424,-0.8556900877744593,-0.43352981843776206,0.2825710002987907,-0.191883644146515,0.7729278114143053,0.604783651772554,0.34640000000000004
1,1785175557.4240675,10169,97.9,-168.72,-1792.41,-0.45869264439757773,0.4569076013827669,-0.7621263030326427,-0.8586151416755059,-0.44880374113410704,0.24769989993857489,-0.22886916887407055,0.7679913057728426,0.5981707597302095,0.3457
1,1785175557.468947,10172,98.22,-168.93,-1791.54,-0.4384114040433532,0.4645475237369113,-0.7694095391887467,-0.8634892441774314,-0.45521772968426844,0.21717077098677068,-0.24936271973698015,0.7595870040824844,0.6007044341723906,0.3411
1,1785175557.528787,10175,97.84,-169.83,-1790.89,-0.40178863815943167,0.4476806455589687,-0.7988416174924129,-0.8619817415172101,-0.47936939709104553,0.16490135967761257,-0.3091170773945483,0.7548423813780415,0.5784977197349876,0.3623
1,1785175557.5886266,10178,97.5,-170.64000000000001,-1790.33,-0.3661919650805273,0.42966738882120775,-0.8254025561470153,-0.8570694128543508,-0.5011872540723715,0.1193455399455483,-0.36240235410377825,0.7511306619616597,0.5517855221017297,0.34240000000000004
1,1785175557.6340349,10181,96.96000000000001,-171.67000000000002,-1789.8500000000001,-0.3180135946339674,0.4078369786530166,-0.8558833755081129,-0.8466870754839956,-0.52836940596147,0.06282330023392528,-0.426600925733104,0.744644055698494,0.5133389528143725,0.3619
1,1785175557.6938744,10184,96.37,-172.99,-1789.46,-0.25127365814687963,0.3861813658474748,-0.8875390140121525,-0.8287140248841701,-0.5596019661820866,-0.008871550339254236,-0.5000946047317089,0.7332868416365601,0.4606471471754865,0.3991
1,1785175557.7542202,10187,95.74000000000001,-174.76,-1789.38,-0.16802880646533247,0.3693592976217751,-0.9139693810288093,-0.7989365080069943,-0.5941453892456946,-0.093229354881774,-0.5774658226868716,0.7145382884761535,0.3949281680636915,0.4308
1,1785175557.8140593,10193,94.57000000000001,-178.49,-1789.83,0.028811194238925586,0.3444624583048147,-0.9383578900958477,-0.7064547532536222,-0.6571143396029769,-0.2629114419220039,-0.7071715468624927,0.6704821843321025,0.22441489211137947,0.4259
1,1785175557.8738995,10196,nan,nan,nan,nan,nan,nan,nan,nan,nan,nan,nan,nan,nan
1,1785175557.9187794,10199,nan,nan,nan,nan,nan,nan,nan,nan,nan,nan,nan,nan,nan
1,1785175557.963659,10202,nan,nan,nan,nan,nan,nan,nan,nan,nan,nan,nan,nan,nan
1,1785175558.0234995,10205,nan,nan,nan,nan,nan,nan,nan,nan,nan,nan,nan,nan,nan
1,1785175558.0683792,10208,nan,nan,nan,nan,nan,nan,nan,nan,nan,nan,nan,nan,nan
1,1785175558.113259,10211,nan,nan,nan,nan,nan,nan,nan,nan,nan,nan,nan,nan,nan
1,1785175558.1736863,10214,nan,nan,nan,nan,nan,nan,nan,nan,nan,nan,nan,nan,nan
1,1785175558.2185664,10217,nan,nan,nan,nan,nan,nan,nan,nan,nan,nan,nan,nan,nan
1,1785175558.2634466,10220,nan,nan,nan,nan,nan,nan,nan,nan,nan,nan,nan,nan,nan
1,1785175558.3232865,10223,nan,nan,nan,nan,nan,nan,nan,nan,nan,nan,nan,nan,nan
1,1785175558.3681662,10226,nan,nan,nan,nan,nan,nan,nan,nan,nan,nan,nan,nan,nan
1,1785175558.4130473,10229,nan,nan,nan,nan,nan,nan,nan,nan,nan,nan,nan,nan,nan
1,1785175558.4728863,10232,nan,nan,nan,nan,nan,nan,nan,nan,nan,nan,nan,nan,nan
1,1785175558.5177672,10235,nan,nan,nan,nan,nan,nan,nan,nan,nan,nan,nan,nan,nan
1,1785175558.5776079,10238,nan,nan,nan,nan,nan,nan,nan,nan,nan,nan,nan,nan,nan
1,1785175558.638068,10241,nan,nan,nan,nan,nan,nan,nan,nan,nan,nan,nan,nan,nan
1,1785175558.682951,10244,nan,nan,nan,nan,nan,nan,nan,nan,nan,nan,nan,nan,nan
1,1785175558.7283397,10247,nan,nan,nan,nan,nan,nan,nan,nan,nan,nan,nan,nan,nan
1,1785175558.7881813,10250,nan,nan,nan,nan,nan,nan,nan,nan,nan,nan,nan,nan,nan
1,1785175558.8329365,10253,nan,nan,nan,nan,nan,nan,nan,nan,nan,nan,nan,nan,nan
1,1785175558.8934155,10256,nan,nan,nan,nan,nan,nan,nan,nan,nan,nan,nan,nan,nan
1,1785175558.953254,10259,nan,nan,nan,nan,nan,nan,nan,nan,nan,nan,nan,nan,nan
1,1785175558.9981344,10262,nan,nan,nan,nan,nan,nan,nan,nan,nan,nan,nan,nan,nan
1,1785175559.0579743,10268,nan,nan,nan,nan,nan,nan,nan,nan,nan,nan,nan,nan,nan
1,1785175559.1178143,10271,nan,nan,nan,nan,nan,nan,nan,nan,nan,nan,nan,nan,nan
1,1785175559.1626942,10274,nan,nan,nan,nan,nan,nan,nan,nan,nan,nan,nan,nan,nan
1,1785175559.2225354,10277,nan,nan,nan,nan,nan,nan,nan,nan,nan,nan,nan,nan,nan
1,1785175559.2674143,10280,nan,nan,nan,nan,nan,nan,nan,nan,nan,nan,nan,nan,nan
1,1785175559.3128219,10283,nan,nan,nan,nan,nan,nan,nan,nan,nan,nan,nan,nan,nan
1,1785175559.3732507,10286,nan,nan,nan,nan,nan,nan,nan,nan,nan,nan,nan,nan,nan
1,1785175559.433091,10289,nan,nan,nan,nan,nan,nan,nan,nan,nan,nan,nan,nan,nan
1,1785175559.4779725,10292,nan,nan,nan,nan,nan,nan,nan,nan,nan,nan,nan,nan,nan
1,1785175559.5379488,10295,nan,nan,nan,nan,nan,nan,nan,nan,nan,nan,nan,nan,nan
1,1785175559.582829,10298,nan,nan,nan,nan,nan,nan,nan,nan,nan,nan,nan,nan,nan
1,1785175559.6277094,10301,nan,nan,nan,nan,nan,nan,nan,nan,nan,nan,nan,nan,nan
1,1785175559.6875489,10304,nan,nan,nan,nan,nan,nan,nan,nan,nan,nan,nan,nan,nan
1,1785175559.7324297,10307,nan,nan,nan,nan,nan,nan,nan,nan,nan,nan,nan,nan,nan
1,1785175559.7928956,10310,nan,nan,nan,nan,nan,nan,nan,nan,nan,nan,nan,nan,nan
1,1785175559.852735,10313,nan,nan,nan,nan,nan,nan,nan,nan,nan,nan,nan,nan,nan
1,1785175559.8976152,10316,nan,nan,nan,nan,nan,nan,nan,nan,nan,nan,nan,nan,nan
1,1785175559.9574559,10322,nan,nan,nan,nan,nan,nan,nan,nan,nan,nan,nan,nan,nan
1,1785175560.0172951,10325,nan,nan,nan,nan,nan,nan,nan,nan,nan,nan,nan,nan,nan
1,1785175560.0621755,10328,nan,nan,nan,nan,nan,nan,nan,nan,nan,nan,nan,nan,nan
1,1785175560.122015,10331,nan,nan,nan,nan,nan,nan,nan,nan,nan,nan,nan,nan,nan
1,1785175560.166895,10334,nan,nan,nan,nan,nan,nan,nan,nan,nan,nan,nan,nan,nan
1,1785175560.2117753,10337,nan,nan,nan,nan,nan,nan,nan,nan,nan,nan,nan,nan,nan
1,1785175560.2716148,10340,nan,nan,nan,nan,nan,nan,nan,nan,nan,nan,nan,nan,nan
1,1785175560.3164952,10343,nan,nan,nan,nan,nan,nan,nan,nan,nan,nan,nan,nan,nan
1,1785175560.361375,10346,nan,nan,nan,nan,nan,nan,nan,nan,nan,nan,nan,nan,nan
1,1785175560.4212484,10349,nan,nan,nan,nan,nan,nan,nan,nan,nan,nan,nan,nan,nan
1,1785175560.4661176,10352,nan,nan,nan,nan,nan,nan,nan,nan,nan,nan,nan,nan,nan
1,1785175560.5109751,10355,nan,nan,nan,nan,nan,nan,nan,nan,nan,nan,nan,nan,nan
1,1785175560.5708144,10358,nan,nan,nan,nan,nan,nan,nan,nan,nan,nan,nan,nan,nan
1,1785175560.615717,10361,nan,nan,nan,nan,nan,nan,nan,nan,nan,nan,nan,nan,nan
1,1785175560.6607318,10364,nan,nan,nan,nan,nan,nan,nan,nan,nan,nan,nan,nan,nan
1,1785175560.720571,10367,nan,nan,nan,nan,nan,nan,nan,nan,nan,nan,nan,nan,nan
1,1785175560.7654514,10370,nan,nan,nan,nan,nan,nan,nan,nan,nan,nan,nan,nan,nan
1,1785175560.8109813,10373,nan,nan,nan,nan,nan,nan,nan,nan,nan,nan,nan,nan,nan
1,1785175560.8707635,10376,nan,nan,nan,nan,nan,nan,nan,nan,nan,nan,nan,nan,nan
1,1785175560.915644,10379,nan,nan,nan,nan,nan,nan,nan,nan,nan,nan,nan,nan,nan
1,1785175560.9605236,10382,nan,nan,nan,nan,nan,nan,nan,nan,nan,nan,nan,nan,nan
1,1785175561.0203636,10385,nan,nan,nan,nan,nan,nan,nan,nan,nan,nan,nan,nan,nan
1,1785175561.0656447,10388,nan,nan,nan,nan,nan,nan,nan,nan,nan,nan,nan,nan,nan
1,1785175561.1105254,10391,nan,nan,nan,nan,nan,nan,nan,nan,nan,nan,nan,nan,nan
1,1785175561.1706388,10394,nan,nan,nan,nan,nan,nan,nan,nan,nan,nan,nan,nan,nan
1,1785175561.215519,10397,nan,nan,nan,nan,nan,nan,nan,nan,nan,nan,nan,nan,nan
1,1785175561.260905,10400,nan,nan,nan,nan,nan,nan,nan,nan,nan,nan,nan,nan,nan
1,1785175561.321389,10403,nan,nan,nan,nan,nan,nan,nan,nan,nan,nan,nan,nan,nan
1,1785175561.3812296,10406,nan,nan,nan,nan,nan,nan,nan,nan,nan,nan,nan,nan,nan
1,1785175561.42611,10409,nan,nan,nan,nan,nan,nan,nan,nan,nan,nan,nan,nan,nan
1,1785175561.485966,10412,nan,nan,nan,nan,nan,nan,nan,nan,nan,nan,nan,nan,nan
1,1785175561.5308475,10415,nan,nan,nan,nan,nan,nan,nan,nan,nan,nan,nan,nan,nan
1,1785175561.5906873,10418,nan,nan,nan,nan,nan,nan,nan,nan,nan,nan,nan,nan,nan
1,1785175561.6511526,10421,nan,nan,nan,nan,nan,nan,nan,nan,nan,nan,nan,nan,nan
1,1785175561.6960118,10424,nan,nan,nan,nan,nan,nan,nan,nan,nan,nan,nan,nan,nan
1,1785175561.7558506,10430,nan,nan,nan,nan,nan,nan,nan,nan,nan,nan,nan,nan,nan
1,1785175561.8156912,10433,nan,nan,nan,nan,nan,nan,nan,nan,nan,nan,nan,nan,nan
1,1785175561.8605714,10436,nan,nan,nan,nan,nan,nan,nan,nan,nan,nan,nan,nan,nan
1,1785175561.9204104,10439,nan,nan,nan,nan,nan,nan,nan,nan,nan,nan,nan,nan,nan
1,1785175561.9802501,10442,nan,nan,nan,nan,nan,nan,nan,nan,nan,nan,nan,nan,nan
1,1785175562.0251312,10445,nan,nan,nan,nan,nan,nan,nan,nan,nan,nan,nan,nan,nan
1,1785175562.084971,10448,nan,nan,nan,nan,nan,nan,nan,nan,nan,nan,nan,nan,nan
1,1785175562.129851,10451,nan,nan,nan,nan,nan,nan,nan,nan,nan,nan,nan,nan,nan
1,1785175562.1747303,10454,nan,nan,nan,nan,nan,nan,nan,nan,nan,nan,nan,nan,nan
1,1785175562.23457,10457,nan,nan,nan,nan,nan,nan,nan,nan,nan,nan,nan,nan,nan
1,1785175562.2800784,10460,nan,nan,nan,nan,nan,nan,nan,nan,nan,nan,nan,nan,nan
1,1785175562.324959,10463,nan,nan,nan,nan,nan,nan,nan,nan,nan,nan,nan,nan,nan
1,1785175562.3847983,10466,nan,nan,nan,nan,nan,nan,nan,nan,nan,nan,nan,nan,nan
1,1785175562.429679,10469,nan,nan,nan,nan,nan,nan,nan,nan,nan,nan,nan,nan,nan
1,1785175562.4745584,10472,nan,nan,nan,nan,nan,nan,nan,nan,nan,nan,nan,nan,nan
1,1785175562.5350008,10475,nan,nan,nan,nan,nan,nan,nan,nan,nan,nan,nan,nan,nan
1,1785175562.5798812,10478,nan,nan,nan,nan,nan,nan,nan,nan,nan,nan,nan,nan,nan
1,1785175562.6247613,10481,nan,nan,nan,nan,nan,nan,nan,nan,nan,nan,nan,nan,nan
1,1785175562.6846015,10484,88.36,-199.78,-1816.91,0.3227851521493883,0.9324055377881203,-0.16257201067201654,-0.32972243497391923,-0.050228956187804326,-0.9427407744630297,-0.8871825412093982,0.3579063635398646,0.29122186303728026,0.3045
1,1785175562.7294812,10487,88.4,-199.43,-1817.44,0.2914028397800127,0.9446949205320467,-0.1504522917375951,-0.3629806338918659,-0.03631947556648824,-0.931088586072257,-0.8850590061615122,0.32593312629360865,0.3323223627697528,0.28900000000000003
1,1785175562.789354,10490,88.78,-199.08,-1818.18,0.2630232539647731,0.9553498251600585,-0.13463090076363673,-0.39164586989115835,-0.02180279550870673,-0.9198576795924485,-0.8817212033692852,0.2946715963146962,0.3684241711049485,0.24710000000000001
1,1785175562.8496652,10493,89.14,-198.52,-1818.53,0.23528978760319436,0.9643762996522233,-0.12090106913807268,-0.42457765984678436,-0.00991050673577323,-0.9053372811363002,-0.8742840079794849,0.26434850959543077,0.4071207914931421,0.2554
1,1785175562.8951492,10496,89.4,-198.11,-1818.88,0.2118712413332244,0.9705323855571935,-0.1147931430033254,-0.4540319379982388,-0.006264785121640326,-0.8909633840652169,-0.8654279729552784,0.24088927135105667,0.43932537210417855,0.2348
1,1785175562.954989,10502,89.60000000000001,-197.83,-1819.44,0.19049172183612145,0.9751335306621952,-0.11325855945663076,-0.47212705652283415,-0.010150364816869794,-0.8814720713631085,-0.8607025888255445,0.2213855629266865,0.4584533630770307,0.2391
1,1785175563.0148294,10505,89.85000000000001,-197.51,-1819.3500000000001,0.17485688032910096,0.9783031550137054,-0.11112159237432062,-0.49488752687146226,-0.010240889868781976,-0.8688966911674503,-0.8511823583396347,0.20692525477796492,0.48235933886103227,0.22990000000000002
1,1785175563.0751753,10508,90.04,-197.17000000000002,-1819.18,0.15789035063885234,0.9818734649397404,-0.10485769414958714,-0.525095963817925,-0.006445091376434813,-0.8510186188205717,-0.8362684174099034,0.18942798009897457,0.5145601756824538,0.22360000000000002
1,1785175563.1355207,10511,90.17,-196.93,-1819.06,0.14923461208541894,0.9836110282611349,-0.10118485874273793,-0.5444484841691742,-0.0036822531569625583,-0.8387861998731124,-0.825411944813984,0.18026587612402228,0.534976013727378,0.23270000000000002
1,1785175563.1804006,10514,90.39,-196.73000000000002,-1818.91,0.13405535966865778,0.9861847419908728,-0.09730783734367073,-0.5693557821428488,-0.0037213170791410045,-0.822082809174174,-0.811087636377606,0.16560738650069923,0.5609911226140716,0.2132
1,1785175563.2402413,10517,90.44,-196.35,-1818.71,0.11708453280187646,0.988148840718779,-0.09926268566132743,-0.6039459989610106,-0.008498348399078337,-0.7969799297431991,-0.7883783625376544,0.15326332457773806,0.5957935135781739,0.2285
1,1785175563.300082,10520,90.42,-196.20000000000002,-1818.6200000000001,0.10479646011769234,0.989414666976902,-0.10038086828568067,-0.6264250932118435,-0.01272215587301499,-0.779377796286548,-0.7724048838150456,0.1445571289177015,0.6184609380856134,0.216
1,1785175563.3449605,10523,90.35000000000001,-196.38,-1818.74,0.1039493174708868,0.9895139650124746,-0.10028286215813659,-0.6250715557538727,-0.013431026254797664,-0.7804518932779753,-0.7736149491735342,0.1438114062897445,0.617120887538411,0.229
1,1785175563.4048152,10529,90.27,-196.88,-1818.8500000000001,0.10312702608488385,0.989677004531489,-0.09952006427081442,-0.623291595024137,-0.0136747011552458,-0.7818699317153603,-0.7751595990911518,0.1426619404392569,0.6154471274504016,0.2202
1,1785175563.464641,10532,90.26,-197.13,-1818.92,0.10377436151231778,0.9895487216044577,-0.10012097414475324,-0.6228080093346886,-0.013832941745977188,-0.7822524101792303,-0.7754618400677581,0.14353388900756486,0.6148633647446324,0.2295
1,1785175563.5244813,10535,90.23,-197.32,-1818.92,0.10542526930380466,0.9893367078476111,-0.10049075130314727,-0.620517721465927,-0.013518277498242396,-0.7840758978059554,-0.7770735293001265,0.1450177047078433,0.6124757916704254,0.21280000000000002
1,1785175563.5843222,10538,90.24,-197.56,-1818.98,0.1053857502564994,0.9894567999917263,-0.09934326647039429,-0.6183984049251103,-0.013026607633057784,-0.7857567818858796,-0.7787664967298954,0.14424128550351809,0.6105056880384806,0.23240000000000002
1,1785175563.6292036,10541,90.24,-197.71,-1819.0,0.10732923653608568,0.9894155792293503,-0.0976588273676788,-0.6156040358364715,-0.010997182137593792,-0.7879788912444805,-0.7807125630130651,0.1446923410664217,0.6079079045301921,0.2147
1,1785175563.6890411,10544,90.32000000000001,-197.81,-1819.04,0.10590379059340012,0.9898676445668327,-0.09458558757897474,-0.6148192219571603,-0.009576479377364375,-0.7886099259803463,-0.7815252468410355,0.14166981782456542,0.6075754696065446,0.2335
1,1785175563.7488818,10547,90.41,-197.79,-1818.96,0.10248457824893055,0.990489958097357,-0.09179626424552675,-0.616776365913628,-0.00912825317685437,-0.7870855032614419,-0.7804382266851856,0.13728189211339933,0.6099752916522502,0.21630000000000002
1,1785175563.7937624,10550,90.43,-197.81,-1818.96,0.10040782409219022,0.9909462969512614,-0.08912746725703742,-0.6185044824200749,-0.008000811729174544,-0.785740537479103,-0.7793397680648326,0.13402023567453095,0.612101382405232,0.21200000000000002
1,1785175563.8536,10556,90.49,-197.81,-1818.98,0.09860330461783645,0.9912585823943111,-0.08765735079309005,-0.6184440655747202,-0.007969163779075061,-0.7857884131139079,-0.7796180642300775,0.13169250266542495,0.612252201848114,0.2144
1,1785175563.91344,10559,90.5,-197.82,-1819.01,0.09762288033557599,0.9914085610279316,-0.08705652391126066,-0.6191366212793955,-0.007987218562111808,-0.7852426685620028,-0.7791916435805253,0.1305575331421636,0.6130376115003979,0.2049
1,1785175563.97328,10562,90.48,-197.84,-1818.99,0.09843250615212727,0.9912833882446719,-0.08756874969288249,-0.618098604727009,-0.008063514739935959,-0.7860592182301304,-0.7799135571120279,0.13149990083723292,0.611917167198847,0.20980000000000001
1,1785175564.033121,10565,90.47,-197.85,-1819.01,0.09879819182183154,0.9912620591135478,-0.0873982119651531,-0.6183293625118782,-0.007661783428087211,-0.7858817318975898,-0.779684369952605,0.13168457478638235,0.6121694667450663,0.21960000000000002
1,1785175564.0780652,10568,90.48,-197.86,-1819.03,0.09842095609604308,0.9913282089711919,-0.08707294355372133,-0.6172383242657895,-0.007822183562199797,-0.7867373542052514,-0.7805960328228044,0.13117620036534075,0.6111158957178345,0.2177
1,1785175564.1379268,10571,90.47,-197.86,-1819.08,0.09964513846275315,0.9911013310230743,-0.08825530026592732,-0.618785946035229,-0.007736271371231008,-0.7855215484597206,-0.7792142191785422,0.1328845429294202,0.612508692901916,0.1998
1,1785175564.198319,10574,90.46000000000001,-197.9,-1819.1200000000001,0.09997605077260217,0.9911033551705234,-0.08785743361631677,-0.6163880335807741,-0.007623220535493232,-0.7874056632810651,-0.7810701513502746,0.1328759793130371,0.6101421086855592,0.20040000000000002
1,1785175564.2432032,10577,90.42,-197.94,-1819.14,0.10145508866773732,0.9908958619028864,-0.08850003303478274,-0.6155307165371403,-0.007363286056555242,-0.7880784980049412,-0.7815553735869879,0.13442906263968898,0.6091797970510171,0.22360000000000002
1,1785175564.3030415,10583,90.36,-198.02,-1819.27,0.10368674684238044,0.990561758769758,-0.08964630830217081,-0.6125893413075094,-0.007405956155180979,-0.7903666558818504,-0.7835709013520575,0.136866920314557,0.6060396758281861,0.22560000000000002
1,1785175564.3629045,10586,90.32000000000001,-198.05,-1819.39,0.10558414106501939,0.9903234022893109,-0.09006413289254595,-0.6111611250148887,-0.006820752741484584,-0.7914768200033248,-0.7844323224001533,0.13861109699502278,0.6045270013520807,0.2162
1,1785175564.4227216,10589,90.26,-198.16,-1819.55,0.1100772302037129,0.989650357623173,-0.09206070305512974,-0.607029551197732,-0.006402488648242593,-0.7946534666833016,-0.7870185050958832,0.1433568198427794,0.6000422442138604,0.2222
1,1785175564.482562,10592,90.19,-198.23000000000002,-1819.64,0.1141892564502315,0.9891156031085625,-0.09279621435451059,-0.6021844406196165,-0.00537837296749003,-0.7983388832944706,-0.7901485386855961,0.14704215991139274,0.5950158737559947,0.22790000000000002
1,1785175564.5274425,10595,90.18,-198.38,-1819.88,0.11515355695247256,0.9892559971724803,-0.0900679209234639,-0.5974067960370156,-0.003472029064451067,-0.8019308355855655,-0.7936276068597798,0.14615237621214813,0.5905884392346006,0.2156
1,1785175564.5872815,10598,90.18,-198.56,-1820.1200000000001,0.11256847399879653,0.9899242956668286,-0.0858966094215374,-0.5870295874327334,-0.0034924466148880877,-0.8095579449892376,-0.8017010678177605,0.14155455367163589,0.5807217114889771,0.2321
1,1785175564.6476285,10601,90.14,-198.74,-1820.25,0.1023107876292095,0.9908110052242408,-0.08846499116158939,-0.5785402855629267,-0.013076783344193372,-0.8155489781234088,-0.809211740347023,0.13462001955095063,0.5718861858977217,0.216
1,1785175564.692541,10604,90.08,-198.84,-1820.33,0.09840979319671861,0.9907315236958472,-0.09362991273243884,-0.5723983122895645,-0.020611432852492683,-0.8197166223298301,-0.8140489448989153,0.13426174731125848,0.5650646852510696,0.2286
1,1785175564.7528582,10610,90.13,-198.85,-1820.44,0.09395204859387324,0.9911397949945974,-0.09388780188651699,-0.5722285406596449,-0.02341084409212321,-0.8197599829422192,-0.8146947341302432,0.13074340961196354,0.5649589817176913,0.218
1,1785175564.812696,10613,90.24,-198.8,-1820.46,0.09030475707245209,0.9917406439064164,-0.09107988841765303,-0.5735728710130293,-0.022972539042494532,-0.8188323540797665,-0.8141616623791349,0.12618540990949698,0.5667609988681436,0.20800000000000002
1,1785175564.8730874,10616,90.36,-198.72,-1820.52,0.08716925983625479,0.9921981179605069,-0.08913144706122085,-0.5761272135015123,-0.022781334731778,-0.8170424986809568,-0.8126985628156249,0.12257204209552187,0.5696465048553807,0.22210000000000002
1,1785175564.9329271,10619,90.41,-198.70000000000002,-1820.6100000000001,0.08426533581173118,0.9926077296654999,-0.08734556765422172,-0.5770303785788581,-0.022854458207686196,-0.8164028514999031,-0.8123640165453391,0.11919550640999495,0.5708389754335184,0.2159
1,1785175564.9783232,10622,90.5,-198.65,-1820.67,0.08044978434029319,0.9930943822309073,-0.0853895788782971,-0.5783009992728038,-0.02327098713999799,-0.8154915176736094,-0.8118471447505847,0.11498699552098338,0.5724353277195429,0.2243
1,1785175565.0381627,10625,90.56,-198.63,-1820.76,0.07585069823289073,0.9936524555452595,-0.08307508150137059,-0.5812610765713453,-0.023632049283810366,-0.8133738913376606,-0.8101741988243664,0.10998328889210383,0.5757789886091472,0.2141
1,1785175565.0980027,10628,90.60000000000001,-198.6,-1820.83,0.07266100465660037,0.9940393265599277,-0.08127850671966586,-0.5839583866321482,-0.02366256368381255,-0.811438651878186,-0.808525188899067,0.10642321331455275,0.5787582557368258,0.2033
1,1785175565.1428826,10631,90.59,-198.6,-1820.8,0.07210263362856084,0.9940951422603648,-0.08109289955458936,-0.5838038633491901,-0.02385754554706622,-0.8115441248995828,-0.8086867498372814,0.10585681676120273,0.5786363927224069,0.224
1,1785175565.2027228,10637,90.52,-198.66,-1820.8600000000001,0.0757881733701055,0.9936257666378653,-0.08345051617897438,-0.5825556990011171,-0.023799598399993353,-0.8124422666733427,-0.8092496588436369,0.11018808914448718,0.5770386249395649,0.2026
1,1785175565.2625642,10640,90.61,-198.61,-1820.89,0.0742933170857693,0.9938864193099346,-0.08167183448208984,-0.5817993503601622,-0.023317792112731404,-0.8129980298201717,-0.8099321076219207,0.10791694066393831,0.5765101169631365,0.2248
1,1785175565.3224025,10643,91.05,-198.3,-1820.9,0.05255187262195391,0.9962475757639923,-0.06876822280890191,-0.5953014367188073,-0.024036697029317315,-0.8031428494585784,-0.8017820777021957,0.08314448256071863,0.5918044397393962,0.2311
1,1785175565.3822422,10646,91.59,-197.88,-1820.8,0.029028788256867402,0.9981052527354819,-0.054251579831167934,-0.6111947609162995,-0.025222791574300532,-0.7910782357097601,-0.7909477186772874,0.05612232396327711,0.6093045142391083,0.1993
1,1785175565.4271233,10649,92.11,-197.29,-1820.75,0.006904009801306117,0.9992076532829116,-0.03919694209399511,-0.6251922366245345,-0.026279211052440826,-0.7800282497005306,-0.7804402615915428,0.02989094657781523,0.6245154356776192,0.22540000000000002
1,1785175565.486963,10652,92.54,-196.79,-1820.78,-0.008368601244334192,0.9995723222567399,-0.028020333536230263,-0.6363756203602692,-0.02693821682905519,-0.770908815804537,-0.7713339330823556,0.01138002866161007,0.6363288918659634,0.215
1,1785175565.5468032,10655,92.97,-196.29,-1820.74,-0.026142677269875528,0.9995619344674687,-0.013874422107433825,-0.6439524924220624,-0.02745467363877808,-0.7645727096874451,-0.764618694467103,-0.011053508901715282,0.6443881377030328,0.2358
1,1785175565.606642,10661,94.31,-194.97,-1821.07,-0.09261749209104177,0.9953203613214631,0.027556823069391993,-0.6752519923933166,-0.042446909854880095,-0.736364723905639,-0.7317491010774266,-0.0868080536740897,0.6760233833897272,0.2376
1,1785175565.6664822,10664,94.94,-194.33,-1821.57,-0.12361858253017183,0.9909788816863374,0.05176197547357681,-0.6915135073336162,-0.0486163074199536,-0.7207256924988933,-0.7117074646428769,-0.12488919370603947,0.6912851611795696,0.22490000000000002
1,1785175565.7263513,10667,95.49,-193.75,-1822.17,-0.15564440203474542,0.9852203785857717,0.07152360263965568,-0.7035785863796821,-0.059745110161640025,-0.7081014719655242,-0.6933628147681523,-0.1605345054219881,0.7024789531834408,0.2641
1,1785175565.7861624,10670,95.98,-193.16,-1822.8500000000001,-0.18742762776534222,0.978062330300493,0.09091183859886255,-0.7145364123366645,-0.07224708566266187,-0.6958577972964738,-0.6740241833905551,-0.19538279520065566,0.7124022484132643,0.29300000000000004
1,1785175565.8460019,10673,96.66,-192.51,-1823.75,-0.21553753079689683,0.9687397619558852,0.12282852447062824,-0.7248720265739369,-0.07444528579188216,-0.6848492129760819,-0.6542966589465138,-0.2366456697871735,0.7182581075507672,0.2823
1,1785175565.8912218,10676,97.08,-191.9,-1824.69,-0.2289490091181012,0.9630386480815498,0.14191163985064928,-0.7289419781609068,-0.0729930572748173,-0.6806729068095331,-0.6451557515040097,-0.2592847390243707,0.7187109853135405,0.2959
1,1785175565.9510634,10682,97.32000000000001,-190.47,-1826.43,-0.23827233959833655,0.958083792808084,0.15906520091085685,-0.7305736050376173,-0.06890289969522558,-0.6793486571974138,-0.6399128845434154,-0.27807883121889365,0.7163683855554062,0.30720000000000003
1,1785175566.011409,10685,97.47,-189.42000000000002,-1827.64,-0.25302128095250737,0.9514236696546515,0.17542300934036245,-0.7382735449965239,-0.07269640624228257,-0.6705724459577224,-0.625245874951141,-0.2991792662273467,0.7208046632176072,0.30910000000000004
1,1785175566.0712712,10688,97.83,-187.98,-1829.06,-0.277048155872492,0.9395944749051497,0.20101378573462897,-0.7538280989460285,-0.08282261777923988,-0.6518309682913282,-0.5958082884343486,-0.33211840766797296,0.7312385703182118,0.3547
1,1785175566.1310897,10691,97.8,-186.41,-1830.25,-0.28795305853288,0.9348368200800833,0.20775744488253156,-0.7732961420970127,-0.09901355535869846,-0.6262662313051113,-0.5648859289267497,-0.3409933073797613,0.7514169625599192,0.35200000000000004
1,1785175566.1759691,10694,97.82000000000001,-184.95000000000002,-1831.66,-0.29706361125680864,0.9296323125972581,0.21802975540539757,-0.781410224466366,-0.10545118599575982,-0.6150431761035247,-0.5487725138584176,-0.35307762708384893,0.7577499041810241,0.3668
1,1785175566.235809,10697,97.97,-183.49,-1833.27,-0.303922236315944,0.9236700854441484,0.23337705013200208,-0.7858032464401488,-0.10454138765046629,-0.6095771945801759,-0.5386506587361034,-0.36865250782235903,0.7575954041039632,0.34900000000000003
1,1785175566.2956488,10700,98.13,-182.02,-1834.69,-0.310498211368961,0.9181733878672727,0.24606602883984402,-0.7873081755443339,-0.10334631153717978,-0.6078366364515326,-0.5326694072853523,-0.3824619846520632,0.7549742597190161,0.36460000000000004
1,1785175566.3554928,10706,98.49000000000001,-179.09,-1837.78,-0.32101293003976233,0.9069457642966814,0.27276377943487173,-0.7921337263401829,-0.09925689197893255,-0.6022227403453799,-0.51910967852825,-0.4093866754292221,0.7502850735815727,0.3879
1,1785175566.4153316,10709,98.69,-177.61,-1839.69,-0.32780295527989295,0.8995159243737276,0.28881884340854036,-0.7954658670122747,-0.09786334677537176,-0.598044162061911,-0.5096854686256795,-0.42578617539323865,0.7476141089598428,0.39880000000000004
1,1785175566.4607213,10712,98.60000000000001,-175.94,-1841.3700000000001,-0.33111808942158616,0.8962418908011817,0.29514620788843166,-0.8061305059497571,-0.10611700701657492,-0.5821449889838725,-0.4904226934339267,-0.4306850984129438,0.7576251895033889,0.4117
1,1785175566.520561,10715,98.32000000000001,-174.57,-1842.8600000000001,-0.3286432670686079,0.8988962654175561,0.2897914888826832,-0.8139807834156318,-0.1139656774660304,-0.5696025882927351,-0.4789873560341087,-0.4230807586951685,0.7691383389100915,0.38180000000000003
1,1785175566.5804002,10718,98.06,-173.28,-1844.25,-0.3238123775632151,0.9031943005204667,0.28175450243820915,-0.815534388215384,-0.11548569104229056,-0.5670685291943504,-0.47963445015450773,-0.4134042944525728,0.7739817075055154,0.4006
1,1785175566.62528,10721,97.84,-172.25,-1845.8,-0.32108043072610215,0.9058640087871445,0.2762566824328868,-0.8169683101223932,-0.11738573949256903,-0.5646090403275026,-0.4790304137113858,-0.40697786886742,0.7777524522569064,0.37610000000000005
1,1785175566.685121,10724,97.76,-171.21,-1847.18,-0.31872000431742903,0.9073167269739528,0.27421509039651987,-0.8160699532314862,-0.11551903996893308,-0.5662907228954186,-0.4821279812255847,-0.40426687764140357,0.7772521478654225,0.34390000000000004
1,1785175566.7449944,10727,97.78,-170.45000000000002,-1848.3400000000001,-0.316632405051557,0.9081119876164683,0.27400098178388704,-0.8132214817051057,-0.11119092101856787,-0.5712332280044596,-0.48827732055115886,-0.4036944352233628,0.7737028248656398,0.34900000000000003
1,1785175566.8047998,10733,98.26,-168.99,-1850.55,-0.32563376882928047,0.8974440939111358,0.29758485664102463,-0.8182561971695953,-0.10979314907641616,-0.564271441958067,-0.47372929441991557,-0.427246489417882,0.7700915483814277,0.4107
1,1785175566.86464,10736,98.41,-168.52,-1851.51,-0.3311060687212984,0.8910642864560611,0.31044034637668716,-0.8224962754095274,-0.11130289648851557,-0.5577737374336672,-0.46245934761163776,-0.440018298069316,0.7697501212541644,0.39940000000000003
1,1785175566.90952,10739,98.47,-168.26,-1852.42,-0.33320790560377084,0.8885575623058743,0.3153378348885371,-0.82322331821119,-0.11112952851616441,-0.5567347629213866,-0.45964753887789506,-0.445101883124321,0.7685105423106939,0.405
1,1785175566.9693599,10742,98.39,-168.16,-1853.1100000000001,-0.33595754550838175,0.8868813043491917,0.3171341665791627,-0.8230301669739759,-0.11270195737558826,-0.5567042419943471,-0.45798894295252707,-0.448039976787326,0.7677931409785056,0.3889
1,1785175567.0292003,10745,98.34,-168.08,-1853.78,-0.33962338589472457,0.8851402633551568,0.31809223495861466,-0.8258732673249504,-0.118799038321001,-0.5511988160473645,-0.45009921358675353,-0.4499038816031363,0.7713606129736058,0.4451
1,1785175567.0740798,10748,98.25,-168.06,-1854.45,-0.3435082369402378,0.8840867505354524,0.3168480845482172,-0.827318307495433,-0.1251949906761526,-0.5476044488428577,-0.4444620447654686,-0.45024085980424167,0.7744266646530423,0.40030000000000004
1,1785175567.1339197,10751,98.2,-168.02,-1855.03,-0.3479755134949181,0.8812361295222876,0.31989986875978216,-0.8297153498044648,-0.13062941044121631,-0.5426862771681578,-0.43644642318021404,-0.45426736747466023,0.7766309796427383,0.42800000000000005
1,1785175567.1937602,10754,98.14,-168.05,-1855.7,-0.35031442069168606,0.8796232482494708,0.3217805895241323,-0.83036220796015,-0.13272074595281583,-0.5411874048657014,-0.43333406310489003,-0.45678019301714246,0.776899893821739,0.43260000000000004
1,1785175567.253601,10760,98.02,-168.12,-1856.8,-0.3534260873593555,0.8777432202854679,0.3235070942294064,-0.8296663651017676,-0.134359914149916,-0.5418497357094934,-0.43213854652492845,-0.4599067869824537,0.7757203258229077,0.44770000000000004
1,1785175567.3134413,10763,97.96000000000001,-168.13,-1857.22,-0.3542462310740991,0.8775860869513029,0.3230360161952472,-0.8295316046633229,-0.1354166830251233,-0.5417929852103713,-0.4317255200176246,-0.4598967079116497,0.7759562445251268,0.3912
1,1785175567.3583207,10766,97.94,-168.12,-1857.7,-0.3560603286398337,0.876536699167702,0.323889575906794,-0.8307363649746214,-0.13820158118600967,-0.5392378091959422,-0.4278996778190493,-0.46106804049931294,0.7773790116490655,0.4203
1,1785175567.4181602,10769,97.95,-168.08,-1858.18,-0.3577859189315484,0.875640956836027,0.3244104667324937,-0.8330245245495232,-0.1423047044063945,-0.5346209055048723,-0.4219708256661216,-0.4615217067648017,0.7803450111787453,0.3894
1,1785175567.478506,10772,98.14,-168.22,-1858.83,-0.35873667712855895,0.8760081200949347,0.32236279253427863,-0.8335885476607142,-0.14524530942728292,-0.5329483401778016,-0.4200453900373875,-0.45990604868506685,0.7823351562413821,0.41650000000000004
1,1785175567.5233867,10775,98.44,-168.42000000000002,-1859.26,-0.35941864679320895,0.8757289188870541,0.32236174860279254,-0.8340256710030437,-0.14649925901406197,-0.5319202451648682,-0.41859218392758035,-0.4600400284032274,0.7830349646225874,0.4097
1,1785175567.5832255,10778,98.86,-168.64000000000001,-1859.6200000000001,-0.3605790332579768,0.8738521043018781,0.3261368739991269,-0.8346650236133899,-0.14623469207778392,-0.5309893720116956,-0.41631365474987964,-0.46367867606791585,0.7821029511699229,0.4088
1,1785175567.6430657,10781,99.29,-168.87,-1859.79,-0.3609228621810742,0.8731595763069169,0.32760806134548454,-0.8349911186127427,-0.14609777275888067,-0.5305141587486002,-0.4153607099773182,-0.4650245102125477,0.7818105176503564,0.44260000000000005
1,1785175567.7034698,10787,100.14,-169.28,-1860.39,-0.3632006477869231,0.8702535935306279,0.3327821695857343,-0.8379549778727409,-0.14895570821721252,-0.5250177635545328,-0.40732879164804203,-0.4695432673743046,0.7833341404266818,0.44170000000000004
1,1785175567.7633097,10790,100.47,-169.52,-1860.6200000000001,-0.3634682783022915,0.8698888757501709,0.33344288043692266,-0.8385367407413319,-0.14954047775479193,-0.52392153987002,-0.4058903116543586,-0.47003296624702023,0.7837870026647261,0.4152
1,1785175567.8082235,10793,100.75,-169.75,-1860.8500000000001,-0.36318933344108933,0.8703070774555578,0.33265462420562075,-0.8387390913352712,-0.14992466918806258,-0.5234876600598465,-0.4057218810228267,-0.4691355715564697,0.7844116079965183,0.4177
1,1785175567.8680294,10796,100.99000000000001,-169.99,-1861.05,-0.3632045396713228,0.8705000063857982,0.3321328066368454,-0.8384009949723418,-0.14986587873886603,-0.5240457900023767,-0.40640648861888273,-0.46879628547179547,0.784260038977071,0.4264
1,1785175567.9279037,10799,101.18,-170.18,-1861.21,-0.36315773403322993,0.8707211021586634,0.33160401455267685,-0.8379471453588591,-0.14960737209803351,-0.524844944530153,-0.4073831633693135,-0.4684681381583198,0.7839493362033598,0.43420000000000003
1,1785175567.9728699,10802,101.32000000000001,-170.35,-1861.29,-0.363127609182223,0.8707503399257951,0.3315602282673768,-0.8385562846690479,-0.15030008861941171,-0.5236728375646763,-0.4061547696280885,-0.4681919786584444,0.7847512817627285,0.4055
1,1785175568.032713,10805,101.39,-170.47,-1861.3700000000001,-0.3630668051059154,0.8710933345586649,0.33072480632339846,-0.8379634155144586,-0.15005037438540095,-0.5246924807981758,-0.407430741708976,-0.4676337109686033,0.7844226558917117,0.4324
1,1785175568.093056,10808,101.42,-170.54,-1861.38,-0.36333130442448636,0.8706914184877452,0.3314918053240523,-0.8380653079532153,-0.150012333688004,-0.5245405983780106,-0.40698513834105005,-0.4683938017451524,0.7842004486457778,0.40800000000000003
1,1785175568.1528964,10814,101.44,-170.57,-1861.42,-0.36356787205580726,0.870741024892489,0.3311019027097102,-0.8378544644328464,-0.150279329228986,-0.5248009333418096,-0.4072079307169256,-0.46821596595552384,0.7841909910127605,0.4424
1,1785175568.2132404,10817,101.46000000000001,-170.56,-1861.45,-0.36330392331426703,0.8709359833936743,0.33087878767692974,-0.8377864244219362,-0.15002940481803734,-0.5249810327471395,-0.4075833244365731,-0.46793342530753146,0.7841646148106864,0.4177
1,1785175568.2581208,10820,101.49000000000001,-170.59,-1861.53,-0.3633248180696997,0.8710672645553341,0.3305100561173702,-0.8375170965016585,-0.1499670381408256,-0.5254283971567393,-0.4081178624393344,-0.46770899936964627,0.7840204731169925,0.4203
1,1785175568.31796,10823,101.58,-170.59,-1861.57,-0.36288460869516326,0.8712832421968396,0.33042438263409285,-0.8381859418105445,-0.1502753097623633,-0.5242725037869107,-0.4071352204407385,-0.4672074947416714,0.7848299619241624,0.4164
1,1785175568.3778002,10826,101.7,-170.61,-1861.64,-0.3636095690430658,0.8706889972594462,0.3311929216508954,-0.837794550381583,-0.1502039666248233,-0.5249181457723576,-0.40729396343579305,-0.4683368856512469,0.78407409655418,0.4138
1,1785175568.4226809,10829,101.82000000000001,-170.59,-1861.76,-0.3649245141792664,0.869396056431171,0.33313750316191426,-0.838609457375216,-0.1515054291919922,-0.5232401770947982,-0.4044308061360707,-0.4703154281833398,0.7843718002713062,0.4436
1,1785175568.48252,10832,101.95,-170.6,-1861.8700000000001,-0.3645573964771746,0.86939300232028,0.33354716636528925,-0.840441083909148,-0.15296828621410816,-0.5198648746456481,-0.40094474575856576,-0.4698473272556188,0.786439317378875,0.43
1,1785175568.5423598,10835,102.05,-170.61,-1861.9,-0.3654094745787428,0.8686084014983843,0.3346570793133005,-0.8402610066460969,-0.15309286650044643,-0.5201192314621375,-0.4005463226621549,-0.4712557894319157,0.7857993537339713,0.4394
1,1785175568.6022,10841,102.19,-170.66,-1862.06,-0.36501226157642946,0.8688132852532701,0.33455870077802524,-0.8413341907484588,-0.1539492258607684,-0.5181277982645845,-0.39865126160153586,-0.47059867320710763,0.7871556773594496,0.442
1,1785175568.6620405,10844,102.24000000000001,-170.67000000000002,-1862.06,-0.3645217945872444,0.8696912380422631,0.33280776995648825,-0.840938449534329,-0.15395112249593387,-0.518769289739708,-0.39993297609186224,-0.4689735625328552,0.78747534074379,0.45
1,1785175568.7069197,10847,102.28,-170.68,-1862.0900000000001,-0.36494723282401603,0.8694881408543915,0.3328721829286239,-0.8405778642624686,-0.15398953145205815,-0.5193419666415592,-0.4003028495602301,-0.4693374022137479,0.7870705378282243,0.43310000000000004
1,1785175568.7667603,10850,102.31,-170.69,-1862.15,-0.36496705752236985,0.8695117978895254,0.33278864201530123,-0.8407499278940876,-0.15426450474052686,-0.518981715788954,-0.3999232497236811,-0.4692032564977412,0.7873434437539727,0.42510000000000003
1,1785175568.8265994,10853,102.3,-170.70000000000002,-1862.1200000000001,-0.3651621063066858,0.8694056523019819,0.33285199092544077,-0.8406335731583395,-0.15431936820205625,-0.5191538580004587,-0.3999897896155688,-0.46938187474921006,0.787203165555252,0.4204
1,1785175568.87148,10856,102.31,-170.70000000000002,-1862.13,-0.3650009375269002,0.8692438543976414,0.3334508017630427,-0.8415641953665626,-0.15486738100355044,-0.5174802405678223,-0.39817586652321596,-0.46950102863895116,0.788051244162112,0.4189
1,1785175568.9313204,10859,102.32000000000001,-170.70000000000002,-1862.1200000000001,-0.3650127794872103,0.8694978469151955,0.33277494650418143,-0.8411621607159915,-0.15481055304099786,-0.518150472398458,-0.39901364662204974,-0.46904923715637786,0.7878965179085348,0.4186
1,1785175568.9911606,10862,102.33,-170.68,-1862.0900000000001,-0.36492137922734763,0.8698321793708828,0.33200055227922604,-0.8407058915878761,-0.15462950141676587,-0.5189444297234888,-0.40005748440973443,-0.46848873734861884,0.7877006488160666,0.4529
1,1785175569.0510116,10868,102.33,-170.69,-1862.1200000000001,-0.36525498692033687,0.8692782599953538,0.33308272430324976,-0.84105555995396,-0.15478676782720927,-0.5183305910093834,-0.3990167159410186,-0.469463910439403,0.7876479525743647,0.4264
1,1785175569.1108398,10871,102.29,-170.70000000000002,-1862.05,-0.3654496599083033,0.8698540303956329,0.3313616029013904,-0.8407671594992654,-0.1557033115486362,-0.5185239264299433,-0.3994460283698441,-0.4680923462066664,0.7882464245667697,0.4328
1,1785175569.15572,10874,102.25,-170.77,-1861.97,-0.36813371598459804,0.8691605006563515,0.3302084057896948,-0.8400998336356102,-0.15877185485968387,-0.5186750115725988,-0.3983840316588899,-0.4683497861675779,0.7886308649273072,0.431
1,1785175569.215561,10877,102.23,-170.98,-1861.91,-0.3747454427765285,0.8675028501526683,0.32711566470473524,-0.8382416828636106,-0.16627799069178195,-0.5193289043770679,-0.39612716926285896,-0.46881812549057955,0.7894889682467345,0.4209
1,1785175569.2753992,10880,102.23,-171.28,-1861.8,-0.38438616116086866,0.864502235058694,0.3238567039394636,-0.834700585723001,-0.17560177928611764,-0.5219568442938829,-0.3943630450507372,-0.4709563681383577,0.7890994157951441,0.40030000000000004
1,1785175569.3352408,10883,102.16,-171.70000000000002,-1861.7,-0.39393163091506966,0.8611478067254599,0.32131343752872094,-0.8318830645608905,-0.18537364938309725,-0.5230747336769133,-0.390881615148851,-0.4733508900237989,0.7893988205288269,0.46080000000000004
1,1785175569.395082,10886,102.09,-172.28,-1861.6200000000001,-0.4027154121804724,0.8580206354715855,0.3187803097703004,-0.8293083791246295,-0.1946320026769398,-0.5237995760285068,-0.38738599497915754,-0.475309344152732,0.7899450096399798,0.4277
1,1785175569.4399595,10889,101.95,-173.0,-1861.51,-0.4104525815884183,0.8557122407620443,0.31509560339269027,-0.8265337079295085,-0.20315767832056056,-0.5249466519520792,-0.3851891845881717,-0.47590284591437404,0.7906616048139045,0.391
1,1785175569.4998002,10895,101.43,-174.99,-1861.29,-0.43296085851102983,0.851821816831129,0.2948635063345526,-0.8144017529827319,-0.22943287773846643,-0.5330200177772869,-0.38638669715201823,-0.47091416094991306,0.7930606365725095,0.39530000000000004
1,1785175569.5596392,10898,100.96000000000001,-176.22,-1861.0,-0.4455626086484037,0.8535368087907809,0.270090499302881,-0.8075319272127965,-0.25293814926701874,-0.5328362592554696,-0.38647916930465487,-0.4555186150802462,0.8019580057639917,0.3735
1,1785175569.6199841,10901,100.31,-177.53,-1860.69,-0.4548824315308685,0.8580977306562589,0.23822312676804341,-0.8030990429565015,-0.27966213877324253,-0.5261378292226545,-0.3848556881311697,-0.43064762019469494,0.8163508599454831,0.3476
1,1785175569.6803298,10904,99.71000000000001,-178.86,-1860.31,-0.4616669963185879,0.8627202367076174,0.20634286439158897,-0.8023263776477875,-0.3069042715827167,-0.511939597818788,-0.3783331445178353,-0.40189993936231794,0.8338707756600012,0.3219
1,1785175569.74017,10907,99.22,-180.35,-1860.1200000000001,-0.4678925808626488,0.8638263555534734,0.1867633803102044,-0.8032824501362287,-0.32754955689339776,-0.4974420499737393,-0.36852929066334333,-0.38277319032312496,0.8471545589165119,0.3158
1,1785175569.80001,10913,98.73,-183.97,-1859.8500000000001,-0.4747738939569844,0.8632283494161346,0.17154173364291778,-0.8046414944576656,-0.3467723892803834,-0.48197611499918575,-0.3565695093720945,-0.36685927383271894,0.8592278267078375,0.2856
1,1785175569.85985,10916,98.46000000000001,-186.09,-1859.79,-0.47950884731911275,0.861722731952604,0.16584691308202426,-0.8055858421932103,-0.35731317630570836,-0.47260844776218486,-0.3479981554556747,-0.360223857170047,0.8655264620593537,0.2849
1,1785175569.9047298,10919,98.16,-188.26,-1859.72,-0.48319239390218677,0.8617620389359609,0.15456810383778946,-0.8092594851524924,-0.37224036444728564,-0.4544625361532841,-0.33410207447095724,-0.34467854491553096,0.8772528167575842,0.2597
1,1785175569.9645693,10922,97.76,-190.49,-1859.46,-0.48554812742352726,0.8632326407398918,0.13810294680686216,-0.8137829266326781,-0.38859780750170764,-0.43214475853123435,-0.3193749587501487,-0.32221289850981855,0.8911669224995068,0.2652
1,1785175570.0244098,10925,97.33,-193.02,-1859.23,-0.48938221394219555,0.8633963650422775,0.1226856369295827,-0.8161346110199867,-0.40386519713717284,-0.4133003741065417,-0.30729358172973603,-0.3023898466766613,0.9022921008490404,0.2509
1,1785175570.0842493,10928,97.06,-195.62,-1858.6100000000001,-0.4926665221432232,0.8632854168837535,0.10962657960159419,-0.8179440504634735,-0.41637868833592784,-0.39698402765232105,-0.29706435038675955,-0.28524914880766256,0.9112550108689645,0.2505
1,1785175570.1440907,10931,97.0,-198.35,-1858.0900000000001,-0.4957936897790365,0.8625662079474872,0.10083726534560979,-0.8195574104397708,-0.4263150055998288,-0.382859199959561,-0.2872529689464422,-0.27246110347627667,0.9182868173528053,0.2262
1,1785175570.1889827,10934,96.93,-201.17000000000002,-1857.1100000000001,-0.4973932084783338,0.8627174475699834,0.09120636939360098,-0.8216055768318464,-0.4347032963045662,-0.3687781450964162,-0.27850363063780287,-0.25836340654256296,0.9250319334386704,0.21680000000000002
1,1785175570.2488096,10940,97.16,-206.85,-1855.15,-0.48920297498954474,0.8681880385374061,0.08324649543344222,-0.8330708778276105,-0.43688091931238826,-0.33930513532261347,-0.2582118544469122,-0.23533931265586244,0.9369856168275759,0.22080000000000002
1,1785175570.3086493,10943,97.13,-209.74,-1854.06,-0.48505728130595477,0.8709964767221899,0.07800366266790033,-0.8376949169683826,-0.4371999836336412,-0.3272971133329447,-0.25097143251256804,-0.22410111969438157,0.9416963566958906,0.2456
1,1785175570.36849,10946,97.18,-212.45000000000002,-1852.81,-0.48303517341403734,0.8730352456326685,0.06698119980992695,-0.8413254651434978,-0.44157295699144467,-0.3117447439090337,-0.24258706261041227,-0.20693666552097112,0.9478020539738843,0.2048
1,1785175570.4283292,10949,97.26,-215.1,-1851.6000000000001,-0.4847776513096145,0.873086852869814,0.05205743113732506,-0.8420222455657627,-0.44977098858565,-0.2978331677283061,-0.23662030082629018,-0.1882163785980662,0.9531974759011405,0.2026
1,1785175570.4881694,10952,97.18,-217.55,-1850.07,-0.48791588449179235,0.8720144448966481,0.0391011195771006,-0.8439403383731962,-0.45981923557028004,-0.2762806107313696,-0.2229412364887377,-0.1678007106395979,0.960281274722005,0.15510000000000002
1,1785175570.5480094,10958,96.41,-221.70000000000002,-1847.48,-0.4928863350570072,0.8700099074375067,-0.012075664563593096,-0.8434239233532536,-0.48114238523058134,-0.23903575182393097,-0.21377358636996466,-0.10763255128077012,0.9709356763840309,0.18810000000000002
1,1785175570.6078503,10961,95.42,-222.83,-1846.53,-0.498509882312638,0.8655725954768201,-0.047665282923327515,-0.8388532741912359,-0.49553004700441305,-0.22533343492355296,-0.21866202600196202,-0.07234676547935796,0.9731150311804827,0.1449
1,1785175570.667691,10964,93.99,-223.27,-1845.57,-0.5006362520128843,0.8615490136678619,-0.08424155873692117,-0.8340954749067155,-0.5061314603452384,-0.21935287458553404,-0.23162055588965413,-0.03955049805919982,0.9720018910437556,0.1663
1,1785175570.7275329,10967,93.02,-223.76,-1845.18,-0.5035686291526081,0.8568104884368928,-0.11088021752276764,-0.8306015766288509,-0.5154403221688082,-0.21076597254818494,-0.23773863092696998,-0.01403784837674504,0.9712277190123445,0.1388
1,1785175570.7724133,10970,92.12,-223.93,-1844.97,-0.509842777270193,0.8508768908465805,-0.12676300362752752,-0.8265711881927875,-0.5253619496727409,-0.2019279393388138,-0.23841227593179742,0.0018271451263442034,0.9711623181660765,0.1446
1,1785175570.8322535,10973,91.57000000000001,-224.16,-1845.04,-0.5130744512763343,0.8476147678285679,-0.13529158438872346,-0.8259452421384055,-0.5304331168541234,-0.19093235852874793,-0.23360022353674886,0.013780925344199045,0.9722350650229803,0.13670000000000002
1,1785175570.8920932,10976,91.3,-224.59,-1845.25,-0.5137881345806004,0.8466119702529813,-0.13881615391787905,-0.824597438266886,-0.5319821742901703,-0.19244227976510828,-0.23677165701974595,0.015592884975791798,0.9714401908353678,0.1516
1,1785175570.9369726,10979,91.10000000000001,-224.71,-1845.22,-0.5148698162170896,0.8459968474378404,-0.13855831434387378,-0.8244079564694508,-0.5329446566189678,-0.190582040841089,-0.23507571898952986,0.016103636437955406,0.9718436495831156,0.1506
1,1785175570.996835,10985,90.74,-224.6,-1844.92,-0.5159159955013121,0.8439883102612648,-0.14667793879184815,-0.8270615583302972,-0.5353516494765157,-0.17137033038141206,-0.22315883204155393,0.03289899003174692,0.9742267662801821,0.1301
1,1785175571.0566533,10988,90.65,-224.5,-1844.72,-0.51515255173555,0.8436112886321889,-0.15145244181817938,-0.8288111818334815,-0.5353341427454305,-0.16275558509250238,-0.21838011197940904,0.0416815223252768,0.9749732188057825,0.1159
1,1785175571.1169975,10991,90.61,-224.6,-1844.4,-0.5140333065565125,0.843981470423935,-0.1531830190707535,-0.8304366318111912,-0.5343762490998879,-0.15753420245781047,-0.21481331498923062,0.046230963422654606,0.9755603198799911,0.1287
1,1785175571.1768386,10994,90.68,-224.45000000000002,-1844.01,-0.5124503511793413,0.8448812738418843,-0.15352612379489294,-0.8325263452007824,-0.5326345680795108,-0.152316451617613,-0.21046263830617895,0.04975992361396813,0.9763346905027674,0.1355
1,1785175571.2222283,10997,90.77,-224.4,-1843.68,-0.512756281970114,0.8448377404581813,-0.1527422259812249,-0.8332556312165527,-0.5325736421245059,-0.14849366572397343,-0.20679953661961947,0.05113225999066934,0.9770462853120915,0.1542
1,1785175571.2820675,11000,90.92,-224.3,-1843.44,-0.5123108926495898,0.845104756130514,-0.15275961651616227,-0.8338039518231879,-0.5320704186273855,-0.1472142640701427,-0.20569034784504436,0.05195210089364358,0.9772371564856308,0.1257
1,1785175571.3424156,11003,91.01,-224.29,-1843.3500000000001,-0.5125961610194932,0.8453085382925014,-0.15066071418213903,-0.8340473261321363,-0.5318813468572949,-0.14651720252961253,-0.20398586588269127,0.05055401027677611,0.9776676626364524,0.1559
1,1785175571.3873243,11006,91.08,-224.23000000000002,-1843.3400000000001,-0.512629267315392,0.8454395024468635,-0.14981082068423454,-0.8343252507730639,-0.5316930595441385,-0.14561547429808797,-0.20276244774155855,0.05034419663668036,0.9779329484432248,0.1135
1,1785175571.4471352,11012,91.18,-224.21,-1843.33,-0.5123903739884992,0.8455349692151718,-0.15008904183258845,-0.834541377902731,-0.5314886553802133,-0.14512235448180957,-0.20247664856011713,0.05089621829204307,0.9779635891746846,0.1361
1,1785175571.5069752,11015,91.22,-224.22,-1843.33,-0.5121624880436567,0.8455895083643643,-0.15055885621591322,-0.8343780766048157,-0.5314213852984713,-0.14630289309751288,-0.20372238738582402,0.05069215512844737,0.9777154464803415,0.1232
1,1785175571.5668159,11018,91.24,-224.22,-1843.32,-0.5122441912362933,0.8456270747013339,-0.1500691143331653,-0.8346345459938014,-0.5313406266500217,-0.14512860884361642,-0.2024624982024993,0.05091158024680665,0.9779657191427398,0.12150000000000001
1,1785175571.6266565,11021,91.27,-224.21,-1843.28,-0.5115839387675054,0.8456578182799486,-0.15213391461841258,-0.8346276339690591,-0.5311513197171981,-0.1458594809324677,-0.20415333994410978,0.052355801442400866,0.9775378682409129,0.1432
1,1785175571.6864953,11024,91.28,-224.23000000000002,-1843.28,-0.5120391155023073,0.8456461118089373,-0.15066053822431735,-0.8345685322966265,-0.5312889383019815,-0.14569635869920655,-0.20325183663590696,0.05113430962063973,0.9777903524190402,0.1298
1,1785175571.746335,11030,91.32000000000001,-224.24,-1843.22,-0.5115227656165614,0.8457378833370375,-0.15189434796782988,-0.8348628448111417,-0.5309990422555844,-0.145065666087809,-0.20334328267693516,0.05260655674191124,0.9776932338816344,0.1681
1,1785175571.8062088,11033,91.36,-224.29,-1843.23,-0.5116461268135654,0.8457856236517588,-0.15121150664113728,-0.8349522647974268,-0.5309607652802988,-0.14469063978919783,-0.20266464029604386,0.05222398449912888,0.9778546410467713,0.1464
1,1785175571.8660493,11036,91.44,-224.4,-1843.19,-0.5116179334471337,0.8457895875321882,-0.1512847110497796,-0.8349050997305653,-0.530962159789496,-0.14495743966961003,-0.20292995003000233,0.05214555104517255,0.9778038028597641,0.1222
1,1785175571.9258556,11039,91.45,-224.39000000000001,-1843.14,-0.5113812185840805,0.8457961193818673,-0.15204661692400528,-0.8348165302644799,-0.5309203678625652,-0.14561910515400497,-0.20388871983666887,0.052464153736172275,0.9775872863821992,0.1567
1,1785175571.9707355,11042,91.47,-224.42000000000002,-1843.1000000000001,-0.5114537146318464,0.8457701107587283,-0.1519474170114607,-0.835171618153681,-0.5308705699193986,-0.14375258684286393,-0.2022460531625974,0.05337937561101397,0.9778789169623867,0.1487
1,1785175572.0305755,11045,91.49,-224.41,-1843.07,-0.5113997111139892,0.84579399386745,-0.15199623485559258,-0.8350527760134789,-0.5308656909056088,-0.1444592658554422,-0.20287236565069952,0.05304845103354717,0.977767183483998,0.1468
1,1785175572.0904155,11048,91.5,-224.43,-1843.07,-0.5112839081772537,0.8458322348427629,-0.15217291394952884,-0.8350788477269578,-0.5307937408226507,-0.14457289781460728,-0.2030568475033774,0.05315858542506291,0.9777229062866413,0.1578
1,1785175572.1352954,11051,91.51,-224.43,-1843.06,-0.5118435698150913,0.8457195365164165,-0.15091264225836612,-0.835091771275705,-0.5310364974395231,-0.14360352340652704,-0.2015884262217189,0.052523365673013946,0.9780610423035105,0.1831
1,1785175572.1956453,11057,91.52,-224.43,-1843.01,-0.5114817081961509,0.8458704254488295,-0.15129337570351023,-0.8354959562491102,-0.5306968671275699,-0.14250383262343266,-0.2008306980322791,0.05351689987282846,0.9781630601059668,0.14730000000000001
1,1785175572.2554884,11060,91.53,-224.44,-1842.98,-0.51149217165406,0.8458299542829358,-0.15148414694066303,-0.835119642136186,-0.5308369914085361,-0.14417791741685837,-0.20236339010538038,0.0527615104982833,0.9778881742586916,0.1621
1,1785175572.3154328,11063,91.54,-224.44,-1843.0,-0.5115869457040877,0.8458816113986406,-0.1508744394614349,-0.8351616610794254,-0.5308003043400136,-0.14406955533909316,-0.20194998600697633,0.05230044369016648,0.9779983981283372,0.13920000000000002
1,1785175572.3752737,11066,91.53,-224.46,-1842.98,-0.5111917615834541,0.8459002819727215,-0.15210422692244657,-0.8352907874132229,-0.5306505027363204,-0.14387266734264856,-0.2024161143580296,0.053504737212331094,0.977836877880987,0.1296
1,1785175572.4206605,11069,91.55,-224.45000000000002,-1842.97,-0.5115255084223658,0.8458577922932428,-0.15121590342963864,-0.8351171554818271,-0.5308193745985706,-0.1442571598594822,-0.20228937404911362,0.05249177809508633,0.977918003914047,0.1406
1,1785175572.4805224,11072,91.55,-224.46,-1842.95,-0.5114588154314026,0.8458020432747528,-0.15175237629032268,-0.8351221353111432,-0.5308545864513884,-0.14409867159999062,-0.20243739583106438,0.053031232644344506,0.9778582663828935,0.109
1,1785175572.5403397,11075,91.57000000000001,-224.45000000000002,-1842.98,-0.5111841789819092,0.845852194366155,-0.15239685181968754,-0.8353649543715647,-0.5306742468387207,-0.14335353762621397,-0.20212898893128908,0.054026928731114976,0.9778675589288653,0.1507
1,1785175572.5852206,11078,91.56,-224.47,-1842.97,-0.5113430766933016,0.8458403010827938,-0.15192907220804275,-0.8351482722815313,-0.5307826125782732,-0.144212279261357,-0.20262186758344022,0.05314135158942706,0.9778140802464687,0.1399
1,1785175572.6457791,11084,91.56,-224.47,-1842.94,-0.5115741715212706,0.8458022176447073,-0.1513620681003695,-0.8352850216231427,-0.5308403416051358,-0.14320427499404076,-0.20147158530262216,0.053170859987760125,0.978050131620977,0.10830000000000001
1,1785175572.7056196,11087,91.59,-224.46,-1842.88,-0.511553667124186,0.8458538457413314,-0.15114270507172323,-0.8351641405693351,-0.5308179033839204,-0.14399031826544084,-0.20202401827228775,0.05257019204548526,0.9779686451770421,0.1519
1,1785175572.7654934,11090,91.61,-224.46,-1842.81,-0.5109765813796482,0.8460242487529759,-0.15213777901471523,-0.8356911226611204,-0.5303728036511834,-0.14256590283998158,-0.2013039512452839,0.054292353689499986,0.9780230363053267,0.1588
1,1785175572.825074,11093,91.63,-224.45000000000002,-1842.77,-0.51083505168693,0.8460823153257837,-0.15229007078917706,-0.8356460632962421,-0.5302947066807941,-0.14311946395869163,-0.20184946585389887,0.0541501593653379,0.9779184799231501,0.14
1,1785175572.869953,11096,91.64,-224.45000000000002,-1842.7,-0.5112198958765499,0.8460005929107557,-0.1514503709292896,-0.8356152929367205,-0.5304766930462611,-0.14262384213371057,-0.2010007469395283,0.05364210034434432,0.9781212730538065,0.099
1,1785175572.9304242,11099,91.66,-224.44,-1842.64,-0.5108042413931749,0.8460701819875949,-0.15246072978383957,-0.8356239013317748,-0.5303042853294025,-0.14321333905867817,-0.20201911418924517,0.05424584880660984,0.9778781444481942,0.12200000000000001
1,1785175572.9902656,11102,91.65,-224.46,-1842.47,-0.5097666969009208,0.8458953677041416,-0.15684049740867181,-0.835234750168643,-0.5303098139080642,-0.14544556845610185,-0.2062057876041532,0.05685532665871392,0.9768554882832372,0.1506
1,1785175573.0351431,11105,91.56,-224.5,-1842.26,-0.5089931700902192,0.8454531279498247,-0.16166311032937108,-0.8345074385253564,-0.5307214127022063,-0.14809495989135799,-0.21100542136958889,0.05952974499551939,0.9756704984847142,0.1228
1,1785175573.0954936,11111,91.55,-224.48000000000002,-1841.47,-0.5056904702372214,0.8450962693327169,-0.17346309080372752,-0.8341087351456825,-0.5302853336659957,-0.15185546698230376,-0.22031742161011197,0.0678952167583838,0.9730624200309065,0.12890000000000001
1,1785175573.155333,11114,91.56,-224.46,-1840.9,-0.5040212097850139,0.8449349142436412,-0.1790184649105825,-0.8346121259125237,-0.5298054754476096,-0.1507605965281042,-0.22222785461464628,0.07342444332661237,0.9722261217204301,0.1044
1,1785175573.2156813,11117,91.63,-224.39000000000001,-1840.27,-0.5027233426279272,0.8448467468091123,-0.1830388351773008,-0.8345737092862471,-0.5295288323528595,-0.151940578764238,-0.22529084434392382,0.07637532398017437,0.9712933878811928,0.1321
1,1785175573.275521,11120,91.71000000000001,-224.3,-1839.53,-0.5009758290826711,0.844785668248196,-0.18804359440666815,-0.8347837051885225,-0.529010337487443,-0.15259170483071505,-0.22838429067397037,0.08053097263706044,0.9702347026464662,0.15660000000000002
1,1785175573.335361,11123,91.78,-224.3,-1838.67,-0.4982816456963048,0.8444058382133902,-0.19670836777657377,-0.8350654584328427,-0.5284277878418594,-0.1530678057884965,-0.23319751648447762,0.08799348514350641,0.968440016148533,0.108
1,1785175573.3952014,11129,91.78,-224.27,-1836.42,-0.48890723145152415,0.8425197626898953,-0.22611981008166476,-0.8336143027287892,-0.5276079560483146,-0.16345347656294773,-0.25701539510387333,0.10858312111687589,0.960287869593341,0.1221
1,1785175573.455041,11132,91.7,-224.27,-1834.96,-0.48322612042695223,0.8411659316434676,-0.2427599472307859,-0.8324517245389738,-0.5273257721889032,-0.17015186245664676,-0.27113952653422796,0.11986411234291215,0.9550476175160276,0.1514
1,1785175573.5148807,11135,91.86,-224.08,-1833.31,-0.4791524688408337,0.8413839352631354,-0.24997196859818846,-0.8338890635843413,-0.5252509968226542,-0.16952999726077442,-0.2739378419243387,0.1272181740865979,0.9532961737801678,0.12390000000000001
1,1785175573.5747213,11138,91.98,-223.91,-1831.3500000000001,-0.47444099881523855,0.84186462188003,-0.25723471202384957,-0.8355153305040851,-0.5226618009515435,-0.16952514361810297,-0.2771639787848489,0.13449386697126026,0.9513629846758118,0.12990000000000002
1,1785175573.634561,11141,91.25,-224.32,-1829.3600000000001,-0.4583410815602719,0.8363187034207549,-0.30082300321416156,-0.8280644090028526,-0.5247774546207924,-0.19727634846701317,-0.3228510298836237,0.15868096744836596,0.9330528190154799,0.1148
1,1785175573.694402,11147,91.44,-224.07,-1824.94,-0.44287768366881963,0.8358770171419571,-0.324297655745467,-0.8265435205993289,-0.5207869501966064,-0.21355739523646639,-0.34739770561045424,0.1734663215692946,0.9215336507246007,0.1135
1,1785175573.7542417,11150,91.61,-224.07,-1822.54,-0.43371439768290687,0.8373208675316189,-0.33284468756260815,-0.8230208570992186,-0.5185024474131498,-0.23193076726954873,-0.3667812563670901,0.1733464070082526,0.9140145147398416,0.1322
1,1785175573.8140805,11153,91.65,-224.13,-1819.96,-0.4232780480673609,0.8336498771769344,-0.35477256983477035,-0.8136379502458011,-0.5220212633525086,-0.25590444804196344,-0.39853353678717696,0.18033769126484017,0.8992493186904125,0.1376
1,1785175573.8739214,11156,91.77,-223.98000000000002,-1817.3600000000001,-0.4189696587952131,0.8271565654333055,-0.3745349666848224,-0.8039766586729977,-0.5296475378012404,-0.2703609032572685,-0.4220023190908141,0.18784435568220256,0.886920819870812,0.13490000000000002
1,1785175573.9188004,11159,91.92,-223.66,-1814.64,-0.4089101669056461,0.8220153603813041,-0.3963372587814466,-0.7972726166492232,-0.5331064884443794,-0.2831145469943278,-0.44401447064538035,0.20022042671939724,0.8733630004653307,0.12440000000000001
1,1785175573.9786422,11162,92.26,-223.08,-1812.02,-0.40203351589876873,0.8185866161092539,-0.4102255526181613,-0.7948200954415289,-0.5344295660493718,-0.2874822686960001,-0.4545658015913576,0.21047800564211339,0.8654876897821974,0.137
1,1785175574.0384846,11165,91.97,-222.84,-1809.53,-0.3772782406482091,0.8082053695437176,-0.45217829423148487,-0.7844082459693298,-0.5384298446913165,-0.30789122430008414,-0.49230562945055983,0.2385317232285636,0.8371008208244096,0.13770000000000002
1,1785175574.0833945,11168,91.92,-222.4,-1806.93,-0.34432173050803405,0.7976440204371986,-0.49518336256455014,-0.7748765655553104,-0.5392466152071236,-0.3298172162590474,-0.5301026825560871,0.270142748650491,0.8037499868108231,0.1499
1,1785175574.1437082,11174,91.4,-221.84,-1802.71,-0.2347955125269726,0.7615110792993337,-0.604129078427417,-0.735955262457516,-0.5452785070671766,-0.4012993912176789,-0.6350125344891113,0.35038867823454994,0.6884670327668275,0.2104
1,1785175574.203548,11177,91.55,-221.29,-1800.78,-0.18524178787286721,0.7460170521412495,-0.6396436804504083,-0.7201785238397269,-0.5459240555553083,-0.4281469600103178,-0.6686018051319453,0.3813469332255408,0.6383934074642212,0.2411
1,1785175574.2633882,11180,92.24,-220.38,-1798.5900000000001,-0.1537136795348826,0.7379975372936514,-0.657062964770008,-0.7138142158552202,-0.5427426445259615,-0.4426055660020134,-0.6832579088212916,0.40098635483202066,0.6102201023169299,0.2509
1,1785175574.3232303,11183,93.0,-219.53,-1796.43,-0.1174886061112611,0.7286454125042676,-0.6747386829510509,-0.7052975590037514,-0.539541492231167,-0.45983728798817025,-0.6991078462564861,0.4218659040470696,0.5773018086799712,0.2781
1,1785175574.36811,11186,93.9,-218.55,-1794.43,-0.08358256694601694,0.7203504349782069,-0.6885558839552696,-0.6969371345197397,-0.5361274302465103,-0.47628353851953287,-0.7122447507915581,0.44007116397689733,0.5468498748339345,0.2727
1,1785175574.4279509,11189,94.84,-217.5,-1792.63,-0.05693071510396981,0.7131161224391612,-0.6987304842320007,-0.6928315563833419,-0.5321338633326361,-0.4866394825475215,-0.7188486128227465,0.45639779514368695,0.5243641143621428,0.2888
1,1785175574.4877899,11192,95.60000000000001,-216.51,-1790.8600000000001,-0.032664905752465355,0.7062131073226917,-0.7072453965759061,-0.688475433470359,-0.5288623565847856,-0.4962924392889621,-0.7245236928078913,0.4707097352224779,0.5034856142203081,0.2872
1,1785175574.53267,11195,96.54,-215.52,-1789.3600000000001,-0.021330628441479368,0.7054088362116516,-0.7084796243257915,-0.6889633679200149,-0.5238859579070408,-0.5008722200043964,-0.7244822164515854,0.47743258885663153,0.4971756642707411,0.29600000000000004
1,1785175574.5925107,11201,97.52,-214.39000000000001,-1787.6200000000001,0.020592981760664233,0.6933691901466785,-0.7202882029143225,-0.6756669404386064,-0.5213678677284991,-0.5212002802172799,-0.73691934070191,0.49740799416131,0.457750120310071,0.3196
1,1785175574.6523497,11204,97.94,-213.9,-1786.9,0.03527501951536136,0.6894015649936496,-0.7235199756623845,-0.6710583356022822,-0.5201414951962394,-0.5283308955509937,-0.740564908172731,0.5041609932941332,0.4442806653724506,0.3225
1,1785175574.7127,11207,98.28,-213.39000000000001,-1786.29,0.05000325963099923,0.6817221277694936,-0.7299004141221658,-0.6669698320200825,-0.5211788097940001,-0.5324696154681623,-0.7434049483298977,0.5134467730263224,0.42862745370248767,0.3341
1,1785175574.7725387,11210,98.61,-212.96,-1785.83,0.06760206848689025,0.6738225477345149,-0.7357942202143622,-0.6601290383391079,-0.5227696215839752,-0.5393900031428391,-0.748104012205374,0.5221830109391868,0.4094695226860073,0.3272
1,1785175574.8174176,11213,99.03,-212.45000000000002,-1785.22,0.08042549642015802,0.6690112883090501,-0.7388881076594997,-0.6562725596655333,-0.5224004914344033,-0.5444300267060433,-0.7502253441170994,0.5286980448839955,0.39703943176997,0.31010000000000004
1,1785175574.877259,11216,99.47,-211.95000000000002,-1784.54,0.090452984320896,0.665642471973982,-0.7407687609043799,-0.6534703919835017,-0.521631475576259,-0.5485226070902306,-0.7515282459285031,0.5336859593361077,0.38779452340011966,0.3388
1,1785175574.9370975,11219,99.88,-211.43,-1783.8700000000001,0.10316702655260027,0.660699870992301,-0.7435268960185986,-0.6501974828162663,-0.5208987942056935,-0.5530892148057543,-0.7527282364649848,0.5404998859073067,0.3758458132831897,0.3373
1,1785175574.9829767,11222,100.31,-210.95000000000002,-1783.27,0.11428130005874182,0.6577674503987536,-0.7445010178991075,-0.6471848963321997,-0.5192767915932955,-0.5581248280376473,-0.7537184450551573,0.5456130450314549,0.3663535323633985,0.34040000000000004
1,1785175575.0418441,11228,101.06,-210.19,-1782.41,0.13785293982515975,0.6515866346797546,-0.7459433118463314,-0.637382263049302,-0.5181059493692485,-0.5703596023372803,-0.7581163616040163,0.5540767841508089,0.34388733552340456,0.3435
1,1785175575.1016583,11231,101.4,-209.87,-1782.0900000000001,0.14738240863168342,0.6488553337676877,-0.7465019634717288,-0.6338621589181509,-0.5174227063525839,-0.5748847766660627,-0.7592741198786803,0.5579072492735603,0.3350258379445757,0.3426
1,1785175575.1614983,11234,101.61,-209.69,-1781.93,0.15195686187230711,0.6479316592540436,-0.7463870825960364,-0.6317348794201385,-0.5171035182771726,-0.5775075700883864,-0.7601448245261841,0.5592749916826887,0.33074360073081527,0.35810000000000003
1,1785175575.221338,11237,101.79,-209.6,-1782.03,0.15345218726082122,0.6478408686583339,-0.7461599259682103,-0.6304651015674246,-0.5172557429770692,-0.5787575071330108,-0.7608982730499833,0.5592393988742707,0.3290670339251526,0.3667
1,1785175575.2662182,11240,101.89,-209.55,-1782.14,0.15453386738400765,0.6479917079538978,-0.745805624981692,-0.629442794219758,-0.5172725208081973,-0.5798542127307142,-0.7615254773388512,0.5590490905454755,0.32793758815376955,0.3504
1,1785175575.3260572,11243,102.02,-209.5,-1782.21,0.15502450393314487,0.6481613804188042,-0.7455563212218598,-0.628909794550446,-0.5172515246212767,-0.5804509717413527,-0.7618660469523487,0.5588717967571412,0.3274483795816474,0.3367
1,1785175575.3858984,11246,102.09,-209.48000000000002,-1782.3,0.15584995384034211,0.648079956443892,-0.74545500329909,-0.6285874740667567,-0.5170796934487488,-0.5809529912732375,-0.7619636338660379,0.5591251744275435,0.3267880964585941,0.331
1,1785175575.4457374,11252,102.08,-209.51,-1782.32,0.1565094826453745,0.6478658814383622,-0.7455029050984116,-0.6281284196065803,-0.5172061565565919,-0.581336804359141,-0.7622069734164186,0.559256284084544,0.32599530424122786,0.33690000000000003
1,1785175575.5055788,11255,102.09,-209.5,-1782.3400000000001,0.15759995409783584,0.6474416049331264,-0.745641752230907,-0.627688352268826,-0.5172357895941846,-0.5817855879866106,-0.7623447952825584,0.5597200248021307,0.324875217492957,0.3456
1,1785175575.550457,11258,102.09,-209.52,-1782.3400000000001,0.15785925130232722,0.6474443693405031,-0.7455844991599189,-0.62721953190981,-0.5174291789196743,-0.582119148966387,-0.762676940499126,0.559538053586876,0.3244087714891548,0.33430000000000004
1,1785175575.6102982,11261,102.10000000000001,-209.51,-1782.3700000000001,0.1573740321259592,0.6477101853753202,-0.7454561890369451,-0.6270249762729042,-0.5176420573756432,-0.5821394846305094,-0.7629371488808113,0.5590332871994111,0.32466704584949657,0.3352
1,1785175575.670138,11264,102.10000000000001,-209.53,-1782.42,0.1575222064948746,0.6478111130489543,-0.745337182938877,-0.6268908078593494,-0.5175767221136438,-0.5823420401684463,-0.7630168212316413,0.5589768318422248,0.3245770047017974,0.3301
1,1785175575.7150173,11267,102.10000000000001,-209.51,-1782.3600000000001,0.15760907667278154,0.6476471595053073,-0.7454612905678337,-0.627193686306296,-0.5174330675111231,-0.5821435394329725,-0.7627499320274455,0.5592997205709442,0.3246480613855423,0.3431
1,1785175575.7748585,11270,102.09,-209.53,-1782.3600000000001,0.1578572247959321,0.6475594706659921,-0.7454849619747583,-0.6271021996442956,-0.517426523087429,-0.5822479063139174,-0.7627738378975859,0.5594072980900718,0.32440645348474956,0.34290000000000004
1,1785175575.8346972,11273,102.11,-209.53,-1782.39,0.15902439590394796,0.6472604396332063,-0.7454965893907316,-0.6260809131714515,-0.5177401895345299,-0.5830675658130458,-0.7633701144725185,0.5594631528765569,0.3229040862293887,0.3262
1,1785175575.894542,11279,102.11,-209.54,-1782.4,0.1592158483186192,0.6473438297836595,-0.7453833105759794,-0.6256964960341803,-0.517846838974537,-0.5833854182396309,-0.7636453420893311,0.5592679298914827,0.32259134225853625,0.321
1,1785175575.9543777,11282,102.10000000000001,-209.53,-1782.3500000000001,0.1588654614886082,0.6477352952433811,-0.7451179453227398,-0.6256278325480367,-0.5177914388134119,-0.5835082184792109,-0.7637745611679256,0.5588658275360077,0.32298205294603594,0.3284
1,1785175575.9992578,11285,102.10000000000001,-209.54,-1782.3600000000001,0.15932884930656385,0.6472875665603715,-0.7454080251479714,-0.6265780183599676,-0.5171797311694405,-0.5830309705115168,-0.7628986201893029,0.5599499369085221,0.32317450931253816,0.337
1,1785175576.0597239,11288,102.10000000000001,-209.54,-1782.3600000000001,0.1595880429996045,0.6472905370321576,-0.7453499964447422,-0.6261085025051389,-0.5173730977283187,-0.5833637123080041,-0.7632298471773288,0.5597678433204468,0.3227075486598459,0.32730000000000004
1,1785175576.120069,11291,102.10000000000001,-209.55,-1782.33,0.1595990397003042,0.647381377583718,-0.7452687424577448,-0.6257305559980569,-0.5175727364887629,-0.583592095331916,-0.7635374370763384,0.5594781625777195,0.3224821976195827,0.3181
1,1785175576.1649492,11294,102.11,-209.55,-1782.3400000000001,0.15958377482163635,0.6475209232573763,-0.7451507718291597,-0.6258734291897438,-0.5173675126255194,-0.583620859388999,-0.7634235190560662,0.5595064886340444,0.322702680076342,0.329
1,1785175576.2253056,11297,102.10000000000001,-209.57,-1782.4,0.1605873182562255,0.6472605525669101,-0.7451613854099339,-0.625127836952601,-0.5175416279727904,-0.5842652229786028,-0.7638238675782764,0.5596467103504249,0.32150996704878615,0.3326
1,1785175576.2851431,11300,102.10000000000001,-209.58,-1782.41,0.16133179867814493,0.6469968609334785,-0.7452295704529576,-0.6248518773897236,-0.5175227778852688,-0.5845770314444902,-0.7638927817814569,0.5599689601327379,0.3207843226064016,0.3189
1,1785175576.3305287,11303,102.10000000000001,-209.57,-1782.41,0.16018434286555291,0.6475931335728904,-0.7449591328723847,-0.625001657655256,-0.5176046388504746,-0.5843443896955389,-0.7640117173374458,0.559203515001215,0.3218346230307932,0.32630000000000003
1,1785175576.3903677,11309,102.15,-209.57,-1782.47,0.16035003694707303,0.6474393656467766,-0.7450571343608299,-0.6248414937609762,-0.5177473526748778,-0.5843892422629867,-0.764107959208399,0.5592494493596353,0.32152617321972493,0.33580000000000004
1,1785175576.450712,11312,102.18,-209.55,-1782.48,0.16042163193149067,0.6474143858177565,-0.7450634288734445,-0.6252879346032529,-0.5173988920212257,-0.5842203226307742,-0.7637276339429098,0.5596007501526646,0.32181842952282835,0.3361
1,1785175576.510553,11315,102.2,-209.56,-1782.52,0.16057200341140157,0.647400034642952,-0.7450435066925644,-0.6252707162057747,-0.5173363548874663,-0.5842941274454732,-0.7637101303347797,0.5596751656595581,0.32173054839100984,0.33640000000000003
1,1785175576.570392,11318,102.21000000000001,-209.55,-1782.5,0.16091790549370957,0.6472386549362882,-0.7451090868106373,-0.6251040236257425,-0.5173862652188341,-0.5844282780716666,-0.7637737802114083,0.5598156626240199,0.32133477331655963,0.3413
1,1785175576.615272,11321,102.22,-209.55,-1782.52,0.1598297536061914,0.6475483116181716,-0.7450742472952877,-0.6256640391331214,-0.5173582830560642,-0.5838535065313123,-0.76354368571668,0.5594833251078503,0.32245844527388556,0.34940000000000004
1,1785175576.6751122,11324,102.23,-209.55,-1782.53,0.16042163193149067,0.6474143858177565,-0.7450634288734445,-0.6252879346032529,-0.5173988920212257,-0.5842203226307742,-0.7637276339429098,0.5596007501526646,0.32181842952282835,0.3458
1,1785175576.7349517,11327,102.23,-209.56,-1782.55,0.16049535415717323,0.6472741446589523,-0.7451693921183191,-0.6258516988494514,-0.5170530580274179,-0.58392275707644,-0.7632502160767589,0.5600824196852794,0.32211300938997095,0.3509
1,1785175576.779832,11330,102.25,-209.54,-1782.54,0.15965976208788835,0.6479323892636868,-0.7447767311839765,-0.6255889109095465,-0.5172098414987701,-0.5840654881122702,-0.7636408022866812,0.5591758210079073,0.32276171749928206,0.3577
1,1785175576.839672,11336,102.41,-209.42000000000002,-1782.44,0.1614441502398136,0.6472252371304096,-0.7450068984746586,-0.6260297016222556,-0.5164144210430628,-0.5842969779363131,-0.7629040562482904,0.5607277754492316,0.3218101347062613,0.3503
1,1785175576.8995116,11339,102.58,-209.3,-1782.5,0.16058461548002143,0.6484841240795055,-0.7440973875024492,-0.6254396613798443,-0.5163540880343989,-0.5849817824028624,-0.7635691266965939,0.5593270926631398,0.32266916829594994,0.3341
1,1785175576.9593518,11342,102.79,-209.17000000000002,-1782.47,0.1619027628623352,0.6483408086217965,-0.7439366177660414,-0.6248114658112284,-0.5161672539587266,-0.585817376092184,-0.7638050324319461,0.5596655803391364,0.32152186646523934,0.33280000000000004
1,1785175577.0191915,11345,103.04,-209.0,-1782.6000000000001,0.16292549853949836,0.6477105235302238,-0.7442622922289288,-0.6241565799598242,-0.5165532968090489,-0.586175106302339,-0.7641229257249855,0.5600390783364194,0.3201130817657759,0.33630000000000004
1,1785175577.0640724,11348,103.45,-208.67000000000002,-1782.82,0.15656977578966536,0.6465256797583083,-0.7466528314566494,-0.6286373484980294,-0.517841103943823,-0.5802203677393702,-0.7617748941666044,0.5602188291010045,0.32535192351999176,0.3472
1,1785175577.123912,11351,103.95,-208.06,-1782.66,0.13701721062879502,0.6493574124254399,-0.7480382576577495,-0.6427265257143304,-0.5163369579093328,-0.5659494315220416,-0.7537432567756017,0.5583288429098687,0.3466121839177563,0.3497
1,1785175577.1837513,11354,104.59,-207.4,-1782.6000000000001,0.12049841773433692,0.6526823807979163,-0.7479878616123963,-0.6540349309580351,-0.5146358748748286,-0.5544260323781146,-0.7468054903455383,0.5560176490794009,0.36486426723094806,0.3251
1,1785175577.243592,11360,106.14,-206.0,-1782.05,0.08909405651701786,0.6645183634121792,-0.7419417725006061,-0.6771734298013508,-0.50584496507527,-0.5343753524247482,-0.7304097446395532,0.5500329226473608,0.4049263994105408,0.33280000000000004
1,1785175577.3034317,11363,107.07000000000001,-205.18,-1781.63,0.07319680872022194,0.673414237294334,-0.7356327155601942,-0.6881901455913392,-0.4997562125975793,-0.5259639260263905,-0.7218286158806303,0.5447540665102129,0.42685648210662086,0.3165
1,1785175577.348528,11366,107.93,-204.47,-1781.23,0.06377462168762303,0.6799315852828288,-0.7304969794348093,-0.6955744013549726,-0.4946066547317397,-0.5210954895935573,-0.7156179496129706,0.5413476668739389,0.4413996531057437,0.2953
1,1785175577.4083672,11369,108.77,-203.72,-1780.78,0.05256189976198623,0.6877429773080587,-0.7240489236625233,-0.7041825952158924,-0.4885720827659344,-0.5151933545153392,-0.7080707021819375,0.5369421915860259,0.45861635776144544,0.2952
1,1785175577.4687133,11372,109.68,-202.9,-1780.28,0.04247490314765152,0.6951394957278504,-0.7176189546561792,-0.712561445976861,-0.48239616059753015,-0.5094606264944591,-0.7003228314927069,0.5329868907581045,0.4748398740312841,0.28550000000000003
1,1785175577.5135946,11375,110.49000000000001,-201.85,-1779.8,0.03131858339756137,0.7022322183993738,-0.7112587839709706,-0.7227792194392065,-0.47560148147890324,-0.5013914945049665,-0.690368992844277,0.5297859400332992,0.492663690018061,0.2887
1,1785175577.5739527,11378,111.17,-200.39000000000001,-1779.72,0.01963846594867159,0.7102477172869637,-0.7036778458526599,-0.732201655118344,-0.46903521411484134,-0.49384886773404923,-0.680804720090233,0.5249325175762137,0.5108334220604184,0.27790000000000004
1,1785175577.633792,11381,111.88,-198.75,-1779.8,0.002589303224127859,0.7208350346857845,-0.6931018311030187,-0.7437841128626688,-0.4618944496443319,-0.4831549553102532,-0.6684149077944825,0.5167691652539882,0.5349496620064265,0.25980000000000003
1,1785175577.6786711,11384,112.39,-197.03,-1779.97,-0.008171277511240572,0.7290968224347825,-0.6843617857093844,-0.7521847533795196,-0.45543874490572955,-0.4762285653151069,-0.6589016064688455,0.5108751052402113,0.552137029946894,0.2497
1,1785175577.738511,11390,112.78,-194.33,-1781.26,-0.012547214906441916,0.7423038711170378,-0.6699459159684099,-0.7439963666690066,-0.45456901643252623,-0.48973096255279086,-0.6680658453935577,0.49229256771174806,0.5579749582144033,0.25320000000000004
1,1785175577.798351,11393,112.2,-192.98000000000002,-1782.14,-0.01876217447113328,0.7367362396732029,-0.6759198872361306,-0.7317920152499587,-0.47076486406617873,-0.49280918130363244,-0.6812697169444117,0.4853866045874578,0.5479702700526188,0.2591
1,1785175577.858191,11396,111.32000000000001,-191.81,-1783.47,-0.02421316234854481,0.7310901662640855,-0.6818510772603023,-0.7214895166768125,-0.4848983222389714,-0.4942939352402476,-0.6920018786784777,0.4799799848762261,0.5392148125039548,0.2695
1,1785175577.9180307,11399,110.14,-190.56,-1784.76,-0.030208901811424677,0.7271373475141782,-0.6858270190808999,-0.713229930620247,-0.4963899841881428,-0.49487377144594463,-0.7002788646809108,0.474202764065901,0.533611516211442,0.26880000000000004
1,1785175577.9629116,11402,108.64,-189.6,-1786.48,-0.033856438622618855,0.7239889506196965,-0.6889802181081713,-0.7078889587923624,-0.5040129869781789,-0.4948374793578181,-0.7055118451051391,0.47096805447707873,0.5295678691899818,0.2679
1,1785175578.0227506,11405,107.13,-188.42000000000002,-1788.0,-0.04402068626063066,0.7245237821038812,-0.6878426188795158,-0.7065763672588855,-0.5093225739201678,-0.4912640358570652,-0.7062662503704816,0.46438755890013117,0.5343521111836255,0.2661
1,1785175578.0830965,11408,105.35000000000001,-187.51,-1789.52,-0.050281319927531154,0.7242403385772999,-0.687711946125544,-0.701264255857097,-0.5158912197740881,-0.4920210288363652,-0.7111260312515196,0.45752833938177123,0.5338235535633674,0.2674
1,1785175578.128481,11411,103.27,-186.89000000000001,-1791.32,-0.04577712736548889,0.7194184004175347,-0.6930668219954259,-0.6874484887108295,-0.526069257654593,-0.5006652689371831,-0.7247889554755648,0.45352872157275886,0.5186450315285194,0.267
1,1785175578.1883214,11417,98.81,-186.38,-1794.13,-0.02618541777727314,0.7054720963455524,-0.7082537999711976,-0.6598139430653894,-0.5444413229690749,-0.51790849228429,-0.7509726256211559,0.4537540822091797,0.47973674910952174,0.302
1,1785175578.2486675,11420,96.37,-186.15,-1794.8500000000001,-0.025195211077603412,0.6981482652038206,-0.7155097491520651,-0.6554099412626491,-0.5519837158075566,-0.5155111893813495,-0.7548529725932369,0.45596378943527816,0.4714806597210276,0.2721
1,1785175578.3085074,11423,93.97,-185.87,-1795.38,-0.0330059769469335,0.6944658858160201,-0.7187682094552797,-0.6571797223666593,-0.5569105542255338,-0.5079029898536622,-0.753010901644763,0.45559605796141306,0.4747702749479602,0.2959
1,1785175578.368854,11426,91.41,-185.63,-1795.82,-0.04093447975571382,0.6914178088510948,-0.7212945181898167,-0.6570816634675751,-0.562463292956523,-0.5018752151792203,-0.7527071514884214,0.4534054010265595,0.4773421062698443,0.3045
1,1785175578.413733,11429,88.32000000000001,-185.83,-1796.8600000000001,-0.018428893500233065,0.6763319257251115,-0.7363664183878291,-0.6389772769872359,-0.5744286600124241,-0.5116050762554141,-0.7690048214272354,0.4610930934218091,0.4427468168382157,0.30760000000000004
1,1785175578.473607,11432,85.56,-185.47,-1797.38,-0.02885598539028826,0.673055985098225,-0.7390283979865816,-0.6413451838099551,-0.5795587940142207,-0.5027802298067784,-0.7667096499398779,0.45946408478165074,0.44838495457009886,0.3136
1,1785175578.5334132,11435,82.94,-185.13,-1797.81,-0.0384850329137596,0.6707483465107991,-0.7406858699169682,-0.6423144492130587,-0.5844222140262708,-0.49586573191213457,-0.7654743957662804,0.45666982756216873,0.4533228628919868,0.307
1,1785175578.5932536,11441,77.05,-185.13,-1799.28,-0.02900823579028893,0.6599724230189283,-0.7507295938690972,-0.6286521572982038,-0.5959628635855536,-0.49962458941811605,-0.7771454094187582,0.4574545508369455,0.43218091875731757,0.3393
1,1785175578.653093,11444,74.29,-185.72,-1800.19,-0.0025772762331394486,0.6693051685117457,-0.7429831418347805,-0.612519323521194,-0.588352568396419,-0.5278838258314756,-0.790451412776495,0.45373102898611684,0.41147869613728794,0.3284
1,1785175578.7129333,11447,72.12,-186.17000000000002,-1800.65,0.0007887072233208531,0.6854203250767666,-0.7281472075841362,-0.6023644492729683,-0.5808969733235274,-0.5474630367756699,-0.7982208016538966,0.43904177973767416,0.4124146789965001,0.29650000000000004
1,1785175578.772773,11450,69.92,-186.63,-1800.95,-0.00631483886775511,0.6973726049556651,-0.716680942028895,-0.5982930270410148,-0.5769001653888514,-0.5560860122035222,-0.8012525048972853,0.4252736166653958,0.4208761983816145,0.31370000000000003
1,1785175578.8326128,11453,67.96000000000001,-187.17000000000002,-1801.18,-0.011850253823988298,0.7104594567007917,-0.7036383530399141,-0.5882252214861784,-0.5740021863434998,-0.5696600555422667,-0.8086103266047516,0.4071472098115102,0.424712242878468,0.3043
1,1785175578.8774958,11456,66.22,-187.74,-1801.24,-0.02573607002597859,0.7185740831662263,-0.694974058293858,-0.5778876144017173,-0.5779674584247231,-0.5761939969516845,-0.8157104632286568,0.3867879315644206,0.4301296736745874,0.2849
1,1785175578.9373336,11462,63.18,-188.67000000000002,-1801.24,-0.04915324382511893,0.7293857285789388,-0.6823345349363747,-0.5706725482384041,-0.5811769580669565,-0.5801432461893575,-0.8197053137003291,0.3608736653697659,0.4448071451022739,0.2788
1,1785175578.9971757,11465,62.14,-189.02,-1801.23,-0.0640647246446272,0.7310898880944372,-0.6792667271273278,-0.5703667284474878,-0.5853601456496529,-0.5762250384746631,-0.8188879692218699,0.3505154424716275,0.4544902842224478,0.2899
1,1785175579.057014,11468,61.21,-189.11,-1801.13,-0.0802143568507375,0.7300064086386343,-0.6787166568617169,-0.5740898453971686,-0.5904710290388601,-0.567243169441153,-0.8148536717514854,0.3441432945915302,0.46645352010764124,0.271
1,1785175579.116854,11471,60.39,-189.29,-1801.0,-0.0896235337868688,0.7275818881389872,-0.6801413222585877,-0.5752526762997495,-0.5952824788209116,-0.5610018973397561,-0.8130510319786387,0.34097414339057597,0.4718947477325144,0.2813
1,1785175579.1617327,11474,59.71,-189.41,-1800.8400000000001,-0.09244964242284139,0.7256080205907987,-0.6818695359599164,-0.5751876379196393,-0.5979054187547246,-0.5582725959673851,-0.8127805637441846,0.34059082588648865,0.4726369055857201,0.2876
1,1785175579.2215726,11477,59.2,-189.49,-1800.8400000000001,-0.09450537835336113,0.7251850030274782,-0.6820377151201571,-0.5751122598359736,-0.5989864951738129,-0.5571903329973982,-0.812597453877778,0.33959076840136304,0.47367023124524527,0.2741
1,1785175579.2814136,11480,58.83,-189.47,-1800.93,-0.0979915763215431,0.7259095774450375,-0.6807737776556809,-0.576118312217198,-0.5991626506657295,-0.5559602579098836,-0.8114710970194973,0.33772681773999585,0.47692269319166325,0.27790000000000004
1,1785175579.3412526,11486,58.27,-189.16,-1801.29,-0.11665630389912282,0.7291756406333242,-0.6743101599913623,-0.582603202887819,-0.600099978661017,-0.5481364096608632,-0.8043412302906338,0.32891169136719367,0.49482550918128865,0.28350000000000003
1,1785175579.4010928,11489,57.93,-189.06,-1801.44,-0.12203876890948681,0.7305936788256426,-0.6718179927205513,-0.5846500825453392,-0.5998967734429618,-0.5461759260462253,-0.8020541252700999,0.32612380727683415,0.5003523183362674,0.2706
1,1785175579.445973,11492,57.71,-189.04,-1801.52,-0.13039174538069578,0.735758653835517,-0.6645729426050414,-0.5857430814335699,-0.5979792745523187,-0.5471067809473658,-0.7999393947601794,0.31793079516151107,0.5089371023993902,0.27040000000000003
1,1785175579.5058124,11495,57.44,-189.02,-1801.54,-0.13538769151736926,0.7392621285635735,-0.6596678544974373,-0.5873347790394005,-0.5960860049373102,-0.5474662839377559,-0.7979398663535593,0.31332567719472243,0.514897067086357,0.2674
1,1785175579.5662317,11498,57.21,-188.98,-1801.49,-0.13896266666714685,0.7413007452567492,-0.6566297147971174,-0.5880980488519083,-0.5952543116365753,-0.547551814365221,-0.7967622369373023,0.31007339382774407,0.5186756483880949,0.2631
1,1785175579.6111135,11501,56.980000000000004,-188.94,-1801.41,-0.14013508422008972,0.7410981858819731,-0.6566091965949583,-0.5873629195859077,-0.596088386856922,-0.5474334989291675,-0.7970990897411353,0.3089532552616347,0.5188264904542678,0.25780000000000003
1,1785175579.670999,11504,56.76,-188.94,-1801.3700000000001,-0.14206270397220522,0.7407870692093276,-0.6565460427360452,-0.5874147445882272,-0.5969490871872636,-0.5464391138513428,-0.7967195905589706,0.30803620793430775,0.5199534485134207,0.2611
1,1785175579.7308397,11507,56.64,-188.94,-1801.3400000000001,-0.1425264702594382,0.7405156000278507,-0.6567517425867844,-0.5869408606300409,-0.5975071022501399,-0.5463384380432224,-0.7969859668766148,0.30760674387281106,0.5197994418289755,0.2492
1,1785175579.7911875,11513,56.47,-188.97,-1801.31,-0.14305578072117164,0.7401004099186574,-0.6571045783134459,-0.5871344928643031,-0.5979472763417019,-0.5456483684613365,-0.7967484740438692,0.3077506099974067,0.5200782932934139,0.2489
1,1785175579.851534,11516,56.43,-188.97,-1801.31,-0.14417607118829515,0.7400587338040833,-0.6569066379760559,-0.5882699322540381,-0.5979021941086063,-0.5444735559106098,-0.7957083305474043,0.30793836526229,0.5215574905003776,0.2543
1,1785175579.9113743,11519,56.42,-188.98,-1801.33,-0.14612368322769045,0.7401707167287497,-0.6563498909097362,-0.5896916144297862,-0.5978834285407488,-0.5429541470028125,-0.7942994832373782,0.30770556701757656,0.5238373936206022,0.2851
1,1785175579.9717238,11522,56.4,-189.0,-1801.32,-0.14565375714421738,0.7399933946006347,-0.656654215685244,-0.5889944332221161,-0.5981495399481077,-0.5434175977029319,-0.7949028498270287,0.3076148627867266,0.5229747178684376,0.2684
1,1785175580.0315635,11525,56.36,-189.0,-1801.31,-0.14545351834718184,0.7399622823189788,-0.656733655864928,-0.5878804444409949,-0.5985416224748025,-0.5441916107485388,-0.7957636942235329,0.3069262890508383,0.5220693402654448,0.24500000000000002
1,1785175580.076695,11528,56.36,-189.03,-1801.3600000000001,-0.14592373283477109,0.7401393809042088,-0.656429707607982,-0.5885784596763066,-0.5982758671041167,-0.5437291454813541,-0.7951614056282111,0.3070173996299749,0.5229327445511667,0.26
1,1785175580.1365354,11534,56.34,-189.03,-1801.39,-0.14637851691531262,0.7400859551682122,-0.6563886872489719,-0.5883475256794198,-0.5985545581202127,-0.5436723553579136,-0.7952487150650279,0.30660270696174896,0.5230432690238447,0.2595
1,1785175580.1963744,11537,56.33,-189.03,-1801.3600000000001,-0.1458781149502651,0.7396878562776434,-0.6569485907237652,-0.5884475890157529,-0.598685581781564,-0.5434197357001469,-0.7952666285970413,0.30730676764798764,0.5226026597690073,0.2602
1,1785175580.2562146,11540,56.33,-189.03,-1801.3500000000001,-0.14562163597535718,0.7396265806491003,-0.6570744709187691,-0.5887579979558666,-0.598534178121282,-0.5432502714805408,-0.7950838691476896,0.3077488567289915,0.5226205910630946,0.2647
1,1785175580.3160765,11543,56.32,-189.04,-1801.39,-0.14537002597359008,0.7394013998029776,-0.6573835452137777,-0.5891011532064376,-0.5985067173407148,-0.5429084090239225,-0.7948757052767954,0.3083427950632847,0.5225871543515762,0.26280000000000003
1,1785175580.3609347,11546,56.28,-189.06,-1801.39,-0.145258581207042,0.7394533310520437,-0.6573497667009199,-0.5887192144665775,-0.5985761903650239,-0.5432460131891912,-0.7951789931226637,0.3080832931597096,0.5222787123483928,0.2621
1,1785175580.420808,11549,56.24,-189.1,-1801.4,-0.1446943884686447,0.7392491151150761,-0.6577037933198058,-0.5875661297740542,-0.599010743136313,-0.5440148644564975,-0.7961341451589826,0.3077285742482472,0.5210312346713167,0.2594
1,1785175580.4806147,11552,56.19,-189.12,-1801.44,-0.14384247863483204,0.7388691167865691,-0.6583173775613274,-0.5872116247325649,-0.5991896135838405,-0.544200619948369,-0.7965499664924537,0.30829245081948287,0.5200614537231033,0.25
1,1785175580.5404553,11558,56.11,-189.18,-1801.47,-0.14391016973388535,0.738416298878322,-0.6588104678873924,-0.5868764742813904,-0.5997150754201384,-0.5439833014430334,-0.7967847055398395,0.3083556353703597,0.5196642523333052,0.2577
1,1785175580.600294,11561,56.050000000000004,-189.21,-1801.44,-0.1444899330666273,0.7383963702248099,-0.6587058977124973,-0.5869221391551728,-0.599899019980064,-0.5437311545207564,-0.7966461333690872,0.30804539643660317,0.5200605464004152,0.2457
1,1785175580.6451747,11564,56.01,-189.23,-1801.44,-0.14328693986151944,0.7379270545773616,-0.6594941356736241,-0.5864230146382815,-0.6000952811055191,-0.5440530318796483,-0.7972307700833372,0.30878684511757803,0.5187232243833524,0.2404
1,1785175580.705014,11567,55.980000000000004,-189.24,-1801.42,-0.14435590137692456,0.7381141735549431,-0.6590514703230383,-0.5867844029038012,-0.6001423707286806,-0.5436112575774976,-0.7967718859538689,0.3082476304101332,0.5197479774852931,0.2625
1,1785175580.764854,11570,55.94,-189.25,-1801.38,-0.14435931398112514,0.7380581165545016,-0.6591134993723925,-0.5865071976808852,-0.6002969005046355,-0.5437397707663502,-0.7969753418616001,0.3080809111784592,0.5195348464078579,0.2406
1,1785175580.8097677,11573,55.88,-189.26,-1801.3400000000001,-0.14450212257076345,0.7375501773175864,-0.6596505684916378,-0.5875977403749338,-0.6003383062050248,-0.542515265784433,-0.7961457354522576,0.3092145760498344,0.5201329771121086,0.2462
1,1785175580.869574,11576,55.84,-189.29,-1801.3700000000001,-0.14498103898286796,0.7376159058174886,-0.6594719659094644,-0.5877416143371652,-0.6003813156263227,-0.5423117835923805,-0.7959524440013934,0.308974192015857,0.5205714701713466,0.2571
1,1785175580.9294145,11579,55.82,-189.28,-1801.3600000000001,-0.1450951167257185,0.7376155576505912,-0.6594472656810075,-0.5875369948165923,-0.6004973994143122,-0.5424049714176075,-0.7960827135569756,0.3087493520777905,0.5205056683335033,0.26990000000000003
1,1785175580.989761,11585,55.77,-189.32,-1801.38,-0.14160393960107018,0.73697308787328,-0.6609228336500252,-0.5850861311413358,-0.6008621640399815,-0.5446456453247871,-0.7985127071221346,0.30957281465870495,0.5162771823243468,0.2459
1,1785175581.049824,11588,55.77,-189.33,-1801.43,-0.14053034284103358,0.7368400099216631,-0.6613002514135503,-0.5850010337483087,-0.6006615228956619,-0.5449582786104585,-0.79876467952357,0.3102781569677562,0.5154633372552317,0.2622
1,1785175581.0947044,11591,55.77,-189.34,-1801.53,-0.1362906917639507,0.736062201217818,-0.6630514936842267,-0.5835719286352742,-0.6004984157090573,-0.5466675926372614,-0.8005427230619302,0.3124325345883376,0.5113875828403511,0.2641
1,1785175581.1547859,11594,55.84,-189.21,-1801.67,-0.13304589961376684,0.7357812873967469,-0.6640216003359749,-0.5817943997432379,-0.6003786619869673,-0.5486900205563651,-0.802380249646867,0.31332309098999506,0.5079513516362628,0.26
1,1785175581.214626,11597,55.5,-189.15,-1802.16,-0.11271899028650625,0.7313618800738284,-0.6726100130117492,-0.5726063383483252,-0.6010304900446727,-0.5575700236920772,-0.812044586529652,0.3222920266024828,0.48652999812586156,0.2781
1,1785175581.2600095,11600,55.47,-188.78,-1802.68,-0.10713571072800994,0.7256831907581063,-0.6796365544450491,-0.5691021908517448,-0.6052718317172434,-0.5565686894691411,-0.8152574046609748,0.3271542700023751,0.4778341215993942,0.276
1,1785175581.3198495,11603,55.15,-188.27,-1803.28,-0.10091638096457672,0.7143924824320693,-0.6924299712588688,-0.5653952196074093,-0.6138524103199077,-0.5509205605071651,-0.8186233136785817,0.33589968649730106,0.46586185818642983,0.2879
1,1785175581.3796923,11606,54.67,-187.61,-1804.0900000000001,-0.09679487442359812,0.6992030519652047,-0.7083402038624261,-0.5618770202131084,-0.6258193999870175,-0.5409660735723895,-0.8215381710193133,0.3456373398844991,0.4534422375957152,0.28750000000000003
1,1785175581.439532,11612,53.67,-185.48,-1806.05,-0.10399410949741225,0.6669106640146817,-0.7378450998775671,-0.5613310585096446,-0.6517738234800177,-0.5099983586039085,-0.8210314658661276,0.36113854578227367,0.44213830732925913,0.3154
1,1785175581.499372,11615,53.2,-184.35,-1807.29,-0.10387409778048158,0.6593479995050897,-0.7446276837177942,-0.5571499900140803,-0.6587576255716276,-0.5055910198752958,-0.8238895923833491,0.36235149551211693,0.43578358535232947,0.3271
1,1785175581.5442536,11618,52.82,-183.17000000000002,-1808.68,-0.10066092887161376,0.6569900163214268,-0.7471489114310982,-0.5514177560537502,-0.6619133303802771,-0.5077491520165611,-0.828133947925908,0.36088067490357706,0.42890477121825993,0.30510000000000004
1,1785175581.604092,11621,52.53,-181.91,-1810.2,-0.09943505130183039,0.6560691255821479,-0.7481216298373401,-0.5460536949789082,-0.6645012616810887,-0.5101602056453665,-0.8318281269423893,0.3577867740458233,0.42432368723110325,0.3411
1,1785175581.6646628,11624,52.22,-180.54,-1811.94,-0.09767526081715436,0.6522357291398562,-0.7516968119246622,-0.5394014906397903,-0.6694431305465993,-0.5107758088041572,-0.8363644990791235,0.35557622051730176,0.4172049569249603,0.3231
1,1785175581.709565,11627,51.9,-179.26,-1813.81,-0.09605418648324002,0.6496218178673985,-0.754165158973616,-0.5327314684693244,-0.6735702753611176,-0.5123477985240743,-0.8408155420551884,0.35255436162470705,0.4107732298213154,0.3289
1,1785175581.769652,11630,51.65,-178.01,-1815.68,-0.09573978417634128,0.6488033957063163,-0.7549092974959447,-0.5233468010024037,-0.6779223106112662,-0.5162649190638778,-0.846724287833069,0.34565227396248266,0.4044533173286466,0.33080000000000004
1,1785175581.8294926,11633,51.35,-176.94,-1817.55,-0.09549663650371899,0.6489997930643936,-0.7547712640388816,-0.5133987879588783,-0.681720174309216,-0.5212286335785544,-0.852820073015892,0.3377230707875709,0.39829769082808175,0.3457
1,1785175581.8895752,11639,50.71,-175.34,-1821.41,-0.0819467961033226,0.6494317510483177,-0.7559914836416586,-0.48896327252956767,-0.687174930089648,-0.537313254604298,-0.8684466827189659,0.32562097012723756,0.3738600581605641,0.3284
1,1785175581.9499233,11642,50.36,-174.9,-1823.3700000000001,-0.07070111668598837,0.6487276945359959,-0.7577293253143671,-0.47188870786464543,-0.6910043679145379,-0.5475710099273567,-0.8788187523540845,0.3188500303670077,0.35498205397705485,0.34400000000000003
1,1785175582.0097625,11645,50.160000000000004,-174.49,-1825.25,-0.059266358497466275,0.6474154431843735,-0.7598294168277715,-0.4551799204033478,-0.6949576191503882,-0.5566373573938654,-0.8884248639091838,0.31286922429540004,0.3358781172936738,0.32480000000000003
1,1785175582.0696027,11648,50.08,-174.34,-1827.07,-0.04549484482681322,0.6460367122876037,-0.7619493326139266,-0.4372771351128928,-0.698662333343265,-0.5662681794651763,-0.8981753315481588,0.3074207383114683,0.3142826171686666,0.35700000000000004
1,1785175582.1294634,11651,49.94,-174.4,-1828.98,-0.030985375077228563,0.6415406007075697,-0.7664630220533107,-0.4177571451223257,-0.7049527381046846,-0.5731671699756992,-0.9080302165845404,0.3024356041911706,0.28985139483354905,0.371
1,1785175582.1743217,11654,49.980000000000004,-174.52,-1830.65,-0.01980365935259283,0.6380847081824874,-0.7697114525976059,-0.39878620071009685,-0.7110126818859702,-0.5791636489978689,-0.9168300721504792,0.29548074621029063,0.2685400294547481,0.3643
1,1785175582.2341695,11660,50.4,-174.73,-1833.6100000000001,-0.002863577583598561,0.634821763549708,-0.7726533041714515,-0.37126988513583187,-0.7181053018393809,-0.5886284463576303,-0.9285205826015108,0.2851773202654976,0.2377465534798369,0.3814
1,1785175582.2940018,11663,50.92,-174.81,-1834.82,-0.0008918265297234359,0.6362819484034811,-0.7714560822116258,-0.36076376932544596,-0.7197090502585041,-0.5931849506841003,-0.9326568004295778,0.27778438601165445,0.23018932968448147,0.3411
1,1785175582.3538418,11666,51.81,-175.13,-1835.9,0.0018521477602079339,0.6376936407326608,-0.7702878618528259,-0.3550981639513064,-0.7196690939215866,-0.5966420109349436,-0.9348271837655798,0.2746328746221152,0.22511090748719412,0.36360000000000003
1,1785175582.4136827,11669,52.74,-175.4,-1836.83,0.0049389287161557835,0.6393071753212475,-0.7689355906484656,-0.34903903329982167,-0.7194812912620091,-0.6004318652079338,-0.9370951713760257,0.27135402541093834,0.219589691645617,0.386
1,1785175582.4585626,11672,53.75,-175.66,-1837.79,0.007852667177469597,0.6409820894659585,-0.767515665378925,-0.3417081381359726,-0.7196151556996595,-0.604474628101959,-0.9397733151935349,0.267013087078534,0.21337789805634577,0.372
1,1785175582.5184019,11675,54.77,-175.81,-1838.76,0.010753908530474518,0.6430520708237217,-0.765746947535961,-0.33614176819873776,-0.7189007983534845,-0.6084327027691304,-0.9417500013929093,0.26394256257005244,0.20842566670256726,0.3839
1,1785175582.5782423,11678,55.74,-175.95000000000002,-1839.65,0.009406164332381077,0.6464286211875344,-0.7629164841462892,-0.33265398096159066,-0.7174726083409405,-0.6120248240315529,-0.9430020429579979,0.2595440116628208,0.2082883889875083,0.337
1,1785175582.6380818,11684,57.28,-176.0,-1841.64,0.014670519546348477,0.6499387732753045,-0.7598449623769525,-0.3202162452442405,-0.7168496500463429,-0.6193449245050094,-0.947230875836467,0.25240081264098146,0.19760439681406794,0.3739
1,1785175582.6979213,11687,57.910000000000004,-175.84,-1842.7,0.018036965757710754,0.6511192206708917,-0.7587611141454111,-0.31446693440656537,-0.7166779280178116,-0.6224815617004518,-0.9490970524826173,0.24983296012541495,0.19182877001060272,0.37560000000000004
1,1785175582.7428021,11690,58.39,-175.65,-1843.77,0.020699895343288935,0.6512332684770668,-0.7585952440936164,-0.3083048612552645,-0.7176227883904238,-0.6244722941084935,-0.9510623674918216,0.24680511261201535,0.18592366586699355,0.399
1,1785175582.8026414,11693,58.75,-175.41,-1844.78,0.021416674316777864,0.6492373613370044,-0.7602842722991008,-0.3018056639453273,-0.7207830450825764,-0.624007326184564,-0.9531288828231622,0.24282226126459833,0.18050673716683788,0.3765
1,1785175582.862988,11696,59.06,-175.15,-1845.64,0.020616030836548924,0.6485025114007734,-0.7609332900980457,-0.2974019019392467,-0.7226644993011607,-0.6239456147555824,-0.9545297732367835,0.23916628975817786,0.17796740670089609,0.3467
1,1785175582.9079077,11699,58.96,-174.26,-1846.3600000000001,0.019982483875093604,0.6434430325191592,-0.7652331437155147,-0.2964716018032012,-0.727147990110238,-0.6191610370516584,-0.954832597716702,0.23924227130920897,0.1762323635328799,0.3967
1,1785175582.9677088,11702,58.79,-173.34,-1847.04,0.018608458687078694,0.6361814751203111,-0.7713150173431322,-0.2955094460880108,-0.7334837891318118,-0.6121075872374047,-0.9551585693161363,0.23932125228358803,0.17434863253655555,0.3663
1,1785175583.0275488,11705,58.63,-172.41,-1847.51,0.019758706961057755,0.6313181036594445,-0.7752722395978522,-0.2942793051094954,-0.7374014412687533,-0.6079792800737848,-0.9555151930155268,0.240159460372911,0.17121375385725482,0.3599
1,1785175583.0873878,11711,58.42,-170.89000000000001,-1848.8,0.027568789595227454,0.6267179007311128,-0.7787583930484737,-0.28497501367147027,-0.7417983631123698,-0.6070621303184329,-0.9581384051499029,0.23866265184774044,0.15814845933427485,0.3981
1,1785175583.14723,11714,58.31,-170.20000000000002,-1849.42,0.031863584618463184,0.6235291112376726,-0.7811505356936139,-0.27972453786270135,-0.7447526994520108,-0.6058857974704809,-0.9595514029445009,0.23781266597492345,0.15068590182608088,0.37870000000000004
1,1785175583.1921077,11717,58.19,-169.65,-1850.06,0.037626107446075446,0.622010522441726,-0.782104331921405,-0.2725931741329665,-0.7465871654983322,-0.6068777189263749,-0.9613933833008059,0.23603074860055198,0.14146465374959377,0.3902
1,1785175583.251948,11720,58.050000000000004,-169.20000000000002,-1850.93,0.045598159243349895,0.6199908479074389,-0.7832829350781448,-0.2638219957505013,-0.7487861314841295,-0.6080438173809962,-0.9634930007176183,0.2343729459814995,0.12942395357936082,0.431
1,1785175583.311788,11723,57.79,-168.85,-1851.8400000000001,0.04519781538324463,0.6193714650854822,-0.7837959847577973,-0.2597135114524264,-0.750333425933033,-0.6079051257364492,-0.9646274148362322,0.2310383911073241,0.12694570642958586,0.3556
1,1785175583.3566678,11726,57.95,-168.25,-1852.48,0.05703464615048491,0.6125326660045427,-0.7883849200840007,-0.2445363195382571,-0.7570456888845255,-0.6058744204602449,-0.9679612789596349,0.22734457991938475,0.10660865075642828,0.1668
1,1785175583.416508,11729,57.64,-167.99,-1853.49,0.052009354202411165,0.6133798127951171,-0.7880737480279845,-0.24073631354527225,-0.758168972534564,-0.6059916141552751,-0.9691960866698135,0.22123520140635528,0.1082309162975575,0.39740000000000003
1,1785175583.4768553,11732,57.92,-167.49,-1853.8500000000001,0.05537920236549813,0.6127255241750393,-0.7883530782395566,-0.23267689340141018,-0.7599072811788964,-0.6069616028122095,-0.9709761105312684,0.21704459457844333,0.1004840123693773,0.1668
1,1785175583.5366967,11738,58.07,-166.73,-1854.75,0.05433856034851142,0.6156326114012556,-0.7861576232782593,-0.22721539001268334,-0.759042830003135,-0.610104211395247,-0.972327356089828,0.21177929549439553,0.09863590927883278,0.1998
1,1785175583.5970216,11741,58.14,-166.32,-1855.18,0.052340747664555196,0.617390129258296,-0.7849139280381895,-0.2242731816968819,-0.7586462609935954,-0.6116840611394047,-0.9731197182800649,0.2080511450938501,0.0987559361236831,0.1918
1,1785175583.6419027,11744,57.9,-166.02,-1855.72,0.042807855995572935,0.621007254131704,-0.7826349581898726,-0.22779718150036632,-0.7566523963644353,-0.6128503856378381,-0.9727671517714563,0.2045168486745259,0.10907303536021003,0.37170000000000003
1,1785175583.7017422,11747,58.2,-165.49,-1855.79,0.050784124966306465,0.6190755849919211,-0.7836876882523531,-0.22175578340733823,-0.7581219247635703,-0.6132499651187737,-0.9737788995335668,0.2049306401192613,0.09878303277134969,0.1852
1,1785175583.761582,11750,58.120000000000005,-165.12,-1855.8500000000001,0.05083565999350443,0.6192679214921895,-0.783532371433222,-0.22055493314044997,-0.7582150051516969,-0.6135678670124632,-0.9740488987419659,0.20400305726521772,0.09803823481687039,0.1841
1,1785175583.806462,11753,57.910000000000004,-164.75,-1855.93,0.050575831534810885,0.6190558177769468,-0.7837167726551971,-0.22034658160462128,-0.7584672198547836,-0.6133309550160609,-0.9741095776347343,0.2037090348567558,0.0980467229335517,0.18530000000000002
1,1785175583.8663056,11756,57.56,-164.52,-1856.07,0.05099381449279559,0.6185628228937532,-0.784078864029114,-0.2196204578580597,-0.7589362637956165,-0.613011094504958,-0.974251756669543,0.20345953315011273,0.09714799533005096,0.3932
1,1785175583.9261415,11759,57.29,-164.28,-1856.02,0.04985780612474894,0.6178249642458723,-0.7847334023240081,-0.2172051063474324,-0.7601978589260288,-0.612308057321543,-0.9748518558965908,0.20097643851672775,0.09629293959634017,0.38980000000000004
1,1785175583.9859824,11765,56.82,-163.98,-1856.04,0.05017552560617142,0.6160012734730331,-0.7861455639445829,-0.21632969125460047,-0.7617470656202068,-0.6106904884642415,-0.9750301950769699,0.20070834337068819,0.09503830590640934,0.4186
1,1785175584.0458224,11768,56.65,-163.86,-1855.89,0.04961920150935319,0.6157047907444414,-0.7864130883294848,-0.21490554134825776,-0.76235796115329,-0.6104309521674105,-0.9753735403112936,0.19929362689394423,0.09449077806892509,0.41900000000000004
1,1785175584.0907013,11771,56.51,-163.75,-1855.92,0.048713158091042534,0.6156588488302098,-0.7865056961560151,-0.21535086736322226,-0.762446256680965,-0.610163674434239,-0.9753209892926046,0.1990976833874393,0.095441502057805,0.438
1,1785175584.150542,11774,56.43,-163.69,-1855.93,0.04930860228562251,0.615376215656986,-0.7866897577471852,-0.21544289370736847,-0.7625522695035822,-0.6099986851018053,-0.9752707425590258,0.19956490041743988,0.09497804604087964,0.4002
1,1785175584.2108898,11777,56.36,-163.58,-1855.89,0.05016974116047127,0.6150639842461848,-0.7868794649468879,-0.21544348044500636,-0.762657400797515,-0.609867031198212,-0.9752266935464973,0.2001249217163812,0.09424920107024157,0.39740000000000003
1,1785175584.2557676,11780,56.32,-163.48,-1855.89,0.04897709207112071,0.615551928525968,-0.7865729894550272,-0.21571441569956643,-0.7624130495528366,-0.6100767433126248,-0.9752274274812268,0.19955491765302436,0.0954426504705473,0.4001
1,1785175584.315609,11783,56.26,-163.33,-1855.93,0.04921782616782783,0.6153920028827646,-0.7866830927223827,-0.21518409705014024,-0.7626073416579615,-0.6100211855551354,-0.9753324612479732,0.19930560764142252,0.09488869689617417,0.3895
1,1785175584.3754478,11786,56.2,-163.18,-1855.93,0.04708529530648485,0.6158673020672897,-0.7864416324243387,-0.21621781431048426,-0.7623652891342945,-0.6099582138950015,-0.975209122055725,0.19876275347142197,0.09726528718798229,0.41440000000000005
1,1785175584.4352877,11792,56.17,-162.85,-1855.89,0.041525552575992296,0.6186021547467813,-0.7846062723595179,-0.2173021545527561,-0.7608943245077048,-0.6114078839520257,-0.9752206940533966,0.19588568368975584,0.10282702376033409,0.41340000000000005
1,1785175584.495128,11795,56.120000000000005,-162.69,-1855.8400000000001,0.040637411755325745,0.6187014150092421,-0.7845745087825563,-0.21731862848632805,-0.7609524891015538,-0.6113296353383917,-0.9752544357646622,0.19534551030343905,0.10353220332649914,0.3655
1,1785175584.5400076,11798,56.1,-162.56,-1855.8600000000001,0.040371840689825696,0.618729573980633,-0.7845660130040426,-0.21741030704050765,-0.7609536271289642,-0.6112956205894375,-0.9752450322210657,0.19525186718958074,0.10379708804737627,0.41050000000000003
1,1785175584.5998478,11801,56.050000000000004,-162.44,-1855.8700000000001,0.03999540743075116,0.6183964502400072,-0.7848478818949609,-0.21650143535291197,-0.7614531521182051,-0.6109960929657231,-0.9754627086027313,0.19435773064071296,0.1034290900357099,0.4025
1,1785175584.6596878,11804,56.01,-162.3,-1855.8500000000001,0.03939243705639143,0.6178887788008157,-0.7852780991055303,-0.21714322840380706,-0.7618135969382095,-0.6103186560137578,-0.9753445823200796,0.19455976087594296,0.10416067005720336,0.39590000000000003
1,1785175584.7199907,11807,55.94,-162.19,-1855.78,0.03803872424406431,0.6178958326905594,-0.7853392868063611,-0.21716097784559354,-0.7620139611219401,-0.6100621548304694,-0.9753943639159647,0.19375103354276635,0.10519682429655458,0.39430000000000004
1,1785175584.7798302,11813,55.88,-162.05,-1855.68,0.03854420527306909,0.6169064017022683,-0.7860921293198574,-0.21813804891715827,-0.7625087263846317,-0.6090946016850768,-0.9751564673704847,0.19495367071703593,0.10518046595956192,0.40800000000000003
1,1785175584.8396711,11816,55.86,-162.01,-1855.66,0.03773926982719034,0.6170045986522766,-0.7860541156656159,-0.2175444064789861,-0.7626753887103735,-0.6090982537039376,-0.9753205517790632,0.19398859940064403,0.10544308692351652,0.41250000000000003
1,1785175584.8995104,11819,55.82,-161.99,-1855.64,0.037654711791935754,0.616774445261781,-0.7862387718447168,-0.21698281372276873,-0.7629782551175788,-0.6089192399380111,-0.9754489126698622,0.19352897945723105,0.10509972826523452,0.3967
1,1785175584.9593503,11822,55.78,-161.96,-1855.56,0.03637741917436463,0.6164546012051385,-0.7865496856697779,-0.21946194446142997,-0.7629289782779094,-0.6080919577144837,-0.9749426333417884,0.1947385394749557,0.10753493820958994,0.40390000000000004
1,1785175585.0042326,11825,55.730000000000004,-161.91,-1855.45,0.03335557964155328,0.6167860867935685,-0.786423758825134,-0.2193375169035236,-0.7631616538858915,-0.6078448352307908,-0.9750786937398296,0.19276725130588793,0.10982862941237202,0.3859
1,1785175585.064577,11828,55.67,-161.82,-1855.32,0.02926925322271299,0.6162639200115648,-0.7869956109837998,-0.21954480941680027,-0.7641437827668278,-0.606534711221826,-0.9751632619586967,0.19053361947641334,0.11293162699302527,0.37070000000000003
1,1785175585.1244502,11831,55.53,-161.72,-1855.1000000000001,0.026069886794773307,0.6146823665614082,-0.7883438014223074,-0.21970023609372383,-0.765807724174343,-0.6043759888143106,-0.975219035531439,0.1889553329053729,0.11508134038040231,0.3845
1,1785175585.184784,11837,55.15,-161.5,-1854.76,0.022834436419408497,0.6108875310336579,-0.7913880293136923,-0.22024462660346544,-0.7690724439162508,-0.6000165668221049,-0.9751773648755944,0.18800000116033772,0.11698336034669596,0.3655
1,1785175585.2446022,11840,54.86,-161.3,-1854.46,0.02067540360624451,0.6058272361493017,-0.7953275348090353,-0.21962123582183962,-0.7733151766566548,-0.5947689890441284,-0.9753661058606695,0.1869679049788629,0.11706392290542852,0.3609
1,1785175585.2899864,11843,54.46,-161.03,-1854.02,0.016772630781689297,0.5988592345123847,-0.8006786472086673,-0.21904883294651442,-0.7791368111262361,-0.5873358820409408,-0.9755697246437237,0.18523889113056316,0.11811124235773748,0.37870000000000004
1,1785175585.349829,11846,54.09,-160.72,-1853.3600000000001,0.015583601819361819,0.5909403341199028,-0.8065647356936659,-0.22018726879230668,-0.7848322052089219,-0.5792719364242367,-0.9753331318150328,0.18662242945894297,0.11788702560808713,0.35350000000000004
1,1785175585.4098747,11849,53.7,-160.29,-1852.51,0.012898717886739307,0.5800374573493471,-0.8144876740310946,-0.22122923686186077,-0.7927133920734646,-0.568034420422654,-0.9751365277920816,0.18751540229828043,0.11809625763129432,0.3854
1,1785175585.454752,11852,53.31,-159.83,-1851.3700000000001,0.008447959966699422,0.5669169671454954,-0.8237316215460921,-0.22563433512768644,-0.8014356792107424,-0.5538862689212496,-0.9741754353215276,0.19054134577715473,0.12114543642062142,0.38680000000000003
1,1785175585.515099,11855,53.03,-159.41,-1849.99,0.0035964901891934,0.5570568316509061,-0.8304665866664191,-0.2297717432254525,-0.807791669880867,-0.542842117089506,-0.9732379006560808,0.19277008165722787,0.1250907044684374,0.3793
1,1785175585.5749385,11858,52.88,-159.03,-1848.3700000000001,-0.0024665395996566314,0.5506668917818676,-0.8347214448411517,-0.23373234475996996,-0.8119202699350213,-0.5349342635143577,-0.972297849013053,0.193781963979981,0.13071129729541925,0.3956
1,1785175585.6347787,11864,52.77,-158.29,-1844.5,-0.01999888665934059,0.5357064411517752,-0.8441674321133734,-0.2450789232711661,-0.8212029307782747,-0.5153271464316803,-0.9692968409628874,0.19658167612896216,0.14771350212385845,0.39730000000000004
1,1785175585.6946187,11867,52.71,-158.01,-1842.47,-0.03131257479620656,0.5229970399270294,-0.8517591319658376,-0.24847544109996078,-0.8294976645410526,-0.5001935422325233,-0.9681319526954019,0.19597887832239577,0.1559256278540629,0.36150000000000004
1,1785175585.7394996,11870,52.86,-157.42000000000002,-1839.72,-0.07072368083811241,0.5157568314023256,-0.8538108993392752,-0.26447298112967427,-0.8350157892431623,-0.4824962942520922,-0.9617963418630224,0.19168599994900934,0.19545913691218594,0.368
1,1785175585.7993386,11873,53.17,-156.88,-1836.7,-0.11625782890137075,0.509217254984734,-0.8527496141570232,-0.2825033089472024,-0.8400627478284887,-0.46312682943739125,-0.9521953568743239,0.18706246800644266,0.24151943070965856,0.38470000000000004
1,1785175585.8591785,11876,53.44,-156.34,-1833.83,-0.13944375744308196,0.4937333956727265,-0.8583605142989941,-0.29313212292289464,-0.8485602835818932,-0.4404758831515454,-0.9458482949294097,0.19019142757994045,0.26305555279110227,0.3526
1,1785175585.9190187,11879,53.63,-155.85,-1831.19,-0.144514033978224,0.4731457201636521,-0.8690505287232498,-0.29611226682450725,-0.858700901456449,-0.4182705909742327,-0.9441574124156379,0.19689055164913588,0.26419858298618193,0.36150000000000004
1,1785175585.978859,11885,54.59,-155.0,-1825.55,-0.1637197056445267,0.4551198871119842,-0.8752495337552852,-0.3060571899514401,-0.8668759804960187,-0.3935162397132988,-0.9378298643478452,0.2034500498752484,0.281217394097629,0.3753
1,1785175586.0387003,11888,54.980000000000004,-154.64000000000001,-1822.77,-0.17092780995467954,0.44312311613099453,-0.880014538365392,-0.31185823933553986,-0.8715704445113219,-0.3782980290893329,-0.9346272638558293,0.20977813090189776,0.28716722210703677,0.37870000000000004
1,1785175586.0985384,11891,55.230000000000004,-154.38,-1820.13,-0.1710731078097614,0.42617478569582207,-0.8883180983304517,-0.3147634985496878,-0.8780011396696206,-0.3606077352464975,-0.9336262270122185,0.21791982648664057,0.28434665016307487,0.3935
1,1785175586.1584098,11894,55.49,-154.15,-1817.54,-0.17509999132836718,0.40338731783194776,-0.898119515904845,-0.3173311134486624,-0.8866544770380262,-0.3363700384782455,-0.9320090973130241,0.22610287517139477,0.2832605379592978,0.4178
1,1785175586.2042592,11897,55.730000000000004,-153.8,-1814.91,-0.17997748227915986,0.3752826980176394,-0.9092694883482321,-0.32162792929537676,-0.8960074579635621,-0.30614720376126847,-0.929603991476813,0.23734685976915057,0.2819625634514276,0.41140000000000004
1,1785175586.2630997,11900,56.01,-153.49,-1812.33,-0.18636783666632484,0.34562274629886847,-0.9196803502832612,-0.3216255363595433,-0.905964138711874,-0.2752925602508879,-0.9283447871441678,0.24448700703489473,0.2800036777854339,0.40490000000000004
1,1785175586.3229384,11903,56.24,-152.99,-1809.91,-0.18661828933352292,0.30907790700987686,-0.9325472971836997,-0.31826460891142366,-0.9170530839439718,-0.24025253368759575,-0.9294521250719092,0.25196128398475165,0.2695074369513154,0.4213
1,1785175586.3892727,11909,56.76,-151.86,-1805.6200000000001,-0.1755323074766604,0.24270001490913373,-0.9540886288993415,-0.3129179542812436,-0.9326309972610316,-0.17967130220581973,-0.9334188571698993,0.26701334369465457,0.23965206314288137,0.435
1,1785175586.4431298,11912,57.19,-151.38,-1804.05,-0.16773098820537602,0.2205856213515984,-0.9608372907254263,-0.3151952534578565,-0.9354860842207503,-0.159742725740376,-0.9340868630878424,0.27605754813490724,0.22643754618979983,0.44210000000000005
1,1785175586.4880111,11915,57.79,-151.21,-1802.8,-0.14948291046630338,0.2150231206823263,-0.9651009880062069,-0.31255684289641744,-0.9362938934066967,-0.16019352398881115,-0.9380634730321544,0.2777027236837323,0.20716688398846284,0.4354
1,1785175586.547851,11918,58.13,-150.95000000000002,-1801.99,-0.1258124867726222,0.19085773253027552,-0.9735217224620569,-0.30555551166292433,-0.9410679154504711,-0.14500692329027975,-0.9438257505834946,0.27922124640346835,0.17671572678286554,0.42310000000000003
1,1785175586.6077335,11921,58.44,-150.3,-1801.18,-0.11493443907098282,0.15981179278628355,-0.9804337130076017,-0.3077250991503864,-0.9441519064049314,-0.11782377088184808,-0.9445079872972613,0.28816205253011257,0.1576936695410101,0.4404
1,1785175586.6675718,11924,58.46,-149.99,-1800.63,-0.1264002314418001,0.14448095203002065,-0.9814011595631821,-0.3121882503983382,-0.9448590991133128,-0.09889276584262094,-0.9415739364514526,0.29388184245250304,0.16453566443795206,0.2892
1,1785175586.727412,11930,58.89,-149.20000000000002,-1800.06,-0.12226296387405278,0.0961296004220771,-0.9878313963361479,-0.31565265403632115,-0.9473864366047288,-0.05312571634548285,-0.9409650204256046,0.3053162944555792,0.14617383717805132,0.2853
1,1785175586.7872524,11933,59.11,-148.93,-1799.89,-0.1182930263767573,0.08078953076841937,-0.9896867239833251,-0.3164908411886111,-0.9477711783208265,-0.03953910707233487,-0.941190898465531,0.3085495831508623,0.13768386754836598,0.2763
1,1785175586.8470914,11936,59.21,-148.81,-1799.76,-0.12155707812949497,0.07444110739199161,-0.9897890675729218,-0.3178789604727214,-0.9475834187933351,-0.032227797267532325,-0.9403067814524162,0.31071560301695367,0.13884873350667976,0.2489
1,1785175586.9072473,11939,59.35,-148.67000000000002,-1799.69,-0.1190767054844751,0.0696016664978153,-0.9904425002147728,-0.317414668145091,-0.9478600366659121,-0.02844783538403549,-0.9407808813200368,0.3109935030067708,0.13496064030032,0.27690000000000003
1,1785175586.9670863,11942,59.4,-148.57,-1799.57,-0.12123528466283283,0.0669218740134597,-0.9903653207434358,-0.31685427732774607,-0.9481372523712246,-0.025280775404569734,-0.9406940909200151,0.31073656599195265,0.13615217171861504,0.2539
1,1785175587.0274327,11948,59.56,-148.4,-1799.47,-0.12310385573644048,0.06642860441567629,-0.9901680065616175,-0.3196821185672522,-0.9472258278494065,-0.02380281755087226,-0.9394938976763899,0.31360878745722737,0.13784318865447304,0.2561
1,1785175587.0877793,11951,59.67,-148.28,-1799.45,-0.12392021945120782,0.066577158632702,-0.9900561909101727,-0.31994744455983254,-0.947140192110721,-0.023645067310103518,-0.9392962322562555,0.3138358463223448,0.13867101222800723,0.25370000000000004
1,1785175587.1476185,11954,59.74,-148.19,-1799.3500000000001,-0.1256602963388474,0.06709436702928626,-0.9898019174748919,-0.32121117765002133,-0.9467185819201865,-0.02339457201398478,-0.9386335116949105,0.31499567070036133,0.14051639820074388,0.23970000000000002
1,1785175587.2079666,11957,59.83,-148.06,-1799.29,-0.12789267057114778,0.0674169233602509,-0.9894940238621039,-0.3206861527850095,-0.9469046077842356,-0.023066321096626465,-0.9385115109715647,0.31436701831079733,0.14272183285065168,0.2257
1,1785175587.2528498,11960,59.95,-147.95000000000002,-1799.15,-0.12848134530479471,0.0668771373474875,-0.9894543912727232,-0.32362156162131656,-0.945932822078799,-0.021913031917545747,-0.937422865500117,0.31739335943627467,0.1431776051738023,0.2492
1,1785175587.312686,11963,60.07,-147.79,-1798.98,-0.1296529019406379,0.06628238091316253,-0.9893415845898997,-0.32641245158977933,-0.9450043368828245,-0.020535693798928684,-0.9362932427746776,0.32027089979131074,0.14415794907441926,0.2662
1,1785175587.3725262,11966,60.13,-147.68,-1798.88,-0.13326274941522934,0.06665527738901748,-0.9888367477063579,-0.32722410800043555,-0.9447438013596365,-0.0195839969327759,-0.9355027647001442,0.3209614054504635,0.14771037014932334,0.22610000000000002
1,1785175587.4323661,11972,60.21,-147.25,-1798.52,-0.1416865744536897,0.05374529870542479,-0.9884514947566441,-0.32776745478934993,-0.9447482505834507,-0.0043861828987317815,-0.9340735571680052,0.323360767389265,0.15147410310985554,0.1859
1,1785175587.492206,11975,60.19,-146.94,-1798.38,-0.1460214817267498,0.0348035039168092,-0.9886690260089251,-0.3271422228096656,-0.944855163100323,0.015056122270119548,-0.9336250280115006,0.32563390007456894,0.14935484656598888,0.16390000000000002
1,1785175587.537089,11978,60.94,-146.89000000000001,-1798.5,-0.10568920979982015,0.01206998186504,-0.9943259558463045,-0.3312905688785698,-0.943229471229473,0.02376391332004041,-0.9375907155598349,0.3319224007835964,0.10368784863256823,0.1691
1,1785175587.596926,11981,61.050000000000004,-146.82,-1798.51,-0.10369738954077877,0.006221607313738926,-0.9945894343923335,-0.3325243988179861,-0.9426556384572843,0.028772755784363575,-0.93737632549215,0.3337089134067643,0.09981976517559939,0.1408
1,1785175587.6567662,11984,61.13,-146.81,-1798.43,-0.10605520144336493,0.005768643503268189,-0.994343510563095,-0.33242561282035993,-0.9426526274925401,0.029987261002274897,-0.9371475370440963,0.33372555585921587,0.10189085915155487,0.1806
1,1785175587.7016466,11987,61.19,-146.77,-1798.29,-0.10820716627125485,0.005860098226842737,-0.9941110946047814,-0.3349549901997613,-0.9417270593614515,0.030907931129582275,-0.9360001942883467,0.33632693159365773,0.10386448563860616,0.18960000000000002
1,1785175587.7614865,11990,61.28,-146.70000000000002,-1798.18,-0.11265977137300073,0.006615373128558573,-0.9936116005525264,-0.3368894543754945,-0.9410025459399661,0.031932805468412415,-0.9347797983721967,0.33833481253467224,0.10824178113077869,0.2063
1,1785175587.821326,11993,61.36,-146.66,-1798.0900000000001,-0.11685818345859524,0.007184293841770795,-0.9931226263059124,-0.3386856578496361,-0.9403189487130303,0.03304996003296982,-0.9336145832867634,0.3402185483086082,0.11231718150428606,0.251
1,1785175587.8811655,11999,61.370000000000005,-146.66,-1798.06,-0.1180827625741872,0.0075526435337589974,-0.9929750343077614,-0.3388141434464961,-0.9402695128803473,0.033139392697685593,-0.9334138617909341,0.3403471767525129,0.11358856409484405,0.273
1,1785175587.9410062,12002,61.36,-146.66,-1798.03,-0.1170452746695452,0.0069647552020672245,-0.993102157817868,-0.33921060359924826,-0.9401178481308892,0.03338559616930261,-0.9334005410772827,0.34077840866275755,0.11239887057223587,0.2353
1,1785175587.985888,12005,61.38,-146.65,-1798.05,-0.11755281175982406,0.007324234642045117,-0.993039622590291,-0.33895126579567775,-0.9402183307428834,0.033189304761828735,-0.9334309700577045,0.340493533157348,0.11300786704986002,0.2501
1,1785175588.0457263,12008,61.38,-146.66,-1798.05,-0.11621287918718401,0.00683441257376365,-0.993200814294771,-0.33949455464826533,-0.9400199650927936,0.03325526411139647,-0.9334013145883183,0.3410509581158134,0.1115626724898822,0.20220000000000002
1,1785175588.1055658,12011,61.370000000000005,-146.66,-1798.03,-0.11704144825735309,0.006980916840346976,-0.9931024953094669,-0.3394721075071796,-0.9400229237390718,0.033400465111748205,-0.9333059453439989,0.34103983586249176,0.11239147094165743,0.23650000000000002
1,1785175588.1654058,12014,61.370000000000005,-146.67000000000002,-1798.03,-0.11704144825735309,0.006980916840346976,-0.9931024953094669,-0.3394721075071796,-0.9400229237390718,0.033400465111748205,-0.9333059453439989,0.34103983586249176,0.11239147094165743,0.2391
1,1785175588.225384,12017,61.36,-146.66,-1798.01,-0.11619041720604815,0.006965455116653199,-0.9932025319060067,-0.3393723142643407,-0.9400692718668268,0.03310885686096362,-0.9334485627287399,0.3409123736780349,0.11159092352363552,0.2207
1,1785175588.2702641,12020,61.35,-146.67000000000002,-1798.0,-0.1167690852831399,0.0069159596824505945,-0.9931350110754376,-0.339218095371209,-0.9401168610646963,0.033337236157063306,-0.9334324102445062,0.3407821254754029,0.1121226045969263,0.23600000000000002
1,1785175588.3301072,12026,61.29,-146.70000000000002,-1798.04,-0.11413579930386593,0.006383697784230442,-0.9934446475369763,-0.3381740392816275,-0.9405115073394101,0.032808896935112394,-0.934136680830603,0.33970185893625926,0.10950483350991365,0.2068
1,1785175588.3899467,12029,61.27,-146.71,-1797.99,-0.1141321336940222,0.006399468013455964,-0.9934449672063344,-0.3384356947753606,-0.9404168790076745,0.032823378549195974,-0.9340423633649434,0.3399634399264274,0.10949759336634579,0.21980000000000002
1,1785175588.449787,12032,61.26,-146.72,-1798.0,-0.11376680113932479,0.006081544411312748,-0.9934888674646026,-0.33897593480374116,-0.9402139391264668,0.03306152289630092,-0.9338910164373868,0.3405301212666305,0.10902662944289712,0.2111
1,1785175588.509627,12035,61.25,-146.73,-1797.99,-0.1136316539535723,0.006008225010576118,-0.9935047802864354,-0.33817203826261505,-0.9405058721863495,0.03299055804776128,-0.9341988652086259,0.3397243082489338,0.10890305150774883,0.2093
1,1785175588.5694664,12038,61.25,-146.73,-1798.0,-0.11266140913770754,0.005886448793024623,-0.9936160005815693,-0.3390053144416129,-0.9402101263194859,0.032868147904004975,-0.9340143487503012,0.3405440765699846,0.10792093514071911,0.1885
1,1785175588.629306,12044,61.22,-146.73,-1797.92,-0.11416188558403204,0.006236722655293505,-0.9934425837311484,-0.33803483266332474,-0.9405569423096155,0.032940707027400866,-0.9341838768605337,0.3395787707788989,0.10948398353236684,0.19890000000000002
1,1785175588.689307,12047,61.2,-146.77,-1797.9,-0.11596290388797803,0.006638499051502225,-0.9932313603849863,-0.339362759344032,-0.9400646041722898,0.033338529553665695,-0.9334803278549967,0.34093176782567386,0.11126548069814192,0.22510000000000002
1,1785175588.749147,12050,60.160000000000004,-146.71,-1797.43,-0.17592990152632193,0.025900168228487817,-0.9840619142283042,-0.3317995607578956,-0.9427185834446634,0.034506867562193705,-0.926799720128252,0.33258210071172395,0.1744460519942212,0.17200000000000001
1,1785175588.8091357,12053,60.13,-147.16,-1797.3600000000001,-0.172270298884054,0.025730273375403692,-0.9847136117442602,-0.3323011660911569,-0.9425780338577179,0.0335050011696215,-0.9273073272312994,0.33299339801405364,0.17092839946070396,0.151
1,1785175588.8689747,12056,60.870000000000005,-148.05,-1797.66,-0.11498750066826295,0.007259179383501623,-0.9933404144626075,-0.33834388492943224,-0.9404682637198714,0.03229335019148206,-0.9339707116504915,0.33980398651341437,0.11059819405698243,0.1312
1,1785175588.9293184,12062,59.89,-150.49,-1797.1200000000001,-0.14683464127924167,0.01986639132310931,-0.988961533436055,-0.3253777192396671,-0.9451293227366231,0.02932410485939133,-0.9341139801666544,0.32609184258305096,0.14524180616476084,0.1761
1,1785175588.9896617,12065,59.77,-152.42000000000002,-1796.95,-0.14913937997196947,0.023932639829993378,-0.9885265166359191,-0.32158787231592395,-0.9465335557205922,0.02560211464409218,-0.9350607925268246,0.3217164227168082,0.1488618743446637,0.1413
1,1785175589.0345418,12068,59.81,-154.71,-1796.69,-0.149019017321663,0.02375750492010071,-0.9885488927900618,-0.3196823371309994,-0.9471835412647261,0.025427199682127494,-0.9357331541646624,0.3198107567252611,0.14874321523978118,0.15660000000000002
1,1785175589.0943823,12071,59.95,-157.47,-1796.42,-0.1496156508151809,0.023569966889619837,-0.9884632586454452,-0.31790081503836004,-0.9477805095864743,0.025518178734965084,-0.9362447483586203,0.31805119447791014,0.14929570945636153,0.16640000000000002
1,1785175589.1542225,12074,60.81,-160.70000000000002,-1796.3700000000001,-0.11449351276130079,0.010154745890622744,-0.9933720937652086,-0.31261549064706406,-0.9495149065282477,0.026324841654760674,-0.942954288681627,0.31355752808145065,0.11188782793663066,0.3453
1,1785175589.2140617,12077,61.22,-164.04,-1796.26,-0.11538141133599901,0.0019203518660723974,-0.9933194059147459,-0.3107945468848257,-0.9498592927182047,0.034264758331669115,-0.9434478679528451,0.31267177084857256,0.11019294065251578,0.22060000000000002
1,1785175589.273906,12080,61.53,-167.76,-1796.63,-0.1021523877356091,-0.007295099041917607,-0.9947420123880777,-0.2985777922052336,-0.9536421642263831,0.03765533974708417,-0.9489026249735861,0.30085445673878364,0.09523866955522475,0.17980000000000002
1,1785175589.3187833,12083,61.77,-171.5,-1796.8500000000001,-0.09260283318647335,-0.014845103161760227,-0.9955924558763765,-0.28801784472833614,-0.9567445804631867,0.041055193001193306,-0.9531371550851861,0.29055022055823304,0.08432160416927473,0.17950000000000002
1,1785175589.3786216,12089,62.08,-179.71,-1797.1100000000001,-0.06887102905956118,-0.007553557826271846,-0.9975969752963579,-0.2596492671102205,-0.9653732206462952,0.025234954886515455,-0.9632440186398264,0.260763280818378,0.06452497137878706,0.2245
1,1785175589.4384618,12092,61.84,-183.9,-1797.57,-0.04784533378028193,-0.012242939168733008,-0.9987797226996372,-0.24621645176318116,-0.9689257504134312,0.023671693368215094,-0.9680332034163925,0.24704857948646544,0.04334416289556281,0.08560000000000001
1,1785175589.4983017,12095,61.6,-188.03,-1797.69,-0.036693856038793805,-0.00782076366808687,-0.9992959504494411,-0.2375977661715997,-0.9712264288741983,0.016325604630067183,-0.9706703160390092,0.23802953495715481,0.03377984678488829,0.052000000000000005
1,1785175589.5581417,12098,60.84,-191.77,-1797.28,-0.07488525062090894,0.006981039575402921,-0.997167721261519,-0.23222213351129925,-0.9726046868150875,0.010630328912398972,-0.9697757884928373,0.23236047054473818,0.07445489763154535,0.1642
1,1785175589.6179817,12101,60.81,-195.39000000000001,-1796.81,-0.08284866041005337,0.010522487016041105,-0.9965065863983323,-0.23974022660811597,-0.9707888053701655,0.009680863280519486,-0.9672955717949655,0.23970476139402017,0.08295121548770086,0.182
1,1785175589.6778228,12107,61.230000000000004,-202.6,-1795.3700000000001,-0.07779783337359221,0.049039317091911075,-0.9957623423797136,-0.2509556994287281,-0.9675922226959011,-0.02804509765794371,-0.9648672105769854,0.24771038726215075,0.08758327463518724,0.4012
1,1785175589.7376614,12110,61.6,-205.45000000000002,-1793.97,-0.09190994492072398,0.06396063943416597,-0.9937110237024858,-0.2636093375466409,-0.9638941104715235,-0.03765980558276394,-0.9602409485034944,0.25849019401416967,0.10545207639314806,0.266
1,1785175589.7975025,12113,61.79,-207.73000000000002,-1792.57,-0.11108688103066847,0.08010782639166031,-0.9905768223685034,-0.2796701427264087,-0.9589844213151192,-0.04618972767073154,-0.9536478994525538,0.27190368851067426,0.128934355561355,0.40940000000000004
1,1785175589.8573418,12116,61.92,-209.88,-1791.21,-0.12120214461902948,0.09441763081109997,-0.9881271938023803,-0.2920521911666693,-0.9547959151616843,-0.055410089562361785,-0.9486914976821997,0.2818688904128665,0.14329818855423257,0.3924
1,1785175589.9022212,12119,62.06,-211.43,-1789.79,-0.1278400500215771,0.10591375999069218,-0.9861233173671105,-0.30234479343734066,-0.9511171754965009,-0.06295827472930121,-0.9445869719045529,0.29010066170243803,0.15361334117841174,0.4182
1,1785175589.9620614,12122,61.89,-212.70000000000002,-1788.6000000000001,-0.12657509733714178,0.1064395297014469,-0.9862298774885235,-0.30626230996787895,-0.9498464873711489,-0.06320639146343411,-0.9434946434544459,0.2940446852871598,0.15282532783260494,0.4209
1,1785175590.0219016,12125,61.61,-213.71,-1787.52,-0.12301821119900534,0.10321166977099946,-0.9870227307091154,-0.30814088100162923,-0.9493913241384114,-0.06087126667199942,-0.9433534423369306,0.2966537794699337,0.1485961572762472,0.3771
1,1785175590.0668154,12128,61.24,-214.43,-1786.5,-0.12657325550095333,0.10014311022726342,-0.9868893395238905,-0.31289457326534353,-0.9481308072668942,-0.05607992807168928,-0.9413162045842985,0.30169409968615135,0.1513422386565418,0.37160000000000004
1,1785175590.1266358,12134,60.9,-215.51,-1784.96,-0.1387181593040092,0.09555646114955883,-0.9857110301766335,-0.32232223151653494,-0.9454971588557849,-0.046297966109102875,-0.9364110482846241,0.3112942102388209,0.16195759729719378,0.41750000000000004
1,1785175590.1864984,12137,60.85,-215.88,-1784.4,-0.14599824388793892,0.09461901379875205,-0.9847495900021435,-0.3291894969736122,-0.9433367109335329,-0.041834493989581945,-0.932908777889831,0.3180614595213569,0.16887308874787071,0.3991
1,1785175590.2463052,12140,60.83,-216.13,-1783.78,-0.15371106494701586,0.0946161344749847,-0.9835754651321196,-0.33554674486703084,-0.9412525120925543,-0.038106305102898995,-0.9293983486761711,0.3241781849175961,0.1764290619527828,0.40440000000000004
1,1785175590.306151,12143,60.910000000000004,-216.35,-1783.3700000000001,-0.15841054217100337,0.0972230402775574,-0.9825750763011838,-0.3383347911304445,-0.9402384098128475,-0.03848768404732287,-0.927596716919485,0.3263424783134989,0.1818376132938293,0.41900000000000004
1,1785175590.3510303,12146,61.04,-216.61,-1782.96,-0.16117071111133094,0.10445798201234541,-0.9813829690155502,-0.3440200316403273,-0.9379616174898536,-0.04333845804831516,-0.9250266048660741,0.33063050994989235,0.18710757916294588,0.42150000000000004
1,1785175590.41087,12149,61.09,-216.81,-1782.55,-0.16113356376773008,0.11073816867913458,-0.9807002766518944,-0.34897446231965745,-0.9358846660251965,-0.048339596063810615,-0.9231753892279716,0.33445022035647987,0.1894472243852762,0.40130000000000005
1,1785175590.4707096,12152,61.160000000000004,-217.04,-1782.05,-0.16385972865242357,0.12003018844856368,-0.9791540957310839,-0.3551456256184701,-0.9331937850714725,-0.054963115887328155,-0.9203377499212013,0.3387360526501138,0.19554107677160756,0.4198
1,1785175590.5160954,12155,61.17,-217.42000000000002,-1781.78,-0.1637258311809469,0.12809190162278894,-0.9781545465532357,-0.3595850514391781,-0.931067701604547,-0.06173755591461251,-0.918636186412005,0.34162172028061105,0.19849976636491104,0.4262
1,1785175590.5759392,12161,61.39,-217.9,-1780.8400000000001,-0.17814209032007886,0.14895407938775532,-0.972665450136962,-0.37596189102240246,-0.923785785654785,-0.07261183595689272,-0.9093503462116523,0.35274991772630904,0.22056618822664129,0.4309
1,1785175590.6357753,12164,61.33,-218.02,-1780.58,-0.18141206467950793,0.14964736449220137,-0.9719543863213213,-0.37806033407928163,-0.9230120448042667,-0.07154822808503607,-0.9078326093419313,0.35447768822139514,0.22402125338600218,0.4183
1,1785175590.695616,12167,61.25,-218.20000000000002,-1780.3400000000001,-0.18248297647952932,0.1495546135250885,-0.9717681723891419,-0.37924611908818023,-0.9225855751006059,-0.07076890399630452,-0.9071231142748626,0.3556251877885561,0.22507416857255924,0.4323
1,1785175590.755462,12170,61.19,-218.32,-1780.26,-0.18354408070863848,0.14992293643258922,-0.9715115457719742,-0.3794559407762594,-0.9225067746443479,-0.07067135024100094,-0.9068212389696355,0.35567451956347973,0.22620980678755545,0.40340000000000004
1,1785175590.800336,12173,61.2,-218.4,-1780.24,-0.18514994261107087,0.15015966429714475,-0.9711702085470323,-0.38016194925219354,-0.922258097700157,-0.0701205645104223,-0.906198869504862,0.3562191410419385,0.22784102454003705,0.44380000000000003
1,1785175590.8601751,12176,61.24,-218.43,-1780.18,-0.18606473266204443,0.15049126935375312,-0.9709440216138612,-0.3803433046825182,-0.9221888195257696,-0.07004821000460237,-0.9059353651572408,0.3562585563743892,0.2288251628808622,0.4647
1,1785175590.9200149,12179,61.2,-218.5,-1780.2,-0.1854459647083652,0.15018660703312736,-0.9711095598547368,-0.37991113682172245,-0.922363100355246,-0.07009878188588434,-0.9062435226208297,0.3559358006311465,0.22810607957012993,0.42960000000000004
1,1785175590.9648952,12182,61.22,-218.53,-1780.22,-0.18539418566910756,0.1502305661834244,-0.9711126468666217,-0.38042188622489276,-0.9221576913096152,-0.07003128472058069,-0.906039835990219,0.35644911185571504,0.22811366959498217,0.4375
1,1785175591.0247357,12188,61.24,-218.56,-1780.19,-0.1860539763282242,0.15020610572596682,-0.9709902387228702,-0.38150743723259284,-0.9217502821571814,-0.06948735625547728,-0.9054479516950027,0.3575115986171582,0.2288000516292078,0.4358
1,1785175591.0845752,12191,61.26,-218.57,-1780.18,-0.18725363033848835,0.1504619907969416,-0.9707199736538226,-0.3818082508820876,-0.9216470273747576,-0.06920416526217166,-0.9050737746081354,0.35767016405718577,0.23002938129701647,0.43920000000000003
1,1785175591.144415,12194,61.26,-218.57,-1780.16,-0.1873780091086533,0.15029277813923234,-0.9707221860767731,-0.38257721776502446,-0.9213582665253746,-0.06880128743366923,-0.9047232472693795,0.3584843449086009,0.23014087056800822,0.43310000000000004
1,1785175591.204256,12197,61.28,-218.58,-1780.18,-0.1894034705642752,0.1511309211575222,-0.9701988301416812,-0.3816637633550443,-0.9217169453167973,-0.06906985201618056,-0.9046872924275398,0.3572076670313099,0.23225758444919808,0.4602
1,1785175591.2491348,12200,61.27,-218.57,-1780.1200000000001,-0.18856641709138697,0.1504464069452201,-0.9704682297646793,-0.3832474158655986,-0.9211148718990416,-0.06832869820765584,-0.9041925262783684,0.35904494343143895,0.2313495278116141,0.41250000000000003
1,1785175591.3089745,12203,61.300000000000004,-218.57,-1780.13,-0.1907775299284149,0.15144984876076845,-0.9698798262592914,-0.38340956764108053,-0.9210416441105965,-0.06840609077654473,-0.9036598018699804,0.3588108598194731,0.23378137085729897,0.44170000000000004
1,1785175591.3688147,12206,61.300000000000004,-218.57,-1780.05,-0.19174612357999302,0.15178644834665347,-0.9696361679466967,-0.384751441062076,-0.9205111347985013,-0.06801161160148488,-0.9028841302696055,0.36002795004038785,0.23490449654490225,0.4471
1,1785175591.4286573,12212,61.38,-218.6,-1779.97,-0.19630524067189004,0.1560069949585385,-0.9680527206762851,-0.38686823177540386,-0.9194947252458804,-0.06973106544414184,-0.9009979043969656,0.3608202707290839,0.2408557836201301,0.4441
1,1785175591.4884946,12215,61.4,-218.6,-1779.97,-0.19679227613358463,0.1567591306470095,-0.9678323072789814,-0.38771812915809273,-0.9191137722526855,-0.0700323209495946,-0.9005262086004556,0.3614643116743786,0.24165284813023855,0.44920000000000004
1,1785175591.5333748,12218,61.410000000000004,-218.62,-1779.96,-0.19722502036355016,0.1573287446993811,-0.9676517748828422,-0.3881980843090678,-0.918892311690445,-0.0702792064195375,-0.9002247156579113,0.3617797473705612,0.24230327218410777,0.445
1,1785175591.5932148,12221,61.4,-218.61,-1779.93,-0.19595781360129647,0.1574667996495736,-0.9678867404281974,-0.3878099553221122,-0.9190009590436626,-0.07099771707519807,-0.9006686259894153,0.3614435561535848,0.24115261116850775,0.4143
1,1785175591.653055,12224,61.410000000000004,-218.62,-1779.93,-0.1961417975268292,0.1578120804228063,-0.967793233359053,-0.3880936962597405,-0.9188671159491965,-0.07117939414365876,-0.9005063454448263,0.3616331988352725,0.24147412141629512,0.4117
1,1785175591.6979349,12227,61.4,-218.62,-1779.93,-0.19608404444268612,0.15808467658137387,-0.9677604468798886,-0.3881190329710211,-0.9188351446548298,-0.07145343373678814,-0.9005080031630138,0.3615953705141986,0.24152458314229897,0.4055
1,1785175591.7577748,12230,61.410000000000004,-218.63,-1779.92,-0.19771989756191966,0.15840815904007058,-0.9673746416242467,-0.38819711679111363,-0.9188283532043405,-0.07111579193727693,-0.9001165705747064,0.3614710396384962,0.2431642384880931,0.443
1,1785175591.818121,12233,61.410000000000004,-218.63,-1779.95,-0.19714181783495544,0.15863292845142873,-0.9674557859001376,-0.3875392408702556,-0.9190585217369641,-0.07172705492610251,-0.9005267572073775,0.3607866788471964,0.24266135234102423,0.4297
1,1785175591.8784683,12239,61.410000000000004,-218.64000000000001,-1779.94,-0.1976469635829833,0.15880529374183291,-0.9673244318562398,-0.3881084233319968,-0.9188325178059564,-0.07154478290636189,-0.9001708335228256,0.3612861509965986,0.2432381293565722,0.44160000000000005
1,1785175591.938915,12242,61.4,-218.64000000000001,-1779.92,-0.197112033678745,0.15848059389651614,-0.9674868203429114,-0.3885823989069717,-0.9186502258074593,-0.0713125646966047,-0.9000836435791579,0.361891784905532,0.24265978360485638,0.43720000000000003
1,1785175591.9992647,12245,61.410000000000004,-218.64000000000001,-1779.92,-0.197112033678745,0.15848059389651614,-0.9674868203429114,-0.3885823989069717,-0.9186502258074593,-0.0713125646966047,-0.9000836435791579,0.361891784905532,0.24265978360485638,0.44070000000000004
1,1785175592.0591054,12248,61.410000000000004,-218.64000000000001,-1779.91,-0.1976469635829833,0.15880529374183291,-0.9673244318562398,-0.3881084233319968,-0.9188325178059564,-0.07154478290636189,-0.9001708335228256,0.3612861509965986,0.2432381293565722,0.4536
1,1785175592.1189451,12251,61.410000000000004,-218.64000000000001,-1779.92,-0.19737807558674542,0.15875590828231598,-0.9673874388594932,-0.38810410965486314,-0.9188299182754814,-0.07160154572966979,-0.9002316898147269,0.36131446534470346,0.24297070149709848,0.45690000000000003
1,1785175592.1646335,12254,61.410000000000004,-218.66,-1779.92,-0.1963953858291624,0.1588188835543462,-0.9675770846044078,-0.3878339685713658,-0.9189043329702592,-0.07210852703160564,-0.9005629712836295,0.361097478632895,0.242063928906739,0.41140000000000004
1,1785175592.223477,12260,61.410000000000004,-218.66,-1779.9,-0.19808167871326057,0.15914938522593466,-0.9671789502157,-0.38907116693160704,-0.918433028017195,-0.07144508457300437,-0.8996595331683058,0.3621494805040775,0.24384519300165133,0.43410000000000004
1,1785175592.2833157,12263,61.45,-218.67000000000002,-1779.88,-0.2005110646775009,0.16095980677543695,-0.9663784215020061,-0.3897155540549882,-0.9181117609942718,-0.07205956738428863,-0.8988420883945681,0.3621639613860154,0.24682010696796994,0.462
1,1785175592.343174,12266,61.49,-218.67000000000002,-1779.82,-0.20204694634377066,0.16208669052078797,-0.9658700410661757,-0.3907751443818615,-0.9176463587830584,-0.07224919892656156,-0.8980377597888035,0.36284027473285396,0.24874709450623622,0.4344
1,1785175592.403666,12269,61.52,-218.66,-1779.83,-0.2061491076356784,0.16301995074669598,-0.9648456047884337,-0.39198438293674726,-0.9172109533961549,-0.07122015517965338,-0.8965772632376481,0.3635224375862669,0.2529834943561097,0.4378
1,1785175592.4485126,12272,61.57,-218.65,-1779.74,-0.2122161896550004,0.16493027583248046,-0.9632041803076515,-0.39450327292625076,-0.9162268457302399,-0.06996809854277267,-0.8940533857095945,0.3651388383574623,0.2595037036810343,0.43470000000000003
1,1785175592.5089538,12275,61.54,-218.72,-1779.71,-0.21788271941112317,0.1659628098870213,-0.961760607592356,-0.39717224614505614,-0.9152247508811451,-0.06795485462155307,-0.8915050911094701,0.3671784322491585,0.265327479573725,0.43510000000000004
1,1785175592.569426,12278,61.56,-218.83,-1779.66,-0.2256319778287252,0.167155286155099,-0.9597652425939921,-0.39989557953324034,-0.9142377250413545,-0.06521432036740527,-0.888354510345319,0.3690914418157318,0.2731259261357528,0.43820000000000003
1,1785175592.6142735,12281,61.54,-219.04,-1779.83,-0.23048175995744974,0.16783066847395317,-0.9584941445029818,-0.40093273779138405,-0.913896273549847,-0.06361242770723993,-0.8866403431459805,0.36963017721946034,0.27792523094294375,0.43710000000000004
1,1785175592.6745586,12287,61.4,-219.74,-1780.75,-0.23261425401010638,0.1666721258426238,-0.9581810952520522,-0.39975866274959543,-0.9145192060394521,-0.06202929422156312,-0.886613568804345,0.36861229530778084,0.27935882903526166,0.45430000000000004
1,1785175592.734399,12290,61.410000000000004,-220.20000000000002,-1781.6200000000001,-0.23449114845262162,0.16805579937841447,-0.9574816706301238,-0.4009789972431173,-0.9139719944372484,-0.06221765950518047,-0.8855674706465199,0.3693405497365278,0.2817051885447705,0.44570000000000004
1,1785175592.7947445,12293,61.44,-220.74,-1782.79,-0.23187737150526005,0.16813889153104883,-0.9581034379118583,-0.40214097972091384,-0.9134097335972627,-0.0629705566029178,-0.8857288055679996,0.37069120804854266,0.27941458670333746,0.4546
1,1785175592.8545842,12296,61.42,-221.42000000000002,-1784.3700000000001,-0.22671333490698414,0.16757343623293858,-0.9594374431115553,-0.4033102197483344,-0.9128134398467147,-0.06412870403928497,-0.8865336600614235,0.3724120936600922,0.27453105848665454,0.4637
1,1785175592.9149299,12299,61.52,-222.02,-1786.1200000000001,-0.21667222290200486,0.16884690513957384,-0.9615320433805061,-0.4064728652981006,-0.9110992276681174,-0.068395958352171,-0.8875995479939451,0.3760171804151341,0.26604158027195013,0.4298
1,1785175592.9747694,12305,61.63,-223.59,-1790.21,-0.1901275256699235,0.16820305283420664,-0.9672431219708342,-0.4039980815386101,-0.9113362363648458,-0.079068415954037,-0.8947832553729173,0.3757312833736514,0.24122381432734571,0.446
1,1785175593.0346315,12308,61.63,-224.48000000000002,-1792.52,-0.16705112033195338,0.1625720409291676,-0.9724527004970289,-0.3954180377758307,-0.914562750109505,-0.08496794403568189,-0.9031824281934137,0.37033134841687937,0.2170626494410886,0.4535
1,1785175593.0944495,12311,61.72,-225.24,-1794.6100000000001,-0.15028745072684005,0.15548341576571104,-0.9763393823747224,-0.3908804838033004,-0.9164360210238816,-0.08577567692308462,-0.908089273990022,0.3687410023197076,0.198504266131819,0.4454
1,1785175593.154289,12314,61.77,-225.71,-1796.56,-0.13970614171314175,0.14597626272969058,-0.979373843170778,-0.39441430294731655,-0.9154278375835649,-0.08018249065513358,-0.9082508197619255,0.37507706527665824,0.1854660171169896,0.43510000000000004
1,1785175593.2141294,12317,61.690000000000005,-226.08,-1798.8400000000001,-0.11983697485644859,0.13818622505708844,-0.9831295268995467,-0.38999600470537804,-0.9172131066707256,-0.08138324929172185,-0.912985331629757,0.3736638651996036,0.16380811967968748,0.4536
1,1785175593.2739692,12323,61.88,-226.51,-1803.02,-0.09540748190419257,0.1185768407470322,-0.98835061857377,-0.3899419098219484,-0.9179815622990689,-0.07249247025293072,-0.9158835730381414,0.3784830037365133,0.13382038903498145,0.2797
1,1785175593.33381,12326,62.04,-226.85,-1805.53,-0.08127086551997005,0.10711002509276116,-0.9909200214660427,-0.3856641496888112,-0.9201425833682336,-0.0678291229284239,-0.9190528875219537,0.3766497959604666,0.11608928090266446,0.31570000000000004
1,1785175593.3936496,12329,62.26,-227.14000000000001,-1808.05,-0.06316249496653789,0.09924759956543452,-0.9930560977155827,-0.37896396824294754,-0.9228999334245821,-0.06813239800902236,-0.9232533834236188,0.3720290672318506,0.09590392656945256,0.262
1,1785175593.45349,12332,62.4,-227.5,-1810.76,-0.04297325432323,0.09170012910846478,-0.9948589778126155,-0.3681212192177069,-0.9271721349137395,-0.0695600474494339,-0.9287841877285272,0.36323947825228114,0.07360036728488943,0.3088
1,1785175593.498369,12335,nan,nan,nan,nan,nan,nan,nan,nan,nan,nan,nan,nan,nan
1,1785175593.543249,12338,nan,nan,nan,nan,nan,nan,nan,nan,nan,nan,nan,nan,nan
1,1785175593.6030893,12341,nan,nan,nan,nan,nan,nan,nan,nan,nan,nan,nan,nan,nan
1,1785175593.6479733,12344,nan,nan,nan,nan,nan,nan,nan,nan,nan,nan,nan,nan,nan
1,1785175593.6928499,12347,nan,nan,nan,nan,nan,nan,nan,nan,nan,nan,nan,nan,nan
1,1785175593.752689,12350,nan,nan,nan,nan,nan,nan,nan,nan,nan,nan,nan,nan,nan
1,1785175593.797569,12353,nan,nan,nan,nan,nan,nan,nan,nan,nan,nan,nan,nan,nan
1,1785175593.8430479,12356,nan,nan,nan,nan,nan,nan,nan,nan,nan,nan,nan,nan,nan
1,1785175593.9033918,12359,nan,nan,nan,nan,nan,nan,nan,nan,nan,nan,nan,nan,nan
1,1785175593.9632318,12362,nan,nan,nan,nan,nan,nan,nan,nan,nan,nan,nan,nan,nan
1,1785175594.0081449,12365,nan,nan,nan,nan,nan,nan,nan,nan,nan,nan,nan,nan,nan
1,1785175594.0679524,12368,nan,nan,nan,nan,nan,nan,nan,nan,nan,nan,nan,nan,nan
1,1785175594.112837,12371,nan,nan,nan,nan,nan,nan,nan,nan,nan,nan,nan,nan,nan
1,1785175594.1577156,12374,nan,nan,nan,nan,nan,nan,nan,nan,nan,nan,nan,nan,nan
1,1785175594.218179,12377,nan,nan,nan,nan,nan,nan,nan,nan,nan,nan,nan,nan,nan
1,1785175594.263566,12380,nan,nan,nan,nan,nan,nan,nan,nan,nan,nan,nan,nan,nan
1,1785175594.3084457,12383,nan,nan,nan,nan,nan,nan,nan,nan,nan,nan,nan,nan,nan
1,1785175594.3682857,12386,nan,nan,nan,nan,nan,nan,nan,nan,nan,nan,nan,nan,nan
1,1785175594.413167,12389,nan,nan,nan,nan,nan,nan,nan,nan,nan,nan,nan,nan,nan
1,1785175594.4580462,12392,nan,nan,nan,nan,nan,nan,nan,nan,nan,nan,nan,nan,nan
1,1785175594.5184588,12395,nan,nan,nan,nan,nan,nan,nan,nan,nan,nan,nan,nan,nan
1,1785175594.5633388,12398,nan,nan,nan,nan,nan,nan,nan,nan,nan,nan,nan,nan,nan
1,1785175594.608725,12401,nan,nan,nan,nan,nan,nan,nan,nan,nan,nan,nan,nan,nan
1,1785175594.668564,12404,nan,nan,nan,nan,nan,nan,nan,nan,nan,nan,nan,nan,nan
1,1785175594.7140737,12407,nan,nan,nan,nan,nan,nan,nan,nan,nan,nan,nan,nan,nan
1,1785175594.759462,12410,nan,nan,nan,nan,nan,nan,nan,nan,nan,nan,nan,nan,nan
1,1785175594.819804,12416,nan,nan,nan,nan,nan,nan,nan,nan,nan,nan,nan,nan,nan
1,1785175594.8801486,12419,nan,nan,nan,nan,nan,nan,nan,nan,nan,nan,nan,nan,nan
1,1785175594.9250288,12422,nan,nan,nan,nan,nan,nan,nan,nan,nan,nan,nan,nan,nan
1,1785175594.9850821,12425,nan,nan,nan,nan,nan,nan,nan,nan,nan,nan,nan,nan,nan
1,1785175595.0299625,12428,nan,nan,nan,nan,nan,nan,nan,nan,nan,nan,nan,nan,nan
1,1785175595.0753462,12431,nan,nan,nan,nan,nan,nan,nan,nan,nan,nan,nan,nan,nan
1,1785175595.1351862,12434,nan,nan,nan,nan,nan,nan,nan,nan,nan,nan,nan,nan,nan
1,1785175595.1806989,12437,nan,nan,nan,nan,nan,nan,nan,nan,nan,nan,nan,nan,nan
1,1785175595.2261074,12440,nan,nan,nan,nan,nan,nan,nan,nan,nan,nan,nan,nan,nan
1,1785175595.2864518,12443,nan,nan,nan,nan,nan,nan,nan,nan,nan,nan,nan,nan,nan
1,1785175595.3463852,12446,nan,nan,nan,nan,nan,nan,nan,nan,nan,nan,nan,nan,nan
1,1785175595.3911726,12449,nan,nan,nan,nan,nan,nan,nan,nan,nan,nan,nan,nan,nan
1,1785175595.4510117,12452,nan,nan,nan,nan,nan,nan,nan,nan,nan,nan,nan,nan,nan
1,1785175595.495892,12455,nan,nan,nan,nan,nan,nan,nan,nan,nan,nan,nan,nan,nan
1,1785175595.5407715,12458,nan,nan,nan,nan,nan,nan,nan,nan,nan,nan,nan,nan,nan
1,1785175595.6006126,12461,nan,nan,nan,nan,nan,nan,nan,nan,nan,nan,nan,nan,nan
1,1785175595.6461291,12464,nan,nan,nan,nan,nan,nan,nan,nan,nan,nan,nan,nan,nan
1,1785175595.6910312,12467,nan,nan,nan,nan,nan,nan,nan,nan,nan,nan,nan,nan,nan
1,1785175595.7508497,12470,nan,nan,nan,nan,nan,nan,nan,nan,nan,nan,nan,nan,nan
1,1785175595.7957306,12473,nan,nan,nan,nan,nan,nan,nan,nan,nan,nan,nan,nan,nan
1,1785175595.840645,12476,nan,nan,nan,nan,nan,nan,nan,nan,nan,nan,nan,nan,nan
1,1785175595.9004624,12479,nan,nan,nan,nan,nan,nan,nan,nan,nan,nan,nan,nan,nan
1,1785175595.945329,12482,nan,nan,nan,nan,nan,nan,nan,nan,nan,nan,nan,nan,nan
1,1785175595.9902086,12485,nan,nan,nan,nan,nan,nan,nan,nan,nan,nan,nan,nan,nan
1,1785175596.0500493,12488,56.65,-224.79,-1837.94,-0.019659845018262914,0.07314285949749437,-0.9971276811915252,-0.3043851016518256,-0.9504157575684475,-0.06371497200817108,-0.9523461557575931,0.30225818412430794,0.04094862321996066,0.1877
1,1785175596.09507,12491,56.64,-223.35,-1837.47,-0.04440639236406401,0.07801605846160987,-0.9959626333047457,-0.3112093573961622,-0.9484190132148652,-0.060416150503067645,-0.9493033278074382,0.30727002781699386,0.06639519424677665,0.2579
1,1785175596.155418,12494,57.24,-221.85,-1836.5900000000001,-0.06562690646349331,0.08270041704506277,-0.9944112580661005,-0.3165194077045858,-0.9468201676842641,-0.05785356179770001,-0.9463131477974774,0.31095371212917655,0.08831316560238976,0.2727
1,1785175596.215258,12497,57.2,-220.13,-1835.83,-0.09823323908568077,0.09229716725942769,-0.9908740907171913,-0.3192952039917077,-0.9459718805332239,-0.056460375028242804,-0.9425501596449015,0.31083505940662687,0.12239592475670676,0.3785
1,1785175596.260138,12500,57.33,-218.39000000000001,-1834.98,-0.1387137313331109,0.10337038996541079,-0.98492287171029,-0.32251195975140684,-0.9450373619606172,-0.053762629361150595,-0.9363463763783958,0.31019179063430485,0.1644278457747685,0.44170000000000004
1,1785175596.3204834,12506,57.49,-214.8,-1833.06,-0.20570283334154937,0.1328324105400251,-0.9695575769728094,-0.33233522618549743,-0.941347896002554,-0.05845884131420507,-0.9204562139458309,0.31019298735092543,0.23778281856941544,0.452
1,1785175596.3803246,12509,57.54,-213.05,-1832.0900000000001,-0.23354512541150071,0.15436380619534537,-0.9600148382881446,-0.33595775952891316,-0.9393236120301358,-0.06930754428611678,-0.912463181837404,0.30633799506353265,0.27123416925530547,0.4127
1,1785175596.4401672,12512,57.5,-211.27,-1831.15,-0.25864483581825226,0.17633475016538017,-0.9497414936648089,-0.33986349772618046,-0.9369452018053345,-0.08140326607260574,-0.9042099600302331,0.3017279315841904,0.3022657828535184,0.44980000000000003
1,1785175596.4998522,12515,57.24,-209.41,-1830.24,-0.2771365257780238,0.19320725204514766,-0.9412047087838276,-0.3464210747654322,-0.9337825561576452,-0.08968041466260657,-0.8962074453150061,0.3011994282412518,0.32571631735160794,0.4212
1,1785175596.5447314,12518,56.95,-207.68,-1829.31,-0.30020609015334626,0.21442752682955285,-0.9294606711274029,-0.35066796535512446,-0.930981430324509,-0.10151627684577917,-0.8870785092135521,0.29545627786305884,0.35467915975254133,0.38930000000000003
1,1785175596.6045709,12521,56.81,-206.02,-1828.0900000000001,-0.331634704548551,0.24174655704263562,-0.9119084520372794,-0.3572855068002395,-0.9267939795772077,-0.11575830877279833,-0.8731354358686236,0.2874222009126543,0.39372958874465414,0.3502
1,1785175596.6644108,12524,56.480000000000004,-204.22,-1826.99,-0.36126238236447467,0.26069405547495306,-0.8952810176298648,-0.3652285993827982,-0.9229706693640033,-0.12138045018306332,-0.8579612819243208,0.28313204151735594,0.42864750761551246,0.3981
1,1785175596.7092,12527,56.08,-202.53,-1825.67,-0.38787370878701205,0.2797520378169064,-0.8782327614983946,-0.3740891046870146,-0.9186012255081824,-0.1273936036437203,-0.8423843112180306,0.2791246779347065,0.4609534535954476,0.4036
1,1785175596.7690036,12533,55.43,-199.85,-1823.46,-0.4248974962194757,0.32693794611330984,-0.844140804070998,-0.3837531985454286,-0.9096202816810349,-0.15913650040348196,-0.8198753565710908,0.25632503300638637,0.5119588627435816,0.35910000000000003
1,1785175596.8288453,12536,55.050000000000004,-198.42000000000002,-1822.39,-0.447046395522516,0.34154860229730033,-0.8267370032356643,-0.3906717696093885,-0.9059774876550758,-0.1630348437986988,-0.8046894361681376,0.25009866879085496,0.5384473671478459,0.3275
1,1785175596.8892686,12539,54.56,-197.18,-1821.3600000000001,-0.4569865273896135,0.3514957620159565,-0.8170765221625229,-0.39631707174116515,-0.9028467338286766,-0.16673498091701927,-0.7963015084946719,0.24762573472826427,0.5518925647890149,0.322
1,1785175596.9490752,12542,53.88,-196.13,-1820.38,-0.4606969341098964,0.3590953614300069,-0.8116704111283068,-0.39891280699889997,-0.9007010497073809,-0.1720644979892158,-0.7928599544143974,0.2445161353683539,0.5581979507580842,0.3295
1,1785175596.9944625,12545,53.43,-195.18,-1819.26,-0.4666983151284668,0.36871336120966336,-0.80389249276363,-0.40291274263845717,-0.8977882901931514,-0.17786935602181195,-0.7873080746923702,0.2408872002774951,0.5675555939876405,0.3391
1,1785175597.0543025,12548,52.96,-194.35,-1818.21,-0.47305628120180837,0.37617137700388187,-0.7966886781789478,-0.40743416643365954,-0.8951695251949605,-0.18074545965179362,-0.7811626942180641,0.2390954125139846,0.5767306380596948,0.31970000000000004
1,1785175597.1141422,12551,52.79,-193.51,-1817.14,-0.4910465290218052,0.3891919287953383,-0.7793606026071641,-0.4158576979035192,-0.890857381574168,-0.18285376886792054,-0.7654643567338868,0.23431339751576685,0.5993008846269088,0.311
1,1785175597.159022,12554,52.96,-193.01,-1816.08,-0.5151077123761985,0.41298385688039085,-0.7510714870148889,-0.42261489337796826,-0.8847220010540197,-0.1966307014331679,-0.7456947743853969,0.21612800560586296,0.6302602546941571,0.2863
1,1785175597.2188628,12560,54.49,-192.35,-1813.97,-0.587099605427851,0.48461242625993234,-0.648432609930225,-0.4413867565631304,-0.8631051113462334,-0.24541250558740105,-0.678595449761595,0.14212798134944404,0.7206301773311957,0.218
1,1785175597.2787015,12563,54.99,-191.85,-1812.96,-0.6161461304793031,0.498159313785034,-0.6100829812284602,-0.44643209002096224,-0.8590216558161666,-0.2505597410566326,-0.6488931613870631,0.11797920549010059,0.7516771728455158,0.2159
1,1785175597.3385413,12566,54.89,-191.43,-1812.07,-0.623519017578306,0.5012992956556195,-0.5999358723175037,-0.44823993914470944,-0.8579431015835698,-0.2510270730433506,-0.6405505379544468,0.11239506492877846,0.7596462056154326,0.1884
1,1785175597.3983817,12569,54.77,-191.05,-1811.19,-0.6262481310821252,0.5035278658236864,-0.5952083388656353,-0.4500601789430259,-0.8568888474143358,-0.2513709181800919,-0.6365996494233377,0.11045900377956865,0.7632428806337523,0.1825
1,1785175597.4432611,12572,54.5,-190.75,-1810.3,-0.6235865459972492,0.5024702520672683,-0.5988851855227985,-0.44963818518031984,-0.8572117632018607,-0.25102489011272466,-0.6395039656475705,0.11274590376511733,0.7604755348498843,0.18030000000000002
1,1785175597.503101,12575,54.230000000000004,-190.46,-1809.6000000000001,-0.6199939718629864,0.5013591312633636,-0.6035283724502137,-0.45122157788206607,-0.8571188305510209,-0.24848822500969556,-0.6418773734189243,0.11826382292863606,0.7576325664061222,0.20170000000000002
1,1785175597.562942,12578,54.18,-190.05,-1809.04,-0.6218685538845856,0.5008071916289099,-0.602056192146762,-0.4530950000024503,-0.8571385780591796,-0.24498648733239856,-0.6387365831563697,0.12043925778354928,0.7599407625086799,0.21280000000000002
1,1785175597.6078215,12581,54.08,-189.59,-1808.57,-0.6254891785774326,0.4990339616628791,-0.5997736177838944,-0.45494100503930907,-0.8577789266117798,-0.23925717333983215,-0.6338706251407713,0.1232088396495773,0.763562448275092,0.20350000000000001
1,1785175597.667661,12587,53.78,-188.49,-1808.06,-0.6256300641280517,0.4964136765434627,-0.6017977106966533,-0.4566868194901331,-0.8584731517645479,-0.23336879955004827,-0.6324746412016192,0.1288305454465147,0.7637921960827021,0.1993
1,1785175597.7275019,12590,53.550000000000004,-187.95000000000002,-1807.98,-0.6255536793554051,0.49586706434597505,-0.6023275261365861,-0.4561072681957937,-0.8587969544147375,-0.2333108462693961,-0.6329682094259439,0.12877750418794479,0.7633921667604656,0.20720000000000002
1,1785175597.787341,12593,53.28,-187.41,-1807.92,-0.6254485412670967,0.49542961835503463,-0.6027964959117177,-0.45690380239934253,-0.8587942773068459,-0.23175699475535746,-0.6324974605323591,0.13046793675687904,0.7634953044377678,0.2091
1,1785175597.8471808,12596,52.95,-186.96,-1807.91,-0.6249673880837091,0.49476785701123716,-0.6038381666475997,-0.45631452357709407,-0.8591319031164736,-0.2316666325133507,-0.6333978365959549,0.1307560351034482,0.762699180463431,0.1956
1,1785175597.892061,12599,52.69,-186.56,-1807.8,-0.625466583606222,0.49438389278989214,-0.6036357505498441,-0.4569305951606406,-0.8591906011654222,-0.23023019366526049,-0.6324602627818636,0.13181835008417092,0.7632941363478323,0.21810000000000002
1,1785175597.9519012,12602,52.4,-186.31,-1807.73,-0.6256601619995615,0.4938717482352584,-0.6038543350690895,-0.4559894483891839,-0.8595969330033101,-0.23057913116548706,-0.6329478530214084,0.13108702859685475,0.7630158624099745,0.19790000000000002
1,1785175598.0115335,12605,52.21,-186.16,-1807.7,-0.6247493017337855,0.49323111180337476,-0.6053192383629933,-0.45609133921036316,-0.8597474858755355,-0.2298150361225159,-0.6337736191105188,0.13250407872930814,0.7620850797907359,0.2071
1,1785175598.0713732,12611,52.15,-186.07,-1807.66,-0.6272236016638175,0.49232581008216564,-0.6034946977752231,-0.45630620511254294,-0.860241196785263,-0.22752962560784898,-0.6311697083127948,0.13266642408837812,0.7642149038247972,0.2305
1,1785175598.1312158,12614,52.11,-186.07,-1807.66,-0.6270794623123399,0.4916240326158452,-0.6042161521348143,-0.4547228275541727,-0.8608257797843964,-0.2284866012695797,-0.6324543446346184,0.13147162208294294,0.7633588373364619,0.1973
1,1785175598.176093,12617,52.120000000000005,-186.08,-1807.68,-0.6271527070881133,0.49084729585235237,-0.6047713734515586,-0.453352999380392,-0.8614089968864771,-0.22901003915950013,-0.633364460595046,0.13055065008442787,0.7627620781198289,0.2167
1,1785175598.235933,12620,52.11,-186.08,-1807.71,-0.6274733949130495,0.49028118489523037,-0.6048979239623997,-0.4529248978311493,-0.8617363994946731,-0.22862505267489872,-0.6333531207793446,0.13051719244485077,0.7627772196882775,0.22920000000000001
1,1785175598.295774,12623,52.09,-186.09,-1807.72,-0.6271498463948565,0.48987963574686155,-0.6055584304156209,-0.4529015006129423,-0.8618675513727626,-0.22817658651418113,-0.6336902247229738,0.13115741066078127,0.7623873246056144,0.2157
1,1785175598.3416507,12626,52.09,-186.08,-1807.72,-0.6263128394200089,0.4894663007595071,-0.6067577503406526,-0.45269045495257826,-0.8620015570750079,-0.2280891658871357,-0.6346680858310694,0.13181826891999954,0.761459365170894,0.2041
1,1785175598.4004936,12629,52.07,-186.08,-1807.72,-0.6258742778478729,0.48896863001822605,-0.6076109505156263,-0.45270244227038414,-0.8621514947354659,-0.22749790963398156,-0.6350920304104226,0.13268187134458476,0.7609557371658786,0.2112
1,1785175598.4603329,12632,52.06,-186.07,-1807.77,-0.6250349790187889,0.48855329298398137,-0.6088078144353027,-0.45249196720121587,-0.8622851804225339,-0.22740995414020876,-0.6360678380655288,0.13334146968661378,0.7600248402785649,0.2141
1,1785175598.5203676,12638,51.96,-186.09,-1807.8,-0.6241364328548906,0.48703029175838924,-0.6109461580965303,-0.45055223940948913,-0.8631889910749346,-0.22783205492232783,-0.6383231099891863,0.13306487363979436,0.7581802863811209,0.2107
1,1785175598.5802066,12641,51.95,-186.08,-1807.8,-0.6221155050107164,0.48645942191660757,-0.613457031301966,-0.4502376121036346,-0.8633099797243566,-0.22799555161350835,-0.6405141614925297,0.13436186116934726,0.7561008525260573,0.219
1,1785175598.6255977,12644,51.94,-186.08,-1807.8,-0.622376987285118,0.4861635378836886,-0.6134263608048771,-0.4502324061462376,-0.8634413113055921,-0.22750798312729345,-0.6402637473367279,0.13458869329663156,0.7562725814698267,0.2159
1,1785175598.6854382,12647,51.93,-186.08,-1807.9,-0.6205646024959763,0.4853293837953621,-0.6159179842753619,-0.4490936931565663,-0.8638486201146683,-0.22821134128911988,-0.642817570463041,0.1349850019476139,0.7540322409242166,0.20980000000000001
1,1785175598.7452781,12650,51.84,-186.1,-1807.89,-0.6176229757005554,0.4842327402652748,-0.6197261598012255,-0.44789041991370865,-0.8642785253207519,-0.22894716075747268,-0.6464797225252411,0.1361663832396572,0.7506814800160705,0.2119
1,1785175598.7901576,12653,51.81,-186.09,-1807.89,-0.6179032341188776,0.4832097409469055,-0.6202450640831055,-0.44756223042754334,-0.8647464603088719,-0.22781924694370992,-0.6464392029883043,0.1368280148116637,0.750596063940216,0.20750000000000002
1,1785175598.8499975,12656,51.800000000000004,-186.08,-1807.89,-0.6171385282704023,0.48290358977040254,-0.6212440421534042,-0.44690433600199597,-0.8649386222114149,-0.2283805908338846,-0.647623773024784,0.13669419444101463,0.7495986564951043,0.2175
1,1785175598.9098384,12659,51.79,-186.08,-1807.9,-0.6169687454409609,0.4824798712093489,-0.6217416996042785,-0.44774516583686835,-0.8649019518701506,-0.22686753871129026,-0.6472046304058107,0.13841165965703067,0.7496455021223462,0.2101
1,1785175598.969678,12665,51.75,-186.09,-1807.9,-0.6160243559694236,0.48170727975148614,-0.6232752918950666,-0.4467376389026629,-0.8653253996063753,-0.22723871761594863,-0.6487984855408734,0.13845594761688754,0.7482582947949049,0.22540000000000002
1,1785175599.0295198,12668,51.76,-186.08,-1807.91,-0.61611548657391,0.48182600275996856,-0.6230934201772194,-0.44628892420704,-0.8653845955738466,-0.22789404966697274,-0.6490207264286071,0.13767063887351064,0.7482104596022717,0.2033
1,1785175599.074398,12671,51.75,-186.08,-1807.88,-0.6166994050544067,0.48146245237845464,-0.6227967170395691,-0.4468156907795479,-0.8654504119512255,-0.22660830286344186,-0.6481030645497182,0.13852613978299624,0.7488477323983065,0.2222
1,1785175599.1342378,12674,51.78,-186.06,-1807.8700000000001,-0.6165199320158763,0.481604933424919,-0.6228642400458695,-0.44666199402925955,-0.8654173804607908,-0.2270370469465031,-0.6483797008828585,0.13823691871986404,0.7486616844649477,0.19540000000000002
1,1785175599.1941059,12677,51.82,-186.03,-1807.8500000000001,-0.6183484692126695,0.4818080232438263,-0.6208914553770446,-0.4469928951802609,-0.8654148470418942,-0.22639455421414825,-0.6464073965238303,0.13754334319526773,0.7504927091331083,0.2126
1,1785175599.2539172,12680,51.870000000000005,-186.02,-1807.8,-0.6197084374009886,0.48229656480770366,-0.6191538388710136,-0.4475918391661462,-0.8652147540532049,-0.2259756068263087,-0.6446882953225469,0.13708921526998483,0.752052889716387,0.24480000000000002
1,1785175599.3137908,12683,51.88,-186.02,-1807.74,-0.620144308157741,0.48239658327126034,-0.6186392919203976,-0.44801004397740946,-0.8651230746317654,-0.22549737522871666,-0.6439782896611628,0.13731570262681175,0.7526196650747232,0.23970000000000002
1,1785175599.358637,12686,51.88,-186.01,-1807.74,-0.6205586618370761,0.48241340131077626,-0.6182105284243751,-0.4487723736101026,-0.8649860740622448,-0.22450489607743254,-0.6430476684533828,0.13811734834607928,0.753268407795333,0.2237
1,1785175599.418509,12692,51.89,-186.01,-1807.76,-0.6215549815113203,0.4826127393377463,-0.6170529546055014,-0.4481851017433756,-0.8651165105143099,-0.22517446083164977,-0.6424947622617188,0.13659563340187955,0.7540173163805968,0.2237
1,1785175599.4783177,12695,51.910000000000004,-186.01,-1807.77,-0.6211463126823065,0.4825613212204152,-0.6175045177998147,-0.4481051905646414,-0.8651205550597373,-0.22531791629197742,-0.6429455625713587,0.13675158673719062,0.7536046756056253,0.226
1,1785175599.5236156,12698,51.93,-185.98,-1807.73,-0.6203561825675744,0.48257437736000547,-0.6182881019927438,-0.4482105829261225,-0.8650319637456108,-0.22544838666851844,-0.6436345858507077,0.13726497009075297,0.7529228698098982,0.2087
1,1785175599.5834246,12701,51.99,-185.96,-1807.71,-0.6200885044354739,0.48266773969017734,-0.6184837101568256,-0.44843228844568317,-0.8649297648700224,-0.22539961073891687,-0.6437380906442811,0.137580357988569,0.75277680340815,0.21330000000000002
1,1785175599.6432636,12704,52.050000000000004,-185.94,-1807.78,-0.6200083762292116,0.4829582741267281,-0.6183372209871798,-0.4484443292053109,-0.864814961595614,-0.2258157784654898,-0.6438068786594432,0.13728214615494821,0.7527724193525401,0.2449
1,1785175599.7031043,12707,52.02,-185.96,-1807.9,-0.6169784273644995,0.4821452127883681,-0.6219916510308546,-0.4472573066630635,-0.8651290336642592,-0.2269639987919837,-0.6475326414964202,0.13815841956393587,0.7494089199497589,0.22340000000000002
1,1785175599.7629445,12710,51.83,-185.93,-1807.96,-0.6121641506155092,0.47796726511843074,-0.6299224921975719,-0.4450753544273387,-0.8667334385454452,-0.22512457748670622,-0.653577066291781,0.14254978071676183,0.7433145891444835,0.23040000000000002
1,1785175599.8078246,12713,51.79,-185.87,-1807.97,-0.6103805661800059,0.4756688703129113,-0.6333835253975386,-0.44404664971621877,-0.8676366278573778,-0.22367220407569646,-0.6559406507494235,0.14472666587577113,0.7408077043868441,0.2096
1,1785175599.8676782,12719,50.69,-185.8,-1807.78,-0.567490241716222,0.44939730203242106,-0.6899252789127563,-0.43195602799473126,-0.8758443686869671,-0.21519905138811085,-0.7009770434442762,0.1758940214029707,0.6911530060694319,0.24710000000000001
1,1785175599.9275494,12722,50.18,-186.19,-1807.65,-0.5351034650754547,0.42669637219640993,-0.7291052651151715,-0.4228618807092303,-0.8824477963576591,-0.20609152468397132,-0.7313358404367273,0.19803053466052672,0.6526345040179621,0.279
1,1785175599.9873893,12725,50.120000000000005,-186.8,-1807.4,-0.5125716792896665,0.414413573243387,-0.7520183933267985,-0.415969299597206,-0.8860308132748635,-0.2047411529714873,-0.7511589814298845,0.20787204775806684,0.6265376256683126,0.2695
1,1785175600.0472295,12728,50.53,-187.53,-1806.95,-0.5047200972310284,0.40810107344558066,-0.7607306601575002,-0.4163218393609675,-0.8870289796961077,-0.19963896225532488,-0.7562630161010137,0.2159469912544443,0.6176027424210089,0.3014
1,1785175600.1075742,12731,51.14,-188.36,-1806.49,-0.5021729623159117,0.4081449658957955,-0.762390977604524,-0.41796366451859635,-0.8863544879108913,-0.1992036568499882,-0.7570526342738978,0.21861703633098103,0.6156930244568394,0.2889
1,1785175600.1674147,12737,52.97,-190.5,-1805.31,-0.5043634608384693,0.41308886828260977,-0.7582711166014664,-0.422673541830321,-0.8838560240251336,-0.20036368391276474,-0.7529705016849292,0.2194450174769869,0.6203864182079354,0.2821
1,1785175600.2272873,12740,54.2,-191.6,-1804.33,-0.5096305634887666,0.41996316410022977,-0.7509378333504351,-0.42875118562245484,-0.8806570498075603,-0.20153307781002963,-0.7459551659352334,0.2192580703718056,0.6288694530595129,0.2646
1,1785175600.2721345,12743,55.870000000000005,-192.92000000000002,-1803.27,-0.5197631054216703,0.43848446820945924,-0.7331968940069845,-0.43612682929844665,-0.8741628335846153,-0.21361818542764416,-0.7346017308776946,0.20873598520232092,0.6455924298449536,0.2745
1,1785175600.331975,12746,57.27,-194.19,-1801.98,-0.5276026151901428,0.4522985623574895,-0.7190698790339296,-0.4437094208061001,-0.8685539671869614,-0.22076221590595144,-0.7244014289966835,0.2025833570981065,0.6589404776566877,0.278
1,1785175600.3918145,12749,58.99,-195.48000000000002,-1800.53,-0.5435556060610257,0.47260479321425153,-0.6936800505640519,-0.4536397335712659,-0.8607379040546096,-0.23095725286093147,-0.7062282175366698,0.18914272376856556,0.6822512255763169,0.2444
1,1785175600.4516544,12752,60.2,-196.63,-1799.05,-0.5533737509324014,0.4811802905816158,-0.6798845635361908,-0.46075532815898046,-0.856832278799915,-0.23139354697064307,-0.6938890540656446,0.18521332015364525,0.6958548747300318,0.2426
1,1785175600.5114944,12755,61.08,-197.76,-1797.53,-0.5566807406143036,0.48545151180848745,-0.6741241597153778,-0.4666222674688526,-0.8541011596227569,-0.22972781423521255,-0.6872919412675642,0.1866762941937613,0.7019841512845908,0.22840000000000002
1,1785175600.556374,12758,61.76,-198.81,-1796.01,-0.5632817513847231,0.4871918133149841,-0.6673513359511739,-0.47043524396813713,-0.8530807137559281,-0.22570772483527357,-0.679267509740896,0.1868085459943787,0.7097169980730825,0.2386
1,1785175600.616214,12764,62.77,-200.4,-1792.8600000000001,-0.5824210178913781,0.48641173938977833,-0.651298224857232,-0.4828896920060944,-0.851552616284036,-0.2041462393826367,-0.6539138347463146,0.19560613866549248,0.7308453565862931,0.2154
1,1785175600.6760538,12767,62.99,-201.16,-1791.53,-0.5870270657162506,0.4855664323113442,-0.6477842726780277,-0.4858572935259955,-0.8513471145137206,-0.19786556278634398,-0.6475661467712494,0.19857827278328993,0.7356797911688494,0.2151
1,1785175600.7358947,12770,63.190000000000005,-201.84,-1790.3400000000001,-0.592269393861611,0.4841870969506682,-0.6440340210278367,-0.4887944165933196,-0.851338651725522,-0.1905321977655392,-0.6405442868389322,0.20195384429283472,0.7408897768044511,0.2006
1,1785175600.7957342,12773,63.29,-202.42000000000002,-1789.3700000000001,-0.6006739886816576,0.4826023535892647,-0.6374054656428436,-0.49153257759492136,-0.8517039861730339,-0.18164813541530522,-0.6305445935730165,0.20419424146402076,0.7488112093637306,0.22060000000000002
1,1785175600.8406138,12776,63.35,-202.98000000000002,-1788.67,-0.6042863733020061,0.48161702759784825,-0.6347306655340689,-0.49288005925494077,-0.8518746504432387,-0.1771406986580321,-0.6260249405817268,0.20580237768311413,0.7521556721248749,0.2117
1,1785175600.9004543,12779,63.300000000000004,-203.57,-1787.99,-0.6072720829859614,0.47994468626803916,-0.6331458878875904,-0.4943678497004748,-0.8521136040767822,-0.17176389297464612,-0.6219493921601826,0.20869955407319488,0.7547340258138818,0.2081
1,1785175600.9602942,12782,63.26,-204.16,-1787.49,-0.6087604985585995,0.4784023471701084,-0.6328837567964725,-0.4941987947978051,-0.8527209370236267,-0.16921747776735377,-0.6206272686686289,0.2097574737254409,0.7555286861537679,0.2097
1,1785175601.0051734,12785,63.24,-204.68,-1787.05,-0.6085747655113626,0.47758601168701054,-0.6336784328219515,-0.49381838527890837,-0.8530506302677052,-0.1686654219465337,-0.6211120326827693,0.21027654087121855,0.7549858404075623,0.20350000000000001
1,1785175601.0655189,12791,63.21,-205.41,-1786.53,-0.6068478459505083,0.4747838098877721,-0.6374292319416173,-0.4939069456668065,-0.8536022427961191,-0.16558725831271512,-0.6227291713797535,0.214344454003101,0.7525057037330667,0.2023
1,1785175601.1253598,12794,63.21,-205.58,-1786.53,-0.6080230004695168,0.4746357094661007,-0.6364188669419358,-0.493721942574137,-0.8538092989918518,-0.1650706647950006,-0.6217287787458987,0.21384719837924962,0.7534737562944573,0.2172
1,1785175601.1852033,12797,63.230000000000004,-205.62,-1786.48,-0.6064348806765685,0.4739639385297093,-0.6384316098629534,-0.49395683176190086,-0.8537603428852929,-0.1646205493616537,-0.6230917940837783,0.21552601209550876,0.751867777109556,0.2122
1,1785175601.2448664,12800,63.2,-205.65,-1786.46,-0.6067304181848111,0.4740770810852085,-0.6380667056343037,-0.4939171888137644,-0.8537712201092932,-0.16468307231587984,-0.6228354600081732,0.21523388418838174,0.7521637885817087,0.2071
1,1785175601.2897472,12803,63.230000000000004,-205.64000000000001,-1786.4,-0.6075934013949646,0.47401117062236287,-0.637294020610985,-0.4938204508160169,-0.8538985579255093,-0.16431255316804494,-0.6220704308494039,0.21487359748920518,0.7528995392247786,0.2031
1,1785175601.3495862,12806,63.2,-205.70000000000002,-1786.43,-0.6077063197313426,0.4740472858806409,-0.6371594774526902,-0.49385231663833556,-0.8538882956715294,-0.16427010642877182,-0.621934818376923,0.21483470218837744,0.7530226639524836,0.2112
1,1785175601.4094367,12809,63.21,-205.72,-1786.38,-0.6054662532172594,0.47415714177844254,-0.6392070252395161,-0.49306412116247894,-0.8539314048028738,-0.16639990478862227,-0.6247386562694243,0.21442052325252867,0.7508165225744476,0.2073
1,1785175601.4543102,12812,63.24,-205.74,-1786.33,-0.6054673146370227,0.4740853179059846,-0.6392592918778842,-0.4931333429057848,-0.8539264171447867,-0.1662202761904618,-0.6246829892199708,0.21459912732406272,0.7508118123277979,0.2359
1,1785175601.514149,12818,63.22,-205.73000000000002,-1786.13,-0.6033168413082769,0.47368356783790383,-0.6415860554548839,-0.49393415859764467,-0.8535619904868188,-0.16571353404781586,-0.6261292486094545,0.21692350254533008,0.7489368184828582,0.2088
1,1785175601.573989,12821,63.230000000000004,-205.71,-1786.04,-0.6038440535310322,0.4736541322803313,-0.6411116298968363,-0.4941667611676394,-0.8535360810448879,-0.16515256737822678,-0.6254371040898493,0.21708966195630072,0.7494668154757766,0.1993
1,1785175601.6343343,12824,63.230000000000004,-205.71,-1785.98,-0.6045261479459481,0.47358455984851494,-0.6405199459210635,-0.4940735456534192,-0.8536472952155343,-0.16485638251721096,-0.6248515567197479,0.2168039668555229,0.7500377137321943,0.2134
1,1785175601.6941729,12827,63.26,-205.71,-1785.91,-0.605676829475223,0.47361321517213983,-0.6394107448668265,-0.4947553173742301,-0.8535054956713252,-0.16354065179266733,-0.6231955986420046,0.21729908254098543,0.7512711591430086,0.222
1,1785175601.7395577,12830,63.31,-205.70000000000002,-1785.8,-0.605267755992876,0.4734628985620018,-0.6399092335953717,-0.49476331893871556,-0.8535046511881436,-0.16352085075901543,-0.6235865631875779,0.2176297178362206,0.7508509200410105,0.19690000000000002
1,1785175601.7993987,12833,63.36,-205.73000000000002,-1785.74,-0.6040032027574131,0.473688445418409,-0.6409363367261043,-0.4951698729275415,-0.8531920380201138,-0.1639211493493351,-0.6244893337789762,0.21836346520463434,0.7498869708563515,0.21450000000000002
1,1785175601.8592374,12836,63.39,-205.72,-1785.6000000000001,-0.6037660187614078,0.47359323770289935,-0.641230098943495,-0.49592378266504106,-0.8529306670069904,-0.16299962903702506,-0.6241203380568497,0.21958761914346564,0.7498367029845283,0.2066
1,1785175601.9041176,12839,63.440000000000005,-205.75,-1785.53,-0.6047006129798347,0.4737880759867663,-0.6402046764235406,-0.4960774079659552,-0.8529106654922426,-0.16263641042324775,-0.6230925885994725,0.21924473937209518,0.7507911629008898,0.22660000000000002
1,1785175601.9639583,12845,63.51,-205.77,-1785.46,-0.6036081953960937,0.4737773288551359,-0.6412426912749677,-0.4961106634987494,-0.8528039709609516,-0.16309382782945167,-0.6241244715707771,0.21968256593577143,0.7498054509073495,0.2121
1,1785175602.0237975,12848,63.53,-205.77,-1785.48,-0.6046693556474368,0.4738861404038609,-0.6401616173077281,-0.49561726167779513,-0.8530444916499852,-0.16333592743980857,-0.6234889736538392,0.21851091780217924,0.7506760143586125,0.2172
1,1785175602.0836387,12851,63.54,-205.77,-1785.47,-0.6049394880746302,0.47403004824307654,-0.6397997570573709,-0.49658046257913596,-0.8526933829148007,-0.1622400656989647,-0.6224596854035573,0.219566637028442,0.7512219591780612,0.22340000000000002
1,1785175602.1434772,12854,63.54,-205.77,-1785.45,-0.6044980348607912,0.4740490272594421,-0.6402028159917904,-0.4960598505316876,-0.852832332530121,-0.16310008363490375,-0.6233030968476905,0.21898523316792304,0.7506921586872138,0.2036
1,1785175602.188357,12857,63.54,-205.76,-1785.42,-0.605435157282599,0.47402752282694727,-0.6393326035239738,-0.4964199192064512,-0.8527949395936821,-0.1621975795703151,-0.6221057258547419,0.21917732228941053,0.7516287429660928,0.224
1,1785175602.248197,12860,63.550000000000004,-205.77,-1785.43,-0.6053233595395525,0.47391901720746676,-0.6395188781614336,-0.49645698857440956,-0.852799394592067,-0.16206064012903487,-0.6221849314242335,0.21939452525647216,0.7514998026587293,0.20070000000000002
1,1785175602.308037,12863,63.550000000000004,-205.76,-1785.43,-0.6053481753869195,0.4741810120602354,-0.639301145280734,-0.4965721952278091,-0.8526945558345373,-0.16225920428985113,-0.6220688398259165,0.21923585986711178,0.7516421996308923,0.2061
1,1785175602.352917,12866,63.56,-205.77,-1785.46,-0.6057293898206703,0.47421359797745954,-0.6389157767661954,-0.4963110572483391,-0.8528123039326635,-0.1624392462248525,-0.6219061350079402,0.21870673916076475,0.751930928666424,0.23750000000000002
1,1785175602.4127572,12872,63.6,-205.75,-1785.45,-0.6050277128624388,0.4738045811864595,-0.6398833374257917,-0.4964970921873382,-0.8527878144420944,-0.16199870674975606,-0.6224404422255705,0.21968650933955716,0.7512028577529751,0.21400000000000002
1,1785175602.4725976,12875,63.620000000000005,-205.72,-1785.43,-0.6057694729283057,0.4736127692158219,-0.6393233067109968,-0.49725127407486863,-0.8526353124630746,-0.1604811340061974,-0.6211155416660273,0.22068975684593012,0.752004996741512,0.2092
1,1785175602.532437,12878,63.65,-205.70000000000002,-1785.44,-0.6086521412588751,0.47361172109646354,-0.6365803237463689,-0.49740242507271987,-0.8528383969944003,-0.1589260713155617,-0.618169393024892,0.21990590317694372,0.7546575350946739,0.2273
1,1785175602.592277,12881,63.660000000000004,-205.69,-1785.44,-0.6086575271056558,0.473325316326624,-0.6367881591408003,-0.49767546645421784,-0.8528128976758466,-0.15820648421383635,-0.6179442893879712,0.22062027667924694,0.7546333869706322,0.2129
1,1785175602.6376646,12884,63.67,-205.67000000000002,-1785.42,-0.6097437183960974,0.47326374737539406,-0.6357940101138891,-0.4977048771930994,-0.8529139268662227,-0.15756804427244073,-0.6168488089432473,0.22036165450876238,0.7556045845066443,0.2151
1,1785175602.6975057,12887,63.67,-205.67000000000002,-1785.41,-0.6089370579708964,0.4726760464498434,-0.6370031511243053,-0.49799653059798854,-0.8528832534872162,-0.15681075037582018,-0.6174100055409824,0.22173748224782966,0.7547432503999472,0.21230000000000002
1,1785175602.757345,12890,63.65,-205.68,-1785.43,-0.6091310742354434,0.47284544409155266,-0.6366918567114214,-0.4976027046256497,-0.8529997846814651,-0.1574259053733302,-0.6175361388210517,0.22092657906018595,0.7548778470154958,0.19970000000000002
1,1785175602.8171847,12896,63.61,-205.68,-1785.39,-0.6088172850573668,0.4722540248473605,-0.6374305055697018,-0.49773263116977917,-0.8530712550520546,-0.15662586527365419,-0.6177408366654947,0.2219134286594232,0.7544207638290673,0.20370000000000002
1,1785175602.877643,12899,63.42,-205.68,-1785.3400000000001,-0.6046754565950431,0.47003573107495056,-0.6429883387001768,-0.4971631423204731,-0.85345379973279,-0.15635031704379845,-0.6222510764230219,0.22512890359636192,0.7497470071003223,0.2006
1,1785175602.9374819,12902,63.39,-205.70000000000002,-1785.18,-0.6010325680942921,0.4688821760726945,-0.6472320735650505,-0.49692541082325087,-0.8534994380258599,-0.15685612951901073,-0.6259592543992968,0.2273504217081553,0.7459804270763412,0.20600000000000002
1,1785175602.997322,12905,63.42,-205.68,-1785.0,-0.5991689360883709,0.4687146853595872,-0.6490786776308348,-0.49755650567499615,-0.8531459440602596,-0.15677857568563472,-0.6272432619703598,0.2290164663551336,0.7443905886367659,0.2238
1,1785175603.0571628,12908,63.52,-205.55,-1784.77,-0.5960413417375344,0.4679771644628479,-0.6524814882286181,-0.4977076987153035,-0.8529924639078742,-0.15713339287334938,-0.6300966319377023,0.23108706164059958,0.7413346102557721,0.2288
1,1785175603.102043,12911,63.6,-205.3,-1784.53,-0.5928413727594605,0.4645553011784295,-0.6578202481618339,-0.4986894613431156,-0.8531572347713359,-0.15307368781943137,-0.632335297045793,0.23729960999619487,0.737455739150264,0.2393
1,1785175603.1619759,12917,64.06,-204.0,-1784.18,-0.5894197029883838,0.4579467897874837,-0.6654841481601373,-0.5025288349145773,-0.8528536928074382,-0.14179333109886794,-0.6324944140531858,0.2508491905270055,0.7328202370318817,0.2255
1,1785175603.2218163,12920,64.19,-202.64000000000001,-1784.16,-0.5881892165873711,0.454916237680369,-0.6686438978896562,-0.5047233816246757,-0.8524994375652636,-0.13601109143103504,-0.6318922008789845,0.25747995192955775,0.7310378381606973,0.23020000000000002
1,1785175603.2816558,12923,64.28,-200.96,-1784.07,-0.5861631209263722,0.4498889518561271,-0.6738046650652177,-0.5078372808010737,-0.8520250364833751,-0.12710087896656966,-0.6312797255531232,0.2676812810102688,0.7278960364655622,0.24530000000000002
1,1785175603.3414953,12926,64.34,-198.98000000000002,-1784.07,-0.582977264634234,0.44429448007148514,-0.6802498981239137,-0.5114663833120179,-0.8512142843325711,-0.11762814667379852,-0.6312999664670592,0.27935041994992116,0.7234802659454455,0.24330000000000002
1,1785175603.3864093,12929,64.47,-196.94,-1783.99,-0.5761808394772766,0.4433041988665006,-0.68665641152369,-0.515147150867561,-0.8492174357165497,-0.11598775723343363,-0.6345384568111653,0.286899170689526,0.7176697100236065,0.25670000000000004
1,1785175603.446254,12932,64.55,-194.72,-1784.04,-0.5644456083566362,0.4400553433046056,-0.6983927620157391,-0.5198723287807638,-0.8466924412274435,-0.11333433608742656,-0.641197252781835,0.299104003312189,0.7066844261957735,0.23720000000000002
1,1785175603.5060554,12935,64.91,-192.42000000000002,-1784.1200000000001,-0.5540312207878294,0.4430022953196622,-0.7048392531165234,-0.5279275426658332,-0.841604901589082,-0.11398990883427546,-0.6436939615121168,0.3089500865232803,0.700148504211853,0.2606
1,1785175603.5659294,12941,66.1,-187.82,-1784.52,-0.5261261941710542,0.45060276476930006,-0.7212131281315842,-0.5387316814561327,-0.8328017905379875,-0.1273159576493456,-0.6579965069835326,0.32155610095127235,0.6809128216875381,0.2695
1,1785175603.6257353,12944,66.85,-185.57,-1784.8400000000001,-0.5075421943033092,0.4561807352118038,-0.7309583146961256,-0.5418658323678791,-0.828577375960562,-0.14085791336866726,-0.6699121888083895,0.3245900011829194,0.6677267333408368,0.2756
1,1785175603.670616,12947,67.56,-183.35,-1785.16,-0.4875054748082804,0.4621999432490302,-0.7407493668526127,-0.5442145166660717,-0.8242840341037923,-0.15616142600364652,-0.6827656786056745,0.3269970085217473,0.6533788981410108,0.28950000000000004
1,1785175603.7304776,12950,68.47,-181.02,-1785.3700000000001,-0.4690501816150937,0.4679777439121663,-0.7489918279458906,-0.5467083095668953,-0.8199024578372638,-0.16991169436775672,-0.6936151320273768,0.3297829450339921,0.64042271804438,0.3178
1,1785175603.7903242,12953,68.97,-178.93,-1785.89,-0.4378094136424054,0.47146489114589324,-0.7655349591905547,-0.54151923456669,-0.8179815182264755,-0.19406997303605839,-0.7176906268862645,0.3295862440343973,0.6134273158434496,0.31420000000000003
1,1785175603.8351762,12956,69.83,-176.45000000000002,-1785.8600000000001,-0.4147957559326744,0.4716088733334167,-0.7781577934155943,-0.5420213529941112,-0.8149772158472766,-0.20499997694696187,-0.7308606801290343,0.33674501962613657,0.5936711699234843,0.3266
1,1785175603.8950167,12959,69.82000000000001,-174.86,-1786.45,-0.35154864095018246,0.4703587473953859,-0.8094295533242676,-0.520596082097958,-0.8168240485457151,-0.24855219375745513,-0.7780702232770099,0.3340076682742941,0.5320203052362129,0.34550000000000003
1,1785175603.954856,12962,69.99,-173.22,-1786.81,-0.3064646224716145,0.47548382441580805,-0.824617831417832,-0.5059621705549918,-0.8151583597124992,-0.28199136610561215,-0.8062764520563727,0.33080505030870533,0.4903940268290823,0.3613
1,1785175604.0146956,12968,71.96000000000001,-169.96,-1786.31,-0.2525325226860386,0.5293437782304043,-0.8099521525587705,-0.49132542344931474,-0.791287005795773,-0.3639563198120235,-0.8335626270762004,0.306039276739965,0.4599057597316021,0.34940000000000004
1,1785175604.0745575,12971,73.24,-168.16,-1785.88,-0.24445598848462313,0.5549584407552192,-0.7951492933585124,-0.4948144137288026,-0.7766177815528288,-0.3899019329808256,-0.8339064489858723,0.298137468981171,0.46445030297037604,0.34640000000000004
1,1785175604.1194146,12974,75.05,-166.20000000000002,-1785.32,-0.2521359207472053,0.5889359320298242,-0.7678423962201628,-0.5067130080891775,-0.756351049078491,-0.41373302743566787,-0.8244206480324083,0.2847587725110998,0.48912476585815573,0.34040000000000004
1,1785175604.179761,12977,77.12,-163.87,-1784.3400000000001,-0.2746891091281762,0.611189725766061,-0.7422890356487666,-0.5326160905403162,-0.739446534802168,-0.4117510440382827,-0.8005410629217709,0.28225155674871516,0.528647392208652,0.2919
1,1785175604.239623,12980,79.11,-161.79,-1783.74,-0.28780119935582604,0.6232933946471628,-0.7271009653676471,-0.5495515660822692,-0.7292685124101573,-0.40762791001549653,-0.7843236231721403,0.28226367282435166,0.5524162136811646,0.31420000000000003
1,1785175604.2844808,12983,81.02,-160.35,-1783.16,-0.2847815171572587,0.6396202500640774,-0.7139925932343956,-0.5567037453682961,-0.7167100835486225,-0.42000904279864976,-0.7803719801341674,0.27787153839084294,0.5601847737789605,0.3236
1,1785175604.3443005,12986,83.08,-159.26,-1782.75,-0.28070311816271903,0.6638537472613368,-0.6931839306423713,-0.5611450450013428,-0.6994380395747765,-0.44260893265526674,-0.7786668080277775,0.2647350204315148,0.5688526795515317,0.30670000000000003
1,1785175604.4041414,12989,84.95,-158.39000000000001,-1782.29,-0.27303140866591435,0.6862044617758852,-0.6742234692746717,-0.5670062417329345,-0.6809659353919979,-0.4634536834157156,-0.7771472008041974,0.2557515033671726,0.575007301525495,0.2978
1,1785175604.4639819,12995,89.03,-158.15,-1781.3500000000001,-0.2559909894054134,0.7239446312282369,-0.6406034532056862,-0.57852524904125,-0.6456411090643067,-0.4984537034750288,-0.7744528065447226,0.24300561557713918,0.5840985543835717,0.2736
1,1785175604.5238223,12998,90.93,-158.3,-1781.1000000000001,-0.25652667356404335,0.7413328240394755,-0.6201771599727153,-0.5883338788886416,-0.6288485939950059,-0.5083430857032968,-0.7668489503820239,0.23446767332014112,0.5974676539075799,0.25980000000000003
1,1785175604.5687013,13001,92.51,-158.63,-1781.13,-0.25365867661949215,0.7606855790756207,-0.5975070924784369,-0.6027763766029781,-0.6074154271395938,-0.5174042314111948,-0.7565169631839277,0.22891908758164364,0.6125994904958338,0.2472
1,1785175604.6285412,13004,93.65,-158.98,-1781.19,-0.23625341773456024,0.7768273720840791,-0.5837153043990564,-0.6246390967328282,-0.5815697647958462,-0.5211550705002308,-0.7443186961520822,0.24148673391357925,0.622634592600039,0.23900000000000002
1,1785175604.6883829,13007,94.44,-159.91,-1781.56,-0.21426450053218996,0.7827218833016528,-0.5843262592186019,-0.6248275128648427,-0.569646193172068,-0.5339417512910054,-0.75078712227823,0.2506983605955263,0.6111211246683339,0.2326
1,1785175604.7342584,13010,95.02,-161.18,-1782.25,-0.18903421185558184,0.7818803302162377,-0.5940784594387227,-0.6082200101556339,-0.5681934555144094,-0.5542784646338657,-0.7709309216748408,0.25655281392247853,0.5829632644292766,0.2589
1,1785175604.7931006,13013,95.77,-162.18,-1782.96,-0.17422216156140782,0.7815647451311414,-0.5990018260314113,-0.597452488471573,-0.5674450462990178,-0.5666186049273627,-0.7827497444522075,0.25915761343012833,0.565809304413779,0.24300000000000002
1,1785175604.8529747,13016,96.72,-162.71,-1783.64,-0.1725855169572435,0.780881552865998,-0.600365088700358,-0.59502798430885,-0.5683810823689557,-0.5682293930222561,-0.7849560097393664,0.2591658650337311,0.5627407193151833,0.25630000000000003
1,1785175604.9127803,13022,98.83,-163.03,-1784.57,-0.17831760407479524,0.7861189895632008,-0.5917936856077096,-0.6091658887683317,-0.5605147957388592,-0.5610170084043029,-0.7727352405825124,0.26046131767684255,0.5788265283795567,0.2492
1,1785175604.97262,13025,99.64,-162.96,-1784.89,-0.1808428051953871,0.7897181614716197,-0.5862090968681297,-0.6195198069482392,-0.5543926816676239,-0.5557373150259007,-0.7638658839141069,0.2626670515220088,0.5895039706709826,0.24980000000000002
1,1785175605.0175002,13028,100.18,-162.76,-1785.02,-0.18117313968464882,0.7926568545873425,-0.582126622250269,-0.6283757746987085,-0.5486377298053585,-0.5514893717976989,-0.7565184592781624,0.2658792062379514,0.5974847851298576,0.24350000000000002
1,1785175605.0773401,13031,100.34,-162.64000000000001,-1785.14,-0.1835786440930001,0.7923520434882247,-0.5817878656460701,-0.6330949265237882,-0.5480584238002834,-0.5466468495394335,-0.7519904889310866,0.2679742586174709,0.602245881078154,0.2403
1,1785175605.1371803,13034,100.36,-162.6,-1785.1200000000001,-0.18321093414726766,0.7925942616749281,-0.5815738044039305,-0.6335516686383952,-0.5475446604261434,-0.546632534710773,-0.75169544150167,0.2683079968968404,0.6024655857613898,0.23470000000000002
1,1785175605.197021,13037,100.37,-162.59,-1785.1000000000001,-0.18168656551766238,0.792291756232026,-0.5824635309761184,-0.6337098951864115,-0.5472597873688984,-0.5467343906064215,-0.7519320186381367,0.26977860948511045,0.6015128770118366,0.2432
1,1785175605.2568603,13040,100.46000000000001,-162.52,-1785.14,-0.18157616785217862,0.7923703998873272,-0.5823909723291685,-0.6338033541639465,-0.5471152364588627,-0.5467707255194753,-0.7518799129639306,0.2698408186634475,0.6015501051985546,0.2323
1,1785175605.30174,13043,100.5,-162.46,-1785.1100000000001,-0.18123753507107127,0.792425393698356,-0.5824216267476404,-0.6338265373451933,-0.5469411315063849,-0.5469180187409424,-0.7519420698686597,0.27003220935384925,0.6013865058954304,0.22440000000000002
1,1785175605.3615828,13049,100.51,-162.44,-1785.08,-0.18218738958910546,0.7924304938803252,-0.5821182589846255,-0.6345541735669492,-0.5469951927753527,-0.5460194684161188,-0.7510983663166055,0.26990770913265655,0.6024957034430101,0.2403
1,1785175605.4214199,13052,100.54,-162.41,-1785.15,-0.1813697978527932,0.7921403472134604,-0.5827681071776109,-0.6346568859325585,-0.5469543397881957,-0.5459410108475515,-0.7512094472017936,0.270840581345184,0.6019383240261235,0.2417
1,1785175605.4812598,13055,100.53,-162.32,-1785.0900000000001,-0.18450743414115425,0.7906351125833626,-0.5838262802383437,-0.6367070257520889,-0.5486745389934058,-0.5418121571340958,-0.7487063310167585,0.2717579235471655,0.6046374623563748,0.2321
1,1785175605.5411005,13058,100.48,-162.25,-1785.07,-0.185716236220095,0.7886143472429429,-0.586171383578923,-0.6386112208901652,-0.5502514503736601,-0.5379582232059065,-0.7467832270193367,0.27442804646076263,0.605808599442361,0.24750000000000003
1,1785175605.6009398,13061,100.48,-162.25,-1785.05,-0.18611353639547407,0.7883716419238651,-0.5863718153020656,-0.6402990570912489,-0.5499857083511209,-0.5362208855477126,-0.7452374581691583,0.27565535514439893,0.6071534041095275,0.2412
1,1785175605.6607804,13067,100.49000000000001,-162.24,-1785.05,-0.18627227024892576,0.7887173107603104,-0.585856334815401,-0.6399801536555328,-0.549840764933265,-0.5367499754491308,-0.7454716924628001,0.27495479069226286,0.6071835132906873,0.233
1,1785175605.7206194,13070,100.48,-162.23,-1785.04,-0.18665692455374722,0.7887335652602713,-0.5857120073448708,-0.6408398257693503,-0.5496384783828849,-0.5359308358257208,-0.7446364953613578,0.27531237914915524,0.6080457085311813,0.2439
1,1785175605.78046,13073,100.49000000000001,-162.23,-1785.06,-0.1857674827890367,0.7885579237643668,-0.5862310493369113,-0.6404903195426587,-0.5496274154384623,-0.5363598183780913,-0.7451594412676847,0.27583709878634344,0.6071666180075821,0.2487
1,1785175605.8403285,13076,100.48,-162.24,-1785.07,-0.18505856858262237,0.7883349095411044,-0.586754971511081,-0.6393227351502728,-0.5500233472931638,-0.5373460316708385,-0.7463375687409316,0.2756853057949269,0.6057869639193574,0.227
1,1785175605.8851798,13079,100.46000000000001,-162.23,-1785.0900000000001,-0.18479638771873094,0.7879368179424615,-0.5873719996874355,-0.6395694164183788,-0.5502075689934782,-0.5368636629578696,-0.7461911663028199,0.27645470144852885,0.6056166620715137,0.2275
1,1785175605.9450207,13082,100.45,-162.24,-1785.07,-0.1846864610845585,0.7876801826846548,-0.5877506621841702,-0.6394286146147984,-0.5504570021598786,-0.5367756846066698,-0.7463390368350442,0.2766893900731074,0.6053272036817033,0.23620000000000002
1,1785175606.0048625,13085,100.45,-162.24,-1785.07,-0.18565904342661724,0.7879657914594345,-0.5870610113809468,-0.6401153480032588,-0.5502708468339352,-0.5361476814976733,-0.7455085920662352,0.2762460979170031,0.6065517558634623,0.2528
1,1785175606.0502443,13088,100.45,-162.24,-1785.07,-0.18451337249128602,0.7875955516893316,-0.5879184146895465,-0.6400801381232172,-0.5502336638560228,-0.5362278731469864,-0.7458231909454514,0.2773736867814879,0.6056497384868501,0.2479
1,1785175606.1100843,13094,100.5,-162.20000000000002,-1785.0900000000001,-0.184568359916343,0.7879123791044921,-0.5874764704834489,-0.6395011658973785,-0.5501779664974551,-0.5369752917934111,-0.7463060895729614,0.27658323888953273,0.605416330000844,0.2417
1,1785175606.169925,13097,100.51,-162.18,-1785.1000000000001,-0.1844306925556018,0.7875079795433638,-0.5880616479579246,-0.6395565611787495,-0.5504800978373907,-0.5365995405683359,-0.746292653519163,0.27713326043704267,0.605181320979804,0.2509
1,1785175606.2297652,13100,100.51,-162.14000000000001,-1785.1100000000001,-0.18288978710553233,0.7865778483996663,-0.5897852271627737,-0.638357579401565,-0.5512515691335859,-0.5372348726100474,-0.7476970821081673,0.27823909850111117,0.6029362134357342,0.2464
1,1785175606.2896042,13103,100.44,-162.13,-1785.15,-0.18117287690377615,0.7841826502411591,-0.5934930157425282,-0.638225039198634,-0.552890274491762,-0.535706210261115,-0.7482280320960388,0.28172666794816525,0.6006537243308435,0.24860000000000002
1,1785175606.3344839,13106,100.41,-162.12,-1785.2,-0.1803280721851831,0.7832833575522694,-0.5949361042697097,-0.6367791440575333,-0.5539589045788916,-0.5363225277117394,-0.749662662852653,0.28212889575404665,0.5986728473091725,0.24430000000000002
1,1785175606.394325,13109,100.28,-162.13,-1785.3,-0.1749488947178323,0.7793477234837012,-0.6016726769081184,-0.634079337867874,-0.5566829140688162,-0.5367005929500073,-0.7532172844047375,0.28761303705608204,0.5915593490000217,0.24980000000000002
1,1785175606.4541655,13112,99.98,-162.16,-1785.57,-0.16478319652258808,0.7724387948130058,-0.6133390631711214,-0.6277683650665705,-0.5617621219463715,-0.538822974795948,-0.7607584228685494,0.2962458887717109,0.5774815974733879,0.2677
1,1785175606.4990773,13115,99.65,-162.12,-1785.91,-0.15527339163189546,0.7645471886209384,-0.6255859415163895,-0.6219182834877134,-0.5676750799212107,-0.5394095404237335,-0.7675335969941799,0.3053073861017229,0.5636307101967646,0.2614
1,1785175606.5588841,13121,98.45,-162.08,-1787.14,-0.1316373962860727,0.7431452938177028,-0.6560538607276263,-0.602816141814899,-0.5853939423884974,-0.5421500081916923,-0.7869461830814247,0.32411264167176934,0.5250397132047482,0.2766
1,1785175606.618724,13124,97.77,-162.07,-1788.18,-0.11662656553853706,0.7330567503534569,-0.6700940568098744,-0.5896020945170136,-0.5940463129647915,-0.5472461495470642,-0.7992293878179381,0.33126542049264185,0.5014933766601484,0.27840000000000004
1,1785175606.6785648,13127,97.16,-162.28,-1789.3500000000001,-0.10343644882079502,0.7304658678317288,-0.6750707496167956,-0.5770831029286435,-0.5968691525589988,-0.5574247097480982,-0.810108630598139,0.3319138904239201,0.48327753514317845,0.2894
1,1785175606.7384057,13130,96.64,-162.47,-1791.05,-0.08443149193784866,0.7281794711091812,-0.6801661422213708,-0.5573044800006274,-0.6003637231559341,-0.5735635243716039,-0.8260042613330633,0.33063281412088863,0.45650728634505117,0.3095
1,1785175606.783284,13133,96.21000000000001,-162.54,-1792.96,-0.07332270683958492,0.7259385465274723,-0.6838398988998059,-0.5423209125760069,-0.6044669163110504,-0.5835304403954744,-0.8369658346936529,0.3280746466141359,0.4380128055257821,0.32730000000000004
1,1785175606.843124,13136,95.94,-162.29,-1795.0900000000001,-0.06948801790530584,0.7216483235229079,-0.6887634663105822,-0.5363953769696822,-0.6091592665489607,-0.5841275439003751,-0.8411013107427336,0.32885967392507814,0.4294180945567466,0.30870000000000003
1,1785175606.902964,13139,95.92,-161.81,-1797.46,-0.06724501767880096,0.7208379001485319,-0.6898339142915726,-0.5388438514280569,-0.6081347489710287,-0.5829403321714167,-0.8397174592537394,0.33251293028001006,0.4293131023169981,0.3075
1,1785175606.947844,13142,95.78,-161.4,-1800.18,-0.061232336354822454,0.7103832597912584,-0.7011463650286405,-0.5345795109647206,-0.6165592598514279,-0.5779960428482012,-0.8428969969345307,0.3394264328242647,0.41750969959863804,0.29500000000000004
1,1785175607.0076847,13148,95.49,-160.66,-1805.7,-0.05662777167169802,0.6867015066255603,-0.7247305266605538,-0.5183531471489227,-0.6406162353317653,-0.5664987677569684,-0.8532896989395251,0.34358678645655427,0.3922305570148159,0.3247
1,1785175607.0675251,13151,95.31,-160.41,-1808.4,-0.05127828735606188,0.6768498237832492,-0.734332930822535,-0.5126566250814859,-0.6488674915287391,-0.5622758781926027,-0.8570610958420001,0.3476280979463347,0.38026436003433667,0.34700000000000003
1,1785175607.1273658,13154,95.17,-160.3,-1810.99,-0.04538858075873562,0.67075986574099,-0.7402844583319556,-0.508095230350869,-0.6535369634860116,-0.561006839755257,-0.8601041295281666,0.3506716981289087,0.3704730037397902,0.33140000000000003
1,1785175607.187207,13157,94.97,-160.37,-1813.51,-0.04455763690690636,0.6648624723783844,-0.7456356414604752,-0.5011692091594254,-0.6605377652973137,-0.5590342426064321,-0.8642013890198212,0.34878037995124245,0.3626406013910724,0.3441
1,1785175607.2320871,13160,94.38,-160.74,-1816.33,-0.027381238526319837,0.6496955189938372,-0.7597012573216485,-0.4807827023929663,-0.674870254566015,-0.5598197322189695,-0.8764121523897768,0.34992266588680826,0.33084115076904785,0.3563
1,1785175607.2919269,13163,93.59,-161.3,-1819.49,0.005938314076194347,0.6283303846737501,-0.7779239449468499,-0.4487489544397587,-0.6935325755302877,-0.5635928872577698,-0.8936381327557346,0.3524393485041972,0.27784418890950585,0.3657
1,1785175607.3517668,13166,93.2,-161.58,-1822.22,0.013379438971188694,0.6151256182887245,-0.7883155867656879,-0.43213219040658624,-0.7074030189694644,-0.5593234652392955,-0.9017110183574462,0.34813997540903285,0.2563509252859756,0.3745
1,1785175607.4116101,13172,92.51,-162.46,-1827.74,0.03000745637327477,0.5970826982072878,-0.8016182408500389,-0.39781850919785744,-0.7285908734815313,-0.5575802837430798,-0.9169732745841616,0.3356301395597901,0.21566739001869423,0.40650000000000003
1,1785175607.4714491,13175,92.45,-162.86,-1830.13,0.0243261071808984,0.5985706399552455,-0.8007005866695689,-0.39003302885756524,-0.7317822710022716,-0.5588997622534402,-0.9204794820687844,0.32589553054671716,0.21566090572947302,0.41050000000000003
1,1785175607.51633,13178,92.26,-163.39000000000001,-1832.52,0.02064935759215563,0.598751745875972,-0.8006684400184053,-0.38107922277444917,-0.7356693394298947,-0.5599725430701082,-0.9243117601765396,0.316681180105888,0.21298075069378714,0.41040000000000004
1,1785175607.576594,13181,92.03,-163.86,-1834.8400000000001,0.01794020070445718,0.5985640330678575,-0.8008740522180904,-0.3707792427489706,-0.7399063687497979,-0.5613032323352396,-0.9285477383232289,0.3070173672628778,0.2086610501597925,0.3744
1,1785175607.6364338,13184,91.94,-164.20000000000002,-1836.8400000000001,0.011901447131008706,0.599473660700113,-0.8003059950312716,-0.36399787737501776,-0.7428522092049484,-0.5618506390009795,-0.9313237357775596,0.29799651911747793,0.2093661237430672,0.4169
1,1785175607.6818194,13187,91.69,-164.6,-1838.89,0.009249411121122037,0.5988660885585941,-0.8007957644546095,-0.35613966768912053,-0.7463442543870742,-0.5622586513711326,-0.9343869570430632,0.29039569886265915,0.2063767249228279,0.40030000000000004
1,1785175607.7416604,13190,91.69,-164.88,-1840.57,-0.0033185949689322255,0.6019755939566855,-0.7985075899501067,-0.3563303328001797,-0.7468089523198834,-0.5615203314764223,-0.9343541517293885,0.28266901672340017,0.21698052016409392,0.36300000000000004
1,1785175607.8014987,13193,91.68,-165.22,-1842.02,-0.015248402252993872,0.6051666485999183,-0.7959527709927731,-0.3590196418927106,-0.7462739407002711,-0.560517709057366,-0.9332054344912274,0.27721567930770274,0.22864619870447922,0.3745
1,1785175607.8613386,13199,91.59,-165.94,-1844.95,-0.021171972162525376,0.6106175131874725,-0.7916425962411929,-0.35382135133259046,-0.7451521172872366,-0.56529529756007,-0.935073365536592,0.26813163687095076,0.23182585354738963,0.3612
1,1785175607.9211788,13202,91.54,-166.19,-1846.25,-0.023731296424189533,0.6104315635680085,-0.7917134151761883,-0.34893592648493066,-0.7471891952779215,-0.5656430196405108,-0.9368460624767178,0.2628338118656892,0.23073327146733996,0.34640000000000004
1,1785175607.9660594,13205,91.51,-166.48,-1847.6200000000001,-0.027701557623481737,0.610162876818206,-0.791791568190874,-0.34472849684787954,-0.7493347461461062,-0.5653845608779497,-0.9382936039248239,0.25729108412667784,0.23109827100756142,0.3496
1,1785175608.0258987,13208,91.45,-166.71,-1848.75,-0.03122616164024252,0.610674062465405,-0.7912661475516416,-0.3400434677564834,-0.7509205401726503,-0.5661172867727682,-0.9398911462852296,0.25138721482767146,0.2311040920360851,0.3453
1,1785175608.0857384,13211,91.37,-166.96,-1849.7,-0.031852597537927234,0.6099623510761227,-0.7917899609743583,-0.3353231537216532,-0.7528000922719014,-0.5664365839646849,-0.9415645461720888,0.2474630302592811,0.22851313757997102,0.341
1,1785175608.1306183,13214,91.37,-167.16,-1850.55,-0.03334595075524747,0.6106564154989551,-0.7911932695480898,-0.3315894085869783,-0.753554194727678,-0.5676306367007148,-0.9428342970433177,0.243423125068857,0.22761518073394188,0.36710000000000004
1,1785175608.1904585,13217,91.46000000000001,-167.39000000000001,-1851.22,-0.0348899587109993,0.6142676588978793,-0.7883260328146364,-0.3289736129712951,-0.7519046225144967,-0.5713281024157175,-0.9436943640553107,0.2394048493106407,0.22831177231319483,0.3572
1,1785175608.2502987,13220,91.89,-167.57,-1851.6000000000001,-0.042898519485282276,0.6270386659199173,-0.7778060352474394,-0.33403201560644447,-0.7427224597136528,-0.5803326290902462,-0.9415850092136486,0.2349167071075864,0.24131268335058872,0.3457
1,1785175608.3101382,13226,92.75,-168.21,-1852.1200000000001,-0.04907558890524645,0.657088372660031,-0.7522143691053736,-0.3348200783655323,-0.720368046862405,-0.607425215300569,-0.9410032421287942,0.22204672385476912,0.25535886655540646,0.3305
1,1785175608.3699782,13229,93.02,-168.33,-1852.33,-0.049056241485859686,0.665346339035629,-0.7449212940325757,-0.3345991160523375,-0.713671220574993,-0.6153997241305801,-0.941082842638349,0.21906080903458197,0.2576343246480154,0.2972
1,1785175608.4148586,13232,93.29,-168.48,-1852.56,-0.04895896559137649,0.6700770014344283,-0.7406752539655066,-0.3326374750382837,-0.7101702675233862,-0.6204921444514163,-0.941783058824259,0.21599769275250935,0.2576619235300686,0.3281
1,1785175608.4746985,13235,93.49,-168.52,-1852.73,-0.049064316538350396,0.6717492735909584,-0.7391519507331656,-0.33186100897726983,-0.7089636517663646,-0.6222851526387956,-0.9420514654535668,0.21476371645164005,0.25771220873809336,0.3637
1,1785175608.5345385,13238,93.66,-168.54,-1852.96,-0.046173582262324576,0.6716574366497127,-0.7394215902272544,-0.3284959004894277,-0.7092523605752983,-0.6237399557347656,-0.9433760881338389,0.21409665296660857,0.2533854366884395,0.3235
1,1785175608.5804164,13241,93.79,-168.58,-1853.22,-0.04480631309415272,0.6715717402363361,-0.7395835260623695,-0.3262490456724861,-0.7095721422395195,-0.6245549896969931,-0.9442213482572297,0.21330441316006157,0.2508929509207879,0.3025
1,1785175608.6392581,13244,93.92,-168.59,-1853.3500000000001,-0.04322611397985741,0.6713686370946526,-0.7398619169790192,-0.3253812157535275,-0.709638151897364,-0.6249326026112335,-0.9445943931153501,0.2137237621261666,0.24912564299501774,0.3141
1,1785175608.6991854,13247,94.02,-168.59,-1853.47,-0.04301721453762313,0.671487365749653,-0.7397663393883341,-0.3254753665743678,-0.7094765922239766,-0.6250669970807402,-0.9445714927980332,0.21388707937798623,0.2490723032945454,0.3206
1,1785175608.7590256,13253,94.13,-168.65,-1853.58,-0.04446594995665862,0.6716669966508645,-0.7395175622691182,-0.324412290975348,-0.709840518862185,-0.6252064484996854,-0.9448700676593464,0.212108187940662,0.24946076214497306,0.30760000000000004
1,1785175608.819102,13256,94.17,-168.66,-1853.6200000000001,-0.044386493545112475,0.6718904966471252,-0.7393192813027734,-0.3241308583784241,-0.7096995573386109,-0.6255123699498242,-0.9449703835769858,0.21187189249322166,0.2492815182353177,0.3022
1,1785175608.864374,13259,94.21000000000001,-168.68,-1853.68,-0.04397974642364939,0.6717681450722882,-0.7394547593806184,-0.32365571608508964,-0.709832440802138,-0.6256076113909794,-0.9451522413611254,0.21181469555018145,0.2486398507862821,0.3216
1,1785175608.9242132,13262,94.27,-168.70000000000002,-1853.77,-0.044233442691373956,0.671923377127162,-0.7392985714971312,-0.32334768797235663,-0.709818091774373,-0.6257831487605904,-0.9452458279360987,0.21136994076693416,0.248662568372448,0.3521
1,1785175608.984053,13265,94.3,-168.74,-1853.81,-0.0430191029539413,0.671338976368932,-0.7399008957887215,-0.3221034782684443,-0.71036102328403,-0.6258087294742983,-0.9457265493092641,0.2114029219447549,0.24679971338073287,0.3256
1,1785175609.0438936,13268,94.34,-168.78,-1853.91,-0.041409710893580545,0.6710374290436997,-0.7402661714992331,-0.3213624361823254,-0.7104772802862296,-0.626057680096685,-0.9460504322998172,0.2119688727608472,0.2450668817401177,0.33580000000000004
1,1785175609.103733,13271,94.38,-168.85,-1853.99,-0.04122306445106215,0.6709170442659114,-0.7403856958847574,-0.3211511959757335,-0.7105910473894012,-0.6260369579293141,-0.9461303125260386,0.21196858985124864,0.24475855171138255,0.34690000000000004
1,1785175609.1486135,13274,94.43,-168.91,-1854.04,-0.040098402804627904,0.6714389239938545,-0.7399742491725592,-0.31947111792874855,-0.7103119922567498,-0.6272121478938387,-0.9467472328461666,0.21125019527144073,0.2429877200516618,0.3134
1,1785175609.208454,13280,94.52,-168.95000000000002,-1854.1200000000001,-0.039145017535826755,0.6721017995843189,-0.7394233148864323,-0.31848749727355335,-0.7097883313194278,-0.6283042565534716,-0.9471184623279963,0.21090209984327415,0.24184069673888525,0.3088
1,1785175609.2682352,13283,94.54,-168.98,-1854.14,-0.03907085880507242,0.6719121067690066,-0.7395996138245805,-0.3179857113174727,-0.7100471294344506,-0.6282659957214117,-0.9472901115234733,0.21063521728127788,0.2414006003528446,0.3065
1,1785175609.328076,13286,94.54,-168.98,-1854.15,-0.039794461925213166,0.6722592591281248,-0.739245486504035,-0.3182966849297076,-0.7098196645976794,-0.6283655497504588,-0.9471555422225229,0.21029391875882295,0.24222478521038343,0.2851
1,1785175609.387916,13289,94.57000000000001,-168.99,-1854.1200000000001,-0.04083460106009574,0.6728309169926808,-0.7386684591175197,-0.3184430274301272,-0.7094970976326874,-0.628655634454928,-0.9470620748596146,0.20955291835138182,0.24323034509086444,0.32180000000000003
1,1785175609.4477556,13292,94.57000000000001,-169.0,-1854.14,-0.04068186175445763,0.6726808152473999,-0.7388135806292984,-0.3185041829779187,-0.7095825102908029,-0.6285282384387924,-0.9470480830188929,0.20974551696638563,0.24311879105232484,0.3159
1,1785175609.5076053,13298,94.60000000000001,-169.02,-1854.17,-0.04040025243800857,0.6728934482119694,-0.7386353816033666,-0.3187165573669055,-0.7093013893221418,-0.6287378588615985,-0.9469886882445498,0.21001415775867388,0.24311823847210987,0.3412
1,1785175609.5674355,13301,94.61,-169.03,-1854.16,-0.040784202126630774,0.6729700512516821,-0.7385444867949409,-0.3188772531545279,-0.7092730143521394,-0.6286883874642931,-0.9469181307153842,0.20986448301258195,0.24352197537870068,0.3287
1,1785175609.6123161,13304,94.61,-169.03,-1854.2,-0.04110082826091097,0.6731946929102273,-0.738322170433593,-0.31871256065399334,-0.7091778900236265,-0.6288791807517653,-0.94695988594958,0.20946509432156377,0.24370340306039354,0.3184
1,1785175609.6721556,13307,94.62,-169.04,-1854.15,-0.04089179391915263,0.6731295873349115,-0.7383931336655327,-0.31965193458057084,-0.7089856231126358,-0.62861914299398,-0.946652260288313,0.21032342920825334,0.24415886880698984,0.3154
1,1785175609.7319956,13310,94.68,-169.04,-1854.15,-0.04271648586016118,0.6748655736066556,-0.7367033048631708,-0.3206507893969267,-0.7076284481473363,-0.6296388255434382,-0.9462337835307331,0.2093285382673658,0.24662357951331734,0.30910000000000004
1,1785175609.7918355,13313,94.71000000000001,-169.06,-1854.19,-0.04305800890581601,0.6757833412988822,-0.7358416157652304,-0.31973235995883353,-0.7071099708601658,-0.630687487671422,-0.9465290412154406,0.20811622890359552,0.24651654995704578,0.2871
1,1785175609.851676,13316,94.72,-169.07,-1854.16,-0.0430968617074494,0.6760899038812922,-0.7355576812057325,-0.32018193631084996,-0.7067555524654463,-0.630856653067475,-0.9463752892860231,0.20832434070229697,0.24693072085050397,0.3179
1,1785175609.8965602,13319,94.72,-169.09,-1854.1100000000001,-0.04234519679978709,0.6759293289524007,-0.7357488882560033,-0.3206186548448944,-0.7066547204019092,-0.630747797696631,-0.9462613605518498,0.20918567923177014,0.24663898542384818,0.31870000000000004
1,1785175609.9563956,13325,94.69,-169.17000000000002,-1854.0900000000001,-0.042944192043743994,0.6766892552074634,-0.7350152707641375,-0.3206389786762198,-0.7061115882276822,-0.631345444526252,-0.9462274788459594,0.20856192571355991,0.24729634332005565,0.3302
1,1785175610.0162356,13328,94.64,-169.25,-1854.08,-0.04320476500849626,0.6771800687465201,-0.7345478219782693,-0.32050808880789433,-0.7057678511524195,-0.6317960947081008,-0.9462599607345077,0.20813191675510737,0.24753422377233733,0.3467
1,1785175610.0760753,13331,94.61,-169.47,-1854.06,-0.04255638767172789,0.678352113538428,-0.7335034859673684,-0.3192212941640229,-0.7049174914012726,-0.6333948970972084,-0.9467242044125522,0.20719493327416252,0.24654318162329156,0.2977
1,1785175610.1359155,13334,94.58,-169.77,-1853.9,-0.04006781538848669,0.6793988205014937,-0.7326744248785906,-0.3184258925009881,-0.7037143396773079,-0.6351307574960292,-0.9471005866089112,0.20785420571571273,0.24453447203072784,0.3306
1,1785175610.180795,13337,94.43,-170.34,-1853.8700000000001,-0.03526685736158309,0.6803507322190693,-0.732037656094831,-0.3140130957978406,-0.7029392081690159,-0.6381788505475353,-0.9487634185819424,0.20736284813749392,0.23842949644079833,0.29400000000000004
1,1785175610.2406347,13340,94.27,-171.23,-1853.72,-0.02716935146770329,0.6847512979490883,-0.7282702014347858,-0.30765968881225314,-0.698903654515618,-0.6456618291216087,-0.951108480784801,0.20651717037997797,0.22965913027240004,0.3209
1,1785175610.300475,13343,94.27,-172.43,-1853.46,-0.021667533433886055,0.6936658804114094,-0.7199709468776884,-0.3028151253637066,-0.6908661326057622,-0.6565112235669087,-0.9528029795534089,0.2037931136506364,0.2250218855638818,0.2948
1,1785175610.345355,13346,94.21000000000001,-173.91,-1853.04,-0.02112770394466456,0.7054459924027505,-0.7084487080437969,-0.30332755173241527,-0.6797294959338799,-0.6678025222455304,-0.9526520962481767,0.2007828781554137,0.22834232930751755,0.319
1,1785175610.4051952,13352,93.89,-177.9,-1852.54,-0.007282016446748602,0.72798008279525,-0.6855596044764382,-0.2883972328449523,-0.6579755105310006,-0.6956258071900752,-0.9574831634675587,0.19264793431254384,0.21473882993363397,0.3315
1,1785175610.4650345,13355,93.7,-180.31,-1852.29,0.0033234385567986967,0.737219385906338,-0.6756452706857656,-0.28033600594496844,-0.6478696188181176,-0.7082913812713594,-0.9598961811190742,0.19176165950562,0.20451598327922643,0.3299
1,1785175610.5248744,13358,93.37,-182.97,-1852.18,0.011843463368305383,0.7458832778911876,-0.6659713718604885,-0.26974103102407,-0.6389440134114974,-0.7204098305184903,-0.9628600669658678,0.18817195191607528,0.19362801438474478,0.31570000000000004
1,1785175610.5847142,13361,93.09,-185.58,-1851.98,0.015495724705141411,0.7494114969626123,-0.6619231758566237,-0.26556091167216483,-0.6351424194453618,-0.7253078720191453,-0.9639695455291681,0.18702009314870027,0.1891724082707102,0.2928
1,1785175610.629597,13364,92.66,-188.39000000000001,-1851.75,0.01577050766235076,0.7475389677011826,-0.6640307092720354,-0.2636315581058581,-0.6375045673020113,-0.7239380693400184,-0.9644945270237409,0.18647632138511896,0.18702109213648724,0.3196
1,1785175610.6894405,13367,92.24,-191.39000000000001,-1851.56,0.015333721494206599,0.7476074443267381,-0.6639638440249448,-0.26066838421684946,-0.6380905245703132,-0.7244946348478776,-0.9653066199166539,0.18418358135519491,0.18509332214928564,0.30720000000000003
1,1785175610.7492793,13370,91.89,-194.52,-1851.38,0.01414376874209304,0.7472666543609331,-0.6643737661030784,-0.2599465225692272,-0.6388461569429117,-0.7240879733592036,-0.9655194245637613,0.18294298302883974,0.18521367592748977,0.3405
1,1785175610.7946663,13373,91.41,-197.75,-1851.07,0.01096524933705247,0.7446463919740957,-0.6673690989452072,-0.25932064098040686,-0.6424575491385016,-0.7211110196886888,-0.9657290347030513,0.18096974463957033,0.18605747245569462,0.3194
1,1785175610.854506,13379,90.37,-204.82,-1850.63,0.010556598546954586,0.7469083095490989,-0.6648432411881965,-0.2524087460372237,-0.6413590768861509,-0.7245332010471716,-0.9675631158487984,0.17546085495703104,0.181755619518938,0.3151
1,1785175610.9143698,13382,89.85000000000001,-208.52,-1850.14,0.0030434722291222856,0.7532328159284178,-0.6577469591608438,-0.253787901709533,-0.6356331974274282,-0.7290830811876357,-0.9672551050383051,0.16914716473157387,0.18922684386895763,0.3103
1,1785175610.9741857,13385,89.51,-212.15,-1849.63,-0.005036927569706155,0.761775512492204,-0.6478215015943031,-0.25797996985907473,-0.626890185672657,-0.7351564665149949,-0.9661371354586101,0.16342204158112167,0.19968042421151286,0.30360000000000004
1,1785175611.0340261,13388,88.8,-215.75,-1848.95,-0.012514990541538708,0.7652117777372502,-0.6436569818031515,-0.2628654308005237,-0.62358396380574,-0.7362369220396223,-0.9647513359937888,0.15998117169379283,0.20895187101742066,0.3325
1,1785175611.0789063,13391,87.94,-219.0,-1848.43,-0.020575294488190562,0.7647510973127287,-0.6439972177080437,-0.2671876533728838,-0.6249116579691452,-0.7335503920109006,-0.9634248362699687,0.1569750900405265,0.2171897924971444,0.3089
1,1785175611.138746,13394,87.14,-222.06,-1848.0,-0.03092625453468718,0.7625437717687517,-0.6461970000836756,-0.27391946881608337,-0.6282208616811659,-0.7282215827288343,-0.9612552685858062,0.1544847729883423,0.2283041031842615,0.2852
1,1785175611.1985857,13397,86.27,-224.75,-1847.43,-0.045140417141007645,0.7597199368522084,-0.6486817095383621,-0.2832880091108659,-0.6324226394846286,-0.7209642910444991,-0.9579719445966763,0.1512191212002361,0.24376737014844796,0.3064
1,1785175611.2434776,13400,85.49,-227.31,-1846.78,-0.06525510310279138,0.7582592223053377,-0.6486792144873679,-0.2958729426754923,-0.6355346886981743,-0.7131303255744067,-0.9529957887166075,0.14539123512171928,0.2658202690507103,0.2862
1,1785175611.3033056,13406,84.42,-231.63,-1845.5900000000001,-0.11029750205407379,0.7668680520949531,-0.6322561598883191,-0.32593545384965583,-0.6288672920073973,-0.7058980159818424,-0.938935855617651,0.12821591055471596,0.31931197803429584,0.29000000000000004
1,1785175611.3631458,13409,83.85000000000001,-233.39000000000001,-1845.02,-0.13612477086367925,0.7726901582037448,-0.6200161015428413,-0.3419595342188993,-0.6240240836400047,-0.7026077283904912,-0.9298030564125419,0.11637810125760208,0.349173901993793,0.2691
1,1785175611.4229858,13412,83.23,-234.47,-1844.42,-0.15919728335983088,0.775502633007559,-0.6109434435110938,-0.3612166274026548,-0.6216807473346762,-0.6950076233259963,-0.9187920183908332,0.11003960465097044,0.3790943317296591,0.2489
1,1785175611.4828258,13415,82.32000000000001,-234.95000000000002,-1843.96,-0.17484072447269516,0.7757215392263423,-0.606371845195815,-0.3707166139070327,-0.6224020208300991,-0.6893365771812148,-0.9121402925203816,0.10426801065966038,0.3963940825919452,0.24650000000000002
1,1785175611.5277057,13418,81.37,-235.55,-1843.57,-0.18614142714691187,0.7752351651002496,-0.6036238960575533,-0.38128962350231344,-0.6232092805998912,-0.6828092087718429,-0.9055217237091415,0.10305644747493957,0.41159418912889195,0.24960000000000002
1,1785175611.5875454,13421,80.54,-236.07,-1843.05,-0.1955523996040833,0.7746524253828585,-0.6013924499505625,-0.38924352222628444,-0.6241696227205782,-0.6774228830484895,-0.9001381779560076,0.10161644513220294,0.4235863060401422,0.2451
1,1785175611.6473863,13424,79.92,-236.61,-1842.6200000000001,-0.21054140138314995,0.7754633940730647,-0.595255275286412,-0.3988320011604688,-0.6240610513676004,-0.6719232389315769,-0.8925275083457961,0.09593919229724614,0.44067030558842624,0.2456
1,1785175611.693768,13427,79.49,-236.96,-1842.08,-0.22196732834365893,0.7826498271074691,-0.5815408440312914,-0.4091229853117713,-0.616134953212826,-0.6730498512881586,-0.8850699904739523,0.08852664885827957,0.4569618631837459,0.2301
1,1785175611.75261,13433,78.67,-237.58,-1840.8700000000001,-0.2432333904583116,0.7902054748965973,-0.5625058446003893,-0.42503694287518823,-0.6081109601447009,-0.6704809149731285,-0.8718836590723948,0.07600241835187019,0.48377940990414103,0.2325
1,1785175611.8127613,13436,78.31,-237.84,-1840.32,-0.24909880624053352,0.7933254743140713,-0.5555038042479055,-0.4305568207202683,-0.6044985115078065,-0.6702256140406014,-0.8675082759609825,0.07222355148565004,0.4921515516078394,0.2283
1,1785175611.872594,13439,78.12,-238.05,-1839.82,-0.25362464222387343,0.7971573675630942,-0.547918490467962,-0.4367738515200543,-0.5997840135153192,-0.6704384682875775,-0.8630777157852876,0.06927675274818737,0.5002974995375418,0.2248
1,1785175611.9327283,13442,78.11,-238.38,-1839.3600000000001,-0.26252070778750836,0.8045735489830252,-0.5326765268524651,-0.4461346765293131,-0.590697061063796,-0.6723398191753029,-0.8555972933459004,0.06114234479845658,0.5140183705780521,0.2346
1,1785175611.977613,13445,78.2,-238.5,-1838.98,-0.2688060260930829,0.8113357298351819,-0.519112371099801,-0.453794826237448,-0.582062773416425,-0.6747393448457738,-0.8495961252360849,0.0541965063043011,0.5246419375995771,0.2237
1,1785175612.037933,13448,78.34,-238.55,-1838.76,-0.2717672908654458,0.8160020608703847,-0.5101795529722268,-0.45814077555729954,-0.5759062505597501,-0.6770812509130395,-0.8463152895862228,0.04972551881574847,0.5303562985306127,0.2137
1,1785175612.0977843,13451,78.25,-238.61,-1838.58,-0.27233702025471457,0.816804734944531,-0.508588804803033,-0.45906276711467675,-0.5748294941628994,-0.6773717062953258,-0.8456322624213193,0.04900079195910578,0.5315119934108555,0.22
1,1785175612.1576169,13457,78.28,-238.62,-1838.52,-0.2721089366901738,0.8172328687144201,-0.5080227995534672,-0.4598654070354654,-0.5741946280143795,-0.6773657332427838,-0.8452695037592737,0.04930484207689817,0.5320606154963203,0.2277
1,1785175612.217458,13460,78.32000000000001,-238.65,-1838.54,-0.27133237951907546,0.8172816949732887,-0.508359489816119,-0.4596333123113348,-0.5740824621745546,-0.6776182884466092,-0.8456452909099815,0.04979917353922134,0.5314170530539861,0.22080000000000002
1,1785175612.2772985,13463,78.31,-238.66,-1838.56,-0.27165087332758253,0.8174811225479176,-0.5078685039438439,-0.4603083308838464,-0.5738018088475266,-0.6773977595786939,-0.8451757471314999,0.049760410379166925,0.5321671335394623,0.22010000000000002
1,1785175612.3371367,13466,78.32000000000001,-238.69,-1838.57,-0.271321554632625,0.8175796929538224,-0.507885872673447,-0.4603313630107905,-0.573643050864603,-0.6775165580436969,-0.8452689809879238,0.0499709502039317,0.5319992987921629,0.2247
1,1785175612.396977,13469,78.33,-238.69,-1838.53,-0.2721868833887374,0.8176941304381377,-0.507238217761777,-0.46024413989039104,-0.5735630316780066,-0.6776435496548965,-0.8450382430444672,0.04900773142425649,0.532455265776354,0.22360000000000002
1,1785175612.4418578,13472,78.33,-238.70000000000002,-1838.51,-0.2709625410551024,0.8176236511077173,-0.5080067583155247,-0.46046086056309776,-0.5735483219930082,-0.6775087587836013,-0.8453136088070827,0.050337734238743014,0.5318938007509172,0.2154
1,1785175612.5022025,13478,78.35000000000001,-238.73000000000002,-1838.51,-0.27182777914308254,0.8175950089655019,-0.5075904449463564,-0.46100850319876424,-0.573622509906462,-0.6770733904880959,-0.8447371298010846,0.04995615520945828,0.5328447842403208,0.225
1,1785175612.562042,13481,78.37,-238.79,-1838.53,-0.2716928410402276,0.817770464640034,-0.5073800028478775,-0.46059615579321117,-0.573402026721942,-0.6775406238888448,-0.8450054327612371,0.049614341813552405,0.5324511580327369,0.2202
1,1785175612.6219149,13484,78.42,-238.9,-1838.56,-0.27179827808445345,0.8176840479761037,-0.5074628003270178,-0.4604801255290602,-0.5735324787098142,-0.677509077324959,-0.8450347626122059,0.049530733392402854,0.5324123931939824,0.2227
1,1785175612.681722,13487,78.47,-238.93,-1838.54,-0.27246936251887055,0.8178646050482519,-0.5068115372580101,-0.46019351824383997,-0.5733598722115125,-0.6778498231201028,-0.8449747761057231,0.048538075228269015,0.5325989889196355,0.217
1,1785175612.7266023,13490,78.53,-238.91,-1838.53,-0.2738218079530051,0.8179559203154467,-0.5059345114837076,-0.46184914611548455,-0.5732465294120401,-0.6768188699714635,-0.8436332044921805,0.04833765548680929,0.5347396444441848,0.22060000000000002
1,1785175612.7864416,13493,78.58,-238.92000000000002,-1838.49,-0.2763889944230013,0.818352100813079,-0.5038938011691181,-0.46189195235482977,-0.5729047157306755,-0.6770790286542612,-0.8427721804329364,0.04560729972684667,0.5363348078392264,0.22030000000000002
1,1785175612.8462832,13496,78.62,-238.92000000000002,-1838.48,-0.27796427957403586,0.8187589123551714,-0.5023641136863419,-0.4632717021721563,-0.5723970926824324,-0.6765655166022072,-0.8414958046522869,0.04467003165071031,0.5384137804931488,0.22310000000000002
1,1785175612.9061298,13502,78.66,-238.92000000000002,-1838.41,-0.27820545182610384,0.8190729038721266,-0.5017183519831775,-0.4647850413231621,-0.571910687584236,-0.6759386294547405,-0.8405811037231683,0.04514137314491651,0.5398015047164388,0.22210000000000002
1,1785175612.9659615,13505,78.66,-238.95000000000002,-1838.41,-0.27945931984933314,0.8193032874907334,-0.5006441966668791,-0.46466083351772897,-0.5716958311612166,-0.6762057278872275,-0.840233776007581,0.04365775692545795,0.5404638766062725,0.2267
1,1785175613.0108418,13508,78.69,-238.95000000000002,-1838.43,-0.27865629350405313,0.8193770850999611,-0.5009709198183805,-0.4646054411340693,-0.5715423381727365,-0.6763735208778193,-0.840531054845209,0.04427807684545962,0.5399509216138701,0.21780000000000002
1,1785175613.0706813,13511,78.69,-238.97,-1838.45,-0.2785779057593152,0.8193769382752215,-0.5010147537203653,-0.46524712297082027,-0.5715029262821264,-0.6759656202931782,-0.8402020381968429,0.044786585867763955,0.540420851500181,0.2195
1,1785175613.1305213,13514,78.7,-238.97,-1838.44,-0.2785825605508395,0.8194937200739377,-0.50082112546928,-0.46544426899549884,-0.571335158874511,-0.675971721814665,-0.8400912982623874,0.04479038951846283,0.5405926669781981,0.2202
1,1785175613.175424,13517,78.71000000000001,-238.98000000000002,-1838.44,-0.27925089280221266,0.8196669904982237,-0.5001649363527512,-0.4651602023028557,-0.5711636625006046,-0.6763121001671206,-0.8400267406831363,0.04379606519403274,0.5407744258106023,0.2228
1,1785175613.2352412,13520,78.72,-238.98000000000002,-1838.42,-0.27872472389999653,0.8197169980778889,-0.5003764296497639,-0.4647883721820875,-0.5710783005377795,-0.6766397444277175,-0.8404072211560275,0.04397292026981877,0.5401685708292812,0.2167
1,1785175613.2950814,13523,78.75,-238.99,-1838.3600000000001,-0.27991719237865575,0.8197000496242792,-0.49973812547854,-0.46550734516448244,-0.5711477061621336,-0.6760866877432572,-0.8396125755422951,0.04338348063131275,0.5414504562742065,0.23340000000000002
1,1785175613.354921,13529,78.93,-238.97,-1838.32,-0.28514132322816993,0.8213500007606758,-0.4940431175900803,-0.469145360481704,-0.5690748971884768,-0.675319474122001,-0.8358211869330544,0.03921654804240385,0.5475993113887723,0.22080000000000002
1,1785175613.4147613,13532,78.98,-238.95000000000002,-1838.29,-0.28559327530981105,0.8216888088037809,-0.49321798688251217,-0.469095612840792,-0.5686422718625347,-0.6757183382627238,-0.8356947930383054,0.03838578040939959,0.5478510242310634,0.2218
1,1785175613.4596708,13535,79.0,-238.96,-1838.14,-0.2857360028883842,0.82188591082614,-0.4928067432968586,-0.46926921280530315,-0.568373113624112,-0.6758242446245352,-0.8355485279542181,0.038151714177985685,0.5480904160253313,0.2253
1,1785175613.519482,13538,79.09,-238.9,-1837.97,-0.2867082282091968,0.8222246227733888,-0.4916757687565065,-0.4704856234991554,-0.5679135929609439,-0.6753646637267917,-0.8345308082735796,0.03769377449062306,0.5496703643156468,0.21580000000000002
1,1785175613.5793233,13541,79.22,-238.89000000000001,-1837.7,-0.2874545906528919,0.8223693208717494,-0.4909975136408696,-0.47216497474659447,-0.5676851625935047,-0.6743840098888272,-0.8333247235832656,0.037977049123433276,0.5514776956548201,0.22060000000000002
1,1785175613.62488,13544,79.41,-238.87,-1837.31,-0.2885105119490216,0.8228613363335221,-0.48955173951516456,-0.4730653696821522,-0.5670332851415403,-0.6743014233627875,-0.8324487014239388,0.037046925769930183,0.5528622656580888,0.2243
1,1785175613.6847203,13547,79.58,-238.84,-1836.8,-0.2833527696005644,0.8237513819521081,-0.4910650350938066,-0.47304348939393953,-0.5654772084552413,-0.6756222197794218,-0.8342308224356705,0.04085569054195132,0.5498997612734934,0.22010000000000002
1,1785175613.7445624,13550,79.87,-238.65,-1836.25,-0.2784688224379624,0.8236576290367005,-0.49400731275929094,-0.4734934729109638,-0.5652348148407597,-0.675509833535121,-0.8356189598379928,0.04580081027202024,0.5473967845518436,0.21860000000000002
1,1785175613.8044226,13556,80.45,-237.97,-1834.75,-0.26328921171724223,0.8147903552251032,-0.516522475818297,-0.47114314277869657,-0.5758206475560238,-0.6681726729377474,-0.8418449560375865,0.06743336622408352,0.5354902530520633,0.2214
1,1785175613.8642628,13559,81.09,-237.41,-1833.5900000000001,-0.263945149198176,0.8104323871666168,-0.5230031587344106,-0.4754862370000785,-0.5810951704891826,-0.6604856101821239,-0.8391935394402518,0.07434883096301062,0.5387266975899523,0.2141
1,1785175613.9094152,13562,81.84,-236.72,-1832.43,-0.2664612612081327,0.8050485005188813,-0.5299955736491312,-0.48132887906980165,-0.5875452964805898,-0.6504713942649158,-0.835057427036476,0.08177674728085085,0.5440511530687022,0.2238
1,1785175613.9692547,13565,82.87,-235.97,-1831.22,-0.2667048313647409,0.8021502046901973,-0.5342504862348555,-0.4859367188100854,-0.5906327068862176,-0.644219303396248,-0.8323064569248475,0.08779552762945121,0.5473188349485821,0.2111
1,1785175614.029601,13568,84.16,-235.06,-1829.96,-0.2701765974782167,0.8027553204701651,-0.5315905394492418,-0.4926543116420414,-0.5896336359971723,-0.6400186751347653,-0.8272220593018538,0.08897230331736074,0.554786079355641,0.21810000000000002
1,1785175614.074481,13571,85.62,-234.14000000000001,-1828.8500000000001,-0.27215742754061334,0.8036394768261815,-0.5292390064243347,-0.5004605014505611,-0.5879755418406362,-0.6354715168164999,-0.8218695888779002,0.09191492525020906,0.5622117264820433,0.21200000000000002
1,1785175614.1348302,13574,87.15,-233.07,-1827.7,-0.2753909230669549,0.8040826260746657,-0.5268880051179754,-0.5084252417364653,-0.5869792884304104,-0.6300468939046886,-0.815882107327736,0.09437396568227062,0.570464671600139,0.2306
1,1785175614.1951935,13577,88.64,-232.0,-1826.64,-0.27144007739611775,0.8018157581316309,-0.5323643248706543,-0.5119027037380534,-0.588680382689695,-0.6256285071366111,-0.8150312302537003,0.10269808687659197,0.5702431031262261,0.22540000000000002
1,1785175614.2550113,13583,91.81,-229.63,-1824.76,-0.25896092244709296,0.7961576092615958,-0.5468750331293347,-0.5138671943837132,-0.5929732646219432,-0.6199380726974317,-0.8178506875839636,0.12048140378687153,0.5626761805514634,0.2336
1,1785175614.3148513,13586,93.39,-228.37,-1823.94,-0.249898289081061,0.7896395144982131,-0.5603751263728474,-0.5123502686493564,-0.5989151302087307,-0.6154655709477107,-0.8216130764108436,0.1333045533734142,0.5542398837332294,0.2182
1,1785175614.3597307,13589,94.95,-227.13,-1823.33,-0.2341191118742518,0.7832717254446167,-0.5759111438184064,-0.5078643697637505,-0.6036567271583825,-0.6145505167851535,-0.8290126798666474,0.14860672890365298,0.5391233780359335,0.21630000000000002
1,1785175614.4195719,13592,96.62,-225.69,-1822.69,-0.22574264406766098,0.773363550239816,-0.5924095524295749,-0.5061460717729873,-0.6126962413305374,-0.6069756748735539,-0.8323799689313263,0.16282547411231374,0.5297465925345674,0.22560000000000002
1,1785175614.4794128,13595,98.56,-224.11,-1821.89,-0.22451151993942137,0.7683277437087519,-0.5993889018508011,-0.5106769350614603,-0.6166304853291956,-0.5991459860158571,-0.829941953036912,0.17157891132099806,0.5308079047821135,0.2338
1,1785175614.5242927,13598,100.68,-222.49,-1820.95,-0.22741235312636046,0.7669695105448631,-0.6000344919586745,-0.5178866371626588,-0.6170707429032175,-0.5924669858323109,-0.8246678438582918,0.17601553382427454,0.5375327703114215,0.2235
1,1785175614.5841308,13601,102.86,-220.85,-1819.9,-0.23022278623011708,0.7680734013956796,-0.5975455788213258,-0.5258414343901413,-0.6148631105097635,-0.5877364555757768,-0.818833471823765,0.1789038999092244,0.545440317558493,0.2301
1,1785175614.643972,13604,104.75,-219.25,-1818.94,-0.23070265378024507,0.7638637930478039,-0.6027340966042773,-0.5293190215455807,-0.6182921195806949,-0.5809786814457489,-0.8164543214220754,0.1850052986674537,0.5469692683288384,0.2384
1,1785175614.7038114,13610,107.83,-216.11,-1817.16,-0.2253216617811803,0.7409702325325881,-0.6326083015838234,-0.5290964269840497,-0.6382781105622153,-0.5591583179474672,-0.8180997003329604,0.20872031064975616,0.5358625870849631,0.24050000000000002
1,1785175614.7636507,13613,109.05,-214.78,-1816.39,-0.2152472036437139,0.7315226616971671,-0.6469491763245812,-0.5256635426060947,-0.6451046573177258,-0.55454289381597,-0.8230106204043616,0.22071378871849376,0.5233917673895493,0.2504
1,1785175614.8085313,13616,110.23,-213.54,-1815.78,-0.20170915031100897,0.7230561196932155,-0.6606839383964177,-0.5239015404796608,-0.6495886570485577,-0.5509643840729543,-0.8275509619134337,0.23499877533306848,0.5098381910254555,0.24600000000000002
1,1785175614.8683712,13619,111.29,-212.32,-1815.33,-0.18539760839323294,0.7121887057336054,-0.6770634934978859,-0.5209579025411356,-0.6554482237061627,-0.5468002284384827,-0.8332050111359209,0.25134612283846425,0.49253886745318026,0.2692
1,1785175614.928212,13622,112.23,-211.26,-1814.95,-0.17259095297776653,0.7026298944558944,-0.6903068841950838,-0.5176480220129036,-0.6609426641687014,-0.5433188014303459,-0.838005303238801,0.26356408347587434,0.47778769934476906,0.2882
1,1785175614.9880517,13625,113.02,-210.31,-1814.6100000000001,-0.1658270315818953,0.695047759787062,-0.6995784496478744,-0.5176989386852899,-0.6651424442119028,-0.5381201889837808,-0.8393385517661281,0.2729361473363363,0.47012408468013667,0.2753
1,1785175615.047917,13631,114.2,-208.78,-1814.4,-0.16147840015854112,0.6786891865796478,-0.7164535674432043,-0.5201182382338738,-0.6754982511895514,-0.5226654100821566,-0.8386904938883768,0.2882413930366589,0.46207700094416854,0.28400000000000003
1,1785175615.108236,13634,114.71000000000001,-208.27,-1814.31,-0.15915438205997992,0.6758637350997702,-0.7196374741827261,-0.5205261885792211,-0.6768260024675209,-0.5205372699308134,-0.8388816183909951,0.29174436406008436,0.45952459821524433,0.2917
1,1785175615.1680777,13637,115.21000000000001,-207.89000000000001,-1814.28,-0.15806729495210597,0.6771066319905722,-0.7187081042961097,-0.5207439755419824,-0.6755754306313178,-0.5219420939759896,-0.8389519904042513,0.2917609405689752,0.4593855802646092,0.3022
1,1785175615.227939,13640,115.68,-207.55,-1814.2,-0.15620140541483582,0.6786884448418573,-0.7176232408336365,-0.5208188576589371,-0.6739249515830635,-0.5239970201638606,-0.8392549305504674,0.29190264553769785,0.4587417651302565,0.3052
1,1785175615.272797,13643,116.18,-207.16,-1814.04,-0.15088145723255394,0.6793732065489787,-0.7181133838654864,-0.520327774388411,-0.6722368933646465,-0.526646528897183,-0.8405318513080772,0.29419314305878597,0.4549248306190911,0.2712
1,1785175615.3326359,13646,116.79,-206.70000000000002,-1813.94,-0.14745148154646534,0.6810461981051255,-0.7172406406752945,-0.5187560971321068,-0.6706717591032919,-0.5301806326428383,-0.8421105463524471,0.2938970356908187,0.452188412206829,0.2671
1,1785175615.3924758,13649,117.25,-206.12,-1813.83,-0.13887819814920926,0.6745808070032144,-0.7250197106987654,-0.516028039159792,-0.6741609916001611,-0.5284146290609184,-0.8452383739985599,0.3007452281044202,0.44172887486861334,0.3042
1,1785175615.452329,13655,117.39,-204.64000000000001,-1814.29,-0.1149859461815796,0.626540626260779,-0.7708599586341722,-0.5037204272580023,-0.7056139556308597,-0.4983720264842188,-0.8561798662335752,0.33099212870357186,0.39673700028171766,0.3254
1,1785175615.5123835,13658,117.77,-204.05,-1814.39,-0.112774195241738,0.6183738856878981,-0.7777504216564776,-0.5041724931237321,-0.7101065379665078,-0.49148631915305774,-0.8562079642615915,0.3366933949997701,0.3918487969849468,0.3267
1,1785175615.5572622,13661,118.17,-203.66,-1814.65,-0.11178291530755276,0.6152988703021529,-0.7803280592483134,-0.5041783274473953,-0.7117933392346244,-0.48903420775398765,-0.8563345105609677,0.3387588263442263,0.38978668986535553,0.3357
1,1785175615.6171029,13664,118.53,-203.41,-1814.83,-0.10988596996461969,0.6160928465405779,-0.7799709469246034,-0.5026090028167626,-0.7114436973668552,-0.49115380051926516,-0.8575017573699043,0.3380495080879523,0.38783149200267286,0.33080000000000004
1,1785175615.6769657,13667,118.8,-203.18,-1814.98,-0.1080251654074908,0.6145230603485439,-0.7814678316722603,-0.5021327847282716,-0.7121567389232003,-0.49060722141781005,-0.8580170337118697,0.33940269224938785,0.38550302509079193,0.3275
1,1785175615.7367835,13670,118.97,-202.96,-1815.07,-0.107030614327325,0.610057062286149,-0.7850954262709144,-0.5008722440176961,-0.7151985388406246,-0.48746081402807406,-0.8588780139049973,0.3410592775384201,0.38210878874422427,0.32320000000000004
1,1785175615.796623,13673,119.12,-202.83,-1815.05,-0.10598409408110383,0.6086082447485558,-0.7863608435228003,-0.5012985357406402,-0.715668505194218,-0.48633154199307677,-0.8587590755654918,0.3426581315205518,0.38094390011751916,0.3355
1,1785175615.8415022,13676,119.26,-202.75,-1815.02,-0.10540811647529548,0.6088365408210887,-0.786261531261794,-0.501046581749032,-0.7154855453622639,-0.4868601003319889,-0.8589769798421497,0.3426346464365133,0.38047345132424726,0.31370000000000003
1,1785175615.9013648,13682,119.36,-202.74,-1815.0,-0.10535656783168586,0.6089950048886199,-0.7861457101806489,-0.5014493641833618,-0.7152139244572837,-0.486844510519029,-0.8587482336370943,0.3429199998295818,0.38073264233849197,0.3181
1,1785175615.961182,13685,119.37,-202.69,-1814.93,-0.10590691297533567,0.6076629860133307,-0.7871019128508059,-0.5023396136129193,-0.7158166202238119,-0.4850376055591792,-0.858160030751408,0.34402363529374225,0.3810631181051514,0.3367
1,1785175616.0070615,13688,119.4,-202.64000000000001,-1814.94,-0.10621372713111135,0.6062135571053593,-0.7881774973637506,-0.5030981392441699,-0.7164786378544895,-0.4832707561887323,-0.8576776238529087,0.3452006440895538,0.3810847791006426,0.35000000000000003
1,1785175616.065902,13691,119.43,-202.58,-1814.8700000000001,-0.10639022857465073,0.6051431011622287,-0.7889758845361462,-0.5031022215624056,-0.7171758219322443,-0.4822312672305499,-0.8576533530062165,0.3456308255227975,0.3807493381814654,0.34740000000000004
1,1785175616.125743,13694,119.48,-202.55,-1814.88,-0.10549300621227059,0.604851448357338,-0.7893199294711418,-0.5029578550486704,-0.7171911721591154,-0.48235901424341054,-0.8578488338193032,0.34610915618784843,0.37987343986885547,0.33140000000000003
1,1785175616.1855826,13697,119.5,-202.53,-1814.8700000000001,-0.10628304486318775,0.6049303178895388,-0.7891534862576932,-0.5035597015011947,-0.7170948678621505,-0.48187402659802336,-0.8573981230435703,0.3461708551912285,0.38083355631763377,0.3472
1,1785175616.2454236,13700,119.51,-202.53,-1814.8700000000001,-0.10547661629944652,0.6046405364896954,-0.7894836952385227,-0.5031890651342528,-0.7172226359864633,-0.48207100634444516,-0.8577152488695395,0.3464123439805265,0.37989872307574457,0.3481
1,1785175616.2903252,13703,119.51,-202.57,-1814.82,-0.1070540784067679,0.6061329755348219,-0.7881257769327052,-0.5032979741337503,-0.7166548588864079,-0.4828011624544471,-0.8574558726426336,0.34497627339254144,0.3817863240961547,0.3519
1,1785175616.3501427,13709,119.83,-202.34,-1814.41,-0.12643536978687736,0.6140172591905182,-0.7791000594808216,-0.5185854837088495,-0.7104438958480783,-0.47575053015069113,-0.8456259180945878,0.34387828699754963,0.40824567404727835,0.3211
1,1785175616.4100132,13712,119.84,-202.33,-1814.31,-0.12983086682389197,0.6148612157327571,-0.7778750744222319,-0.5206221553070404,-0.7099432422313171,-0.47427119268783063,-0.8438581145093107,0.3434039577490646,0.4122829178841512,0.3169
1,1785175616.4698236,13715,119.77,-202.38,-1814.29,-0.12885648016124968,0.6143278454862277,-0.7784582877590186,-0.5213315897418838,-0.7097367499423244,-0.47380071688264314,-0.843569428712097,0.3447826040297797,0.4117226917486945,0.32030000000000003
1,1785175616.5297024,13718,119.7,-202.42000000000002,-1814.23,-0.12907261782785984,0.6142078607133572,-0.7785171566285385,-0.521218516907412,-0.7099097137347865,-0.4736659751109756,-0.8436062570654043,0.34464025038134266,0.4117664154070658,0.32120000000000004
1,1785175616.5895019,13721,119.65,-202.45000000000002,-1814.15,-0.12992303605201375,0.6139784009385094,-0.7785566953562331,-0.5219207280216472,-0.7099734386092166,-0.47279643625006185,-0.8430413740525319,0.3449177288142726,0.4126899586677908,0.3381
1,1785175616.649351,13727,119.58,-202.51,-1814.0900000000001,-0.1288685946220192,0.6139015728056824,-0.7787924911212583,-0.5208699138613827,-0.7101877235687857,-0.47363269537292474,-0.8438527230235033,0.34461319794647366,0.4112837532007836,0.32730000000000004
1,1785175616.7091887,13730,119.57000000000001,-202.52,-1814.0900000000001,-0.12902798627306952,0.6135905403062833,-0.7790111858022065,-0.5218940233878836,-0.7099973397879306,-0.4727900229975978,-0.843195355247124,0.3455581374251014,0.41183876280526466,0.3269
1,1785175616.769029,13733,119.56,-202.53,-1814.07,-0.13014551924884488,0.6141381818210918,-0.7783934978203072,-0.5216500230207347,-0.7100423115398047,-0.4729917222380096,-0.8431745947915628,0.3444912327660821,0.4127740220088826,0.3548
1,1785175616.8294518,13736,119.56,-202.54,-1814.08,-0.1291723102530966,0.6139571038854957,-0.7786983940219809,-0.5216212468710371,-0.7099223163718197,-0.47320352865334253,-0.8433420356395039,0.34506083421015027,0.41195537576006064,0.3356
1,1785175616.8892915,13739,119.56,-202.54,-1814.06,-0.12887609613245973,0.6140044617758478,-0.7787101339811939,-0.5207572531161416,-0.7101729967537674,-0.47377863819372906,-0.8439211071969869,0.3444602090243882,0.41127160031576104,0.3133
1,1785175616.9491327,13745,119.55,-202.55,-1814.06,-0.12925852109299668,0.6142064134136448,-0.7784874542639709,-0.5207720325223093,-0.7101390243257187,-0.473813313734744,-0.84385349727748,0.3441700856426414,0.4116530423564275,0.3305
1,1785175617.0089717,13748,119.56,-202.55,-1814.01,-0.12979313905663645,0.6143474891469927,-0.7782871601360327,-0.5211851128419525,-0.7100173799342113,-0.4735413375232192,-0.8435163419909221,0.344169264708724,0.4123441499816751,0.3395
1,1785175617.0688114,13751,119.56,-202.56,-1814.06,-0.12978564533213005,0.6142447016233404,-0.778369534856919,-0.5212976789238639,-0.7100321056272868,-0.47339533048718774,-0.843447933315575,0.3443223134014627,0.41235631228289704,0.3443
1,1785175617.128956,13754,119.56,-202.55,-1814.06,-0.12951128257024125,0.6142476724092053,-0.778412888271311,-0.5208344916416124,-0.7101511772207716,-0.4737264377342426,-0.8437761907066554,0.3440713624116744,0.41189396398192096,0.3316
1,1785175617.1887958,13757,119.56,-202.57,-1814.0900000000001,-0.1296118061405018,0.6143496712778185,-0.7783156564722524,-0.5204985487557474,-0.7102509177337261,-0.4739460882859573,-0.8439680328378306,0.34368316115171565,0.4118250165890923,0.3246
1,1785175617.2491543,13763,119.56,-202.57,-1814.06,-0.12900573325762024,0.6141651263855391,-0.7785619553500532,-0.5207095473317406,-0.7101268820092527,-0.4739001780600959,-0.8439307365561686,0.3442688033784817,0.4114120840667065,0.3214
1,1785175617.3089938,13766,119.56,-202.56,-1814.03,-0.13000172645798813,0.6141245585383519,-0.7784282739713512,-0.5211844535893481,-0.7102050008596287,-0.47326062808007563,-0.8434846272782424,0.34418001591325625,0.41240004872845926,0.3407
1,1785175617.3688347,13769,119.56,-202.56,-1814.02,-0.1289269909313647,0.6140185736921279,-0.7786905817912971,-0.5214462621261783,-0.7098955360348248,-0.47343650433027007,-0.8434877750886619,0.3450065493275652,0.41170238546438565,0.32480000000000003
1,1785175617.4286757,13772,119.56,-202.57,-1814.02,-0.1291505852074742,0.6140014428369017,-0.7786670370156745,-0.521220535083039,-0.7100538123896166,-0.47344771339475467,-0.8435930773473177,0.3447112004347614,0.41173402597612485,0.3326
1,1785175617.4885163,13775,119.56,-202.57,-1813.99,-0.1300159729898788,0.6139775833260174,-0.7785418254279206,-0.5216976163973654,-0.7100882634059709,-0.47287023084393887,-0.843165134367404,0.3446827314302766,0.4126334582180186,0.34800000000000003
1,1785175617.5483549,13781,119.57000000000001,-202.58,-1814.06,-0.12977154601378205,0.6143916808326915,-0.7782558758973641,-0.5207843268092514,-0.7101485461865407,-0.47378552879860936,-0.8437671662224291,0.3438195818634002,0.41212263263772464,0.3307
1,1785175617.6081936,13784,119.55,-202.58,-1814.02,-0.12891210927919472,0.6138127696124894,-0.7788552830544544,-0.521671464801069,-0.7099247483630103,-0.4731445175356296,-0.8433507875691444,0.3453125186296634,0.4117265033783255,0.3272
1,1785175617.6680346,13787,119.56,-202.58,-1814.01,-0.12816231701497363,0.6136140255539663,-0.7791355775093384,-0.5214167794699369,-0.7099632400755626,-0.4733674469464588,-0.8436225237536945,0.3455864947952478,0.41093918288547465,0.3209
1,1785175617.7278733,13790,119.56,-202.58,-1814.04,-0.1289269909313647,0.6140185736921279,-0.7786905817912971,-0.5214462621261783,-0.7098955360348248,-0.47343650433027007,-0.8434877750886619,0.3450065493275652,0.41170238546438565,0.32780000000000004
1,1785175617.7727542,13793,119.56,-202.58,-1814.04,-0.12977816888603408,0.6141419000443958,-0.7784518954247895,-0.5214102365144765,-0.7100467973670765,-0.4732493114698377,-0.8433795065914903,0.3444753578394501,0.4123684465412903,0.3456
1,1785175617.8325934,13796,119.56,-202.58,-1814.01,-0.12977816888603408,0.6141419000443958,-0.7784518954247895,-0.5214102365144765,-0.7100467973670765,-0.4732493114698377,-0.8433795065914903,0.3444753578394501,0.4123684465412903,0.33990000000000004
1,1785175617.8924336,13799,119.57000000000001,-202.59,-1814.03,-0.12873789426734283,0.613918016854055,-0.7788011448127146,-0.5208723998883305,-0.7101442415325679,-0.4736951543479257,-0.8438711380383749,0.3446735046389819,0.4111954250544382,0.3201
1,1785175617.9373467,13802,119.56,-202.59,-1814.02,-0.12988613865634624,0.614346662530272,-0.7782722976072451,-0.5209618725864961,-0.7101320110153511,-0.4736150908094721,-0.8436399221801418,0.3439341581890481,0.4122874925760844,0.3311
1,1785175617.9971545,13808,119.57000000000001,-202.58,-1814.04,-0.12925100502482903,0.6141035725438756,-0.7785698298090674,-0.5208846703014655,-0.7101537859074217,-0.47366735226980683,-0.843785125458493,0.34432310777844194,0.41166522746619016,0.3331
1,1785175618.0570152,13811,119.57000000000001,-202.59,-1814.03,-0.12950376899889526,0.6141448562107074,-0.7784952597190368,-0.5209471052339795,-0.7101659382884629,-0.47358046163582856,-0.8437078210870266,0.34422439728293064,0.4119061506602994,0.32170000000000004
1,1785175618.1168334,13814,119.57000000000001,-202.59,-1814.04,-0.12977816888603408,0.6141419000443958,-0.7784518954247895,-0.5214102365144765,-0.7100467973670765,-0.4732493114698377,-0.8433795065914903,0.3444753578394501,0.4123684465412903,0.3387
1,1785175618.1771777,13817,119.57000000000001,-202.59,-1814.02,-0.12917975725475325,0.6140599742354703,-0.7786160403931688,-0.5215086654680506,-0.70990769373812,-0.47334953069920405,-0.8434105181685464,0.3449078346650848,0.4119433012312576,0.3336
1,1785175618.2220583,13820,119.57000000000001,-202.59,-1814.0,-0.12980729957884019,0.6142005017821189,-0.7784008020208113,-0.5216983303392381,-0.7099006923021702,-0.47315098984378157,-0.8431968436238956,0.3446719464643046,0.4125776681101478,0.34440000000000004
1,1785175618.2818985,13823,119.58,-202.59,-1814.02,-0.1289195414559285,0.6139156786719462,-0.7787729395090441,-0.5215588677186257,-0.7099101591773876,-0.47329051691408475,-0.843419290350214,0.34515953612423955,0.4117144584389059,0.334
1,1785175618.341742,13826,119.57000000000001,-202.59,-1814.0,-0.12941831424444236,0.6142484456007232,-0.7784277403942014,-0.5210577456769832,-0.7100365524339475,-0.4736527418665856,-0.8436526095545174,0.34430646419259897,0.41195064401824105,0.3272
1,1785175618.3866227,13829,119.58,-202.59,-1814.03,-0.12924350624582268,0.6140007176160024,-0.7786521911998449,-0.5209972996029607,-0.7101685135331569,-0.4735213788125401,-0.8437167355811479,0.3444761256649583,0.41167738454662645,0.32130000000000003
1,1785175618.4464624,13835,119.58,-202.59,-1814.01,-0.12951798061189643,0.6139977524741494,-0.7786089215099643,-0.5214604451023792,-0.7100492807916279,-0.473190260932028,-0.8433884614410166,0.3447271077301368,0.41213969028009156,0.33490000000000003
1,1785175618.5063012,13838,119.58,-202.59,-1814.05,-0.12878260753895596,0.613651977352987,-0.7790033958117488,-0.5217191230718468,-0.7099706725803577,-0.4730230445728171,-0.8433410915024893,0.34550382742679325,0.41158584598699016,0.32220000000000004
1,1785175618.5661435,13841,119.58,-202.6,-1814.02,-0.12949627271097272,0.6140420259542942,-0.7785776170144574,-0.5210597103473746,-0.7101806654013579,-0.47343447354707324,-0.8436394334113806,0.3443774279072748,0.411918309305734,0.3284
1,1785175618.6264658,13844,119.58,-202.59,-1813.99,-0.128377240680202,0.6136713272887558,-0.7790550597608583,-0.5212585331124461,-0.7100466923794666,-0.47341655684866,-0.8436876351664748,0.34531318640422093,0.4110352509974847,0.3146
1,1785175618.6713457,13847,119.58,-202.59,-1814.02,-0.12843002911711138,0.6138614427756064,-0.7788965635400049,-0.5212539193053768,-0.7099461506347343,-0.4735723965854713,-0.8436824516545083,0.34518196979618465,0.4111560877548383,0.3145
1,1785175618.7316904,13850,119.59,-202.6,-1814.04,-0.12982223504743232,0.6144060828702941,-0.7782360519914706,-0.5214732533608741,-0.709871344586345,-0.4734430484909463,-0.8433337615182468,0.3443658511919499,0.4125534234694084,0.3391
1,1785175618.7915306,13853,119.59,-202.6,-1814.01,-0.12938843212988546,0.6138370749680208,-0.7787571373834558,-0.5215080849098988,-0.7100952482565138,-0.4730687643219853,-0.8433788893519802,0.34491851762151704,0.41199910824805847,0.3246
1,1785175618.8364105,13856,119.58,-202.6,-1814.02,-0.1288685946220192,0.6139015728056824,-0.7787924911212583,-0.5208699138613827,-0.7101877235687857,-0.47363269537292474,-0.8438527230235033,0.34461319794647366,0.4112837532007836,0.32530000000000003
1,1785175618.8962593,13862,119.58,-202.6,-1814.01,-0.12916488054440306,0.6138542194964275,-0.7787807334804719,-0.5217338197627149,-0.7099369050497504,-0.4730575146472027,-0.8432735350701792,0.3452138294663374,0.41196742225014543,0.3351
1,1785175618.956091,13865,119.58,-202.61,-1814.01,-0.12943995902943034,0.6142041783744404,-0.7784590703908832,-0.5214584769973156,-0.7099052059501542,-0.4734085501261142,-0.8434016562552504,0.34465609791826984,0.41217207619349044,0.3372
1,1785175619.0159643,13868,119.59,-202.61,-1814.04,-0.12925034873157124,0.6137506204137534,-0.7788482029859861,-0.5216232479485097,-0.7100663327444694,-0.4729851903627302,-0.8433288412905222,0.345131828501159,0.4119229131804054,0.3317
1,1785175619.0757713,13871,119.59,-202.6,-1814.01,-0.12967776873083978,0.6140398702037476,-0.7785491083400944,-0.5217459268751398,-0.709946662514452,-0.47302951723311354,-0.8431873244340148,0.34486341381009955,0.4124371003305254,0.33640000000000003
1,1785175619.120651,13874,119.59,-202.61,-1814.02,-0.12867537250875272,0.6137999780374398,-0.7789045098540465,-0.521428981653322,-0.7099729014087152,-0.47333951489102494,-0.8435368786257739,0.34523624697666044,0.41140912504677984,0.31820000000000004
1,1785175619.1804912,13877,119.59,-202.61,-1814.02,-0.12888288905516587,0.6137542571786552,-0.7789062284407996,-0.5213833611789955,-0.710070949151786,-0.473242683891019,-0.8435333968459617,0.3451158631036236,0.4115172529065508,0.3189
1,1785175619.240331,13880,119.59,-202.62,-1814.02,-0.1285079766406596,0.6136549526582302,-0.7790464036357201,-0.5212560196108044,-0.7100901828961543,-0.47335408963481784,-0.8436692847077133,0.3452528511577156,0.4111235906734663,0.3234
1,1785175619.30017,13886,119.59,-202.61,-1814.02,-0.12856644745067633,0.6137718986772023,-0.7789446225400715,-0.5218322122477556,-0.7097977044835088,-0.4731578605186167,-0.8433041034232702,0.34564617038833734,0.4115421169763196,0.3251
1,1785175619.36001,13889,119.59,-202.62,-1814.05,-0.12889780544718493,0.6139600692649133,-0.7787415419117708,-0.5211581118006692,-0.710041667108835,-0.4735346380927879,-0.8436703018687222,0.3448098959100929,0.41149308308549976,0.31520000000000004
1,1785175619.4198523,13892,119.59,-202.61,-1814.03,-0.1285372247054625,0.613713421680992,-0.7789955185452778,-0.5215441397680415,-0.7099439809908217,-0.4732560133041283,-0.8434867468660258,0.34544953307757226,0.4113328675876221,0.31670000000000004
1,1785175619.4796913,13895,119.60000000000001,-202.61,-1814.03,-0.12979313905663645,0.6143474891469927,-0.7782871601360327,-0.5211851128419525,-0.7100173799342113,-0.4735413375232192,-0.8435163419909221,0.344169264708724,0.4123441499816751,0.3352
1,1785175619.5395305,13898,119.60000000000001,-202.61,-1814.0,-0.12881923195413994,0.6138134137886011,-0.7788701422778567,-0.5218945797733396,-0.709809854576767,-0.4730708381933067,-0.8432269285797002,0.34554748356614023,0.41178305394849996,0.3262
1,1785175619.59937,13904,119.60000000000001,-202.61,-1814.01,-0.12943249721508407,0.6141013467412031,-0.7785414340902531,-0.5215710427137814,-0.709919862027387,-0.47326254542428636,-0.8433331939791806,0.34480911448170354,0.4121841803165395,0.3307
1,1785175619.6592097,13907,119.60000000000001,-202.62,-1814.03,-0.12964860623844013,0.6139812808756914,-0.7786001705847972,-0.5214578597686399,-0.710092791161193,-0.4731278140486099,-0.843369989616621,0.34466681690460416,0.4122279053374584,0.3346
1,1785175619.7040899,13910,119.60000000000001,-202.62,-1814.03,-0.1290502242295797,0.6138992636744202,-0.7787642349814867,-0.5215563084379884,-0.7099536795487091,-0.4732280528706926,-0.8434008873334397,0.3450992132057881,0.41180271525320594,0.3194
1,1785175619.7639296,13913,119.59,-202.62,-1814.01,-0.12957742737813738,0.6139377909141751,-0.7786463120066042,-0.5220815257130539,-0.7098463683938363,-0.4728097014520872,-0.8429950004734271,0.3452513898096638,0.4125056448235612,0.3376
1,1785175619.82377,13916,119.60000000000001,-202.62,-1814.02,-0.12904279428269447,0.613796369913866,-0.7788465660990453,-0.521668888606216,-0.7099682669168544,-0.4730820548609231,-0.8433323946725095,0.34525219224740433,0.411814759138489,0.3255
1,1785175619.869192,13919,119.59,-202.62,-1814.01,-0.1288903386021845,0.6138571702426412,-0.7788238922610881,-0.5212707407393256,-0.7100563251089554,-0.4733886669765555,-0.8436018583811257,0.3449628816473772,0.41150518201044384,0.32070000000000004
1,1785175619.9290326,13922,119.60000000000001,-202.62,-1814.01,-0.1288049047816372,0.6139607326272589,-0.7787563902119794,-0.521381310015696,-0.7099269089555795,-0.4734609947050476,-0.8435465761121373,0.34504492857101354,0.4115497189853421,0.3235
1,1785175619.9888723,13925,119.60000000000001,-202.62,-1814.02,-0.12890528958927427,0.6140629542396574,-0.7786591773981538,-0.5210454743700038,-0.7100269751531776,-0.47368059723126366,-0.8437387273051077,0.3446569059010616,0.41148095613316504,0.31930000000000003
1,1785175620.0487118,13931,119.60000000000001,-202.62,-1814.01,-0.12894992211091943,0.6137970350957725,-0.7788614236789665,-0.521891990281638,-0.709853387442726,-0.4730083707673235,-0.8432085554994437,0.34548714598914665,0.4118712952960131,0.3276
1,1785175620.108553,13934,119.61,-202.63,-1814.01,-0.1288903386021845,0.6138571702426412,-0.7788238922610881,-0.5212707407393256,-0.7100563251089554,-0.4733886669765555,-0.8436018583811257,0.3449628816473772,0.41150518201044384,0.3231
1,1785175620.1683948,13937,119.60000000000001,-202.62,-1814.0,-0.12879745506784435,0.6138578282373222,-0.7788387395859331,-0.5214939228777318,-0.7099415307850049,-0.4733150232860125,-0.8434780992827502,0.34519789915120064,0.4115617893487642,0.3205
1,1785175620.2282348,13940,119.61,-202.62,-1814.03,-0.1285154288994155,0.6137578997496215,-0.7789640717194428,-0.5211433677257908,-0.7100755596589963,-0.47350004208065777,-0.8437377405392156,0.34509989868137775,0.4111115239443943,0.3052
1,1785175620.28858,13943,119.60000000000001,-202.63,-1814.02,-0.12907199012788567,0.6138549008661983,-0.7787955970901329,-0.5219569211955497,-0.7098220152614355,-0.4729838042325098,-0.8431496864617158,0.3454487911872673,0.41202395426330024,0.319
1,1785175620.3484197,13949,119.60000000000001,-202.62,-1814.0,-0.1287900226533209,0.6137549098106257,-0.7789210747876238,-0.521606527232107,-0.7099561186605121,-0.4731690399057842,-0.8434096044116511,0.34535086543955684,0.4115738316831269,0.3264
1,1785175620.4082618,13952,119.61,-202.62,-1814.02,-0.12856644745067633,0.6137718986772023,-0.7789446225400715,-0.5218322122477556,-0.7097977044835088,-0.4731578605186167,-0.8433041034232702,0.34564617038833734,0.4115421169763196,0.321
1,1785175620.4680994,13955,119.61,-202.63,-1814.01,-0.1295404174051891,0.6143062312318844,-0.7783618275122232,-0.521122699754061,-0.7100052040371647,-0.47362827411503106,-0.843593748234023,0.3442680126149141,0.41210329218613273,0.3241
1,1785175620.5279393,13958,119.61,-202.62,-1814.02,-0.12914312084190166,0.613898568482532,-0.7787493832770029,-0.52133313983592,-0.710068469879864,-0.47330172764452283,-0.8435246360646709,0.3448641989212087,0.41174612645949443,0.325
1,1785175620.5877793,13961,119.61,-202.63,-1814.02,-0.12926605444942704,0.6143092402195021,-0.7784050645698651,-0.5206593862724712,-0.7101242287898133,-0.47395926319890264,-0.8439218510344731,0.3440170592668496,0.41164082921879525,0.3168
1,1785175620.6476192,13967,119.61,-202.63,-1814.03,-0.1297998577641363,0.6140976901645507,-0.7784831557965616,-0.5218108560679763,-0.7099153152289176,-0.4730049425672339,-0.8431283576146729,0.34482498769374315,0.4125897483554267,0.332
1,1785175620.7074597,13970,119.61,-202.62,-1813.99,-0.12957742737813738,0.6139377909141751,-0.7786463120066042,-0.5220815257130539,-0.7098463683938363,-0.4728097014520872,-0.8429950004734271,0.3452513898096638,0.4125056448235612,0.3403
1,1785175620.7523403,13973,119.61,-202.63,-1814.02,-0.12934650347734694,0.6138520506917737,-0.7787522981665533,-0.5224197020161135,-0.7097023559641434,-0.4726523255886289,-0.8428209400481098,0.34569961787720876,0.4124859236579741,0.34500000000000003
1,1785175620.8121808,13976,119.62,-202.63,-1814.04,-0.12941081778783176,0.6141456240161893,-0.7785101108792679,-0.5211703432236605,-0.710051277318502,-0.4735067654453267,-0.8435842065755004,0.3444594839456875,0.41196280212690845,0.3201
1,1785175620.8720198,13979,119.61,-202.63,-1813.99,-0.1287900226533209,0.6137549098106257,-0.7789210747876238,-0.521606527232107,-0.7099561186605121,-0.4731690399057842,-0.8434096044116511,0.34535086543955684,0.4115738316831269,0.3201
1,1785175620.9169216,13982,119.61,-202.63,-1814.01,-0.12993045835739564,0.6140812113055762,-0.7784743681795271,-0.5218082277184398,-0.7099588514570654,-0.47294249409743855,-0.843109867974737,0.3447646953492211,0.41267790753126204,0.3411
1,1785175620.9767401,13985,119.61,-202.64000000000001,-1814.01,-0.12889780544718493,0.6139600692649133,-0.7787415419117708,-0.5211581118006692,-0.710041667108835,-0.4735346380927879,-0.8436703018687222,0.3448098959100929,0.41149308308549976,0.3214
1,1785175621.03658,13988,119.63,-202.64000000000001,-1814.04,-0.1288685946220192,0.6139015728056824,-0.7787924911212583,-0.5208699138613827,-0.7101877235687857,-0.47363269537292474,-0.8438527230235033,0.34461319794647366,0.4112837532007836,0.31570000000000004
1,1785175621.0964193,13994,119.62,-202.64000000000001,-1814.06,-0.1290502242295797,0.6138992636744202,-0.7787642349814867,-0.5215563084379884,-0.7099536795487091,-0.4732280528706926,-0.8434008873334397,0.3450992132057881,0.41180271525320594,0.33130000000000004
1,1785175621.156259,13997,119.61,-202.64000000000001,-1814.0,-0.1289195414559285,0.6139156786719462,-0.7787729395090441,-0.5215588677186257,-0.7099101591773876,-0.47329051691408475,-0.843419290350214,0.34515953612423955,0.4117144584389059,0.325
1,1785175621.201161,14000,119.61,-202.63,-1813.99,-0.1290572168517059,0.6136490792843428,-0.7789602315086246,-0.5221820091938545,-0.7098510184311158,-0.47269173983324164,-0.8430125645877178,0.34575473839961485,0.412047905978726,0.3412
1,1785175621.2609794,14003,119.61,-202.64000000000001,-1814.04,-0.1285521117750609,0.6139192938261042,-0.7788308258063683,-0.5213188741860454,-0.7099147702708969,-0.47354793882838736,-0.8436237229805517,0.34514362172764745,0.4113087579971475,0.32330000000000003
1,1785175621.3208191,14006,119.61,-202.63,-1814.0,-0.12903538163022898,0.613693462122548,-0.7789288830410526,-0.5217814602585054,-0.7099828203305084,-0.4729360449004061,-0.8432638839758543,0.3454051669902719,0.41182677498965425,0.3235
1,1785175621.3662102,14009,119.61,-202.65,-1814.02,-0.12942505268707205,0.613998501063243,-0.7786237836266239,-0.5216835999246081,-0.7099344841517718,-0.47311652875571697,-0.8432647136615229,0.344962126767923,0.4121962563986984,0.33240000000000003
1,1785175621.4260495,14012,119.61,-202.63,-1813.97,-0.12839216697926115,0.6138772380361124,-0.7788903569049523,-0.5210331870046353,-0.7100174083020802,-0.47370845247661575,-0.8438245490018423,0.34500727025550004,0.4110110874084616,0.3113
1,1785175621.4858902,14015,119.62,-202.64000000000001,-1814.01,-0.12916488054440306,0.6138542194964275,-0.7787807334804719,-0.5217338197627149,-0.7099369050497504,-0.4730575146472027,-0.8432735350701792,0.3452138294663374,0.41196742225014543,0.33280000000000004
1,1785175621.5457304,14021,119.62,-202.65,-1814.02,-0.12863753003753775,0.6138157439758034,-0.7788983363143567,-0.5212083155615216,-0.7100441909216015,-0.47347559464877376,-0.8436790134022317,0.34506155883540474,0.41126420092042726,0.3138
1,1785175621.6055694,14024,119.62,-202.64000000000001,-1814.03,-0.12889780544718493,0.6139600692649133,-0.7787415419117708,-0.5211581118006692,-0.710041667108835,-0.4735346380927879,-0.8436703018687222,0.3448098959100929,0.41149308308549976,0.3277
1,1785175621.650642,14027,119.62,-202.64000000000001,-1814.03,-0.12941762544628452,0.6138956413463713,-0.7787061189946902,-0.5217961486228226,-0.7099490723215601,-0.4729705001288614,-0.8431962153059241,0.3451151347676361,0.41220830443852297,0.33240000000000003
1,1785175621.7104816,14030,119.62,-202.64000000000001,-1814.0,-0.12980729957884019,0.6142005017821189,-0.7784008020208113,-0.5216983303392381,-0.7099006923021702,-0.47315098984378157,-0.8431968436238956,0.3446719464643046,0.4125776681101478,0.3341
1,1785175621.7708268,14033,119.62,-202.64000000000001,-1813.98,-0.1300599863034246,0.614241807956754,-0.7783260250825301,-0.5217606489493474,-0.7099128901925462,-0.4730639634831869,-0.8431193421875157,0.34457319932995983,0.41281846510640346,0.3408
1,1785175621.830667,14036,119.61,-202.64000000000001,-1814.0,-0.12816231701497363,0.6136140255539663,-0.7791355775093384,-0.5214167794699369,-0.7099632400755626,-0.4733674469464588,-0.8436225237536945,0.3455864947952478,0.41093918288547465,0.31220000000000003
1,1785175621.891014,14042,119.61,-202.64000000000001,-1814.02,-0.1290502242295797,0.6138992636744202,-0.7787642349814867,-0.5215563084379884,-0.7099536795487091,-0.4732280528706926,-0.8434008873334397,0.3450992132057881,0.41180271525320594,0.3245
1,1785175621.9513521,14045,119.62,-202.64000000000001,-1813.98,-0.12904279428269447,0.613796369913866,-0.7788465660990453,-0.521668888606216,-0.7099682669168544,-0.4730820548609231,-0.8433323946725095,0.34525219224740433,0.411814759138489,0.3279
1,1785175622.0111926,14048,119.61,-202.65,-1814.0,-0.1280315499624545,0.6136303613483932,-0.7791442111994751,-0.521419286586898,-0.709919737422537,-0.4734299251136612,-0.8436408298496596,0.3456468516410307,0.4108508295734856,0.3048
1,1785175622.0710323,14051,119.63,-202.64000000000001,-1814.04,-0.1297707097192425,0.6140390844159658,-0.7785342418343375,-0.5215227856068169,-0.7100614551518238,-0.473103280479623,-0.8433110618223091,0.3446283980133923,0.41238055275540403,0.3304
1,1785175622.1159122,14054,119.62,-202.64000000000001,-1814.02,-0.1287900226533209,0.6137549098106257,-0.7789210747876238,-0.521606527232107,-0.7099561186605121,-0.4731690399057842,-0.8434096044116511,0.34535086543955684,0.4115738316831269,0.32270000000000004
1,1785175622.1757534,14057,119.62,-202.65,-1814.04,-0.12890469440205202,0.6137098465195745,-0.7789376124222234,-0.5217840533665328,-0.7099393035899482,-0.4729985062033606,-0.8432822667491027,0.3454654968345457,0.41173852028120417,0.3249
1,1785175622.2355924,14060,119.62,-202.65,-1814.0,-0.1285372247054625,0.613713421680992,-0.7789955185452778,-0.5215441397680415,-0.7099439809908217,-0.4732560133041283,-0.8434867468660258,0.34544953307757226,0.4113328675876221,0.3153
1,1785175622.295433,14066,119.63,-202.65,-1813.99,-0.12864499936210072,0.6139186676641668,-0.7788159818805591,-0.5210956624397941,-0.7100295324120611,-0.4736215511240406,-0.8437474590928007,0.34490858585451933,0.41125210355483693,0.3175
1,1785175622.3552723,14069,119.62,-202.65,-1814.0,-0.12914312084190166,0.613898568482532,-0.7787493832770029,-0.52133313983592,-0.710068469879864,-0.47330172764452283,-0.8435246360646709,0.3448641989212087,0.41174612645949443,0.3281
1,1785175622.4001517,14072,119.62,-202.65,-1814.0,-0.12889780544718493,0.6139600692649133,-0.7787415419117708,-0.5211581118006692,-0.710041667108835,-0.4735346380927879,-0.8436703018687222,0.3448098959100929,0.41149308308549976,0.3141
1,1785175622.4599924,14075,119.63,-202.64000000000001,-1814.01,-0.12815489674022376,0.6135110344169918,-0.7792178983378755,-0.5215294309377128,-0.7099777936986751,-0.47322149689183296,-0.8435540143389089,0.3457394150272057,0.4109511914928068,0.3109
1,1785175622.519832,14078,119.62,-202.64000000000001,-1813.97,-0.12881923195413994,0.6138134137886011,-0.7788701422778567,-0.5218945797733396,-0.709809854576767,-0.4730708381933067,-0.8432269285797002,0.34554748356614023,0.41178305394849996,0.331
1,1785175622.5796723,14081,119.62,-202.66,-1814.0,-0.12816231701497363,0.6136140255539663,-0.7791355775093384,-0.5214167794699369,-0.7099632400755626,-0.4733674469464588,-0.8436225237536945,0.3455864947952478,0.41093918288547465,0.30670000000000003
1,1785175622.6395118,14084,119.63,-202.65,-1814.0,-0.12942505268707205,0.613998501063243,-0.7786237836266239,-0.5216835999246081,-0.7099344841517718,-0.47311652875571697,-0.8432647136615229,0.344962126767923,0.4121962563986984,0.3282
1,1785175622.6843917,14087,119.63,-202.64000000000001,-1814.01,-0.12967776873083978,0.6140398702037476,-0.7785491083400944,-0.5217459268751398,-0.709946662514452,-0.47302951723311354,-0.8431873244340148,0.34486341381009955,0.4124371003305254,0.3332
1,1785175622.744232,14093,119.62,-202.65,-1813.99,-0.12877570488575266,0.613902244622683,-0.7788073265438693,-0.5210931630912894,-0.7100730287387957,-0.47355908737688496,-0.8437290638651086,0.3448482679454035,0.41134041727547604,0.3103
1,1785175622.8040717,14096,119.63,-202.66,-1814.02,-0.12904279428269447,0.613796369913866,-0.7788465660990453,-0.521668888606216,-0.7099682669168544,-0.4730820548609231,-0.8433323946725095,0.34525219224740433,0.411814759138489,0.32580000000000003
1,1785175622.8489516,14099,119.63,-202.65,-1814.0,-0.1285521117750609,0.6139192938261042,-0.7788308258063683,-0.5213188741860454,-0.7099147702708969,-0.47354793882838736,-0.8436237229805517,0.34514362172764745,0.4113087579971475,0.3195
1,1785175622.9093022,14102,119.62,-202.66,-1814.0,-0.1288903386021845,0.6138571702426412,-0.7788238922610881,-0.5212707407393256,-0.7100563251089554,-0.4733886669765555,-0.8436018583811257,0.3449628816473772,0.41150518201044384,0.32020000000000004
1,1785175622.969145,14105,119.62,-202.66,-1813.99,-0.12881183421178982,0.6137104853403057,-0.778952470661953,-0.5220071522305818,-0.7098243736447215,-0.47292482658451834,-0.8431583744392939,0.34570044657657745,0.41179504228395275,0.3281
1,1785175623.0289857,14108,119.63,-202.66,-1814.0,-0.12951798061189643,0.6139977524741494,-0.7786089215099643,-0.5214604451023792,-0.7100492807916279,-0.473190260932028,-0.8433884614410166,0.3447271077301368,0.41213969028009156,0.3294
1,1785175623.0895905,14114,119.63,-202.65,-1814.01,-0.12827698042759333,0.6135689237415896,-0.7791522265327657,-0.5215943704247654,-0.7099464088414479,-0.47319700898708605,-0.843495304689701,0.34570113160317995,0.41110387808278986,0.31170000000000003
1,1785175623.14943,14117,119.62,-202.66,-1814.0,-0.12843697829085893,0.613611050009008,-0.7790926914779498,-0.5218798724232094,-0.7098436117983028,-0.4730364103836775,-0.8432943385123892,0.34583742726313316,0.41140142505461635,0.3124
1,1785175623.20927,14120,119.63,-202.66,-1814.0,-0.1288044537711995,0.613607542869328,-0.7790347848604505,-0.5221197161552025,-0.7098388587556369,-0.47277880303848796,-0.8430898022694341,0.34585340526639374,0.4118070025812163,0.32830000000000004
1,1785175623.269129,14123,119.64,-202.65,-1814.02,-0.1291580668643973,0.6141043031439276,-0.7785846765920603,-0.5211079218368412,-0.7100391209450029,-0.4735936871692194,-0.8436615005810923,0.3445581976789391,0.41172189746174614,0.32880000000000004
1,1785175623.3140082,14126,119.63,-202.66,-1814.02,-0.1290502242295797,0.6138992636744202,-0.7787642349814867,-0.5215563084379884,-0.7099536795487091,-0.4732280528706926,-0.8434008873334397,0.3450992132057881,0.41180271525320594,0.3196
1,1785175623.374583,14129,119.63,-202.66,-1813.98,-0.12915007300945786,0.6136484086242721,-0.778945369865275,-0.5219589399842514,-0.7099659805313314,-0.4727654507879166,-0.8431364798252821,0.34551980707491076,0.4119914311084005,0.3291
1,1785175623.434422,14132,119.63,-202.66,-1814.0,-0.12881183421178982,0.6137104853403057,-0.778952470661953,-0.5220071522305818,-0.7098243736447215,-0.47292482658451834,-0.8431583744392939,0.34570044657657745,0.41179504228395275,0.32880000000000004
1,1785175623.4944623,14138,119.64,-202.66,-1814.01,-0.12879745506784435,0.6138578282373222,-0.7788387395859331,-0.5214939228777318,-0.7099415307850049,-0.4733150232860125,-0.8434780992827502,0.34519789915120064,0.4115617893487642,0.3183
1,1785175623.554302,14141,119.63,-202.66,-1814.01,-0.12819898779602756,0.613775432243397,-0.7790023994202491,-0.5215922318576912,-0.7098024097337974,-0.47341533857893425,-0.8435084843638424,0.34563023292317113,0.41113644802630667,0.3169
1,1785175623.5991817,14144,119.63,-202.66,-1814.01,-0.12881923195413994,0.6138134137886011,-0.7788701422778567,-0.5218945797733396,-0.709809854576767,-0.4730708381933067,-0.8432269285797002,0.34554748356614023,0.41178305394849996,0.3242
1,1785175623.6590295,14147,119.64,-202.65,-1814.01,-0.12855166436070858,0.6135659784241394,-0.7791092732797628,-0.5220573970077799,-0.7098267096706719,-0.4728658546221844,-0.8431669726807098,0.3459520665620253,0.41156606252448846,0.3282
1,1785175623.7188616,14150,119.63,-202.66,-1814.02,-0.12798794141138362,0.6137195260358652,-0.7790811448209933,-0.5206174634758807,-0.7101827640463956,-0.47391760715905246,-0.8441424900911081,0.34494751051969486,0.41040793292655636,0.3037
1,1785175623.7637415,14153,119.62,-202.66,-1813.99,-0.12783115873523784,0.6134253212749766,-0.7793385465092164,-0.5220908110516469,-0.7097188258929548,-0.472990880661096,-0.8432558211313099,0.34642252148470004,0.4109879033941784,0.305
1,1785175623.8235824,14156,119.64,-202.66,-1814.01,-0.12879745506784435,0.6138578282373222,-0.7788387395859331,-0.5214939228777318,-0.7099415307850049,-0.4733150232860125,-0.8434780992827502,0.34519789915120064,0.4115617893487642,0.32080000000000003
1,1785175623.8834217,14159,119.63,-202.65,-1813.98,-0.1282918378163573,0.6137748732799637,-0.7789875539954831,-0.5213690734996714,-0.7099172650216892,-0.473488929144303,-0.8436323213034191,0.3453952543887787,0.41107982764654755,0.32230000000000003
1,1785175623.9432626,14165,119.63,-202.67000000000002,-1814.0,-0.12928697061907074,0.613912069309057,-0.778714871043834,-0.5217987545237943,-0.7099055422031627,-0.47303295966206266,-0.8432146458675635,0.34517545148214857,0.41212009012972695,0.3345
1,1785175624.003101,14168,119.64,-202.66,-1814.02,-0.12916488054440306,0.6138542194964275,-0.7787807334804719,-0.5217338197627149,-0.7099369050497504,-0.4730575146472027,-0.8432735350701792,0.3452138294663374,0.41196742225014543,0.3362
1,1785175624.0479827,14171,119.63,-202.66,-1813.98,-0.12868238491894082,0.6135496481611412,-0.7791005538779401,-0.522054793379347,-0.7098702367656753,-0.47280338372720143,-0.8431486443808237,0.34589171166072147,0.41165432984871614,0.3235
1,1785175624.1078227,14174,119.64,-202.66,-1813.97,-0.12932472194488925,0.6138963599085389,-0.7787209869940084,-0.5220192365101854,-0.7098341865347229,-0.4728967586481337,-0.8430723770870447,0.3453500932642611,0.4122648178964172,0.3297
1,1785175624.167662,14177,119.64,-202.67000000000002,-1814.02,-0.12879745506784435,0.6138578282373222,-0.7788387395859331,-0.5214939228777318,-0.7099415307850049,-0.4733150232860125,-0.8434780992827502,0.34519789915120064,0.4115617893487642,0.3216
1,1785175624.2275016,14180,119.64,-202.67000000000002,-1813.99,-0.12925100502482903,0.6141035725438756,-0.7785698298090674,-0.5208846703014655,-0.7101537859074217,-0.47366735226980683,-0.843785125458493,0.34432310777844194,0.41166522746619016,0.32020000000000004
1,1785175624.2873414,14183,119.63,-202.66,-1813.98,-0.12914312084190166,0.613898568482532,-0.7787493832770029,-0.52133313983592,-0.710068469879864,-0.47330172764452283,-0.8435246360646709,0.3448641989212087,0.41174612645949443,0.3251
1,1785175624.3322523,14186,119.64,-202.66,-1813.98,-0.1291723102530966,0.6139571038854957,-0.7786983940219809,-0.5216212468710371,-0.7099223163718197,-0.47320352865334253,-0.8433420356395039,0.34506083421015027,0.41195537576006064,0.3149
1,1785175624.3920615,14192,119.64,-202.67000000000002,-1814.01,-0.1291723102530966,0.6139571038854957,-0.7786983940219809,-0.5216212468710371,-0.7099223163718197,-0.47320352865334253,-0.8433420356395039,0.34506083421015027,0.41195537576006064,0.3173
1,1785175624.4519012,14195,119.64,-202.66,-1814.0,-0.1290502242295797,0.6138992636744202,-0.7787642349814867,-0.5215563084379884,-0.7099536795487091,-0.4732280528706926,-0.8434008873334397,0.3450992132057881,0.41180271525320594,0.3179
1,1785175624.5122473,14198,119.64,-202.66,-1814.0,-0.1288903386021845,0.6138571702426412,-0.7788238922610881,-0.5212707407393256,-0.7100563251089554,-0.4733886669765555,-0.8436018583811257,0.3449628816473772,0.41150518201044384,0.31870000000000004
1,1785175624.5720868,14201,119.64,-202.66,-1813.98,-0.12827698042759333,0.6135689237415896,-0.7791522265327657,-0.5215943704247654,-0.7099464088414479,-0.47319700898708605,-0.843495304689701,0.34570113160317995,0.41110387808278986,0.3129
1,1785175624.6319275,14204,119.65,-202.66,-1813.99,-0.1287900226533209,0.6137549098106257,-0.7789210747876238,-0.521606527232107,-0.7099561186605121,-0.4731690399057842,-0.8434096044116511,0.34535086543955684,0.4115738316831269,0.3257
1,1785175624.691652,14210,119.64,-202.67000000000002,-1814.01,-0.1281697546019245,0.6137170026621604,-0.7790532424992892,-0.5213041194924779,-0.709948652497474,-0.4735133850454423,-0.8436910151266606,0.3454335702568508,0.41092714626092863,0.308
1,1785175624.7514918,14213,119.65,-202.67000000000002,-1813.99,-0.12888288905516587,0.6137542571786552,-0.7789062284407996,-0.5213833611789955,-0.710070949151786,-0.473242683891019,-0.8435333968459617,0.3451158631036236,0.4115172529065508,0.3251
1,1785175624.7963736,14216,119.64,-202.67000000000002,-1814.0,-0.12967776873083978,0.6140398702037476,-0.7785491083400944,-0.5217459268751398,-0.709946662514452,-0.47302951723311354,-0.8431873244340148,0.34486341381009955,0.4124371003305254,0.3388
1,1785175624.8562348,14219,119.65,-202.66,-1814.0,-0.1287900226533209,0.6137549098106257,-0.7789210747876238,-0.521606527232107,-0.7099561186605121,-0.4731690399057842,-0.8434096044116511,0.34535086543955684,0.4115738316831269,0.32380000000000003
1,1785175624.9160748,14222,119.64,-202.67000000000002,-1814.0,-0.12942505268707205,0.613998501063243,-0.7786237836266239,-0.5216835999246081,-0.7099344841517718,-0.47311652875571697,-0.8432647136615229,0.344962126767923,0.4121962563986984,0.34090000000000004
1,1785175624.975892,14225,119.64,-202.67000000000002,-1814.02,-0.127880176946131,0.6135140725796454,-0.7792606387409567,-0.5210661769180677,-0.7100973474152258,-0.4735523165035192,-0.8438819227926471,0.3454884078237615,0.41048880672094706,0.2975
1,1785175625.0357318,14228,119.64,-202.67000000000002,-1813.97,-0.12876823780186758,0.6137993362325151,-0.778889668549998,-0.5212057992931886,-0.7100876854223008,-0.4734131322584412,-0.843660628283998,0.3450012374646264,0.41135251358333313,0.31670000000000004
1,1785175625.0806131,14231,119.65,-202.67000000000002,-1813.98,-0.1291505852074742,0.6140014428369017,-0.7786670370156745,-0.521220535083039,-0.7100538123896166,-0.47344771339475467,-0.8435930773473177,0.3447112004347614,0.41173402597612485,0.3249
1,1785175625.140452,14237,119.65,-202.67000000000002,-1813.97,-0.12904279428269447,0.613796369913866,-0.7788465660990453,-0.521668888606216,-0.7099682669168544,-0.4730820548609231,-0.8433323946725095,0.34525219224740433,0.411814759138489,0.3244
1,1785175625.2002916,14240,119.65,-202.67000000000002,-1814.02,-0.1288903386021845,0.6138571702426412,-0.7788238922610881,-0.5212707407393256,-0.7100563251089554,-0.4733886669765555,-0.8436018583811257,0.3449628816473772,0.41150518201044384,0.3111
1,1785175625.2601318,14243,119.64,-202.67000000000002,-1813.97,-0.1287900226533209,0.6137549098106257,-0.7789210747876238,-0.521606527232107,-0.7099561186605121,-0.4731690399057842,-0.8434096044116511,0.34535086543955684,0.4115738316831269,0.32170000000000004
1,1785175625.32,14246,119.65,-202.67000000000002,-1813.98,-0.1290124432338392,0.6139150044840352,-0.778758086160396,-0.5213356858067026,-0.7100249638115711,-0.4733641869309849,-0.8435430588863208,0.344924510630579,0.4116578552280585,0.3241
1,1785175625.3648517,14249,119.64,-202.67000000000002,-1813.96,-0.12852980712906456,0.613610464558846,-0.7790778436480159,-0.5216567597925303,-0.709958535416409,-0.47311003260567785,-0.8434182317463403,0.34560248230194235,0.4113448803432613,0.3173
1,1785175625.424692,14252,119.65,-202.67000000000002,-1814.0,-0.12881183421178982,0.6137104853403057,-0.778952470661953,-0.5220071522305818,-0.7098243736447215,-0.47292482658451834,-0.8431583744392939,0.34570044657657745,0.41179504228395275,0.3236
1,1785175625.4845316,14255,119.65,-202.67000000000002,-1813.99,-0.1282918378163573,0.6137748732799637,-0.7789875539954831,-0.5213690734996714,-0.7099172650216892,-0.473488929144303,-0.8436323213034191,0.3453952543887787,0.41107982764654755,0.3161
1,1785175625.5294158,14258,119.65,-202.67000000000002,-1814.03,-0.12940333861593953,0.6140427883786881,-0.77859246720937,-0.5212829322826887,-0.7100659682516182,-0.4733607770418391,-0.843515785546311,0.34461249944106437,0.4119749322024001,0.32370000000000004
1,1785175625.5892513,14264,119.65,-202.68,-1814.03,-0.12827006575922514,0.6138193929594236,-0.7789560597729817,-0.520968225532693,-0.7100487867795915,-0.4737328660523224,-0.843883225461581,0.34504561034703085,0.41085840452010186,0.3048
1,1785175625.6490915,14267,119.65,-202.67000000000002,-1813.99,-0.12881923195413994,0.6138134137886011,-0.7788701422778567,-0.5218945797733396,-0.709809854576767,-0.4730708381933067,-0.8432269285797002,0.34554748356614023,0.41178305394849996,0.3274
1,1785175625.7089314,14270,119.65,-202.67000000000002,-1813.99,-0.12800973228134532,0.6136749427272663,-0.7791126831915555,-0.5210184263863995,-0.710051339890556,-0.4736738266840024,-0.8438917630876004,0.34529720443165,0.4106294348979248,0.29500000000000004
1,1785175625.7687714,14273,119.65,-202.68,-1813.99,-0.12842257669208856,0.6137585043600985,-0.7789789086499194,-0.5213665636107279,-0.7099607716587557,-0.4734264558032692,-0.843613980529309,0.34533491139958455,0.41116815395180556,0.322
1,1785175625.8136516,14276,119.65,-202.67000000000002,-1813.97,-0.12942505268707205,0.613998501063243,-0.7786237836266239,-0.5216835999246081,-0.7099344841517718,-0.47311652875571697,-0.8432647136615229,0.344962126767923,0.4121962563986984,0.3309
1,1785175625.873494,14279,119.65,-202.67000000000002,-1813.98,-0.12925100502482903,0.6141035725438756,-0.7785698298090674,-0.5208846703014655,-0.7101537859074217,-0.47366735226980683,-0.843785125458493,0.34432310777844194,0.41166522746619016,0.3196
1,1785175625.9333313,14282,119.65,-202.67000000000002,-1813.99,-0.1285372247054625,0.613713421680992,-0.7789955185452778,-0.5215441397680415,-0.7099439809908217,-0.4732560133041283,-0.8434867468660258,0.34544953307757226,0.4113328675876221,0.3174
1,1785175625.9782114,14285,119.65,-202.68,-1813.99,-0.1285228984624584,0.6138608328016332,-0.7788817256316225,-0.5210307073454407,-0.7100609024664025,-0.4736459825562842,-0.8438061783217272,0.3449469419210491,0.4110994291961472,0.31420000000000003
1,1785175626.0380511,14291,119.65,-202.68,-1813.99,-0.12799545063383022,0.6138224983471862,-0.7789987837858678,-0.5205047229638796,-0.7101680370220694,-0.4740634900142761,-0.8442108729395384,0.3447945761102387,0.4103957873755809,0.298
1,1785175626.0978913,14294,119.65,-202.68,-1813.99,-0.12968521078534262,0.6141426912078896,-0.7784667628996708,-0.5216333938591684,-0.7099320408998336,-0.4731755485174217,-0.8432558025383088,0.3447103887899638,0.412425022695938,0.3412
1,1785175626.1577313,14297,119.65,-202.68,-1814.01,-0.12876078801653149,0.6136964138031487,-0.7789719963865945,-0.5213184269984437,-0.7101023081515389,-0.47326716517177214,-0.8435921746562317,0.34515420270222946,0.4113645818683933,0.3153
1,1785175626.2175713,14300,119.65,-202.67000000000002,-1813.98,-0.12861577512765304,0.6138601981866383,-0.7788668945786401,-0.5208074445883589,-0.7101756012805112,-0.4737195594518007,-0.8439298478248395,0.3447118687079486,0.41104274658752665,0.31120000000000003
1,1785175626.2624514,14303,119.65,-202.68,-1814.01,-0.12893445770461245,0.6141214546672201,-0.7786082099065199,-0.521333648030703,-0.7098808789370709,-0.47358247977573126,-0.843556241780841,0.3448535582489318,0.4116902844562086,0.3235
1,1785175626.322291,14306,119.66,-202.68,-1814.01,-0.12943995902943034,0.6142041783744404,-0.7784590703908832,-0.5214584769973156,-0.7099052059501542,-0.4734085501261142,-0.8434016562552504,0.34465609791826984,0.41217207619349044,0.3297
1,1785175626.3821313,14309,119.65,-202.67000000000002,-1813.95,-0.12904279428269447,0.613796369913866,-0.7788465660990453,-0.521668888606216,-0.7099682669168544,-0.4730820548609231,-0.8433323946725095,0.34525219224740433,0.411814759138489,0.32020000000000004
1,1785175626.4280088,14312,119.65,-202.68,-1814.0,-0.12916488054440306,0.6138542194964275,-0.7787807334804719,-0.5217338197627149,-0.7099369050497504,-0.4730575146472027,-0.8432735350701792,0.3452138294663374,0.41196742225014543,0.32080000000000003
1,1785175626.4868507,14318,119.65,-202.68,-1813.98,-0.1284151415726397,0.6136555519101679,-0.779061239585635,-0.5214791994120674,-0.7099753587307133,-0.4732805030589621,-0.8435454913609747,0.34548784870820304,0.41118019212937484,0.3224
1,1785175626.5466907,14321,119.65,-202.68,-1814.0,-0.1288903386021845,0.6138571702426412,-0.7788238922610881,-0.5212707407393256,-0.7100563251089554,-0.4733886669765555,-0.8436018583811257,0.3449628816473772,0.41150518201044384,0.3178
1,1785175626.6065316,14324,119.65,-202.67000000000002,-1813.96,-0.12868976559542708,0.6136525999920993,-0.77901824802371,-0.5219422221755516,-0.7098557529553718,-0.47294939127417146,-0.8432172086369213,0.3457387691872272,0.4116423721380735,0.3306
1,1785175626.6663709,14327,119.65,-202.68,-1813.99,-0.1288903386021845,0.6138571702426412,-0.7788238922610881,-0.5212707407393256,-0.7100563251089554,-0.4733886669765555,-0.8436018583811257,0.3449628816473772,0.41150518201044384,0.32320000000000004
1,1785175626.7122483,14330,119.66,-202.68,-1813.98,-0.12906459484178565,0.6137519970865236,-0.7788779213911697,-0.5220694694616624,-0.7098365338242094,-0.4728377780004999,-0.8430811345382743,0.3456017669525658,0.4120359441419164,0.33080000000000004
1,1785175626.7710907,14333,119.65,-202.67000000000002,-1813.97,-0.12943249721508407,0.6141013467412031,-0.7785414340902531,-0.5215710427137814,-0.709919862027387,-0.47326254542428636,-0.8433331939791806,0.34480911448170354,0.4121841803165395,0.321
1,1785175626.830931,14336,119.66,-202.68,-1814.0,-0.1297924332303478,0.6139948645057409,-0.7785654954059568,-0.5219233732804565,-0.7099299041992216,-0.4728588833333192,-0.8430598535689476,0.34497802463963,0.4126018005487177,0.3386
1,1785175626.890771,14342,119.66,-202.68,-1813.99,-0.1285228984624584,0.6138608328016332,-0.7788817256316225,-0.5210307073454407,-0.7100609024664025,-0.4736459825562842,-0.8438061783217272,0.3449469419210491,0.4110994291961472,0.3128
1,1785175626.9506106,14345,119.66,-202.68,-1813.99,-0.1288049047816372,0.6139607326272589,-0.7787563902119794,-0.521381310015696,-0.7099269089555795,-0.4734609947050476,-0.8435465761121373,0.34504492857101354,0.4115497189853421,0.3163
1,1785175626.9954908,14348,119.67,-202.68,-1814.01,-0.1289195414559285,0.6139156786719462,-0.7787729395090441,-0.5215588677186257,-0.7099101591773876,-0.47329051691408475,-0.843419290350214,0.34515953612423955,0.4117144584389059,0.33280000000000004
1,1785175627.0553305,14351,119.65,-202.68,-1813.99,-0.12916488054440306,0.6138542194964275,-0.7787807334804719,-0.5217338197627149,-0.7099369050497504,-0.4730575146472027,-0.8432735350701792,0.3452138294663374,0.41196742225014543,0.3225
1,1785175627.1151707,14354,119.65,-202.68,-1813.99,-0.1285079766406596,0.6136549526582302,-0.7790464036357201,-0.5212560196108044,-0.7100901828961543,-0.47335408963481784,-0.8436692847077133,0.3452528511577156,0.4111235906734663,0.3181
1,1785175627.160051,14357,119.66,-202.68,-1813.98,-0.1291580668643973,0.6141043031439276,-0.7785846765920603,-0.5211079218368412,-0.7100391209450029,-0.4735936871692194,-0.8436615005810923,0.3445581976789391,0.41172189746174614,0.3178
1,1785175627.21989,14360,119.66,-202.69,-1813.99,-0.12916488054440306,0.6138542194964275,-0.7787807334804719,-0.5217338197627149,-0.7099369050497504,-0.4730575146472027,-0.8432735350701792,0.3452138294663374,0.41196742225014543,0.32380000000000003
1,1785175627.279731,14363,119.66,-202.68,-1814.02,-0.1288044537711995,0.613607542869328,-0.7790347848604505,-0.5221197161552025,-0.7098388587556369,-0.47277880303848796,-0.8430898022694341,0.34585340526639374,0.4118070025812163,0.33130000000000004
1,1785175627.3395708,14369,119.66,-202.68,-1813.98,-0.12878260753895596,0.613651977352987,-0.7790033958117488,-0.5217191230718468,-0.7099706725803577,-0.4730230445728171,-0.8433410915024893,0.34550382742679325,0.41158584598699016,0.3221
1,1785175627.3994102,14372,119.67,-202.68,-1814.03,-0.12918722154848236,0.6141628305405378,-0.7785336725993408,-0.5213960755607301,-0.7098930371503998,-0.47349552077633217,-0.8434789826536593,0.3447548308404326,0.41193119866518,0.3205
1,1785175627.4452882,14375,119.67,-202.69,-1814.03,-0.1293178738671905,0.6141463671520605,-0.7785249689074819,-0.521393530424186,-0.7099365633230831,-0.4734330601983908,-0.8434605348979125,0.34469452529875816,0.4120194295161225,0.3259
1,1785175627.5041301,14378,119.67,-202.68,-1813.97,-0.12943940078905442,0.613851345951537,-0.7787374182591051,-0.5221966813756417,-0.7098173411712653,-0.4727261026565193,-0.8429448780813824,0.345464712012735,0.412429467024752,0.3378
1,1785175627.5639708,14381,119.66,-202.69,-1814.0,-0.1288903386021845,0.6138571702426412,-0.7788238922610881,-0.5212707407393256,-0.7100563251089554,-0.4733886669765555,-0.8436018583811257,0.3449628816473772,0.41150518201044384,0.3299
1,1785175627.6238103,14384,119.66,-202.69,-1814.01,-0.1290572168517059,0.6136490792843428,-0.7789602315086246,-0.5221820091938545,-0.7098510184311158,-0.47269173983324164,-0.8430125645877178,0.34575473839961485,0.412047905978726,0.33080000000000004
1,1785175627.680658,14387,119.66,-202.68,-1813.98,-0.1291574681295613,0.6137513210740805,-0.7788630587633374,-0.5218463841361106,-0.7099514597701678,-0.47291148868924127,-0.8432050164642213,0.34536682042435457,0.4119794407000711,0.32730000000000004
1,1785175627.728532,14390,119.66,-202.68,-1813.98,-0.12843697829085893,0.613611050009008,-0.7790926914779498,-0.5218798724232094,-0.7098436117983028,-0.4730364103836775,-0.8432943385123892,0.34583742726313316,0.41140142505461635,0.315
1,1785175627.776402,14393,119.66,-202.69,-1813.96,-0.1290864220705848,0.6137076262288484,-0.7789092663112739,-0.5224699471935899,-0.7097046225110184,-0.47259338026047326,-0.8428296683888995,0.34595129468618135,0.4122570215149922,0.33280000000000004
1,1785175627.8332503,14396,119.66,-202.69,-1813.97,-0.12881183421178982,0.6137104853403057,-0.778952470661953,-0.5220071522305818,-0.7098243736447215,-0.47292482658451834,-0.8431583744392939,0.34570044657657745,0.41179504228395275,0.3221
1,1785175627.87813,14399,119.66,-202.69,-1814.0,-0.12914312084190166,0.613898568482532,-0.7787493832770029,-0.52133313983592,-0.710068469879864,-0.47330172764452283,-0.8435246360646709,0.3448641989212087,0.41174612645949443,0.3234
1,1785175627.93797,14405,119.66,-202.69,-1813.99,-0.12911390607383072,0.6138400410488375,-0.7788003616226171,-0.5210449851515001,-0.7102145487845742,-0.47339985017234276,-0.8437071308853747,0.34466751906712206,0.4115368496177273,0.3184
1,1785175627.9984207,14408,119.66,-202.69,-1813.99,-0.12951053625147918,0.6138948981261003,-0.7786912578516594,-0.5215730098865696,-0.7100639051295164,-0.47304423259361844,-0.8433199964175631,0.3448801308961799,0.41215176689578237,0.33080000000000004
1,1785175628.058262,14411,119.67,-202.69,-1813.97,-0.12826259371689072,0.6137164352473837,-0.7790384099389838,-0.5210809100887851,-0.710063444480821,-0.4735869402264762,-0.8438147854796453,0.34519855434123164,0.4108704977078111,0.307
1,1785175628.1181014,14414,119.67,-202.69,-1813.99,-0.12990775212592748,0.6143024865952775,-0.7783035596092618,-0.5213626229314309,-0.7100007660098715,-0.47337081413565696,-0.8433889917159505,0.3442838468883705,0.41250895920464303,0.3302
1,1785175628.1769428,14417,119.67,-202.69,-1813.98,-0.12875335553063524,0.613593477340399,-0.7790543100483555,-0.5214310462000786,-0.7101168969247617,-0.4731211861253299,-0.8435237029854546,0.345307163648924,0.4113766221292137,0.31880000000000003
1,1785175628.2377803,14423,119.67,-202.69,-1813.99,-0.12944679338154358,0.6139542156857067,-0.7786550897059522,-0.5220841645932117,-0.709802821811159,-0.4728721594997154,-0.8430134356961603,0.3453117072887404,0.4124174730113785,0.3285
1,1785175628.2976205,14426,119.67,-202.69,-1814.01,-0.12889780544718493,0.6139600692649133,-0.7787415419117708,-0.5211581118006692,-0.710041667108835,-0.4735346380927879,-0.8436703018687222,0.3448098959100929,0.41149308308549976,0.31120000000000003
1,1785175628.3425002,14429,119.68,-202.69,-1814.01,-0.12907199012788567,0.6138549008661983,-0.7787955970901329,-0.5219569211955497,-0.7098220152614355,-0.4729838042325098,-0.8431496864617158,0.3454487911872673,0.41202395426330024,0.3297
1,1785175628.4013426,14432,119.66,-202.69,-1813.98,-0.12906459484178565,0.6137519970865236,-0.7788779213911697,-0.5220694694616624,-0.7098365338242094,-0.4728377780004999,-0.8430811345382743,0.3456017669525658,0.4120359441419164,0.3311
1,1785175628.4621804,14435,119.66,-202.69,-1813.98,-0.1290502242295797,0.6138992636744202,-0.7787642349814867,-0.5215563084379884,-0.7099536795487091,-0.4732280528706926,-0.8434008873334397,0.3450992132057881,0.41180271525320594,0.3245
1,1785175628.52202,14438,119.67,-202.69,-1814.0,-0.12951128257024125,0.6142476724092053,-0.778412888271311,-0.5208344916416124,-0.7101511772207716,-0.4737264377342426,-0.8437761907066554,0.3440713624116744,0.41189396398192096,0.3231
1,1785175628.581861,14441,119.67,-202.69,-1814.0,-0.1288049047816372,0.6139607326272589,-0.7787563902119794,-0.521381310015696,-0.7099269089555795,-0.4734609947050476,-0.8435465761121373,0.34504492857101354,0.4115497189853421,0.3178
1,1785175628.6267412,14444,119.67,-202.69,-1813.99,-0.1287900226533209,0.6137549098106257,-0.7789210747876238,-0.521606527232107,-0.7099561186605121,-0.4731690399057842,-0.8434096044116511,0.34535086543955684,0.4115738316831269,0.31970000000000004
1,1785175628.6865797,14450,119.67,-202.69,-1813.98,-0.1285154288994155,0.6137578997496215,-0.7789640717194428,-0.5211433677257908,-0.7100755596589963,-0.47350004208065777,-0.8437377405392156,0.34509989868137775,0.4111115239443943,0.3234
1,1785175628.746425,14453,119.67,-202.69,-1813.98,-0.12865248598949117,0.6140215773048191,-0.7787336132804501,-0.5209830008273665,-0.7100148399458142,-0.47376749561956233,-0.8438158867298221,0.3447556085995149,0.41123997816547714,0.31670000000000004
1,1785175628.8062596,14456,119.67,-202.69,-1813.99,-0.12980729957884019,0.6142005017821189,-0.7784008020208113,-0.5216983303392381,-0.7099006923021702,-0.47315098984378157,-0.8431968436238956,0.3446719464643046,0.4125776681101478,0.3284
1,1785175628.8661,14459,119.67,-202.69,-1813.98,-0.12868238491894082,0.6135496481611412,-0.7791005538779401,-0.522054793379347,-0.7098702367656753,-0.47280338372720143,-0.8431486443808237,0.34589171166072147,0.41165432984871614,0.3234
1,1785175628.9109795,14462,119.67,-202.69,-1813.99,-0.12866674632259445,0.6138742254240416,-0.7788474200707031,-0.5214964624715801,-0.7098980125712661,-0.4733774935260387,-0.8434964777759212,0.34525823249764803,0.41147350445953984,0.3216
1,1785175628.9708195,14465,119.67,-202.69,-1813.99,-0.1292652251077561,0.6139563924963605,-0.7786835362910249,-0.5213980785009404,-0.710037117010613,-0.47327722975311637,-0.8434657938016028,0.3448258119400461,0.4118987910962106,0.3289
1,1785175629.0246756,14468,119.67,-202.69,-1813.98,-0.12944679338154358,0.6139542156857067,-0.7786550897059522,-0.5220841645932117,-0.709802821811159,-0.4728721594997154,-0.8430134356961603,0.3453117072887404,0.4124174730113785,0.33380000000000004
1,1785175629.0755398,14471,119.67,-202.69,-1814.0,-0.12854465958775774,0.6138163647720176,-0.7789131792629608,-0.5214315112302209,-0.7099293926084029,-0.47340198204784945,-0.8435552439453124,0.345296579549711,0.41132082680510423,0.3163
1,1785175629.1354506,14477,119.67,-202.69,-1813.95,-0.12842959516412883,0.613508073515317,-0.7791750014069383,-0.5219924678121179,-0.7098580961118407,-0.4728904174667613,-0.8432257720405568,0.3459903569696661,0.41141338122454174,0.3129
1,1785175629.1952612,14480,119.67,-202.69,-1813.96,-0.1292652251077561,0.6139563924963605,-0.7786835362910249,-0.5213980785009404,-0.710037117010613,-0.47327722975311637,-0.8434657938016028,0.3448258119400461,0.4118987910962106,0.3255
1,1785175629.2451277,14483,119.67,-202.70000000000002,-1813.98,-0.12951798061189643,0.6139977524741494,-0.7786089215099643,-0.5214604451023792,-0.7100492807916279,-0.473190260932028,-0.8433884614410166,0.3447271077301368,0.41213969028009156,0.33340000000000003
1,1785175629.3000293,14486,119.67,-202.69,-1813.96,-0.1289195414559285,0.6139156786719462,-0.7787729395090441,-0.5215588677186257,-0.7099101591773876,-0.47329051691408475,-0.843419290350214,0.34515953612423955,0.4117144584389059,0.32080000000000003
