matched_index,timestamp,translation_error_mm,translation_residual_x_ndi_mm,translation_residual_y_ndi_mm,translation_residual_z_ndi_mm,rotation_error_deg
0,2026-08-04 13:22:05.817206-07:00,15.263037986257308,-14.523101213786415,1.8883262183734817,-4.298148880280017,149.64577597172197
1,2026-08-04 13:22:05.877044-07:00,15.278432837903496,-14.523101213786415,1.898326218373464,-4.348148880279901,149.6959011687283
2,2026-08-04 13:22:05.921981-07:00,15.265857052505753,-14.523101213786415,1.8883262183734817,-4.308148880280083,149.680304159201
3,2026-08-04 13:22:05.981820-07:00,15.279433336147887,-14.533101213786425,1.898326218373464,-4.318148880279926,149.69247343819848
4,2026-08-04 13:22:06.042165-07:00,15.28128178393207,-14.523101213786415,1.898326218373464,-4.358148880279966,149.64224937385637
5,2026-08-04 13:22:06.087044-07:00,15.26992210358361,-14.523101213786415,1.898326218373464,-4.318148880279926,149.67459995062484
6,2026-08-04 13:22:06.147389-07:00,15.274350411076613,-14.523101213786415,1.8883262183734817,-4.338148880280057,149.6517630267742
7,2026-08-04 13:22:06.207246-07:00,15.275589906930719,-14.523101213786415,1.898326218373464,-4.338148880280057,149.70189118075925
8,2026-08-04 13:22:06.267069-07:00,15.267097237913534,-14.523101213786415,1.898326218373464,-4.308148880280083,149.66735952372602
9,2026-08-04 13:22:06.326908-07:00,15.273793147695072,-14.533101213786425,1.898326218373464,-4.298148880280017,149.66156126867835
10,2026-08-04 13:22:06.386747-07:00,15.276610229242058,-14.533101213786425,1.898326218373464,-4.308148880280083,149.69391435922455
11,2026-08-04 13:22:06.446585-07:00,15.279433336147887,-14.533101213786425,1.898326218373464,-4.318148880279926,149.6745049265538
12,2026-08-04 13:22:06.506426-07:00,15.267097237913534,-14.523101213786415,1.898326218373464,-4.308148880280083,149.65919721715065
13,2026-08-04 13:22:06.566265-07:00,15.282262465073472,-14.533101213786425,1.898326218373464,-4.328148880279992,149.6590971699181
14,2026-08-04 13:22:06.626104-07:00,15.26146559530548,-14.523101213786415,1.898326218373464,-4.28814888027973,149.67078969678542
15,2026-08-04 13:22:06.670983-07:00,15.267717039653748,-14.524004587553263,1.8967885797266382,-4.307977185116441,149.63644134262069
16,2026-08-04 13:22:06.730824-07:00,15.27275299437261,-14.523101213786415,1.898326218373464,-4.328148880279992,149.68068433729695
17,2026-08-04 13:22:06.790662-07:00,15.28128178393207,-14.523101213786415,1.898326218373464,-4.358148880279966,149.6959953421071
18,2026-08-04 13:22:06.835541-07:00,15.274970587940446,-14.524004587553263,1.886788579726656,-4.337977185116415,149.6363477269982
19,2026-08-04 13:22:06.895381-07:00,15.275589906930719,-14.523101213786415,1.898326218373464,-4.338148880280057,149.66470792548355
20,2026-08-04 13:22:06.955220-07:00,15.285381986130005,-14.523101213786415,1.9083262183734462,-4.368148880280032,149.7092346379031
21,2026-08-04 13:22:07.015567-07:00,15.277497730023345,-14.513101213786406,1.898326218373464,-4.378148880279875,149.6646144923569
22,2026-08-04 13:22:07.075406-07:00,15.278432837903496,-14.523101213786415,1.898326218373464,-4.348148880279901,149.65547794821373
23,2026-08-04 13:22:07.120325-07:00,15.275589906930719,-14.523101213786415,1.898326218373464,-4.338148880280057,149.70207988245218
24,2026-08-04 13:22:07.180126-07:00,15.278432837903496,-14.523101213786415,1.898326218373464,-4.348148880279901,149.64949040813408
25,2026-08-04 13:22:07.239964-07:00,15.275589906930719,-14.523101213786415,1.898326218373464,-4.338148880280057,149.60907901043223
26,2026-08-04 13:22:07.284843-07:00,15.28128178393207,-14.523101213786415,1.898326218373464,-4.358148880279966,149.6708837738851
27,2026-08-04 13:22:07.344683-07:00,15.26992210358361,-14.523101213786415,1.898326218373464,-4.318148880279926,149.6614659850227
28,2026-08-04 13:22:07.404533-07:00,15.284136741652773,-14.523101213786415,1.898326218373464,-4.368148880280032,149.6522434669794
29,2026-08-04 13:22:07.464365-07:00,15.267097237913534,-14.523101213786415,1.898326218373464,-4.308148880280083,149.6423442731111
30,2026-08-04 13:22:07.524223-07:00,15.27275299437261,-14.523101213786415,1.898326218373464,-4.328148880279992,149.68411120131603
31,2026-08-04 13:22:07.569093-07:00,15.26992210358361,-14.523101213786415,1.898326218373464,-4.318148880279926,149.6553829975648
32,2026-08-04 13:22:07.629441-07:00,15.26992210358361,-14.523101213786415,1.898326218373464,-4.318148880279926,149.6578478455745
33,2026-08-04 13:22:07.689281-07:00,15.27275299437261,-14.523101213786415,1.898326218373464,-4.328148880279992,149.6614659850227
34,2026-08-04 13:22:07.734666-07:00,15.277193572707013,-14.523101213786415,1.8883262183734817,-4.348148880279901,149.64606277213076
35,2026-08-04 13:22:07.794505-07:00,15.282882018195671,-14.534004587553273,1.8967885797266382,-4.3279771851163495,149.65821110263445
36,2026-08-04 13:22:07.854344-07:00,15.28128178393207,-14.523101213786415,1.898326218373464,-4.358148880279966,149.61134734987962
37,2026-08-04 13:22:07.914183-07:00,15.271778250605202,-14.513101213786406,1.898326218373464,-4.358148880279966,149.6553829975648
38,2026-08-04 13:22:07.974023-07:00,15.287938775603594,-14.533101213786425,1.898326218373464,-4.348148880279901,149.6553829975648
39,2026-08-04 13:22:08.018906-07:00,15.275589906930719,-14.523101213786415,1.898326218373464,-4.338148880280057,149.6900058038386
40,2026-08-04 13:22:08.078741-07:00,15.287938775603594,-14.533101213786425,1.898326218373464,-4.348148880279901,149.6938186405657
41,2026-08-04 13:22:08.138581-07:00,15.279051730318251,-14.524004587553263,1.8967885797266382,-4.3479771851162585,149.6518453604206
42,2026-08-04 13:22:08.198453-07:00,15.26992210358361,-14.523101213786415,1.898326218373464,-4.318148880279926,149.6614659850227
43,2026-08-04 13:22:08.258259-07:00,15.284136741652773,-14.523101213786415,1.898326218373464,-4.368148880280032,149.69058989942155
44,2026-08-04 13:22:08.318099-07:00,15.281900448617117,-14.524004587553263,1.8967885797266382,-4.357977185116324,149.67069103062235
45,2026-08-04 13:22:08.377938-07:00,15.28128178393207,-14.523101213786415,1.898326218373464,-4.358148880279966,149.6745049265538
46,2026-08-04 13:22:08.437777-07:00,15.275589906930719,-14.523101213786415,1.898326218373464,-4.338148880280057,149.60744651015906
47,2026-08-04 13:22:08.482768-07:00,15.27275299437261,-14.523101213786415,1.898326218373464,-4.328148880279992,149.64949040813408
48,2026-08-04 13:22:08.542607-07:00,15.27275299437261,-14.523101213786415,1.898326218373464,-4.328148880279992,149.65519731134532
49,2026-08-04 13:22:08.602447-07:00,15.277193572707013,-14.523101213786415,1.8883262183734817,-4.348148880279901,149.67649778750462
50,2026-08-04 13:22:08.662287-07:00,15.27275299437261,-14.523101213786415,1.898326218373464,-4.328148880279992,149.6088872815736
51,2026-08-04 13:22:08.722126-07:00,15.276610229242058,-14.533101213786425,1.898326218373464,-4.308148880280083,149.6614659850227
52,2026-08-04 13:22:08.767004-07:00,15.275589906930719,-14.523101213786415,1.898326218373464,-4.338148880280057,149.66735952372602
53,2026-08-04 13:22:08.827508-07:00,15.270982094841473,-14.533101213786425,1.898326218373464,-4.28814888027973,149.68440628677587
54,2026-08-04 13:22:08.887346-07:00,15.267097237913534,-14.523101213786415,1.898326218373464,-4.308148880280083,149.60154906570722
55,2026-08-04 13:22:08.932972-07:00,15.26992210358361,-14.523101213786415,1.898326218373464,-4.318148880279926,149.64805245549908
56,2026-08-04 13:22:08.992810-07:00,15.282262465073472,-14.533101213786425,1.898326218373464,-4.328148880279992,149.6614659850227
57,2026-08-04 13:22:09.052649-07:00,15.26992210358361,-14.523101213786415,1.898326218373464,-4.318148880279926,149.66735952372602
58,2026-08-04 13:22:09.112488-07:00,15.26992210358361,-14.523101213786415,1.898326218373464,-4.318148880279926,149.63616778777165
59,2026-08-04 13:22:09.172328-07:00,15.26992210358361,-14.523101213786415,1.898326218373464,-4.318148880279926,149.6435985826036
60,2026-08-04 13:22:09.217207-07:00,15.27275299437261,-14.523101213786415,1.898326218373464,-4.328148880279992,149.61714300087826
61,2026-08-04 13:22:09.277046-07:00,15.282262465073472,-14.533101213786425,1.898326218373464,-4.328148880279992,149.67735712760808
62,2026-08-04 13:22:09.337392-07:00,15.278432837903496,-14.523101213786415,1.898326218373464,-4.348148880279901,149.66745451845026
63,2026-08-04 13:22:09.397231-07:00,15.278432837903496,-14.523101213786415,1.898326218373464,-4.348148880279901,149.6338976007563
64,2026-08-04 13:22:09.457576-07:00,15.279433336147887,-14.533101213786425,1.898326218373464,-4.318148880279926,149.6435985826036
65,2026-08-04 13:22:09.517416-07:00,15.268682147623085,-14.523101213786415,1.8883262183734817,-4.318148880279926,149.64224937385637
66,2026-08-04 13:22:09.577255-07:00,15.27275299437261,-14.523101213786415,1.898326218373464,-4.328148880279992,149.64958564782114
67,2026-08-04 13:22:09.637094-07:00,15.276610229242058,-14.533101213786425,1.898326218373464,-4.308148880280083,149.65195196602684
68,2026-08-04 13:22:09.681973-07:00,15.27275299437261,-14.523101213786415,1.898326218373464,-4.328148880279992,149.6708837738851
69,2026-08-04 13:22:09.741813-07:00,15.278432837903496,-14.523101213786415,1.898326218373464,-4.348148880279901,149.63027583085355
70,2026-08-04 13:22:09.801652-07:00,15.278432837903496,-14.523101213786415,1.898326218373464,-4.348148880279901,149.65166902375756
71,2026-08-04 13:22:09.868473-07:00,15.267097237913534,-14.523101213786415,1.898326218373464,-4.308148880280083,149.68068433729695
72,2026-08-04 13:22:09.921331-07:00,15.269742224955909,-14.533101213786425,1.8883262183734817,-4.28814888027973,149.67107881298705
73,2026-08-04 13:22:09.966211-07:00,15.27275299437261,-14.523101213786415,1.898326218373464,-4.328148880279992,149.64243948355667
74,2026-08-04 13:22:10.026052-07:00,15.267097237913534,-14.523101213786415,1.898326218373464,-4.308148880280083,149.6768723198868
75,2026-08-04 13:22:10.085890-07:00,15.275589906930719,-14.523101213786415,1.898326218373464,-4.338148880280057,149.64243948355667
76,2026-08-04 13:22:10.145729-07:00,15.267097237913534,-14.523101213786415,1.898326218373464,-4.308148880280083,149.64930411470124
77,2026-08-04 13:22:10.205568-07:00,15.279433336147887,-14.533101213786425,1.898326218373464,-4.318148880279926,149.6648957244172
78,2026-08-04 13:22:10.250448-07:00,15.273793147695072,-14.533101213786425,1.898326218373464,-4.298148880280017,149.67078969678542
79,2026-08-04 13:22:10.310286-07:00,15.274350411076613,-14.523101213786415,1.8883262183734817,-4.338148880280057,149.6517630267742
80,2026-08-04 13:22:10.370126-07:00,15.275589906930719,-14.523101213786415,1.898326218373464,-4.338148880280057,149.6338033530397
81,2026-08-04 13:22:10.415005-07:00,15.279433336147887,-14.533101213786425,1.898326218373464,-4.318148880279926,149.67097816183679
82,2026-08-04 13:22:10.474847-07:00,15.276209026916336,-14.524004587553263,1.8967885797266382,-4.337977185116415,149.70225816642846
83,2026-08-04 13:22:10.534687-07:00,15.285097612674893,-14.533101213786425,1.898326218373464,-4.338148880280057,149.62674985512908
84,2026-08-04 13:22:10.594526-07:00,15.281670868010925,-14.532192486247764,1.899713433766298,-4.328502619893593,149.68935425025623
85,2026-08-04 13:22:10.654365-07:00,15.271602555307583,-14.534004587553273,1.8967885797266382,-4.2879771851160875,149.67371719721544
86,2026-08-04 13:22:10.699245-07:00,15.272553506018879,-14.533101213786425,1.8883262183734817,-4.298148880280017,149.63616778777165
87,2026-08-04 13:22:10.759714-07:00,15.26427840070735,-14.523101213786415,1.898326218373464,-4.298148880280017,149.65881413885896
88,2026-08-04 13:22:10.819554-07:00,15.26427840070735,-14.523101213786415,1.898326218373464,-4.298148880280017,149.67107286064498
89,2026-08-04 13:22:10.864433-07:00,15.287938775603594,-14.533101213786425,1.898326218373464,-4.348148880279901,149.70903488563985
90,2026-08-04 13:22:10.924272-07:00,15.285097612674893,-14.533101213786425,1.898326218373464,-4.338148880280057,149.65205079581696
91,2026-08-04 13:22:10.984111-07:00,15.275589906930719,-14.523101213786415,1.898326218373464,-4.338148880280057,149.62428980523921
92,2026-08-04 13:22:11.043952-07:00,15.26427840070735,-14.523101213786415,1.898326218373464,-4.298148880280017,149.67078969678542
93,2026-08-04 13:22:11.103790-07:00,15.279433336147887,-14.533101213786425,1.898326218373464,-4.318148880279926,149.68267343009705
94,2026-08-04 13:22:11.148669-07:00,15.283858887880124,-14.533101213786425,1.8883262183734817,-4.338148880280057,149.6454949625473
95,2026-08-04 13:22:11.208509-07:00,15.26427840070735,-14.523101213786415,1.898326218373464,-4.298148880280017,149.62438463842224
96,2026-08-04 13:22:11.268348-07:00,15.27275299437261,-14.523101213786415,1.898326218373464,-4.328148880279992,149.71121852498453
97,2026-08-04 13:22:11.313227-07:00,15.28128178393207,-14.523101213786415,1.898326218373464,-4.358148880279966,149.63616778777165
98,2026-08-04 13:22:11.373067-07:00,15.275589906930719,-14.523101213786415,1.898326218373464,-4.338148880280057,149.65765655362148
99,2026-08-04 13:22:11.432906-07:00,15.272161623964323,-14.522192486247754,1.899713433766298,-4.328502619893593,149.65797075026845
100,2026-08-04 13:22:11.492746-07:00,15.285097612674893,-14.533101213786425,1.898326218373464,-4.338148880280057,149.67459995062484
101,2026-08-04 13:22:11.552586-07:00,15.279433336147887,-14.533101213786425,1.898326218373464,-4.318148880279926,149.6574694362747
102,2026-08-04 13:22:11.597464-07:00,15.28128178393207,-14.523101213786415,1.898326218373464,-4.358148880279966,149.69039631716154
103,2026-08-04 13:22:11.657304-07:00,15.284136741652773,-14.523101213786415,1.898326218373464,-4.368148880280032,149.66137101233824
104,2026-08-04 13:22:11.717144-07:00,15.287938775603594,-14.533101213786425,1.898326218373464,-4.348148880279901,149.66735952372602
105,2026-08-04 13:22:11.776995-07:00,15.279433336147887,-14.533101213786425,1.898326218373464,-4.318148880279926,149.64017138162203
106,2026-08-04 13:22:11.836822-07:00,15.275589906930719,-14.523101213786415,1.898326218373464,-4.338148880280057,149.65538441460887
107,2026-08-04 13:22:11.881701-07:00,15.278432837903496,-14.523101213786415,1.898326218373464,-4.348148880279901,149.6366437301258
108,2026-08-04 13:22:11.941540-07:00,15.281023510453288,-14.533101213786425,1.8883262183734817,-4.328148880279992,149.68991165265618
109,2026-08-04 13:22:12.001702-07:00,15.27275299437261,-14.523101213786415,1.898326218373464,-4.328148880279992,149.71511963974996
110,2026-08-04 13:22:12.061542-07:00,15.274413381566635,-14.534004587553273,1.8967885797266382,-4.297977185116375,149.65792721421116
111,2026-08-04 13:22:12.121380-07:00,15.268682147623085,-14.523101213786415,1.8883262183734817,-4.318148880279926,149.71561114527253
112,2026-08-04 13:22:12.181221-07:00,15.283858887880124,-14.533101213786425,1.8883262183734817,-4.338148880280057,149.63418432984565
113,2026-08-04 13:22:12.241070-07:00,15.279433336147887,-14.533101213786425,1.898326218373464,-4.318148880279926,149.66735952372602
114,2026-08-04 13:22:12.300903-07:00,15.284136741652773,-14.523101213786415,1.898326218373464,-4.368148880280032,149.68638868077355
115,2026-08-04 13:22:12.361276-07:00,15.274350411076613,-14.523101213786415,1.8883262183734817,-4.338148880280057,149.62665750928844
116,2026-08-04 13:22:12.421087-07:00,15.271513268263565,-14.523101213786415,1.8883262183734817,-4.328148880279992,149.65185734086245
117,2026-08-04 13:22:12.480926-07:00,15.26992210358361,-14.523101213786415,1.898326218373464,-4.318148880279926,149.6742229376815
118,2026-08-04 13:22:12.540766-07:00,15.274350411076613,-14.523101213786415,1.8883262183734817,-4.338148880280057,149.64939547951633
119,2026-08-04 13:22:12.600605-07:00,15.278506174549532,-14.523588869889108,1.8988720543395843,-4.346539104325364,149.67758867953114
120,2026-08-04 13:22:12.660444-07:00,15.26992210358361,-14.523101213786415,1.898326218373464,-4.318148880279926,149.64243948355667
121,2026-08-04 13:22:12.720283-07:00,15.278432837903496,-14.523101213786415,1.898326218373464,-4.348148880279901,149.61677805360176
122,2026-08-04 13:22:12.780123-07:00,15.26992210358361,-14.523101213786415,1.898326218373464,-4.318148880279926,149.639883906092
123,2026-08-04 13:22:12.839962-07:00,15.27275299437261,-14.523101213786415,1.898326218373464,-4.328148880279992,149.64369411143545
124,2026-08-04 13:22:12.899801-07:00,15.26427840070735,-14.523101213786415,1.898326218373464,-4.298148880280017,149.67097816183679
125,2026-08-04 13:22:12.959641-07:00,15.27275299437261,-14.523101213786415,1.898326218373464,-4.328148880279992,149.63046585254767
126,2026-08-04 13:22:13.019480-07:00,15.269302779598023,-14.524004587553263,1.886788579726656,-4.317977185116284,149.63263169297403
127,2026-08-04 13:22:13.064360-07:00,15.275589906930719,-14.523101213786415,1.898326218373464,-4.338148880280057,149.6459669250734
128,2026-08-04 13:22:13.124198-07:00,15.267717039653748,-14.524004587553263,1.8967885797266382,-4.307977185116441,149.64831966320205
129,2026-08-04 13:22:13.184039-07:00,15.272553506018879,-14.533101213786425,1.8883262183734817,-4.298148880280017,149.66499009023332
130,2026-08-04 13:22:13.228919-07:00,15.26427840070735,-14.523101213786415,1.898326218373464,-4.298148880280017,149.6648957244172
131,2026-08-04 13:22:13.288758-07:00,15.285025480734948,-14.532613205627044,1.897793934064973,-4.339762153180438,149.64633717536006
132,2026-08-04 13:22:13.348597-07:00,15.271513268263565,-14.523101213786415,1.8883262183734817,-4.328148880279992,149.65547794821373
133,2026-08-04 13:22:13.408458-07:00,15.26992210358361,-14.523101213786415,1.898326218373464,-4.318148880279926,149.70179729570953
134,2026-08-04 13:22:13.468990-07:00,15.276835848077019,-14.523101213786415,1.9083262183734462,-4.338148880280057,149.64939547951633
135,2026-08-04 13:22:13.513841-07:00,15.281900448617117,-14.524004587553263,1.8967885797266382,-4.357977185116324,149.66782342889223
136,2026-08-04 13:22:13.573712-07:00,15.278432837903496,-14.523101213786415,1.898326218373464,-4.348148880279901,149.64998014131854
137,2026-08-04 13:22:13.633519-07:00,15.26992210358361,-14.523101213786415,1.898326218373464,-4.318148880279926,149.6206682378626
138,2026-08-04 13:22:13.678399-07:00,15.26146559530548,-14.523101213786415,1.898326218373464,-4.28814888027973,149.6614659850227
139,2026-08-04 13:22:13.738270-07:00,15.275589906930719,-14.523101213786415,1.898326218373464,-4.338148880280057,149.6827672408296
140,2026-08-04 13:22:13.798080-07:00,15.26992210358361,-14.523101213786415,1.898326218373464,-4.318148880279926,149.6362623537628
141,2026-08-04 13:22:13.857947-07:00,15.278432837903496,-14.523101213786415,1.898326218373464,-4.348148880279901,149.62428980523921
142,2026-08-04 13:22:13.917759-07:00,15.26992210358361,-14.523101213786415,1.898326218373464,-4.318148880279926,149.67677822059818
143,2026-08-04 13:22:13.962640-07:00,15.26992210358361,-14.523101213786415,1.898326218373464,-4.318148880279926,149.6339921596961
144,2026-08-04 13:22:14.022500-07:00,15.282262465073472,-14.533101213786425,1.898326218373464,-4.328148880279992,149.69247343819848
145,2026-08-04 13:22:14.082316-07:00,15.284755178449766,-14.524004587553263,1.8967885797266382,-4.3679771851163895,149.632913428366
146,2026-08-04 13:22:14.127198-07:00,15.279678547230478,-14.523101213786415,1.9083262183734462,-4.348148880279901,149.64007524525854
147,2026-08-04 13:22:14.187036-07:00,15.26992210358361,-14.523101213786415,1.898326218373464,-4.318148880279926,149.67677822059818
148,2026-08-04 13:22:14.246876-07:00,15.26427840070735,-14.523101213786415,1.898326218373464,-4.298148880280017,149.63008705429704
149,2026-08-04 13:22:14.306714-07:00,15.275589906930719,-14.523101213786415,1.898326218373464,-4.338148880280057,149.6708837738851
150,2026-08-04 13:22:14.366554-07:00,15.266936976322304,-14.533101213786425,1.8883262183734817,-4.278148880279886,149.6648957244172
151,2026-08-04 13:22:14.411433-07:00,15.281023510453288,-14.533101213786425,1.8883262183734817,-4.328148880279992,149.68411120131603
152,2026-08-04 13:22:14.471273-07:00,15.278432837903496,-14.523101213786415,1.898326218373464,-4.348148880279901,149.67459995062484
153,2026-08-04 13:22:14.531112-07:00,15.27275299437261,-14.523101213786415,1.898326218373464,-4.328148880279992,149.64007524525854
154,2026-08-04 13:22:14.590950-07:00,15.279433336147887,-14.533101213786425,1.898326218373464,-4.318148880279926,149.6612763506206
155,2026-08-04 13:22:14.650790-07:00,15.26992210358361,-14.523101213786415,1.898326218373464,-4.318148880279926,149.6672653839795
156,2026-08-04 13:22:14.695670-07:00,15.276835848077019,-14.523101213786415,1.9083262183734462,-4.338148880280057,149.64625539966752
157,2026-08-04 13:22:14.755510-07:00,15.276610229242058,-14.533101213786425,1.898326218373464,-4.308148880280083,149.67469528549643
158,2026-08-04 13:22:14.815867-07:00,15.279051730318251,-14.524004587553263,1.8967885797266382,-4.3479771851162585,149.65203364229524
159,2026-08-04 13:22:14.860735-07:00,15.27275299437261,-14.523101213786415,1.898326218373464,-4.328148880279992,149.66518573775141
160,2026-08-04 13:22:14.920574-07:00,15.27275299437261,-14.523101213786415,1.898326218373464,-4.328148880279992,149.64587138915093
161,2026-08-04 13:22:14.980815-07:00,15.27275299437261,-14.523101213786415,1.898326218373464,-4.328148880279992,149.6327368400496
162,2026-08-04 13:22:15.040625-07:00,15.275589906930719,-14.523101213786415,1.898326218373464,-4.338148880280057,149.6648957244172
163,2026-08-04 13:22:15.100737-07:00,15.275589906930719,-14.523101213786415,1.898326218373464,-4.338148880280057,149.68401676164416
164,2026-08-04 13:22:15.160576-07:00,15.276835848077019,-14.523101213786415,1.9083262183734462,-4.338148880280057,149.639883906092
165,2026-08-04 13:22:15.220421-07:00,15.26992210358361,-14.523101213786415,1.898326218373464,-4.318148880279926,149.70189118075925
166,2026-08-04 13:22:15.280262-07:00,15.279433336147887,-14.533101213786425,1.898326218373464,-4.318148880279926,149.65547794821373
167,2026-08-04 13:22:15.340101-07:00,15.26992210358361,-14.523101213786415,1.898326218373464,-4.318148880279926,149.66745451845026
168,2026-08-04 13:22:15.400167-07:00,15.263037986257308,-14.523101213786415,1.8883262183734817,-4.298148880280017,149.6708837738851
169,2026-08-04 13:22:15.445047-07:00,15.28128178393207,-14.523101213786415,1.898326218373464,-4.358148880279966,149.6841183089899
170,2026-08-04 13:22:15.504885-07:00,15.282882018195671,-14.534004587553273,1.8967885797266382,-4.3279771851163495,149.62075308209455
171,2026-08-04 13:22:15.564726-07:00,15.275589906930719,-14.523101213786415,1.898326218373464,-4.338148880280057,149.61704850852948
172,2026-08-04 13:22:15.609605-07:00,15.276610229242058,-14.533101213786425,1.898326218373464,-4.308148880280083,149.6553829975648
173,2026-08-04 13:22:15.669444-07:00,15.267097237913534,-14.523101213786415,1.898326218373464,-4.308148880280083,149.64577597172197
174,2026-08-04 13:22:15.729283-07:00,15.273793147695072,-14.533101213786425,1.898326218373464,-4.298148880280017,149.6708837738851
175,2026-08-04 13:22:15.789122-07:00,15.26992210358361,-14.523101213786415,1.898326218373464,-4.318148880279926,149.65528835793162
176,2026-08-04 13:22:15.848962-07:00,15.267097237913534,-14.523101213786415,1.898326218373464,-4.308148880280083,149.6517630267742
177,2026-08-04 13:22:15.893841-07:00,15.267717039653748,-14.524004587553263,1.8967885797266382,-4.307977185116441,149.6806677075066
178,2026-08-04 13:22:15.953680-07:00,15.27275299437261,-14.523101213786415,1.898326218373464,-4.328148880279992,149.66518573775141
179,2026-08-04 13:22:16.013520-07:00,15.275589906930719,-14.523101213786415,1.898326218373464,-4.338148880280057,149.68049393431787
180,2026-08-04 13:22:16.058399-07:00,15.275589906930719,-14.523101213786415,1.898326218373464,-4.338148880280057,149.67677822059818
181,2026-08-04 13:22:16.118238-07:00,15.279433336147887,-14.533101213786425,1.898326218373464,-4.318148880279926,149.6745049265538
182,2026-08-04 13:22:16.178078-07:00,15.273999166933487,-14.523101213786415,1.9083262183734462,-4.328148880279992,149.6359868043595
183,2026-08-04 13:22:16.237917-07:00,15.282262465073472,-14.533101213786425,1.898326218373464,-4.328148880279992,149.65765655362148
184,2026-08-04 13:22:16.297759-07:00,15.271778250605202,-14.513101213786406,1.898326218373464,-4.358148880279966,149.64206050890172
185,2026-08-04 13:22:16.342636-07:00,15.285097612674893,-14.533101213786425,1.898326218373464,-4.338148880280057,149.68638868077355
186,2026-08-04 13:22:16.402475-07:00,15.275589906930719,-14.523101213786415,1.898326218373464,-4.338148880280057,149.66470792548355
187,2026-08-04 13:22:16.462315-07:00,15.278432837903496,-14.523101213786415,1.898326218373464,-4.348148880279901,149.6708837738851
188,2026-08-04 13:22:16.522158-07:00,15.267097237913534,-14.523101213786415,1.898326218373464,-4.308148880280083,149.67431609753794
189,2026-08-04 13:22:16.581998-07:00,15.275589906930719,-14.523101213786415,1.898326218373464,-4.338148880280057,149.6517630267742
190,2026-08-04 13:22:16.626878-07:00,15.27275299437261,-14.523101213786415,1.898326218373464,-4.328148880279992,149.6589081715938
191,2026-08-04 13:22:16.686543-07:00,15.275589906930719,-14.523101213786415,1.898326218373464,-4.338148880280057,149.66735952372602
192,2026-08-04 13:22:16.746370-07:00,15.279051730318251,-14.524004587553263,1.8967885797266382,-4.3479771851162585,149.66372783111603
193,2026-08-04 13:22:16.806209-07:00,15.279433336147887,-14.533101213786425,1.898326218373464,-4.318148880279926,149.68420595167385
194,2026-08-04 13:22:16.866050-07:00,15.276610229242058,-14.533101213786425,1.898326218373464,-4.308148880280083,149.69609873413154
195,2026-08-04 13:22:16.925888-07:00,15.278432837903496,-14.523101213786415,1.898326218373464,-4.348148880279901,149.68058898043162
196,2026-08-04 13:22:16.985727-07:00,15.278432837903496,-14.523101213786415,1.898326218373464,-4.348148880279901,149.69609873413154
197,2026-08-04 13:22:17.045567-07:00,15.28252726103577,-14.523101213786415,1.9083262183734462,-4.358148880279966,149.66176312986371
198,2026-08-04 13:22:17.105406-07:00,15.278743515591714,-14.513101213786406,1.9083262183734462,-4.378148880279875,149.64989936373237
199,2026-08-04 13:22:17.165246-07:00,15.285381986130005,-14.523101213786415,1.9083262183734462,-4.368148880280032,149.68452087371045
200,2026-08-04 13:22:17.225085-07:00,15.291109456711048,-14.523101213786415,1.9083262183734462,-4.388148880279941,149.61929228224028
201,2026-08-04 13:22:17.284924-07:00,15.278743515591714,-14.513101213786406,1.9083262183734462,-4.378148880279875,149.667752629831
202,2026-08-04 13:22:17.344763-07:00,15.279678547230478,-14.523101213786415,1.9083262183734462,-4.348148880279901,149.65547794821373
203,2026-08-04 13:22:17.404602-07:00,15.273793147695072,-14.533101213786425,1.898326218373464,-4.298148880280017,149.67097816183679
204,2026-08-04 13:22:17.464444-07:00,15.275589906930719,-14.523101213786415,1.898326218373464,-4.338148880280057,149.63997826462014
205,2026-08-04 13:22:17.524282-07:00,15.26427840070735,-14.523101213786415,1.898326218373464,-4.298148880280017,149.66137101233824
206,2026-08-04 13:22:17.584120-07:00,15.410769092332211,-14.533101213786425,2.028326218373455,-4.708148880279817,149.56603244193056
207,2026-08-04 13:22:17.643982-07:00,15.237883459999567,-14.473101213786393,1.9083262183734462,-4.368148880280032,149.5756979867731
208,2026-08-04 13:22:17.703799-07:00,15.27275299437261,-14.523101213786415,1.898326218373464,-4.328148880279992,149.64596486676723
209,2026-08-04 13:22:17.764143-07:00,15.275589906930719,-14.523101213786415,1.898326218373464,-4.338148880280057,149.66137101233824
210,2026-08-04 13:22:17.809023-07:00,15.26427840070735,-14.523101213786415,1.898326218373464,-4.298148880280017,149.6589081715938
211,2026-08-04 13:22:17.868862-07:00,15.26992210358361,-14.523101213786415,1.898326218373464,-4.318148880279926,149.63418432984565
212,2026-08-04 13:22:17.928702-07:00,15.273793147695072,-14.533101213786425,1.898326218373464,-4.298148880280017,149.67107881298705
213,2026-08-04 13:22:17.973581-07:00,15.26427840070735,-14.523101213786415,1.898326218373464,-4.298148880280017,149.63027583085355
214,2026-08-04 13:22:18.033420-07:00,15.264898429378118,-14.524004587553263,1.8967885797266382,-4.297977185116375,149.6482276983677
215,2026-08-04 13:22:18.093260-07:00,15.275589906930719,-14.523101213786415,1.898326218373464,-4.338148880280057,149.67097816183679
216,2026-08-04 13:22:18.153099-07:00,15.274413381566635,-14.534004587553273,1.8967885797266382,-4.297977185116375,149.683038990971
217,2026-08-04 13:22:18.212943-07:00,15.275589906930719,-14.523101213786415,1.898326218373464,-4.338148880280057,149.6614659850227
218,2026-08-04 13:22:18.257853-07:00,15.276835848077019,-14.523101213786415,1.9083262183734462,-4.338148880280057,149.66118199986525
219,2026-08-04 13:22:18.317660-07:00,15.273999166933487,-14.523101213786415,1.9083262183734462,-4.328148880279992,149.6454949625473
220,2026-08-04 13:22:18.378005-07:00,15.27275299437261,-14.523101213786415,1.898326218373464,-4.328148880279992,149.64939547951633
221,2026-08-04 13:22:18.422919-07:00,15.282262465073472,-14.533101213786425,1.898326218373464,-4.328148880279992,149.67431609753794
222,2026-08-04 13:22:18.482801-07:00,15.264491099516187,-14.513101213786406,1.9083262183734462,-4.328148880279992,149.6147773771931
223,2026-08-04 13:22:18.542673-07:00,15.279051730318251,-14.524004587553263,1.8967885797266382,-4.3479771851162585,149.6618345365223
224,2026-08-04 13:22:18.602479-07:00,15.27275299437261,-14.523101213786415,1.898326218373464,-4.328148880279992,149.66118199986525
225,2026-08-04 13:22:18.662319-07:00,15.267097237913534,-14.523101213786415,1.898326218373464,-4.308148880280083,149.64596486676723
226,2026-08-04 13:22:18.707198-07:00,15.267717039653748,-14.524004587553263,1.8967885797266382,-4.307977185116441,149.64604624866232
227,2026-08-04 13:22:18.767046-07:00,15.26427840070735,-14.523101213786415,1.898326218373464,-4.298148880280017,149.6366437301258
228,2026-08-04 13:22:18.826876-07:00,15.272553506018879,-14.533101213786425,1.8883262183734817,-4.298148880280017,149.6423442731111
229,2026-08-04 13:22:18.871756-07:00,15.26992210358361,-14.523101213786415,1.898326218373464,-4.318148880279926,149.64243948355667
230,2026-08-04 13:22:18.931596-07:00,15.263522379704806,-14.503101213786396,1.9083262183734462,-4.358148880279966,149.63988368360984
231,2026-08-04 13:22:18.991435-07:00,15.232146586990304,-14.473101213786393,1.8383262183734594,-4.378148880279875,149.67078969678542
232,2026-08-04 13:22:19.051274-07:00,15.22128294304697,-14.46310121378641,1.778326218373455,-4.398148880280006,149.63969545510707
233,2026-08-04 13:22:19.111113-07:00,15.276561895872627,-14.533101213786425,1.8283262183734772,-4.338148880280057,149.64215478578808
234,2026-08-04 13:22:19.155992-07:00,15.256137004154906,-14.503101213786396,1.8483262183734417,-4.358148880279966,149.64958564782114
235,2026-08-04 13:22:19.215832-07:00,15.24500720164847,-14.483101213786403,1.8183262183734394,-4.398148880280006,149.6648957244172
236,2026-08-04 13:22:19.275705-07:00,15.24994908751321,-14.493101213786414,1.8283262183734772,-4.378148880279875,149.66745451845026
237,2026-08-04 13:22:19.335512-07:00,15.235156805740045,-14.4531012137864,1.8283262183734772,-4.458148880279955,149.6553829975648
238,2026-08-04 13:22:19.395952-07:00,15.148558842016907,-14.353101213786413,1.798326218373475,-4.498148880279773,149.68686557511205
239,2026-08-04 13:22:19.440865-07:00,15.208544742224435,-14.43310121378641,1.9083262183734462,-4.398148880280006,149.6553829975648
240,2026-08-04 13:22:19.500670-07:00,15.188312697706873,-14.413101213786417,1.898326218373464,-4.398148880280006,149.6841183089899
241,2026-08-04 13:22:19.560511-07:00,15.225318349756387,-14.454004587553248,1.9967885797266272,-4.3479771851162585,149.67343220137792
243,2026-08-04 13:22:19.665229-07:00,15.234727752558808,-14.463014491442937,2.148449298190025,-4.278119578506878,149.62685349135086
244,2026-08-04 13:22:19.725069-07:00,15.252025616862642,-14.49301449144294,2.128449298190005,-4.248119578506904,149.6293124311447
245,2026-08-04 13:22:19.785313-07:00,15.234874528123305,-14.452100500188553,2.270283294727143,-4.2525294568989125,149.546751680657
246,2026-08-04 13:22:19.845153-07:00,15.18251784779684,-14.396131398676044,2.3309492780471395,-4.222194265295576,149.6487591085057
247,2026-08-04 13:22:19.890538-07:00,15.150618145655079,-14.33802094150291,2.523097747514025,-4.194801953962379,149.67524180446205
248,2026-08-04 13:22:19.950377-07:00,15.139889661652632,-14.327958966311172,2.6200500326710454,-4.130519174755154,149.68098653226144
249,2026-08-04 13:22:20.010724-07:00,15.044563987025498,-14.20407415039146,2.7725427036993655,-4.110497542396674,149.92620592496647
250,2026-08-04 13:22:20.055604-07:00,15.002528257088235,-14.143620905020027,2.909239732743485,-4.0706468745443924,149.8821296385544
251,2026-08-04 13:22:20.115614-07:00,14.983266004224006,-14.094876599834327,3.090976499959069,-4.034671989824989,149.92379760513555
254,2026-08-04 13:22:20.280173-07:00,14.691524022369222,-13.638772631507784,3.679260383255806,-4.035814941011351,149.35960632210862
255,2026-08-04 13:22:20.340011-07:00,14.579582309886765,-13.459547820334873,3.7748216009607924,-4.14192161729332,149.78930697705204
256,2026-08-04 13:22:20.399852-07:00,14.478443973550506,-13.277297290631262,3.8766976869020473,-4.279010586082377,149.75226374123235
258,2026-08-04 13:22:20.504570-07:00,14.363446945997604,-12.980327581832318,3.9193640312270017,-4.739017791645761,150.07394566085486
259,2026-08-04 13:22:20.564409-07:00,14.390679397993418,-12.881516133998849,4.050374213440843,-4.975204956225721,149.9804648162091
260,2026-08-04 13:22:20.624248-07:00,14.367296176701354,-12.78535062713368,3.948936723811358,-5.230669892245521,149.97246791245217
261,2026-08-04 13:22:20.684088-07:00,14.373579063050947,-12.795005366164874,3.8601693305443385,-5.2902462609139,149.95493735548695
262,2026-08-04 13:22:20.743927-07:00,14.278162291150498,-12.73500536616487,3.8401693305443185,-5.190246260913911,149.93538734990173
264,2026-08-04 13:22:20.848646-07:00,14.335909388409167,-12.734821422872272,3.8504709484535327,-5.340083781678606,149.92135306177778
265,2026-08-04 13:22:20.908485-07:00,14.313716709210075,-12.704831897220325,3.8807229516528152,-5.3300770976982825,149.89704602663335
270,2026-08-04 13:22:21.193468-07:00,14.327755503408563,-12.724831897220346,3.8807229516528152,-5.320077097698217,149.9218230795944
271,2026-08-04 13:22:21.238348-07:00,14.321344847399974,-12.7143146458428,3.891211957164714,-5.320299881498736,149.902024815966
273,2026-08-04 13:22:21.358027-07:00,14.369376449062036,-12.774826291944846,3.87052008351918,-5.319949908464183,149.87572335308624
275,2026-08-04 13:22:21.462746-07:00,14.408318842966757,-12.814821422872269,3.9504709484535496,-5.27008378167837,149.8766398547257
276,2026-08-04 13:22:21.522586-07:00,14.39211770730311,-12.804821422872287,3.9504709484535496,-5.250083781678461,149.86656098831918
277,2026-08-04 13:22:21.582420-07:00,14.399196942185975,-12.82482142287228,3.9904709484535617,-5.190083781678512,149.8592495161907
278,2026-08-04 13:22:21.642258-07:00,14.442394522976418,-12.884821422872283,4.130470948453535,-5.050083781678483,149.88618434620466
279,2026-08-04 13:22:21.687644-07:00,15.126667006258204,-12.674825614483105,4.230499515414876,-7.089973498592084,153.93550753002282
280,2026-08-04 13:22:21.747484-07:00,14.410897926714533,-12.814833482945431,4.560553141114254,-4.7597664759564395,149.88240474210733
281,2026-08-04 13:22:21.807897-07:00,15.137013815232532,-12.694933383681661,4.450554655403755,-6.939770665208567,153.912007872188
282,2026-08-04 13:22:21.852776-07:00,14.454501052706389,-12.804937060533234,4.620579714141759,-4.859673925659447,149.87243114965054
283,2026-08-04 13:22:21.912860-07:00,14.799793133597406,-12.924938222694276,6.470701570434362,-3.1796021642953587,149.8811685245473
284,2026-08-04 13:22:21.972700-07:00,18.715018235406074,-13.275038121036447,12.91044329466809,2.7102996830186132,149.66425061946964
285,2026-08-04 13:22:22.033104-07:00,42.036702859940625,-13.74502345747161,33.69042251456325,21.05027667938608,149.60622334668548
286,2026-08-04 13:22:22.092943-07:00,18.83728228686968,-13.056581079854663,13.398411284214456,2.2026051664858493,150.45977168459035
287,2026-08-04 13:22:22.137823-07:00,33.07253470293159,-12.546581079854679,26.00841128421444,16.122605166485783,146.3754212727384
288,2026-08-04 13:22:22.197662-07:00,48.083426007661046,-13.266581079854678,39.21841128421447,24.452605166485952,149.0676986204048
289,2026-08-04 13:22:22.257501-07:00,64.10905607905312,-13.326581079854682,51.86841128421446,35.24260516648581,148.69044689108154
290,2026-08-04 13:22:22.302413-07:00,79.29186451448753,-13.38658107985466,63.49841128421446,45.562605166485696,148.3129234220528
291,2026-08-04 13:22:22.362220-07:00,16.97055795166628,-11.54643583891654,12.304260420924695,-1.8124105778529742,149.996220994733
292,2026-08-04 13:22:22.422088-07:00,24.424537050333498,-11.64643583891653,20.154260420924665,7.397589422147188,149.67599301649298
293,2026-08-04 13:22:22.481899-07:00,37.060375460073374,-12.01643583891654,27.58426042092471,21.63758942214722,149.32589351911588
294,2026-08-04 13:22:22.541738-07:00,39.58278149910974,-12.286435838916532,26.394260420924688,26.81758942214718,149.2397306178979
295,2026-08-04 13:22:22.586618-07:00,16.409838833692366,-10.915107727623052,10.262304787418463,-6.69539650000428,150.10828714916656
296,2026-08-04 13:22:22.646457-07:00,12.750928786952189,-11.115019951503546,5.212728312263771,-3.445283725635351,150.13622611935665
297,2026-08-04 13:22:22.706301-07:00,11.327223420390556,-11.294818638207444,0.8528767691055594,-0.07525664200702664,150.11819840069592
298,2026-08-04 13:22:22.751176-07:00,12.26265178858322,-11.534818638207462,-2.0271232308944342,3.6347433579928534,150.07310726134642
299,2026-08-04 13:22:22.811015-07:00,18.623342460682164,-10.782589506448309,11.421997004348983,-10.005130302795706,150.13457599835593
301,2026-08-04 13:22:22.930696-07:00,11.694256321722031,-11.272689244481965,1.8319814587575145,-2.5151445386388804,150.1225510713927
302,2026-08-04 13:22:22.990539-07:00,12.10085397982351,-11.442692921333542,-3.5479934825044523,-1.7050477990894208,150.16856267645028
303,2026-08-04 13:22:23.035419-07:00,14.538465103819824,-11.582692921333543,-8.72799348250447,-1.0150477990893414,150.21748155280017
304,2026-08-04 13:22:23.095257-07:00,15.860687374018967,-11.135884826740854,8.202178630190515,-7.7638739570122794,150.09987187318484
305,2026-08-04 13:22:23.155097-07:00,14.284720401310397,-11.2456331949837,5.231841325769427,-7.086381822161814,150.14446840570386
306,2026-08-04 13:22:23.214936-07:00,13.365352256416172,-11.365735447707914,3.1717289826233563,-6.276371079819265,150.1539106734293
307,2026-08-04 13:22:23.274775-07:00,12.811257531590371,-11.465722973428516,1.6015772852020216,-5.486389198448238,150.1775061133901
309,2026-08-04 13:22:23.379328-07:00,15.229245081656796,-11.39525084835033,6.67864621962086,-7.5811508713046205,150.16235307508362
310,2026-08-04 13:22:23.439532-07:00,15.306890581674837,-11.40525084835034,6.978646219620882,-7.451150871304435,150.15297304385115
311,2026-08-04 13:22:23.499857-07:00,15.445165763800661,-11.38525084835032,7.338646219620854,-7.4211508713044605,150.16486828651813
312,2026-08-04 13:22:23.559695-07:00,15.365953141545305,-11.39525084835033,7.038646219620858,-7.531150871304737,150.15088131315582
313,2026-08-04 13:22:23.620039-07:00,16.854535651105135,-11.385371975959208,9.845502362229059,-7.583848641603996,150.1332555695086
314,2026-08-04 13:22:23.679879-07:00,16.878287244231988,-11.425371975959193,9.785502362229053,-7.653848641603789,150.11923085097575
315,2026-08-04 13:22:23.739718-07:00,16.87183477104446,-11.4053719759592,9.805502362229019,-7.643848641603945,150.12268825746708
316,2026-08-04 13:22:23.799557-07:00,16.815146182635196,-11.4053719759592,9.715502362229039,-7.63384864160388,150.1291232071521
317,2026-08-04 13:22:23.859396-07:00,16.84279199734251,-11.425371975959193,9.755502362229052,-7.613848641603971,150.1399626457495
318,2026-08-04 13:22:23.919236-07:00,16.85865007600937,-11.415376167570018,9.755530929190403,-7.6637383585176355,150.14943496773947
319,2026-08-04 13:22:23.979075-07:00,16.801517306023946,-11.405376167570008,9.715530929190392,-7.6037383585176865,150.13129389374217
320,2026-08-04 13:22:24.038915-07:00,16.845033632611724,-11.415376167570018,9.755530929190403,-7.633738358517661,150.13080413350534
321,2026-08-04 13:22:24.083794-07:00,16.856344217366424,-11.42537616757,9.755530929190403,-7.6437383585177265,150.1324681657441
322,2026-08-04 13:22:24.143633-07:00,16.83628366047937,-11.405376167570008,9.775530929190367,-7.6037383585176865,150.11547425250978
323,2026-08-04 13:22:24.203473-07:00,16.836933876151555,-11.405276266833797,9.745529414900867,-7.64373416926567,150.11326552588537
324,2026-08-04 13:22:24.263312-07:00,16.838929069984754,-11.425276266833789,9.725529414900901,-7.64373416926567,150.1316698157255
328,2026-08-04 13:22:24.487709-07:00,16.85210243425249,-11.415273400086578,9.775639764113109,-7.623762644397125,150.1245501740054
329,2026-08-04 13:22:24.548054-07:00,16.81888706469353,-11.405273400086568,9.745639764113106,-7.603762644397216,150.14816585424134
331,2026-08-04 13:22:24.667736-07:00,16.840439201012707,-11.415276429536354,9.755546474781884,-7.623724122674425,150.12991143934448
332,2026-08-04 13:22:24.727577-07:00,16.84623410179559,-11.415276429536354,9.765546474781866,-7.623724122674425,150.1151339285354
333,2026-08-04 13:22:24.787417-07:00,16.82661402593752,-11.405276429536343,9.735546474781865,-7.63372412267449,150.12842524173857
334,2026-08-04 13:22:24.847257-07:00,16.854321635067784,-11.405276429536343,9.775546474781848,-7.643724122674556,150.1249673680846
335,2026-08-04 13:22:24.907119-07:00,16.83917919721634,-11.415276429536354,9.745546474781847,-7.63372412267449,150.15277646741038
336,2026-08-04 13:22:24.966935-07:00,16.835914528191047,-11.415276429536354,9.755546474781884,-7.613724122674581,150.1488869528891
337,2026-08-04 13:22:25.027292-07:00,16.861090217032377,-11.415276429536354,9.775546474781848,-7.643724122674556,150.14726038461842
338,2026-08-04 13:22:25.087131-07:00,16.831394580310327,-11.415276429536354,9.755546474781884,-7.603724122674516,150.1525323874507
339,2026-08-04 13:22:25.147475-07:00,16.814299051032666,-11.405276429536343,9.745546474781847,-7.59372412267445,150.1387486947794
340,2026-08-04 13:22:25.207821-07:00,16.816882156679462,-11.405276429536343,9.765546474781866,-7.573724122674541,150.14220955276164
341,2026-08-04 13:22:25.267660-07:00,16.873745646867217,-11.405276429536343,9.785546474781887,-7.67372412267453,150.13369701894368
342,2026-08-04 13:22:25.328005-07:00,16.809785188844828,-11.405276429536343,9.745546474781847,-7.583724122674607,150.11481425387973
343,2026-08-04 13:22:25.387844-07:00,16.871539974437148,-11.395276429536333,9.785546474781887,-7.6837241226743735,150.12750024214617
344,2026-08-04 13:22:25.432724-07:00,16.808803749702484,-11.395276429536333,9.755546474781884,-7.583724122674607,150.1373431006532
345,2026-08-04 13:22:25.492563-07:00,16.832678930138854,-11.415276429536354,9.765546474781866,-7.59372412267445,150.13138770637926
346,2026-08-04 13:22:25.552403-07:00,16.80527606475575,-11.405276429536343,9.745546474781847,-7.573724122674541,150.12725829451438
347,2026-08-04 13:22:25.612243-07:00,16.821388169651712,-11.405276429536343,9.765546474781866,-7.583724122674607,150.13940617146568
348,2026-08-04 13:22:25.672081-07:00,16.821388169651712,-11.405276429536343,9.765546474781866,-7.583724122674607,150.14930042660217
349,2026-08-04 13:22:25.716962-07:00,16.800771682580475,-11.405276429536343,9.745546474781847,-7.563724122674476,150.1253824280048
350,2026-08-04 13:22:25.776801-07:00,16.790794667501526,-11.395276429536333,9.755546474781884,-7.543724122674567,150.16995238792893
351,2026-08-04 13:22:25.836640-07:00,16.83396652017471,-11.395276429536333,9.775546474781848,-7.613724122674581,150.17754341370713
352,2026-08-04 13:22:25.896479-07:00,16.8407941238272,-11.38527642953635,9.775546474781848,-7.643724122674556,150.12842524173857
353,2026-08-04 13:22:25.956319-07:00,16.788506619710457,-11.38527642953635,9.755546474781884,-7.553724122674632,150.14359378097654
354,2026-08-04 13:22:26.016157-07:00,16.814609553168566,-11.395276429536333,9.765546474781866,-7.583724122674607,150.140377642187
355,2026-08-04 13:22:26.075997-07:00,16.81010172316197,-11.395276429536333,9.765546474781866,-7.573724122674541,150.14978524944175
356,2026-08-04 13:22:26.135836-07:00,16.845335295077504,-11.38527642953635,9.775546474781848,-7.653724122674399,150.14335052985567
357,2026-08-04 13:22:26.195675-07:00,16.814609553168566,-11.395276429536333,9.765546474781866,-7.583724122674607,150.18124853671114
358,2026-08-04 13:22:26.256020-07:00,16.795289817346177,-11.395276429536333,9.755546474781884,-7.553724122674632,150.18719809806092
359,2026-08-04 13:22:26.315859-07:00,16.799789716871558,-11.395276429536333,9.755546474781884,-7.563724122674476,150.15871800592925
360,2026-08-04 13:22:26.375701-07:00,16.838193532468647,-11.405276429536343,9.755546474781884,-7.63372412267449,150.11951251548615
361,2026-08-04 13:22:26.435538-07:00,16.835914528191047,-11.415276429536354,9.755546474781884,-7.613724122674581,150.11332517970573
362,2026-08-04 13:22:26.495378-07:00,16.842729467616685,-11.405276429536343,9.755546474781884,-7.643724122674556,150.126840826248
363,2026-08-04 13:22:26.555216-07:00,16.8369392999389,-11.405276429536343,9.745546474781847,-7.643724122674556,150.11670514874913
364,2026-08-04 13:22:26.615055-07:00,16.84496859496805,-11.415276429536354,9.755546474781884,-7.63372412267449,150.1112470353825
365,2026-08-04 13:22:26.674895-07:00,16.84496859496805,-11.415276429536354,9.755546474781884,-7.63372412267449,150.1229731442222
366,2026-08-04 13:22:26.734770-07:00,16.842729467616685,-11.405276429536343,9.755546474781884,-7.643724122674556,150.1148887198098
367,2026-08-04 13:22:26.794610-07:00,16.84496859496805,-11.415276429536354,9.755546474781884,-7.63372412267449,150.1424535615831
368,2026-08-04 13:22:26.854448-07:00,16.850761938112925,-11.415276429536354,9.765546474781866,-7.63372412267449,150.12089424809008
369,2026-08-04 13:22:26.899328-07:00,16.83917919721634,-11.415276429536354,9.745546474781847,-7.63372412267449,150.1424535615831
370,2026-08-04 13:22:26.959167-07:00,16.890753495269035,-11.405276429536343,9.775546474781848,-7.723724122674636,150.15277646741038
371,2026-08-04 13:22:27.019007-07:00,16.842729467616685,-11.405276429536343,9.755546474781884,-7.643724122674556,150.12089424809008
372,2026-08-04 13:22:27.063887-07:00,16.831394580310327,-11.415276429536354,9.755546474781884,-7.603724122674516,150.13048455512308
373,2026-08-04 13:22:27.123725-07:00,16.825600511975892,-11.415276429536354,9.745546474781847,-7.603724122674516,150.12132464951208
374,2026-08-04 13:22:27.183565-07:00,16.835914528191047,-11.415276429536354,9.755546474781884,-7.613724122674581,150.1151339285354
375,2026-08-04 13:22:27.243426-07:00,16.840439201012707,-11.415276429536354,9.755546474781884,-7.623724122674425,150.13097237735792
376,2026-08-04 13:22:27.303243-07:00,16.835914528191047,-11.415276429536354,9.755546474781884,-7.613724122674581,150.1245371174325
377,2026-08-04 13:22:27.348122-07:00,16.840439201012707,-11.415276429536354,9.755546474781884,-7.623724122674425,150.15485908742372
378,2026-08-04 13:22:27.407962-07:00,16.847270117196274,-11.405276429536343,9.755546474781884,-7.653724122674399,150.147056571149
379,2026-08-04 13:22:27.467801-07:00,16.84496859496805,-11.415276429536354,9.755546474781884,-7.63372412267449,150.13280348626913
380,2026-08-04 13:22:27.527640-07:00,16.833662315563256,-11.405276429536343,9.755546474781884,-7.623724122674425,150.12108013477362
381,2026-08-04 13:22:27.587480-07:00,16.840439201012707,-11.415276429536354,9.755546474781884,-7.623724122674425,150.11075683971296
382,2026-08-04 13:22:27.647319-07:00,16.86179716601619,-11.455276429536337,9.745546474781847,-7.623724122674425,150.12040496673586
383,2026-08-04 13:22:27.707192-07:00,16.830919387604023,-11.455276429536337,9.715546474781872,-7.59372412267445,150.12635351930714
384,2026-08-04 13:22:27.766997-07:00,16.85157873511402,-11.475276429536358,9.735546474781865,-7.583724122674607,150.1447537537453
385,2026-08-04 13:22:27.826795-07:00,16.83899312333314,-11.465276429536347,9.725546474781883,-7.583724122674607,150.1569107862544
386,2026-08-04 13:22:27.886634-07:00,16.88671059549782,-11.48527642953634,9.745546474781847,-7.63372412267449,150.1488869528891
387,2026-08-04 13:22:27.931514-07:00,16.85647115934066,-11.505276429536332,9.645546474781858,-7.663724122674465,150.15302084055588
388,2026-08-04 13:22:27.991353-07:00,16.822919789285997,-11.405276429536343,9.705546474781862,-7.663724122674465,150.1745891668514
389,2026-08-04 13:22:28.051195-07:00,16.861735812561506,-11.415276429536354,9.81554647478189,-7.59372412267445,150.1555650915169
390,2026-08-04 13:22:28.096077-07:00,16.94337578371413,-11.36527642953633,9.93554647478187,-7.693724122674661,150.15994319657665
391,2026-08-04 13:22:28.156419-07:00,16.905339653302786,-11.37527642953634,9.905546474781895,-7.63372412267449,150.12132464951208
392,2026-08-04 13:22:28.216765-07:00,16.888111226108293,-11.335276429536329,9.875546474781894,-7.693724122674661,150.14937606429402
394,2026-08-04 13:22:28.336946-07:00,16.87227497776044,-11.405268561073962,9.735492849082512,-7.733931145310402,150.1371782900004
395,2026-08-04 13:22:28.396786-07:00,16.060575567649888,-11.156925848844146,8.996298017997617,-7.247876595180003,150.1546201886102
396,2026-08-04 13:22:28.457199-07:00,16.11150789054081,-11.266924523980565,8.646159101824063,-7.607958403134774,150.1986752828681
397,2026-08-04 13:22:28.518052-07:00,16.299147856444396,-11.446924523980579,6.636159101824079,-9.517958403134852,150.26438026417657
398,2026-08-04 13:22:28.562931-07:00,18.042067818118106,-11.546924523980568,3.2861591018240874,-13.46795840313475,150.3946100547292
399,2026-08-04 13:22:28.623275-07:00,17.794616442436457,-11.300623336229027,7.881047937683766,-11.262032230021202,150.28471762393892
400,2026-08-04 13:22:28.683114-07:00,21.13722040735045,-11.371054394818197,7.17055285642279,-16.31148001354399,150.40574264873476
401,2026-08-04 13:22:28.742954-07:00,25.596155583915333,-11.460930916360828,7.560032895014418,-21.602225483331683,150.55806394682446
403,2026-08-04 13:22:28.862634-07:00,38.23441285946509,-11.670046981743814,6.879538438578525,-35.75405265174902,150.86899684820577
404,2026-08-04 13:22:28.922473-07:00,27.974079076255624,-11.971053657652025,10.507531489331507,-22.996407469231485,150.69463571311456
405,2026-08-04 13:22:28.982311-07:00,36.02475753932455,-12.281067294092452,9.117805043045463,-32.61631758923911,150.99901347915556
406,2026-08-04 13:22:29.042152-07:00,43.705529032355074,-12.66096571883002,9.927937954295807,-40.63630474145374,151.15876974991082
407,2026-08-04 13:22:29.101989-07:00,50.69281900918365,-13.060965718830003,12.847937954295812,-47.26630474145366,151.1452406836015
408,2026-08-04 13:22:29.146869-07:00,24.600484142460694,-12.03225424472612,19.359595952904485,-9.252822400436234,150.3404986378466
409,2026-08-04 13:22:29.206708-07:00,29.65778695676384,-12.572360821703683,22.499627016565743,-14.67265670071738,150.21317143191206
410,2026-08-04 13:22:29.266570-07:00,34.298698683051256,-13.152583980208743,23.880236181253263,-20.812125934701164,150.2123789694417
415,2026-08-04 13:22:29.550784-07:00,28.240884046507816,-13.37215309554765,7.042753538411634,-23.856501753499515,150.64732156595906
417,2026-08-04 13:22:29.655504-07:00,15.19847043590016,-12.266300453924295,4.198055491843711,-7.931437880509984,150.72291544795556
418,2026-08-04 13:22:29.715344-07:00,16.189620768472434,-12.256174507011803,4.097971572893017,-9.751750410484705,150.7643573144658
419,2026-08-04 13:22:29.775182-07:00,18.167984801728064,-12.076069604560507,2.9378060836919015,-13.2519247687366,150.8328517963128
420,2026-08-04 13:22:29.835020-07:00,18.906338184397207,-12.046069604560506,2.6878060836919015,-14.321924768736505,150.79841141704506
421,2026-08-04 13:22:29.879901-07:00,15.003625838388533,-12.020204653630378,5.8678218948738365,-6.796479573517589,150.69150450436658
423,2026-08-04 13:22:29.999462-07:00,14.781688233086976,-12.041215548241336,5.2267846552263855,-6.796186968356821,150.6881632551482
424,2026-08-04 13:22:30.044846-07:00,14.771309349999985,-12.071215548241337,5.0467846552263715,-6.85618696835677,150.6676161168255
425,2026-08-04 13:22:30.104685-07:00,14.158206957014986,-12.132596921478973,3.1195736181304223,-6.597209760167644,150.69733073937053
426,2026-08-04 13:22:30.164525-07:00,14.087788305385443,-12.06259692147893,2.939573618130409,-6.657209760167815,150.6659985865208
427,2026-08-04 13:22:30.224365-07:00,14.1084838220108,-12.10259692147897,2.919573618130417,-6.637209760167684,150.70174698048876
428,2026-08-04 13:22:30.284203-07:00,14.144096949966258,-12.152596921478937,2.9295736181304264,-6.617209760167775,150.7162751024771
429,2026-08-04 13:22:30.329084-07:00,14.14806260326096,-12.142596921478955,2.9895736181304313,-6.617209760167775,150.69624646699546
430,2026-08-04 13:22:30.388923-07:00,13.960567807907909,-12.124749538322849,2.8496459175818,-6.306141474510696,150.7279721703582
431,2026-08-04 13:22:30.448763-07:00,13.89500216462844,-12.184745346712045,2.8996173506204426,-6.016251757597013,150.71085317221707
432,2026-08-04 13:22:30.493641-07:00,13.945501194169323,-12.164745346712024,2.8896173506204326,-6.176251757596951,150.72184149575298
433,2026-08-04 13:22:30.553480-07:00,13.925559312108426,-12.134749538322831,2.9196459175817866,-6.176141474510732,150.68549081393664
434,2026-08-04 13:22:30.613321-07:00,13.933530364722122,-12.184745346712045,3.0196173506204236,-6.046251757596988,150.64532201587264
435,2026-08-04 13:22:30.673158-07:00,13.949710735151408,-12.124744184551005,2.969495494327845,-6.226323518960575,150.67599527208262
436,2026-08-04 13:22:30.732998-07:00,14.008868328796297,-12.134739992940208,2.9094669273664886,-6.366433802047267,150.71322462133668
437,2026-08-04 13:22:30.777878-07:00,13.88120406876609,-12.074646341732109,3.0192889253897457,-6.14610742713162,150.72192058848384
438,2026-08-04 13:22:30.837717-07:00,13.156189272036293,-12.12439032652804,3.0484310906018495,-4.097748559573677,154.1769770775843
439,2026-08-04 13:22:30.897557-07:00,13.892459835974282,-12.144158315003233,3.1080598261574166,-5.988307209163768,150.67857422319398
440,2026-08-04 13:22:30.942435-07:00,13.883887988906523,-12.134150767069862,3.1672579552201316,-5.9576176359024124,150.70571587290527
441,2026-08-04 13:22:31.002275-07:00,14.05880784438945,-12.174021690844361,3.3186889476848336,-6.199159422440426,150.68483570716904
442,2026-08-04 13:22:31.062114-07:00,14.130216003927332,-12.149460924709865,3.332086143509827,-6.399281638498344,150.65995773118766
443,2026-08-04 13:22:31.121954-07:00,14.302375442888748,-12.276815054500096,3.2907302925761215,-6.558113262857601,150.8400084127858
444,2026-08-04 13:22:31.181793-07:00,14.36981591841604,-12.363078486879896,3.3286657122314214,-6.524253553673809,150.74660022745115
445,2026-08-04 13:22:31.226672-07:00,14.438885228083928,-12.501849700772977,3.3966338209525384,-6.3755814931207855,150.97201886802554
446,2026-08-04 13:22:31.286511-07:00,14.53321862022327,-12.649183695150334,3.408331010180871,-6.292525330468424,150.76416900746415
447,2026-08-04 13:22:31.347352-07:00,14.657870977581329,-12.759254208939113,3.418775698329546,-6.3534704179371015,150.51001472493564
448,2026-08-04 13:22:31.406194-07:00,14.754630435819887,-12.868974976945363,3.1597755707148956,-6.488791927862225,150.4900974818823
449,2026-08-04 13:22:31.466543-07:00,14.87243735410116,-12.979924719949242,3.122604979821503,-6.554409603931388,150.3139387339605
450,2026-08-04 13:22:31.511422-07:00,15.033454308285917,-13.157897771457067,3.00573731822118,-6.621179490774898,150.18980223139383
451,2026-08-04 13:22:31.571625-07:00,15.382433569182416,-13.586897531493115,2.8035991396117566,-6.644946188148149,151.30090923900062
452,2026-08-04 13:22:31.631465-07:00,15.562800529280278,-13.760179570463826,2.7218192854657763,-6.7416554554518004,150.90303470014322
454,2026-08-04 13:22:31.737193-07:00,15.886997404314064,-14.04081346258415,2.3008689284711723,-7.068114742107223,150.55361224818677
455,2026-08-04 13:22:31.797032-07:00,15.769379751592622,-14.187934395308465,2.024294968852036,-6.578608152447041,150.55900897820064
456,2026-08-04 13:22:31.841911-07:00,15.28601799194174,-14.677834113049403,1.7307359404071798,-3.902317888685225,155.4947256762868
457,2026-08-04 13:22:31.901751-07:00,15.59887277515812,-14.803854606442457,1.470453413944306,-4.691320432916646,154.45496107586652
458,2026-08-04 13:22:31.961590-07:00,16.177236407093474,-14.627854700040189,1.4685093294760088,-6.750727738158657,150.2778075688944
459,2026-08-04 13:22:32.021430-07:00,16.545545436841063,-15.018405410335973,1.0470880339597533,-6.863394159051461,151.33570794628258
460,2026-08-04 13:22:32.081271-07:00,16.72206486293856,-15.165342325740017,0.9648051753800568,-6.979183075188855,150.8980858634622
462,2026-08-04 13:22:32.185988-07:00,16.926048675821868,-15.352385990998723,0.6470282945457706,-7.0976561304232355,150.5896165123514
463,2026-08-04 13:22:32.245827-07:00,17.03884072362849,-15.498751182015685,0.46067149387751805,-7.063893174296787,150.62224823322114
464,2026-08-04 13:22:32.305666-07:00,17.11977278319609,-15.581088098742368,0.31716465286768525,-7.08630512964703,150.34398536213277
465,2026-08-04 13:22:32.365505-07:00,17.23255972557076,-15.728596576676162,0.18071316605886012,-7.03844494012329,150.1710690033558
466,2026-08-04 13:22:32.410386-07:00,17.261962179624174,-15.748029140939702,0.16688056305164123,-7.067323916771118,150.51432922163326
468,2026-08-04 13:22:32.530064-07:00,17.14281831039164,-15.674247375489086,0.11320359663311019,-6.94128041363995,150.75965412143196
469,2026-08-04 13:22:32.575945-07:00,17.191982277211313,-15.625822160658442,0.15321997194170378,-7.167597928429137,150.74807001161943
470,2026-08-04 13:22:32.634783-07:00,16.95922961264726,-15.695052150594247,0.07780864742881755,-6.424543007794714,150.87438535200963
471,2026-08-04 13:22:32.695128-07:00,16.796273480730633,-15.621256938963658,0.07983312097889494,-6.171285211296729,150.78190513782985
472,2026-08-04 13:22:32.755472-07:00,16.624480222090806,-15.55102949717707,-0.0005415222697480182,-5.876974046171268,150.9337021144764
473,2026-08-04 13:22:32.815312-07:00,16.598904270111426,-15.593382335624517,-0.0390978501744188,-5.689334026181658,150.74023549205688
474,2026-08-04 13:22:32.875150-07:00,16.503898944602227,-15.516128669183171,-0.24348585734493278,-5.618642730434775,150.7393079661049
475,2026-08-04 13:22:32.934990-07:00,16.469916424594857,-15.528109147831815,-0.29973504350627733,-5.481435234485188,150.69518108021123
476,2026-08-04 13:22:32.994832-07:00,16.556955234541316,-15.496537861760501,-0.3867017168467657,-5.817262476441654,150.83136506795952
477,2026-08-04 13:22:33.040708-07:00,16.375572547790895,-15.556604791508471,-0.3555050008536842,-5.101474279377127,150.87872849885736
478,2026-08-04 13:22:33.099550-07:00,16.262595192347185,-15.588996713071152,-0.3172534593312848,-4.6210966352753235,150.8610385000446
479,2026-08-04 13:22:33.159389-07:00,16.054547907592845,-15.364186281295765,-0.304824076408472,-4.647297140626838,150.95785179341132
480,2026-08-04 13:22:33.219229-07:00,15.686832151285607,-15.033966743170451,-0.34937246502658725,-4.46480523522963,150.5181568741553
482,2026-08-04 13:22:33.324455-07:00,15.358145144641968,-14.820273681884377,-0.39908586678688573,-4.009094754288789,150.6223423979032
483,2026-08-04 13:22:33.384848-07:00,15.236954894261093,-14.776158059523564,-0.3859638680773769,-3.698780791323353,150.77974430580468
484,2026-08-04 13:22:33.444639-07:00,15.111641832710536,-14.72633083187419,-0.31366599928472905,-3.3761683535054043,150.84593634397748
486,2026-08-04 13:22:33.550375-07:00,14.78152767426956,-14.471369920547234,-0.42801300289624367,-2.9815797620103,150.773749498255
487,2026-08-04 13:22:33.610214-07:00,14.666926645208358,-14.383859094790092,-0.4770835447382715,-2.827671488784933,150.9047860176573
488,2026-08-04 13:22:33.670053-07:00,14.238492210471394,-13.965966076817244,-0.637269528715706,-2.698210428527581,150.40257285087995
489,2026-08-04 13:22:33.729893-07:00,14.12255385173429,-13.900249552575684,-0.6588872853123262,-2.407375586922056,150.54231290482423
490,2026-08-04 13:22:33.774772-07:00,13.924368520022178,-13.719520418011722,-0.682322626787385,-2.27974428700195,150.61128751619407
492,2026-08-04 13:22:33.894451-07:00,13.639671333987886,-13.504310827571004,-0.6941020034115786,-1.7867416098640287,150.7659067762256
493,2026-08-04 13:22:33.954321-07:00,13.49355523409659,-13.38920933554305,-0.6925662996795368,-1.5249452925172324,150.91975404037558
494,2026-08-04 13:22:34.014130-07:00,13.18800536029165,-13.07000005552575,-0.8312515340539728,-1.5516458419275736,150.5236930582457
496,2026-08-04 13:22:34.133808-07:00,13.036809028975693,-12.953195517004467,-0.9452923881512476,-1.1311665912414615,150.8238909305323
497,2026-08-04 13:22:34.193648-07:00,12.962921421886463,-12.88763434707868,-1.002991014841248,-0.9696503236469312,150.78153370806177
498,2026-08-04 13:22:34.239525-07:00,12.847882181606655,-12.776151822858184,-1.0251590173381842,-0.8871697362362596,150.74948593005166
499,2026-08-04 13:22:34.298366-07:00,12.767801297553213,-12.69185612424198,-1.1357549912943687,-0.8022460315220137,150.77707788886474
500,2026-08-04 13:22:34.358205-07:00,12.736112238487689,-12.657918524315415,-1.2007156153754361,-0.7375198940653416,150.84542284891126
501,2026-08-04 13:22:34.418045-07:00,12.695207981452462,-12.596223338503965,-1.3845856369135434,-0.7657583906919285,150.80418511496126
502,2026-08-04 13:22:34.478388-07:00,12.823762025381294,-12.708757179015901,-1.5623792044694718,-0.7038001633024038,150.76060170093461
503,2026-08-04 13:22:34.523267-07:00,12.911178406693374,-12.769478176849368,-1.7830121186892256,-0.6781022968846973,150.81008484291146
504,2026-08-04 13:22:34.583108-07:00,12.923950953745633,-12.789565928711276,-1.7531281820591382,-0.6181045115838391,150.85175805008254
507,2026-08-04 13:22:34.762628-07:00,12.920584422142811,-12.800270385011498,-1.6545517664524056,-0.5975268466322792,150.8141674225245
508,2026-08-04 13:22:34.807507-07:00,12.919531118440178,-12.789597491361882,-1.712878294262976,-0.6375957013160516,150.8045869056431
509,2026-08-04 13:22:34.867347-07:00,12.889062334340613,-12.769510165458076,-1.6427941076684605,-0.6072606628051425,150.81313838165784
510,2026-08-04 13:22:34.927186-07:00,12.92297290611091,-12.79952222553124,-1.6927119150077496,-0.5569433570833393,150.74786121546236
512,2026-08-04 13:22:35.032214-07:00,12.91218573012384,-12.789541728108672,-1.682544219872295,-0.5667518525378501,150.76090248475745
561,2026-08-04 13:22:37.863165-07:00,12.897478980383658,-12.779448502858697,-1.6827540986244227,-0.44609265381034824,150.8075250229394
562,2026-08-04 13:22:37.923004-07:00,12.89969360752013,-12.779448502858697,-1.6827540986244227,-0.5060926538105193,150.75494843759853
563,2026-08-04 13:22:37.982847-07:00,12.911758660265638,-12.79022249022066,-1.6741640663623658,-0.5664759752181947,150.72983340414225
564,2026-08-04 13:22:38.042686-07:00,12.902186879996464,-12.779448502858697,-1.6827540986244227,-0.5660926538104682,150.73753056167317
565,2026-08-04 13:22:38.087566-07:00,12.912096230119165,-12.7894443112479,-1.682782665585747,-0.566202936896687,150.7152158048316
566,2026-08-04 13:22:38.147406-07:00,12.9000285425593,-12.77944431124789,-1.672782665585737,-0.546202936896556,150.75257787470736
567,2026-08-04 13:22:38.207244-07:00,12.901784087241438,-12.77944431124789,-1.672782665585737,-0.586202936896596,150.7553205449081
568,2026-08-04 13:22:38.252124-07:00,12.911239191544844,-12.7894443112479,-1.672782665585737,-0.5762029368965305,150.81094742246933
569,2026-08-04 13:22:38.311995-07:00,12.900455823635946,-12.77944431124789,-1.672782665585737,-0.5562029368966215,150.79820927158644
570,2026-08-04 13:22:38.371803-07:00,12.901333596766591,-12.77944431124789,-1.672782665585737,-0.5762029368965305,150.81210269932998
571,2026-08-04 13:22:38.431642-07:00,12.901784087241438,-12.77944431124789,-1.672782665585737,-0.586202936896596,150.7987719642446
572,2026-08-04 13:22:38.492072-07:00,12.901784087241438,-12.77944431124789,-1.672782665585737,-0.586202936896596,150.76778156591234
573,2026-08-04 13:22:38.536952-07:00,12.900455823635946,-12.77944431124789,-1.672782665585737,-0.5562029368966215,150.77979305846523
574,2026-08-04 13:22:38.596792-07:00,12.912147210234227,-12.7894443112479,-1.672782665585737,-0.5962029368966615,150.78544236120823
575,2026-08-04 13:22:38.656630-07:00,12.900890841965937,-12.77944431124789,-1.672782665585737,-0.566202936896687,150.7987719642446
576,2026-08-04 13:22:38.701509-07:00,12.901784087241438,-12.77944431124789,-1.672782665585737,-0.586202936896596,150.83673237716022
577,2026-08-04 13:22:38.761348-07:00,12.982237521968203,-12.849444311247904,-1.7727826655857537,-0.5362029368967125,150.84266945262735
578,2026-08-04 13:22:38.821188-07:00,13.11217023391457,-12.939644787788085,-2.0430188589582734,-0.5662816887068711,150.86914402607428
579,2026-08-04 13:22:38.881028-07:00,13.002152048437193,-12.829632638913763,-2.003136436617703,-0.6662797141536725,150.77746094902696
580,2026-08-04 13:22:38.940866-07:00,12.925860348021454,-12.820413684633742,-1.5646281866065481,-0.5165242773437217,150.85034099613426
581,2026-08-04 13:22:38.985746-07:00,12.886603710958548,-12.759628962062203,-1.7031614953557095,-0.5963764537033622,150.76945811695145
583,2026-08-04 13:22:39.105424-07:00,12.962121805154126,-12.829644273028823,-1.7530223671816114,-0.5862952322437387,150.76397109929147
584,2026-08-04 13:22:39.165264-07:00,13.007977903107816,-12.869644273028836,-1.8230223671815982,-0.5062952322438807,150.7732429426202
585,2026-08-04 13:22:39.225104-07:00,12.871462098334224,-12.72964478778807,-1.803018858958283,-0.6162816887067546,150.7861333059996
587,2026-08-04 13:22:39.345286-07:00,12.908455974517238,-12.769444311247879,-1.792782665585746,-0.5962029368966615,150.7331124624845
596,2026-08-04 13:22:39.854427-07:00,13.36027893970935,-13.31841168970424,-1.0535260564999982,0.08394199584360607,150.79069618716522
597,2026-08-04 13:22:39.899811-07:00,14.016571284385549,-13.939082068663316,0.2848972688651863,1.4439858723420684,150.72195085513613
598,2026-08-04 13:22:39.959683-07:00,15.964589065348925,-15.219082068663292,2.7448972688651763,3.963985872341924,150.64103578546363
599,2026-08-04 13:22:40.019994-07:00,14.163534815942532,-14.09529274004187,0.8818726273526756,1.072726304359728,150.74635815836263
600,2026-08-04 13:22:40.079835-07:00,16.186772090986988,-15.485383006594327,3.2716597664281535,3.392749067846035,150.60871166048517
601,2026-08-04 13:22:40.139856-07:00,18.83877982812816,-17.075383006594336,5.621659766428172,5.632749067846055,150.45474198119342
602,2026-08-04 13:22:40.184735-07:00,21.71336747242816,-18.97538168173077,7.32152085025456,7.602667259891449,150.26818403945694
603,2026-08-04 13:22:40.245079-07:00,12.365417513987785,-12.31031545135068,0.4269903668876751,-1.0850635972410316,150.80863895734245
604,2026-08-04 13:22:40.305455-07:00,14.876371976542137,-14.780315451350681,1.546990366887685,0.6749364027589522,150.69593854975454
605,2026-08-04 13:22:40.350302-07:00,18.008119842570373,-17.599641395540043,2.7185419827844837,2.6747957867112593,150.58020323917555
606,2026-08-04 13:22:40.410142-07:00,24.20812744841655,-23.170041048743165,4.267585565805476,5.565100699615799,150.2525387518114
607,2026-08-04 13:22:40.469981-07:00,27.119015193994397,-25.8597534701369,4.678315960673002,6.695333847386076,150.15574683205867
608,2026-08-04 13:22:40.529822-07:00,14.179907151232033,-14.136456755253574,0.4980122548944588,-0.9911311812176304,150.70671900028086
609,2026-08-04 13:22:40.589660-07:00,16.709646444085436,-16.49655733105751,2.2177745472324597,1.4687942562243705,150.49858002588246
610,2026-08-04 13:22:40.634541-07:00,19.645600594758807,-18.70674198187182,4.267395717462458,4.2186207394177,150.24610128340436
611,2026-08-04 13:22:40.694379-07:00,22.831849993348165,-20.836923542101175,6.186717222004312,6.988599390030714,150.09506134486463
612,2026-08-04 13:22:40.754218-07:00,26.335815124193346,-22.977019251226583,8.176690169332451,9.938484917692225,149.77314081156248
613,2026-08-04 13:22:40.799098-07:00,14.26269347654838,-14.173757550562508,1.4739061381733032,0.5971790348824335,150.49144299410577
614,2026-08-04 13:22:40.858937-07:00,20.675234431311715,-18.7737575505625,5.503906138173309,6.687179034882584,149.83254508475787
615,2026-08-04 13:22:40.918778-07:00,23.79732225276733,-21.183757550562497,6.25390613817331,8.857179034882368,149.55336913337737
616,2026-08-04 13:22:40.978615-07:00,26.89888104343234,-23.603757550562502,6.903906138173293,10.89717903488241,149.4315827020853
621,2026-08-04 13:22:41.249211-07:00,12.575821337628359,-11.70965640301032,3.819817582179641,-2.538547395314783,150.1814819778493
622,2026-08-04 13:22:41.308229-07:00,18.52656691041298,-15.889657727873901,8.499956498353278,4.301534412640251,149.60751253386712
623,2026-08-04 13:22:41.368069-07:00,21.880073849018228,-17.84955834189693,10.009958492287085,7.741552145429154,149.47403195376154
624,2026-08-04 13:22:41.427908-07:00,25.802027680636222,-19.629456089172727,11.940070835433136,11.741541403086586,149.19280279648197
625,2026-08-04 13:22:41.487747-07:00,30.7559864180576,-21.219469400208023,15.000310269385198,16.451611189897353,148.90736805033455
626,2026-08-04 13:22:41.533077-07:00,14.997024244819293,-12.407492574660104,8.166226568877777,2.0682378575025417,149.77417394852176
627,2026-08-04 13:22:41.592914-07:00,20.141511295530123,-13.537492574660096,12.70622656887782,7.808237857502398,149.4399141161459
628,2026-08-04 13:22:41.652756-07:00,26.332197360234684,-14.407124889502605,17.24372069507607,13.728563902565716,149.04395398345866
629,2026-08-04 13:22:41.697635-07:00,32.867444122884756,-15.047124889502612,21.573720695076016,19.70856390256559,148.735449203942
634,2026-08-04 13:22:41.981875-07:00,40.630736170207285,-11.088658525580573,30.982445528339063,23.832466152699403,148.18682407146912
635,2026-08-04 13:22:42.042041-07:00,15.259193483956832,-10.372613287425184,11.132532176411026,1.1483060182435612,149.6703447829308
636,2026-08-04 13:22:42.102389-07:00,19.294947146354666,-10.532715540149388,14.592419833264925,6.958316760586003,149.34140124855392
637,2026-08-04 13:22:42.147268-07:00,23.914757150637563,-10.642718406896616,17.412309484052646,12.468345235717715,148.96470647098556
639,2026-08-04 13:22:42.266948-07:00,14.257311555810357,-9.949434710520935,9.940118110456753,-2.3396011819740714,149.82547552473963
640,2026-08-04 13:22:42.326786-07:00,13.657776082376055,-10.059434710520925,9.19011811045678,0.9403988180258782,149.72361091690993
641,2026-08-04 13:22:42.386625-07:00,13.969833875043213,-10.189434710520931,8.72011811045681,3.9103988180260174,149.51800972513158
642,2026-08-04 13:22:42.431504-07:00,14.79153073657317,-10.249434710520928,8.47011811045678,6.480398818025757,149.41404275081277
643,2026-08-04 13:22:42.491344-07:00,15.718740740565437,-10.349434710520931,8.06011811045676,8.660398818025827,149.30537497030113
644,2026-08-04 13:22:42.551182-07:00,14.701766852337887,-9.73234675739896,10.14575014173924,-4.29966617723343,149.8673832518212
645,2026-08-04 13:22:42.611022-07:00,12.487781854997236,-9.82234675739896,7.405750141739221,-2.1496661772335557,149.88367938328315
646,2026-08-04 13:22:42.670862-07:00,11.467116275229666,-9.82234675739896,5.685750141739221,-1.6396661772335452,149.8996590153385
647,2026-08-04 13:22:42.715742-07:00,10.707379496062108,-9.89234675739896,3.875750141739187,-1.3296661772332907,149.910670776285
653,2026-08-04 13:22:43.060322-07:00,12.45565717003551,-9.760559741223766,6.282218035867704,-4.51758847453787,150.05224135596336
654,2026-08-04 13:22:43.120667-07:00,12.556644051830682,-9.810559741223766,6.432218035867743,-4.477588474537608,150.05832581951083
655,2026-08-04 13:22:43.165546-07:00,12.454866207781068,-9.780559741223763,6.242218035867775,-4.527588474537714,150.05552580503715
656,2026-08-04 13:22:43.225385-07:00,12.556437414206215,-9.790559741223767,6.462218035867718,-4.477588474537608,150.0461212864153
657,2026-08-04 13:22:43.285224-07:00,12.496486257005987,-9.75055974122377,6.392218035867758,-4.497588474537517,150.05832581951083
658,2026-08-04 13:22:43.330107-07:00,12.490549753915946,-9.810559741223766,6.30221803586778,-4.477588474537608,150.02571402960982
659,2026-08-04 13:22:43.389946-07:00,12.51419795030651,-9.770559741223767,6.382218035867748,-4.51758847453787,150.0595562142638
660,2026-08-04 13:22:43.449785-07:00,12.511598440379336,-9.80055974122377,6.352218035867718,-4.487588474537674,150.0530639945733
661,2026-08-04 13:22:43.509625-07:00,12.470488124389,-9.80055974122377,6.292218035867769,-4.457588474537699,150.04242937802255
662,2026-08-04 13:22:43.569464-07:00,12.537044159932007,-9.790559741223767,6.382218035867748,-4.537588474537779,150.03224822511942
663,2026-08-04 13:22:43.614849-07:00,12.523255797801133,-9.790559741223767,6.362218035867784,-4.527588474537714,150.03940882159367
664,2026-08-04 13:22:43.674689-07:00,12.503418395986703,-9.770556064372196,6.382192977129719,-4.487685214086934,150.0193809346597
665,2026-08-04 13:22:43.735033-07:00,12.516932529964771,-9.78055606437219,6.372192977129709,-4.51768521408713,150.0464701898262
666,2026-08-04 13:22:43.779913-07:00,12.505903637805119,-9.790556064372193,6.342192977129679,-4.507685214087065,150.0379956912557
667,2026-08-04 13:22:43.839753-07:00,12.537343235225734,-9.78055606437219,6.412192977129694,-4.51768521408713,150.00968119484492
668,2026-08-04 13:22:43.899591-07:00,12.491729012060373,-9.770556064372196,6.35219297712969,-4.497685214086777,150.01165865938418
669,2026-08-04 13:22:43.959431-07:00,12.510135219695687,-9.800556064372197,6.342192977129679,-4.497685214086777,150.0379956912557
670,2026-08-04 13:22:44.019277-07:00,12.522641395965705,-9.790556064372193,6.382192977129719,-4.497685214086777,150.02557231100505
671,2026-08-04 13:22:44.064149-07:00,12.516932529964771,-9.78055606437219,6.372192977129709,-4.51768521408713,150.03404571836128
672,2026-08-04 13:22:44.123990-07:00,12.486272632466497,-9.769867300035644,6.36342527053263,-4.468055059902776,150.03861692022943
673,2026-08-04 13:22:44.183828-07:00,12.52481211740068,-9.790553197624966,6.372303326341921,-4.517713689218716,150.0478599878547
674,2026-08-04 13:22:44.228707-07:00,12.516122332251141,-9.790553197624966,6.3623033263419675,-4.507713689218651,150.05502400081147
675,2026-08-04 13:22:44.288547-07:00,12.503482702569475,-9.770553197624967,6.3823033263419315,-4.48771368921852,150.0575640756741
676,2026-08-04 13:22:44.348386-07:00,12.476149995405734,-9.780553197624963,6.3623033263419675,-4.417713689218505,150.09133245029645
677,2026-08-04 13:22:44.408226-07:00,12.452764630285403,-9.769867300035644,6.353425270532565,-4.388055059902918,150.1136900188398
678,2026-08-04 13:22:44.468065-07:00,12.46402626977906,-9.760553197624963,6.3623033263419675,-4.427713689218571,150.11972600724323
679,2026-08-04 13:22:44.512944-07:00,12.471463074932123,-9.770553197624967,6.3823033263419315,-4.397713689218596,150.09659150498058
680,2026-08-04 13:22:44.572783-07:00,12.468312140939931,-9.770553197624967,6.3623033263419675,-4.417713689218505,150.12593611297692
681,2026-08-04 13:22:44.632622-07:00,12.485556518015382,-9.790553197624966,6.372303326341921,-4.40771368921844,150.12588066589583
682,2026-08-04 13:22:44.678501-07:00,12.459671235774943,-9.770553197624967,6.352303326341902,-4.40771368921844,150.09729238246288
683,2026-08-04 13:22:44.737341-07:00,12.48718944027339,-9.770553197624967,6.392303326341942,-4.427713689218571,150.08931671349464
684,2026-08-04 13:22:44.797181-07:00,12.481252532273704,-9.780553197624963,6.372303326341921,-4.417713689218505,150.08335129396445
685,2026-08-04 13:22:44.857020-07:00,12.468312140939931,-9.770553197624967,6.3623033263419675,-4.417713689218505,150.09133245029645
686,2026-08-04 13:22:44.916859-07:00,12.45421524258941,-9.750553197624967,6.372303326341921,-4.40771368921844,150.05006278942432
687,2026-08-04 13:22:44.976699-07:00,12.478529551872823,-9.770553197624967,6.3823033263419315,-4.417713689218505,150.05353503037554
688,2026-08-04 13:22:45.036538-07:00,12.455374362636793,-9.760553197624963,6.352303326341902,-4.417713689218505,150.06473148125892
689,2026-08-04 13:22:45.096378-07:00,12.46987968813859,-9.770553197624967,6.372303326341921,-4.40771368921844,150.04480103676417
690,2026-08-04 13:22:45.156722-07:00,12.470701211760739,-9.760553197624963,6.3823033263419315,-4.417713689218505,150.0821513179707
691,2026-08-04 13:22:45.217064-07:00,12.46402626977906,-9.760553197624963,6.3623033263419675,-4.427713689218571,150.08438882747834
692,2026-08-04 13:22:45.261945-07:00,12.453400661361123,-9.760553197624963,6.3623033263419675,-4.397713689218596,150.0744277281369
693,2026-08-04 13:22:45.322296-07:00,12.445778446575925,-9.761154502295504,6.360821292145824,-4.3768957507523965,150.08421266648483
694,2026-08-04 13:22:45.382136-07:00,12.463630296404126,-9.760553197624963,6.3823033263419315,-4.397713689218596,150.08909288090985
695,2026-08-04 13:22:45.442481-07:00,12.446352055314026,-9.760553197624963,6.3623033263419675,-4.377713689218465,150.07741522249444
696,2026-08-04 13:22:45.502320-07:00,12.462824354418363,-9.770553197624967,6.372303326341921,-4.387713689218531,150.1012967896108
697,2026-08-04 13:22:45.562664-07:00,12.454195700597138,-9.770553197624967,6.3623033263419675,-4.377713689218465,150.11495847183448
698,2026-08-04 13:22:45.622503-07:00,12.465558787575855,-9.780553197624963,6.3623033263419675,-4.387713689218531,150.11398297214438
699,2026-08-04 13:22:45.682343-07:00,12.477446801029458,-9.770553197624967,6.352303326341902,-4.457713689218545,150.04734114816654
700,2026-08-04 13:22:45.727222-07:00,12.495466452659004,-9.780553197624963,6.372303326341921,-4.457713689218545,150.03789709615927
701,2026-08-04 13:22:45.787061-07:00,12.516996744915867,-9.780553197624963,6.372303326341921,-4.517713689218716,150.04812027160824
702,2026-08-04 13:22:45.846901-07:00,12.5011078958768,-9.780553197624963,6.3623033263419675,-4.48771368921852,150.05584222545872
703,2026-08-04 13:22:45.906740-07:00,12.503274413157294,-9.791154502295507,6.350821292145758,-4.486895750752451,150.031292986906
704,2026-08-04 13:22:45.966612-07:00,12.518486302463904,-9.780553197624963,6.3823033263419315,-4.507713689218651,150.05181415548552
705,2026-08-04 13:22:46.011458-07:00,12.493942135162278,-9.780553197624963,6.3623033263419675,-4.467713689218389,150.02174272719287
706,2026-08-04 13:22:46.071300-07:00,12.493942135162278,-9.780553197624963,6.3623033263419675,-4.467713689218389,150.03319614536653
707,2026-08-04 13:22:46.131160-07:00,12.497039151570092,-9.769867300035644,6.36342527053263,-4.49805505990275,150.0480874414605
708,2026-08-04 13:22:46.190977-07:00,12.518486302463904,-9.780553197624963,6.3823033263419315,-4.507713689218651,150.03789709615927
709,2026-08-04 13:22:46.250816-07:00,12.509792123159459,-9.780553197624963,6.372303326341921,-4.497713689218363,150.0548352504136
710,2026-08-04 13:22:46.295695-07:00,12.508933195452991,-9.790553197624966,6.3623033263419675,-4.48771368921852,150.028684224242
711,2026-08-04 13:22:46.355534-07:00,12.514022365124335,-9.790553197624966,6.372303326341921,-4.48771368921852,150.02849575572768
712,2026-08-04 13:22:46.415374-07:00,12.509792123159459,-9.780553197624963,6.372303326341921,-4.497713689218363,150.01928261364256
713,2026-08-04 13:22:46.460758-07:00,12.498439974606567,-9.760553197624963,6.352303326341902,-4.537713689218625,150.05953695918103
714,2026-08-04 13:22:46.520599-07:00,12.505576443111169,-9.770553197624967,6.372303326341921,-4.507713689218651,150.02670437245027
715,2026-08-04 13:22:46.580437-07:00,12.494537236932048,-9.780553197624963,6.3423033263418915,-4.497713689218363,150.0478599878547
716,2026-08-04 13:22:46.640277-07:00,12.422540546626998,-9.720553197624964,6.242303326341958,-4.5677136892186,150.04514217172144
717,2026-08-04 13:22:46.700115-07:00,12.473671231141,-9.770553197624967,6.3023033263419626,-4.517713689218716,150.06901908208474
718,2026-08-04 13:22:46.744998-07:00,12.436754502514416,-9.730553197624968,6.2623033263419225,-4.557713689218534,150.03946839047725
719,2026-08-04 13:22:46.804774-07:00,12.423052220154137,-9.770556064372196,6.172192977129731,-4.557685214086948,150.08452258736983
720,2026-08-04 13:22:46.865102-07:00,12.39335442150872,-9.770555549612974,6.112189468906404,-4.557698757623907,150.03053362382954
721,2026-08-04 13:22:46.924941-07:00,12.361507408055303,-9.750544430257122,6.072078907693623,-4.56766969599709,150.07741144306564
722,2026-08-04 13:22:46.985286-07:00,12.339085092413596,-9.72054443025712,6.082078907693578,-4.557669695997024,150.06125613760886
723,2026-08-04 13:22:47.045125-07:00,12.313477006284854,-9.70054443025712,6.062078907693613,-4.557669695997024,150.07614058042674
724,2026-08-04 13:22:47.104965-07:00,12.325059037052585,-9.710544430257123,6.062078907693613,-4.56766969599709,150.0564917789431
725,2026-08-04 13:22:47.164807-07:00,12.309149741072133,-9.710544430257123,6.022078907693573,-4.577669695997155,150.09603097910215
727,2026-08-04 13:22:47.269522-07:00,12.252479173626243,-9.710755479304334,5.881768930927233,-4.6075229966311415,150.12975814007763
731,2026-08-04 13:22:47.494548-07:00,12.292806236784411,-9.7220343486073,5.9369770919101565,-4.620328593266887,150.06322043426965
732,2026-08-04 13:22:47.554386-07:00,12.371630119169005,-9.77957603120383,6.056314919111793,-4.553918538575008,150.2914373483013
733,2026-08-04 13:22:47.614226-07:00,12.342320786360863,-9.794927703637935,5.948393685236697,-4.5835451606128785,150.13297029898843
735,2026-08-04 13:22:47.733904-07:00,12.359557379182926,-9.965569178354166,5.777582043628771,-4.479468192753577,149.91148107137565
736,2026-08-04 13:22:47.793744-07:00,12.336610341032989,-9.949945529393164,5.754651174931902,-4.480460749012982,149.93332810239968
737,2026-08-04 13:22:47.853583-07:00,12.326599213454736,-10.065437568949614,5.556638883432163,-4.4447473532081005,150.22186493651589
738,2026-08-04 13:22:47.913424-07:00,12.34041394564408,-10.153629794000647,5.4765428022433005,-4.381449222737421,150.0517467022237
739,2026-08-04 13:22:47.973295-07:00,12.33468642753761,-10.24887084555351,5.3197174563055505,-4.336558755732689,150.05752465635962
740,2026-08-04 13:22:48.033101-07:00,12.316074990251629,-10.337336615989178,5.173851533628094,-4.2492864296497235,149.70182197920278
741,2026-08-04 13:22:48.092976-07:00,12.329624088364447,-10.50282353833732,4.95384875140531,-4.143634929759665,149.75182450671574
743,2026-08-04 13:22:48.212655-07:00,12.298885528779422,-10.78132193573881,4.368944314471768,-3.992243497711767,150.0913567534878
744,2026-08-04 13:22:48.258825-07:00,12.281717629608476,-10.84736508034815,4.189535743903461,-3.9526002830585494,150.42401195014537
745,2026-08-04 13:22:48.317666-07:00,12.324430311526532,-11.006937182502417,3.9131431139592388,-3.9276236242533624,150.14126177789268
746,2026-08-04 13:22:48.378010-07:00,12.315259306966052,-11.074414621221662,3.8031414284632747,-3.8156346615199066,149.78161330634657
747,2026-08-04 13:22:48.438449-07:00,12.354951671468951,-11.216385597366582,3.5356411909769347,-3.7863922544010276,149.9140006067931
750,2026-08-04 13:22:48.603025-07:00,12.404749360552646,-11.48183571156891,2.867796014143331,-3.717660744599449,150.43239894906426
751,2026-08-04 13:22:48.662865-07:00,12.425928690075594,-11.580058062722685,2.6645278781713966,-3.634040487014767,150.19092522196365
752,2026-08-04 13:22:48.722703-07:00,12.430115536259063,-11.608489419856745,2.5252485240758737,-3.6570296041289474,150.24083542879023
753,2026-08-04 13:22:48.782543-07:00,12.461885490046313,-11.70249516189071,2.343921345131006,-3.585558489383578,150.0034567651492
754,2026-08-04 13:22:48.842382-07:00,12.463736575509666,-11.723616419380273,2.214180127158405,-3.6054061961769968,149.77076976200559
755,2026-08-04 13:22:48.902222-07:00,12.506731851976006,-11.828275251117619,1.890824477304598,-3.596530132927489,150.46704547840923
756,2026-08-04 13:22:48.962061-07:00,12.534684470251351,-11.895104484506474,1.7841253598042672,-3.527279514291104,150.2272763450275
757,2026-08-04 13:22:49.021900-07:00,12.578572670157767,-11.945105370346695,1.777287543955841,-3.5179819635486886,150.1189882034385
758,2026-08-04 13:22:49.081740-07:00,12.64512250486313,-12.039120153794817,1.7041053817629659,-3.4719927899311553,150.12323652299804
759,2026-08-04 13:22:49.141578-07:00,12.724617226092008,-12.152066017824897,1.620134905832571,-3.4085683117528465,150.14720521212294
760,2026-08-04 13:22:49.201418-07:00,12.78144244304056,-12.231933670434548,1.5914998399627067,-3.3484620150521227,150.1859454640166
761,2026-08-04 13:22:49.261257-07:00,12.869475622448256,-12.301742193184245,1.9833593995889354,-3.218202495381961,150.19606073668746
762,2026-08-04 13:22:49.321097-07:00,12.790039867435848,-12.241745870035812,1.7633844583269664,-3.258105755832741,150.1881163325663
763,2026-08-04 13:22:49.380936-07:00,12.841225290797674,-12.291744545172248,1.8232455421534066,-3.2381875637874646,150.16635862733494
765,2026-08-04 13:22:49.500619-07:00,12.812355862074087,-12.25181950075807,1.8528935530547352,-3.2582460217602804,150.19454922759192
767,2026-08-04 13:22:49.620297-07:00,12.831314564671025,-12.281797070298216,1.8024432521120404,-3.2482753122955454,150.17238414338962
768,2026-08-04 13:22:49.680138-07:00,12.819990983897343,-12.271896971034431,1.7524447664015175,-3.268279501547733,150.15223894293118
769,2026-08-04 13:22:49.725017-07:00,12.830080039899826,-12.271892779423636,1.8424161994401445,-3.258389784633886,150.1640634839317
770,2026-08-04 13:22:49.784856-07:00,12.791874737026877,-12.251892779423637,1.742416199440211,-3.238389784633977,150.1174071839536
771,2026-08-04 13:22:49.844695-07:00,12.839361014999593,-12.291892779423636,1.7724161994401855,-3.258389784633886,150.16743233039995
772,2026-08-04 13:22:49.890091-07:00,12.8236557009877,-12.261892779423633,1.79241619944015,-3.298389784633926,150.17327267850297
773,2026-08-04 13:22:49.949921-07:00,12.802460239154277,-12.251892779423637,1.78241619944014,-3.258389784633886,150.17911359474294
774,2026-08-04 13:22:50.009761-07:00,12.841706670723266,-12.291892779423636,1.7524161994401655,-3.278389784633795,150.1981784477997
775,2026-08-04 13:22:50.069598-07:00,12.837658885375676,-12.281892779423632,1.79241619944015,-3.278389784633795,150.16567178430478
776,2026-08-04 13:22:50.129438-07:00,12.82021511373013,-12.271892779423636,1.7724161994401855,-3.258389784633886,150.172004502603
777,2026-08-04 13:22:50.174318-07:00,12.77485828468456,-12.221543557932105,1.7740354599992125,-3.268589212796158,150.1647356985421
778,2026-08-04 13:22:50.234156-07:00,12.729243566667083,-12.171892779423633,1.6124161994401365,-3.358389784633875,150.17581639961753
779,2026-08-04 13:22:50.293997-07:00,12.816549700015209,-12.261892779423633,1.702416199440171,-3.318389784633835,150.18417720599194
780,2026-08-04 13:22:50.338876-07:00,12.677961714783756,-12.081892779423633,1.7724161994401855,-3.4083897846337585,150.14020855071823
781,2026-08-04 13:22:50.398714-07:00,12.718213013331827,-12.111892779423636,1.8724161994401745,-3.398389784633693,150.15751070572762
782,2026-08-04 13:22:50.458554-07:00,12.788771007103998,-12.212149158536974,1.7907136423407355,-3.348047409001742,150.18419030826408
783,2026-08-04 13:22:50.518393-07:00,12.68636119924437,-12.091892779423636,1.8024161994402155,-3.3883897846338495,150.16054247061
784,2026-08-04 13:22:50.578233-07:00,12.761084795506559,-12.201785010225057,1.7923610594512973,-3.2785926180174396,150.18934233729945
785,2026-08-04 13:22:50.623112-07:00,12.810945455364923,-12.251749844624307,1.732067787799385,-3.3188688409684364,150.19640471904972
787,2026-08-04 13:22:50.742790-07:00,12.671359048939483,-12.051487949036591,1.6936028617638432,-3.529403307641621,150.19521258399993
790,2026-08-04 13:22:50.907350-07:00,12.733596579869372,-12.121748519760729,1.7219288716257553,-3.49895064892336,150.16946537797978
791,2026-08-04 13:22:50.967187-07:00,12.748265484403166,-12.161973926551578,1.4919924715249833,-3.5183265248719398,150.25211044293422
792,2026-08-04 13:22:51.027028-07:00,12.708615314382996,-12.111875702735627,0.4821163217513802,-3.8182370307189295,150.28861564636188
793,2026-08-04 13:22:51.071907-07:00,12.930252685499234,-12.141875702735623,-1.0578836782486056,-4.3182370307190965,150.48878587101402
794,2026-08-04 13:22:51.131747-07:00,13.41338075246536,-12.161875702735623,-2.687883678248626,-4.978237030718979,150.6790534272881
796,2026-08-04 13:22:51.251425-07:00,13.549968542193838,-12.047480802212727,1.456615543212636,-6.02811122774205,150.9412384203139
797,2026-08-04 13:22:51.311264-07:00,13.984967470287867,-11.977472933750358,1.316561917513226,-7.098318250377433,151.29943355249057
798,2026-08-04 13:22:51.356143-07:00,14.65608726316329,-11.927472933750357,0.996561917513239,-8.458318250377683,151.7663135881212
799,2026-08-04 13:22:51.416489-07:00,13.141829369715884,-12.362468696362907,0.9330262055131655,-4.3596455147179025,150.43527832183202
802,2026-08-04 13:22:51.581551-07:00,15.922797747763235,-12.012335617191013,-0.1669576060689404,-10.450426129776424,151.70409084804027
803,2026-08-04 13:22:51.641390-07:00,17.059496142371763,-12.02222173035175,0.8930406676410096,-12.070421354028804,152.11178048395496
804,2026-08-04 13:22:51.701231-07:00,16.747189669624625,-12.173817906081435,10.141068234597428,-5.424504998724933,150.2772737392408
805,2026-08-04 13:22:51.761069-07:00,18.07410433065095,-12.053517248186637,11.657804493492186,-6.744002053264531,150.46834861715013
807,2026-08-04 13:22:51.865788-07:00,20.489438651842732,-11.85362369252163,13.387720717307483,-10.003881027835781,150.88775129103078
808,2026-08-04 13:22:51.925627-07:00,14.149920092540869,-12.217043615196605,5.335657074016842,-4.742873339882658,150.16416087972414
809,2026-08-04 13:22:51.970507-07:00,14.976363577959424,-11.947369858398435,7.242940185647306,-5.39366637390537,150.26806682483127
811,2026-08-04 13:22:52.090197-07:00,14.459889947300102,-11.92741409660316,5.9469144658446655,-5.608869635863378,150.25675498942044
812,2026-08-04 13:22:52.150025-07:00,12.760152768400857,-12.051405001570481,0.9640453882958644,-4.081145997187008,150.18339883959246
815,2026-08-04 13:22:52.314583-07:00,13.037697921694537,-12.451290688773097,0.7040755387812125,-3.8014740452514406,150.23096702005608
816,2026-08-04 13:22:52.374927-07:00,12.902973134617708,-12.26114068284951,0.8742201895285961,-3.9226118758117767,150.20693640131202
817,2026-08-04 13:22:52.419806-07:00,12.858056258719557,-12.203176207000052,1.833507118360278,-3.6125272123856966,150.14381957473987
818,2026-08-04 13:22:52.479650-07:00,12.780657201947918,-12.103081367839774,1.9140218314879776,-3.6327868566350396,150.0884095591266
819,2026-08-04 13:22:52.539517-07:00,12.886911244722343,-12.253441184534934,1.8164740795902912,-3.553319924334275,150.12405100716836
820,2026-08-04 13:22:52.599328-07:00,12.909379483644464,-12.253067911757773,1.952326592486453,-3.564102450668738,150.15086436905602
821,2026-08-04 13:22:52.659167-07:00,12.80165231153462,-12.14281991586602,1.8940862835085115,-3.584224260128277,150.08568633143992
822,2026-08-04 13:22:52.704046-07:00,12.774254744555796,-12.112827784328386,1.824139909207878,-3.624017237492616,150.1137260384571
824,2026-08-04 13:22:52.823725-07:00,12.73607969288617,-12.043315973825422,1.8765438937076162,-3.693893516756752,150.09827458995227
825,2026-08-04 13:22:52.869125-07:00,12.686784570616666,-11.973292508444276,1.8922547844353321,-3.7435465910351517,150.15809548152563
826,2026-08-04 13:22:52.928964-07:00,12.68844755282455,-11.96342000503725,1.8861810199389262,-3.783596733780703,150.11465852026973
827,2026-08-04 13:22:52.989311-07:00,12.745648632751413,-12.003575755694342,1.935418854582649,-3.8235954289373986,150.15599968445864
828,2026-08-04 13:22:53.049150-07:00,12.722740067372603,-11.943708320107001,2.0153991579414665,-3.8928283574162226,150.12270311994487
829,2026-08-04 13:22:53.109029-07:00,12.648202357313583,-12.000296128419928,-0.06895422348857094,-3.9956427539065142,150.2114018856991
831,2026-08-04 13:22:53.213737-07:00,12.819912870040223,-11.840907326654508,-0.9895532526971174,-4.812885209214857,150.26872643718156
832,2026-08-04 13:22:53.273547-07:00,13.405802073421876,-11.770907326654505,-2.0395532526971127,-6.082885209214961,150.30955912602352
833,2026-08-04 13:22:53.333388-07:00,14.414925137950174,-11.720896943501584,-2.9295100808418573,-7.863117210036297,150.4653714518383
834,2026-08-04 13:22:53.393227-07:00,15.425620792545505,-11.992206710587338,8.087995513401335,-5.359205502792008,150.03114549070392
835,2026-08-04 13:22:53.438106-07:00,16.049171597179008,-11.882203033735765,7.057970454663332,-8.159302242341404,150.1654634552888
836,2026-08-04 13:22:53.497945-07:00,19.52312764358239,-11.802071279427457,3.1481255592548663,-15.23000104944483,150.7109887314104
837,2026-08-04 13:22:53.557784-07:00,22.17634671515539,-11.682063410965087,1.0580719335555044,-18.82020807208029,150.98153461644614
838,2026-08-04 13:22:53.617624-07:00,13.806280834847072,-12.268012019094442,4.2131927246435446,-4.728454150674466,150.07810100932184
839,2026-08-04 13:22:53.677463-07:00,14.775717485646847,-12.198007827483648,3.903164157682215,-7.36856443376066,150.2150536291514
840,2026-08-04 13:22:53.737302-07:00,15.970151419685656,-12.197989649769786,3.783135378720326,-9.588674130351471,150.30038631063874
842,2026-08-04 13:22:53.856981-07:00,13.380275158675976,-12.39496339402113,3.1106806253649033,-3.9648848444484575,150.09043442871553
843,2026-08-04 13:22:53.916820-07:00,14.031457651588182,-12.354842374922411,2.4707790064434354,-6.175348153784732,150.1724050431398
847,2026-08-04 13:22:54.156204-07:00,16.874472617297673,-12.353666680744613,9.968695215698043,-5.723623096388186,149.9163597779207
848,2026-08-04 13:22:54.216042-07:00,17.136322903250523,-12.32366668074461,9.70869521569806,-6.89362309638808,150.0400368745574
849,2026-08-04 13:22:54.275881-07:00,17.284344746384843,-12.32366668074461,8.808695215697993,-8.323623096388122,150.11695335237667
850,2026-08-04 13:22:54.335755-07:00,17.43766023517375,-12.233670872355413,7.048723782659305,-10.233512813301981,150.27165532008266
851,2026-08-04 13:22:54.396064-07:00,13.893589261171684,-12.568045625595415,-0.137782817946408,-5.9209009117005,150.40680756241656
852,2026-08-04 13:22:54.455904-07:00,15.032631139829189,-12.52804562559541,-1.7077828179463683,-8.130900911700323,150.6008054246443
855,2026-08-04 13:22:54.635421-07:00,13.417504377876924,-12.75161004754713,-0.6356699170369517,-4.125747045350181,150.3009075318447
856,2026-08-04 13:22:54.695260-07:00,16.8573982128883,-12.57164080009339,-4.225555437191108,-10.405306499500222,150.8775806761089
857,2026-08-04 13:22:54.755100-07:00,18.571334704816604,-12.491640800093393,-4.695555437191079,-12.915306499500234,150.9753428395713
858,2026-08-04 13:22:54.814942-07:00,19.98865995119357,-12.471640800093386,-4.3755554371910925,-14.995306499500538,151.00341731225697
859,2026-08-04 13:22:54.874778-07:00,13.51775160758815,-12.881694707961952,1.0064097558625806,-3.9722398440453777,150.29695481458296
861,2026-08-04 13:22:54.979497-07:00,14.817248879164932,-12.702008597656079,1.0260009064761433,-7.560235715379227,150.41336919314682
862,2026-08-04 13:22:55.039336-07:00,15.213914350608402,-12.641257325500519,2.283875254383949,-8.151424226510384,150.3700213287736
863,2026-08-04 13:22:55.084216-07:00,15.323211045145861,-12.911290002601424,2.4368898729402733,-7.884221898828425,150.40176020408978
864,2026-08-04 13:22:55.144055-07:00,13.549365538626077,-13.37357224114577,-1.1941947792506458,-1.818452869714715,150.27839397125544
867,2026-08-04 13:22:55.323573-07:00,13.445697333675929,-13.273817882293343,-1.0143481575521363,-1.8877588383583443,150.31772043476866
868,2026-08-04 13:22:55.368453-07:00,13.76609781762983,-13.410470678898307,-2.611365422694578,-1.6868597819963416,150.36485342832438
870,2026-08-04 13:22:55.488910-07:00,13.672615495346319,-13.360254184521997,-2.2997487988958287,-1.7762820920461664,150.34930408341359
871,2026-08-04 13:22:55.533790-07:00,13.697197039519867,-13.370267434422129,-2.4299023199633174,-1.7160216160934105,150.30969422374096
872,2026-08-04 13:22:55.593628-07:00,13.749280130477944,-13.420271626032932,-2.4198737530019554,-1.7559113330072318,150.3450763248057
873,2026-08-04 13:22:55.653467-07:00,13.680244393316636,-13.360271626032926,-2.359873753001951,-1.7559113330072318,150.36605303400717
874,2026-08-04 13:22:55.713308-07:00,13.69238254587444,-13.370269111342385,-2.4097769554473625,-1.7059363111926462,150.35508339033572
875,2026-08-04 13:22:55.773147-07:00,13.68552749777405,-13.350269111342392,-2.459776955447357,-1.7359363111926207,150.3273309528054
876,2026-08-04 13:22:55.818026-07:00,13.715656685434602,-13.390387189792449,-2.379746662196036,-1.775830803853795,150.3148199338941
877,2026-08-04 13:22:55.877865-07:00,13.720795899752478,-13.390287289056252,-2.4097481764854822,-1.7758266146017387,150.36128982040304
878,2026-08-04 13:22:55.937705-07:00,13.673103291294336,-13.350291480667048,-2.3897196095241102,-1.735716331515258,150.33993583446974
879,2026-08-04 13:22:55.982585-07:00,13.71830040657514,-13.390291480667047,-2.4597196095241247,-1.6857163315153745,150.38890760339254
880,2026-08-04 13:22:56.042940-07:00,13.727967810281049,-13.400291480667043,-2.4097196095241302,-1.755716331515389,150.3281111900802
881,2026-08-04 13:22:56.103274-07:00,13.675854932607148,-13.350291480667048,-2.4197196095241402,-1.715716331515349,150.31064233372086
882,2026-08-04 13:22:56.163113-07:00,13.701419001208034,-13.38029148066705,-2.4197196095241402,-1.6857163315153745,150.37294075792337
883,2026-08-04 13:22:56.222952-07:00,13.683676176564836,-13.360291480667044,-2.3797196095241557,-1.755716331515389,150.31981256425001
884,2026-08-04 13:22:56.267831-07:00,13.70541425211457,-13.38029148066705,-2.3997196095241202,-1.7457163315153235,150.31806072645685
885,2026-08-04 13:22:56.327671-07:00,13.697678425729388,-13.37029148066704,-2.4397196095241602,-1.7057163315152835,150.35084164224708
886,2026-08-04 13:22:56.387510-07:00,13.678365479948862,-13.360291480667044,-2.3997196095241202,-1.6857163315153745,150.4258407051191
887,2026-08-04 13:22:56.432389-07:00,13.709644352775788,-13.390291480667047,-2.3897196095241102,-1.715716331515349,150.37861261454177
888,2026-08-04 13:22:56.492229-07:00,13.717213993691963,-13.390287803815474,-2.4397446682621893,-1.7058130710647657,150.36161116421593
889,2026-08-04 13:22:56.552068-07:00,13.682615166714795,-13.36028780381547,-2.4097446682621593,-1.7058130710647657,150.41211055477925
890,2026-08-04 13:22:56.611908-07:00,13.706669558596175,-13.390287803815474,-2.379744668262185,-1.7058130710647657,150.40449664953516
891,2026-08-04 13:22:56.671749-07:00,13.69664889572257,-13.370287803815467,-2.4197446682621693,-1.7258130710648967,150.4243353194696
892,2026-08-04 13:22:56.716627-07:00,13.703231088182108,-13.379951452501453,-2.4179078070922233,-1.7056269290871562,150.39633671512465
909,2026-08-04 13:22:57.674563-07:00,13.701410999764393,-13.380278230766901,-2.4195660884566705,-1.6859768074681813,150.3522577850725
910,2026-08-04 13:22:57.734832-07:00,13.70044140065913,-13.37027823076689,-2.4195660884566705,-1.7559768074681958,150.35465082605313
911,2026-08-04 13:22:57.794673-07:00,13.694373766516568,-13.37027823076689,-2.3995660884566505,-1.7359768074680648,150.36207225365658
912,2026-08-04 13:22:57.854511-07:00,13.705891789425523,-13.380278230766901,-2.4095660884566605,-1.7359768074680648,150.3622958322268
913,2026-08-04 13:22:57.899390-07:00,13.705134876859574,-13.380278230766901,-2.4195660884566705,-1.7159768074681558,150.35073036042746
914,2026-08-04 13:22:57.959229-07:00,13.704628787650293,-13.380278230766901,-2.4095660884566605,-1.7259768074682214,150.3161999492772
915,2026-08-04 13:22:58.019069-07:00,13.694865630690852,-13.37027823076689,-2.4095660884566605,-1.7259768074682214,150.35990150012196
916,2026-08-04 13:22:58.064946-07:00,13.696129532785033,-13.37027823076689,-2.4095660884566605,-1.7359768074680648,150.38176315541278
917,2026-08-04 13:22:58.123788-07:00,13.70892339322679,-13.380278230766901,-2.4195660884566705,-1.7459768074681303,150.36142894726342
918,2026-08-04 13:22:58.183627-07:00,13.696129532785033,-13.37027823076689,-2.4095660884566605,-1.7359768074680648,150.3640459117206
919,2026-08-04 13:22:58.243468-07:00,13.694865630690852,-13.37027823076689,-2.4095660884566605,-1.7259768074682214,150.37148976869872
920,2026-08-04 13:22:58.303306-07:00,13.704628787650293,-13.380278230766901,-2.4095660884566605,-1.7259768074682214,150.34898004618324
921,2026-08-04 13:22:58.348186-07:00,13.705891789425523,-13.380278230766901,-2.4095660884566605,-1.7359768074680648,150.34698934802896
922,2026-08-04 13:22:58.408026-07:00,13.707161970283694,-13.380278230766901,-2.4095660884566605,-1.7459768074681303,150.38176315541278
923,2026-08-04 13:22:58.468434-07:00,13.694865630690852,-13.37027823076689,-2.4095660884566605,-1.7259768074682214,150.3581510449002
924,2026-08-04 13:22:58.513314-07:00,13.696129532785033,-13.37027823076689,-2.4095660884566605,-1.7359768074680648,150.30351074825543
925,2026-08-04 13:22:58.573153-07:00,13.704628787650293,-13.380278230766901,-2.4095660884566605,-1.7259768074682214,150.3146731852027
926,2026-08-04 13:22:58.632992-07:00,13.70088287661949,-13.380278230766901,-2.4095660884566605,-1.6959768074682469,150.35314832065765
927,2026-08-04 13:22:58.692831-07:00,13.693109702361562,-13.37027823076689,-2.3995660884566505,-1.7259768074682214,150.33063989693915
933,2026-08-04 13:22:59.036913-07:00,13.722235039687394,-13.350165533754607,-2.6098035284748966,-1.806028861490061,150.32184188964482
934,2026-08-04 13:22:59.081793-07:00,13.713683251797054,-13.38016553375461,-2.439803528474893,-1.7560288614899555,150.35699434146122
935,2026-08-04 13:22:59.142137-07:00,13.65239039638779,-13.310165533754596,-2.4498035284748476,-1.7960288614899955,150.30020741241617
941,2026-08-04 13:22:59.472796-07:00,13.659883273448358,-13.320158475396582,-2.4297217462239673,-1.8061676197078658,150.34222108775728
942,2026-08-04 13:22:59.532634-07:00,13.708644239740622,-13.370158475396575,-2.4297217462239673,-1.8061676197078658,150.349382862842
943,2026-08-04 13:22:59.592473-07:00,13.625050080581829,-13.270158475396588,-2.469721746223952,-1.8561676197077492,150.33520076839608
944,2026-08-04 13:22:59.652313-07:00,13.513672325803176,-13.170270362304532,-2.359619714156047,-1.8961838301039258,150.34784225203418
945,2026-08-04 13:22:59.697192-07:00,13.49947343607722,-13.170270362304532,-2.3096197141560526,-1.8561838301038858,150.36243328135197
946,2026-08-04 13:22:59.757032-07:00,13.47226567282588,-13.140170461568331,-2.2896212284455597,-1.8961796408518694,150.31204697316136
947,2026-08-04 13:22:59.816871-07:00,13.450599466886562,-13.120170461568325,-2.309621228445524,-1.8561796408518294,150.3563879490621
948,2026-08-04 13:22:59.861751-07:00,13.456037235510578,-13.130170461568335,-2.2596212284455297,-1.886179640851804,150.3634073048944
949,2026-08-04 13:22:59.921590-07:00,13.436823203060536,-13.120170461568325,-2.2196212284454897,-1.866179640851895,150.32148427383672
950,2026-08-04 13:22:59.981430-07:00,13.66484145156751,-13.146343482419054,-3.3271915226334436,-1.6826590594805069,150.43736314075147
954,2026-08-04 13:23:00.205828-07:00,13.229508661001285,-12.865295294264126,2.9672800416916667,0.8362568726603126,149.99841833031613
955,2026-08-04 13:23:00.265666-07:00,16.05874695832828,-12.765295294264122,9.047280041691696,3.6162568726603173,149.71167117118333
956,2026-08-04 13:23:00.326015-07:00,20.394636013631615,-12.69529897111571,14.747305100429763,6.106353612209681,149.38704004406537
957,2026-08-04 13:23:00.385854-07:00,29.578603459897902,-12.595005762247592,24.838177741223987,9.966169724733742,149.08216108945552
958,2026-08-04 13:23:00.460654-07:00,12.523233566104938,-12.411404517529547,-0.2444458121332871,-1.651866549814196,150.23269954723753
959,2026-08-04 13:23:00.520495-07:00,12.948175236331972,-12.341404517529561,3.89555418786669,-0.4118665498140661,150.1719371489284
963,2026-08-04 13:23:00.760407-07:00,14.791188719661053,-12.038984990090555,8.090824688955333,2.894936959865202,149.7594093013442
964,2026-08-04 13:23:00.820248-07:00,19.41620641509115,-11.998984990090555,13.990824688955295,6.104936959865137,149.3614830100986
965,2026-08-04 13:23:00.880086-07:00,24.654649385792112,-11.998556012439183,19.428896686546572,9.295394746658081,149.124318233456
966,2026-08-04 13:23:00.940432-07:00,11.918795080773759,-11.614211852643747,2.0534523974707897,-1.7178744048118588,150.0554797528431
967,2026-08-04 13:23:01.000271-07:00,12.06607222996666,-11.63406816205982,3.154296755487618,-0.5375584039328807,149.97857656481028
968,2026-08-04 13:23:01.045488-07:00,12.163994415969604,-11.774068162059823,3.044296755487619,-0.25755840393304474,149.88861522370334
969,2026-08-04 13:23:01.105327-07:00,12.047268846118884,-11.884168062796018,1.924298269777136,-0.44756259318501357,149.97510297528868
970,2026-08-04 13:23:01.165167-07:00,11.90103570306657,-11.834247533003717,1.1337491773459885,-0.547584638323606,149.9373886076503
971,2026-08-04 13:23:01.225007-07:00,12.516229589645805,-11.724800106654929,2.196705502384988,-3.789399759262846,150.1413502208421
973,2026-08-04 13:23:01.329725-07:00,12.504638120955931,-11.71486375113677,2.1660137735563523,-3.7995165693980315,150.10615695510856
974,2026-08-04 13:23:01.389565-07:00,12.503261557751776,-11.72493048620353,2.0656217104160213,-3.8197855469523923,150.13938728342072
975,2026-08-04 13:23:01.449426-07:00,12.286606422761881,-11.726425356799213,0.8024330786409184,-3.5787912615257156,150.16141605730263
976,2026-08-04 13:23:01.494283-07:00,12.304869547199884,-11.756425356799216,0.9024330786409629,-3.5187912615257666,150.20594349194673
977,2026-08-04 13:23:01.554124-07:00,12.27058840315396,-11.726425356799213,0.8224330786409384,-3.5187912615257666,150.13094144335395
979,2026-08-04 13:23:01.673801-07:00,12.255433353095027,-11.686441534581746,0.862562163380709,-3.5886929995836425,150.1662833806742
983,2026-08-04 13:23:01.898198-07:00,12.294457924362685,-11.726704092470966,0.8711991476020309,-3.588748922224383,150.17128687695785
984,2026-08-04 13:23:01.958038-07:00,12.297250103906514,-11.736364064305379,0.8630109500339933,-3.5686595197961246,150.12715117325948
985,2026-08-04 13:23:02.017878-07:00,12.254698080740079,-11.696364064305381,0.8830109500340133,-3.5486595197962156,150.17798528542673
986,2026-08-04 13:23:02.077718-07:00,12.270768473537935,-11.706364064305378,0.8930109500340233,-3.5686595197961246,150.14247944100913
987,2026-08-04 13:23:02.137556-07:00,12.299113853421176,-11.756359872694592,0.8629823830726413,-3.5087698028823944,150.15027010080732
988,2026-08-04 13:23:02.197395-07:00,12.290788791655244,-11.736359872694585,0.8529823830726313,-3.5487698028824344,150.1386670380535
989,2026-08-04 13:23:02.257235-07:00,12.273010844180082,-11.71611439149338,0.8746452765401314,-3.5488666341565445,150.15557431786678
990,2026-08-04 13:23:02.317104-07:00,12.261277643084648,-11.696356195843013,0.8929573243346423,-3.5688665424318256,150.15839654415564
991,2026-08-04 13:23:02.361953-07:00,12.254030214020911,-11.696356195843013,0.8729573243346223,-3.5488665424319166,150.18179026965484
992,2026-08-04 13:23:02.421792-07:00,12.266473044070297,-11.706356195843009,0.8729573243346223,-3.558866542431982,150.16637348429535
993,2026-08-04 13:23:02.482138-07:00,12.228370995568147,-11.656356195843015,0.8429573243346478,-3.5988665424318,150.16637348429535
995,2026-08-04 13:23:02.587362-07:00,12.27094912994137,-11.71635619584302,0.8829573243346323,-3.538866542431851,150.1747024762206
996,2026-08-04 13:23:02.647706-07:00,12.254746657219156,-11.696356195843013,0.8829573243346323,-3.5488665424319166,150.19309937186335
997,2026-08-04 13:23:02.707546-07:00,12.28339348631876,-11.716345460633423,0.9330140478475135,-3.5691020401988904,150.1744459892688
998,2026-08-04 13:23:02.767385-07:00,12.202180879032584,-11.61634546063342,0.8430140478475345,-3.639102040199127,150.15221436729306
1000,2026-08-04 13:23:02.887064-07:00,12.182211552610664,-11.596239368355091,0.8730842723745913,-3.6292195686820072,150.1574631123356
1001,2026-08-04 13:23:02.946904-07:00,12.173414279101868,-11.586239368355095,0.8830842723746013,-3.6292195686820072,150.16176932121982
1002,2026-08-04 13:23:03.006742-07:00,12.17508208631479,-11.596239368355091,0.8130842723745868,-3.6192195686821638,150.19825662705912
1003,2026-08-04 13:23:03.066582-07:00,12.19092786734862,-11.616235176744302,0.7630557054132403,-3.6193298517683825,150.14563627488351
1004,2026-08-04 13:23:03.126421-07:00,12.028319941043266,-11.4062351767443,0.8630557054132293,-3.7193298517681495,150.13532040498617
1005,2026-08-04 13:23:03.186260-07:00,11.964524061257753,-11.296235176744302,0.16305570541325087,-3.9393298517682585,150.20044238955282
1006,2026-08-04 13:23:03.246100-07:00,12.250580159408964,-11.306235176744298,-1.476944294586724,-4.479329851768243,150.23538195460182
1007,2026-08-04 13:23:03.305939-07:00,13.080417705829014,-11.216235176744306,-4.096944294586735,-5.339329851768104,150.36424303008272
1008,2026-08-04 13:23:03.365778-07:00,12.371005011779893,-11.447517817729903,-1.8403660715501924,-4.313832812815832,150.22218053437075
1009,2026-08-04 13:23:03.410658-07:00,13.556942387372521,-11.237517817729914,-5.410366071550154,-5.313832812815944,150.45429577348187
1010,2026-08-04 13:23:03.470497-07:00,15.220200582303722,-10.907517817729918,-8.740366071550154,-6.023832812815932,150.59088083144871
1011,2026-08-04 13:23:03.530337-07:00,16.59224932503537,-10.377518332489135,-11.390362563326818,-6.153819269279159,150.66619633579987
1017,2026-08-04 13:23:03.859469-07:00,13.066481256817594,-10.816314635389624,4.99831359513303,-5.3625676077537765,150.03959052671925
1018,2026-08-04 13:23:03.919295-07:00,11.376063722945519,-9.566314635389622,2.858313595133055,-5.4525676077537,150.23722498863478
1019,2026-08-04 13:23:03.979134-07:00,10.314482265343154,-8.266314635389612,-0.2816864048669765,-6.162567607753688,150.45279886674825
1020,2026-08-04 13:23:04.024014-07:00,10.71362623744133,-6.896655988418779,-3.8233592911253167,-7.25257520222744,150.70243118386284
1021,2026-08-04 13:23:04.084358-07:00,11.43591995596549,-10.703670289715319,0.029665929858146978,-4.026267191943544,150.26458584700111
1022,2026-08-04 13:23:04.144200-07:00,10.171512151467631,-9.133997876810685,-1.2518976460700326,-4.296800497769926,150.38761095879065
1023,2026-08-04 13:23:04.204037-07:00,8.509190764468975,-7.473670289715309,-1.1703340701418874,-3.896267191943581,150.4420636464483
1024,2026-08-04 13:23:04.263877-07:00,6.482010953511823,-5.82367028971531,0.009665929858126976,-2.8462671919435856,150.39020773875927
1025,2026-08-04 13:23:04.308756-07:00,4.752732041185639,-4.113670289715307,1.7096659298581063,-1.6562671919435612,150.3005785295134
1026,2026-08-04 13:23:04.368595-07:00,12.265763107477769,-10.939019340740666,3.9002264499901074,-3.9465217737220115,150.0834700082247
1027,2026-08-04 13:23:04.428435-07:00,11.332770151570584,-9.279019340740671,5.860226449990124,-2.8265217737222237,150.08516903976115
1028,2026-08-04 13:23:04.488278-07:00,10.635432770157733,-5.8990193407406775,8.740226449990118,-1.3865217737221158,150.16253504778587
1029,2026-08-04 13:23:04.548114-07:00,10.621832378304315,-4.20901934074068,9.700226449990135,-1.0065217737220689,150.23902251749806
1034,2026-08-04 13:23:04.847311-07:00,11.471555857636412,-10.70607959836091,-0.9705384828944119,-4.004311236861291,150.30757427989266
1035,2026-08-04 13:23:04.892189-07:00,9.731827385744163,-9.306079598360897,1.7894615171055728,-2.2143112368611106,150.22751944519703
1036,2026-08-04 13:23:04.952028-07:00,9.074797558476376,-7.886079598360906,4.459461517105579,-0.5243112368613634,150.15785324022843
1037,2026-08-04 13:23:05.011868-07:00,9.198377586884467,-6.426079598360904,6.499461517105565,1.0356887631388645,150.1461937985546
1038,2026-08-04 13:23:05.056919-07:00,9.31805392018469,-4.9160795983609065,7.649461517105605,2.0356887631387544,150.143158116834
1039,2026-08-04 13:23:05.116721-07:00,11.767709642269443,-10.47844982965121,-3.1050392483544798,-4.3634631496578535,150.38244594252333
1040,2026-08-04 13:23:05.177066-07:00,10.296686915518483,-8.858784476379041,-3.296643904019625,-4.083606005403251,150.39929422403426
1041,2026-08-04 13:23:05.236905-07:00,7.937020938263676,-5.638449829651212,-3.8750392483544727,-4.023463149657847,150.76961878164167
1042,2026-08-04 13:23:05.296747-07:00,6.7810327784691875,-3.9987844763790386,-3.626643904019622,-4.10360600540316,150.8014200084219
1043,2026-08-04 13:23:05.341626-07:00,12.112072278894104,-10.089785528136733,-4.3288616327215585,-5.114633892089326,150.46986860078465
1044,2026-08-04 13:23:05.401465-07:00,10.23136515895342,-8.449785528136744,-2.7988616327215277,-5.044633892089312,150.5054914614065
1045,2026-08-04 13:23:05.461305-07:00,8.514631887154687,-6.869785528136746,-0.5988616327215479,-4.994633892089428,150.58237418104483
1046,2026-08-04 13:23:05.506185-07:00,7.549161413050802,-5.329785528136732,2.2611383672784813,-4.844633892089334,150.57492509248235
1047,2026-08-04 13:23:05.566028-07:00,8.214272395924707,-3.94978552813674,5.571138367278461,-4.564633892089276,150.56426889819198
1048,2026-08-04 13:23:05.625867-07:00,12.952173051576903,-10.666771626744204,-6.055532197811853,-4.160444642360206,150.44286830814792
1049,2026-08-04 13:23:05.686212-07:00,9.606829286041398,-8.506771626744236,0.17446780218816071,-4.460444642360395,150.43936522988156
1050,2026-08-04 13:23:05.746053-07:00,9.571921779363997,-7.656771626744191,2.8444678021881664,-4.990444642360314,150.4698474341493
1051,2026-08-04 13:23:05.791444-07:00,10.388709708844166,-6.976771626744204,5.19446780218813,-5.680444642360394,150.5624145815943
1052,2026-08-04 13:23:05.851792-07:00,12.926390377530725,-10.881033278800995,-5.589856675483118,-4.17710250359038,150.39400785418565
1053,2026-08-04 13:23:05.911632-07:00,12.56635168855231,-10.43103327880096,-4.189856675483162,-5.6171025035900435,150.56105115587783
1054,2026-08-04 13:23:05.957017-07:00,12.910812727298403,-10.051033278800968,-3.0998566754831813,-7.487102503590304,150.72546741877744
1055,2026-08-04 13:23:06.016857-07:00,13.864364936989388,-9.93103327880096,-2.129856675483155,-9.4371025035902,151.00657281328162
1056,2026-08-04 13:23:06.076697-07:00,12.081949527261035,-10.846217395441782,-4.199382436585852,-3.2708194296526827,150.28924084820687
1057,2026-08-04 13:23:06.121576-07:00,12.129767842728981,-10.696217395441826,-2.5693824365858875,-5.1108194296525244,150.41516957108846
1058,2026-08-04 13:23:06.181416-07:00,13.159219844854263,-10.46621739544179,2.7406175634141494,-7.490819429652795,150.50645446666104
1059,2026-08-04 13:23:06.241254-07:00,14.496251932084641,-10.35621488075128,6.410714360968739,-7.860844407838297,150.448742495269
1060,2026-08-04 13:23:06.301115-07:00,16.694078708418484,-10.246214880751253,10.380714360968712,-8.120844407838446,150.3544824335478
1061,2026-08-04 13:23:06.360933-07:00,11.860436126501002,-10.564470092130879,-3.24838761719648,-4.302312711987222,150.3331932594151
1062,2026-08-04 13:23:06.405812-07:00,11.875959046671495,-10.444470092130897,-0.8883876171965621,-5.58231271198717,150.39222464155932
1063,2026-08-04 13:23:06.465651-07:00,12.874895677099516,-10.284470092130876,0.45161238280350124,-7.732312711987266,150.41487575935597
1064,2026-08-04 13:23:06.525491-07:00,14.67015953679835,-10.164704838122512,1.4900062128488378,-10.472451378480407,150.63113939260097
1067,2026-08-04 13:23:06.690048-07:00,16.72128413674635,-10.049089617119368,1.3988094078715707,-13.29136837535394,150.69678086424176
1068,2026-08-04 13:23:06.749890-07:00,20.314490488757766,-9.819089617119358,4.358809407871533,-17.24136837535406,150.89067735314308
1069,2026-08-04 13:23:06.809727-07:00,24.719948883860567,-9.629089617119336,7.428809407871551,-21.5213683753539,151.02824802899974
1074,2026-08-04 13:23:07.095150-07:00,13.695818075838424,-10.371932018384877,-6.57561140073204,-6.062985541713584,150.3803160442477
1075,2026-08-04 13:23:07.140029-07:00,13.626332338310313,-10.202265855008358,-3.047351464347481,-8.50319666187671,150.35692881760266
1076,2026-08-04 13:23:07.199869-07:00,14.732476171213888,-10.011932018384877,0.5643885992679398,-10.792985541713707,150.3724070423663
1077,2026-08-04 13:23:07.259708-07:00,16.88150946955902,-9.831932018384865,4.204388599267917,-13.062985541713479,150.30165275686267
1078,2026-08-04 13:23:07.304588-07:00,19.823318813532364,-9.631932018384887,7.894388599267888,-15.422985541713619,150.2994321909367
1079,2026-08-04 13:23:07.365003-07:00,13.827907515760435,-10.225151050845371,-7.196016888090961,-5.90547654284812,150.35910871131685
1080,2026-08-04 13:23:07.424842-07:00,13.673914618409714,-10.005151050845374,-3.196016888090958,-8.75547654284814,150.37271075427412
1083,2026-08-04 13:23:07.590105-07:00,13.556564945406905,-10.02640980716421,-6.583333959783333,-6.317536978269311,150.38873840014892
1084,2026-08-04 13:23:07.649945-07:00,13.63307663608293,-9.806409807164213,-2.8633339597832763,-9.02753697826908,150.32234174911756
1085,2026-08-04 13:23:07.709784-07:00,15.344680744133436,-9.636409807164236,0.30666604021672983,-11.93753697826927,150.24982535455976
1086,2026-08-04 13:23:07.754664-07:00,17.98515176922981,-9.446409807164214,2.8466660402167165,-15.037536978269372,150.34706628243143
1087,2026-08-04 13:23:07.814502-07:00,21.0458485080376,-9.306409807164211,4.906666040216723,-18.22753697826918,150.45107151958476
1091,2026-08-04 13:23:08.038899-07:00,15.169485853973544,-9.682663935383918,-1.7560315550568806,-11.544508363978245,150.44193411638102
1092,2026-08-04 13:23:08.098740-07:00,14.014932158559702,-10.036676051935977,-8.112625136171836,-5.4652328987407905,150.41515038119198
1093,2026-08-04 13:23:08.158578-07:00,14.171790896644161,-10.116676051935974,-8.342625136171788,-5.375232898740867,150.39009222313354
1094,2026-08-04 13:23:08.203458-07:00,15.026338287896142,-10.146676051935977,-9.422625136171758,-5.835232898740772,150.48544363242237
1097,2026-08-04 13:23:08.382976-07:00,18.562325519262536,-10.39743259919798,-14.028007990240232,-6.298278800907164,150.70779089286734
1098,2026-08-04 13:23:08.442815-07:00,20.303901443804726,-10.437432599197994,-15.908007990240225,-7.088278800907011,150.7445681053611
1099,2026-08-04 13:23:08.487776-07:00,21.505482426249035,-10.467432599197995,-17.268007990240196,-7.398278800907265,150.76069101767854
1100,2026-08-04 13:23:08.547617-07:00,21.83332747250636,-10.597440467660341,-17.687954364540737,-7.178071778271677,150.8343899081119
1101,2026-08-04 13:23:08.607960-07:00,14.693722536608515,-10.51985494727356,-9.13318867079499,-4.6715092395095414,150.40881086285793
1102,2026-08-04 13:23:08.652839-07:00,14.855045168980803,-10.679755046537343,-9.203190185084475,-4.6815050502573285,150.42211795873538
1103,2026-08-04 13:23:08.713184-07:00,14.848754384474423,-10.679755046537343,-9.203190185084475,-4.6615050502571975,150.39332456025184
1104,2026-08-04 13:23:08.773024-07:00,14.849582790831004,-10.719755046537355,-9.183190185084511,-4.611505050257314,150.40917219947272
1105,2026-08-04 13:23:08.832863-07:00,14.836387499659526,-10.709854947273556,-9.153188670795009,-4.6515092395096325,150.36616950860224
1106,2026-08-04 13:23:08.892735-07:00,14.867214331280659,-10.709755046537344,-9.203190185084475,-4.651505050257354,150.37306583216818
1107,2026-08-04 13:23:08.937582-07:00,14.880555368676688,-10.719755046537355,-9.233190185084506,-4.611505050257314,150.4353778358369
1114,2026-08-04 13:23:09.342006-07:00,14.27328189167724,-10.673627938846353,-8.033316725008731,-5.0265360814436555,150.3929217925251
1115,2026-08-04 13:23:09.386885-07:00,14.288069825904065,-10.673627938846353,-8.053316725008807,-5.036536081443499,150.35631544435614
1116,2026-08-04 13:23:09.446724-07:00,14.245408863046931,-10.663627938846371,-8.003316725008814,-5.01653608144359,150.3929217925251
1117,2026-08-04 13:23:09.506563-07:00,14.291459917811652,-10.683627938846364,-8.083316725008782,-4.976536081443772,150.39231708300272
1118,2026-08-04 13:23:09.566402-07:00,14.26488063067006,-10.673627938846353,-8.043316725008742,-4.9865360814436155,150.40072673041786
1119,2026-08-04 13:23:09.626242-07:00,14.246126286801248,-10.663627938846371,-8.023316725008778,-4.9865360814436155,150.27924677113143
1120,2026-08-04 13:23:09.686084-07:00,14.2665428154343,-10.663627938846371,-8.053316725008807,-4.996536081443681,150.2846317940233
1121,2026-08-04 13:23:09.745921-07:00,14.27448767742845,-10.663293292118542,-8.06171206934364,-5.006393225698069,150.24699993969332
1122,2026-08-04 13:23:09.805759-07:00,14.278099264259815,-10.68362007038398,-8.053370350708134,-4.986743104079094,150.38779486240242
1123,2026-08-04 13:23:09.867595-07:00,14.283971976281332,-10.673620070383972,-8.033370350708058,-5.056743104079109,150.4532551523582
1124,2026-08-04 13:23:09.925438-07:00,14.285409195215893,-10.673620070383972,-8.073370350708098,-4.99674310407916,150.4318885175163
1127,2026-08-04 13:23:10.104957-07:00,14.995643566686294,-10.733424445981022,-8.950978094642236,-5.43533962055287,150.31082234982094
1129,2026-08-04 13:23:10.225139-07:00,14.818652245731467,-10.883738172839358,-8.704148153778346,-5.037311056712568,150.4771893502318
1130,2026-08-04 13:23:10.270019-07:00,13.873401496195855,-10.503632080561015,-7.494077929251275,-5.097428585195463,150.3420919861242
1131,2026-08-04 13:23:10.329866-07:00,14.432488090433788,-10.743632080561033,-8.264077929251268,-4.957428585195656,150.34905277126916
1132,2026-08-04 13:23:10.390278-07:00,14.471092948270481,-10.723659377699397,-8.253838283298675,-5.127359384879959,150.37721516675552
1133,2026-08-04 13:23:10.435158-07:00,14.492641283859543,-10.793663569310219,-8.333809716337349,-4.9072491017938535,150.29086067978906
1134,2026-08-04 13:23:10.494998-07:00,14.035879547632046,-10.493590642701307,-7.843345914380406,-5.037101841974145,150.1702202419627
1135,2026-08-04 13:23:10.554836-07:00,14.371718572474771,-10.783523097530196,-8.183089259190313,-4.826901128837546,150.24387431177772
1136,2026-08-04 13:23:10.614675-07:00,14.604997766738142,-10.743523097530183,-8.533089259190273,-5.006901128837393,150.24123071025528
1137,2026-08-04 13:23:10.674514-07:00,14.364739942731418,-10.763523097530175,-8.113089259190353,-4.966901128837575,150.22237519670742
1138,2026-08-04 13:23:10.719437-07:00,14.174836579087236,-10.57352309753018,-8.05308925919035,-4.926901128837313,150.20212593840924
1139,2026-08-04 13:23:10.779781-07:00,14.451874152179933,-10.753849875795613,-8.284747540554804,-4.957251007218444,150.30290095674292
1145,2026-08-04 13:23:11.109909-07:00,14.30369222299113,-10.703511111358422,-8.133189776968752,-4.886889107693637,150.309771036256
1146,2026-08-04 13:23:11.169760-07:00,14.281772303536851,-10.663511111358437,-8.153189776968716,-4.876889107693572,150.28740450259704
1147,2026-08-04 13:23:11.229588-07:00,14.410720829739837,-10.753606820483846,-8.2132168296406,-4.957003580031927,150.3120391155078
1150,2026-08-04 13:23:11.394145-07:00,14.378010108668553,-10.703613012025965,-8.233288568457231,-4.936881862296794,150.3745642818417
1151,2026-08-04 13:23:11.453985-07:00,14.444176055689898,-10.773613012025951,-8.2032885684572,-5.026881862296939,150.3757463011748
1152,2026-08-04 13:23:11.513824-07:00,14.333407709369764,-10.673613012025962,-8.133288568457186,-5.036881862296783,150.2549116258559
1153,2026-08-04 13:23:11.573663-07:00,14.30250186062071,-10.66361301202598,-8.153288568457151,-4.936881862296794,150.41622188294636
1154,2026-08-04 13:23:11.618543-07:00,14.352333833897127,-10.693613012025981,-8.183288568457181,-4.96688186229699,150.4422994244169
1155,2026-08-04 13:23:11.678382-07:00,14.349649358094133,-10.703613012025965,-8.153288568457151,-4.986881862296899,150.37001171605255
1156,2026-08-04 13:23:11.738221-07:00,14.290574899022559,-10.65361301202597,-8.133288568457186,-4.956881862296925,150.4290566493878
1157,2026-08-04 13:23:11.798061-07:00,14.329051832148634,-10.683613012025972,-8.143288568457196,-4.986881862296899,150.37168814546445
1158,2026-08-04 13:23:11.857900-07:00,14.387734757364779,-10.723615878773185,-8.16339891766943,-5.036853387165419,150.4787796357059
1159,2026-08-04 13:23:11.917742-07:00,14.378115600456754,-10.713615878773203,-8.153398917669419,-5.046853387165484,150.33775640684857
1160,2026-08-04 13:23:11.977612-07:00,14.337401479179537,-10.6836158787732,-8.133398917669455,-5.026853387165575,150.37298302361046
1161,2026-08-04 13:23:12.037418-07:00,14.396571639194907,-10.713615878773203,-8.123398917669444,-5.146853387165473,150.35880884668634
1162,2026-08-04 13:23:12.097259-07:00,14.412389493851666,-10.723615878773185,-8.16339891766943,-5.106853387165433,150.33486355808938
1163,2026-08-04 13:23:12.157096-07:00,14.344425931722231,-10.6836158787732,-8.133398917669455,-5.046853387165484,150.35993871163103
1164,2026-08-04 13:23:12.216937-07:00,14.332701112207323,-10.673615878773191,-8.113398917669489,-5.066853387165393,150.36834940234795
1165,2026-08-04 13:23:12.276776-07:00,14.390818264919377,-10.713615878773203,-8.16339891766943,-5.066853387165393,150.34896053458613
1166,2026-08-04 13:23:12.336619-07:00,14.350046495941145,-10.68362007038398,-8.143370350708112,-5.046743104079043,150.39042008113086
1167,2026-08-04 13:23:12.396965-07:00,14.332649076056564,-10.673620070383972,-8.113370350708138,-5.066743104078952,150.36079331216342
1168,2026-08-04 13:23:12.456804-07:00,14.36984747371099,-10.703620070383973,-8.133370350708102,-5.076743104079018,150.4029129056002
1169,2026-08-04 13:23:12.517150-07:00,14.409988413276656,-10.733620070383976,-8.183370350708097,-5.046743104079043,150.36941849674628
1170,2026-08-04 13:23:12.576989-07:00,14.331679242066572,-10.68362007038398,-8.123370350708093,-5.026743104079134,150.36639330784868
1171,2026-08-04 13:23:12.636830-07:00,14.354057313388017,-10.693390326107528,-8.131600205841917,-5.056425890081817,150.44372774669634
1172,2026-08-04 13:23:12.696667-07:00,14.403134750186151,-10.703620070383973,-8.173370350708142,-5.106743104078992,150.38321297488443
1174,2026-08-04 13:23:12.816346-07:00,14.285340259318126,-10.563603892601442,-8.12349943544788,-5.146841366021393,150.36487422533244
1175,2026-08-04 13:23:12.876185-07:00,14.367683667675612,-10.633603892601457,-8.183499435447883,-5.1368413660213275,150.42396952411193
1176,2026-08-04 13:23:12.936026-07:00,14.334305369024793,-10.583603892601435,-8.183499435447883,-5.146841366021393,150.3738033172754
1177,2026-08-04 13:23:12.995899-07:00,14.288332836029161,-10.553603892601432,-8.103499435447858,-5.206841366021564,150.40062776049894
1178,2026-08-04 13:23:13.055704-07:00,14.24976465611792,-10.493603892601456,-8.113499435447924,-5.206841366021564,150.39130699221977
1179,2026-08-04 13:23:13.100584-07:00,14.25547943662099,-10.473593966221745,-8.12334800649861,-5.247260291234124,150.37948999281383
1180,2026-08-04 13:23:13.160423-07:00,14.162444380481336,-10.343963711171384,-8.08059018596935,-5.318017282654575,150.33311597300855
1182,2026-08-04 13:23:13.265141-07:00,14.026534494103196,-10.183746589183917,-8.019723052917039,-5.359012733336499,150.32956507556304
1183,2026-08-04 13:23:13.324981-07:00,14.253696517462675,-10.333395766687293,-8.233519853822813,-5.347704849525847,150.41230181754435
1184,2026-08-04 13:23:13.384820-07:00,14.1314620301939,-10.278511101418308,-7.995335539036197,-5.488628086057323,150.32301206433903
1185,2026-08-04 13:23:13.444893-07:00,14.38399200307329,-10.487267953663281,-8.097259675421686,-5.599180525874603,150.39950274416321
1186,2026-08-04 13:23:13.504969-07:00,14.430567562154822,-10.519402285827484,-7.947657327425917,-5.866702542370428,150.32271464098477
1187,2026-08-04 13:23:13.549848-07:00,14.539671139729478,-10.626289641404135,-7.844373504910074,-6.078635506751029,150.29056569817158
1188,2026-08-04 13:23:13.610191-07:00,14.609398874646244,-10.63431041588353,-7.703977070300461,-6.40271151602434,150.21075992992132
1191,2026-08-04 13:23:13.774749-07:00,15.1093749846342,-11.205558747437976,-7.244112836297944,-7.088828873586195,150.3545396127005
1192,2026-08-04 13:23:13.834591-07:00,15.211445156599908,-11.248020143898557,-7.1594802984910615,-7.322018058583124,150.31219644339166
1193,2026-08-04 13:23:13.894430-07:00,15.281039174762606,-11.283784323960045,-7.069562877302538,-7.497176156050278,150.2384461984649
1194,2026-08-04 13:23:13.954269-07:00,15.379998826830272,-11.339210127424726,-7.0453136719745295,-7.637423182127456,150.26887860011087
1197,2026-08-04 13:23:14.119237-07:00,15.5647662995373,-11.415189913431128,-6.761327007513252,-8.13878653713096,150.23047643093977
1198,2026-08-04 13:23:14.164116-07:00,15.65216650816064,-11.46946602545068,-6.701334245357238,-8.278513442775859,150.31478676547852
1199,2026-08-04 13:23:14.223955-07:00,15.739175006363487,-11.60886660848734,-6.4740504040988744,-8.42867233391309,150.3161164883008
1200,2026-08-04 13:23:14.283794-07:00,15.790155716034224,-11.635607741100646,-6.402900082372098,-8.540756439976871,150.30428946309146
1202,2026-08-04 13:23:14.403473-07:00,15.882494020142651,-11.642528980759876,-6.256284491762242,-8.807044884078241,150.30117942060136
1203,2026-08-04 13:23:14.448352-07:00,15.932034962926942,-11.644717380935116,-6.158190042875766,-8.961416772692798,150.27460194202763
1204,2026-08-04 13:23:14.508192-07:00,16.013192205389384,-11.655900340146047,-6.136565861341426,-9.105211216481779,150.2196919722685
1205,2026-08-04 13:23:14.568032-07:00,16.0889901032947,-11.656998541303254,-6.057333234184615,-9.288632926432783,150.23071910019107
1207,2026-08-04 13:23:14.672750-07:00,16.367368581744238,-11.937008168687314,-5.854069645649496,-9.54612271318811,150.3713451120741
1209,2026-08-04 13:23:14.792428-07:00,16.464655744533292,-11.84056655251145,-5.772751889612293,-9.877307736550378,150.3105260969746
1210,2026-08-04 13:23:14.853014-07:00,16.49852469699757,-11.787554631615654,-5.743370683783777,-10.013419304751414,150.2383762482513
1211,2026-08-04 13:23:14.897892-07:00,16.57957610151625,-11.808993079253788,-5.664423258883556,-10.165841593509306,150.2322390929898
1212,2026-08-04 13:23:14.957730-07:00,16.6633498317629,-11.841334741837434,-5.6085658789262745,-10.295339136192183,150.28959696944588
1214,2026-08-04 13:23:15.063953-07:00,16.805310175686234,-11.856774644215584,-5.5258507441513505,-10.549896619904464,150.25732107298037
1215,2026-08-04 13:23:15.122794-07:00,16.82670058994376,-11.97266732628252,-5.5268509124503655,-10.452129392106047,150.38600356425425
1216,2026-08-04 13:23:15.182633-07:00,16.902273138529235,-12.044141842826761,-5.488616179371575,-10.511925463722482,150.37145901982896
1218,2026-08-04 13:23:15.302859-07:00,17.013197863589003,-12.103493010695049,-5.479638416255206,-10.626754975663344,150.38549672639454
1219,2026-08-04 13:23:15.347739-07:00,17.09677066147973,-12.314065943385549,-5.579913409898774,-10.465558433796929,150.36230134109107
1220,2026-08-04 13:23:15.407578-07:00,17.090213237817554,-12.354177632848574,-5.552218660568875,-10.422214326875512,150.32650468642547
1221,2026-08-04 13:23:15.467430-07:00,17.127049360607998,-12.40418755922823,-5.592370089518017,-10.401795401662861,150.43626224511155
1222,2026-08-04 13:23:15.512297-07:00,17.11611316135128,-12.394187559228248,-5.562370089518042,-10.411795401662927,150.3977334487425
1223,2026-08-04 13:23:15.572136-07:00,17.119488228491775,-12.424545318006075,-5.55971278676709,-10.382540371938864,150.3471926253395
1224,2026-08-04 13:23:15.632480-07:00,17.111404927238382,-12.404431431166818,-5.579714513057055,-10.382535596191289,150.36578602904348
1225,2026-08-04 13:23:15.692320-07:00,17.10300958319119,-12.404080061376026,-5.550036271886716,-10.385029225497888,150.3926479162055
1226,2026-08-04 13:23:15.752664-07:00,17.105911193762644,-12.42407586976524,-5.570064838848032,-10.355139508584132,150.39953208086385
1227,2026-08-04 13:23:15.797544-07:00,17.106592584928634,-12.404062266533982,-5.5599384686368385,-10.385655173346331,150.36026820097192
1228,2026-08-04 13:23:15.857384-07:00,17.179054645336254,-12.462673688226205,-5.6124199054080055,-10.406845144116605,150.40810632731794
1229,2026-08-04 13:23:15.917222-07:00,17.155920664765166,-12.45394911589759,-5.599786461858825,-10.38591146004686,150.3629641719746
1230,2026-08-04 13:23:15.962102-07:00,17.157046828942963,-12.463835229058361,-5.599788188148825,-10.375906684299663,150.3670496920309
1231,2026-08-04 13:23:16.021942-07:00,17.219300074837125,-12.553835229058313,-5.699788188148814,-10.315906684299714,150.37044839345478
1232,2026-08-04 13:23:16.081780-07:00,17.21349284683635,-12.583831037447506,-5.75981675511017,-10.236016967385853,150.36549001095065
1233,2026-08-04 13:23:16.141620-07:00,17.23423622118158,-12.623831037447546,-5.769816755110179,-10.216016967385722,150.37880820135547
1234,2026-08-04 13:23:16.201460-07:00,17.258479267989355,-12.713835229058363,-5.889788188148836,-10.075906684299696,150.37951809522497
1235,2026-08-04 13:23:16.246339-07:00,17.233533992663123,-12.743835229058337,-5.819788188148822,-10.035906684299656,150.35612952299326
1236,2026-08-04 13:23:16.306178-07:00,17.205618767948287,-12.713949115897627,-5.819786461858822,-10.025911460047165,150.35292544188098
1237,2026-08-04 13:23:16.366017-07:00,17.193241800245346,-12.794273996192151,-5.82973017340882,-9.895876040922902,150.37319795301786
1238,2026-08-04 13:23:16.410897-07:00,17.134207285644308,-12.714273996192127,-5.779730173408826,-9.925876040922876,150.40768727835493
1239,2026-08-04 13:23:16.470736-07:00,16.923138940541612,-12.834388308989503,-5.729760323894162,-9.42554799285844,150.36366186512862
1240,2026-08-04 13:23:16.530576-07:00,15.328788063007913,-13.264388308989517,-4.689760323894121,-6.085547992858542,150.3182673247451
1241,2026-08-04 13:23:16.590416-07:00,14.045214429520673,-13.714388308989495,-3.0297603238941817,0.06445200714155774,150.19818149708468
1242,2026-08-04 13:23:16.650254-07:00,16.270108196056977,-14.134388308989498,-2.11976032389416,7.774452007141441,150.13074603874855
1243,2026-08-04 13:23:16.695134-07:00,16.262958463889422,-12.89661287674379,-8.57038273377958,-4.970888663220263,150.40461747402915
1244,2026-08-04 13:23:16.754973-07:00,17.598783116223355,-13.266612876743771,-10.71038273377961,4.359111336779575,150.28866989556914
1245,2026-08-04 13:23:16.814812-07:00,24.35195270408309,-13.716612876743778,-13.9203827337796,14.529111336779588,150.1934251562407
1247,2026-08-04 13:23:16.934496-07:00,15.527568671351958,-12.67248753534947,-7.97516821689287,-4.112194112906753,150.31582055257465
1248,2026-08-04 13:23:16.979376-07:00,19.177761086843017,-13.17248753534947,-11.265168216892828,8.207805887093134,150.11428876395857
1249,2026-08-04 13:23:17.039271-07:00,28.647236155198424,-13.692487535349462,-14.665168216892898,20.44780588709316,149.97432074226475
1250,2026-08-04 13:23:17.099110-07:00,39.7607830447341,-14.17248753534947,-18.35516821689287,32.29780588709308,149.80299810548328
1251,2026-08-04 13:23:17.144494-07:00,50.992060107881024,-14.662270070922412,-22.785196516210416,43.197718112543356,149.6106786380151
1252,2026-08-04 13:23:17.204334-07:00,15.24991987985765,-12.415016210897315,-6.627025130812536,-5.874518426289388,150.29370574387622
1253,2026-08-04 13:23:17.264678-07:00,18.49561399521673,-12.855016210897324,-13.107025130812467,2.245481573710739,150.19914662209868
1254,2026-08-04 13:23:17.325022-07:00,33.10415916780907,-13.745016210897312,-25.15702513081247,16.555481573710786,150.0660109709335
1255,2026-08-04 13:23:17.384861-07:00,40.250892242401,-14.155016210897319,-29.33702513081249,23.645481573710605,149.935685770024
1256,2026-08-04 13:23:17.445206-07:00,14.660359757628177,-12.531895912299875,-5.042452890670512,-5.696613196604972,150.31023971057076
1257,2026-08-04 13:23:17.505045-07:00,17.210252819117663,-13.173158919682418,-11.032227424722429,-0.9750098583816147,150.26650744888562
1258,2026-08-04 13:23:17.564885-07:00,21.752682422733542,-13.32288824458333,-17.18246293480785,-0.6654388781837106,150.29240071203972
1259,2026-08-04 13:23:17.609765-07:00,19.824406572998623,-13.322659530187464,-14.662438018835767,-0.7257756940375337,150.2874307480834
1260,2026-08-04 13:23:17.669604-07:00,16.48498682325588,-12.50156038936752,1.022075273748091,-10.696781783728682,150.30443305629436
1263,2026-08-04 13:23:17.849124-07:00,16.565618742143343,-12.462120528931115,1.0220620582658269,-10.866032642206536,150.34351876445598
1264,2026-08-04 13:23:17.894001-07:00,16.47899068901529,-12.42212472054191,1.6220906252272238,-10.705922359119935,150.3391886612875
1266,2026-08-04 13:23:18.013679-07:00,16.178721618240196,-12.75460736829076,-2.0683018759820593,-9.736177454785055,150.33980663868093
1267,2026-08-04 13:23:18.073519-07:00,16.093844773041674,-12.61460736829076,-0.9783018759820239,-9.946177454785099,150.37517145474519
1268,2026-08-04 13:23:18.133358-07:00,16.01464481570611,-12.624607368290755,-1.6383018759820178,-9.716177454785146,150.36584498928565
1269,2026-08-04 13:23:18.178237-07:00,16.126392864522963,-12.704607368290752,-1.6983018759820223,-9.786177454785161,150.35255278853316
1270,2026-08-04 13:23:18.238079-07:00,16.217163341593874,-12.734607368290755,-1.3783018759820354,-9.946177454785099,150.36153137552688
1271,2026-08-04 13:23:18.297916-07:00,16.131532601803986,-12.654607368290756,-1.2483018759820719,-9.92617745478519,150.35674878568923
1272,2026-08-04 13:23:18.343301-07:00,15.991833981850185,-12.594607368290752,-1.4583018759820598,-9.746177454785121,150.35585650047346
1273,2026-08-04 13:23:18.403140-07:00,16.089879827094382,-12.704607368290752,-1.6383018759820178,-9.736177454785055,150.3627729858782
1274,2026-08-04 13:23:18.463551-07:00,16.18651896041878,-12.714607368290762,-1.4183018759820198,-9.916177454785124,150.35433132477846
1275,2026-08-04 13:23:18.508431-07:00,16.136724712444213,-12.704979752021437,-1.2798555089344466,-9.866070333328425,150.36505668171026
1277,2026-08-04 13:23:18.628110-07:00,16.191698291957458,-12.714504952864011,-1.4082065927168985,-9.926198243718654,150.39364323349287
1278,2026-08-04 13:23:18.687949-07:00,16.143692386226544,-12.724504952864008,-1.398206592716944,-9.836198243718508,150.35645780163304
1279,2026-08-04 13:23:18.747788-07:00,15.989353812268508,-12.604501276012439,-1.478231651454942,-9.726294983267936,150.2985544101658
1282,2026-08-04 13:23:18.912728-07:00,16.12540331609089,-12.704394316918208,-1.4381513834935689,-9.826429552233451,150.37130817471868
1283,2026-08-04 13:23:18.958118-07:00,16.001697522626134,-12.634280430078942,-1.4881531097835632,-9.7064247764862,150.38556440957794
1284,2026-08-04 13:23:19.017955-07:00,16.138375278032836,-12.704280430078944,-1.3781531097835642,-9.856424776486072,150.38055944121032
1285,2026-08-04 13:23:19.078301-07:00,16.121073973793884,-12.70427675322737,-1.4581781685216177,-9.816521516035515,150.35058705091808
1286,2026-08-04 13:23:19.138140-07:00,16.022718035300514,-12.644276753227379,-1.4981781685216022,-9.726521516035591,150.31697539338091
1287,2026-08-04 13:23:19.197980-07:00,16.054523210377134,-12.634276753227368,-1.3981781685216133,-9.806521516035449,150.32514900143843
1288,2026-08-04 13:23:19.242860-07:00,16.10615199315177,-12.694276753227374,-1.3781781685215932,-9.816521516035515,150.2901488112294
1289,2026-08-04 13:23:19.302698-07:00,16.126501896095156,-12.724276753227375,-1.4781781685215822,-9.796521516035384,150.30856029336732
1290,2026-08-04 13:23:19.362538-07:00,16.073431190425225,-12.684276753227378,-1.5081781685216122,-9.756521516035566,150.34446917028868
1291,2026-08-04 13:23:19.422377-07:00,16.13578608673082,-12.684276753227378,-1.3881781685216033,-9.876521516035464,150.45611871603572
1292,2026-08-04 13:23:19.482217-07:00,16.13870801171515,-12.714276753227379,-1.4981781685216022,-9.826521516035358,150.41643829476695
1293,2026-08-04 13:23:19.527096-07:00,16.082357374297285,-12.694390640066638,-1.5181764422316224,-9.75652629178314,150.39819767213532
1294,2026-08-04 13:23:19.586935-07:00,16.085208721491057,-12.664390640066635,-1.408176442231568,-9.81652629178309,150.41297313033687
1295,2026-08-04 13:23:19.646775-07:00,16.107058880049067,-12.684390640066642,-1.408176442231568,-9.826526291782933,150.39423804098928
1296,2026-08-04 13:23:19.691654-07:00,16.14303372648616,-12.704290739330423,-1.498177956521074,-9.846522102530786,150.3817544303387
1297,2026-08-04 13:23:19.751493-07:00,16.11265829805066,-12.694290739330427,-1.518177956521094,-9.806522102530746,150.39335241397868
1298,2026-08-04 13:23:19.811333-07:00,16.103453747663863,-12.664290739330426,-1.4081779565210395,-9.846522102530786,150.37004526707196
1299,2026-08-04 13:23:19.871172-07:00,16.12568479561252,-12.704290739330423,-1.508177956521084,-9.816522102530811,150.40970760106887
1300,2026-08-04 13:23:19.931012-07:00,16.116267191108953,-12.714290739330433,-1.518177956521094,-9.786522102530837,150.3870859275102
1301,2026-08-04 13:23:19.976397-07:00,16.112196373463995,-12.674290739330422,-1.4181779565210495,-9.846522102530786,150.36935904287694
1302,2026-08-04 13:23:20.036240-07:00,16.1191871455332,-12.68429073933043,-1.4081779565210395,-9.846522102530786,150.39869599405148
1303,2026-08-04 13:23:20.096079-07:00,16.11959924084333,-12.704290739330423,-1.508177956521084,-9.806522102530746,150.361312975892
1304,2026-08-04 13:23:20.140961-07:00,16.128419918247236,-12.714290739330433,-1.518177956521094,-9.806522102530746,150.35529041135337
1305,2026-08-04 13:23:20.200801-07:00,16.119192472895296,-12.674290739330422,-1.4281779565210595,-9.85652210253063,150.36072322848509
1306,2026-08-04 13:23:20.260639-07:00,16.1191871455332,-12.68429073933043,-1.4081779565210395,-9.846522102530786,150.36640002090073
1307,2026-08-04 13:23:20.320479-07:00,16.13177425361192,-12.704290739330423,-1.508177956521084,-9.826522102530655,150.40970760106887
1308,2026-08-04 13:23:20.380895-07:00,16.116613983143804,-12.694290739330427,-1.4281779565210595,-9.826522102530655,150.4040280821172
1309,2026-08-04 13:23:20.425774-07:00,16.099981710951184,-12.674290739330422,-1.4181779565210495,-9.826522102530655,150.39004573794523
1310,2026-08-04 13:23:20.485553-07:00,16.109859302686335,-12.694290739330427,-1.488177956521064,-9.806522102530746,150.3917782007893
1311,2026-08-04 13:23:20.545620-07:00,16.12475260487175,-12.704290739330423,-1.498177956521074,-9.816522102530811,150.382796683289
1312,2026-08-04 13:23:20.590499-07:00,16.10873863674248,-12.68429073933043,-1.4281779565210595,-9.826522102530655,150.42543227689015
1313,2026-08-04 13:23:20.650339-07:00,16.081688958775793,-12.674290739330422,-1.4181779565210495,-9.79652210253068,150.36405527177504
1314,2026-08-04 13:23:20.710178-07:00,16.10014452790105,-12.68429073933043,-1.468177956521044,-9.806522102530746,150.36853029563207
1315,2026-08-04 13:23:20.770017-07:00,16.099103935742264,-12.674290739330422,-1.4081779565210395,-9.826522102530655,150.27840011658037
1316,2026-08-04 13:23:20.829858-07:00,16.05554242702106,-12.664290739330426,-1.4181779565210495,-9.766522102530706,150.35731188208072
1317,2026-08-04 13:23:20.874737-07:00,16.053956832490798,-12.664290739330426,-1.468177956521044,-9.756522102530862,150.40779225535394
1318,2026-08-04 13:23:20.934604-07:00,16.105328953555208,-12.68429073933043,-1.4581779565210895,-9.816522102530811,150.3456129660101
1319,2026-08-04 13:23:20.994414-07:00,16.088667246481098,-12.674290739330422,-1.4281779565210595,-9.806522102530746,150.37627725071255
1320,2026-08-04 13:23:21.054254-07:00,16.099981710951184,-12.674290739330422,-1.4181779565210495,-9.826522102530655,150.34369682559455
1321,2026-08-04 13:23:21.114094-07:00,16.124497010511032,-12.694290739330427,-1.4481779565210795,-9.83652210253072,150.3643766569917
1322,2026-08-04 13:23:21.173933-07:00,16.125309188362753,-12.674290739330422,-1.4281779565210595,-9.866522102530695,150.38815537529524
1323,2026-08-04 13:23:21.233771-07:00,16.113079641589216,-12.674290739330422,-1.4281779565210595,-9.846522102530786,150.3430004108342
1324,2026-08-04 13:23:21.293612-07:00,16.094782258718737,-12.664290739330426,-1.4481779565210795,-9.826522102530655,150.36176736899364
1325,2026-08-04 13:23:21.353450-07:00,16.122730800619497,-12.68429073933043,-1.4481779565210795,-9.846522102530786,150.36370603618485
1326,2026-08-04 13:23:21.413290-07:00,16.11396906709602,-12.674290739330422,-1.4381779565210695,-9.846522102530786,150.36075303105085
1327,2026-08-04 13:23:21.458168-07:00,16.12183565572215,-12.68429073933043,-1.4381779565210695,-9.846522102530786,150.37381616601948
1328,2026-08-04 13:23:21.518009-07:00,16.122730800619497,-12.68429073933043,-1.4481779565210795,-9.846522102530786,150.35835326201124
1329,2026-08-04 13:23:21.577848-07:00,16.12183565572215,-12.68429073933043,-1.4381779565210695,-9.846522102530786,150.32073449610195
1330,2026-08-04 13:23:21.622727-07:00,16.10355443153729,-12.674290739330422,-1.4581779565210895,-9.826522102530655,150.3316515665176
1331,2026-08-04 13:23:21.682566-07:00,16.11576638616942,-12.674290739330422,-1.4581779565210895,-9.846522102530786,150.35846298260023
1332,2026-08-04 13:23:21.742406-07:00,16.097436539459036,-12.68429073933043,-1.4381779565210695,-9.806522102530746,150.32667639059227
1333,2026-08-04 13:23:21.802245-07:00,16.108756383172654,-12.674290739330422,-1.4481779565210795,-9.83652210253072,150.32869376954258
1334,2026-08-04 13:23:21.862084-07:00,16.12890109886033,-12.674290739330422,-1.468177956521044,-9.866522102530695,150.3647243860722
1335,2026-08-04 13:23:21.906964-07:00,16.094782258718737,-12.664290739330426,-1.4481779565210795,-9.826522102530655,150.35778874504803
1336,2026-08-04 13:23:21.966804-07:00,16.11533274979308,-12.634290739330423,-1.5281779565210485,-9.886522102530604,150.37588748077928
1337,2026-08-04 13:23:22.026642-07:00,16.09748761135325,-12.634290739330423,-1.468177956521044,-9.866522102530695,150.37359898486932
1338,2026-08-04 13:23:22.086987-07:00,16.075791646807723,-12.604290739330434,-1.488177956521064,-9.866522102530695,150.3288262571936
1339,2026-08-04 13:23:22.146827-07:00,16.08648226313413,-12.574290739330433,-1.4581779565210895,-9.926522102530866,150.3491546508487
1340,2026-08-04 13:23:22.207174-07:00,16.1015764185877,-12.574290739330433,-1.488177956521064,-9.946522102530775,150.3622478452641
1341,2026-08-04 13:23:22.267523-07:00,16.023312460953132,-12.444290739330427,-1.468177956521044,-9.986522102530815,150.39361481131172
1342,2026-08-04 13:23:22.327361-07:00,15.985248094366591,-12.374290739330426,-1.508177956521084,-10.006522102530724,150.33780575429833
1343,2026-08-04 13:23:22.387201-07:00,15.979421942927779,-12.34451021325486,-1.4887941880755151,-10.036856335054356,150.35775865804413
1344,2026-08-04 13:23:22.447041-07:00,15.955947246728021,-12.32439876720469,-1.4688743868023768,-10.027155907987417,150.36568463173697
1345,2026-08-04 13:23:22.506879-07:00,15.924284858853298,-12.274173558511444,-1.408078159337356,-10.047130317590192,150.36601371875494
1346,2026-08-04 13:23:22.566718-07:00,15.938881566792094,-12.294544509638767,-1.327209822503339,-10.056372854453377,150.3118137111985
1347,2026-08-04 13:23:22.626557-07:00,15.91654028409609,-12.278238738237162,-1.274973636973542,-10.047663923874461,150.30461183806233
1349,2026-08-04 13:23:22.731276-07:00,15.817512812636002,-12.181532671367053,-1.0735532561331196,-10.032519960636366,150.2760987710404
1350,2026-08-04 13:23:22.791115-07:00,15.771714410494193,-12.113264380400473,-0.9714110094304895,-10.053465181093957,150.4857678933603
1351,2026-08-04 13:23:22.850956-07:00,15.728890472914983,-12.042264697963365,-0.8533652615277942,-10.082342197305083,150.51303110846385
1353,2026-08-04 13:23:22.955686-07:00,15.591606904847833,-11.89353410841404,-0.5559033840322192,-10.066430534946935,150.77548899085176
1354,2026-08-04 13:23:23.015513-07:00,15.445052080800966,-11.791447976227595,-0.12222908017822665,-9.974790647153009,149.94602343678636
1355,2026-08-04 13:23:23.075352-07:00,15.38470672486975,-11.651410776050989,0.05797266249207844,-10.046415634860972,150.1989002965722
1356,2026-08-04 13:23:23.135220-07:00,15.328052595542736,-11.52730462583934,0.22005024266308348,-10.100595147095603,150.4913789900029
1358,2026-08-04 13:23:23.255383-07:00,15.215196441459753,-11.277525496794519,0.5747230698054939,-10.197515129402479,150.91249087582904
1360,2026-08-04 13:23:23.375065-07:00,15.058908767094211,-10.965849184441156,1.3622321432040785,-10.23060157115796,150.06127509143653
1361,2026-08-04 13:23:23.434905-07:00,14.986591193051346,-10.812108984111655,1.46052885566611,-10.274389050697996,150.40285371155954
1362,2026-08-04 13:23:23.494744-07:00,14.949594560861458,-10.694943334495791,1.6862862158735226,-10.308491810357978,150.3624649573763
1363,2026-08-04 13:23:23.554583-07:00,14.925603334207924,-10.557944800745247,1.7917881207141217,-10.39677506753911,150.67544778243746
1364,2026-08-04 13:23:23.614438-07:00,14.878630096112689,-10.34917729267959,2.185014471497271,-10.463932084115557,150.00549472161882
1365,2026-08-04 13:23:23.674798-07:00,14.831609754665202,-10.219468988873881,2.340290830187053,-10.491050487452025,150.02675841587964
1366,2026-08-04 13:23:23.734637-07:00,14.852690374240098,-10.138960590720808,2.4140430090394682,-10.581884796356578,150.31091276321962
1367,2026-08-04 13:23:23.794475-07:00,14.807983702055386,-9.997612167026478,2.496748469498322,-10.63439605046379,150.2862922164449
1368,2026-08-04 13:23:23.854315-07:00,14.84178724556214,-9.876104094551225,2.566807167121321,-10.777417015358282,150.4452914153337
1369,2026-08-04 13:23:23.914155-07:00,14.843206830426865,-9.694269868531723,2.7598033013859213,-10.896118871624338,150.06594384822117
1370,2026-08-04 13:23:23.973995-07:00,14.807063543859028,-9.63254431846411,2.8148681419928323,-10.887595606372313,150.08302867605934
1371,2026-08-04 13:23:24.033834-07:00,14.848737976643516,-9.54937592288696,2.855891490951834,-11.006285602977561,150.38937231023306
1372,2026-08-04 13:23:24.093673-07:00,14.85859937707784,-9.477144067113988,2.9340988034994853,-11.061319089103572,150.42326747189094
1373,2026-08-04 13:23:24.138552-07:00,14.83321301896376,-9.375675178236314,3.029016106522564,-11.088101047726173,150.2198810804764
1375,2026-08-04 13:23:24.258230-07:00,14.860782296969514,-9.24903126686845,3.1948048089705527,-11.184430845375681,150.38256935025422
1376,2026-08-04 13:23:24.303110-07:00,14.88485608436239,-9.156009211349375,3.2929963896820014,-11.264218159792838,150.3680593771316
1377,2026-08-04 13:23:24.362949-07:00,14.896080402348673,-9.011228609141497,3.469075256133769,-11.342684301976602,149.98288002173913
1378,2026-08-04 13:23:24.422788-07:00,14.912098866554626,-8.936406248174183,3.5661999874498918,-11.392697381349404,150.16402273754508
1379,2026-08-04 13:23:24.482628-07:00,14.944646550322211,-8.882899973989055,3.606230010107292,-11.464364512713487,150.19273991723125
1381,2026-08-04 13:23:24.587347-07:00,14.930169569494728,-8.765306588628869,3.7562286248125076,-11.487824437174554,150.36784786018146
1384,2026-08-04 13:23:24.752411-07:00,14.99638166889539,-8.872232349115466,3.8902284504663265,-11.447317541925406,150.19941095876354
1385,2026-08-04 13:23:24.812251-07:00,15.026159768842238,-8.952360752237349,3.9704330080139183,-11.396331694428996,150.21396874366576
1386,2026-08-04 13:23:24.872090-07:00,15.019442691703036,-8.922357885490118,4.0405433572262,-11.386360169560739,150.21152879478407
1387,2026-08-04 13:23:24.931929-07:00,15.052346317431399,-8.942362077100919,4.090571924187492,-11.396249886474363,150.2187553146151
1388,2026-08-04 13:23:24.991769-07:00,15.027536571532668,-8.922476126642737,4.070590710358479,-11.38624461563098,150.22983321187166
1389,2026-08-04 13:23:25.036649-07:00,14.98803881116791,-8.942376740665752,4.020592704292392,-11.33622688284186,150.21077934119862
1390,2026-08-04 13:23:25.096488-07:00,15.046464244388536,-8.962372711757496,4.0805811972119415,-11.376327119337226,150.228180538074
1391,2026-08-04 13:23:25.156327-07:00,15.016264381164078,-8.972372711757492,4.030581197211946,-11.346327119337252,150.2208226498914
1392,2026-08-04 13:23:25.216166-07:00,15.010702469572369,-8.942020852325816,4.078217959807562,-11.345906309277343,150.22612481723132
1393,2026-08-04 13:23:25.276005-07:00,15.013576240688211,-8.962384508575102,4.070712326529002,-11.336332590836218,150.2151872205076
1394,2026-08-04 13:23:25.321390-07:00,15.047137035203146,-8.932384508575113,4.120712326528997,-11.386332590836323,150.21789084189024
1395,2026-08-04 13:23:25.381229-07:00,15.013480650043551,-8.952016823417564,4.038206452727233,-11.356006545772734,150.21666202130803
1396,2026-08-04 13:23:25.441068-07:00,15.02699150589661,-8.942387375322324,4.080601977316745,-11.366304115704606,150.2151593975273
1397,2026-08-04 13:23:25.485948-07:00,15.012731373696317,-9.012387375322339,4.04060197731676,-11.306304115704657,150.22159030995755
1399,2026-08-04 13:23:25.605626-07:00,14.946231473283357,-9.141929381112273,3.7697706497303862,-11.207309743741067,150.24051217432375
1400,2026-08-04 13:23:25.665465-07:00,14.947374890491698,-9.052026252398704,3.6298654533511443,-11.327352454715722,150.2401085329202
1404,2026-08-04 13:23:25.889863-07:00,14.866517828041417,-9.13211213569748,3.3999238330911785,-11.227573121636691,150.307329889165
1408,2026-08-04 13:23:26.114262-07:00,16.02023933533873,-9.285970546681149,-3.094217497449092,-12.682453920522807,150.43468289833461
1409,2026-08-04 13:23:26.174137-07:00,21.701587357348785,-9.365983020960506,-11.78406580002772,-15.632435801893996,150.60835673901212
1410,2026-08-04 13:23:26.218979-07:00,30.112394167598996,-9.545895594503694,-21.443915616895957,-18.862413494013186,150.79295685868675
1412,2026-08-04 13:23:26.339673-07:00,20.585219689967378,-9.498173496429118,-10.296796044430124,-15.083499631562969,150.5367577001495
1413,2026-08-04 13:23:26.384552-07:00,27.85681480623354,-9.618065727230562,-19.11685118441897,-17.833702464946644,150.75424209761016
1414,2026-08-04 13:23:26.444394-07:00,36.147671565851944,-9.828059048595156,-28.137140523846526,-20.453966317351302,150.97079811631568
1415,2026-08-04 13:23:26.504230-07:00,45.32681354502374,-9.987951279396597,-37.67719566383532,-23.134169150734962,151.13688205953346
1416,2026-08-04 13:23:26.564070-07:00,19.6327706786857,-10.256413925576775,-11.228493020394692,-12.4166260473626,150.56969850681926
1417,2026-08-04 13:23:26.623909-07:00,27.33527268899147,-10.496409733965997,-20.868521587356025,-14.196736330448712,150.7645874085056
1418,2026-08-04 13:23:26.668790-07:00,35.391375192767505,-10.73641092379296,-30.008757301084156,-15.386793160217849,150.86737730335219
1419,2026-08-04 13:23:26.728627-07:00,43.134619697474534,-10.946404217491615,-38.628689070490886,-15.766928421489634,150.98751987301125
1420,2026-08-04 13:23:26.788467-07:00,12.257965419419666,-10.960260483618923,0.3714768974988347,-5.476532778093679,154.42918102237982
1421,2026-08-04 13:23:26.848307-07:00,15.222255001199242,-11.08026048361893,-7.588523102501188,-7.16653277809387,150.42198603471957
1422,2026-08-04 13:23:26.908145-07:00,25.576991531951023,-11.580260483618932,-22.31852310250121,-4.686532778093833,150.5719165375459
1423,2026-08-04 13:23:26.968490-07:00,30.79714281098435,-11.840260483618929,-28.35852310250114,-2.0165327780936604,150.57783660951728
1425,2026-08-04 13:23:27.088169-07:00,11.84045142185844,-11.472007150451589,-2.087186276236219,-2.057424424290799,150.24704111800443
1426,2026-08-04 13:23:27.133056-07:00,12.636635971152257,-11.691899381252993,-3.777241416225041,2.9523727423259594,150.2001976872301
1427,2026-08-04 13:23:27.192916-07:00,15.232452894037412,-11.84189938125299,-5.01724141622506,8.162372742325896,150.16797041853624
1428,2026-08-04 13:23:27.252727-07:00,18.63257288117705,-11.901899381252996,-6.207241416225084,12.922372742325772,150.06487686239666
1429,2026-08-04 13:23:27.312566-07:00,12.152747856549984,-11.291633929707807,3.985779484368679,-2.0740890926711497,150.14365829619095
1430,2026-08-04 13:23:27.372428-07:00,13.426439960459922,-11.571733315684785,5.005777490434793,4.615893174539698,153.93858687576895
1431,2026-08-04 13:23:27.432246-07:00,16.45141885097278,-11.721820227382398,6.475623799079622,9.55585732312203,155.2210025268001
1433,2026-08-04 13:23:27.551924-07:00,14.439747476097901,-10.874144606781364,2.806703684202938,-9.076436562515333,150.29733257347965
1434,2026-08-04 13:23:27.611763-07:00,13.932829108649928,-10.884043031518909,-0.18316340454671565,-8.696423714730228,150.3374757918658
1435,2026-08-04 13:23:27.671602-07:00,12.373706122913447,-11.054065563546114,-0.963088998742534,-5.476193688461972,155.22919510466852
1437,2026-08-04 13:23:27.776320-07:00,14.279613651442748,-11.204273158863701,2.759509040532293,-8.411702495408235,150.28457284183943
1438,2026-08-04 13:23:27.836160-07:00,14.597711547780134,-11.194273158863705,2.8295090405323076,-8.931702495408311,150.32390130627155
1439,2026-08-04 13:23:27.895999-07:00,14.323384494655786,-11.304273158863703,2.6995090405322886,-8.371702495408195,150.2949648595044
1440,2026-08-04 13:23:27.956121-07:00,14.650036432643688,-11.294382471220333,2.8293556176492984,-8.891301302984544,150.3176338399855
1441,2026-08-04 13:23:28.001013-07:00,14.64150484620286,-11.304382471220329,2.839355617649253,-8.861301302984348,150.30429913952128
1443,2026-08-04 13:23:28.120680-07:00,13.260908518811815,-11.4143719992663,2.6893634045057624,-6.191214023530955,153.88563016895765
1444,2026-08-04 13:23:28.180519-07:00,12.884783289417658,-11.474367807655497,2.759334837544425,-5.171324306617153,155.3623111241962
1445,2026-08-04 13:23:28.240109-07:00,12.889796286736326,-11.464374351254303,2.7492495470702316,-5.211199091936347,155.31682136417234
1446,2026-08-04 13:23:28.299921-07:00,13.394784326698032,-11.424374351254304,2.699249547070237,-6.451199091936255,153.52408794109016
1447,2026-08-04 13:23:28.359762-07:00,13.267465984469931,-11.424374351254304,2.6792495470702726,-6.191199091936328,153.79990316762908
1448,2026-08-04 13:23:28.419602-07:00,14.638105744951991,-11.284374351254304,2.8392495470702106,-8.88119909193641,150.28796949252188
1449,2026-08-04 13:23:28.480014-07:00,13.394784326698032,-11.424374351254304,2.699249547070237,-6.451199091936255,153.48803967536546
1450,2026-08-04 13:23:28.539854-07:00,13.261637216698247,-11.424374351254304,2.7192495470702016,-6.1611990919363535,153.95079060712706
1451,2026-08-04 13:23:28.599694-07:00,14.667873627014911,-11.304374351254296,2.819249547070246,-8.911199091936384,150.28241282247376
1452,2026-08-04 13:23:28.659532-07:00,14.309231700003302,-11.284374351254304,2.709249547070247,-8.371199091936177,150.3003512644682
1453,2026-08-04 13:23:28.719372-07:00,12.877469874474562,-11.464374351254303,2.7292495470702116,-5.191199091936216,155.25998822422588
1454,2026-08-04 13:23:28.779211-07:00,12.873441901300628,-11.464374351254303,2.7292495470702116,-5.181199091936373,155.30002364970815
1455,2026-08-04 13:23:28.839050-07:00,13.250309004423098,-11.424374351254304,2.709249547070247,-6.1411990919362225,153.87423521820364
1456,2026-08-04 13:23:28.898890-07:00,14.627383014611526,-11.304374351254296,2.829249547070256,-8.841199091936147,150.32151568810812
1457,2026-08-04 13:23:28.958758-07:00,13.26280248164871,-11.424374351254304,2.6792495470702726,-6.1811990919362625,153.8396509290215
1458,2026-08-04 13:23:29.018569-07:00,13.249680306937288,-11.4343743512543,2.709249547070247,-6.1211990919360915,153.92009609366673
1459,2026-08-04 13:23:29.078408-07:00,13.258931940383464,-11.4343743512543,2.709249547070247,-6.1411990919362225,153.90955010477225
1460,2026-08-04 13:23:29.138247-07:00,13.268207270140147,-11.4343743512543,2.709249547070247,-6.1611990919363535,153.82826466763674
1461,2026-08-04 13:23:29.183128-07:00,13.26685718808753,-11.424374351254304,2.699249547070237,-6.1811990919362625,153.845101498717
1462,2026-08-04 13:23:29.243001-07:00,14.592745868565906,-11.324374351254301,2.819249547070246,-8.76119909193629,150.37511249989777
1463,2026-08-04 13:23:29.302804-07:00,14.611209631703023,-11.304374351254296,2.8392495470702106,-8.811199091936173,150.3698753347003
1464,2026-08-04 13:23:29.347685-07:00,13.316560124015814,-11.424205769550152,2.7124378094925405,-6.281797290675684,153.68226083663154
1465,2026-08-04 13:23:29.407524-07:00,13.190915986622427,-11.424205769550152,2.732437809492505,-6.001797290675848,154.10972812574533
1466,2026-08-04 13:23:29.467363-07:00,13.178227574082372,-11.424374351254304,2.7592495470702416,-5.9611990919361535,154.24671161547354
1467,2026-08-04 13:23:29.527203-07:00,12.826813737635035,-11.484374351254308,2.779249547070206,-4.991199091936238,155.61418126258374
1468,2026-08-04 13:23:29.587042-07:00,12.828545889962788,-11.484374351254308,2.7692495470702516,-5.001199091936304,155.628773031503
1469,2026-08-04 13:23:29.631921-07:00,12.84276839528152,-11.4743743512543,2.7492495470702316,-5.071199091936096,155.47738742455024
1470,2026-08-04 13:23:29.691761-07:00,12.82741010989874,-11.4743743512543,2.7692495470702516,-5.021199091936213,155.5389563817879
1471,2026-08-04 13:23:29.751600-07:00,12.833098343746432,-11.4743743512543,2.7592495470702416,-5.041199091936122,155.50854571338493
1472,2026-08-04 13:23:29.811439-07:00,13.217751139511632,-11.424364424874641,2.729400976019425,-6.061618017148884,154.04754554861307
1473,2026-08-04 13:23:29.871785-07:00,12.838704901156467,-11.484364424874647,2.7794009760194194,-5.021618017148954,155.6297544595984
1474,2026-08-04 13:23:29.931625-07:00,12.834796888873443,-11.484364424874647,2.7794009760194194,-5.011618017148889,155.6446136314667
1475,2026-08-04 13:23:29.991729-07:00,13.206090872190487,-11.424364424874641,2.739400976019435,-6.03161801714891,154.11580745585889
1476,2026-08-04 13:23:30.052075-07:00,13.21110611592371,-11.424364424874641,2.719400976019415,-6.051618017148819,154.03141608651518
1477,2026-08-04 13:23:30.096954-07:00,12.841532359166111,-11.47436442487465,2.7794009760194194,-5.051618017148929,155.55861350623815
1478,2026-08-04 13:23:30.157212-07:00,14.287879969288607,-11.274364424874644,2.729400976019425,-8.341618017148944,150.29381950107916
1479,2026-08-04 13:23:30.217052-07:00,12.846540711789462,-11.484364424874647,2.7794009760194194,-5.041618017148863,155.5796605552685
1480,2026-08-04 13:23:30.277398-07:00,14.268476755289953,-11.274364424874644,2.719400976019415,-8.31161801714897,150.2841608135597
1481,2026-08-04 13:23:30.337238-07:00,13.326847995436484,-11.424364424874641,2.739400976019435,-6.291618017148837,153.71489758346755
1482,2026-08-04 13:23:30.382623-07:00,12.824803325747988,-11.494364424874655,2.7994009760194394,-4.95161801714894,155.7615019076233
1483,2026-08-04 13:23:30.442462-07:00,13.182587737559803,-11.444364424874648,2.739400976019435,-5.941618017148986,154.2167540620877
1484,2026-08-04 13:23:30.502301-07:00,14.623553937187063,-11.304364424874647,2.839400976019424,-8.831618017148823,150.30852643799042
1485,2026-08-04 13:23:30.547181-07:00,14.659867800081969,-11.304364424874647,2.839400976019424,-8.891618017148994,150.32629531791787
1486,2026-08-04 13:23:30.607020-07:00,14.61728306841296,-11.314364424874643,2.8294009760194694,-8.811618017148914,150.35080788043817
1487,2026-08-04 13:23:30.666859-07:00,13.313125689441117,-11.434364424874651,2.6994009760194504,-6.261618017148862,153.64458707418132
1488,2026-08-04 13:23:30.726698-07:00,13.3559510322863,-11.424364424874641,2.719400976019415,-6.361618017148851,153.6303664087147
1489,2026-08-04 13:23:30.786537-07:00,13.351893196763857,-11.424364424874641,2.6994009760194504,-6.361618017148851,153.54202433658858
1490,2026-08-04 13:23:30.831417-07:00,14.632989167305297,-11.324364424874652,2.839400976019424,-8.82161801714898,150.3107453337655
1491,2026-08-04 13:23:30.891256-07:00,14.66923877140648,-11.324364424874652,2.839400976019424,-8.881618017149151,150.30624779189444
1492,2026-08-04 13:23:30.951096-07:00,14.635387298706538,-11.314364424874643,2.8294009760194694,-8.841618017148889,150.2917517630162
1493,2026-08-04 13:23:30.995975-07:00,13.271033282294608,-11.434364424874651,2.6994009760194504,-6.171618017148939,153.84986042189152
1494,2026-08-04 13:23:31.055814-07:00,14.653530580176545,-11.314364424874643,2.8294009760194694,-8.871618017148863,150.3359817475745
1495,2026-08-04 13:23:31.115654-07:00,14.635387298706538,-11.314364424874643,2.8294009760194694,-8.841618017148889,150.31590820244497
1496,2026-08-04 13:23:31.175494-07:00,14.645810703940965,-11.304364424874647,2.8294009760194694,-8.871618017148863,150.28683220703462
1497,2026-08-04 13:23:31.235333-07:00,14.641190547633686,-11.324364424874652,2.8194009760194594,-8.841618017148889,150.30693492037923
1498,2026-08-04 13:23:31.280718-07:00,14.647478489618104,-11.314364424874643,2.8294009760194694,-8.861618017148798,150.30733541777605
1499,2026-08-04 13:23:31.340557-07:00,13.24989624855891,-11.434364424874651,2.7094009760194604,-6.121618017148833,153.9298401222629
1500,2026-08-04 13:23:31.400396-07:00,14.323269617961689,-11.294361558127422,2.7095113252316727,-8.38164649228057,150.296228156051
1501,2026-08-04 13:23:31.445276-07:00,14.649196041527704,-11.324361558127425,2.8295113252316817,-8.85164649228054,150.31699129000802
1502,2026-08-04 13:23:31.505115-07:00,14.311575269310188,-11.294361558127422,2.7095113252316727,-8.361646492280439,150.2727995563432
1503,2026-08-04 13:23:31.564954-07:00,13.261777414925369,-11.434361558127422,2.6995113252316627,-6.151646492280616,153.8953521637696
1504,2026-08-04 13:23:31.624794-07:00,14.319468353269732,-11.304361558127418,2.7095113252316727,-8.361646492280439,150.28734148195113
1505,2026-08-04 13:23:31.684633-07:00,13.261777414925369,-11.434361558127422,2.6995113252316627,-6.151646492280616,153.88970275558046
1506,2026-08-04 13:23:31.729512-07:00,14.639304330474683,-11.324361558127425,2.8095113252316617,-8.841646492280475,150.30991450338314
1507,2026-08-04 13:23:31.789858-07:00,12.899724708093569,-11.51436155812742,2.679511325231698,-5.161646492280569,155.32204454106622
1508,2026-08-04 13:23:31.849697-07:00,14.664929995595749,-11.364361558127422,2.749511325231657,-8.85164649228054,150.31146821464472
1509,2026-08-04 13:23:31.894577-07:00,13.29167668358335,-11.444361558127419,2.6195113252316937,-6.231646492280474,153.85010461774453
1510,2026-08-04 13:23:31.954416-07:00,13.303924201861202,-11.474361558127422,2.5495113252316237,-6.231646492280474,153.79531644227714
1511,2026-08-04 13:23:32.014255-07:00,13.293966643857729,-11.414361558127418,2.4695113252316547,-6.351646492280372,153.69415051453637
1512,2026-08-04 13:23:32.074095-07:00,13.309095335020174,-11.434361558127422,2.5095113252316947,-6.331646492280463,153.71811589678612
1513,2026-08-04 13:23:32.133934-07:00,14.250570314679976,-11.234364424874647,2.539400976019457,-8.39161801714905,150.28258660016454
1514,2026-08-04 13:23:32.178813-07:00,13.310005529922138,-11.424364424874641,2.5094009760194824,-6.351618017148786,153.704380044542
1515,2026-08-04 13:23:32.238653-07:00,14.653649640097159,-11.2534436372628,2.620705998751638,-9.012289062484413,150.28094369020855
1516,2026-08-04 13:23:32.298492-07:00,14.657797361407509,-11.234356556412264,2.5893473503200704,-9.051825039784633,150.31159526172866
1517,2026-08-04 13:23:32.344369-07:00,13.304429967732705,-11.334356556412267,2.3693473503200724,-6.551825039784687,153.6383709477734
1518,2026-08-04 13:23:32.403211-07:00,14.255233661519316,-11.234356556412264,2.2493473503200634,-8.481825039784674,150.28122760601295
1519,2026-08-04 13:23:32.463050-07:00,12.855411128032113,-11.542600980599962,0.038835227839595365,-5.659368312670887,155.42417384981508
1520,2026-08-04 13:23:32.522889-07:00,16.398158056013212,-11.342600980599956,-3.7311647721603447,-11.239368312671028,150.42630063571306
1521,2026-08-04 13:23:32.582729-07:00,22.08732773353798,-11.38260098059997,-9.79116477216041,-16.19936831267088,150.59223893377614
1522,2026-08-04 13:23:32.627608-07:00,29.85755614963109,-11.352600980599966,-17.331164772160403,-21.499368312670963,150.7695365275065
1524,2026-08-04 13:23:32.747288-07:00,23.700342760300195,-11.564553190757845,-10.534615331042774,-17.80419153684898,150.63729537408534
1525,2026-08-04 13:23:32.807684-07:00,40.28663331566778,-11.494553190757845,-24.364615331042756,-29.95419153684886,151.0660775717837
1526,2026-08-04 13:23:32.867522-07:00,48.53999018522181,-11.524557382368641,-30.844586764081416,-35.664081253762525,151.28726431754376
1531,2026-08-04 13:23:33.136802-07:00,38.417770142161196,-11.984486876015152,-18.765101808240953,-31.307636307152052,151.34437531300443
1532,2026-08-04 13:23:33.196645-07:00,16.29384837984305,-12.614900257952227,5.650860025378263,-8.62679358051488,150.64159508532813
1533,2026-08-04 13:23:33.256484-07:00,20.503428479373028,-12.554900257952223,-1.5391399746217393,-16.13679358051523,150.80552132872907
1534,2026-08-04 13:23:33.316828-07:00,23.66099621574911,-12.524900257952234,-4.9791399746217655,-19.446793580515155,150.79437914223251
1535,2026-08-04 13:23:33.361707-07:00,27.162891538773923,-12.504896066341448,-8.389168541583086,-22.606903863601204,150.69279987215566
1536,2026-08-04 13:23:33.421548-07:00,15.54918025847772,-12.983745450731318,3.019700770872241,-8.005046410586303,150.12719942997242
1537,2026-08-04 13:23:33.481386-07:00,17.200275589355005,-12.95374545073133,-0.1402992291277827,-11.315046410586449,150.09487595327914
1538,2026-08-04 13:23:33.526266-07:00,19.349173065244333,-12.933745450731324,-3.0002992291277564,-14.075046410586323,150.09491125362183
1540,2026-08-04 13:23:33.645944-07:00,25.34639765175571,-13.353741259120547,-7.310327796089116,-20.265156693672903,146.02593006740324
1541,2026-08-04 13:23:33.705784-07:00,15.648483972154994,-13.219212084518011,1.3226313289139147,-8.269106896098277,149.8694941344935
1542,2026-08-04 13:23:33.765623-07:00,15.980404191364709,-13.229208407666434,0.5226062701758627,-8.949203635647551,149.89954451409034
1543,2026-08-04 13:23:33.825462-07:00,16.192174034063175,-13.26921208451802,0.11263132891389804,-9.279106896098233,149.86137611557658
1544,2026-08-04 13:23:33.885302-07:00,16.217880450011837,-13.349212084518017,0.1026313289139158,-9.209106896097996,149.89965779672866
1545,2026-08-04 13:23:33.945141-07:00,15.156858477497632,-13.454301620914642,2.7451226750602187,-6.4168861840627756,149.7960725524429
1546,2026-08-04 13:23:34.004980-07:00,15.225934987580443,-13.55430162091463,2.705122675060234,-6.386886184062801,149.83505754745866
1547,2026-08-04 13:23:34.064820-07:00,15.234837783135234,-13.56430162091464,2.705122675060234,-6.386886184062801,149.8165488875692
1548,2026-08-04 13:23:34.109700-07:00,15.225252541834445,-13.574301620914635,2.695122675060224,-6.346886184062761,149.82035111747498
1549,2026-08-04 13:23:34.169538-07:00,15.865161891694942,-13.522967219713452,5.282862331028953,-6.397193526511469,149.78757158947477
1552,2026-08-04 13:23:34.349563-07:00,15.872994566597274,-13.532966704954214,5.29285882280564,-6.387207070048362,149.75639254571576
1553,2026-08-04 13:23:34.394902-07:00,15.865165745811494,-13.522966704954218,5.282858822805631,-6.397207070048205,149.78815186093487
1554,2026-08-04 13:23:34.454741-07:00,15.872532421133322,-13.522966704954218,5.29285882280564,-6.407207070048271,149.76582373209484
1555,2026-08-04 13:23:34.514974-07:00,15.872532421133322,-13.522966704954218,5.29285882280564,-6.407207070048271,149.76013432558537
1556,2026-08-04 13:23:34.559853-07:00,15.881053012757919,-13.532966704954214,5.29285882280564,-6.407207070048271,149.79989628071448
1557,2026-08-04 13:23:34.620340-07:00,15.880616289764358,-13.522966704954218,5.29285882280564,-6.42720707004818,149.76031615140795
1558,2026-08-04 13:23:34.679889-07:00,15.873690291679795,-13.532966704954214,5.282858822805631,-6.397207070048205,149.81789986309875
1559,2026-08-04 13:23:34.739728-07:00,15.881336867772648,-13.522966704954218,5.282858822805631,-6.437207070048245,149.76600556959477
1560,2026-08-04 13:23:34.799567-07:00,15.877722998514969,-13.532966704954214,5.282858822805631,-6.407207070048271,149.8120271397338
1561,2026-08-04 13:23:34.859407-07:00,15.877286183925543,-13.522966704954218,5.282858822805631,-6.42720707004818,149.74122855235981
1562,2026-08-04 13:23:34.919246-07:00,15.88913254639246,-13.532966704954214,5.29285882280564,-6.42720707004818,149.78436934567966
1563,2026-08-04 13:23:34.978841-07:00,15.872532421133322,-13.522966704954218,5.29285882280564,-6.407207070048271,149.76924646897518
1564,2026-08-04 13:23:35.038680-07:00,15.872994566597274,-13.532966704954214,5.29285882280564,-6.387207070048362,149.79704337516753
1565,2026-08-04 13:23:35.099025-07:00,15.876571720662184,-13.522966704954218,5.29285882280564,-6.417207070048336,149.78264305870476
1566,2026-08-04 13:23:35.159862-07:00,15.876571720662184,-13.522966704954218,5.29285882280564,-6.417207070048336,149.80295632844238
1567,2026-08-04 13:23:35.218704-07:00,15.888721220587033,-13.522966704954218,5.29285882280564,-6.447207070048311,149.79913721714027
1568,2026-08-04 13:23:35.278544-07:00,15.860446180222226,-13.522966704954218,5.29285882280564,-6.377207070048296,149.76391898139588
1569,2026-08-04 13:23:35.338383-07:00,15.881053012757919,-13.532966704954214,5.29285882280564,-6.407207070048271,149.8030983121065
1570,2026-08-04 13:23:35.398222-07:00,15.881053012757919,-13.532966704954214,5.29285882280564,-6.407207070048271,149.8123887792978
1571,2026-08-04 13:23:35.443102-07:00,15.880211040519374,-13.512966704954207,5.29285882280564,-6.447207070048311,149.79704337516753
1572,2026-08-04 13:23:35.502974-07:00,15.88913254639246,-13.532966704954214,5.29285882280564,-6.42720707004818,149.8025535757767
1573,2026-08-04 13:23:35.562780-07:00,15.88913254639246,-13.532966704954214,5.29285882280564,-6.42720707004818,149.76013432558537
1574,2026-08-04 13:23:35.622620-07:00,15.868055024710205,-13.512966704954207,5.29285882280564,-6.417207070048336,149.79722494222162
1575,2026-08-04 13:23:35.682460-07:00,15.872994566597274,-13.532966704954214,5.29285882280564,-6.387207070048362,149.7879709242893
1576,2026-08-04 13:23:35.742298-07:00,15.872532421133322,-13.522966704954218,5.29285882280564,-6.407207070048271,149.78364499288932
1577,2026-08-04 13:23:35.802138-07:00,15.864469646891058,-13.522966704954218,5.29285882280564,-6.387207070048362,149.75408272064325
1578,2026-08-04 13:23:35.861977-07:00,15.872532421133322,-13.522966704954218,5.29285882280564,-6.407207070048271,149.77096995067728
1579,2026-08-04 13:23:35.921817-07:00,15.872532421133322,-13.522966704954218,5.29285882280564,-6.407207070048271,149.77475564068877
1580,2026-08-04 13:23:35.981656-07:00,15.875869822985583,-13.522966704954218,5.302858822805623,-6.407207070048271,149.76942706941298
1581,2026-08-04 13:23:36.041494-07:00,15.864013556658008,-13.512966704954207,5.29285882280564,-6.407207070048271,149.78173998410492
1582,2026-08-04 13:23:36.101841-07:00,15.876571720662184,-13.522966704954218,5.29285882280564,-6.417207070048336,149.77529747758234
1583,2026-08-04 13:23:36.161681-07:00,15.884666124414792,-13.522966704954218,5.29285882280564,-6.437207070048245,149.76564220472412
1584,2026-08-04 13:23:36.221519-07:00,15.880616289764358,-13.522966704954218,5.29285882280564,-6.42720707004818,149.80482960421557
1585,2026-08-04 13:23:36.281359-07:00,15.872532421133322,-13.522966704954218,5.29285882280564,-6.407207070048271,149.7359033548355
1586,2026-08-04 13:23:36.341202-07:00,15.876571720662184,-13.522966704954218,5.29285882280564,-6.417207070048336,149.77547870993925
1587,2026-08-04 13:23:36.401039-07:00,15.880616289764358,-13.522966704954218,5.29285882280564,-6.42720707004818,149.79722494222162
1588,2026-08-04 13:23:36.460879-07:00,15.877722998514969,-13.532966704954214,5.282858822805631,-6.407207070048271,149.80806456074052
1589,2026-08-04 13:23:36.520720-07:00,15.865640711719417,-13.532966704954214,5.282858822805631,-6.377207070048296,149.78987872430952
1590,2026-08-04 13:23:36.580560-07:00,15.873240766298293,-13.522966704954218,5.282858822805631,-6.417207070048336,149.7804062386431
1591,2026-08-04 13:23:36.625945-07:00,15.860446180222226,-13.522966704954218,5.29285882280564,-6.377207070048296,149.77262620565273
1592,2026-08-04 13:23:36.685784-07:00,15.86920061891815,-13.522966704954218,5.282858822805631,-6.407207070048271,149.8086084032594
1593,2026-08-04 13:23:36.746131-07:00,15.881760977894517,-13.532966704954214,5.282858822805631,-6.417207070048336,149.7633772156635
1594,2026-08-04 13:23:36.791539-07:00,15.873240766298293,-13.522966704954218,5.282858822805631,-6.417207070048336,149.76564220472412
1595,2026-08-04 13:23:36.851353-07:00,15.872994566597274,-13.532966704954214,5.29285882280564,-6.387207070048362,149.7728074252762
1596,2026-08-04 13:23:36.911700-07:00,15.86920061891815,-13.522966704954218,5.282858822805631,-6.407207070048271,149.7393287414234
1597,2026-08-04 13:23:36.956580-07:00,15.86920061891815,-13.522966704954218,5.282858822805631,-6.407207070048271,149.77475564068877
1598,2026-08-04 13:23:37.016418-07:00,15.868055024710205,-13.512966704954207,5.29285882280564,-6.417207070048336,149.76924646897518
1599,2026-08-04 13:23:37.076258-07:00,15.863731337450247,-13.532966704954214,5.252858822805628,-6.397207070048205,149.7970860131222
1600,2026-08-04 13:23:37.136098-07:00,15.886247100925697,-13.54296670495421,5.282858822805631,-6.407207070048271,149.75480935678408
1601,2026-08-04 13:23:37.195936-07:00,15.886530863134265,-13.532966704954214,5.27285882280562,-6.437207070048245,149.78833310744182
1602,2026-08-04 13:23:37.240816-07:00,15.878191290851404,-13.54296670495421,5.282858822805631,-6.387207070048362,149.79384239659612
1603,2026-08-04 13:23:37.300656-07:00,15.869437819072568,-13.522217970731596,5.259740396733992,-6.4283597289198635,149.79653776821303
1604,2026-08-04 13:23:37.360495-07:00,15.797045450554238,-13.492963028102642,5.052833764067621,-6.4773038095977675,149.77290782954486
1605,2026-08-04 13:23:37.420334-07:00,15.925674047235962,-13.582963028102649,5.322833764067641,-6.387303809597844,149.78447008324352
1606,2026-08-04 13:23:37.480174-07:00,15.862502247254113,-13.492963028102642,5.302833764067621,-6.4373038095977275,149.7973255420306
1607,2026-08-04 13:23:37.540012-07:00,15.883612439980027,-13.542110201532994,5.299685256745123,-6.388562562303246,149.77505227855917
1608,2026-08-04 13:23:37.599852-07:00,15.873705936300858,-13.522963028102645,5.222833764067652,-6.467303809597702,149.76401918450384
1609,2026-08-04 13:23:37.659691-07:00,15.837653176157977,-13.472963028102637,5.19283376406765,-6.507303809597742,149.79696182497136
1610,2026-08-04 13:23:37.719531-07:00,15.846160966897601,-13.482963028102645,5.19283376406765,-6.507303809597742,149.80625366762504
1611,2026-08-04 13:23:37.779370-07:00,15.855863938456807,-13.472963028102637,5.17283376406763,-6.567303809597691,149.83085468113208
1613,2026-08-04 13:23:37.884088-07:00,15.834841142558863,-13.442736018292974,5.122626474534791,-6.617683911683825,149.80843589990042
1614,2026-08-04 13:23:37.943930-07:00,15.445033058161162,-13.423269344691333,3.823719929479746,-6.6139286485764615,149.8105621381203
1615,2026-08-04 13:23:37.988810-07:00,15.589302485101706,-13.523264342976182,3.453555954568144,-6.944107196080296,149.82996907732254
1616,2026-08-04 13:23:38.048650-07:00,19.216248815121446,-13.523264342976182,-2.13644404543184,-13.484107196080286,149.90917997971053
1617,2026-08-04 13:23:38.108489-07:00,25.18684667827463,-13.373264342976185,-7.166444045431847,-20.104107196080356,150.10192339430472
1618,2026-08-04 13:23:38.168328-07:00,17.62317276471189,-13.688161542514093,0.3332834292781306,-11.0950157294476,149.82889100563855
1622,2026-08-04 13:23:38.393234-07:00,44.68986077095972,-12.978062156537115,-12.036714576788023,-41.03499799665844,150.5735837648272
1629,2026-08-04 13:23:38.783262-07:00,22.135761645830982,-13.506239405537634,17.371076263194784,-2.412291487282392,149.38910919754804
1630,2026-08-04 13:23:38.843101-07:00,27.12076119092216,-13.416335762064858,23.541167558592228,-1.1623477417941341,149.2503365772071
1640,2026-08-04 13:23:39.396615-07:00,15.310889263168102,-13.798446867170105,-0.302161711063037,-6.628340092605933,149.81808962012596
1641,2026-08-04 13:23:39.456454-07:00,17.058443735252023,-13.728446867170105,-2.9421617110630125,-9.688340092606218,149.78954919697767
1642,2026-08-04 13:23:39.516294-07:00,19.714892909528167,-13.638446867170112,-5.982161711063028,-12.918340092606062,149.82984566073137
1643,2026-08-04 13:23:39.576134-07:00,22.82031443737818,-13.628446867170101,-9.192161711063019,-15.82834009260603,149.86124176529307
1644,2026-08-04 13:23:39.621012-07:00,26.307765905521624,-13.598446867170114,-12.522161711063017,-18.71834009260609,149.90728272522696
1645,2026-08-04 13:23:39.680852-07:00,16.112600983389772,-13.964526049102421,-2.4068560171003064,-7.66909165330687,149.78800026650666
1646,2026-08-04 13:23:39.740694-07:00,18.24792030785814,-13.954526049102412,-5.636856017100317,-10.319091653306689,149.83133385994765
1647,2026-08-04 13:23:39.800534-07:00,23.981751027112548,-13.93452604910242,-11.8368560171003,-15.519091653306782,149.860398627474
1648,2026-08-04 13:23:39.860878-07:00,27.251195873848264,-13.904526049102417,-14.81685601710031,-18.15909165330676,149.90324084039867
1649,2026-08-04 13:23:39.920717-07:00,15.552363778501078,-14.206386375068561,3.370131344170038,-5.356941289965889,149.94960793133575
1650,2026-08-04 13:23:39.980556-07:00,16.328371014403018,-14.196386375068565,0.5701313441700273,-8.04694128996597,150.00041735292197
1651,2026-08-04 13:23:40.040900-07:00,18.003883204132084,-14.166386375068562,-2.2198686558299596,-10.886941289965923,150.04237070449597
1652,2026-08-04 13:23:40.086777-07:00,20.273026249744717,-14.156386375068566,-4.989868655829954,-13.626941289965888,150.16662717933193
1654,2026-08-04 13:23:40.205458-07:00,16.620593351012246,-14.536522630169275,4.83571867665264,-6.445886908918119,150.44993266463868
1655,2026-08-04 13:23:40.265299-07:00,17.292112163233643,-14.516522630169268,2.5057186766526405,-9.055886908917898,150.43514996577136
1656,2026-08-04 13:23:40.325137-07:00,18.575095639970677,-14.476522630169269,0.2657186766526348,-11.635886908918147,150.4686637975204
1657,2026-08-04 13:23:40.370016-07:00,20.331048325575864,-14.446522630169268,-1.9942813233473633,-14.165886908918068,150.52228495288784
1658,2026-08-04 13:23:40.429856-07:00,15.663483172924455,-14.826038417293407,1.7749898591270101,-4.731035928570382,150.62165936552285
1659,2026-08-04 13:23:40.489695-07:00,16.496898994694643,-14.776038417293414,-0.715010140872982,-7.301035928570343,150.66576484364398
1660,2026-08-04 13:23:40.549534-07:00,20.106331403772337,-14.706038417293414,-5.7850101408729735,-12.431035928570422,150.6089458424045
1661,2026-08-04 13:23:40.609374-07:00,22.52354840347893,-14.666038417293414,-8.215010140872975,-14.991035928570318,150.66222193237869
1662,2026-08-04 13:23:40.654253-07:00,16.050646691498695,-15.031609135191498,4.52909688413497,-3.3408483108732234,150.67310569801305
1665,2026-08-04 13:23:40.818811-07:00,18.1045022536485,-15.191447191977014,0.5893422733582315,-9.830849899707061,150.4455601663926
1666,2026-08-04 13:23:40.878650-07:00,17.947596630019273,-14.911848069936145,0.6205587815696079,-9.968345837281012,150.5243992088345
1667,2026-08-04 13:23:40.938723-07:00,15.656772333859152,-15.279379006342687,2.0678838116035685,-2.720101769518868,150.63462818976154
1668,2026-08-04 13:23:40.998563-07:00,15.393738119402144,-15.029538595175168,1.9874924897600872,-2.670209075713359,150.62460757779385
1669,2026-08-04 13:23:41.058569-07:00,15.90786789179572,-15.599534918323569,1.8474674310220707,-2.510305815262681,150.65115976440825
1670,2026-08-04 13:23:41.103448-07:00,15.604380148358711,-15.239650555984516,1.5775761967102842,-2.959895959243397,150.69191388327414
1671,2026-08-04 13:23:41.163794-07:00,15.967592738581702,-15.58414485545362,3.2100306452910177,-1.3394589376827248,150.65988537991927
1672,2026-08-04 13:23:41.223692-07:00,15.695204890424455,-15.25414117860205,3.340005586552994,-1.579555677232003,150.68080945335342
1673,2026-08-04 13:23:41.268543-07:00,15.831037816209964,-15.41414537021285,3.2500341535143527,-1.5694453941459408,150.5818057919877
1674,2026-08-04 13:23:41.328348-07:00,15.883987708790372,-15.518205191721272,2.6594838635035227,-2.1008376282813934,150.66999599687978
1675,2026-08-04 13:23:41.388187-07:00,15.665262749638233,-15.27810345375627,2.679599714872902,-2.1908348270869293,150.68772533651781
1676,2026-08-04 13:23:41.448026-07:00,15.62780889381409,-15.20821837011399,2.789608457609574,-2.2708125157606673,150.6816365850169
1677,2026-08-04 13:23:41.507865-07:00,15.845597158078196,-15.478222561724792,2.639637024570929,-2.1307022326744196,150.66083507011678
1678,2026-08-04 13:23:41.552746-07:00,15.68406236271554,-15.298120309000588,2.6997493677169833,-2.160712975016743,150.65832178228678
1679,2026-08-04 13:23:41.612584-07:00,15.640916967125028,-15.238116632149023,2.73972430897898,-2.2208097145663963,150.59936604875475
1681,2026-08-04 13:23:41.732769-07:00,15.596404628620842,-15.208222046965563,2.4396335163476,-2.450715776211032,150.6796703012328
1682,2026-08-04 13:23:41.792608-07:00,15.561005840662439,-15.168321432942555,2.5296315224137556,-2.3807335090002546,150.6658582417766
1683,2026-08-04 13:23:41.852449-07:00,15.572331169951392,-15.178856712369363,2.5687224738061425,-2.3455216529724154,150.75721265637202
1684,2026-08-04 13:23:41.912287-07:00,15.716137289843578,-15.361357699954976,2.4430004301664727,-2.248868565624118,150.72228130703954
1685,2026-08-04 13:23:41.972131-07:00,15.750528754142747,-15.40604184549138,2.4188268166756846,-2.209594424544159,150.63299261347765
1686,2026-08-04 13:23:42.017006-07:00,15.855768746448708,-15.520424428794824,2.4321369537989304,-2.1462846803008695,150.60788561536896
1687,2026-08-04 13:23:42.076845-07:00,15.902352131949279,-15.587090921112475,2.3646303776840294,-2.082287953770745,150.557141570954
1688,2026-08-04 13:23:42.136684-07:00,16.01627223012575,-15.727031506380468,2.1840863397872,-2.1002911719969486,150.2627999694243
1690,2026-08-04 13:23:42.256364-07:00,16.278377802887537,-16.04280145875586,1.8750957004360496,-2.0243817235612305,150.85711304259553
1692,2026-08-04 13:23:42.361082-07:00,16.543259508373445,-16.343571413201254,1.4932348891855822,-2.0826325140788082,150.59393205995937
1693,2026-08-04 13:23:42.420924-07:00,16.627163562956735,-16.43716922336902,1.3794285216388174,-2.092656929679526,150.60416620025563
1695,2026-08-04 13:23:42.540601-07:00,16.775957067474778,-16.612620671226626,1.167220098633584,-2.0226633939033345,150.25619132928247
1696,2026-08-04 13:23:42.585479-07:00,16.8480666364922,-16.684026370513543,0.9969805234762152,-2.122885604901814,150.50621790237406
1697,2026-08-04 13:23:42.645826-07:00,16.976639339673564,-16.826653910684414,0.7351007463124587,-2.128292351198935,150.90070612385298
1698,2026-08-04 13:23:42.705664-07:00,17.132305893304057,-16.99062454478996,0.58384945556271,-2.119835515543844,150.745453513213
1699,2026-08-04 13:23:42.765505-07:00,17.192638112518015,-17.046224861768362,0.42340398310800054,-2.1985796090033816,150.67608925554558
1700,2026-08-04 13:23:42.825343-07:00,17.288771176999433,-17.150223305355816,0.2574226594154183,-2.1691433704336127,150.46394838606656
1701,2026-08-04 13:23:42.885764-07:00,17.359133943869097,-17.226853687100128,0.17066257957128184,-2.1321157586695616,150.49526895894545
1702,2026-08-04 13:23:42.945604-07:00,17.480381019242284,-17.334835756531607,-0.13821931060500892,-2.2467944485722313,150.938446204961
1704,2026-08-04 13:23:43.051322-07:00,17.50613618057048,-17.367636421056527,-0.2649782133031936,-2.181695594060784,150.83715616282046
1707,2026-08-04 13:23:43.230360-07:00,17.644209937441683,-17.497752866987042,-0.5843396309274523,-2.192107688524958,150.69856385137217
1709,2026-08-04 13:23:43.335065-07:00,17.748239978721823,-17.631383763718368,-0.7637062451751608,-1.8844313969652582,150.6845389627951
1710,2026-08-04 13:23:43.394904-07:00,17.67180013070392,-17.532156514489735,-1.0412466218538141,-1.9575017965407504,150.88907492868753
1712,2026-08-04 13:23:43.499623-07:00,17.57188175747281,-17.445537774167242,-1.072539218681029,-1.8093921335908814,150.7513680089411
1713,2026-08-04 13:23:43.559462-07:00,17.573056310885498,-17.467483209285138,-1.0301317872094677,-1.6242434977167264,150.80355341399812
1714,2026-08-04 13:23:43.619301-07:00,17.57622103057407,-17.478029908176456,-1.0761426241953505,-1.5112687705611805,150.92374670885306
1715,2026-08-04 13:23:43.679140-07:00,17.516385756979066,-17.418959092010468,-1.064949295878026,-1.5064916645550763,150.83324476858834
1716,2026-08-04 13:23:43.738980-07:00,17.490786182562367,-17.391242977448318,-1.092842707042213,-1.5092924836273003,150.86218012274117
1717,2026-08-04 13:23:43.783860-07:00,17.55395637923602,-17.44228211020245,-1.1949740053105173,-1.5748703054108137,150.76465932265867
1718,2026-08-04 13:23:43.843699-07:00,17.598231953894743,-17.476177424890395,-1.3321555877801732,-1.5831462367006388,150.87591899580977
1721,2026-08-04 13:23:44.023217-07:00,17.73819752850472,-17.59753883970397,-1.5529102398322836,-1.599608743532377,150.82329450860874
1722,2026-08-04 13:23:44.083056-07:00,17.839082545451124,-17.698374614438627,-1.5667189563589172,-1.595554380834141,150.79591867244898
1723,2026-08-04 13:23:44.142895-07:00,17.98099910028834,-17.848491006562174,-1.6167556099498799,-1.4607527959702438,150.85896315345124
1724,2026-08-04 13:23:44.202734-07:00,17.988592496760074,-17.858493298177986,-1.617174542301647,-1.4312315092801509,150.84309718746246
1726,2026-08-04 13:23:44.322523-07:00,18.038459999961617,-17.918472928784652,-1.577332194002787,-1.3514400543084282,150.83284320792836
1727,2026-08-04 13:23:44.367908-07:00,18.08052819705295,-17.95916563276094,-1.597365106126278,-1.3499238412648662,150.89338130924142
1728,2026-08-04 13:23:44.427747-07:00,18.050891599991726,-17.928457913163165,-1.597339422449967,-1.361466554887114,150.89272657915063
1729,2026-08-04 13:23:44.487586-07:00,18.070147038622345,-17.948457913163157,-1.607339422449963,-1.3414665548872051,150.89252354535842
1730,2026-08-04 13:23:44.532466-07:00,18.068091072538866,-17.94901081723249,-1.5689074971141082,-1.3518339224656284,150.85788610592405
1738,2026-08-04 13:23:44.982316-07:00,18.058445427618366,-17.938457913163163,-1.587339422449957,-1.3414665548872051,150.83135105142713
1743,2026-08-04 13:23:45.282018-07:00,18.06617647503867,-17.948457913163157,-1.587339422449957,-1.3114665548872306,150.89874477887474
1744,2026-08-04 13:23:45.341858-07:00,18.058461370263434,-17.937890670934056,-1.5857580081286848,-1.351102097759238,150.8491445914283
1747,2026-08-04 13:23:45.521376-07:00,18.06835349301493,-17.94901081723249,-1.5889074971141004,-1.3318339224657194,150.92520894493717
1748,2026-08-04 13:23:45.581214-07:00,18.058445427618366,-17.938457913163163,-1.587339422449957,-1.3414665548872051,150.92129558532832
1749,2026-08-04 13:23:45.641054-07:00,18.05906595414107,-17.938457913163163,-1.577339422449961,-1.361466554887114,150.89248181211724
1750,2026-08-04 13:23:45.700894-07:00,18.05785256857869,-17.938457913163163,-1.597339422449967,-1.321466554887074,150.84759152363563
1751,2026-08-04 13:23:45.760732-07:00,18.067639333610686,-17.948457913163157,-1.587339422449957,-1.3314665548871396,150.91368791927982
1752,2026-08-04 13:23:45.820571-07:00,18.05682904451177,-17.938457913163163,-1.577339422449961,-1.3314665548871396,150.8763993598802
1753,2026-08-04 13:23:45.865452-07:00,18.066905151639503,-17.948457913163157,-1.587339422449957,-1.321466554887074,150.91605331455764
1754,2026-08-04 13:23:45.925291-07:00,18.06926028394585,-17.948457913163157,-1.597339422449967,-1.3414665548872051,150.89882995198687
1755,2026-08-04 13:23:45.985635-07:00,18.056241670651662,-17.938457913163163,-1.587339422449957,-1.3114665548872306,150.82500777193212
1773,2026-08-04 13:23:46.989462-07:00,18.07010742345467,-17.948564520200687,-1.5974061387537264,-1.3513354828673663,150.86118999227824
1774,2026-08-04 13:23:47.049300-07:00,18.16086000912281,-18.038564520200694,-1.6374061387537249,-1.3213354828673918,150.9125509165741
1775,2026-08-04 13:23:47.109139-07:00,18.045125464548985,-17.91856819705226,-1.6173810800157034,-1.391238743317924,150.92816496657915
1776,2026-08-04 13:23:47.168979-07:00,18.154945040445632,-18.02856819705226,-1.6573810800157018,-1.351238743317884,150.90036339773363
1777,2026-08-04 13:23:47.213858-07:00,18.104977959346673,-17.978568197052265,-1.6373810800157096,-1.371238743318015,150.87679621050435
1778,2026-08-04 13:23:47.273697-07:00,18.11624220845933,-17.978568197052265,-1.7173810800157063,-1.4212387433181206,150.90785129535203
1779,2026-08-04 13:23:47.333538-07:00,18.134151216061134,-17.98856819705226,-1.7673810800157148,-1.4612387433181606,150.88542315920694
1780,2026-08-04 13:23:47.378416-07:00,18.09760567378841,-17.94856819705226,-1.7573810800157048,-1.511238743318044,150.83300536215546
1781,2026-08-04 13:23:47.438256-07:00,17.969408502369188,-17.83923166316598,-1.5889860387854893,-1.4617041292475097,150.87332595229398
1782,2026-08-04 13:23:47.498094-07:00,17.90795537097943,-17.778580697983244,-1.5372770540139358,-1.5012372209251001,150.8412179699859
1783,2026-08-04 13:23:47.557935-07:00,17.93274305766784,-17.788598875697115,-1.6372482750520723,-1.5711275243341927,150.88031980620332
1784,2026-08-04 13:23:47.617774-07:00,17.951673074839913,-17.79849697502957,-1.6971494835636287,-1.6111347697307377,150.8584142068862
1785,2026-08-04 13:23:47.663171-07:00,18.04628179865763,-17.788558847078445,-2.146880365413037,-2.150898788226163,150.8620813294649
1786,2026-08-04 13:23:47.723010-07:00,18.535135729780347,-17.818558847078446,-3.5768803654130377,-3.6408987882259325,150.86811127624605
1787,2026-08-04 13:23:47.782850-07:00,19.54677451512062,-17.768558847078438,-5.64688036541304,-5.870898788225887,150.94050192295055
1791,2026-08-04 13:23:48.007246-07:00,20.13309780583654,-18.16350422523594,-8.68159804232424,0.24206807044380163,150.5573596899502
1792,2026-08-04 13:23:48.067086-07:00,18.637921787771088,-17.946680093792857,-3.988067441975926,-3.0633511480702147,150.59625551816688
1793,2026-08-04 13:23:48.111965-07:00,19.09046756370631,-18.046680093792858,-6.088067441975924,-1.303351148070231,150.5775846617992
1794,2026-08-04 13:23:48.171814-07:00,19.97189192078619,-18.14668009379286,-8.32806744197593,0.4666488519295964,150.39467603844366
1795,2026-08-04 13:23:48.231666-07:00,20.9555303165584,-18.28668009379286,-9.678067441975926,3.326648851929459,150.23689054155923
1797,2026-08-04 13:23:48.351322-07:00,18.184828462267774,-17.9782084776169,-1.5696573071189643,2.237896797364858,150.42435718662605
1798,2026-08-04 13:23:48.398197-07:00,19.816350688017398,-18.148094076018403,0.08033745836769773,7.9578880295752,150.38099124706386
1801,2026-08-04 13:23:48.561387-07:00,17.90540763434076,-17.61140538363308,-1.7076954762148961,-2.7433189981778128,150.66434698029957
1802,2026-08-04 13:23:48.621227-07:00,17.77263977047479,-17.721401706781506,-1.0577205349529064,0.8365842622728437,150.5727272291403
1803,2026-08-04 13:23:48.681067-07:00,18.345922866656686,-17.801398840034302,-0.007610185740671016,4.436555787141083,150.46498116131062
1807,2026-08-04 13:23:48.905464-07:00,18.605755073195823,-17.386080728750475,5.152647033129745,4.165158735162766,150.4938853195009
1808,2026-08-04 13:23:48.965336-07:00,20.039912279266836,-17.406095229612756,7.442650753353611,6.575171692204451,150.40979259178292
1809,2026-08-04 13:23:49.010181-07:00,21.2749014215109,-17.38609155276119,9.102625694615577,8.215074952654833,150.33820487895295
1810,2026-08-04 13:23:49.070022-07:00,17.46756045716983,-17.040862922490298,-1.0380497189825533,-3.694199772981799,150.7880272193039
1811,2026-08-04 13:23:49.129860-07:00,17.29057996315359,-17.010877423352568,0.5719540012412982,-3.0441868159405416,150.71826101678388
1812,2026-08-04 13:23:49.190048-07:00,18.64249200122704,-16.900877423352554,7.861954001241289,-0.30418681594057695,150.49001050563373
1813,2026-08-04 13:23:49.249882-07:00,21.145363208445616,-16.81087742335256,12.761954001241305,1.2858131840596254,150.26854879154536
1814,2026-08-04 13:23:49.295003-07:00,24.853574691010934,-16.720877423352558,18.151954001241297,2.9358131840595547,150.0362208129553
1815,2026-08-04 13:23:49.354843-07:00,17.32490805471881,-16.646920802940446,4.076623083511935,-2.532510833158863,150.09059425751744
1817,2026-08-04 13:23:49.475042-07:00,20.88631025011064,-16.49690916882539,12.796509014075848,-0.5824953150688206,149.7580508675439
1818,2026-08-04 13:23:49.534910-07:00,24.63985986254894,-16.356909168825386,18.41650901407585,0.6375046849311783,149.46926673737934
1819,2026-08-04 13:23:49.594720-07:00,16.886387249254323,-16.411247598454125,2.667190859976354,-2.9507828639991907,149.7372337056755
1820,2026-08-04 13:23:49.654560-07:00,18.32028355444757,-16.461250113144672,8.007094062421755,0.7392421141865224,149.44997608678213
1821,2026-08-04 13:23:49.714399-07:00,22.26177174703614,-16.5013523658689,14.116981719275667,4.899252856528813,149.17918245357768
1822,2026-08-04 13:23:49.760276-07:00,27.4336163820035,-16.491337865006617,20.066977999051826,8.829239899487362,149.0453946828853
1825,2026-08-04 13:23:49.939344-07:00,16.758586668905497,-15.990786514308187,4.434698200433823,-2.3406036965076815,149.47259566785493
1826,2026-08-04 13:23:49.999177-07:00,16.7120247434899,-16.030794382770566,4.124751826133199,-2.3003966738719406,149.4752571171951
1828,2026-08-04 13:23:50.103897-07:00,16.501191886643255,-15.929583105907863,0.975663935300547,-4.1935421348962,149.59511973975876
1829,2026-08-04 13:23:50.163736-07:00,16.712792590431757,-15.879583105907855,5.055663935300547,-1.2635421348961007,149.45711695386566
1830,2026-08-04 13:23:50.208615-07:00,19.60262251355,-15.919583105907853,11.075663935300545,2.856457865103801,149.31600742117945
1831,2026-08-04 13:23:50.268454-07:00,25.29921662500431,-15.949583105907855,18.015663935300548,7.816457865103876,149.37729041850875
1832,2026-08-04 13:23:50.328294-07:00,16.84633116826715,-15.505036467426237,2.2719125600217382,-6.183132805813507,150.31533229224934
1833,2026-08-04 13:23:50.388134-07:00,17.554450041146346,-15.525626169709136,7.862249538113569,-2.301886288672561,150.28168791790813
1834,2026-08-04 13:23:50.447972-07:00,17.250493816217233,-15.505286009263125,7.162194255358745,-2.422522677459238,150.35378275390403
1835,2026-08-04 13:23:50.493850-07:00,17.456504548711848,-15.535288876010329,7.612083906146511,-2.3324942023277284,150.3143684715227
1836,2026-08-04 13:23:50.552690-07:00,17.52885734631657,-15.655284684399543,7.532055339185134,-2.332604485414169,150.34513720444937
1837,2026-08-04 13:23:50.612529-07:00,16.67105660179698,-15.481134943373567,-0.20650861790369457,-6.181904502344571,150.5148385457843
1838,2026-08-04 13:23:50.672370-07:00,16.815078656769337,-15.691222695235485,-0.16662468127362495,-6.0419067170436325,150.50766948345648
1839,2026-08-04 13:23:50.732209-07:00,16.742848957058314,-15.581210546361191,-0.2667422589330559,-6.121904742490747,150.51198919643758
1840,2026-08-04 13:23:50.777088-07:00,16.85862949090716,-15.741206869509611,-0.20676731767105272,-6.0320014820398615,150.50022926929975
1841,2026-08-04 13:23:50.836927-07:00,16.742443289412577,-15.641104102026167,0.013341517251685975,-5.972025767919442,150.50076345775284
1842,2026-08-04 13:23:50.896766-07:00,16.730276536005398,-15.601114926036885,-0.016679821262466366,-6.042109550427277,150.4900432771896
1843,2026-08-04 13:23:50.956608-07:00,16.819477319556007,-15.681011348449125,-0.08670639429000926,-6.082202100724521,150.4942330187636
1844,2026-08-04 13:23:51.016445-07:00,16.808805599515914,-15.681004804850323,-0.10662110381576273,-6.05232731540517,150.53713791985032
1847,2026-08-04 13:23:51.195963-07:00,16.85281050396611,-15.75089703565173,-0.12667624380463538,-5.992530148788866,150.5255268610247
1848,2026-08-04 13:23:51.255802-07:00,16.861020516448743,-15.740797649674759,-0.09667424987080953,-6.0425124159997345,150.52391506569253
1849,2026-08-04 13:23:51.315642-07:00,16.871514268890667,-15.770793972823189,-0.1366993086087953,-5.992609155549111,150.49070001556802
1877,2026-08-04 13:23:52.962940-07:00,16.859880087248193,-15.750805606938242,-0.1265852391727218,-6.012624673639166,150.55637089051524
1878,2026-08-04 13:23:53.008325-07:00,16.862182521440204,-15.760805606938252,-0.13658523917270404,-5.992624673639035,150.5075332564822
1879,2026-08-04 13:23:53.068165-07:00,16.862104485549246,-15.760805606938252,-0.1265852391727218,-5.992624673639035,150.4958277007579
1880,2026-08-04 13:23:53.128511-07:00,16.849204701586665,-15.750805606938242,-0.1265852391727218,-5.982624673639192,150.5212438709716
1881,2026-08-04 13:23:53.173392-07:00,16.85283606026666,-15.750805606938242,-0.13658523917270404,-5.992624673639035,150.56821435743873
1882,2026-08-04 13:23:53.233347-07:00,16.86930064861346,-15.760805606938252,-0.13658523917270404,-6.012624673639166,150.51341880599662
1883,2026-08-04 13:23:53.293694-07:00,16.863448907321985,-15.750805606938242,-0.1265852391727218,-6.02262467363901,150.51522781983422
1884,2026-08-04 13:23:53.353530-07:00,16.876439475204926,-15.760805606938252,-0.13658523917270404,-6.032624673639075,150.50358616680475
1885,2026-08-04 13:23:53.413370-07:00,16.867980406824973,-15.770805606938248,-0.13658523917270404,-5.982624673639192,150.5250593672549
1895,2026-08-04 13:23:54.011764-07:00,16.899836408160454,-15.80069407208698,-0.1767008228983069,-5.992604966297055,150.47969705987586
1896,2026-08-04 13:23:54.056643-07:00,16.944178245403048,-15.850793972823185,-0.2566993086088043,-5.982609155549268,150.5005802717807
1897,2026-08-04 13:23:54.116482-07:00,16.913941159976428,-15.830797649674766,-0.18667424987081627,-5.952512415999811,150.4972222928232
1898,2026-08-04 13:23:54.176321-07:00,16.867385475175812,-15.780797649674758,-0.20667424987078076,-5.952512415999811,150.52645759756524
1899,2026-08-04 13:23:54.221200-07:00,16.898444409189963,-15.81079764967476,-0.15667424987081402,-5.9625124159996545,150.50698957627822
1900,2026-08-04 13:23:54.281041-07:00,16.90651859865045,-15.830797649674766,-0.14667424987080402,-5.93251241599968,150.495219535784
1901,2026-08-04 13:23:54.340880-07:00,16.840062715921537,-15.740797649674759,-0.15667424987081402,-5.982512415999786,150.5244517433843
1902,2026-08-04 13:23:54.401290-07:00,16.867548876395357,-15.800797649674763,-0.09667424987080953,-5.9025124159997056,150.48936774787182
1903,2026-08-04 13:23:54.461129-07:00,16.80649510031565,-15.720797649674752,-0.03667424987080503,-5.942512415999746,150.5266576552026
1904,2026-08-04 13:23:54.506009-07:00,16.811334349099745,-15.710797649674756,-0.03667424987080503,-5.982512415999786,150.50310797251234
1905,2026-08-04 13:23:54.565848-07:00,16.78331387954327,-15.680793972823182,-0.026699308608796324,-5.982609155549268,150.49655195971755
1906,2026-08-04 13:23:54.625687-07:00,16.749980695698575,-15.640793972823182,-0.12669930860881307,-5.992609155549111,150.5492036904807
1907,2026-08-04 13:23:54.670566-07:00,16.745535593329414,-15.620793972823192,-0.10669930860879306,-6.032609155549151,150.54150502016924
1908,2026-08-04 13:23:54.730977-07:00,16.689453589274603,-15.532716675751749,-1.243369316788534,-5.977173790466805,150.50724392914498
1912,2026-08-04 13:23:54.955745-07:00,16.33810087780894,-15.396425785715012,0.7711312529967151,-5.411928483367356,150.60378664384183
1913,2026-08-04 13:23:55.015585-07:00,16.651329115960575,-15.347004514516899,5.69949535814912,-3.041704525734046,150.59027912012763
1914,2026-08-04 13:23:55.075424-07:00,19.056560548885418,-15.286414151599953,11.37101718356065,-0.4219129652773823,150.4421091188662
1915,2026-08-04 13:23:55.120302-07:00,23.35039551391375,-15.10638331025256,17.620867318716037,2.5579657691476854,150.30799590722808
1916,2026-08-04 13:23:55.180142-07:00,36.21985907037183,-14.996454721629402,31.55060511072533,9.567855245915302,149.76647695233345
1917,2026-08-04 13:23:55.239981-07:00,17.41426413035855,-14.841162313482508,8.832863486684966,-2.2309233542070483,150.06188153953866
1918,2026-08-04 13:23:55.299821-07:00,22.53222332336954,-14.8411581218717,16.922834919723655,1.0289663627065515,149.89863739649977
1919,2026-08-04 13:23:55.359659-07:00,29.07730328283906,-14.721162313482514,24.752863486684983,4.009076645792975,149.69515266498794
1920,2026-08-04 13:23:55.404539-07:00,36.01097960050602,-14.611276715080987,32.23286872119835,6.6590854135824,149.5791190029619
1921,2026-08-04 13:23:55.464379-07:00,16.759924299460714,-14.341518105896455,3.964919565876357,-7.7133218380947,150.29852505264225
1923,2026-08-04 13:23:55.569097-07:00,23.27030089762299,-14.121446694519618,18.255181773867037,-2.9732113148626116,150.01404484200927
1924,2026-08-04 13:23:55.628936-07:00,34.518280462163176,-13.811446694519613,31.605181773867063,1.366788685137621,149.7720794684246
1925,2026-08-04 13:23:55.688776-07:00,40.39613333840426,-13.671446694519613,37.88518177386702,3.106788685137696,149.66259560156269
1926,2026-08-04 13:23:55.748616-07:00,16.659847287605917,-13.705449236428024,8.108494568709046,-4.895251648614263,150.23541137599696
1927,2026-08-04 13:23:55.808959-07:00,19.63588128404574,-13.595449236428026,13.65849456870899,-3.7652516486144094,150.13963194417812
1928,2026-08-04 13:23:55.853873-07:00,23.27811895726069,-13.525449236428038,18.748494568709027,-2.7252516486144795,150.0440776668592
1929,2026-08-04 13:23:55.914185-07:00,26.96963408681509,-13.445449236428027,23.308494568709037,-1.8152516486142911,150.00434150019083
1930,2026-08-04 13:23:55.974024-07:00,15.40206019480372,-13.435338523218793,1.6699690310402748,-7.3434556202265355,150.34281910802324
1931,2026-08-04 13:23:56.018903-07:00,15.779550762182453,-13.44580610911253,5.102476419131474,-6.493785854542189,150.2726470567454
1932,2026-08-04 13:23:56.078742-07:00,15.912516660485025,-13.306040332185882,5.808527404355557,-6.512947607750785,150.2445231343114
1933,2026-08-04 13:23:56.138614-07:00,15.945789117658975,-13.385806109112524,5.782476419131488,-6.453785854541927,150.26255113811678
1934,2026-08-04 13:23:56.198424-07:00,16.092191356497075,-13.335706208376347,6.292474904842027,-6.443781665289805,150.24841103271842
1935,2026-08-04 13:23:56.258265-07:00,15.540409749886477,-13.3284984900177,-0.30172260407829166,-7.985263093107875,150.35354615551557
1941,2026-08-04 13:23:56.588486-07:00,15.579234446476171,-13.358604934352675,-0.4218063802630123,-8.005142067679216,150.30389981139257
1942,2026-08-04 13:23:56.648327-07:00,15.559814856724612,-13.30860493435268,-0.3218063802629678,-8.0551420676791,150.3234416630787
1943,2026-08-04 13:23:56.708165-07:00,15.449892612268954,-13.17860493435269,-0.3718063802629623,-8.0551420676791,150.28929633124085
1944,2026-08-04 13:23:56.753045-07:00,15.436013043851958,-13.118586241879616,-0.561838667448189,-8.11526530780693,150.33312360490467
1948,2026-08-04 13:23:56.977443-07:00,15.467632396091007,-13.058297795120438,-0.5934162200210147,-8.269000412647998,150.39256899702175
1949,2026-08-04 13:23:57.037282-07:00,15.459901555011147,-13.039416675215007,-0.6535879703203351,-8.279794177744604,150.40427014560936
1950,2026-08-04 13:23:57.097155-07:00,15.460698038733474,-13.080129700201518,-0.6404930634120731,-8.217856138100998,150.41470013352892
1951,2026-08-04 13:23:57.156960-07:00,15.478047645650582,-13.151238362852494,-0.6700207354465304,-8.134246164122283,150.273700864504
1952,2026-08-04 13:23:57.201840-07:00,15.564777228310952,-13.261998411722765,-0.8171815842342167,-8.106411200574426,150.24314421345267
1955,2026-08-04 13:23:57.381358-07:00,15.669653931990133,-13.501299420791673,-1.344462431561555,-7.838710931561632,150.54577136849383
1956,2026-08-04 13:23:57.441230-07:00,15.720210615506044,-13.550121716444568,-1.5279333396123196,-7.8220612996260375,150.55399730556078
1957,2026-08-04 13:23:57.486076-07:00,15.012377933526684,-13.787865626446335,-2.005161240646869,-5.58977469001265,153.9790586294598
1958,2026-08-04 13:23:57.545917-07:00,15.63684367752003,-13.643278701926457,-1.8793290584899758,-7.405399972092885,150.25902106350156
1959,2026-08-04 13:23:57.605755-07:00,15.761878508662695,-13.74524892976385,-2.054419637514071,-7.435341682375141,149.88210574062447
1960,2026-08-04 13:23:57.650635-07:00,15.86127399128656,-13.800255831921154,-2.2566034175429683,-7.486033169584738,150.25786260954217
1961,2026-08-04 13:23:57.710474-07:00,15.928931914259834,-13.878263386008797,-2.3911829655544614,-7.44358256103439,149.83988386521924
1962,2026-08-04 13:23:57.770314-07:00,15.390884580010903,-14.057514959581102,-3.0075162995858995,-5.497312709324076,153.40849071923947
1963,2026-08-04 13:23:57.830153-07:00,16.519677977984315,-14.232743690613184,-2.9819747958967358,-7.838149899705105,150.65841811848628
1964,2026-08-04 13:23:57.890003-07:00,16.58636959088069,-14.25807167187039,-3.128861783784964,-7.875612505898744,150.32738481532746
1965,2026-08-04 13:23:57.935382-07:00,16.690694284014942,-14.320976746239042,-3.3488314998278423,-7.891402175905782,150.57354968577837
1966,2026-08-04 13:23:57.995210-07:00,16.81954522871286,-14.407535786994274,-3.6233896281678835,-7.886130981012318,150.35320557885217
1967,2026-08-04 13:23:58.055552-07:00,16.99191612158373,-14.513151936973667,-3.9169653890956946,-7.92155391813254,150.0821081863531
1968,2026-08-04 13:23:58.100432-07:00,17.046982963501687,-14.535206632667094,-4.064117501401842,-7.925297801242959,150.32239143818916
1969,2026-08-04 13:23:58.160785-07:00,17.134476306505256,-14.597057167280186,-4.200737140275246,-7.929060967835744,150.12095876627507
1971,2026-08-04 13:23:58.280968-07:00,17.431212809725245,-14.743063851624633,-4.800576379512311,-7.965156289070352,150.68079104225296
1972,2026-08-04 13:23:58.341312-07:00,17.50087144132652,-14.781991029099773,-4.913492021972166,-7.976894042888372,150.42293613289158
1973,2026-08-04 13:23:58.401154-07:00,17.612267061052975,-14.814993149641491,-5.117469230504934,-8.032399248092847,150.40348592164594
1974,2026-08-04 13:23:58.460991-07:00,17.7054213750647,-14.86072526515314,-5.307136265887468,-8.02963855460126,150.1290692303463
1976,2026-08-04 13:23:58.580679-07:00,17.92402386122043,-14.839602146839729,-5.813480881837307,-8.20123646394988,150.68332688201536
1978,2026-08-04 13:23:58.685388-07:00,18.11679771641767,-14.926672122613505,-6.1555647743910535,-8.217167465122355,150.40992963214168
1979,2026-08-04 13:23:58.745230-07:00,18.20741715294576,-14.963221750624367,-6.303779857772973,-8.238591732071754,150.1402409446146
1980,2026-08-04 13:23:58.805067-07:00,18.245676333602017,-14.927340016788971,-6.407188126924368,-8.308258854894612,150.20084226708252
1981,2026-08-04 13:23:58.849946-07:00,18.331357665243903,-14.962306455917174,-6.559101604742268,-8.315422148573282,150.19365773594066
1982,2026-08-04 13:23:58.909786-07:00,18.44797479332861,-15.02617236845344,-6.738562433635797,-8.314667417089305,150.2422671746971
1984,2026-08-04 13:23:59.029465-07:00,18.862353843746902,-15.218638751722219,-7.187604293242666,-8.515854131856182,150.78190079894543
1985,2026-08-04 13:23:59.089303-07:00,18.99940334148911,-15.217664962548518,-7.319063445896889,-8.708117517302272,150.4579560307807
1986,2026-08-04 13:23:59.134183-07:00,19.06507784815365,-15.170471316359679,-7.394937948005332,-8.868420724166048,150.46724650918574
1987,2026-08-04 13:23:59.194022-07:00,19.09048619784255,-15.129421312914282,-7.4595386480627575,-8.93882303015392,150.28509815073969
1988,2026-08-04 13:23:59.254366-07:00,19.13391205541664,-15.212857541333266,-7.431933785787825,-8.913019475754735,150.32884631100586
1989,2026-08-04 13:23:59.299248-07:00,19.10668099151811,-15.166810848854183,-7.426627185418977,-8.937466969757946,150.30392751544923
1991,2026-08-04 13:23:59.418925-07:00,19.143117530919927,-15.324302276548712,-7.513398470014976,-8.670268275569937,150.49596031334733
1992,2026-08-04 13:23:59.478764-07:00,18.922047315642484,-15.202431445756101,-7.5991010778063135,-8.317668877863671,150.18405161580895
1993,2026-08-04 13:23:59.538626-07:00,18.93821361763572,-15.366569432490069,-7.73430224461441,-7.918651886061001,150.27270728104298
1994,2026-08-04 13:23:59.583483-07:00,18.961949000544237,-15.373302897650321,-7.49802985680692,-8.18514606972709,150.29119728161382
1995,2026-08-04 13:23:59.643324-07:00,18.556765247617218,-15.134993762510081,-7.610468594302533,-7.574052286529964,150.1922287092044
1996,2026-08-04 13:23:59.703163-07:00,18.35908495334694,-15.054809226888539,-7.645126025337068,-7.208381754798765,150.3225836451697
1998,2026-08-04 13:23:59.808387-07:00,18.062370360393217,-14.989265594287815,-7.519509218918308,-6.7102996271786175,150.65950833996942
1999,2026-08-04 13:23:59.868731-07:00,17.934602044699865,-14.93342364526773,-7.532153127702168,-6.473753006839056,150.99178828953427
2001,2026-08-04 13:23:59.988915-07:00,17.630075355249115,-14.77816439970181,-7.780822392000286,-5.646611099703547,150.3397308145269
2002,2026-08-04 13:24:00.034301-07:00,17.2655840513555,-14.461167646780265,-7.638885679205454,-5.533755371008642,150.1673710594485
2003,2026-08-04 13:24:00.094173-07:00,17.129060517833107,-14.448660522076938,-7.624564238643606,-5.148489439841697,150.2986900378613
2007,2026-08-04 13:24:00.318538-07:00,16.46103459967908,-14.0037469388192,-7.568938422903571,-4.1918853652787025,150.70109550229535
2008,2026-08-04 13:24:00.378376-07:00,16.09804259603416,-13.601979939469322,-7.553291884608515,-4.132904409239524,150.1026110781495
2009,2026-08-04 13:24:00.438217-07:00,16.10088086633646,-13.599993767484886,-7.717678188923715,-3.8361409734970486,150.32669156612715
2011,2026-08-04 13:24:00.542935-07:00,15.809512201585736,-13.337906218579748,-7.8038277189896865,-3.3378446172325216,150.34061648607417
2012,2026-08-04 13:24:00.602775-07:00,15.686118698750338,-13.2253848141268,-7.861754271410836,-3.0555418710112026,150.48186637518242
2013,2026-08-04 13:24:00.647654-07:00,15.541336219256925,-13.123617039362657,-7.830162094693394,-2.8270777942893677,150.52359839611543
2014,2026-08-04 13:24:00.707493-07:00,15.34833043238662,-12.946321200845546,-7.813875266262538,-2.628187160297557,150.50498082834065
2015,2026-08-04 13:24:00.767332-07:00,15.213656089006504,-12.852023458229251,-7.786880806214147,-2.375986517954898,150.6572665035645
2016,2026-08-04 13:24:00.827172-07:00,14.791752548733882,-12.416066032327283,-7.723725112146695,-2.231886676302919,150.33125705709196
2017,2026-08-04 13:24:00.887011-07:00,14.641222413093676,-12.269643429870497,-7.745899829062653,-1.9550651374415917,150.27108913366615
2018,2026-08-04 13:24:00.931892-07:00,14.49546516103794,-12.108031130347918,-7.7728730441227745,-1.7596979915144306,150.30512730496005
2019,2026-08-04 13:24:00.991729-07:00,14.33488477707201,-11.941067358393036,-7.77230679543095,-1.5783152384580834,150.3465625245981
2022,2026-08-04 13:24:01.171248-07:00,13.915394315973122,-11.50283216957243,-7.771843439286608,-0.9599482292730332,150.54696555127626
2023,2026-08-04 13:24:01.216128-07:00,13.815029861076331,-11.381384830669194,-7.78606818703792,-0.8344288977737424,150.50822812496875
2024,2026-08-04 13:24:01.275967-07:00,13.51906021924072,-11.05966322486407,-7.7354868324078785,-0.7817173592101767,150.351997800966
2025,2026-08-04 13:24:01.335805-07:00,13.432066353387649,-10.963710795675402,-7.727346095598609,-0.7110375724503903,150.3558297505277
2026,2026-08-04 13:24:01.395543-07:00,13.364963928752559,-10.87693083301519,-7.745705064470643,-0.5645259293374227,150.41845057539084
2027,2026-08-04 13:24:01.455890-07:00,13.273075909319598,-10.76751045104793,-7.745471054613262,-0.4928903765362147,150.3834860965414
2028,2026-08-04 13:24:01.515730-07:00,13.16250827571905,-10.64602991669833,-7.733345573412431,-0.33020806065109376,150.5213180035114
2029,2026-08-04 13:24:01.575569-07:00,12.936565151963437,-10.392058847252638,-7.699690753549982,-0.27311745811986476,150.29862114553566
2030,2026-08-04 13:24:01.635408-07:00,12.817238003677959,-10.276959648011562,-7.6583668244757375,-0.12291467706493364,150.33016055028656
2033,2026-08-04 13:24:01.799966-07:00,12.626303748812417,-10.056063301658092,-7.631493460274252,0.24381303515430552,150.48152344109445
2034,2026-08-04 13:24:01.859805-07:00,12.575512202481661,-10.023974584376372,-7.5890316748079005,0.2646486827930783,150.41913283379023
2035,2026-08-04 13:24:01.919644-07:00,12.583267294241146,-10.003365803397058,-7.629067968184467,0.26193575274668923,150.4272321999712
2036,2026-08-04 13:24:01.964525-07:00,12.48201979281435,-9.923365803397088,-7.569067968184462,0.19193575274667474,150.42165640290537
2037,2026-08-04 13:24:02.024363-07:00,12.409103204221347,-9.863450919419424,-7.527364836135475,0.1922418188942121,150.39690259833986
2038,2026-08-04 13:24:02.084203-07:00,12.517098112718905,-9.934283408897516,-7.609511541908254,0.2882575388429842,150.40206849306114
2039,2026-08-04 13:24:02.144081-07:00,12.460192208590746,-9.904729942174201,-7.5552956779904035,0.26499408627911336,150.4308963051128
2041,2026-08-04 13:24:02.263721-07:00,12.420266677145507,-9.865377564983262,-7.541186295472624,0.2604977710305434,150.40527490930916
2042,2026-08-04 13:24:02.323560-07:00,12.26296019848983,-9.765366171695877,-7.412424515522764,0.27162320247109406,150.37762616005816
2043,2026-08-04 13:24:02.383971-07:00,12.392973840787056,-9.874033422960672,-7.486153972077636,0.21624820700782976,150.38503872548196
2044,2026-08-04 13:24:02.443844-07:00,12.566360778951964,-10.06440468944067,-7.522501783304603,0.18206700449541202,150.43080133560977
2046,2026-08-04 13:24:02.563171-07:00,12.897277174585884,-10.346935298019332,-7.691916624732342,-0.33927436517044995,150.19348674179483
2048,2026-08-04 13:24:02.683414-07:00,13.072991810674173,-10.69953513826205,-7.477634882898487,-0.7127687318544407,150.35583640153214
2050,2026-08-04 13:24:02.803091-07:00,13.221162944214523,-10.89165909549228,-7.4324331911114205,-0.9642865781067655,150.40399907629092
2052,2026-08-04 13:24:02.922770-07:00,13.570155504690222,-11.261672590204942,-7.500207567357531,-1.0347643881840618,150.41866496750228
2053,2026-08-04 13:24:02.982609-07:00,13.79271739300473,-11.480836914612269,-7.58825004206537,-0.9208138370302432,150.3789249030411
2055,2026-08-04 13:24:03.102796-07:00,14.120561635999678,-11.790013097250002,-7.741303857539905,-0.6768062263138308,150.40136732463384
2056,2026-08-04 13:24:03.163143-07:00,14.048523463039498,-11.810174222529445,-7.581337947074552,-0.6356974573802354,150.3539042882102
2057,2026-08-04 13:24:03.222982-07:00,14.112814396371563,-11.850174222529459,-7.641337947074556,-0.5956974573801954,150.41102825069925
2058,2026-08-04 13:24:03.283330-07:00,14.09745288369154,-11.850174222529459,-7.611337947074526,-0.6156974573803264,150.37511044803654
2059,2026-08-04 13:24:03.343169-07:00,14.124206540418184,-11.87017422252945,-7.631337947074545,-0.5956974573801954,150.35966452510817
2064,2026-08-04 13:24:03.642365-07:00,14.10488552566204,-11.860071527673044,-7.611288139783456,-0.5956441082570763,150.40524877792274
2065,2026-08-04 13:24:03.702205-07:00,14.120518706843832,-11.860449948040113,-7.638838989494634,-0.6057346555534693,150.40889880504673
2066,2026-08-04 13:24:03.762075-07:00,14.102875616350588,-11.870452462730634,-7.5889357870492224,-0.6257096773678583,150.39508236489152
2067,2026-08-04 13:24:03.821883-07:00,14.09942767798682,-11.86078302379756,-7.598807977214738,-0.611395317772434,150.4187965373641
2068,2026-08-04 13:24:03.881724-07:00,14.102646527297177,-11.850460331193052,-7.618882161349871,-0.6355026547322229,150.38876056574674
2069,2026-08-04 13:24:03.941563-07:00,14.099603905725399,-11.850711800247687,-7.618561916809652,-0.5630048361735529,150.42494695880353
2070,2026-08-04 13:24:04.001401-07:00,14.103844201015324,-11.850711800247687,-7.628561916809717,-0.5330048361733564,150.39194249373557
2071,2026-08-04 13:24:04.046281-07:00,14.103102532884979,-11.850711800247687,-7.628561916809717,-0.5130048361734474,150.3617781828527
2072,2026-08-04 13:24:04.106121-07:00,14.101295793550836,-11.85070187386794,-7.628410487860505,-0.46342376138608365,150.37599506251874
2073,2026-08-04 13:24:04.166464-07:00,14.121540246725559,-11.86070187386798,-7.648410487860469,-0.49342376138605815,150.30643804816208
2074,2026-08-04 13:24:04.211344-07:00,14.100040411489351,-11.840701873867959,-7.638410487860458,-0.5134237613861892,150.33603218181287
2075,2026-08-04 13:24:04.271183-07:00,14.096139375615829,-11.840701873867959,-7.628410487860505,-0.5534237613860071,150.534598561436
2076,2026-08-04 13:24:04.331023-07:00,14.113339145892095,-11.86070187386798,-7.628410487860505,-0.5634237613862947,150.411219719962
2077,2026-08-04 13:24:04.390861-07:00,14.11459736596558,-11.85070187386794,-7.648410487860469,-0.5334237613860981,150.46112604248924
2078,2026-08-04 13:24:04.450703-07:00,14.122994471456847,-11.86070187386798,-7.648410487860469,-0.5334237613860981,150.48795070946397
2079,2026-08-04 13:24:04.495581-07:00,14.127311691361344,-11.86070187386798,-7.658410487860479,-0.5034237613861237,150.4223298082473
2080,2026-08-04 13:24:04.555420-07:00,14.130293041992953,-11.870701873867961,-7.648410487860469,-0.5034237613861237,150.41656408175527
2081,2026-08-04 13:24:04.615259-07:00,14.132382508246925,-11.86070187386798,-7.668410487860433,-0.49342376138605815,150.38953411003405
2082,2026-08-04 13:24:04.660656-07:00,14.134340301600247,-11.870701873867961,-7.658410487860479,-0.46342376138608365,150.38749391096536
2083,2026-08-04 13:24:04.720485-07:00,14.147206529311404,-11.880701873867944,-7.668410487860433,-0.43342376138610916,150.32870984840716
2084,2026-08-04 13:24:04.780830-07:00,14.131042475999175,-11.86070187386798,-7.668410487860433,-0.4534237613862402,150.33069636666667
2085,2026-08-04 13:24:04.840670-07:00,14.147206529311404,-11.880701873867944,-7.668410487860433,-0.43342376138610916,150.31877178049942
2086,2026-08-04 13:24:04.900973-07:00,14.125300873733933,-11.86070187386798,-7.658410487860479,-0.4434237613861747,150.3624921017525
2087,2026-08-04 13:24:04.961316-07:00,14.147833386545335,-11.880701873867944,-7.668410487860433,-0.4534237613862402,150.3228004424821
2088,2026-08-04 13:24:05.023151-07:00,14.135355714913016,-11.870701873867961,-7.658410487860479,-0.49342376138605815,150.36397650103598
2089,2026-08-04 13:24:05.081501-07:00,14.135010177283089,-11.870701873867961,-7.658410487860479,-0.4834237613862147,150.3108752438857
2090,2026-08-04 13:24:05.126379-07:00,14.13718937990373,-11.870701873867961,-7.658410487860479,-0.5434237613861637,150.37070840646365
2091,2026-08-04 13:24:05.186219-07:00,14.136067987158935,-11.870701873867961,-7.658410487860479,-0.5134237613861892,150.37168313159376
2092,2026-08-04 13:24:05.246058-07:00,14.126753187444582,-11.870701873867961,-7.638410487860458,-0.5534237613860071,150.4026867280999
2093,2026-08-04 13:24:05.305898-07:00,14.122994471456847,-11.86070187386798,-7.648410487860469,-0.5334237613860981,150.3420299697348
2094,2026-08-04 13:24:05.365736-07:00,14.098014316456974,-11.85070187386794,-7.608410487860429,-0.6534237613862182,150.5686217980938
2095,2026-08-04 13:24:05.410617-07:00,14.117547509623822,-11.85070187386794,-7.658410487860479,-0.46342376138608365,150.3763131754235
2096,2026-08-04 13:24:05.470456-07:00,14.097988711118427,-11.85070187386794,-7.618410487860439,-0.5234237613860326,150.39704844408396
2097,2026-08-04 13:24:05.530294-07:00,14.131277947480466,-11.880701873867944,-7.638410487860458,-0.4434237613861747,150.53027572582124
2098,2026-08-04 13:24:05.590135-07:00,14.128600039510495,-11.870701873867961,-7.648410487860469,-0.4534237613862402,150.49800776570606
2099,2026-08-04 13:24:05.649974-07:00,14.112554867794655,-11.86070187386798,-7.628410487860505,-0.5434237613861637,150.41062329609125
2100,2026-08-04 13:24:05.709812-07:00,14.130151093386232,-11.880701873867944,-7.628410487860505,-0.5634237613862947,150.3882322788363
2101,2026-08-04 13:24:05.769651-07:00,14.135954393209834,-11.880701873867944,-7.638410487860458,-0.5734237613863602,150.38567391658628
2102,2026-08-04 13:24:05.829491-07:00,14.12297282126289,-11.870701873867961,-7.628410487860505,-0.5934237613862692,150.38272732844663
2103,2026-08-04 13:24:05.889330-07:00,14.130962701542293,-11.880701873867944,-7.628410487860505,-0.5834237613862037,150.36905993814463
2104,2026-08-04 13:24:05.949170-07:00,14.115423628892923,-11.86070187386798,-7.628410487860505,-0.6134237613861782,150.34046648572553
2105,2026-08-04 13:24:05.994052-07:00,14.130962701542293,-11.880701873867944,-7.628410487860505,-0.5834237613862037,150.37252581429172
2106,2026-08-04 13:24:06.053892-07:00,14.12297282126289,-11.870701873867961,-7.628410487860505,-0.5934237613862692,150.3903732401103
2107,2026-08-04 13:24:06.113731-07:00,14.132233096650458,-11.880701873867944,-7.628410487860505,-0.6134237613861782,150.39266905437893
2108,2026-08-04 13:24:06.158611-07:00,14.130962701542293,-11.880701873867944,-7.628410487860505,-0.5834237613862037,150.41602182918146
2109,2026-08-04 13:24:06.218451-07:00,14.117997789190929,-11.870701873867961,-7.618410487860439,-0.6034237613863347,150.40352369553997
2110,2026-08-04 13:24:06.278289-07:00,14.130962701542293,-11.880701873867944,-7.628410487860505,-0.5834237613862037,150.38946239043486
2111,2026-08-04 13:24:06.338128-07:00,14.146576600776996,-11.900701873867964,-7.628410487860505,-0.5534237613860071,150.41478999972387
2112,2026-08-04 13:24:06.397968-07:00,14.232627387012945,-11.950701873867958,-7.708410487860473,-0.5734237613863602,150.3981726934675
2113,2026-08-04 13:24:06.442847-07:00,14.270262482891612,-11.950701873867958,-7.778410487860487,-0.5634237613862947,150.43762063438678
2114,2026-08-04 13:24:06.503191-07:00,14.228366371884217,-11.910701873867946,-7.758410487860468,-0.6234237613862437,150.3882322788363
2126,2026-08-04 13:24:07.176888-07:00,13.81005814234269,-11.650701873867963,-7.378410487860476,-0.7334237613860761,150.33751850171666
2131,2026-08-04 13:24:07.461126-07:00,11.37549175644119,-11.3027564343815,0.09206860854116261,1.281028125073913,149.97997549662423
2132,2026-08-04 13:24:07.506512-07:00,13.003775205517146,-11.212759301128722,5.851958259328938,3.021056600205574,149.60291803642477
2133,2026-08-04 13:24:07.566351-07:00,21.02546231392916,-11.012747314956995,16.76185774155048,6.311068621349891,148.8149628284585
2134,2026-08-04 13:24:07.626191-07:00,25.291884266254513,-10.882747314956976,21.531857741550475,7.591068621349839,148.42262068608395
2135,2026-08-04 13:24:07.686030-07:00,12.182707875908822,-10.713909880956274,5.681129272574747,-1.1641634081058783,149.78095227784817
2136,2026-08-04 13:24:07.745870-07:00,14.694660000475784,-10.623905689345486,10.151100705613425,-0.14427369119207611,149.42620512446095
2137,2026-08-04 13:24:07.790748-07:00,17.996749099414547,-10.51390568934546,14.58110070561347,0.8557263088078138,149.10963852690526
2141,2026-08-04 13:24:08.030611-07:00,13.762760925813314,-10.267329402351422,8.982469851861241,1.819552308978123,149.40041163911886
2143,2026-08-04 13:24:08.135330-07:00,20.94108203081209,-10.077431817778177,18.052374568596154,3.329573097911487,148.7101342856124
2144,2026-08-04 13:24:08.195170-07:00,10.211725090049317,-10.132997976602221,-0.8368379976819162,-0.9494121794846322,150.04073038105872
2145,2026-08-04 13:24:08.240049-07:00,10.2006722907271,-10.052997976602251,1.6431620023181215,-0.5394121794848328,149.89776065030793
2146,2026-08-04 13:24:08.299889-07:00,10.643747487853673,-9.992997976602247,3.6531620023180778,-0.2894121794847493,149.7878547143806
2147,2026-08-04 13:24:08.359727-07:00,11.34597142895842,-9.932997976602243,5.4831620023180765,-0.039412179484887844,149.6385756995086
2148,2026-08-04 13:24:08.419567-07:00,10.20197247703181,-9.63827204921075,-3.0137491736458855,-1.4495758848249718,150.17236881411398
2149,2026-08-04 13:24:08.480151-07:00,9.666169566596777,-9.568272049210764,-0.7337491736458257,-1.1595758848250703,149.96381439934376
2150,2026-08-04 13:24:08.525032-07:00,9.721038212394149,-9.508276240821539,1.826279393315422,-0.8694656017389502,149.82426135181433
2151,2026-08-04 13:24:08.584870-07:00,10.391296109600324,-9.388276240821531,4.416279393315403,-0.5794656017388267,149.6527403199844
2152,2026-08-04 13:24:08.644710-07:00,10.90173360474061,-9.476923866944542,-5.029588425152609,-1.933636440088593,150.29846738956059
2153,2026-08-04 13:24:08.689590-07:00,10.05466952792048,-9.426923866944549,-3.0595884251526373,-1.693636440088575,150.1612475067196
2154,2026-08-04 13:24:08.749429-07:00,9.614399105278828,-9.376923866944525,-1.4895884251526215,-1.513636440088506,150.12095418386642
2155,2026-08-04 13:24:08.809268-07:00,9.476398910681663,-9.386923866944535,-0.11958842515263912,-1.293636440088619,149.96531169372304
2156,2026-08-04 13:24:08.869107-07:00,9.623094106487583,-9.426883020501652,1.719636317538742,-0.8835539799556535,149.9205643476699
2158,2026-08-04 13:24:08.973826-07:00,10.064247599184446,-9.625499710151002,-2.53817421694863,-1.4820616424393585,150.1743052812742
2159,2026-08-04 13:24:09.033665-07:00,9.697388089869472,-9.635508829575562,0.36203665004203023,-1.0321021387149631,149.94133829875258
2160,2026-08-04 13:24:09.093527-07:00,10.658064473483979,-9.625508829575525,4.552036650042002,-0.47210213871506923,149.66856429889498
2161,2026-08-04 13:24:09.138384-07:00,13.079303032104404,-9.535504637964765,8.952008083080665,-0.062212421801266515,149.4477588453214
2162,2026-08-04 13:24:09.198224-07:00,10.349716001024614,-9.649666189047974,-3.44682395707413,-1.456011109418176,150.3254845509125
2163,2026-08-04 13:24:09.258063-07:00,9.724685704979139,-9.57970365065175,-1.138270163106525,-1.2260224557880672,150.21939437333907
2164,2026-08-04 13:24:09.317902-07:00,9.704722980416525,-9.519734113941746,1.7525482660573077,-0.6963369167420908,150.24461849816964
2165,2026-08-04 13:24:09.377743-07:00,9.981807449406704,-9.559620227102467,2.8525465397672978,-0.33633214099482167,150.21736379574924
2167,2026-08-04 13:24:09.482461-07:00,9.823651366558755,-9.450606837649062,-1.5879231613735167,-2.1607074317098185,150.40143238810833
2168,2026-08-04 13:24:09.542804-07:00,9.762483357920583,-9.428943788461735,-1.4611048875818322,-2.0654957891967918,150.43305047944588
2170,2026-08-04 13:24:09.648030-07:00,11.303784442187695,-9.583737888173404,-5.486966216159406,-2.412615292366249,150.3317433170208
2171,2026-08-04 13:24:09.708376-07:00,11.021619903163858,-9.672039654560038,-4.960206826369995,-1.8232121242653943,150.2908043104059
2172,2026-08-04 13:24:09.768214-07:00,10.721799681165923,-10.057181390102699,-3.7150471705779675,-0.09227897920038863,150.43324540187635
2174,2026-08-04 13:24:09.873438-07:00,11.009084606832765,-10.436708970358117,-3.0087578301765117,1.795111714573805,150.37489175381907
2175,2026-08-04 13:24:09.933278-07:00,11.800420973501417,-10.339149467042287,-4.937595773978565,-2.823485686664684,150.39627881210134
2176,2026-08-04 13:24:09.993117-07:00,12.001064677181631,-10.521735775105318,-5.441906471599811,-1.924651557847712,150.27323200081398
2177,2026-08-04 13:24:10.037996-07:00,12.46332599181679,-10.745283026419388,-6.273179408259444,-0.7215314076525203,150.35486612399066
2178,2026-08-04 13:24:10.097838-07:00,12.8262288719035,-10.951999358802672,-6.655677645678648,0.5175057449442466,150.3596121255156
2180,2026-08-04 13:24:10.217552-07:00,11.447395397592064,-10.830158526831918,2.7549463826874176,-2.4820955060229632,150.28905159665433
2182,2026-08-04 13:24:10.322233-07:00,13.618196751219818,-10.967879563168387,7.95799089105409,1.3532485435674424,150.12453035047514
2183,2026-08-04 13:24:10.382073-07:00,16.883548610653882,-11.025541264882172,12.26809426240938,3.6035422397040495,150.01638616483928
2185,2026-08-04 13:24:10.501751-07:00,12.541525176680882,-10.948473717358132,5.831503308561525,-1.8477949507114122,149.68291261486044
2186,2026-08-04 13:24:10.561590-07:00,17.90831395140074,-10.85574138910242,13.835168976282397,3.383590825229321,150.55627005790961
2188,2026-08-04 13:24:10.682266-07:00,12.533798309911361,-10.933205536125367,3.3042589439253867,-5.161684764673602,150.09892420384128
2189,2026-08-04 13:24:10.741108-07:00,12.583961769639965,-11.023722466831698,5.618338837062531,-2.2951918233526936,150.21937589793134
2190,2026-08-04 13:24:10.786010-07:00,13.364300571962728,-11.069734574327223,7.463956156683271,0.5957052314842226,150.36876808459834
2191,2026-08-04 13:24:10.845827-07:00,14.600847628460707,-11.238809520454252,8.574865019068568,3.653163278205307,150.11420145912513
2192,2026-08-04 13:24:10.905666-07:00,13.425785688945316,-10.849031853868569,-0.9796223522223757,-7.847965930498191,149.75159157689012
2193,2026-08-04 13:24:10.965507-07:00,11.229355245119324,-11.095356328970462,0.9086309990992136,-1.4716918365405007,150.94209143584683
2194,2026-08-04 13:24:11.025452-07:00,11.473842397330657,-11.24046200194903,1.4306442152111076,1.8039762944688231,151.14554474007258
2196,2026-08-04 13:24:11.130677-07:00,14.440298089138032,-11.521106195995113,0.9514045685462547,8.653389524961641,151.30577507468652
2197,2026-08-04 13:24:11.190525-07:00,12.31643909342475,-10.951280858952861,-2.3389873531013405,-5.127695159855561,150.43458187035878
2199,2026-08-04 13:24:11.295741-07:00,12.093656230345863,-11.35460384488171,-3.5194490337308038,2.223279344246265,150.61796883509854
2200,2026-08-04 13:24:11.356124-07:00,13.726269978940834,-11.536558958925635,-4.749517026297667,5.7236686608252985,150.84500208829067
2202,2026-08-04 13:24:11.476274-07:00,17.103250786045095,-11.361537794742638,-12.65278428749017,-1.8285776339079796,150.8334292001008
2203,2026-08-04 13:24:11.521154-07:00,20.319775447224874,-11.680005717972675,-16.583713684403534,1.2046497779418797,151.28368309187374
2205,2026-08-04 13:24:11.640832-07:00,28.49545395373184,-12.284165199709596,-24.68816366909965,7.182252851525295,151.5791152425171
2206,2026-08-04 13:24:11.686709-07:00,16.65485781561826,-11.61241724784584,-10.55727382914673,-5.574946081964072,150.3305618811
2207,2026-08-04 13:24:11.745551-07:00,19.20425685472309,-11.888855785702091,-14.89441270639058,-2.369611694068796,150.44072556094622
2208,2026-08-04 13:24:11.805390-07:00,22.685913169353547,-12.171808904125669,-19.123108002625845,0.8969195330703617,150.28529764183978
2209,2026-08-04 13:24:11.865230-07:00,31.886511347657077,-12.838718101506135,-28.076412953680187,7.976964277765175,150.86075651967428
2210,2026-08-04 13:24:11.925069-07:00,21.15265062124884,-12.210613088758537,-16.48950069524002,-5.141198607614417,150.5668036653376
2211,2026-08-04 13:24:11.969948-07:00,25.08156430035494,-12.63206362606703,-21.615086063616616,-1.5178572931209278,150.5693296550705
2213,2026-08-04 13:24:12.089627-07:00,35.010121551479806,-13.268931618873534,-31.965863150151097,5.275192679785379,150.43159412296856
2214,2026-08-04 13:24:12.149468-07:00,40.61474619404993,-13.573940629632283,-37.382160808105965,8.238919680833012,150.45663268501994
2215,2026-08-04 13:24:12.209342-07:00,21.26429994162534,-12.76068528646801,-15.203646843825357,-7.627875567637776,150.13604894438163
2216,2026-08-04 13:24:12.254197-07:00,25.194903492553888,-12.998740852585025,-20.99245833086505,-5.0132416133013,150.25441779397133
2219,2026-08-04 13:24:12.419249-07:00,20.33554173584737,-13.006196359344413,-13.033529350032824,-8.631351379384311,150.27733921701284
2221,2026-08-04 13:24:12.538930-07:00,20.97290675645593,-13.497670959347271,-13.717753977489643,-8.336601363940543,150.3467369257924
2223,2026-08-04 13:24:12.658608-07:00,19.35394199348613,-13.193051619105459,-9.960088787653309,-10.065539777126098,150.29803492248803
2225,2026-08-04 13:24:12.763849-07:00,19.165789864758594,-12.881430873725023,-9.658725928233414,-10.397367610544439,150.260825169746
2226,2026-08-04 13:24:12.823691-07:00,18.687147813607968,-12.941430873725013,-8.828725928233416,-10.187367610544396,150.23985896632755
2228,2026-08-04 13:24:12.928917-07:00,19.297454777162123,-13.131906859953233,-9.879118102894047,-10.11670937643272,150.29109219182146
2229,2026-08-04 13:24:12.988788-07:00,18.893854387561106,-12.941906859953223,-9.079118102894023,-10.346709376432672,150.24462079554598
2230,2026-08-04 13:24:13.034139-07:00,18.780343946098018,-12.92190685995323,-9.01911810289402,-10.216709376432487,150.23327784082565
2231,2026-08-04 13:24:13.093979-07:00,19.000712754631767,-12.91190685995322,-9.579118102894025,-10.126709376432563,150.25353943012718
2232,2026-08-04 13:24:13.154322-07:00,19.019532595542653,-12.96190685995323,-9.40911810289402,-10.256709376432527,150.22061829022738
2233,2026-08-04 13:24:13.214666-07:00,18.899352415130977,-12.901906859953224,-9.259118102894037,-10.246709376432461,150.2203181756209
2234,2026-08-04 13:24:13.274505-07:00,18.839029752021865,-12.901906859953224,-9.279118102894001,-10.11670937643272,150.23722782772109
2235,2026-08-04 13:24:13.319385-07:00,19.005467425271057,-12.941906859953223,-9.41911810289403,-10.246709376432461,150.24553305621853
2236,2026-08-04 13:24:13.379224-07:00,19.026201849229142,-13.03190685995323,-9.259118102894037,-10.316709376432698,150.2114023987272
2237,2026-08-04 13:24:13.439064-07:00,18.93804006811364,-12.92190685995323,-9.299118102894077,-10.256709376432527,150.23631573603134
2238,2026-08-04 13:24:13.484941-07:00,18.896963011479446,-12.91190685995322,-9.339118102894005,-10.156709376432538,150.2541423189476
2239,2026-08-04 13:24:13.543783-07:00,18.924229618653015,-12.931906859953227,-9.279118102894001,-10.236709376432618,150.2335604539759
2240,2026-08-04 13:24:13.603622-07:00,19.019239885737996,-13.001906859953227,-9.309118102894033,-10.296709376432789,150.25712289987047
2241,2026-08-04 13:24:13.663462-07:00,18.881426826584992,-12.881906859953233,-9.349118102894016,-10.156709376432538,150.27183014036856
2242,2026-08-04 13:24:13.723299-07:00,18.928144240776536,-12.962020746792493,-9.289116376603957,-10.196714152180153,150.29955238777015
2243,2026-08-04 13:24:13.768179-07:00,18.963575873813422,-12.941906859953223,-9.279118102894001,-10.296709376432789,150.2457041442682
2247,2026-08-04 13:24:14.007538-07:00,18.96034897059813,-12.961804444526479,-9.2890228196289,-10.25673016536599,150.20461737837957
2248,2026-08-04 13:24:14.052445-07:00,18.967789097970158,-12.961804444526479,-9.359022819628915,-10.206730165366107,150.23629146880305
2249,2026-08-04 13:24:14.112256-07:00,18.882628089843777,-12.891804444526478,-9.23902281962896,-10.246730165365925,150.3000065504964
2250,2026-08-04 13:24:14.172600-07:00,18.969765438926668,-12.951804444526468,-9.2890228196289,-10.286730165366187,150.3495525286793
2251,2026-08-04 13:24:14.217480-07:00,18.97478277100143,-12.941804444526472,-9.379022819628934,-10.226730165366016,150.31044239513872
2252,2026-08-04 13:24:14.277320-07:00,18.938497140419955,-12.941800252915664,-9.349051386590258,-10.186840448452195,150.32295523273325
2253,2026-08-04 13:24:14.337158-07:00,18.88891038512723,-12.911800252915661,-9.279051386590243,-10.19684044845226,150.30938350437836
2254,2026-08-04 13:24:14.396997-07:00,18.94032772624999,-12.971796576064094,-9.289076445328226,-10.206937188001808,150.2892202357114
2255,2026-08-04 13:24:14.456837-07:00,18.989146174906466,-12.971796576064094,-9.399076445328225,-10.196937188001742,150.28456185586938
2256,2026-08-04 13:24:14.501717-07:00,18.94106267952716,-12.961796576064097,-9.35907644532824,-10.156937188001702,150.26011470553692
2258,2026-08-04 13:24:14.621907-07:00,18.966627995087048,-12.961796576064097,-9.389076445328271,-10.176937188001833,150.24320198545303
2259,2026-08-04 13:24:14.666787-07:00,18.945595259685913,-12.961796576064097,-9.379076445328261,-10.146937188001859,150.22135747666383
2260,2026-08-04 13:24:14.727135-07:00,18.906620995783538,-12.931796576064094,-9.309076445328246,-10.176937188001833,150.23704962638365
2261,2026-08-04 13:24:14.786976-07:00,18.938121898811843,-12.94179657606409,-9.35907644532824,-10.176937188001833,150.2355125125327
2268,2026-08-04 13:24:15.192312-07:00,18.929152448700627,-12.94179657606409,-9.319076445328257,-10.196937188001742,150.20594697879477
2269,2026-08-04 13:24:15.252263-07:00,18.961264165668343,-12.961796576064097,-9.389076445328271,-10.166937188001768,150.2032064580255
2270,2026-08-04 13:24:15.312101-07:00,18.9355325022249,-12.951796576064087,-9.329076445328266,-10.186937188001677,150.23397323016792
2271,2026-08-04 13:24:15.371941-07:00,18.93958706630154,-12.951796576064087,-9.35907644532824,-10.166937188001768,150.2490531043801
2272,2026-08-04 13:24:15.416821-07:00,18.956314442194497,-12.961796576064097,-9.379076445328261,-10.166937188001768,150.22600072219782
2273,2026-08-04 13:24:15.476660-07:00,18.968516861015633,-12.971796576064094,-9.379076445328261,-10.176937188001833,150.2604299921678
2274,2026-08-04 13:24:15.536499-07:00,18.94340167570877,-12.971796576064094,-9.339076445328221,-10.166937188001768,150.22812076397943
2275,2026-08-04 13:24:15.596339-07:00,18.935084735167266,-12.951796576064087,-9.339076445328221,-10.176937188001833,150.18842452298063
2276,2026-08-04 13:24:15.656177-07:00,18.941489187617517,-12.961796576064097,-9.34907644532823,-10.166937188001768,150.2333920112751
2277,2026-08-04 13:24:15.716023-07:00,18.942969931676267,-12.971796576064094,-9.34907644532823,-10.156937188001702,150.18842452298063
2278,2026-08-04 13:24:15.775856-07:00,18.9301545793757,-12.951796576064087,-9.329076445328266,-10.176937188001833,150.21451236034358
2279,2026-08-04 13:24:15.835696-07:00,18.957608733063118,-12.961796576064097,-9.34907644532823,-10.196937188001742,150.30847357229237
2280,2026-08-04 13:24:15.895536-07:00,18.94342298146811,-12.931796576064094,-9.329076445328266,-10.226937188001717,150.31674227786144
2281,2026-08-04 13:24:15.955375-07:00,18.935015404925352,-12.94179657606409,-9.309076445328246,-10.216937188001651,150.18963257483506
2282,2026-08-04 13:24:16.000254-07:00,18.92185824066371,-12.931796576064094,-9.329076445328266,-10.186937188001677,150.21238701704732
2283,2026-08-04 13:24:16.060093-07:00,18.951688773671204,-12.951796576064087,-9.329076445328266,-10.216937188001651,150.30254068422178
2284,2026-08-04 13:24:16.119932-07:00,18.96204108485074,-12.94179657606409,-9.309076445328246,-10.266937188001979,150.2606990808207
2285,2026-08-04 13:24:16.179771-07:00,18.93993373572535,-12.94179657606409,-9.319076445328257,-10.216937188001651,150.23702252945722
2286,2026-08-04 13:24:16.239614-07:00,18.957560584967446,-12.951796576064087,-9.319076445328257,-10.236937188001782,150.21210873218521
2287,2026-08-04 13:24:16.299454-07:00,18.961541205521986,-12.94179657606409,-9.319076445328257,-10.256937188001691,150.27672659671654
2288,2026-08-04 13:24:16.359292-07:00,18.94532999600241,-12.94179657606409,-9.319076445328257,-10.226937188001717,150.23054174866434
2289,2026-08-04 13:24:16.419133-07:00,18.950729996524935,-12.94179657606409,-9.319076445328257,-10.236937188001782,150.23580932500843
2290,2026-08-04 13:24:16.478972-07:00,18.962962376075843,-12.951796576064087,-9.319076445328257,-10.246937188001626,150.25117798047407
2291,2026-08-04 13:24:16.538814-07:00,18.950729996524935,-12.94179657606409,-9.319076445328257,-10.236937188001782,150.23884699339305
2292,2026-08-04 13:24:16.598654-07:00,18.95216253067047,-12.951796576064087,-9.319076445328257,-10.226937188001717,150.23702252945722
2293,2026-08-04 13:24:16.658856-07:00,18.962962376075843,-12.951796576064087,-9.319076445328257,-10.246937188001626,150.23793462438883
2294,2026-08-04 13:24:16.718673-07:00,18.95613373409638,-12.94179657606409,-9.319076445328257,-10.246937188001626,150.26255283307685
2295,2026-08-04 13:24:16.778659-07:00,18.961051860955752,-12.94179657606409,-9.329076445328266,-10.246937188001626,150.22193767059937
2296,2026-08-04 13:24:16.838758-07:00,18.95613373409638,-12.94179657606409,-9.319076445328257,-10.246937188001626,150.2363912503258
2297,2026-08-04 13:24:16.898598-07:00,18.987584093849346,-12.951796576064087,-9.36907644532825,-10.246937188001626,150.26842049857547
2298,2026-08-04 13:24:16.958678-07:00,18.942277286017344,-12.98179657606409,-9.279076445328215,-10.206937188001808,150.23024284710343
2299,2026-08-04 13:24:17.018517-07:00,18.922528470111896,-12.891796576064095,-9.309076445328246,-10.256937188001691,150.25948446836188
2300,2026-08-04 13:24:17.078860-07:00,18.892555076376013,-12.891796576064095,-9.259076445328251,-10.246937188001626,150.26903229242873
2301,2026-08-04 13:24:17.138700-07:00,18.940187357078575,-12.901796576064092,-9.309076445328246,-10.276937188001822,150.2515074059643
2302,2026-08-04 13:24:17.198542-07:00,18.94248490251225,-12.921796576064098,-9.319076445328257,-10.246937188001626,150.26842049857547
2303,2026-08-04 13:24:17.258378-07:00,18.847039944051442,-12.821796576064095,-9.219076445328211,-10.286937188001888,150.24532774257185
2304,2026-08-04 13:24:17.318219-07:00,18.752261064293933,-12.721796576064094,-9.119076445328279,-10.326937188001928,150.25209084504522
2305,2026-08-04 13:24:17.378057-07:00,18.67834991132392,-12.691720628365335,-8.999202839326703,-10.335150272639204,150.23179244705105
2306,2026-08-04 13:24:17.437897-07:00,18.583155474296483,-12.64033067428573,-8.860569645825656,-10.346304334305056,150.2171039032186
2308,2026-08-04 13:24:17.557575-07:00,18.616303183887133,-12.735586744772473,-8.85364951300538,-10.29487565741527,150.25189310990612
2309,2026-08-04 13:24:17.617415-07:00,18.571842699152377,-12.614127273152961,-8.783427862861737,-10.423460526939321,150.21069977228808
2310,2026-08-04 13:24:17.677254-07:00,18.619764719191778,-12.69303899148426,-8.659266622958794,-10.516629731583738,150.25959353762107
2312,2026-08-04 13:24:17.796933-07:00,18.663971624938924,-12.730499056970892,-8.53453833345802,-10.65081621340469,150.22639361235431
2313,2026-08-04 13:24:17.856773-07:00,18.439653351628916,-12.79934793914965,-8.110767776459028,-10.507756855636652,149.88548456888668
2314,2026-08-04 13:24:17.916633-07:00,18.302769044446332,-12.790914199409489,-7.827683653570561,-10.493390169878936,150.0155634916299
2316,2026-08-04 13:24:18.036290-07:00,18.22246552228971,-12.930579052045394,-7.638934779652606,-10.3201284159673,150.34171767918858
2317,2026-08-04 13:24:18.081675-07:00,18.074118461332745,-12.91922122315506,-7.474140263707019,-10.19336590434694,150.3745545201046
2318,2026-08-04 13:24:18.141514-07:00,18.033764418848218,-12.992737504896033,-7.262409612837251,-10.181494873482633,150.45023989105596
2319,2026-08-04 13:24:18.201368-07:00,17.81306026755978,-12.929712120820863,-6.972863596337142,-10.075059991647262,150.55019280792146
2320,2026-08-04 13:24:18.246233-07:00,17.7666697306039,-12.966472869356233,-6.851688281828805,-10.028933259986106,150.5414216252671
2323,2026-08-04 13:24:18.425751-07:00,17.408048661405616,-12.909484773993077,-6.226901255958984,-9.879831062140854,150.26799196495617
2324,2026-08-04 13:24:18.486337-07:00,17.324939359144373,-12.887345198694208,-6.021666123857017,-9.889863225571727,150.53443373848106
2326,2026-08-04 13:24:18.606335-07:00,17.12681734592116,-12.923991951799039,-5.555116735526166,-9.769287716361763,149.99537792561452
2327,2026-08-04 13:24:18.666176-07:00,17.076069849631743,-12.905570779384506,-5.502345866594149,-9.734608072859086,149.99533314647974
2330,2026-08-04 13:24:18.830733-07:00,17.03033486969051,-13.009572179413551,-5.348558777223012,-9.600846654801654,150.35243140441756
2331,2026-08-04 13:24:18.890572-07:00,16.909783061736967,-12.918834717544195,-5.191289932050647,-9.596613026332301,150.72236995367652
2335,2026-08-04 13:24:19.114970-07:00,16.34706720563273,-12.764941043369449,-3.859593328891908,-9.454439471504816,150.3120636141145
2339,2026-08-04 13:24:19.339367-07:00,15.8640624117122,-12.376677721520526,-2.8944169965043898,-9.492558929533379,150.5852973274723
2340,2026-08-04 13:24:19.399241-07:00,15.829072108407706,-12.388327749321595,-2.7413176373128345,-9.464356132348195,150.85295775899408
2344,2026-08-04 13:24:19.623604-07:00,15.740246463984514,-12.616950301570007,-2.0488613931988198,-9.18531930997224,150.37764833385347
2345,2026-08-04 13:24:19.683443-07:00,15.774589482979957,-12.72695030157002,-1.9888613931988153,-9.10531930997216,150.37264182510498
2346,2026-08-04 13:24:19.728322-07:00,15.716321244141685,-12.616950301570007,-1.9988613931988253,-9.155319309972265,150.34175099941308
2347,2026-08-04 13:24:19.788162-07:00,15.738220493887587,-12.676714709723813,-1.928021993878537,-9.125525720396377,150.37663119399414
2349,2026-08-04 13:24:19.907844-07:00,15.734231786146774,-12.636502659111496,-1.9711792528135375,-9.165113354440146,150.33246297012343
2350,2026-08-04 13:24:19.968204-07:00,15.745793370838483,-12.656498982259915,-1.9812043115515765,-9.155210093989341,150.35409187670322
2353,2026-08-04 13:24:20.148225-07:00,15.735399731409267,-12.655834750349301,-1.9912211773202015,-9.136065329345966,150.35752816815094
2358,2026-08-04 13:24:20.432461-07:00,15.710932786469238,-12.545834750349302,-2.1212211773202205,-9.216065329345824,150.36311608318795
2359,2026-08-04 13:24:20.477341-07:00,15.71786607725124,-12.535583281294727,-2.0915414218602435,-9.248563147904232,150.36195745660956
2360,2026-08-04 13:24:20.537180-07:00,15.66624055227769,-12.465573354915078,-2.0313899929110257,-9.268982073116883,150.32963201899028
2361,2026-08-04 13:24:20.597043-07:00,15.66672455447227,-12.415473968938093,-2.02138799897722,-9.338964340327882,150.33205660415175
2362,2026-08-04 13:24:20.656861-07:00,15.700797027712797,-12.365596975201884,-2.211175405696486,-9.41900961235076,150.33953329956904
2363,2026-08-04 13:24:20.716698-07:00,15.720570305110527,-12.435615667674982,-1.9911431185113404,-9.408886372223035,150.31756367371347
2364,2026-08-04 13:24:20.761577-07:00,15.672138110357631,-12.325616182434217,-1.9611396102879874,-9.47887282868587,150.29222037543923
2367,2026-08-04 13:24:20.926136-07:00,15.714197704060789,-12.335634360148049,-2.1311108313261107,-9.498763132095078,150.3325513708314
2368,2026-08-04 13:24:20.986482-07:00,15.688050967305452,-12.255733746125056,-2.131112825259962,-9.558780864884264,150.31075752539022
2369,2026-08-04 13:24:21.046321-07:00,15.89612327247883,-12.25019606847956,-2.884031364238371,-9.710911103894437,150.3131198046145
2370,2026-08-04 13:24:21.106161-07:00,16.204717140984172,-12.240212246262109,-3.8139022794985156,-9.910812841951833,150.33762458056714
2371,2026-08-04 13:24:21.166001-07:00,16.6610871991322,-12.300212246262099,-4.423902279498515,-10.33081284195192,150.28319800589412
2372,2026-08-04 13:24:21.210880-07:00,17.308568093345492,-12.210212246262106,-5.003902279498485,-11.200812841952068,150.23087536564177
2377,2026-08-04 13:24:21.495818-07:00,22.752961493030572,-12.021539524819685,-5.300565765180787,-18.57643256186514,149.83292111769077
2380,2026-08-04 13:24:21.661377-07:00,30.192906886242053,-12.163434458860173,-14.3673339920809,-23.605978106536753,150.1184296757015
2381,2026-08-04 13:24:21.721204-07:00,37.248888277805555,-12.11919471677625,-19.691873921403147,-29.203337117748475,150.05073380415024
2382,2026-08-04 13:24:21.781422-07:00,16.45574789027387,-12.590107234862396,0.923480717303804,-10.555947224559548,150.40488481927252
2383,2026-08-04 13:24:21.827299-07:00,21.525545210517187,-12.564166531179852,-5.1328042313449345,-16.70763707738132,150.5537393376148
2384,2026-08-04 13:24:21.886646-07:00,28.97343347455779,-12.55724267187533,-12.178287432159319,-23.096857340425547,150.6616124422942
2385,2026-08-04 13:24:21.946485-07:00,38.27663786224158,-12.515198380073866,-20.46990875475563,-29.823709546543007,151.05361521756984
2387,2026-08-04 13:24:22.051204-07:00,20.6687281707162,-12.893430342122716,-4.798362481683083,-15.425028223707171,150.16065387156482
2389,2026-08-04 13:24:22.170883-07:00,31.69547790898475,-12.648364692246991,-12.869898179449446,-26.057396480490212,150.3680740949712
2390,2026-08-04 13:24:22.230722-07:00,37.23835660346921,-12.426947096508767,-15.990868026081518,-31.24993325049119,151.01373649904463
2391,2026-08-04 13:24:22.275602-07:00,16.09919901982703,-12.960211815642788,2.6150815987565634,-9.18577525337505,150.3817488305432
2392,2026-08-04 13:24:22.335443-07:00,19.26955577625284,-12.75511444262524,-1.4478421777840977,-14.371032962104069,150.76508330675858
2393,2026-08-04 13:24:22.395310-07:00,23.768143875386237,-12.629385209098732,-5.66756966436216,-19.321023436165596,151.26753114393875
2394,2026-08-04 13:24:22.455119-07:00,32.77666969873302,-12.491255219409927,-11.369724172694495,-28.08928606818362,150.22498483044586
2396,2026-08-04 13:24:22.559839-07:00,18.49939331437476,-12.822045817528258,3.680035563993933,-12.817177236071897,149.97049124136248
2397,2026-08-04 13:24:22.619678-07:00,20.237491019867193,-12.804239092178191,1.1747379867494412,-15.627779583550216,150.37847109684276
2398,2026-08-04 13:24:22.679517-07:00,22.169703459399965,-12.785691492710916,-1.1413964879137817,-18.075371603049504,150.54985927214904
2400,2026-08-04 13:24:22.784741-07:00,16.51289109863161,-13.067521608199767,6.01983712969062,-8.104135511360688,150.36079114489596
2403,2026-08-04 13:24:22.964259-07:00,22.411526879348923,-12.56205319387027,16.583514429063527,-8.334170972519983,149.91877962774709
2404,2026-08-04 13:24:23.009166-07:00,22.55474495644241,-12.446715692281202,16.64415655833823,-8.761725913723373,149.97673955852306
2405,2026-08-04 13:24:23.069005-07:00,16.02689643991274,-12.662934941452278,5.572134820615804,-8.090908583411105,150.21916034126812
2407,2026-08-04 13:24:23.188508-07:00,16.26921886458546,-12.855375407335279,6.119458211083007,-7.872676597134642,150.2628050352505
2408,2026-08-04 13:24:23.248347-07:00,16.253551084140458,-12.604763620912202,7.301552845467962,-7.2100751002004415,150.2505916760414
2410,2026-08-04 13:24:23.368673-07:00,14.916169871657353,-12.806885053127658,4.321728068717723,-6.308604075084379,150.11483983161983
2412,2026-08-04 13:24:23.473897-07:00,14.506586598860286,-12.4324859756266,3.776487269542994,-6.450774458858444,150.1241150840311
2414,2026-08-04 13:24:23.593576-07:00,14.52982250294775,-12.82420671566059,-0.7429524378994579,-6.78995476834654,150.27572326778866
2415,2026-08-04 13:24:23.653415-07:00,22.80215212985687,-13.224192561098816,-15.290475219362222,-10.547996986451258,150.99888830433022
2416,2026-08-04 13:24:23.713254-07:00,29.895054190128494,-13.45888683598162,-23.4416086417098,-12.769636426142927,151.3148833304073
2417,2026-08-04 13:24:23.758134-07:00,36.54284075224723,-13.515741157924921,-30.5256756059778,-14.862270351285067,151.5142169450674
2418,2026-08-04 13:24:23.817988-07:00,15.283179662369117,-13.543050612563626,-2.4044322578113952,-6.661836549735289,150.4156368852967
2419,2026-08-04 13:24:23.877813-07:00,16.667072315221194,-13.652782056252214,-5.731556209050915,-7.651281272295529,150.5518856317781
2420,2026-08-04 13:24:23.922692-07:00,17.490129930501144,-13.672782056252206,-7.2915562090509205,-8.111281272295434,150.6416890114591
2421,2026-08-04 13:24:23.982532-07:00,17.988816321291146,-13.80278205625221,-8.041556209050892,-8.271281272295594,150.6524822682414
2422,2026-08-04 13:24:24.042371-07:00,14.762728643619296,-13.727340906138668,2.539207715447467,-4.801113707214366,150.21395221411527
2424,2026-08-04 13:24:24.162049-07:00,14.864659915223912,-13.777221836314427,0.010061558489371514,-5.58087552569364,150.28162301227863
2425,2026-08-04 13:24:24.206930-07:00,14.863556935269438,-13.787221836314423,0.160061558489355,-5.550875525693666,150.27441544704865
2426,2026-08-04 13:24:24.266768-07:00,15.20007927572382,-13.808134220154006,4.252852032073373,-4.721343976008319,150.16948253228628
2427,2026-08-04 13:24:24.326607-07:00,15.21019556681376,-13.79812258603895,4.3427379626372336,-4.7013284579182635,150.12690925776985
2428,2026-08-04 13:24:24.371488-07:00,15.214634814963244,-13.83810676031308,4.2625953262397935,-4.671423222914806,150.11417422416548
2429,2026-08-04 13:24:24.431833-07:00,15.254695751635513,-13.878548886297207,4.284745702719639,-4.661821269487998,150.1802318617784
2430,2026-08-04 13:24:24.491672-07:00,15.270810844919078,-13.928537252182155,4.244631633283536,-4.601805751398125,150.16181960742693
2431,2026-08-04 13:24:24.551512-07:00,14.911601359006752,-13.93532121654832,2.896137101037144,-4.446916636676068,150.13019902194398
2432,2026-08-04 13:24:24.611351-07:00,14.915498669973255,-13.93532121654832,2.9161371010372195,-4.446916636676068,150.17027979319397
2433,2026-08-04 13:24:24.656230-07:00,14.91513356118018,-13.925321216548326,2.9161371010372195,-4.476916636676043,150.19402340606263
2434,2026-08-04 13:24:24.716070-07:00,14.921473695296994,-13.93532121654832,2.9161371010372195,-4.466916636675977,150.14167684029735
2435,2026-08-04 13:24:24.775909-07:00,14.913181632563274,-13.925321216548326,2.9061371010372095,-4.476916636676043,150.17674353693442
2436,2026-08-04 13:24:24.835748-07:00,14.912520318217169,-13.93532121654832,2.9161371010372195,-4.436916636676003,150.14582235711663
2437,2026-08-04 13:24:24.896095-07:00,14.90759541866115,-13.93532121654832,2.9061371010372095,-4.426916636676159,150.1530012137801
2438,2026-08-04 13:24:24.955932-07:00,14.916531639918418,-13.93532121654832,2.9061371010372095,-4.456916636676134,150.1654166421532
2439,2026-08-04 13:24:25.016278-07:00,14.912135018672185,-13.925321216548326,2.9161371010372195,-4.466916636675977,150.1816584910977
2440,2026-08-04 13:24:25.076117-07:00,14.92289128340363,-13.945321216548317,2.9061371010372095,-4.446916636676068,150.1587418469436
2441,2026-08-04 13:24:25.121502-07:00,14.921148944143331,-13.925321216548326,2.9161371010372195,-4.496916636675952,150.1579149259995
2442,2026-08-04 13:24:25.181847-07:00,14.917577945343481,-13.93532121654832,2.896137101037144,-4.466916636675977,150.16282941088434
2443,2026-08-04 13:24:25.241686-07:00,14.923106531661903,-13.925321216548326,2.926137101037174,-4.496916636675952,150.14156903580692
2444,2026-08-04 13:24:25.301525-07:00,14.918510529910716,-13.93531834980112,2.9162474502494318,-4.45694511180772,150.1798668710599
2445,2026-08-04 13:24:25.361365-07:00,14.910210059462296,-13.925318349801124,2.9062474502494218,-4.466945111807563,150.18059069601077
2446,2026-08-04 13:24:25.406245-07:00,14.912162451042963,-13.925318349801124,2.9162474502494318,-4.466945111807563,150.1656948317612
2447,2026-08-04 13:24:25.466083-07:00,14.933537969478195,-13.935334012824443,2.916373026765895,-4.506860393402201,150.17061276337714
2448,2026-08-04 13:24:25.525926-07:00,14.90723100061564,-13.925334012824447,2.906373026765885,-4.456860393402318,150.15515076401456
2486,2026-08-04 13:24:27.741576-07:00,14.891378125130085,-13.925330335972873,2.916347968027866,-4.396957132951851,150.20846878940085
2487,2026-08-04 13:24:27.786454-07:00,14.892379079546016,-13.925330335972873,2.906347968027856,-4.406957132951694,150.18798316608468
2488,2026-08-04 13:24:27.846799-07:00,14.891378125130085,-13.925330335972873,2.916347968027866,-4.396957132951851,150.1112618757817
2489,2026-08-04 13:24:27.906671-07:00,14.91556049183591,-13.93533033597287,2.916347968027866,-4.446957132951734,150.1767266410101
2490,2026-08-04 13:24:27.966478-07:00,14.921535546683309,-13.93533033597287,2.916347968027866,-4.466957132951643,150.13790604979334
2491,2026-08-04 13:24:28.026766-07:00,14.93355884046298,-13.93533033597287,2.916347968027866,-4.506957132951683,150.17064742273084
2492,2026-08-04 13:24:28.086605-07:00,14.924532227630895,-13.93533033597287,2.916347968027866,-4.476957132951709,150.1992586429243
2493,2026-08-04 13:24:28.146444-07:00,14.924532227630895,-13.93533033597287,2.916347968027866,-4.476957132951709,150.16175329753167
2494,2026-08-04 13:24:28.206317-07:00,14.921535546683309,-13.93533033597287,2.916347968027866,-4.466957132951643,150.14690533460018
2495,2026-08-04 13:24:28.266123-07:00,14.91062972122895,-13.93533033597287,2.906347968027856,-4.436957132951669,150.1953794331208
2496,2026-08-04 13:24:28.325944-07:00,14.996850625543184,-14.045330335972869,2.8963479680277904,-4.386957132951785,150.17903502791748
2497,2026-08-04 13:24:28.385783-07:00,14.869335747700125,-13.86533033597287,2.906347968027856,-4.516957132951749,150.14364569923407
2498,2026-08-04 13:24:28.446130-07:00,14.90752785611256,-13.905330335972868,2.9263479680278204,-4.506957132951683,150.17721640568098
2499,2026-08-04 13:24:28.507081-07:00,14.935704180288818,-13.965330335972872,2.906347968027856,-4.426957132951825,150.13227608796154
2500,2026-08-04 13:24:28.551961-07:00,14.897910717797869,-13.915330335972879,2.906347968027856,-4.4569571329518,150.16009751709092
2501,2026-08-04 13:24:28.612306-07:00,14.949556611856153,-13.965330335972872,2.916347968027866,-4.466957132951643,150.1647538669387
2502,2026-08-04 13:24:28.672145-07:00,14.945188636315422,-13.975330335972869,2.876347968027826,-4.446957132951734,150.1494453062583
2503,2026-08-04 13:24:28.731985-07:00,14.946500358464723,-13.975330335972869,2.836347968027786,-4.476957132951709,150.19692911284474
2504,2026-08-04 13:24:28.791824-07:00,14.918198810117534,-13.945330335972866,2.866347968027816,-4.4569571329518,150.20846878940085
2505,2026-08-04 13:24:28.836704-07:00,14.862382209518579,-13.835330335972868,2.966347968027805,-4.546957132951723,150.17727049353604
2506,2026-08-04 13:24:28.896543-07:00,14.847604488977886,-13.805330335972865,3.0163479680277994,-4.556957132951567,150.17644308877166
2508,2026-08-04 13:24:29.016223-07:00,14.819915550200305,-13.774978630212917,2.956214000835622,-4.597897283923347,150.15245807713202
2509,2026-08-04 13:24:29.076061-07:00,14.796354485519961,-13.734866669403544,2.9461302938854628,-4.648210400393316,150.18112751058598
2510,2026-08-04 13:24:29.135900-07:00,14.796088856950849,-13.734866669403544,2.9761302938854928,-4.628210400393407,150.15169373394966
2511,2026-08-04 13:24:29.195739-07:00,14.822727996064868,-13.74486666940354,3.0461302938854518,-4.638210400393472,150.1517513448947
2512,2026-08-04 13:24:29.255579-07:00,14.809266089236024,-13.734866669403544,3.0561302938854618,-4.618210400393119,150.18040467326733
2513,2026-08-04 13:24:29.315419-07:00,14.806361936100584,-13.724866669403536,3.0261302938854318,-4.658210400393381,150.15086741603116
2514,2026-08-04 13:24:29.375258-07:00,14.825935833550073,-13.734760739827767,3.1362175782934654,-4.61831788228495,150.16459794636359
2516,2026-08-04 13:24:29.494937-07:00,15.057082537236127,-13.724186789369291,3.016041561716809,-5.4097989612960085,150.17329839071706
2517,2026-08-04 13:24:29.554776-07:00,15.096292050606612,-13.619517170881862,3.6244936094300684,-5.410160051649404,150.16170193030632
2518,2026-08-04 13:24:29.614615-07:00,15.676842206123645,-13.569521362492635,5.074522176391483,-5.990049768563432,150.13236397862212
2519,2026-08-04 13:24:29.674454-07:00,16.74616058173301,-13.429521362492647,7.374522176391396,-6.76004976856337,150.0521617802691
2520,2026-08-04 13:24:29.734294-07:00,18.29259875459774,-13.369521362492643,9.764522176391456,-7.780049768563391,149.98808770203942
2521,2026-08-04 13:24:29.794132-07:00,15.8819594250574,-13.371377316551177,4.154462471470666,-7.4955550435396034,150.1268570129163
2522,2026-08-04 13:24:29.853972-07:00,17.42927181359404,-13.22137731655118,4.68446247147064,-10.345555043539845,150.03507055640574
2523,2026-08-04 13:24:29.913811-07:00,19.593499668139245,-13.081381508161988,5.7744910384320285,-13.395444760453401,150.01366870664626
2524,2026-08-04 13:24:29.973650-07:00,22.462380602133717,-12.921506940315213,8.21457144915938,-16.435145774015947,149.8256341105585
2525,2026-08-04 13:24:30.018530-07:00,25.820070918938377,-12.681611032662202,11.754601530410246,-19.175039680181747,149.5647127932768
2527,2026-08-04 13:24:30.138210-07:00,20.417360128262906,-12.984477964647384,12.42035807885744,-9.695701717035599,149.63133976909776
2528,2026-08-04 13:24:30.183088-07:00,23.43742065648032,-12.794477964647388,15.430358078857399,-12.145701717035662,149.40513518177502
2529,2026-08-04 13:24:30.242928-07:00,29.526637896084967,-12.394477964647391,20.360358078857388,-17.425701717035615,148.95891365220697
2531,2026-08-04 13:24:30.362606-07:00,17.311017538930813,-12.742594723565565,5.180690311207714,-10.509902751381084,149.83194063168122
2542,2026-08-04 13:24:31.005878-07:00,12.799440982088282,-10.227115779813445,5.211221547147926,-5.663476164582404,150.10403588429574
2543,2026-08-04 13:24:31.050759-07:00,13.082482903202424,-11.272209363202307,2.3774404137495986,-6.199712256531598,150.19619670226047
2544,2026-08-04 13:24:31.110598-07:00,12.45742299647704,-10.662209363202335,2.3974404137496186,-5.979712256531711,150.17669413763275
2545,2026-08-04 13:24:31.171097-07:00,11.517460090025992,-9.542109462466113,2.5374388994601205,-5.929708067279771,150.21469932258816
2546,2026-08-04 13:24:31.215977-07:00,10.422170401908536,-8.37210946246611,2.3874388994600815,-5.729708067279571,150.1432600081053
2552,2026-08-04 13:24:31.560565-07:00,11.913014203088618,-9.862726026902246,1.8145508937111865,-6.4307035210300345,150.20271117083078
2554,2026-08-04 13:24:31.665805-07:00,8.04557316470684,-4.4727218352914875,0.30452232674982316,-6.680813804116115,150.2078014181564
2555,2026-08-04 13:24:31.725644-07:00,6.964173923001661,-1.772721835291452,-0.6754776732501577,-6.700813804116468,150.25118675137216
2556,2026-08-04 13:24:31.785484-07:00,14.316576910872145,-11.883878818376353,5.11693008670655,-6.128199177802607,150.12413270383428
2557,2026-08-04 13:24:31.846321-07:00,9.45562554006286,-6.4437636066735084,2.866789444242901,-6.29827621000989,150.13430819638523
2558,2026-08-04 13:24:31.905162-07:00,7.761142465117744,-3.6437636066734838,1.986789444242909,-6.558276210009817,150.1687139390261
2559,2026-08-04 13:24:31.950042-07:00,6.7641422953050485,-1.1837636066734936,1.3167894442429051,-6.528276210009842,150.2261016901086
2560,2026-08-04 13:24:32.009881-07:00,6.902455491459986,1.3962363933265054,1.3267894442429151,-6.628276210009831,150.14771646294642
2561,2026-08-04 13:24:32.069720-07:00,11.809983417969946,-9.795277432609717,1.5569608150424186,-6.411249595153379,150.1675430830617
2562,2026-08-04 13:24:32.114601-07:00,9.901376312784476,-7.475277432609728,1.0869608150423926,-6.401249595153091,150.1777190927903
2563,2026-08-04 13:24:32.174440-07:00,8.391415734860766,-5.2752774326097205,0.4369608150424642,-6.511249595153368,150.21065433484833
2564,2026-08-04 13:24:32.234286-07:00,7.320569408908471,-3.305277432609721,-0.09303918495756625,-6.531249595153277,150.26782019473762
2565,2026-08-04 13:24:32.294118-07:00,12.487410936984984,-10.61644403447376,2.595746223291673,-6.040583541040201,150.17358956518373
2566,2026-08-04 13:24:32.353958-07:00,11.077949864331286,-8.926444034473763,2.5357462232916683,-6.050583541040266,150.16455399980018
2567,2026-08-04 13:24:32.398837-07:00,9.982468301402852,-7.546444034473771,2.6557462232916773,-5.970583541040186,150.17778671579515
2568,2026-08-04 13:24:32.458676-07:00,9.086162584797354,-6.226444034473727,2.9557462232917,-5.920583541040081,150.14623942026537
2569,2026-08-04 13:24:32.518516-07:00,13.770631677747119,-11.994859976990819,2.5266416710389428,-6.274528890898967,150.1302001837351
2570,2026-08-04 13:24:32.563899-07:00,12.847402991266037,-10.924859976990831,2.5166416710389328,-6.274528890898967,150.14960549849351
2571,2026-08-04 13:24:32.623738-07:00,11.939865892166,-9.824852108528459,2.5065880453395972,-6.304735913534643,150.12667914381566
2572,2026-08-04 13:24:32.683602-07:00,11.101373532050935,-8.81485210852842,2.676588045339656,-6.19473591353481,150.1197744618422
2573,2026-08-04 13:24:32.743441-07:00,9.603950916304363,-6.794852108528454,3.086588045339622,-6.044735913534716,150.10621370591545
2574,2026-08-04 13:24:32.804278-07:00,12.945475029305163,-10.984925756451158,2.252194858569867,-6.468720752873081,150.1808160001147
2575,2026-08-04 13:24:32.848163-07:00,12.098007799399568,-10.03492575645118,2.172194858569787,-6.398720752873066,150.20193652445212
2576,2026-08-04 13:24:32.908027-07:00,11.273028697817374,-8.964925756451164,2.292194858569796,-6.438720752873106,150.15553478329335
2577,2026-08-04 13:24:32.967838-07:00,10.396911418511532,-7.9549257564511535,2.322194858569826,-6.278720752872946,150.17074960788818
2578,2026-08-04 13:24:33.027678-07:00,13.515513237514282,-11.650220652485139,2.143972180492504,-6.507291303692098,150.14224997976078
2579,2026-08-04 13:24:33.088076-07:00,12.247638544565211,-9.980220652485134,-1.2560278195075658,-6.987291303692134,150.29020211394584
2580,2026-08-04 13:24:33.148421-07:00,13.129332618831459,-9.460220652485141,-4.986027819507521,-7.617291303692042,150.45548758873412
2581,2026-08-04 13:24:33.208259-07:00,15.598312390701173,-9.220224329336697,-9.396002760769518,-8.36719456414281,150.57131908871514
2582,2026-08-04 13:24:33.268604-07:00,14.150161140381108,-12.595332585239872,2.597072010590007,-5.902531180583148,150.15251410704093
2583,2026-08-04 13:24:33.313484-07:00,14.733753208289338,-13.005336262091438,-1.2929029306719686,-6.802434441034011,150.27678694385364
2584,2026-08-04 13:24:33.373484-07:00,16.351467744207593,-13.145221050388622,-5.39304357313558,-8.092511473241304,150.34116550152413
2585,2026-08-04 13:24:33.433829-07:00,19.009240952714283,-13.315324627976356,-9.673017000108086,-9.512418922943633,150.38559015753285
2586,2026-08-04 13:24:33.479705-07:00,22.232249898135624,-13.395324627976379,-13.833017000108082,-11.1124189229439,150.4699939293143
2591,2026-08-04 13:24:33.763449-07:00,14.922941810840987,-13.377129122989107,2.8149069794522474,-5.98522409051272,150.1593168650314
2592,2026-08-04 13:24:33.823289-07:00,15.997615071018648,-13.387129122989089,4.754906979452245,-7.355224090512591,149.99078265618104
2593,2026-08-04 13:24:33.883129-07:00,17.032910803042032,-13.327132799840658,5.60493203819018,-9.00512735096326,149.94605434835927
2594,2026-08-04 13:24:33.942968-07:00,19.325056826789833,-13.357236892187679,6.894962119441017,-12.145021257128796,149.79122584120975
2596,2026-08-04 13:24:34.047686-07:00,15.95735614953682,-13.730431402861537,4.0142570378645654,-7.070941182645285,150.09780008266523
2597,2026-08-04 13:24:34.107525-07:00,16.453424417076054,-14.040539172060107,4.404312177853365,-7.360738349261764,150.12644322142089
2600,2026-08-04 13:24:34.272083-07:00,15.257742989254986,-13.955672040285943,1.7643499032987675,-5.909738441663093,150.23401869604885
2601,2026-08-04 13:24:34.331923-07:00,15.415104288330777,-14.215672040285954,1.714349903298773,-5.709738441663115,150.18286256343043
2602,2026-08-04 13:24:34.391762-07:00,15.489570811176277,-14.325672040285953,1.7343499032987375,-5.629738441663257,150.20037785347716
2604,2026-08-04 13:24:34.496480-07:00,15.52986653788065,-14.385682349537465,1.6943250565612522,-5.599835767707839,150.23665471757167
2605,2026-08-04 13:24:34.556047-07:00,15.563439582150723,-14.363129695179305,1.2619938463533376,-5.859055258186308,150.20499591952014
2606,2026-08-04 13:24:34.615890-07:00,15.551835261926612,-14.353029883244245,1.2320277170626004,-5.8593703492091365,150.23509462665723
2607,2026-08-04 13:24:34.675726-07:00,15.569484437914419,-14.368524338263494,0.5398570182768014,-5.971842965367236,150.24403677380954
2608,2026-08-04 13:24:34.735568-07:00,15.559572276598066,-14.358428203180008,0.5199159477239923,-5.972061316840804,150.23748662567323
2610,2026-08-04 13:24:34.840402-07:00,15.570382851311216,-14.37831675712989,0.5198357489971661,-5.9523608897738,150.25427512480758
2613,2026-08-04 13:24:35.005439-07:00,15.587255518271588,-14.38819383966719,0.5196585407151733,-5.972634898025575,150.27771880917552
2614,2026-08-04 13:24:35.065460-07:00,15.572971864967727,-14.368193839667171,0.5296585407151833,-5.9826348980256405,150.23591832514427
2615,2026-08-04 13:24:35.110368-07:00,15.583096249562061,-14.38819383966719,0.5096585407152188,-5.9626348980257315,150.2182153045631
2616,2026-08-04 13:24:35.170684-07:00,15.576479455712173,-14.368193839667171,0.5196585407151733,-5.992634898025706,150.25037970806508
2617,2026-08-04 13:24:35.230523-07:00,15.578025250817102,-14.378193839667208,0.5196585407151733,-5.972634898025575,150.24825336020572
2618,2026-08-04 13:24:35.290519-07:00,15.576149044722484,-14.368193839667171,0.5096585407152188,-5.992634898025706,150.21491080272753
2619,2026-08-04 13:24:35.350785-07:00,15.58759210919706,-14.38819383966719,0.5296585407151833,-5.972634898025575,150.19148586658326
2620,2026-08-04 13:24:35.395664-07:00,15.596463126800678,-14.368193839667171,0.5396585407151933,-6.0426348980255895,150.16931638260127
2621,2026-08-04 13:24:35.456016-07:00,15.591769419519967,-14.38819383966719,0.5396585407151933,-5.9826348980256405,150.22547644715783
2622,2026-08-04 13:24:35.515858-07:00,15.578025250817102,-14.378193839667208,0.5196585407151733,-5.972634898025575,150.2598248980317
2623,2026-08-04 13:24:35.560735-07:00,15.603305153888366,-14.38819383966719,0.5396585407151933,-6.012634898025615,150.28632293715646
2624,2026-08-04 13:24:35.620574-07:00,15.604222744551333,-14.368193839667171,0.5396585407151933,-6.0626348980254985,150.24734220373182
2625,2026-08-04 13:24:35.680413-07:00,15.574193976483555,-14.378193839667208,0.5196585407151733,-5.9626348980257315,150.19599282895138
2626,2026-08-04 13:24:35.740253-07:00,15.606702460118266,-14.358193839667187,0.5396585407151933,-6.092634898025473,150.28444891882265
2627,2026-08-04 13:24:35.800092-07:00,15.629709801267545,-14.378193839667208,0.5596585407152133,-6.1026348980255385,150.3665942972337
2628,2026-08-04 13:24:35.844971-07:00,15.598943698624174,-14.358189648056408,0.5396299737538413,-6.072745181112005,150.3032907534153
2629,2026-08-04 13:24:35.904811-07:00,15.606856466763107,-14.388189648056409,0.5296299737538313,-6.022745181112121,150.26932999797182
2630,2026-08-04 13:24:35.964656-07:00,15.607707633118638,-14.398189648056391,0.5096299737538668,-6.00274518111199,150.31047974573096
2631,2026-08-04 13:24:36.009529-07:00,15.592367297701239,-14.398189648056391,0.5096299737538668,-5.962745181112172,150.32415663677773
2632,2026-08-04 13:24:36.069369-07:00,15.592367297701239,-14.398189648056391,0.5096299737538668,-5.962745181112172,150.29296716153746
2633,2026-08-04 13:24:36.129208-07:00,15.583463888139168,-14.388189648056409,0.5196299737538213,-5.962745181112172,150.30365442859434
2634,2026-08-04 13:24:36.189048-07:00,15.572009569804118,-14.388189648056409,0.5196299737538213,-5.932745181112198,150.29410828734996
2635,2026-08-04 13:24:36.248887-07:00,15.572991068797057,-14.398189648056391,0.49962997375385676,-5.912745181111845,150.23587647894985
2636,2026-08-04 13:24:36.293766-07:00,15.57744494233268,-14.398189648056391,0.5196299737538213,-5.92274518111191,150.25363412944816
2637,2026-08-04 13:24:36.354110-07:00,15.580595644457292,-14.398189648056391,0.49962997375385676,-5.932745181112198,150.247027417684
2638,2026-08-04 13:24:36.413949-07:00,15.58472996683539,-14.398189648056391,0.5096299737538668,-5.942745181112041,150.25598627919638
2639,2026-08-04 13:24:36.459951-07:00,15.575167791928962,-14.388189648056409,0.49962997375385676,-5.942745181112041,150.2412343888698
2640,2026-08-04 13:24:36.518794-07:00,15.592697346703618,-14.398189648056391,0.5196299737538213,-5.962745181112172,150.26661609429237
2641,2026-08-04 13:24:36.578898-07:00,15.590764502820328,-14.388193324907983,0.5096550324918958,-5.982648441562599,150.2453268169753
2642,2026-08-04 13:24:36.638744-07:00,15.584373477073907,-14.398193324907965,0.4996550324918858,-5.942648441562559,150.24691848787495
2643,2026-08-04 13:24:36.699084-07:00,15.56751511541784,-14.388193324907983,0.4996550324918858,-5.922648441562428,150.24066642013892
2644,2026-08-04 13:24:36.743963-07:00,15.593936438246558,-14.408193324908003,0.5096550324918958,-5.942648441562559,150.2412547491603
2645,2026-08-04 13:24:36.803802-07:00,15.588189427953354,-14.398193324907965,0.4996550324918858,-5.952648441562625,150.27483887341958
2646,2026-08-04 13:24:36.863641-07:00,15.589804603348771,-14.408193324908003,0.4996550324918858,-5.932648441562716,150.2472740635523
2647,2026-08-04 13:24:36.923481-07:00,15.589804603348771,-14.408193324908003,0.4996550324918858,-5.932648441562716,150.24284491676372
2648,2026-08-04 13:24:36.983320-07:00,15.583100841768974,-14.388193324907983,0.5096550324918958,-5.96264844156269,150.26610704467214
2649,2026-08-04 13:24:37.043160-07:00,15.588843313185759,-14.398193324907965,0.5196550324918503,-5.952648441562625,150.35415379374533
2650,2026-08-04 13:24:37.103545-07:00,15.560252970823619,-14.358193324907981,0.5396550324918703,-5.972648441562534,150.19395495880082
2651,2026-08-04 13:24:37.163385-07:00,15.54691325215984,-14.368193324907963,0.5496550324918803,-5.912648441562363,150.23706453672588
2652,2026-08-04 13:24:37.208265-07:00,15.554180290429967,-14.368193324907963,0.5396550324918703,-5.932648441562716,150.25965111013338
2653,2026-08-04 13:24:37.268611-07:00,15.581363495845483,-14.368193324907963,0.5496550324918803,-6.002648441562508,150.14529472241196
2654,2026-08-04 13:24:37.328450-07:00,15.570709720841593,-14.378193324908,0.5296550324918603,-5.952648441562625,150.24096189925612
2655,2026-08-04 13:24:37.388652-07:00,15.589556534879877,-14.378193324908,0.5196550324918503,-6.002648441562508,150.24012465040332
2656,2026-08-04 13:24:37.448763-07:00,15.581866608867966,-14.378193324908,0.5196550324918503,-5.982648441562599,150.22324625513582
2657,2026-08-04 13:24:37.493639-07:00,15.578029851291287,-14.378193324908,0.5196550324918503,-5.972648441562534,150.24538245692173
2658,2026-08-04 13:24:37.553457-07:00,15.579607568117968,-14.388193324907983,0.5196550324918503,-5.952648441562625,150.21722396663452
2659,2026-08-04 13:24:37.613316-07:00,15.5738681122656,-14.378193324908,0.5096550324918958,-5.96264844156269,150.24455604659173
2660,2026-08-04 13:24:37.658174-07:00,15.583431103110467,-14.388193324907983,0.5196550324918503,-5.96264844156269,150.25766387780214
2661,2026-08-04 13:24:37.718014-07:00,15.587260115691278,-14.388193324907983,0.5196550324918503,-5.972648441562534,150.24372995153237
2662,2026-08-04 13:24:37.777854-07:00,15.597565919027023,-14.428193324907967,0.5196550324918503,-5.902648441562519,150.23115043940632
2663,2026-08-04 13:24:37.837693-07:00,15.613083218069669,-14.428193324907967,0.5296550324918603,-5.942648441562559,150.24177772677015
2664,2026-08-04 13:24:37.897531-07:00,15.577057961815928,-14.378193324908,0.4896550324918758,-5.972648441562534,150.22383224389347
2665,2026-08-04 13:24:37.942411-07:00,15.609622279420766,-14.428193324907967,0.5396550324918703,-5.932648441562716,150.25848975326872
2666,2026-08-04 13:24:38.002250-07:00,15.55229940597727,-14.348193324908,0.4596550324918458,-5.982648441562599,150.26504552132104
2667,2026-08-04 13:24:38.062089-07:00,15.625381972044744,-14.448193324907987,0.5696550324919003,-5.922648441562428,150.26339272655872
2668,2026-08-04 13:24:38.121931-07:00,15.583217984569144,-14.368193324907963,0.4896550324918758,-6.012648441562574,150.23557992398128
2669,2026-08-04 13:24:38.181768-07:00,15.618865886250756,-14.438193324907978,0.5396550324918703,-5.932648441562716,150.27022263770914
2670,2026-08-04 13:24:38.226647-07:00,15.557982543102316,-14.358193324907981,0.4696550324918558,-5.972648441562534,150.2494579954398
2671,2026-08-04 13:24:38.286487-07:00,15.600313688356989,-14.408193324908003,0.4696550324918558,-5.96264844156269,150.25931594385133
2672,2026-08-04 13:24:38.346359-07:00,15.603262797638056,-14.428193324907967,0.4596550324918458,-5.922648441562428,150.2434320643336
2673,2026-08-04 13:24:38.406169-07:00,15.558396409603466,-14.348299769242983,0.39957125630707413,-6.002527416133718,150.29923488973165
2675,2026-08-04 13:24:38.526514-07:00,15.522551341903783,-14.28862416883367,0.38167778787789874,-6.053027473099881,150.30314285698776
2676,2026-08-04 13:24:38.586353-07:00,15.484691605175884,-14.248272309402038,0.4993145504735841,-6.042606663040129,150.26590072978536
2679,2026-08-04 13:24:38.750945-07:00,15.504022150021925,-14.258181690792904,0.4495409630557723,-6.072632923472598,150.27266451500057
2680,2026-08-04 13:24:38.810750-07:00,15.502357406702178,-14.278181690792897,0.4295409630557523,-6.022632923472715,150.33461550208824
2681,2026-08-04 13:24:38.870589-07:00,15.522884054079805,-14.298181690792887,0.3595409630557933,-6.032632923472558,150.3039475858256
2682,2026-08-04 13:24:38.930428-07:00,15.533225429724089,-14.32818169079289,0.2695409630557588,-5.9926329234727405,150.32768904966025
2683,2026-08-04 13:24:38.975308-07:00,15.530272876445899,-14.308181690792898,0.2695409630557588,-6.032632923472558,150.32768904966025
2684,2026-08-04 13:24:39.035147-07:00,15.414196433682655,-14.24491607017081,1.474133733915417,-5.701468897089335,150.2868259715352
2685,2026-08-04 13:24:39.094986-07:00,15.579461556896822,-14.434916070170805,0.8341337339154431,-5.801468897089324,150.36251365677057
2686,2026-08-04 13:24:39.154826-07:00,16.216388955310805,-14.844916070170827,-1.8758662660846026,-6.251468897089385,150.38229114938173
2687,2026-08-04 13:24:39.214665-07:00,17.953443814834532,-15.264916070170804,-6.455866266084575,-6.9014688970894245,150.5434915341856
2688,2026-08-04 13:24:39.274504-07:00,15.878997864070579,-14.407043457158514,4.492747136462583,-4.9391188645862005,150.1352048552033
2689,2026-08-04 13:24:39.334343-07:00,18.464962057056862,-14.92704345715848,-8.307252863537396,-7.009118864586439,150.6232577249835
2690,2026-08-04 13:24:39.394183-07:00,22.170434023071298,-14.997043457158494,-14.257252863537378,-7.959118864586223,150.8770818967033
2692,2026-08-04 13:24:39.513861-07:00,28.501044544877246,-15.087261436344729,-22.427221055996537,-9.039017546499606,151.27855469407595
2693,2026-08-04 13:24:39.558741-07:00,15.572271124632156,-14.667019369435042,-0.18233514880308666,-5.2288550074734985,150.3427790755205
2694,2026-08-04 13:24:39.618580-07:00,15.710322338747494,-14.57198800486889,-2.40590693348583,-5.355651725113431,150.3320391681481
2696,2026-08-04 13:24:39.723299-07:00,16.294311306657185,-14.664074022165268,-5.142361429109677,-4.901594940743159,150.59601167391426
2697,2026-08-04 13:24:39.783139-07:00,15.288299654331372,-14.462814327770385,2.7974569329672905,-4.090640872682627,150.39407244208584
2698,2026-08-04 13:24:39.842977-07:00,15.4215812912939,-14.310340696259194,4.7987620286067125,-3.164048304589606,150.29205012922017
2699,2026-08-04 13:24:39.902817-07:00,15.659752658810492,-14.185593356290521,6.20777880490958,-2.3367235126141583,150.3452254862067
2701,2026-08-04 13:24:40.007536-07:00,15.265620549751988,-14.029643929516194,5.782202012771603,-1.6656535844825626,150.5819928458102
2702,2026-08-04 13:24:40.067375-07:00,15.118532704792425,-14.30826465843349,0.23368663604514395,-4.877395223501502,150.26676800128456
2703,2026-08-04 13:24:40.127215-07:00,14.976750582203001,-14.102182466342207,-0.6774950682441883,-4.997250055781999,150.4282701663701
2704,2026-08-04 13:24:40.172094-07:00,15.035622684468334,-14.196867765501581,-1.257525964894951,-4.789313479631074,150.61113868292173
2705,2026-08-04 13:24:40.231933-07:00,15.249058514347293,-14.43491323773255,-2.517561149001535,-4.222434280620524,151.0116969940877
2707,2026-08-04 13:24:40.351612-07:00,15.160240675173247,-14.463171187071328,1.5891986387260582,-4.2572319914844226,150.40015841477407
2708,2026-08-04 13:24:40.411957-07:00,14.982083617324724,-14.405172576837321,1.4472930053751332,-3.854760109868849,150.37668294522177
2709,2026-08-04 13:24:40.456835-07:00,14.878689398551415,-14.324510964107306,0.19917899622934332,-4.017973567010724,150.6011878996988
2710,2026-08-04 13:24:40.517179-07:00,15.200809205819263,-14.32540313480174,-2.2381834711805437,-4.5648614750577465,150.7923348132514
2711,2026-08-04 13:24:40.577018-07:00,15.576359429974657,-14.184020397903009,-1.2472377688075298,-6.315135500659652,150.2865881619269
2712,2026-08-04 13:24:40.621898-07:00,16.116361093906576,-14.213734953820056,-3.566810255484998,-6.707063304689065,150.55102306706655
2714,2026-08-04 13:24:40.741577-07:00,18.110085632221832,-13.921553358097333,-8.714311803568991,-7.630617504123416,151.0283523667047
2715,2026-08-04 13:24:40.801417-07:00,14.925981869799685,-14.035633268003139,1.0279785666811037,-4.972845625007549,150.22731542216115
2716,2026-08-04 13:24:40.861256-07:00,14.9790637432298,-13.974004968770798,-0.7953270283371783,-5.335446623714546,150.50019762683164
2717,2026-08-04 13:24:40.906134-07:00,15.14822549253058,-13.982558587187055,-2.2226867639242864,-5.386692350404898,150.62406677039502
2718,2026-08-04 13:24:40.965975-07:00,15.262493605997411,-13.95040592776764,-3.1852508680740854,-5.308866397928158,150.89021966945873
2720,2026-08-04 13:24:41.085686-07:00,14.750627275426583,-14.13960386763477,1.2340801797131873,-4.016173999587869,150.29932428201457
2721,2026-08-04 13:24:41.145493-07:00,14.706090420521319,-14.309143534647434,1.1283685683774747,-3.2006704196627656,150.3567387707823
2722,2026-08-04 13:24:41.205332-07:00,14.815521371853528,-14.579157910951434,1.3392463814602407,-2.2702967332788315,150.37447800614856
2723,2026-08-04 13:24:41.265172-07:00,15.545291961978034,-14.850855429527659,-0.6264449459828236,-4.55145712097349,150.33981102942838
2724,2026-08-04 13:24:41.325010-07:00,15.673999039972252,-15.221130428193202,-0.1364025006031222,-3.7380247124398913,150.25719720578974
2725,2026-08-04 13:24:41.384882-07:00,16.26315019119317,-15.910782595795038,-0.5792112323032839,-3.3168608169511504,150.30641116270678
2726,2026-08-04 13:24:41.444689-07:00,16.653282518514324,-16.240782595795032,-1.2992112323032823,-3.446860816951114,150.33413136977052
2727,2026-08-04 13:24:41.489568-07:00,16.816637733821423,-16.33076728482838,-1.7593503604774186,-3.60694203841061,150.39402379152807
2731,2026-08-04 13:24:41.713965-07:00,16.216678902594598,-15.752732668376874,1.392253339360855,-3.59078247009581,150.3286121595947
2732,2026-08-04 13:24:41.773804-07:00,16.312063959966466,-15.862722741997153,1.332404768310036,-3.5612013953085775,150.3417432894057
2733,2026-08-04 13:24:41.833827-07:00,16.281852216353286,-15.832722741997152,1.3724047683100205,-3.5412013953084465,150.3069542306837
2734,2026-08-04 13:24:41.894173-07:00,16.251839900001546,-15.80272274199715,1.3624047683100104,-3.5412013953084465,150.35853681544407
2744,2026-08-04 13:24:42.447686-07:00,16.127540134401283,-15.64284469474375,1.2948674030373308,-3.704359465737994,150.33767865276516
2752,2026-08-04 13:24:42.896985-07:00,16.024416668627836,-15.502713013062387,1.0949634799971852,-3.9049806378388396,150.32542513472526
2756,2026-08-04 13:24:43.121387-07:00,15.79294255013527,-15.222728838788251,1.1151061163945652,-4.0548858728424175,150.32817692336866
2757,2026-08-04 13:24:43.181226-07:00,16.106067688496978,-15.092703769079563,-1.404373294134592,-5.4445794122208735,150.4737949340167
2758,2026-08-04 13:24:43.241069-07:00,16.830156961304446,-15.012703769079538,-3.8443732941345896,-6.564579412220883,150.6914501019502
2759,2026-08-04 13:24:43.285949-07:00,17.898842857751806,-14.982703769079537,-6.094373294134591,-7.664579412220984,150.79983024389804
2760,2026-08-04 13:24:43.346294-07:00,15.717468898553358,-14.827191817311041,-0.6604247973777955,-5.172721766794064,150.6369299054484
2761,2026-08-04 13:24:43.406638-07:00,15.659353639627657,-14.687185567782922,-0.9202483096905911,-5.3530439524573925,150.62267947699917
2762,2026-08-04 13:24:43.466477-07:00,15.449485314320407,-14.537281276908342,-0.5302753623624423,-5.203158424795795,150.6055694332083
2763,2026-08-04 13:24:43.526822-07:00,14.949496317300518,-14.187020173669989,1.209190017883388,-4.555629290615482,150.48181631495814
2764,2026-08-04 13:24:43.586663-07:00,15.135783306944532,-14.293331744223565,0.5947948199062913,-4.9435638042372165,150.50109860654663
2765,2026-08-04 13:24:43.647009-07:00,15.078199333670387,-14.133335421075143,0.04481987864435322,-5.253467064687767,150.5327485249366
2766,2026-08-04 13:24:43.707356-07:00,15.059652925471493,-13.973553702023327,-0.6860583430721157,-5.573353310371898,150.53724918081016
2767,2026-08-04 13:24:43.752234-07:00,14.994808033263316,-13.773553702023323,-1.2060583430720806,-5.80335331037185,150.5758826227269
2768,2026-08-04 13:24:43.812075-07:00,14.827061177055244,-13.553335421075118,-1.4151801213556636,-5.843467064687635,150.55078038855305
2769,2026-08-04 13:24:43.871913-07:00,14.800123131220866,-13.889880865722349,-0.2069602738858367,-5.106076936393755,150.5300136659831
2770,2026-08-04 13:24:43.931752-07:00,14.066514284215659,-13.329880865722343,0.6430397261141529,-4.44607693639365,150.45296957935872
2772,2026-08-04 13:24:44.036471-07:00,13.4848431325006,-12.819868879550583,2.012939208335729,-3.6660649152495672,150.32095482260613
2773,2026-08-04 13:24:44.096310-07:00,14.719846498213098,-13.666454860345457,1.2682535708515297,-5.319156452024965,150.42168610408604
2774,2026-08-04 13:24:44.156150-07:00,14.472032015194774,-13.446339346880665,1.0890229576452637,-5.239245920461544,150.3823061157805
2775,2026-08-04 13:24:44.201030-07:00,14.2521938095396,-13.196339346880665,0.8290229576452257,-5.319245920461402,150.37400112354098
2776,2026-08-04 13:24:44.260869-07:00,14.053637619800154,-12.976339346880666,0.539022957645241,-5.369245920461285,150.38285611120756
2777,2026-08-04 13:24:44.320708-07:00,14.974313552707105,-13.842687798465175,1.5809203521078563,-5.487326464618469,150.3959678912096
2778,2026-08-04 13:24:44.380548-07:00,14.264500187814,-13.082690665212393,1.1508100028956025,-5.567297989486963,150.38829339726826
2779,2026-08-04 13:24:44.440386-07:00,13.815346873262348,-12.622702299327464,0.8709240723316913,-5.547313507576979,150.44841336146297
2780,2026-08-04 13:24:44.485267-07:00,13.668542532547528,-12.269986425173823,-0.5544077404771586,-5.997426126882255,150.40550460758791
2782,2026-08-04 13:24:44.604944-07:00,16.246814108740157,-13.532463822075263,-4.102257915859636,-8.000179471733704,151.0666400546702
2783,2026-08-04 13:24:44.664784-07:00,23.638351302037456,-13.672956751408005,-14.38033932661073,-12.846312576151764,151.9447144924152
2784,2026-08-04 13:24:44.724624-07:00,34.647051537664154,-14.351452855068725,-25.699105725367627,-18.275938994171348,152.0447139426114
2785,2026-08-04 13:24:44.769502-07:00,46.12057321074953,-15.114307139562078,-36.28421823930275,-24.127173471870655,151.89255654248788
2786,2026-08-04 13:24:44.829343-07:00,17.389561834103933,-16.735231994366995,-0.8785498647274625,-4.6429539101768835,149.714799022874
2787,2026-08-04 13:24:44.889214-07:00,18.633438630895576,-18.375829708634217,1.0483033294278743,-2.904303334732461,149.66408778672383
2788,2026-08-04 13:24:44.949023-07:00,20.267626932101187,-19.59592812989508,5.150586761939385,-0.4977531462029283,149.5625485435272
2789,2026-08-04 13:24:45.008731-07:00,23.5291345211847,-20.76593689598849,10.73077047807372,2.6919511687122366,149.72528198768907
2791,2026-08-04 13:24:45.128882-07:00,15.660638926488245,-14.992706147421735,3.0903597267257776,-3.305155173714658,150.45463459491071
2792,2026-08-04 13:24:45.188679-07:00,16.504626260084848,-16.20228876692853,1.2007649729899594,-2.9063190082618817,150.47386903189803
2793,2026-08-04 13:24:45.248828-07:00,15.874410377426724,-15.402147419060514,2.160386011003074,-3.1785990618420357,150.45196862695758
2794,2026-08-04 13:24:45.309174-07:00,16.426021924276917,-15.776779145262848,-1.2544344417776687,-4.397025163642709,150.50860172583418
2795,2026-08-04 13:24:45.369014-07:00,16.07760418620274,-15.166623385333589,-1.834781738989627,-5.009637454539639,150.4986895847607
2796,2026-08-04 13:24:45.429360-07:00,16.10633694346698,-15.256626252080824,-1.6848920882018836,-4.879608979408312,150.49409733953007
2799,2026-08-04 13:24:45.593919-07:00,15.847048022116429,-14.946587999044358,-1.524987321651905,-5.040124192010387,150.48609634051368
2801,2026-08-04 13:24:45.713597-07:00,15.78746292779816,-14.851168669740261,-1.4330583046611722,-5.1607285081631815,150.5822556390762
2802,2026-08-04 13:24:45.773436-07:00,16.0011473460363,-14.825296354358253,-2.2916823856127255,-5.567359898415836,150.90979720500158
2803,2026-08-04 13:24:45.818317-07:00,15.822150893084947,-14.731448991824381,-1.996140985158823,-5.41666785507422,150.9101469074481
2804,2026-08-04 13:24:45.878155-07:00,15.33175592592978,-14.798162817159955,1.6179232807670696,-3.668711117907675,150.3318000389304
2807,2026-08-04 13:24:46.057678-07:00,19.227490097897082,-14.907785021770342,12.056496588103343,1.447484449126346,150.4184812067384
2808,2026-08-04 13:24:46.117513-07:00,27.560975541223275,-14.955784632437268,22.240719686599963,6.425127752359927,149.74909878849945
2809,2026-08-04 13:24:46.177352-07:00,46.22274025365592,-14.648909994314756,41.19771205190032,14.98998579799582,149.34854210410145
2811,2026-08-04 13:24:46.297031-07:00,17.673393975355634,-14.469292560254809,10.01939278933367,-1.612512185051651,149.91182168827947
2813,2026-08-04 13:24:46.416717-07:00,25.639722237789027,-14.386135664167215,21.134093970481356,1.945386627386192,149.4593552259223
2814,2026-08-04 13:24:46.476555-07:00,15.399501143877938,-14.413678948537816,3.0964986722407106,-4.449965238244813,150.33393923843857
2815,2026-08-04 13:24:46.536394-07:00,16.78038623008641,-14.329242795411922,8.179457786042649,-3.0578805188161695,150.25911618985918
2816,2026-08-04 13:24:46.596234-07:00,19.34433722322527,-14.295638966643542,12.925668341403352,-1.6628851641904419,149.9790357244971
2817,2026-08-04 13:24:46.656074-07:00,22.12429977148927,-14.355029373793766,16.82513129317764,-0.5768266841719161,149.96405120478448
2818,2026-08-04 13:24:46.700954-07:00,23.837748844182787,-14.428391662632379,18.974613151570953,-0.1544012184184762,149.88255837116125
2819,2026-08-04 13:24:46.760795-07:00,15.325519010662758,-14.262748920320506,1.0631012149549535,-5.505936976468506,149.8594253468644
2820,2026-08-04 13:24:46.821211-07:00,15.488170242971043,-14.212876523654355,0.6331965364991254,-6.121815134808806,150.01902760334153
2821,2026-08-04 13:24:46.866092-07:00,15.676730733724435,-14.230108165266264,0.4262023578184282,-6.563707767162752,150.1742063315787
2823,2026-08-04 13:24:46.986298-07:00,15.94054841661625,-14.701492047360237,0.5187327750362236,-6.139880431408562,150.40651874959113
2824,2026-08-04 13:24:47.046115-07:00,15.960778113678378,-14.603352256947948,2.2830791128603534,-6.022963607559717,150.37325493696858
2826,2026-08-04 13:24:47.165794-07:00,16.859605878065125,-14.582118660410204,-1.4809119468042198,-8.33156801227819,150.3385232518291
2828,2026-08-04 13:24:47.285501-07:00,18.877537782327888,-14.918237271839857,-6.104271462067046,-9.82575693479637,150.45903745686874
2829,2026-08-04 13:24:47.345311-07:00,20.564734912741017,-15.158823075483301,-8.898091246021366,-10.674379474938211,150.51179469682566
2830,2026-08-04 13:24:47.405150-07:00,21.674397093200426,-15.231808556844861,-10.568728522744541,-11.228244513453056,150.61778378975006
2831,2026-08-04 13:24:47.450030-07:00,21.724293572456872,-15.092793070449334,-10.791304760346732,-11.300454421137474,150.57039687230048
2832,2026-08-04 13:24:47.509869-07:00,16.165780732522286,-14.862051178324482,-0.8646427458472161,-6.301134373024153,150.23016453690948
2833,2026-08-04 13:24:47.569709-07:00,15.703438123285885,-14.801061909207686,1.0930878203711525,-5.131441733920994,150.28550077050713
2834,2026-08-04 13:24:47.615586-07:00,15.7111603593579,-14.791221327143973,3.731978813672543,-3.7593437756076042,150.2207931259808
2836,2026-08-04 13:24:47.734268-07:00,16.1507576752212,-14.67561900809744,-0.5555966764098641,-6.720453299149387,150.34230799390483
2837,2026-08-04 13:24:47.794140-07:00,15.852912478223802,-14.675544567270855,2.314758820912033,-5.530381297639497,150.26202781708994
2838,2026-08-04 13:24:47.854482-07:00,16.071779290215844,-14.655544567270834,4.524758820912023,-4.8003812976396,150.23193980457305
2839,2026-08-04 13:24:47.899332-07:00,16.429291379189713,-14.655544567270834,6.024758820912024,-4.340381297639473,150.2089519045608
2840,2026-08-04 13:24:47.959180-07:00,16.909550749859598,-14.765544567270862,7.204758820912039,-4.000381297639688,150.18341436946673
2841,2026-08-04 13:24:48.019020-07:00,16.55296768657442,-14.830200014163408,-1.7930528570977433,-7.130979471597021,150.42584757873257
2842,2026-08-04 13:24:48.063900-07:00,16.504658606428702,-14.890200014163412,-1.2930528570977429,-7.000979471596835,150.36270066846686
2843,2026-08-04 13:24:48.123767-07:00,16.65244563930264,-15.060461409597714,-1.5328840415068101,-6.938062727825489,150.39590607859665
2844,2026-08-04 13:24:48.183579-07:00,16.695272879302795,-15.140461409597739,-1.4328840415067656,-6.888062727825606,150.41448827688103
2845,2026-08-04 13:24:48.243420-07:00,16.72541372854625,-15.17046140959774,-1.5128840415068456,-6.87806272782554,150.3975851884441
2846,2026-08-04 13:24:48.303259-07:00,16.711709655481275,-15.160461409597703,-1.4128840415068011,-6.888062727825606,150.40431123735465
2847,2026-08-04 13:24:48.348647-07:00,16.698753463588357,-15.140461409597739,-1.4728840415068056,-6.888062727825606,150.39897714860749
2848,2026-08-04 13:24:48.408485-07:00,16.72333253027147,-15.180461409597722,-1.4328840415067656,-6.868062727825475,150.38247242772425
2849,2026-08-04 13:24:48.469404-07:00,16.706069588752328,-15.150461409597721,-1.4528840415068411,-6.888062727825606,150.3575634959093
2850,2026-08-04 13:24:48.514283-07:00,16.72419231529183,-15.180461409597722,-1.4428840415068311,-6.868062727825475,150.40262787774734
2851,2026-08-04 13:24:48.574629-07:00,16.708647229001524,-15.17046140959774,-1.4628840415067956,-6.848062727825344,150.402826964935
2852,2026-08-04 13:24:48.634973-07:00,16.719227273568364,-15.17046140959774,-1.4428840415068311,-6.87806272782554,150.42041910619142
2853,2026-08-04 13:24:48.694812-07:00,16.69869531772459,-15.160461409597703,-1.4528840415068411,-6.848062727825344,150.4277442449256
2854,2026-08-04 13:24:48.754651-07:00,16.715115894622894,-15.17046140959774,-1.4428840415068311,-6.868062727825475,150.37515069550872
2855,2026-08-04 13:24:48.814491-07:00,16.706069588752328,-15.150461409597721,-1.4528840415068411,-6.888062727825606,150.42794334312353
2856,2026-08-04 13:24:48.874330-07:00,16.71015414043327,-15.160461409597703,-1.4428840415068311,-6.87806272782554,150.43812100017067
2857,2026-08-04 13:24:48.934170-07:00,16.720954070421403,-15.180461409597722,-1.4528840415068411,-6.858062727825631,150.38612508218074
2858,2026-08-04 13:24:48.994009-07:00,16.743140997785936,-15.17046140959774,-1.4328840415067656,-6.938062727825489,150.46071629420527
2859,2026-08-04 13:24:49.053848-07:00,16.72920196829497,-15.17046140959774,-1.4628840415067956,-6.898062727825449,150.4579714717168
2860,2026-08-04 13:24:49.113687-07:00,16.73737628235903,-15.160461409597703,-1.4228840415068111,-6.948062727825555,150.39852936831073
2862,2026-08-04 13:24:49.233366-07:00,16.748921640696892,-15.180461409597722,-1.4428840415068311,-6.928062727825424,150.43921143294395
2863,2026-08-04 13:24:49.293205-07:00,16.731591209114015,-15.17046140959774,-1.4428840415068311,-6.908062727825515,150.4803540107352
2864,2026-08-04 13:24:49.353044-07:00,16.732415578988622,-15.180461409597722,-1.4428840415068311,-6.888062727825606,150.38398322033024
2866,2026-08-04 13:24:49.457763-07:00,16.720954070421403,-15.180461409597722,-1.4528840415068411,-6.858062727825631,150.56560417940224
2867,2026-08-04 13:24:49.517604-07:00,16.70455120524532,-15.17046140959774,-1.4628840415067956,-6.838062727825278,150.5309684839955
2868,2026-08-04 13:24:49.562482-07:00,16.727946384169986,-15.170939885606721,-1.4445078989863136,-6.8978380778863535,150.43681662190116
2869,2026-08-04 13:24:49.622322-07:00,16.716855080145358,-15.180461409597722,-1.4528840415068411,-6.848062727825344,150.4357751439161
2870,2026-08-04 13:24:49.682163-07:00,16.73036671568124,-15.200461409597743,-1.4928840415067701,-6.828062727825435,150.43003885720674
2871,2026-08-04 13:24:49.742575-07:00,16.732199940267318,-15.210461409597725,-1.5028840415068356,-6.808062727825304,150.49433114206218
2872,2026-08-04 13:24:49.802414-07:00,16.759975228957043,-15.240461409597728,-1.5528840415067746,-6.79806272782546,150.43921143294395
2873,2026-08-04 13:24:49.847294-07:00,16.74963498811229,-15.230461409597746,-1.5828840415068046,-6.788062727825395,150.4277442449256
2874,2026-08-04 13:24:49.907133-07:00,16.739947307480065,-15.220461409597707,-1.5328840415068101,-6.79806272782546,150.4102421141882
2875,2026-08-04 13:24:49.966973-07:00,16.723109926472713,-15.200461409597743,-1.5028840415068356,-6.808062727825304,150.433278985209
2876,2026-08-04 13:24:50.011874-07:00,16.724514756038726,-15.200461409597743,-1.4728840415068056,-6.818062727825369,150.468384621379
2877,2026-08-04 13:24:50.072296-07:00,16.711350135228653,-15.190461409597706,-1.4728840415068056,-6.808062727825304,150.433278985209
2878,2026-08-04 13:24:50.132711-07:00,16.722214205423274,-15.200461409597743,-1.4928840415067701,-6.808062727825304,150.43408123058256
2879,2026-08-04 13:24:50.192581-07:00,16.71451159554728,-15.180461409597722,-1.4728840415068056,-6.838062727825278,150.4305970388234
2880,2026-08-04 13:24:50.252418-07:00,16.721324416780803,-15.200461409597743,-1.4828840415068156,-6.808062727825304,150.40411304917703
2881,2026-08-04 13:24:50.297266-07:00,16.718605179028597,-15.180461409597722,-1.4728840415068056,-6.848062727825344,150.43308079029936
2882,2026-08-04 13:24:50.357106-07:00,16.71451159554728,-15.180461409597722,-1.4728840415068056,-6.838062727825278,150.51698829621
2883,2026-08-04 13:24:50.416946-07:00,16.746541284910638,-15.160461409597703,-1.4328840415067656,-6.968062727825464,150.49098513035125
2884,2026-08-04 13:24:50.461854-07:00,16.711875891022846,-15.17046140959774,-1.4528840415068411,-6.858062727825631,150.3475970239883
2885,2026-08-04 13:24:50.521665-07:00,16.695272879302795,-15.140461409597739,-1.4328840415067656,-6.888062727825606,150.3394768124333
2886,2026-08-04 13:24:50.581503-07:00,16.691993948564253,-15.150461409597721,-1.4328840415067656,-6.858062727825631,150.41373776530799
2887,2026-08-04 13:24:50.641343-07:00,16.69141963777089,-15.17046140959774,-1.4528840415068411,-6.808062727825304,150.44733675022226
2888,2026-08-04 13:24:50.701183-07:00,16.700945279136768,-15.170939885606721,-1.464507898986278,-6.827838077886339,150.4473956462483
2889,2026-08-04 13:24:50.746061-07:00,16.716854211613352,-15.17046140959774,-1.4628840415067956,-6.868062727825475,150.4438532873457
2890,2026-08-04 13:24:50.805901-07:00,16.705429915135166,-15.17046140959774,-1.4728840415068056,-6.838062727825278,150.433278985209
2892,2026-08-04 13:24:50.910619-07:00,16.711892973529338,-15.160461409597703,-1.4628840415067956,-6.87806272782554,150.3865211266476
2893,2026-08-04 13:24:50.970459-07:00,16.707779789790802,-15.160461409597703,-1.4628840415067956,-6.868062727825475,150.42754544941482
2894,2026-08-04 13:24:51.030299-07:00,16.707779789790802,-15.160461409597703,-1.4628840415067956,-6.868062727825475,150.36961847572027
2895,2026-08-04 13:24:51.090137-07:00,16.70133908987356,-15.17046140959774,-1.4728840415068056,-6.828062727825435,150.42674886933733
2896,2026-08-04 13:24:51.150482-07:00,16.712748232345888,-15.17046140959774,-1.4628840415067956,-6.858062727825631,150.42951667443808
2897,2026-08-04 13:24:51.195362-07:00,16.711892973529338,-15.160461409597703,-1.4628840415067956,-6.87806272782554,150.3803937611173
2898,2026-08-04 13:24:51.255132-07:00,16.717732274838152,-15.17046140959774,-1.4728840415068056,-6.868062727825475,150.40183529058004
2899,2026-08-04 13:24:51.314972-07:00,16.718616273304303,-15.17046140959774,-1.4828840415068156,-6.868062727825475,150.39324648841736
2900,2026-08-04 13:24:51.374811-07:00,16.713486832062017,-15.190461409597706,-1.4028840415067911,-6.828062727825435,150.3759452407968
2901,2026-08-04 13:24:51.434651-07:00,16.68037321734657,-15.1304614095977,-1.4128840415068011,-6.87806272782554,150.42714859439505
2902,2026-08-04 13:24:51.494489-07:00,16.68143245696141,-15.090461409597717,-1.5528840415067746,-6.938062727825489,150.42615155215424
2903,2026-08-04 13:24:51.554747-07:00,16.715441887129995,-15.160461409597703,-1.5028840415068356,-6.87806272782554,150.41468737334105
2904,2026-08-04 13:24:51.614586-07:00,16.64345608543286,-15.030465086449285,-1.5928589827687856,-6.9679659882762035,150.4148201589384
2905,2026-08-04 13:24:51.659780-07:00,16.621253033982068,-15.01046089483854,-1.5928875497301376,-6.958076271362357,150.41841881480102
2906,2026-08-04 13:24:51.719619-07:00,16.543051894201298,-14.880309326520097,-1.5932062799807745,-7.050578279172992,150.41375561951034
2907,2026-08-04 13:24:51.779964-07:00,16.491943502149663,-14.829634006068765,-1.4331935730928502,-7.071924201106139,150.41211657845025
2908,2026-08-04 13:24:51.840308-07:00,16.431142567934163,-14.749904910510175,-1.4053829249459637,-7.102650917295339,150.36479094349883
2909,2026-08-04 13:24:51.900148-07:00,16.59154381793866,-14.952023951922689,-1.3688612540878053,-7.059923857292372,150.38513542428785
2910,2026-08-04 13:24:51.945533-07:00,16.628556837700497,-14.78688911281037,-1.4987069481522952,-7.457257562512254,150.3978533239652
2911,2026-08-04 13:24:52.005373-07:00,16.725983417749596,-14.861966670852961,-1.3527106648650866,-7.553187527292726,150.2704213894072
2912,2026-08-04 13:24:52.065214-07:00,16.687066701344655,-14.937134126753016,-1.3378097316199544,-7.317819640883405,150.22304309001498
2913,2026-08-04 13:24:52.110090-07:00,16.835870163059354,-15.024961255767993,-1.3033440124557982,-7.483205048323782,150.25373687858362
2914,2026-08-04 13:24:52.169930-07:00,16.816817332967396,-14.943525369758959,-1.3560153743806813,-7.593261291316544,150.36710269273414
2915,2026-08-04 13:24:52.229769-07:00,16.793238626519585,-14.944006017182543,-1.3473999914362933,-7.541489308400484,150.44371686621213
2916,2026-08-04 13:24:52.289609-07:00,16.704736388059967,-14.806763507301563,-1.3483563964064582,-7.615110456302476,150.371286979199
2917,2026-08-04 13:24:52.349449-07:00,16.920879792952324,-14.994357487289694,-1.3080267293316683,-7.731395901533933,150.35088526763278
2919,2026-08-04 13:24:52.454167-07:00,17.063021147061164,-15.00817843946603,-1.1164957528800867,-8.040815122113187,150.37584811007133
2920,2026-08-04 13:24:52.514006-07:00,17.157687370390256,-14.99669302831172,-1.0893731250902206,-8.264302772101662,150.4325565138846
2922,2026-08-04 13:24:52.618735-07:00,17.29900395930664,-15.050591484689846,-0.8762749411218573,-8.483358778965444,150.38257982564807
2924,2026-08-04 13:24:52.738404-07:00,17.37256870494884,-14.959831489359699,-0.7984292978172602,-8.796140964907107,150.4576113304089
2925,2026-08-04 13:24:52.798243-07:00,17.400868327035692,-14.941301091711406,-0.6873182023919844,-8.892431271048329,150.41247500215158
2926,2026-08-04 13:24:52.843122-07:00,17.400318010187547,-14.884145673169952,-0.6062255773238712,-8.99253940691458,150.39990128275218
2927,2026-08-04 13:24:52.903467-07:00,17.355834921013688,-14.815713911372208,-0.4870780391856844,-9.026759223862868,150.5540628030495
2929,2026-08-04 13:24:53.008185-07:00,17.363843343881474,-14.82000394064656,-0.3111379256307556,-9.04288295076916,150.67176227069675
2930,2026-08-04 13:24:53.068029-07:00,17.350344443158434,-14.852040687560464,-0.21385049753386287,-8.966917400979657,150.32236870370602
2931,2026-08-04 13:24:53.127900-07:00,17.394049436262883,-14.92483938094219,-0.18213089441038166,-8.931346683537456,150.39256708306388
2932,2026-08-04 13:24:53.187707-07:00,17.39209786552098,-14.964239448606476,-0.1437223674085608,-8.862051103990298,150.4548694312596
2933,2026-08-04 13:24:53.247568-07:00,17.394201311707356,-14.955138561938336,-0.1729468825176772,-8.880999900982678,150.43509894645402
2934,2026-08-04 13:24:53.292428-07:00,17.362971656993043,-14.895138561938332,-0.1529468825176017,-8.920999900982496,150.44923212650764
2936,2026-08-04 13:24:53.412614-07:00,17.35098945397008,-14.905264597651929,-0.13282757856819538,-8.881006651283219,150.44710777482973
2937,2026-08-04 13:24:53.457999-07:00,17.385947826271444,-14.97526762710169,-0.16292086789948534,-8.830968129560635,150.4362444222359
2939,2026-08-04 13:24:53.578184-07:00,17.378816261385413,-14.95528212796396,-0.15291714767556863,-8.850955172519104,150.43336127938778
2940,2026-08-04 13:24:53.638025-07:00,17.3982128125774,-14.96527220158425,-0.19276571872639536,-8.871374097731755,150.4504772907888
2943,2026-08-04 13:24:53.802582-07:00,17.459900151573038,-15.065272201584268,-0.26276571872640986,-8.821374097731871,150.4363997916855
2944,2026-08-04 13:24:53.862421-07:00,17.384006130373546,-14.96527220158425,-0.27276571872636435,-8.84137409773178,150.4623516032462
2945,2026-08-04 13:24:53.907302-07:00,17.51742509974781,-15.195498049232924,-0.27268028548615986,-8.711065757009306,150.43841167585597
2946,2026-08-04 13:24:53.967141-07:00,17.47598275630411,-15.105247742339317,-0.3028786737337419,-8.783491814204014,150.42986688594078
2948,2026-08-04 13:24:54.086819-07:00,17.529141306793477,-15.20535551153787,-0.3828235337448582,-8.713288980820577,150.444589913462
2949,2026-08-04 13:24:54.146658-07:00,17.544753110386218,-15.20535551153787,-0.4128235337448882,-8.743288980820552,150.44292871387745
2951,2026-08-04 13:24:54.251376-07:00,17.630044135788502,-15.362899417154907,-1.846650931741911,-8.44924008799186,150.47624097809646
2952,2026-08-04 13:24:54.311216-07:00,17.61079206498769,-15.562899417154942,-2.6366509317419795,-7.809240087991665,150.47180757883888
2953,2026-08-04 13:24:54.371057-07:00,17.91090347228252,-16.252899417154936,-5.846650931741914,-4.739240087991758,150.45339887888989
2954,2026-08-04 13:24:54.430896-07:00,16.799562014595885,-15.514264719260318,-0.5029268863452341,-6.424946587323399,150.42773208240067
2955,2026-08-04 13:24:54.476294-07:00,16.71008783106335,-16.04426471926032,-3.1529268863452753,-3.4449465873234164,150.4160046933256
2956,2026-08-04 13:24:54.536134-07:00,17.630124587364644,-16.594364619996526,-5.952925372055717,0.10504922342469136,150.41765469259602
2957,2026-08-04 13:24:54.596479-07:00,19.7932308352876,-17.174364619996496,-8.9329253720557,4.125049223424604,150.45145288808453
2958,2026-08-04 13:24:54.641359-07:00,23.031321423915625,-17.71436461999651,-11.962925372055732,8.575049223424669,150.43192959625185
2959,2026-08-04 13:24:54.701102-07:00,16.520713341280413,-15.599648016151185,-0.9517091705399383,-5.355296512020713,150.40560321088338
2960,2026-08-04 13:24:54.761424-07:00,16.597092485871762,-16.049652207762,-4.1316806035786025,-0.8951862289343637,150.39876887756012
2963,2026-08-04 13:24:54.940911-07:00,16.98927280486065,-15.18437285588578,5.076255072316266,-5.683471285420572,150.30758733261808
2964,2026-08-04 13:24:55.000750-07:00,16.105213998518614,-15.3143728558858,4.7462550723162416,-1.523471285420408,150.30654941948302
2965,2026-08-04 13:24:55.060416-07:00,16.085776266758455,-15.44437285588579,3.9462550723162737,2.1565287145794976,150.2534243692795
2966,2026-08-04 13:24:55.120255-07:00,17.627332611760316,-15.714372855885783,0.7962550723162598,7.9465287145796815,150.21749115249852
2967,2026-08-04 13:24:55.179847-07:00,16.905471556697254,-15.067863272200249,1.6264087854904186,-7.490611418773385,150.40050378721986
2968,2026-08-04 13:24:55.224727-07:00,16.155135769913446,-15.117863272200216,-0.7135912145095624,-5.650611418773321,150.40050378721986
2969,2026-08-04 13:24:55.284566-07:00,16.107749241300613,-15.277863272200237,-2.9835912145095564,-4.140611418773421,150.37503270205042
2970,2026-08-04 13:24:55.344405-07:00,16.42374510020763,-15.327863272200231,-5.113591214509549,-2.940611418773331,150.40041544642895
2971,2026-08-04 13:24:55.389286-07:00,17.039672712191372,-15.457863272200223,-6.893591214509554,-1.9706114187731938,150.45178118181113
2972,2026-08-04 13:24:55.449125-07:00,17.336369955317235,-15.0909352848681,0.45074220538418586,-8.521163472192894,150.36819667034106
2973,2026-08-04 13:24:55.508964-07:00,17.185689980996866,-15.186105957143203,-0.3906512347709168,-8.036013787577012,150.20458908778693
2974,2026-08-04 13:24:55.568803-07:00,17.206162824014758,-15.304924024403254,-1.1668460812011283,-7.774947585452718,150.54016153673655
2975,2026-08-04 13:24:55.628643-07:00,17.205718110457287,-15.344540267672791,-1.1213469924742925,-7.702233480799903,150.54394537002838
2976,2026-08-04 13:24:55.673533-07:00,17.800494416724735,-15.349291743811582,0.019072802766917363,-9.014237664461744,150.55081210357244
2977,2026-08-04 13:24:55.733362-07:00,17.788680272799166,-15.40390014824547,0.37289349212288325,-8.88920449277042,150.30494255173096
2978,2026-08-04 13:24:55.793200-07:00,17.784173955550507,-15.492825395333366,0.80193844778223,-8.69517678238707,150.33365493555533
2979,2026-08-04 13:24:55.853040-07:00,17.744306103527123,-15.546010422631012,1.3184613961114977,-8.452432702014345,150.01596680561528
2980,2026-08-04 13:24:55.912879-07:00,18.038931087533257,-15.551411490967643,0.880238158665253,-9.098451307964606,150.03197937480374
2981,2026-08-04 13:24:55.957758-07:00,17.96859347163935,-15.576901797997506,1.8591867405593765,-8.762072037384216,150.03027737741397
2982,2026-08-04 13:24:56.017598-07:00,18.05274560429245,-15.59576517314118,4.377643334362857,-7.969314359130619,150.5207583376245
2983,2026-08-04 13:24:56.077437-07:00,18.33520097767687,-15.659841850034246,5.908928417627996,-7.485553625421915,150.4856849752019
2984,2026-08-04 13:24:56.122317-07:00,18.63103402918282,-15.634399294219726,7.383259340628001,-6.940350799095052,150.48546341141267
2985,2026-08-04 13:24:56.182661-07:00,17.93958635269872,-15.680675985182496,1.4034918004478536,-8.600893553563527,150.2514181063308
2986,2026-08-04 13:24:56.242501-07:00,17.801353286553802,-15.657760942602405,2.5858293129615575,-8.064501711900318,150.28491025145266
2987,2026-08-04 13:24:56.302341-07:00,17.762437081755554,-15.746281076153391,3.5501006032184756,-7.413203697533621,150.20646881759455
2988,2026-08-04 13:24:56.362181-07:00,17.640951680566953,-15.727549616826126,4.334389391109833,-6.71270644767108,149.88006966196858
2989,2026-08-04 13:24:56.407063-07:00,18.245299570662805,-15.685156528829236,-0.6172049861831452,-9.299778443295548,150.17466021034446
2990,2026-08-04 13:24:56.466902-07:00,17.54616062129323,-15.6047017110027,0.04632298562590176,-8.022399344326692,150.39114458505588
2991,2026-08-04 13:24:56.526741-07:00,17.438040937478124,-15.560559772934496,-0.4729663459555056,-7.856879413971507,150.34109607152453
2993,2026-08-04 13:24:56.646420-07:00,17.909592313211856,-15.838397123611237,-0.9659265716187027,-8.304556534727281,150.28143470634473
2994,2026-08-04 13:24:56.706763-07:00,17.846543085100425,-15.9296279511284,-0.9111712282163786,-7.99473704507192,150.26589164742273
2995,2026-08-04 13:24:56.766602-07:00,17.236859974931264,-15.813181872927906,0.16981841607663362,-6.857388902100636,150.24418161677437
2996,2026-08-04 13:24:56.827012-07:00,17.031708601584796,-15.868142437520467,0.6305983433417817,-6.154957286710783,150.1908093486388
2997,2026-08-04 13:24:56.872399-07:00,16.9058792787165,-15.85851527354129,0.946676453416534,-5.781007801235027,150.27677159131375
2998,2026-08-04 13:24:56.932239-07:00,17.670328047160755,-15.842477717042836,-1.117428935598408,-7.746466656041617,150.27681320349242
3000,2026-08-04 13:24:57.037462-07:00,17.706919317414275,-15.871867947082313,-1.4582573206541327,-7.713124215942502,150.21227400838677
3003,2026-08-04 13:24:57.216980-07:00,17.66241624956877,-15.759845929660592,-0.7290468475805723,-7.9408245630050445,150.27208772160043
3005,2026-08-04 13:24:57.321699-07:00,17.238364729598313,-15.701450195344997,0.8711551588877209,-7.061640673590164,150.15225856525294
3007,2026-08-04 13:24:57.441378-07:00,17.45988338155091,-15.72647414311451,-1.9418757133486952,-7.331756777008813,150.33174483462665
3008,2026-08-04 13:24:57.501217-07:00,17.391386417061536,-15.77052834899334,-2.085935016747198,-7.028487191925281,150.42634725475037
3009,2026-08-04 13:24:57.561057-07:00,17.22324293998735,-15.68255908587024,-2.073500032805292,-6.81161034572364,150.3645808942372
3010,2026-08-04 13:24:57.605936-07:00,17.025669353907386,-15.536842889069591,-2.067263747771164,-6.648785647477284,150.363870294522
3011,2026-08-04 13:24:57.665775-07:00,16.683568405903912,-15.251913651591426,-2.190164399080624,-6.397168484874705,150.1094030141879
3013,2026-08-04 13:24:57.785466-07:00,16.532943012794888,-15.219235895740951,-2.2219628466488004,-6.0643173170791265,150.1973834595568
3015,2026-08-04 13:24:57.905639-07:00,17.02974888371988,-15.171753548330308,-4.8233497234422,-6.046944580253344,150.30885269997913
3016,2026-08-04 13:24:57.965477-07:00,16.929801179824384,-15.060736061569907,-4.949232991311531,-5.941169082749997,150.19443536516889
3017,2026-08-04 13:24:58.025317-07:00,16.55222371776846,-15.02307966766217,-3.5890034646367255,-5.949978271637457,150.2015320851761
3019,2026-08-04 13:24:58.130699-07:00,16.50274845758245,-15.009430358372489,-3.625528076771661,-5.823508661962018,150.21858579672622
3020,2026-08-04 13:24:58.190537-07:00,16.557857886080342,-15.060601711070348,-3.716086611345898,-5.790650582889079,150.26107438109256
3022,2026-08-04 13:24:58.310217-07:00,16.70877544533115,-15.190320150481357,-3.9278152378959543,-5.7453997306831095,150.23606080669717
3026,2026-08-04 13:24:58.519938-07:00,16.948681846284863,-15.560417125797393,-3.9379350970364655,-5.442784431640257,150.22131954259967
3028,2026-08-04 13:24:58.640123-07:00,16.93776502774169,-15.580429111969135,-3.9078345792580294,-5.372796452784101,150.2506777097943
3029,2026-08-04 13:24:58.700271-07:00,16.962580326756875,-15.590429111969117,-3.947834579258042,-5.39279645278401,150.267620296207
3032,2026-08-04 13:24:58.880603-07:00,16.95744556879849,-15.580443612831424,-3.9378308590341806,-5.412783495742479,150.2680685564792
3034,2026-08-04 13:24:58.985327-07:00,16.947313494985156,-15.580443612831424,-3.907830859034178,-5.402783495742414,150.24147838600902
3035,2026-08-04 13:24:59.045162-07:00,16.950593878577422,-15.580433686451789,-3.907679430084965,-5.413202420955221,150.30193192150534
3036,2026-08-04 13:24:59.105001-07:00,16.958034101586147,-15.590433686451771,-3.927679430084985,-5.39320242095509,150.2513599578482
3037,2026-08-04 13:24:59.164840-07:00,16.960679584557127,-15.590433686451771,-3.897679430084983,-5.4232024209552865,150.23110107863357
3038,2026-08-04 13:24:59.224680-07:00,16.95723556798086,-15.590182217397192,-3.907999674625129,-5.405700239513589,150.26696364258225
3039,2026-08-04 13:24:59.269560-07:00,16.950532569284203,-15.600185894248748,-3.9079746158871,-5.355603499964223,150.2758398730805
3040,2026-08-04 13:24:59.329399-07:00,16.966972890569355,-15.600185894248748,-3.937974615887102,-5.385603499964198,150.3189733372973
3041,2026-08-04 13:24:59.389238-07:00,16.942518577067446,-15.580185894248782,-3.89797461588709,-5.395603499964263,150.28217170290398
3042,2026-08-04 13:24:59.449077-07:00,16.944493581529077,-15.590185894248766,-3.9079746158871,-5.365603499964289,150.2428454093104
3043,2026-08-04 13:24:59.508917-07:00,16.943387431817897,-15.600185894248748,-3.91797461588711,-5.325603499964249,150.21539551115006
3044,2026-08-04 13:24:59.553795-07:00,16.950957973731416,-15.610185894248785,-3.937974615887102,-5.30560349996434,150.16562339531566
3045,2026-08-04 13:24:59.613635-07:00,16.937328184126336,-15.590185894248766,-3.91797461588711,-5.335603499964314,150.35372450594323
3046,2026-08-04 13:24:59.673474-07:00,16.958638445615648,-15.590185894248766,-3.9279746158870923,-5.395603499964263,150.45044571288858
3047,2026-08-04 13:24:59.733314-07:00,16.9666742933671,-15.610185894248785,-3.937974615887102,-5.355603499964223,150.4829844789239
3048,2026-08-04 13:24:59.793657-07:00,16.9658446297119,-15.610185894248785,-3.9479746158871123,-5.34560349996438,150.47238665360098
3049,2026-08-04 13:24:59.853497-07:00,16.954318647156548,-15.600185894248748,-3.937974615887102,-5.34560349996438,150.4983559606339
3050,2026-08-04 13:24:59.913336-07:00,16.97215684995639,-15.610185894248785,-3.9479746158871123,-5.365603499964289,150.45812437902225
3051,2026-08-04 13:24:59.973176-07:00,16.970149708806794,-15.600185894248748,-3.937974615887102,-5.395603499964263,150.4649367327445
3053,2026-08-04 13:25:00.078222-07:00,16.96148276263016,-15.600185894248748,-3.9279746158870923,-5.375603499964354,150.45346651064688
3054,2026-08-04 13:25:00.138061-07:00,16.964141283643887,-15.590185894248766,-3.937974615887102,-5.405603499964329,150.46184585098342
3055,2026-08-04 13:25:00.197900-07:00,16.95460566576036,-15.590185894248766,-3.937974615887102,-5.375603499964354,150.5155287983808
3056,2026-08-04 13:25:00.257740-07:00,16.95031760141712,-15.580185894248782,-3.91797461588711,-5.405603499964329,150.50207506814334
3057,2026-08-04 13:25:00.302619-07:00,16.952285798355202,-15.590185894248766,-3.9279746158870923,-5.375603499964354,150.441422123703
3058,2026-08-04 13:25:00.362458-07:00,16.966972890569355,-15.600185894248748,-3.937974615887102,-5.385603499964198,150.3881561426336
3059,2026-08-04 13:25:00.422297-07:00,16.96465471434646,-15.600185894248748,-3.9279746158870923,-5.385603499964198,150.36923268069688
3060,2026-08-04 13:25:00.482137-07:00,16.952285798355202,-15.590185894248766,-3.9279746158870923,-5.375603499964354,150.41759727107387
3061,2026-08-04 13:25:00.542481-07:00,16.952285798355202,-15.590185894248766,-3.9279746158870923,-5.375603499964354,150.44356888695305
3062,2026-08-04 13:25:00.602320-07:00,16.96501229204132,-15.590185894248766,-3.9279746158870923,-5.415603499964394,150.45702154990698
3063,2026-08-04 13:25:00.662159-07:00,16.939644196650587,-15.590185894248766,-3.9279746158870923,-5.335603499964314,150.29809079190855
3064,2026-08-04 13:25:00.721998-07:00,16.932378341488977,-15.600185894248748,-3.937974615887102,-5.275603499964365,150.2187427040386
3065,2026-08-04 13:25:00.781849-07:00,16.94550986736283,-15.610185894248785,-3.9279746158870923,-5.295603499964274,150.28177561644515
3066,2026-08-04 13:25:00.841677-07:00,16.933981854681647,-15.600185894248748,-3.91797461588711,-5.295603499964274,150.26063684039212
3067,2026-08-04 13:25:00.901517-07:00,16.9594265428391,-15.580185894248782,-3.8879746158871074,-5.455603499964434,150.20785475411745
3068,2026-08-04 13:25:00.961356-07:00,16.962699743165754,-15.590185894248766,-3.91797461588711,-5.415603499964394,150.24964649909788
3069,2026-08-04 13:25:01.021195-07:00,16.971891064188455,-15.600185894248748,-3.91797461588711,-5.415603499964394,150.23887182472217
3070,2026-08-04 13:25:01.081035-07:00,16.972872162521735,-15.60028579498496,-3.9079731015976007,-5.425607689216516,150.23840302380137
3071,2026-08-04 13:25:01.140874-07:00,16.960485593744686,-15.590285794984975,-3.9079731015976007,-5.415607689216451,150.25706609092467
3072,2026-08-04 13:25:01.185753-07:00,16.960485593744686,-15.590285794984975,-3.9079731015976007,-5.415607689216451,150.29685985622564
3073,2026-08-04 13:25:01.245593-07:00,16.96879561429647,-15.60028579498496,-3.9179731015976103,-5.405607689216385,150.24171945161152
3074,2026-08-04 13:25:01.305433-07:00,16.96012797210461,-15.60028579498496,-3.9079731015976007,-5.385607689216254,150.26299410435354
3075,2026-08-04 13:25:01.350312-07:00,16.962239110787355,-15.600561766664661,-3.9193520486995315,-5.383187506892151,150.25402601431824
3076,2026-08-04 13:25:01.410153-07:00,16.969678172891793,-15.60028579498496,-3.9079731015976007,-5.415607689216451,150.24852003868867
3077,2026-08-04 13:25:01.469991-07:00,16.934773946249805,-15.540285794984982,-3.8979731015975903,-5.485607689216465,150.27645202859347
3078,2026-08-04 13:25:01.529829-07:00,16.9852234605099,-15.610289986595777,-3.9079445346362762,-5.435497406130363,150.2422256783067
3079,2026-08-04 13:25:01.589702-07:00,16.95029483281591,-15.570289986595737,-3.8879445346362838,-5.455497406130272,150.28809709490818
3080,2026-08-04 13:25:01.634550-07:00,16.94249382331056,-15.560289986595755,-3.9079445346362762,-5.445497406130206,150.22307126339336
3081,2026-08-04 13:25:01.694424-07:00,16.915451622654267,-15.52028998659577,-3.9079445346362762,-5.475497406130181,150.24768505620946
3082,2026-08-04 13:25:01.754252-07:00,16.881632490742977,-15.470293663447348,-3.917919475898257,-5.505400666580673,150.24731177706715
3083,2026-08-04 13:25:01.799877-07:00,16.821534370750765,-15.39028947183657,-3.917948042859609,-5.545510949667154,150.2639090332185
3087,2026-08-04 13:25:02.040248-07:00,16.647832339374975,-15.181021388085108,-3.834280174031396,-5.655546548431145,150.25977812978036
3089,2026-08-04 13:25:02.160388-07:00,16.80079738522078,-15.316017357804384,-3.7531022603951856,-5.796604911298742,150.31859547915371
3090,2026-08-04 13:25:02.220227-07:00,16.87219961528216,-15.35058926713001,-3.698418293622052,-5.945774225044387,150.25434813473802
3092,2026-08-04 13:25:02.339905-07:00,16.96364888987825,-15.322747215267023,-3.6132246206385386,-6.3184973907493,150.16669537719852
3093,2026-08-04 13:25:02.399747-07:00,17.06246859032226,-15.386293704341941,-3.5339191900819467,-6.473114829618876,150.1494568858104
3095,2026-08-04 13:25:02.519423-07:00,17.436941100556954,-15.621702514634183,-3.4154380663762307,-6.952992758755938,150.24175314615962
3096,2026-08-04 13:25:02.579291-07:00,17.527019749326566,-15.646412703687302,-3.330211810811834,-7.162114219579685,150.27422201110653
3097,2026-08-04 13:25:02.639132-07:00,17.63021321403548,-15.633279684589246,-3.2680297531127165,-7.466255139528144,150.18573164226427
3100,2026-08-04 13:25:02.803661-07:00,18.074345515385453,-15.690401570461503,-2.9888894451108037,-8.459302823052184,150.05940472978145
3101,2026-08-04 13:25:02.848540-07:00,18.284199244412548,-15.82756788275541,-2.9313008046291666,-8.672226502976388,150.1886152470444
3103,2026-08-04 13:25:02.968219-07:00,18.606304620219657,-16.063624359305667,-2.802800754625218,-8.96096267113089,150.31818275879323
3104,2026-08-04 13:25:03.028058-07:00,18.623315113088875,-15.92868033619621,-2.7643486713710974,-9.244640878464105,150.1925392173264
3108,2026-08-04 13:25:03.252457-07:00,19.07407545522045,-15.985219933487366,-2.5680986457005672,-10.08454101560563,150.22220873203807
3109,2026-08-04 13:25:03.297337-07:00,19.13306966651164,-15.952856404924527,-2.5362313499362465,-10.254182460198713,150.2183690268298
3110,2026-08-04 13:25:03.357176-07:00,19.335151108622853,-16.151113351640685,-2.457214574910105,-10.34174561805612,150.40998412393634
3112,2026-08-04 13:25:03.476857-07:00,19.395881536469215,-16.13663977292562,-2.4330716466761935,-10.482806865421246,150.31244633725885
3113,2026-08-04 13:25:03.537201-07:00,19.422817764421435,-16.098490181719022,-2.4031900486217173,-10.597600736450996,150.33067117455857
3114,2026-08-04 13:25:03.582081-07:00,19.500012266387188,-16.15482733030829,-2.3978512583724965,-10.654686370789923,150.36737180383804
3115,2026-08-04 13:25:03.641920-07:00,19.53864919924815,-16.16255536269634,-2.435839067568668,-10.705013064726376,150.3378511577755
3116,2026-08-04 13:25:03.701761-07:00,19.648368218775566,-16.35310814855681,-2.4859024005269292,-10.604457402302536,150.33225648623545
3117,2026-08-04 13:25:03.761599-07:00,19.626048247284128,-16.323359617611388,-2.5155821559868508,-10.60195958374388,150.31970233685527
3119,2026-08-04 13:25:03.881278-07:00,19.625556183890637,-16.30302848778878,-2.5154619567497036,-10.632317188531415,150.30004726082342
3120,2026-08-04 13:25:03.941117-07:00,19.658350826552354,-16.39259304417548,-2.5255220636080935,-10.552506281167995,150.3267325609824
3121,2026-08-04 13:25:04.000957-07:00,19.589621324943437,-16.221821985058003,-2.5455817354036734,-10.682966290695983,150.33749263277977
3127,2026-08-04 13:25:04.330072-07:00,19.502045007668716,-16.16125927281789,-2.235366973496217,-10.683940878332132,150.31962612082341
3128,2026-08-04 13:25:04.389912-07:00,19.499961362193634,-16.180904226175546,-2.205713791063796,-10.656531247187795,150.31662751577224
3134,2026-08-04 13:25:04.733988-07:00,19.042232978550835,-16.13120525373754,0.06483771457929666,-10.118628856814915,150.31100197326947
3135,2026-08-04 13:25:04.778868-07:00,19.041595589121716,-16.04110248625415,2.734946549502043,-9.88865314269427,150.30444244919224
3136,2026-08-04 13:25:04.838707-07:00,19.752933359891216,-15.961102486254152,6.354946549502055,-9.748653142694463,150.27503746738756
3137,2026-08-04 13:25:04.898546-07:00,19.406169029621495,-15.957377317426191,0.5804673089928047,-11.028352699234967,150.3455097058958
3142,2026-08-04 13:25:05.184169-07:00,22.41360136531697,-15.482044158245973,2.7834490682231983,-15.966472563784029,150.34525724606988
3143,2026-08-04 13:25:05.229553-07:00,25.98473716999528,-15.312044158245941,3.9634490682232126,-20.616472563784072,150.3297535992043
3144,2026-08-04 13:25:05.289392-07:00,30.360781744264273,-15.032044158245938,4.753449068223226,-25.946472563784127,150.4001545654833
3145,2026-08-04 13:25:05.349737-07:00,35.46186606234999,-14.822044158245951,4.863449068223169,-31.846472563784147,150.4095241355815
3146,2026-08-04 13:25:05.394616-07:00,19.698263839654533,-15.716559957691,-0.3942658733641635,-11.868272655026324,150.32749175191103
3147,2026-08-04 13:25:05.454456-07:00,28.36715541377147,-15.2564600569548,-1.1342673876536535,-23.88826846577441,150.39046656815424
3148,2026-08-04 13:25:05.514295-07:00,33.01639914735748,-15.056559957691007,-1.214265873364151,-29.35827265502633,150.40106194320117
3149,2026-08-04 13:25:05.574134-07:00,37.71576082903657,-14.8664600569548,-1.744267387653653,-34.618268465774314,150.4124828117348
3150,2026-08-04 13:25:05.633974-07:00,20.202789327333047,-15.879556446271314,-2.78470144932208,-12.175295541071218,150.35868192105818
3151,2026-08-04 13:25:05.678853-07:00,24.400212877850386,-15.749456545535113,-5.694702963611576,-17.745291351819237,150.41418565274284
3153,2026-08-04 13:25:05.798532-07:00,36.878205062027135,-15.63933479023344,-15.24475831560096,-29.71549359870762,150.50701059047594
3155,2026-08-04 13:25:05.918211-07:00,26.16021499011783,-16.245357640617296,-8.99407693950871,-18.42693092904568,150.39583132054662
3156,2026-08-04 13:25:05.963089-07:00,31.872733411850934,-16.15535764061729,-13.144076939508697,-24.12693092904572,150.37587676213502
3157,2026-08-04 13:25:06.022929-07:00,36.107059669719135,-16.01535764061729,-15.464076939508715,-28.42693092904569,150.4411213997286
3158,2026-08-04 13:25:06.082769-07:00,38.541596092803985,-15.875475719067362,-15.994046646257365,-31.266825421706777,150.4124368261611
3160,2026-08-04 13:25:06.187487-07:00,19.103739099811616,-16.4619327696916,0.6960864518864573,-9.6681477404581,150.1740313309501
3161,2026-08-04 13:25:06.247842-07:00,18.827481631033848,-16.382061157393156,3.726091898400341,-8.498139559163675,150.11540283069886
3166,2026-08-04 13:25:06.532070-07:00,27.377758232833653,-15.941402133259396,22.24255109543788,-0.8259931283243205,149.90702545616801
3167,2026-08-04 13:25:06.591909-07:00,31.402999716969756,-15.861384765649882,27.102657724426244,0.10396543950252912,149.7136724891827
3168,2026-08-04 13:25:06.651749-07:00,19.730000670977486,-15.764716660345208,-1.3283035081848582,-11.789073113945392,150.2612675702738
3170,2026-08-04 13:25:06.771456-07:00,24.629380107387966,-15.814552212561034,-7.878234612895496,-17.159245967540482,150.19185952215832
3171,2026-08-04 13:25:06.831773-07:00,30.110874013969287,-15.92455221256106,-14.57823461289548,-20.989245967540704,150.20441200264892
3173,2026-08-04 13:25:06.951451-07:00,22.235815364501452,-16.887253130540348,-7.7598837791929,-12.208045312934956,150.40174456839637
3174,2026-08-04 13:25:07.011290-07:00,20.775937930871347,-15.898311818167976,-5.259914764792095,-12.297014877881596,150.4212144250407
3175,2026-08-04 13:25:07.071130-07:00,22.233931858928834,-16.678755645002873,-8.059797524011037,-12.296605219072498,150.41313790398573
3180,2026-08-04 13:25:07.355367-07:00,19.005495318821552,-16.806938961507452,0.2849463207089675,-8.86873500856944,150.33666754095398
3181,2026-08-04 13:25:07.415206-07:00,18.997783913463284,-16.90693896150744,0.784946320708968,-8.628735008569421,150.37654461662476
3182,2026-08-04 13:25:07.460107-07:00,18.820585408192418,-16.646953462369744,0.6149500409328157,-8.758722051527723,150.37612131008882
3187,2026-08-04 13:25:07.744322-07:00,18.899285429442106,-16.74676434732386,0.6428706436073517,-8.73587951921917,150.36507088929653
3188,2026-08-04 13:25:07.804162-07:00,18.951191186339233,-16.756760155713064,0.5328420766460007,-8.835989802305377,150.39486119486352
3189,2026-08-04 13:25:07.863859-07:00,18.937127190759323,-16.816756478861492,0.6028170179079306,-8.686086541854543,150.35671935413802
3190,2026-08-04 13:25:07.923699-07:00,18.823781253610495,-16.656542691286024,0.6328137773284892,-8.746077576855082,150.37059306944118
3191,2026-08-04 13:25:07.983539-07:00,18.989642677476777,-16.84654269128602,0.36281377732849673,-8.756077576855148,150.34164758489962
3192,2026-08-04 13:25:08.028418-07:00,18.96997255058521,-16.786538499675206,0.4127852103671392,-8.826187859941603,150.40012204263434
3193,2026-08-04 13:25:08.088257-07:00,18.903518147194998,-16.71653849967522,0.5927852103671527,-8.80618785994125,150.36752908941017
3194,2026-08-04 13:25:08.148760-07:00,18.85381094577827,-16.67643492208748,0.5827586373396421,-8.77628041023848,150.35244754918318
3195,2026-08-04 13:25:08.193638-07:00,18.85524062573274,-16.61621694290119,0.31272682979877064,-8.906381728325474,150.3594008020124
3200,2026-08-04 13:25:08.494474-07:00,19.082629543306975,-16.50058039792296,1.9177538479229206,-9.391475762495993,150.37059852931776
3201,2026-08-04 13:25:08.554313-07:00,21.860313417870703,-16.25058039792296,11.147753847922937,-9.461475762496008,150.1313999662069
3202,2026-08-04 13:25:08.614184-07:00,25.886046452971563,-16.090580397922967,17.47775384792294,-10.28147576249605,149.96212348392666
3204,2026-08-04 13:25:08.718872-07:00,22.485674563433644,-15.92538563423085,8.594510423893475,-13.346237055712251,150.1659154599159
3205,2026-08-04 13:25:08.778711-07:00,24.277331519683823,-15.91538563423081,10.284510423893444,-15.176237055712472,150.01502073715193
3206,2026-08-04 13:25:08.838550-07:00,25.476893760797395,-15.865385634230844,9.944510423893494,-17.276237055712464,150.0255840070742
3207,2026-08-04 13:25:08.898389-07:00,19.136336286025116,-16.3619234997546,0.45721748376231774,-9.913514917150312,150.38880236477596
3208,2026-08-04 13:25:08.943270-07:00,20.489149442313128,-16.301923499754594,-1.912782516237721,-12.263514917150165,150.42301053599232
3209,2026-08-04 13:25:09.003110-07:00,24.76036962441827,-16.24192349975459,-5.492782516237693,-17.863514917150212,150.3034337821942
3210,2026-08-04 13:25:09.062947-07:00,27.251881620024253,-16.071923499754615,-5.562782516237707,-21.293514917150034,150.1966391559705
3211,2026-08-04 13:25:09.122787-07:00,18.800221254172502,-16.142168715775256,0.1667234015797492,-9.635917790467685,150.37221692542565
3212,2026-08-04 13:25:09.182628-07:00,21.23350642440096,-15.922168715775259,2.5967234015797924,-13.805917790467692,150.2919793666157
3213,2026-08-04 13:25:09.242465-07:00,24.713488862809545,-15.68216871577527,5.61672340157976,-18.255917790467755,150.18710737270243
3214,2026-08-04 13:25:09.302305-07:00,32.75605564681419,-15.222168715775252,9.666723401579757,-27.345917790467578,150.0200155743562
3215,2026-08-04 13:25:09.362144-07:00,36.58980009130206,-15.132168715775245,9.616723401579764,-31.89591779046763,149.9466312874271
3216,2026-08-04 13:25:09.421983-07:00,22.211579872638257,-16.146361250235273,-4.23260704987255,-14.653816444082368,150.3673897699174
3217,2026-08-04 13:25:09.481823-07:00,26.100083878168284,-16.126361250235256,-7.572607049872615,-19.07381644408246,150.36467930494916
3218,2026-08-04 13:25:09.526702-07:00,30.684859782184386,-16.05636125023527,-11.702607049872583,-23.38381644408227,150.38333824521948
3219,2026-08-04 13:25:09.586542-07:00,35.57130652859734,-16.06636125023525,-15.972607049872579,-27.42381644408254,150.35457398646503
3220,2026-08-04 13:25:09.646381-07:00,19.072316817472224,-17.0244464247776,0.43311919253929965,-8.586844617259892,150.37819186629181
3221,2026-08-04 13:25:09.691260-07:00,21.247914321314525,-17.00444642477758,-4.636880807460719,-11.866844617260064,150.39497014215374
3222,2026-08-04 13:25:09.751454-07:00,28.368904107973687,-17.074446424777566,-14.806880807460704,-17.146844617260015,150.39426578485643
3223,2026-08-04 13:25:09.811292-07:00,32.72942781142701,-17.264446424777564,-20.086880807460712,-19.2268446172601,150.3989022495155
3224,2026-08-04 13:25:09.871397-07:00,37.46042793834265,-17.324446424777566,-25.586880807460687,-21.176844617259995,150.4438648451166
3225,2026-08-04 13:25:09.931237-07:00,21.48762416525715,-17.29595974707751,-6.528293128634399,-10.952130273213623,150.35996886751707
3226,2026-08-04 13:25:09.976456-07:00,24.361881670058008,-17.365959747077497,-11.438293128634397,-12.692130273213698,150.430803778595
3227,2026-08-04 13:25:10.036332-07:00,27.521231508041925,-17.445959747077524,-15.818293128634393,-14.242130273213638,150.56521314067433
3228,2026-08-04 13:25:10.096135-07:00,30.58931070113961,-17.52595974707752,-19.648293128634393,-15.57213027321347,150.699640654968
3229,2026-08-04 13:25:10.141016-07:00,19.61168131023218,-17.590553630673135,-0.23984299374996132,-8.667926056380004,150.6332113657356
3230,2026-08-04 13:25:10.200854-07:00,20.887723919433437,-17.720553630673123,-4.369842993749956,-10.157926056379996,150.8038880241277
3231,2026-08-04 13:25:10.260694-07:00,21.434212219497397,-17.800553630673093,-5.77984299374995,-10.447926056379897,150.75920909767405
3232,2026-08-04 13:25:10.320534-07:00,22.112582372975027,-17.900553630673137,-7.6098429937499485,-10.517926056379912,150.7899747459077
3234,2026-08-04 13:25:10.425253-07:00,19.96673566632037,-18.03480689797435,-1.426367679424806,-8.448772015185346,150.7725297859466
3235,2026-08-04 13:25:10.485092-07:00,19.970802798103843,-17.98480689797438,-1.6763676794248061,-8.51877201518536,150.79156058974826
3236,2026-08-04 13:25:10.544930-07:00,19.96933363953191,-18.024806897974365,-1.5263676794248227,-8.458772015185412,150.78204459255602
3237,2026-08-04 13:25:10.589809-07:00,19.962610434350097,-18.004806897974373,-1.6163676794248016,-8.468772015185477,150.7666316902613
3238,2026-08-04 13:25:10.649651-07:00,20.23819770014407,-18.30452895934348,-1.562127668847113,-8.490501921140758,150.76301617098656
3239,2026-08-04 13:25:10.709488-07:00,20.205806703747804,-18.274528959343478,-1.6021276688471253,-8.47050192114085,150.75350374874202
3240,2026-08-04 13:25:10.769327-07:00,20.207448201726052,-18.2945289593435,-1.5521276688471308,-8.440501921140875,150.74438446496757
